stationSlug	stationName	programId	title	sequenceIndex	estimatedStartOffsetSeconds	durationSeconds	audioUrl	streamUrl	rightsStatus	releaseAllowed
sanatan-devotional	Sanatan & Devotional	sanatan-devotional-2bfbe15e-ac6a-487e-94bd-f535bdbe9f7a	हनु मूड खाने	1	0	161	/radio-html/assets/audio/2bfbe15e-ac6a-487e-94bd-f535bdbe9f7a.mp3	NULL	NULL	false
sanatan-devotional	Sanatan & Devotional	sanatan-devotional-75291d2d-784d-46f7-8c5a-774e99eb3e3e	हनु मूड खाने	2	161	181	/radio-html/assets/audio/75291d2d-784d-46f7-8c5a-774e99eb3e3e.mp3	NULL	NULL	false
sanatan-devotional	Sanatan & Devotional	sanatan-devotional-01e30f52-01cf-403d-af40-041dac751bd0	स्वरभानु माँ सिखाए	3	342	180	/radio-html/assets/audio/01e30f52-01cf-403d-af40-041dac751bd0.mp3	NULL	NULL	false
sanatan-devotional	Sanatan & Devotional	sanatan-devotional-4ddbdc9c-240c-4e5d-8b50-ee61576d136e	स्वरभानु माँ सिखाए	4	522	184	/radio-html/assets/audio/4ddbdc9c-240c-4e5d-8b50-ee61576d136e.mp3	NULL	NULL	false
sanatan-devotional	Sanatan & Devotional	sanatan-devotional-1bb556f0-a4fb-4994-9096-3ab4f66de0b8	हनुमान-अनुमान छट	5	706	245	/radio-html/assets/audio/1bb556f0-a4fb-4994-9096-3ab4f66de0b8.mp3	NULL	NULL	false
sanatan-devotional	Sanatan & Devotional	sanatan-devotional-d5f6d9bc-5c76-48d6-859d-957ef84f79b3	हनुमान-अनुमान छट	6	951	237	/radio-html/assets/audio/d5f6d9bc-5c76-48d6-859d-957ef84f79b3.mp3	NULL	NULL	false
sanatan-devotional	Sanatan & Devotional	sanatan-devotional-ada89c81-d8fa-4ec0-9938-d9435397b7cd	३३-डिजिट नियॉन	7	1188	198	/radio-html/assets/audio/ada89c81-d8fa-4ec0-9938-d9435397b7cd.mp3	NULL	NULL	false
sanatan-devotional	Sanatan & Devotional	sanatan-devotional-0691bbaf-1f16-453a-9c00-0eecd71d1e14	३३-डिजिट नियॉन	8	1386	194	/radio-html/assets/audio/0691bbaf-1f16-453a-9c00-0eecd71d1e14.mp3	NULL	NULL	false
sanatan-devotional	Sanatan & Devotional	sanatan-devotional-a24721b3-51c9-48b8-997b-0aab5ae3f158	ह्-हनु अनुमान	9	1580	33	/radio-html/assets/audio/a24721b3-51c9-48b8-997b-0aab5ae3f158.mp3	NULL	NULL	false
sanatan-devotional	Sanatan & Devotional	sanatan-devotional-39c60af7-873d-464c-ab83-86a116aa3a19	ह्-हनु अनुमान	10	1613	22	/radio-html/assets/audio/39c60af7-873d-464c-ab83-86a116aa3a19.mp3	NULL	NULL	false
sanatan-devotional	Sanatan & Devotional	sanatan-devotional-31cd60d6-6b7d-4e15-9847-9c3866d60440	चक्र-इंजन शंखनाद	11	1635	217	/radio-html/assets/audio/31cd60d6-6b7d-4e15-9847-9c3866d60440.mp3	NULL	NULL	false
sanatan-devotional	Sanatan & Devotional	sanatan-devotional-83db2f7e-ae48-418d-9587-c807af8e24e3	चक्र-इंजन शंखनाद	12	1852	188	/radio-html/assets/audio/83db2f7e-ae48-418d-9587-c807af8e24e3.mp3	NULL	NULL	false
sanatan-devotional	Sanatan & Devotional	sanatan-devotional-d85bffd9-6420-4844-bef4-34a1ed0cfffd	काली कलम	13	2040	359	/radio-html/assets/audio/d85bffd9-6420-4844-bef4-34a1ed0cfffd.mp3	NULL	NULL	false
sanatan-devotional	Sanatan & Devotional	sanatan-devotional-2cba3a04-39a7-4cb7-8c74-33800f3a25d7	काली कलम	14	2399	328	/radio-html/assets/audio/2cba3a04-39a7-4cb7-8c74-33800f3a25d7.mp3	NULL	NULL	false
sanatan-devotional	Sanatan & Devotional	sanatan-devotional-3c08a390-57b0-4deb-b710-ffd81cd63cec	Ka Kau Question	15	2727	337	/radio-html/assets/audio/3c08a390-57b0-4deb-b710-ffd81cd63cec.mp3	NULL	NULL	false
sanatan-devotional	Sanatan & Devotional	sanatan-devotional-c086c759-c522-42a2-9718-bf85eb3d3dc7	Ka Kau Question	16	3064	347	/radio-html/assets/audio/c086c759-c522-42a2-9718-bf85eb3d3dc7.mp3	NULL	NULL	false
sanatan-devotional	Sanatan & Devotional	sanatan-devotional-61a1c2e8-6e9b-4636-b976-9c0a3c82cc60	राजधर्म चक्र	17	3411	213	/radio-html/assets/audio/61a1c2e8-6e9b-4636-b976-9c0a3c82cc60.mp3	NULL	NULL	false
sanatan-devotional	Sanatan & Devotional	sanatan-devotional-2ed5e119-5a3e-4f8f-9802-0b0a921375b4	राजधर्म चक्र	18	3624	227	/radio-html/assets/audio/2ed5e119-5a3e-4f8f-9802-0b0a921375b4.mp3	NULL	NULL	false
sanatan-devotional	Sanatan & Devotional	sanatan-devotional-5791e93b-a997-4765-b8d1-c0fcbb88c384	संप्रभुता का डंका	19	3851	258	/radio-html/assets/audio/5791e93b-a997-4765-b8d1-c0fcbb88c384.mp3	NULL	NULL	false
sanatan-devotional	Sanatan & Devotional	sanatan-devotional-f9f70b24-e62f-40a2-b42f-f3a0ba272777	संप्रभुता का डंका	20	4109	233	/radio-html/assets/audio/f9f70b24-e62f-40a2-b42f-f3a0ba272777.mp3	NULL	NULL	false
sanatan-devotional	Sanatan & Devotional	sanatan-devotional-c7fabad5-bd6d-4a60-b985-ad0aae6819c3	चणक्य चांदी	21	4342	220	/radio-html/assets/audio/c7fabad5-bd6d-4a60-b985-ad0aae6819c3.mp3	NULL	NULL	false
sanatan-devotional	Sanatan & Devotional	sanatan-devotional-fc641c78-b723-4744-a9f0-93ca40542e4f	चणक्य चांदी	22	4562	226	/radio-html/assets/audio/fc641c78-b723-4744-a9f0-93ca40542e4f.mp3	NULL	NULL	false
sanatan-devotional	Sanatan & Devotional	sanatan-devotional-2b968ed3-b8ee-44e4-ad96-e3da7d583ae0	डिजिटल गुरुकुल	23	4788	233	/radio-html/assets/audio/2b968ed3-b8ee-44e4-ad96-e3da7d583ae0.mp3	NULL	NULL	false
sanatan-devotional	Sanatan & Devotional	sanatan-devotional-da33361a-8617-4815-b444-dd6d95f00bca	डिजिटल गुरुकुल	24	5021	219	/radio-html/assets/audio/da33361a-8617-4815-b444-dd6d95f00bca.mp3	NULL	NULL	false
sanatan-devotional	Sanatan & Devotional	sanatan-devotional-f31751f4-ec55-4c42-a423-07f42895a464	लिटमस परिपथ	25	5240	125	/radio-html/assets/audio/f31751f4-ec55-4c42-a423-07f42895a464.mp3	NULL	NULL	false
sanatan-devotional	Sanatan & Devotional	sanatan-devotional-05bb41b7-0a36-4c99-a245-d5d727f902c3	लिटमस परिपथ	26	5365	92	/radio-html/assets/audio/05bb41b7-0a36-4c99-a245-d5d727f902c3.mp3	NULL	NULL	false
sanatan-devotional	Sanatan & Devotional	sanatan-devotional-cc265065-cce9-480d-8e32-6f6530047d9b	Shankhnaad Cowbell Drop	27	5457	201	/radio-html/assets/audio/cc265065-cce9-480d-8e32-6f6530047d9b.mp3	NULL	NULL	false
sanatan-devotional	Sanatan & Devotional	sanatan-devotional-28ed327a-4860-4957-a494-fcd59d36bcd9	Shankhnaad Cowbell Drop	28	5658	174	/radio-html/assets/audio/28ed327a-4860-4957-a494-fcd59d36bcd9.mp3	NULL	NULL	false
sanatan-devotional	Sanatan & Devotional	sanatan-devotional-e038f00c-f649-44ca-8cc5-f2110a995703	कोष्ठक शंखनाद	29	5832	69	/radio-html/assets/audio/e038f00c-f649-44ca-8cc5-f2110a995703.mp3	NULL	NULL	false
sanatan-devotional	Sanatan & Devotional	sanatan-devotional-bc9e8406-4ced-4d22-a476-896c9d6b31e3	कोष्ठक शंखनाद	30	5901	186	/radio-html/assets/audio/bc9e8406-4ced-4d22-a476-896c9d6b31e3.mp3	NULL	NULL	false
sanatan-devotional	Sanatan & Devotional	sanatan-devotional-ee8190df-8ed5-4fd2-b83e-f6908dad6089	तेईस दशमलव पाँच	31	6087	295	/radio-html/assets/audio/ee8190df-8ed5-4fd2-b83e-f6908dad6089.mp3	NULL	NULL	false
sanatan-devotional	Sanatan & Devotional	sanatan-devotional-5430725d-e817-463d-8233-7d08e6bb2a8c	तेईस दशमलव पाँच	32	6382	322	/radio-html/assets/audio/5430725d-e817-463d-8233-7d08e6bb2a8c.mp3	NULL	NULL	false
sanatan-devotional	Sanatan & Devotional	sanatan-devotional-7136ecc0-1cde-4b63-93df-1bd8100300b5	शंखनाद बाइनरी	33	6704	216	/radio-html/assets/audio/7136ecc0-1cde-4b63-93df-1bd8100300b5.mp3	NULL	NULL	false
sanatan-devotional	Sanatan & Devotional	sanatan-devotional-7ad70850-e3ae-4d26-b0e9-05197e2cb4f9	शंखनाद बाइनरी	34	6920	197	/radio-html/assets/audio/7ad70850-e3ae-4d26-b0e9-05197e2cb4f9.mp3	NULL	NULL	false
sanatan-devotional	Sanatan & Devotional	sanatan-devotional-f6051273-d0f3-41f7-b3fe-3b657023d007	पिंगल-बाइनरी ट्राम	35	7117	226	/radio-html/assets/audio/f6051273-d0f3-41f7-b3fe-3b657023d007.mp3	NULL	NULL	false
sanatan-devotional	Sanatan & Devotional	sanatan-devotional-ccd4fdeb-6879-4797-ae1f-f37fe6330b64	पिंगल-बाइनरी ट्राम	36	7343	207	/radio-html/assets/audio/ccd4fdeb-6879-4797-ae1f-f37fe6330b64.mp3	NULL	NULL	false
sanatan-devotional	Sanatan & Devotional	sanatan-devotional-289f8c8d-4172-4b06-aa7f-5a73fd559b01	कोर लॉग्स लाइव	37	7550	257	/radio-html/assets/audio/289f8c8d-4172-4b06-aa7f-5a73fd559b01.mp3	NULL	NULL	false
sanatan-devotional	Sanatan & Devotional	sanatan-devotional-ac3bbd7c-13ce-4c58-8852-a3ba11cf9d62	कोर लॉग्स लाइव	38	7807	217	/radio-html/assets/audio/ac3bbd7c-13ce-4c58-8852-a3ba11cf9d62.mp3	NULL	NULL	false
sanatan-devotional	Sanatan & Devotional	sanatan-devotional-04511a31-131b-44c4-a3a6-d3daa32e8026	बम बाबा बम भोला	39	8024	205	/radio-html/assets/audio/04511a31-131b-44c4-a3a6-d3daa32e8026.mp3	NULL	NULL	false
sanatan-devotional	Sanatan & Devotional	sanatan-devotional-00702de5-9189-4230-8040-d9c213a28c7c	बम बाबा बम भोला	40	8229	217	/radio-html/assets/audio/00702de5-9189-4230-8040-d9c213a28c7c.mp3	NULL	NULL	false
sanatan-devotional	Sanatan & Devotional	sanatan-devotional-5ca9eaf3-f217-487c-b700-28362ca02ec0	बम भोला चोला	41	8446	207	/radio-html/assets/audio/5ca9eaf3-f217-487c-b700-28362ca02ec0.mp3	NULL	NULL	false
sanatan-devotional	Sanatan & Devotional	sanatan-devotional-c43bb926-b90b-41ce-b1ca-1079d49eb675	बम भोला चोला	42	8653	196	/radio-html/assets/audio/c43bb926-b90b-41ce-b1ca-1079d49eb675.mp3	NULL	NULL	false
sanatan-devotional	Sanatan & Devotional	sanatan-devotional-b355bd3b-7913-40b5-8f0d-a482329e49b6	भगवा चोला बम	43	8849	202	/radio-html/assets/audio/b355bd3b-7913-40b5-8f0d-a482329e49b6.mp3	NULL	NULL	false
sanatan-devotional	Sanatan & Devotional	sanatan-devotional-67800d7d-2832-4abd-9273-de538c1471a0	भगवा चोला बम	44	9051	194	/radio-html/assets/audio/67800d7d-2832-4abd-9273-de538c1471a0.mp3	NULL	NULL	false
sanatan-devotional	Sanatan & Devotional	sanatan-devotional-f5f173d2-b941-4beb-8383-123e56486214	सिलेंस के पार	45	9245	238	/radio-html/assets/audio/f5f173d2-b941-4beb-8383-123e56486214.mp3	NULL	NULL	false
sanatan-devotional	Sanatan & Devotional	sanatan-devotional-a37f2f45-fd0e-4254-a6cc-1dd4376ceaa2	सिलेंस के पार	46	9483	239	/radio-html/assets/audio/a37f2f45-fd0e-4254-a6cc-1dd4376ceaa2.mp3	NULL	NULL	false
sanatan-devotional	Sanatan & Devotional	sanatan-devotional-4ee44646-3967-4f0a-bbae-22021f58063f	Tujh Par भरोसा	47	9722	479	/radio-html/assets/audio/4ee44646-3967-4f0a-bbae-22021f58063f.mp3	NULL	NULL	false
sanatan-devotional	Sanatan & Devotional	sanatan-devotional-31e87d44-ff07-4ab5-8a2d-4381d75a2b64	Tujh Par भरोसा	48	10201	267	/radio-html/assets/audio/31e87d44-ff07-4ab5-8a2d-4381d75a2b64.mp3	NULL	NULL	false
sanatan-devotional	Sanatan & Devotional	sanatan-devotional-dd450e4b-6a76-42d9-8a70-2e4a0244702d	बोटी-फुर्र अरदास	49	10468	221	/radio-html/assets/audio/dd450e4b-6a76-42d9-8a70-2e4a0244702d.mp3	NULL	NULL	false
sanatan-devotional	Sanatan & Devotional	sanatan-devotional-8bcb26e4-6909-4e70-9291-af3e5452bf87	बोटी-फुर्र अरदास	50	10689	213	/radio-html/assets/audio/8bcb26e4-6909-4e70-9291-af3e5452bf87.mp3	NULL	NULL	false
sanatan-devotional	Sanatan & Devotional	sanatan-devotional-97f6c423-1e8d-4dec-92a5-a11b38363ee4	माँ की ममता-8D	51	10902	261	/radio-html/assets/audio/97f6c423-1e8d-4dec-92a5-a11b38363ee4.mp3	NULL	NULL	false
sanatan-devotional	Sanatan & Devotional	sanatan-devotional-438a6526-4837-43f4-a7e5-50ae007fa00d	माँ की ममता-8D	52	11163	295	/radio-html/assets/audio/438a6526-4837-43f4-a7e5-50ae007fa00d.mp3	NULL	NULL	false
sanatan-devotional	Sanatan & Devotional	sanatan-devotional-cf6d9e3e-ae51-435d-895a-c4d7f95ebf4d	मिट्टी-तालि उछाल	53	11458	286	/radio-html/assets/audio/cf6d9e3e-ae51-435d-895a-c4d7f95ebf4d.mp3	NULL	NULL	false
sanatan-devotional	Sanatan & Devotional	sanatan-devotional-30275318-8155-4d3f-8d49-c49ddaf3e5c1	मिट्टी-तालि उछाल	54	11744	324	/radio-html/assets/audio/30275318-8155-4d3f-8d49-c49ddaf3e5c1.mp3	NULL	NULL	false
sanatan-devotional	Sanatan & Devotional	sanatan-devotional-d33be684-25d7-4e85-87ef-49230095291a	श्याम-धागो धरी	55	12068	153	/radio-html/assets/audio/d33be684-25d7-4e85-87ef-49230095291a.mp3	NULL	NULL	false
sanatan-devotional	Sanatan & Devotional	sanatan-devotional-0ad49695-99db-42e9-8a89-cc45b2f0875d	श्याम-धागो धरी	56	12221	154	/radio-html/assets/audio/0ad49695-99db-42e9-8a89-cc45b2f0875d.mp3	NULL	NULL	false
sanatan-devotional	Sanatan & Devotional	sanatan-devotional-819c6001-5eb8-472a-ae59-0a0ebab6a312	श्याम-धागो	57	12375	141	/radio-html/assets/audio/819c6001-5eb8-472a-ae59-0a0ebab6a312.mp3	NULL	NULL	false
sanatan-devotional	Sanatan & Devotional	sanatan-devotional-20d780b6-4235-4a2e-85ae-2221c73e89ef	श्याम-धागो	58	12516	148	/radio-html/assets/audio/20d780b6-4235-4a2e-85ae-2221c73e89ef.mp3	NULL	NULL	false
sanatan-devotional	Sanatan & Devotional	sanatan-devotional-36dbb97d-2e8b-4a53-bbec-f43d0afa75ad	बंसीधर का ताज	59	12664	285	/radio-html/assets/audio/36dbb97d-2e8b-4a53-bbec-f43d0afa75ad.mp3	NULL	NULL	false
sanatan-devotional	Sanatan & Devotional	sanatan-devotional-52095580-5eef-4721-9a8a-1f615159529c	बंसीधर का ताज	60	12949	267	/radio-html/assets/audio/52095580-5eef-4721-9a8a-1f615159529c.mp3	NULL	NULL	false
sanatan-devotional	Sanatan & Devotional	sanatan-devotional-b4c47e00-23e3-4b09-aafa-1ea1cb27d65c	तोरी बंसी तान	61	13216	269	/radio-html/assets/audio/b4c47e00-23e3-4b09-aafa-1ea1cb27d65c.mp3	NULL	NULL	false
sanatan-devotional	Sanatan & Devotional	sanatan-devotional-831ce982-3173-46ec-8fde-6f2a71f624d8	तोरी बंसी तान	62	13485	246	/radio-html/assets/audio/831ce982-3173-46ec-8fde-6f2a71f624d8.mp3	NULL	NULL	false
sanatan-devotional	Sanatan & Devotional	sanatan-devotional-24d21a4f-0895-4c56-aec7-a4bfa9864ef5	तोरी बंसीतरस	63	13731	263	/radio-html/assets/audio/24d21a4f-0895-4c56-aec7-a4bfa9864ef5.mp3	NULL	NULL	false
sanatan-devotional	Sanatan & Devotional	sanatan-devotional-0d0501a9-8f1f-4a21-98f0-69b8429600fd	तोरी बंसीतरस	64	13994	268	/radio-html/assets/audio/0d0501a9-8f1f-4a21-98f0-69b8429600fd.mp3	NULL	NULL	false
sanatan-devotional	Sanatan & Devotional	sanatan-devotional-9a2ad423-1f61-4b9b-896d-68cb77193f5c	बंसीधर-तोरि	65	14262	263	/radio-html/assets/audio/9a2ad423-1f61-4b9b-896d-68cb77193f5c.mp3	NULL	NULL	false
sanatan-devotional	Sanatan & Devotional	sanatan-devotional-86a31444-8c53-4fa0-aba2-cb6ca15aaa59	बंसीधर-तोरि	66	14525	238	/radio-html/assets/audio/86a31444-8c53-4fa0-aba2-cb6ca15aaa59.mp3	NULL	NULL	false
sanatan-devotional	Sanatan & Devotional	sanatan-devotional-8e2f8fd9-7f9d-4716-94c1-4bac528a767b	बंसी तान-तड़प	67	14763	252	/radio-html/assets/audio/8e2f8fd9-7f9d-4716-94c1-4bac528a767b.mp3	NULL	NULL	false
sanatan-devotional	Sanatan & Devotional	sanatan-devotional-c10e8a3e-5744-4640-aff1-e1378f937cc5	बंसी तान-तड़प	68	15015	243	/radio-html/assets/audio/c10e8a3e-5744-4640-aff1-e1378f937cc5.mp3	NULL	NULL	false
sanatan-devotional	Sanatan & Devotional	sanatan-devotional-40960b06-71f2-42db-a4f7-ca440d0a25be	बंसी की तान	69	15258	479	/radio-html/assets/audio/40960b06-71f2-42db-a4f7-ca440d0a25be.mp3	NULL	NULL	false
sanatan-devotional	Sanatan & Devotional	sanatan-devotional-2859728c-7217-4382-bc09-22ad41ee0de0	बंसी की तान	70	15737	479	/radio-html/assets/audio/2859728c-7217-4382-bc09-22ad41ee0de0.mp3	NULL	NULL	false
sanatan-devotional	Sanatan & Devotional	sanatan-devotional-9f8b0cb8-2b2d-47cb-8906-259a2f1e6144	महाराणा क़फ़िया	71	16216	228	/radio-html/assets/audio/9f8b0cb8-2b2d-47cb-8906-259a2f1e6144.mp3	NULL	NULL	false
sanatan-devotional	Sanatan & Devotional	sanatan-devotional-4cacd011-00d8-408e-97ef-d7bfb366b23e	महाराणा क़फ़िया	72	16444	212	/radio-html/assets/audio/4cacd011-00d8-408e-97ef-d7bfb366b23e.mp3	NULL	NULL	false
sanatan-devotional	Sanatan & Devotional	sanatan-devotional-45ebedf4-7d51-4716-a12b-764243daad4a	Din Mein Sarpanch	73	16656	37	/radio-html/assets/audio/45ebedf4-7d51-4716-a12b-764243daad4a.mp3	NULL	NULL	false
sanatan-devotional	Sanatan & Devotional	sanatan-devotional-c8598710-c924-4b3c-8e32-0a1fded87efb	Din Mein Sarpanch	74	16693	30	/radio-html/assets/audio/c8598710-c924-4b3c-8e32-0a1fded87efb.mp3	NULL	NULL	false
sanatan-devotional	Sanatan & Devotional	sanatan-devotional-b56bd6df-5167-43b3-b0a6-cf5f42c72589	मेट्रो दरवाज़े बंद x Animatrix लोडिंग (Mashup)	75	16723	226	/radio-html/assets/audio/b56bd6df-5167-43b3-b0a6-cf5f42c72589.mp3	NULL	NULL	false
sanatan-devotional	Sanatan & Devotional	sanatan-devotional-d0569990-a19a-4e68-b82b-1db44b271e2a	मेट्रो दरवाज़े बंद x Animatrix लोडिंग (Mashup)	76	16949	242	/radio-html/assets/audio/d0569990-a19a-4e68-b82b-1db44b271e2a.mp3	NULL	NULL	false
sanatan-devotional	Sanatan & Devotional	sanatan-devotional-803ae36b-ad83-4a45-9256-606bf42e2514	मेट्रो दरवाज़े बंद	77	17191	278	/radio-html/assets/audio/803ae36b-ad83-4a45-9256-606bf42e2514.mp3	NULL	NULL	false
sanatan-devotional	Sanatan & Devotional	sanatan-devotional-e48f5522-c4e9-43c9-8080-e6a097fa596c	मेट्रो दरवाज़े बंद	78	17469	274	/radio-html/assets/audio/e48f5522-c4e9-43c9-8080-e6a097fa596c.mp3	NULL	NULL	false
sanatan-devotional	Sanatan & Devotional	sanatan-devotional-40bc367c-0e8b-4773-800e-f68e8cf45f1e	Animatrix Loading	79	17743	252	/radio-html/assets/audio/40bc367c-0e8b-4773-800e-f68e8cf45f1e.mp3	NULL	NULL	false
sanatan-devotional	Sanatan & Devotional	sanatan-devotional-e4126f4b-d140-4061-9c2f-294733f12904	Animatrix Loading	80	17995	265	/radio-html/assets/audio/e4126f4b-d140-4061-9c2f-294733f12904.mp3	NULL	NULL	false
sanatan-devotional	Sanatan & Devotional	sanatan-devotional-47ed762a-d69b-40e3-8c6b-9feee3c9bd95	Animatrix लोड	81	18260	286	/radio-html/assets/audio/47ed762a-d69b-40e3-8c6b-9feee3c9bd95.mp3	NULL	NULL	false
sanatan-devotional	Sanatan & Devotional	sanatan-devotional-9aa4b117-b9b0-46de-9c7d-4e16fadb5159	Animatrix लोड	82	18546	268	/radio-html/assets/audio/9aa4b117-b9b0-46de-9c7d-4e16fadb5159.mp3	NULL	NULL	false
sanatan-devotional	Sanatan & Devotional	sanatan-devotional-ad88ec20-844d-47ac-ae8e-5634a628daee	धरती का नून	83	18814	319	/radio-html/assets/audio/ad88ec20-844d-47ac-ae8e-5634a628daee.mp3	NULL	NULL	false
sanatan-devotional	Sanatan & Devotional	sanatan-devotional-a5469ce5-e8c0-40f9-86c7-934fe766e66a	धरती का नून	84	19133	357	/radio-html/assets/audio/a5469ce5-e8c0-40f9-86c7-934fe766e66a.mp3	NULL	NULL	false
sanatan-devotional	Sanatan & Devotional	sanatan-devotional-a1faf499-0ae9-40d2-ac91-2d8e83b55f0c	Animatrix लोडिंग	85	19490	291	/radio-html/assets/audio/a1faf499-0ae9-40d2-ac91-2d8e83b55f0c.mp3	NULL	NULL	false
sanatan-devotional	Sanatan & Devotional	sanatan-devotional-c2da4a42-4081-4f8b-bcce-99e67d38740e	Animatrix लोडिंग	86	19781	284	/radio-html/assets/audio/c2da4a42-4081-4f8b-bcce-99e67d38740e.mp3	NULL	NULL	false
sanatan-devotional	Sanatan & Devotional	sanatan-devotional-b3e24cb5-dd86-475b-b84c-00356ec425f6	Animatrix Loading	87	20065	301	/radio-html/assets/audio/b3e24cb5-dd86-475b-b84c-00356ec425f6.mp3	NULL	NULL	false
sanatan-devotional	Sanatan & Devotional	sanatan-devotional-12168a29-23fd-464a-8f32-b552fd6e4571	Animatrix Loading	88	20366	279	/radio-html/assets/audio/12168a29-23fd-464a-8f32-b552fd6e4571.mp3	NULL	NULL	false
sanatan-devotional	Sanatan & Devotional	sanatan-devotional-eba6ef4c-4673-47d3-a972-ec071def7fc1	मेट्रो डिब्बा मोबाइल	89	20645	256	/radio-html/assets/audio/eba6ef4c-4673-47d3-a972-ec071def7fc1.mp3	NULL	NULL	false
sanatan-devotional	Sanatan & Devotional	sanatan-devotional-50efcdb2-3927-4d22-9dff-23ab30048e3e	मेट्रो डिब्बा मोबाइल	90	20901	274	/radio-html/assets/audio/50efcdb2-3927-4d22-9dff-23ab30048e3e.mp3	NULL	NULL	false
sanatan-devotional	Sanatan & Devotional	sanatan-devotional-bbdbe9f0-9175-4132-989e-36fbc9b6ea40	Animatrix Loading (Remastered)	91	21175	273	/radio-html/assets/audio/bbdbe9f0-9175-4132-989e-36fbc9b6ea40.mp3	NULL	NULL	false
sanatan-devotional	Sanatan & Devotional	sanatan-devotional-f4537e0d-1ee4-43aa-886c-096606a8877f	Animatrix Loading (Remastered)	92	21448	273	/radio-html/assets/audio/f4537e0d-1ee4-43aa-886c-096606a8877f.mp3	NULL	NULL	false
sanatan-devotional	Sanatan & Devotional	sanatan-devotional-55ff3fb9-78dd-47aa-954e-b679fb027780	Sanatan Data (Woodwinds)	93	21721	259	/radio-html/assets/audio/55ff3fb9-78dd-47aa-954e-b679fb027780.mp3	NULL	NULL	false
sanatan-devotional	Sanatan & Devotional	sanatan-devotional-6733d2a3-417b-48bc-860b-da829db4aea6	Sanatan Data (Brass)	94	21980	259	/radio-html/assets/audio/6733d2a3-417b-48bc-860b-da829db4aea6.mp3	NULL	NULL	false
sanatan-devotional	Sanatan & Devotional	sanatan-devotional-750b55e5-c14a-4830-b809-46c5c268bb10	Sanatan Data (FX)	95	22239	259	/radio-html/assets/audio/750b55e5-c14a-4830-b809-46c5c268bb10.mp3	NULL	NULL	false
sanatan-devotional	Sanatan & Devotional	sanatan-devotional-df9decba-6d7a-4b41-b934-ece15438bc04	Sanatan Data (Synth)	96	22498	259	/radio-html/assets/audio/df9decba-6d7a-4b41-b934-ece15438bc04.mp3	NULL	NULL	false
sanatan-devotional	Sanatan & Devotional	sanatan-devotional-4038805a-13f2-4ea4-8ebc-0aaf8b8d4a63	Sanatan Data (Strings)	97	22757	259	/radio-html/assets/audio/4038805a-13f2-4ea4-8ebc-0aaf8b8d4a63.mp3	NULL	NULL	false
sanatan-devotional	Sanatan & Devotional	sanatan-devotional-5b28d996-b797-44fd-84e6-91260239f99a	Sanatan Data (Percussion)	98	23016	259	/radio-html/assets/audio/5b28d996-b797-44fd-84e6-91260239f99a.mp3	NULL	NULL	false
sanatan-devotional	Sanatan & Devotional	sanatan-devotional-d52c5488-160e-4898-95b6-9aba85fc57b1	Sanatan Data (Keyboard)	99	23275	259	/radio-html/assets/audio/d52c5488-160e-4898-95b6-9aba85fc57b1.mp3	NULL	NULL	false
sanatan-devotional	Sanatan & Devotional	sanatan-devotional-06022320-56b7-4569-93f1-46ff24219ab6	Sanatan Data (Guitar)	100	23534	259	/radio-html/assets/audio/06022320-56b7-4569-93f1-46ff24219ab6.mp3	NULL	NULL	false
sanatan-devotional	Sanatan & Devotional	sanatan-devotional-b6eefd3b-f41e-41d8-9e90-857f3d92e322	Sanatan Data (Bass)	101	23793	259	/radio-html/assets/audio/b6eefd3b-f41e-41d8-9e90-857f3d92e322.mp3	NULL	NULL	false
sanatan-devotional	Sanatan & Devotional	sanatan-devotional-fcb87d9a-652c-460e-bc96-12071b018834	Sanatan Data (Drums)	102	24052	259	/radio-html/assets/audio/fcb87d9a-652c-460e-bc96-12071b018834.mp3	NULL	NULL	false
sanatan-devotional	Sanatan & Devotional	sanatan-devotional-2df22d4b-e5ef-452e-9aae-60e2c60cfbb4	Sanatan Data (Backing Vocals)	103	24311	259	/radio-html/assets/audio/2df22d4b-e5ef-452e-9aae-60e2c60cfbb4.mp3	NULL	NULL	false
sanatan-devotional	Sanatan & Devotional	sanatan-devotional-fad79731-3877-425f-a565-dc7a091f1209	Sanatan Data (Vocals)	104	24570	259	/radio-html/assets/audio/fad79731-3877-425f-a565-dc7a091f1209.mp3	NULL	NULL	false
sanatan-devotional	Sanatan & Devotional	sanatan-devotional-bff7af57-604d-4eb1-8620-88141375f222	Sanatan Data (Woodwinds)	105	24829	259	/radio-html/assets/audio/bff7af57-604d-4eb1-8620-88141375f222.mp3	NULL	NULL	false
sanatan-devotional	Sanatan & Devotional	sanatan-devotional-92163cc3-c08b-4c75-94ac-496254f1f521	Sanatan Data (Brass)	106	25088	259	/radio-html/assets/audio/92163cc3-c08b-4c75-94ac-496254f1f521.mp3	NULL	NULL	false
sanatan-devotional	Sanatan & Devotional	sanatan-devotional-fdc7c260-7895-4cf1-a49a-4c69b66d3ffd	Sanatan Data (FX)	107	25347	259	/radio-html/assets/audio/fdc7c260-7895-4cf1-a49a-4c69b66d3ffd.mp3	NULL	NULL	false
sanatan-devotional	Sanatan & Devotional	sanatan-devotional-3afc05ed-d817-4a5d-8bc7-283c5aabfd16	Sanatan Data (Synth)	108	25606	259	/radio-html/assets/audio/3afc05ed-d817-4a5d-8bc7-283c5aabfd16.mp3	NULL	NULL	false
sanatan-devotional	Sanatan & Devotional	sanatan-devotional-8fb6e001-23ae-46fd-864d-27f15ca9c8a9	Sanatan Data (Strings)	109	25865	259	/radio-html/assets/audio/8fb6e001-23ae-46fd-864d-27f15ca9c8a9.mp3	NULL	NULL	false
sanatan-devotional	Sanatan & Devotional	sanatan-devotional-c34d5864-b138-4724-8ce0-42b8df09bc20	Sanatan Data (Percussion)	110	26124	259	/radio-html/assets/audio/c34d5864-b138-4724-8ce0-42b8df09bc20.mp3	NULL	NULL	false
sanatan-devotional	Sanatan & Devotional	sanatan-devotional-30abfc96-11b2-4d86-b059-077e1cbd984c	Sanatan Data (Keyboard)	111	26383	259	/radio-html/assets/audio/30abfc96-11b2-4d86-b059-077e1cbd984c.mp3	NULL	NULL	false
sanatan-devotional	Sanatan & Devotional	sanatan-devotional-5c1e3da3-0ba0-4e42-ac96-403818537176	Sanatan Data (Guitar)	112	26642	259	/radio-html/assets/audio/5c1e3da3-0ba0-4e42-ac96-403818537176.mp3	NULL	NULL	false
sanatan-devotional	Sanatan & Devotional	sanatan-devotional-b20658c7-bce6-4c52-aa19-264349be1606	Sanatan Data (Bass)	113	26901	259	/radio-html/assets/audio/b20658c7-bce6-4c52-aa19-264349be1606.mp3	NULL	NULL	false
sanatan-devotional	Sanatan & Devotional	sanatan-devotional-a7d65933-ac13-4ad7-ab6a-5aa7d140a532	Sanatan Data (Drums)	114	27160	259	/radio-html/assets/audio/a7d65933-ac13-4ad7-ab6a-5aa7d140a532.mp3	NULL	NULL	false
sanatan-devotional	Sanatan & Devotional	sanatan-devotional-0e3e9b9c-f329-493b-a0a5-bc60ac1606d4	Sanatan Data (Backing Vocals)	115	27419	259	/radio-html/assets/audio/0e3e9b9c-f329-493b-a0a5-bc60ac1606d4.mp3	NULL	NULL	false
sanatan-devotional	Sanatan & Devotional	sanatan-devotional-ebd8e4bb-3d61-4661-89bf-5f04d9c473fe	Sanatan Data (Vocals)	116	27678	259	/radio-html/assets/audio/ebd8e4bb-3d61-4661-89bf-5f04d9c473fe.mp3	NULL	NULL	false
sanatan-devotional	Sanatan & Devotional	sanatan-devotional-3e849ef6-8f9e-467f-b6cd-23ece1febccc	Animatrix Loading	117	27937	273	/radio-html/assets/audio/3e849ef6-8f9e-467f-b6cd-23ece1febccc.mp3	NULL	NULL	false
sanatan-devotional	Sanatan & Devotional	sanatan-devotional-eb94acbb-29cd-4d8f-8cfd-bc1845d25b66	Animatrix Loading	118	28210	267	/radio-html/assets/audio/eb94acbb-29cd-4d8f-8cfd-bc1845d25b66.mp3	NULL	NULL	false
sanatan-devotional	Sanatan & Devotional	sanatan-devotional-3580b58a-f911-4e7a-a531-b00a0b28b285	Sanatan Data	119	28477	259	/radio-html/assets/audio/3580b58a-f911-4e7a-a531-b00a0b28b285.mp3	NULL	NULL	false
sanatan-devotional	Sanatan & Devotional	sanatan-devotional-3225dd25-cc33-46f2-a2ae-25251f5514bd	Sanatan Data	120	28736	479	/radio-html/assets/audio/3225dd25-cc33-46f2-a2ae-25251f5514bd.mp3	NULL	NULL	false
sanatan-devotional	Sanatan & Devotional	sanatan-devotional-2020dea5-b656-40ad-afab-e188b5b87eb4	Earth Station Static	121	29215	201	/radio-html/assets/audio/2020dea5-b656-40ad-afab-e188b5b87eb4.mp3	NULL	NULL	false
sanatan-devotional	Sanatan & Devotional	sanatan-devotional-0d8bd230-e8fb-40c1-bd65-a1d4ba490f2a	Earth Station Static	122	29416	227	/radio-html/assets/audio/0d8bd230-e8fb-40c1-bd65-a1d4ba490f2a.mp3	NULL	NULL	false
sanatan-devotional	Sanatan & Devotional	sanatan-devotional-376451ac-cca7-45f8-888b-707b3fce09ba	आंसू तौल-मोल	123	29643	143	/radio-html/assets/audio/376451ac-cca7-45f8-888b-707b3fce09ba.mp3	NULL	NULL	false
sanatan-devotional	Sanatan & Devotional	sanatan-devotional-dbccc64f-268b-4c67-b479-32878a298eab	आंसू तौल-मोल	124	29786	141	/radio-html/assets/audio/dbccc64f-268b-4c67-b479-32878a298eab.mp3	NULL	NULL	false
sanatan-devotional	Sanatan & Devotional	sanatan-devotional-2f8b76a0-2fea-4f3f-9f7f-09611a2f27d7	माटी घट-विक्री	125	29927	176	/radio-html/assets/audio/2f8b76a0-2fea-4f3f-9f7f-09611a2f27d7.mp3	NULL	NULL	false
sanatan-devotional	Sanatan & Devotional	sanatan-devotional-134c2704-6219-40e0-ac0d-cb7ea6ad4857	माटी घट-विक्री	126	30103	194	/radio-html/assets/audio/134c2704-6219-40e0-ac0d-cb7ea6ad4857.mp3	NULL	NULL	false
sanatan-devotional	Sanatan & Devotional	sanatan-devotional-e7929024-f570-473c-9c81-bd82372023c1	कबीरा नमक मंडी	127	30297	187	/radio-html/assets/audio/e7929024-f570-473c-9c81-bd82372023c1.mp3	NULL	NULL	false
sanatan-devotional	Sanatan & Devotional	sanatan-devotional-cd4e2b2c-3363-4c01-81bd-4482ad356954	कबीरा नमक मंडी	128	30484	166	/radio-html/assets/audio/cd4e2b2c-3363-4c01-81bd-4482ad356954.mp3	NULL	NULL	false
sanatan-devotional	Sanatan & Devotional	sanatan-devotional-5b609e38-5b63-4174-ab7f-05565cfb36bd	Saltless Tears	129	30650	117	/radio-html/assets/audio/5b609e38-5b63-4174-ab7f-05565cfb36bd.mp3	NULL	NULL	false
sanatan-devotional	Sanatan & Devotional	sanatan-devotional-064fb6c2-bf1e-4247-8603-1a4228fd88b0	Saltless Tears	130	30767	117	/radio-html/assets/audio/064fb6c2-bf1e-4247-8603-1a4228fd88b0.mp3	NULL	NULL	false
sanatan-devotional	Sanatan & Devotional	sanatan-devotional-a908fdd1-014a-4f0a-8f1d-eb3e613a3396	Kabira Sanak	131	30884	274	/radio-html/assets/audio/a908fdd1-014a-4f0a-8f1d-eb3e613a3396.mp3	NULL	NULL	false
sanatan-devotional	Sanatan & Devotional	sanatan-devotional-3018222c-053b-4835-ac77-5369dfc07619	Kabira Sanak	132	31158	285	/radio-html/assets/audio/3018222c-053b-4835-ac77-5369dfc07619.mp3	NULL	NULL	false
sanatan-devotional	Sanatan & Devotional	sanatan-devotional-aa1881d9-c310-46ae-a942-bbcdeaa35490	नमक की सनक	133	31443	262	/radio-html/assets/audio/aa1881d9-c310-46ae-a942-bbcdeaa35490.mp3	NULL	NULL	false
sanatan-devotional	Sanatan & Devotional	sanatan-devotional-75a7a676-5662-4f89-b35d-b1f787192f99	नमक की सनक	134	31705	296	/radio-html/assets/audio/75a7a676-5662-4f89-b35d-b1f787192f99.mp3	NULL	NULL	false
sanatan-devotional	Sanatan & Devotional	sanatan-devotional-2e0e6ce6-2cc7-486b-a473-7cb8e45e78e8	Paisa Sanak	135	32001	131	/radio-html/assets/audio/2e0e6ce6-2cc7-486b-a473-7cb8e45e78e8.mp3	NULL	NULL	false
sanatan-devotional	Sanatan & Devotional	sanatan-devotional-531d0f3b-bd07-4bf6-8d1d-242097d6a447	Paisa Sanak	136	32132	114	/radio-html/assets/audio/531d0f3b-bd07-4bf6-8d1d-242097d6a447.mp3	NULL	NULL	false
sanatan-devotional	Sanatan & Devotional	sanatan-devotional-0ee9ebdc-e004-4d32-a610-eebd7d83bb83	डमरू तांडव	137	32246	130	/radio-html/assets/audio/0ee9ebdc-e004-4d32-a610-eebd7d83bb83.mp3	NULL	NULL	false
sanatan-devotional	Sanatan & Devotional	sanatan-devotional-9d4efeb8-a43d-43e2-9bd9-aa8ec1017c23	डमरू तांडव	138	32376	108	/radio-html/assets/audio/9d4efeb8-a43d-43e2-9bd9-aa8ec1017c23.mp3	NULL	NULL	false
sanatan-devotional	Sanatan & Devotional	sanatan-devotional-d192c358-e056-42b1-87ac-fb68c6578234	झूठ-ध्वनि साधन	139	32484	116	/radio-html/assets/audio/d192c358-e056-42b1-87ac-fb68c6578234.mp3	NULL	NULL	false
sanatan-devotional	Sanatan & Devotional	sanatan-devotional-200924f6-fd97-4641-9ce1-dc0071add716	झूठ-ध्वनि साधन	140	32600	102	/radio-html/assets/audio/200924f6-fd97-4641-9ce1-dc0071add716.mp3	NULL	NULL	false
sanatan-devotional	Sanatan & Devotional	sanatan-devotional-a780eeee-8325-40dc-91b9-a2a2ee4a7515	शून्य शंख-पैड	141	32702	112	/radio-html/assets/audio/a780eeee-8325-40dc-91b9-a2a2ee4a7515.mp3	NULL	NULL	false
sanatan-devotional	Sanatan & Devotional	sanatan-devotional-a8db0e7b-ca71-4345-9952-aebc3c4d9c7d	शून्य शंख-पैड	142	32814	103	/radio-html/assets/audio/a8db0e7b-ca71-4345-9952-aebc3c4d9c7d.mp3	NULL	NULL	false
sanatan-devotional	Sanatan & Devotional	sanatan-devotional-be8830ac-7a68-434c-b532-0d602396c088	शून्य-लय पंडित	143	32917	135	/radio-html/assets/audio/be8830ac-7a68-434c-b532-0d602396c088.mp3	NULL	NULL	false
sanatan-devotional	Sanatan & Devotional	sanatan-devotional-fad3edfd-8f23-410c-82fb-282dbdd51c59	शून्य-लय पंडित	144	33052	149	/radio-html/assets/audio/fad3edfd-8f23-410c-82fb-282dbdd51c59.mp3	NULL	NULL	false
sanatan-devotional	Sanatan & Devotional	sanatan-devotional-5fc639fe-7b5a-4ff3-b972-17f25f8a13f4	शून्य-शोर अकाल	145	33201	155	/radio-html/assets/audio/5fc639fe-7b5a-4ff3-b972-17f25f8a13f4.mp3	NULL	NULL	false
sanatan-devotional	Sanatan & Devotional	sanatan-devotional-2c6b5c78-e36b-43aa-b1c2-7fb8770902d3	शून्य-शोर अकाल	146	33356	168	/radio-html/assets/audio/2c6b5c78-e36b-43aa-b1c2-7fb8770902d3.mp3	NULL	NULL	false
sanatan-devotional	Sanatan & Devotional	sanatan-devotional-9bc77208-c25b-427f-8860-d87651658f49	अंखिया मूँद	147	33524	166	/radio-html/assets/audio/9bc77208-c25b-427f-8860-d87651658f49.mp3	NULL	NULL	false
sanatan-devotional	Sanatan & Devotional	sanatan-devotional-2a18d142-6534-4a1d-a2da-00703e7e9621	अंखिया मूँद	148	33690	161	/radio-html/assets/audio/2a18d142-6534-4a1d-a2da-00703e7e9621.mp3	NULL	NULL	false
sanatan-devotional	Sanatan & Devotional	sanatan-devotional-e1953d58-6e85-4b69-9fa0-b2a991ba6816	अंखिया मूँद	149	33851	162	/radio-html/assets/audio/e1953d58-6e85-4b69-9fa0-b2a991ba6816.mp3	NULL	NULL	false
sanatan-devotional	Sanatan & Devotional	sanatan-devotional-cc885ad5-533d-4658-97f5-c6ba2a9a87cc	अंखिया मूँद	150	34013	157	/radio-html/assets/audio/cc885ad5-533d-4658-97f5-c6ba2a9a87cc.mp3	NULL	NULL	false
sanatan-devotional	Sanatan & Devotional	sanatan-devotional-889cb216-db14-474f-9186-192f838f34cf	Kabir Clubdevotion	151	34170	107	/radio-html/assets/audio/889cb216-db14-474f-9186-192f838f34cf.mp3	NULL	NULL	false
sanatan-devotional	Sanatan & Devotional	sanatan-devotional-9f37476d-d3d6-4986-94f7-243dd1767838	Kabir Clubdevotion	152	34277	132	/radio-html/assets/audio/9f37476d-d3d6-4986-94f7-243dd1767838.mp3	NULL	NULL	false
sanatan-devotional	Sanatan & Devotional	sanatan-devotional-de9697c5-2352-4e2d-b84e-6f5ba6d6e35e	Kabir Shayo Groove	153	34409	126	/radio-html/assets/audio/de9697c5-2352-4e2d-b84e-6f5ba6d6e35e.mp3	NULL	NULL	false
sanatan-devotional	Sanatan & Devotional	sanatan-devotional-3d8b096f-9f2a-4def-815f-b12ca6b1d3de	Kabir Shayo Groove	154	34535	95	/radio-html/assets/audio/3d8b096f-9f2a-4def-815f-b12ca6b1d3de.mp3	NULL	NULL	false
sanatan-devotional	Sanatan & Devotional	sanatan-devotional-55944a75-e58c-47d0-b0fd-0053dcf655e5	Kabir Pillar Collapse	155	34630	165	/radio-html/assets/audio/55944a75-e58c-47d0-b0fd-0053dcf655e5.mp3	NULL	NULL	false
sanatan-devotional	Sanatan & Devotional	sanatan-devotional-4f57a0d7-1f5e-47fe-a249-405c77fc2ddf	Kabir Pillar Collapse	156	34795	152	/radio-html/assets/audio/4f57a0d7-1f5e-47fe-a249-405c77fc2ddf.mp3	NULL	NULL	false
sanatan-devotional	Sanatan & Devotional	sanatan-devotional-e512512c-6e61-42ce-8ccc-8fd96d37f200	Sahair Real Deal	157	34947	40	/radio-html/assets/audio/e512512c-6e61-42ce-8ccc-8fd96d37f200.mp3	NULL	NULL	false
sanatan-devotional	Sanatan & Devotional	sanatan-devotional-261bc9a5-7397-48d4-8adb-d5ddf5d4b2c5	Sahair Real Deal	158	34987	40	/radio-html/assets/audio/261bc9a5-7397-48d4-8adb-d5ddf5d4b2c5.mp3	NULL	NULL	false
sanatan-devotional	Sanatan & Devotional	sanatan-devotional-57e5c812-cb4c-4121-8851-0bb1adf03ea3	बंद आँखों का प्रत्यक्ष	159	35027	203	/radio-html/assets/audio/57e5c812-cb4c-4121-8851-0bb1adf03ea3.mp3	NULL	NULL	false
sanatan-devotional	Sanatan & Devotional	sanatan-devotional-55b087c3-f3be-437a-9900-27fd029e6c9c	बंद आँखों का प्रत्यक्ष	160	35230	224	/radio-html/assets/audio/55b087c3-f3be-437a-9900-27fd029e6c9c.mp3	NULL	NULL	false
sanatan-devotional	Sanatan & Devotional	sanatan-devotional-23ec5f01-efef-4073-8948-4870619c32c9	कुचली पुचली लाला	161	35454	250	/radio-html/assets/audio/23ec5f01-efef-4073-8948-4870619c32c9.mp3	NULL	NULL	false
sanatan-devotional	Sanatan & Devotional	sanatan-devotional-3118ddf7-ffd5-4762-a8c4-74a78371a3e4	कुचली पुचली लाला	162	35704	249	/radio-html/assets/audio/3118ddf7-ffd5-4762-a8c4-74a78371a3e4.mp3	NULL	NULL	false
sanatan-devotional	Sanatan & Devotional	sanatan-devotional-9feeffc6-46ed-4d5d-9f48-82803d34d8ca	कुचली पुचली लाला	163	35953	275	/radio-html/assets/audio/9feeffc6-46ed-4d5d-9f48-82803d34d8ca.mp3	NULL	NULL	false
sanatan-devotional	Sanatan & Devotional	sanatan-devotional-38523b11-2e31-40ac-bdc6-03bfd30b1186	कुचली पुचली लाला	164	36228	275	/radio-html/assets/audio/38523b11-2e31-40ac-bdc6-03bfd30b1186.mp3	NULL	NULL	false
sanatan-devotional	Sanatan & Devotional	sanatan-devotional-d296596e-d584-45b6-85f0-188c6772452a	बहरूपिया-ऑनलाइन	165	36503	351	/radio-html/assets/audio/d296596e-d584-45b6-85f0-188c6772452a.mp3	NULL	NULL	false
sanatan-devotional	Sanatan & Devotional	sanatan-devotional-96a7ddf6-2c5b-44ad-b1db-16634387d175	बहरूपिया-ऑनलाइन	166	36854	328	/radio-html/assets/audio/96a7ddf6-2c5b-44ad-b1db-16634387d175.mp3	NULL	NULL	false
sanatan-devotional	Sanatan & Devotional	sanatan-devotional-0af7e65f-47a4-4c0f-aed2-53fa90952fb4	Baharupiya Reboot	167	37182	261	/radio-html/assets/audio/0af7e65f-47a4-4c0f-aed2-53fa90952fb4.mp3	NULL	NULL	false
sanatan-devotional	Sanatan & Devotional	sanatan-devotional-d65dfcf3-c12e-4e51-9d93-f6f106c0ca3f	Baharupiya Reboot	168	37443	258	/radio-html/assets/audio/d65dfcf3-c12e-4e51-9d93-f6f106c0ca3f.mp3	NULL	NULL	false
sanatan-devotional	Sanatan & Devotional	sanatan-devotional-617e2c52-66f1-4c4c-9a88-37b2388e34c9	दादा चेन टोरी	169	37701	197	/radio-html/assets/audio/617e2c52-66f1-4c4c-9a88-37b2388e34c9.mp3	NULL	NULL	false
sanatan-devotional	Sanatan & Devotional	sanatan-devotional-c6626624-b9b4-4338-9550-008f9f82502f	दादा चेन टोरी	170	37898	179	/radio-html/assets/audio/c6626624-b9b4-4338-9550-008f9f82502f.mp3	NULL	NULL	false
sanatan-devotional	Sanatan & Devotional	sanatan-devotional-4d6f705f-a026-4060-a32f-77594f87a633	Log Kahte Hain	171	38077	393	/radio-html/assets/audio/4d6f705f-a026-4060-a32f-77594f87a633.mp3	NULL	NULL	false
sanatan-devotional	Sanatan & Devotional	sanatan-devotional-54bf5f39-3312-4413-8690-fc756c1e073b	Log Kahte Hain	172	38470	398	/radio-html/assets/audio/54bf5f39-3312-4413-8690-fc756c1e073b.mp3	NULL	NULL	false
sanatan-devotional	Sanatan & Devotional	sanatan-devotional-781c9290-2241-4ea8-8ca4-c206d5ee558a	Iltija Jor-Aazmaish	173	38868	298	/radio-html/assets/audio/781c9290-2241-4ea8-8ca4-c206d5ee558a.mp3	NULL	NULL	false
sanatan-devotional	Sanatan & Devotional	sanatan-devotional-f4a8a880-7287-459d-8490-d48a3278d365	Iltija Jor-Aazmaish	174	39166	299	/radio-html/assets/audio/f4a8a880-7287-459d-8490-d48a3278d365.mp3	NULL	NULL	false
sanatan-devotional	Sanatan & Devotional	sanatan-devotional-05aa80d4-acdd-4719-9275-9692846ebe1a	तीखी फकीराना सीटी	175	39465	123	/radio-html/assets/audio/05aa80d4-acdd-4719-9275-9692846ebe1a.mp3	NULL	NULL	false
sanatan-devotional	Sanatan & Devotional	sanatan-devotional-7a79f5a5-df08-4b19-b670-e23e71ff6738	तीखी फकीराना सीटी	176	39588	123	/radio-html/assets/audio/7a79f5a5-df08-4b19-b670-e23e71ff6738.mp3	NULL	NULL	false
sanatan-devotional	Sanatan & Devotional	sanatan-devotional-cba259ca-2b8c-46df-b367-0ff9b780bbe2	दो घड़े टूटा	177	39711	250	/radio-html/assets/audio/cba259ca-2b8c-46df-b367-0ff9b780bbe2.mp3	NULL	NULL	false
sanatan-devotional	Sanatan & Devotional	sanatan-devotional-aabfe9a1-a902-4348-9d22-19d7aa99fda5	दो घड़े टूटा	178	39961	239	/radio-html/assets/audio/aabfe9a1-a902-4348-9d22-19d7aa99fda5.mp3	NULL	NULL	false
sanatan-devotional	Sanatan & Devotional	sanatan-devotional-5fc46f1d-1412-45b1-876d-64343d2f90e6	Om Shanti Digita	179	40200	335	/radio-html/assets/audio/5fc46f1d-1412-45b1-876d-64343d2f90e6.mp3	NULL	NULL	false
sanatan-devotional	Sanatan & Devotional	sanatan-devotional-3b0a1cea-2d31-4c18-97af-6bf498f3ca3c	Om Shanti Digita	180	40535	326	/radio-html/assets/audio/3b0a1cea-2d31-4c18-97af-6bf498f3ca3c.mp3	NULL	NULL	false
sanatan-devotional	Sanatan & Devotional	sanatan-devotional-caf9e4e7-7ec2-483a-9a2d-9a82681054d5	Future-Past Clearance	181	40861	479	/radio-html/assets/audio/caf9e4e7-7ec2-483a-9a2d-9a82681054d5.mp3	NULL	NULL	false
sanatan-devotional	Sanatan & Devotional	sanatan-devotional-80646dc1-cf8b-4341-9f99-2944928e2ac5	Future-Past Clearance	182	41340	210	/radio-html/assets/audio/80646dc1-cf8b-4341-9f99-2944928e2ac5.mp3	NULL	NULL	false
sanatan-devotional	Sanatan & Devotional	sanatan-devotional-2237b80c-30f9-4391-aa68-2921ab6116ab	Frequency of Future-Past	183	41550	211	/radio-html/assets/audio/2237b80c-30f9-4391-aa68-2921ab6116ab.mp3	NULL	NULL	false
sanatan-devotional	Sanatan & Devotional	sanatan-devotional-02d26992-b08d-4a7e-9759-9120eaca1a4e	Frequency of Future-Past	184	41761	479	/radio-html/assets/audio/02d26992-b08d-4a7e-9759-9120eaca1a4e.mp3	NULL	NULL	false
sanatan-devotional	Sanatan & Devotional	sanatan-devotional-879f8447-37de-41b3-8b68-3cdb2079792a	Sanatana Station	185	42240	197	/radio-html/assets/audio/879f8447-37de-41b3-8b68-3cdb2079792a.mp3	NULL	NULL	false
sanatan-devotional	Sanatan & Devotional	sanatan-devotional-456fd8aa-be4b-4bda-93a3-d35206867b65	Sanatana Station	186	42437	479	/radio-html/assets/audio/456fd8aa-be4b-4bda-93a3-d35206867b65.mp3	NULL	NULL	false
sanatan-devotional	Sanatan & Devotional	sanatan-devotional-5570be2c-5ead-44af-aa39-57f73225aaa6	लाडो बसंती	187	42916	328	/radio-html/assets/audio/5570be2c-5ead-44af-aa39-57f73225aaa6.mp3	NULL	NULL	false
sanatan-devotional	Sanatan & Devotional	sanatan-devotional-3855893f-998c-4c3d-a2a1-3312d2a61986	लाडो बसंती	188	43244	320	/radio-html/assets/audio/3855893f-998c-4c3d-a2a1-3312d2a61986.mp3	NULL	NULL	false
sanatan-devotional	Sanatan & Devotional	sanatan-devotional-458d70be-5ef2-4bbb-af05-f6c7536d0356	ह-ह-ह-ह हुट हे-हे-हे झट	189	43564	286	/radio-html/assets/audio/458d70be-5ef2-4bbb-af05-f6c7536d0356.mp3	NULL	NULL	false
sanatan-devotional	Sanatan & Devotional	sanatan-devotional-79df050a-9ca2-4238-8c67-f3470d7b0b0f	ह-ह-ह-ह हुट हे-हे-हे झट	190	43850	247	/radio-html/assets/audio/79df050a-9ca2-4238-8c67-f3470d7b0b0f.mp3	NULL	NULL	false
sanatan-devotional	Sanatan & Devotional	sanatan-devotional-3139ea17-9462-4aa7-998a-06ca08e7d1ac	॥ स्वर्भानु: शक्ति जाग री महा-संगीत	191	44097	216	/radio-html/assets/audio/3139ea17-9462-4aa7-998a-06ca08e7d1ac.mp3	NULL	NULL	false
sanatan-devotional	Sanatan & Devotional	sanatan-devotional-0cf02bcf-c380-42a6-baba-564f159d1717	॥ स्वर्भानु: शक्ति जाग री महा-संगीत	192	44313	198	/radio-html/assets/audio/0cf02bcf-c380-42a6-baba-564f159d1717.mp3	NULL	NULL	false
sanatan-devotional	Sanatan & Devotional	sanatan-devotional-dac78322-f9d7-4d52-a059-a227443c746c	॥ स्वर्भानु: शक्ति जाग री महा-संगीत	193	44511	172	/radio-html/assets/audio/dac78322-f9d7-4d52-a059-a227443c746c.mp3	NULL	NULL	false
sanatan-devotional	Sanatan & Devotional	sanatan-devotional-41cbd44d-470c-442b-9747-3da9f5052256	॥ स्वर्भानु: शक्ति जाग री महा-संगीत	194	44683	185	/radio-html/assets/audio/41cbd44d-470c-442b-9747-3da9f5052256.mp3	NULL	NULL	false
sanatan-devotional	Sanatan & Devotional	sanatan-devotional-982a1594-b969-4c2d-9966-d617a47e4e2d	शक्ति जाग री	195	44868	177	/radio-html/assets/audio/982a1594-b969-4c2d-9966-d617a47e4e2d.mp3	NULL	NULL	false
sanatan-devotional	Sanatan & Devotional	sanatan-devotional-81109d76-22c0-4e21-9bd6-a57682008382	शक्ति जाग री	196	45045	186	/radio-html/assets/audio/81109d76-22c0-4e21-9bd6-a57682008382.mp3	NULL	NULL	false
sanatan-devotional	Sanatan & Devotional	sanatan-devotional-7f4291cd-2f2a-4714-bc31-69d28eec6c38	Shakti jaag ri	197	45231	191	/radio-html/assets/audio/7f4291cd-2f2a-4714-bc31-69d28eec6c38.mp3	NULL	NULL	false
sanatan-devotional	Sanatan & Devotional	sanatan-devotional-6ae75b0d-c1cc-4641-b483-6b48a9747ac1	Shakti jaag ri	198	45422	177	/radio-html/assets/audio/6ae75b0d-c1cc-4641-b483-6b48a9747ac1.mp3	NULL	NULL	false
sanatan-devotional	Sanatan & Devotional	sanatan-devotional-dcc995be-7ebf-4fd1-8ad6-c5afa618439d	गिद्धों के शहर में लेके चला	199	45599	245	/radio-html/assets/audio/dcc995be-7ebf-4fd1-8ad6-c5afa618439d.mp3	NULL	NULL	false
sanatan-devotional	Sanatan & Devotional	sanatan-devotional-ac50152c-f82a-4333-bef4-0b7a404e8399	गिद्धों के शहर में लेके चला	200	45844	230	/radio-html/assets/audio/ac50152c-f82a-4333-bef4-0b7a404e8399.mp3	NULL	NULL	false
sanatan-devotional	Sanatan & Devotional	sanatan-devotional-d040faac-7e44-42a5-b776-ba7a276966fc	0:00 Tanpura base + Siddham Om	201	46074	52	/radio-html/assets/audio/d040faac-7e44-42a5-b776-ba7a276966fc.mp3	NULL	NULL	false
sanatan-devotional	Sanatan & Devotional	sanatan-devotional-3733b4fd-e7f9-418c-a5cb-dcdc0b661384	0:00 Tanpura base + Siddham Om	202	46126	80	/radio-html/assets/audio/3733b4fd-e7f9-418c-a5cb-dcdc0b661384.mp3	NULL	NULL	false
sanatan-devotional	Sanatan & Devotional	sanatan-devotional-f3e77ca3-d3b1-4029-8814-3da77d041154	भ्रमित सा देखे उम्मीद सी लेके	203	46206	181	/radio-html/assets/audio/f3e77ca3-d3b1-4029-8814-3da77d041154.mp3	NULL	NULL	false
sanatan-devotional	Sanatan & Devotional	sanatan-devotional-fbbf00c4-df9a-4c12-8222-5a8f83d3d229	भ्रमित सा देखे उम्मीद सी लेके	204	46387	191	/radio-html/assets/audio/fbbf00c4-df9a-4c12-8222-5a8f83d3d229.mp3	NULL	NULL	false
sanatan-devotional	Sanatan & Devotional	sanatan-devotional-31752ecb-d9f6-4d7f-8582-96ad901c2bff	This is for informational purposes only	205	46578	170	/radio-html/assets/audio/31752ecb-d9f6-4d7f-8582-96ad901c2bff.mp3	NULL	NULL	false
sanatan-devotional	Sanatan & Devotional	sanatan-devotional-7d695546-b4a9-4369-8770-054ea7711700	This is for informational purposes only	206	46748	247	/radio-html/assets/audio/7d695546-b4a9-4369-8770-054ea7711700.mp3	NULL	NULL	false
sanatan-devotional	Sanatan & Devotional	sanatan-devotional-c6c9c569-2051-4d98-ba3c-85f7982b04b9	विदाई रो दुख लागे रे	207	46995	228	/radio-html/assets/audio/c6c9c569-2051-4d98-ba3c-85f7982b04b9.mp3	NULL	NULL	false
sanatan-devotional	Sanatan & Devotional	sanatan-devotional-e0e9d663-7d49-4351-aa8e-639120657766	विदाई रो दुख लागे रे	208	47223	205	/radio-html/assets/audio/e0e9d663-7d49-4351-aa8e-639120657766.mp3	NULL	NULL	false
sanatan-devotional	Sanatan & Devotional	sanatan-devotional-20aaab8c-af31-4a63-954e-b956c837119a	ढोल नगाड़े बाज़न दे तू	209	47428	261	/radio-html/assets/audio/20aaab8c-af31-4a63-954e-b956c837119a.mp3	NULL	NULL	false
sanatan-devotional	Sanatan & Devotional	sanatan-devotional-e7905dfe-6d9b-4d8c-9f04-d1645c522f2f	ढोल नगाड़े बाज़न दे तू	210	47689	266	/radio-html/assets/audio/e7905dfe-6d9b-4d8c-9f04-d1645c522f2f.mp3	NULL	NULL	false
sanatan-devotional	Sanatan & Devotional	sanatan-devotional-e18525dd-f972-4860-9008-b147a0576764	Haryanvi Female Voice :	211	47955	300	/radio-html/assets/audio/e18525dd-f972-4860-9008-b147a0576764.mp3	NULL	NULL	false
sanatan-devotional	Sanatan & Devotional	sanatan-devotional-8caed3b8-e9a9-48fa-9a64-adeedcfb6231	Haryanvi Female Voice :	212	48255	349	/radio-html/assets/audio/8caed3b8-e9a9-48fa-9a64-adeedcfb6231.mp3	NULL	NULL	false
sanatan-devotional	Sanatan & Devotional	sanatan-devotional-e557151f-686a-4ba6-a428-40ef37236172	दीमी दीमी हम्म्म्म्म	213	48604	280	/radio-html/assets/audio/e557151f-686a-4ba6-a428-40ef37236172.mp3	NULL	NULL	false
sanatan-devotional	Sanatan & Devotional	sanatan-devotional-dac03dd8-470e-453c-ba40-7a6da1100b59	दीमी दीमी हम्म्म्म्म	214	48884	308	/radio-html/assets/audio/dac03dd8-470e-453c-ba40-7a6da1100b59.mp3	NULL	NULL	false
sanatan-devotional	Sanatan & Devotional	sanatan-devotional-61ca183b-a733-45f2-a526-40124620f6a1	दीमी दीमी हम्मmmmmm	215	49192	475	/radio-html/assets/audio/61ca183b-a733-45f2-a526-40124620f6a1.mp3	NULL	NULL	false
sanatan-devotional	Sanatan & Devotional	sanatan-devotional-11d2c6aa-6e6e-4b33-a0f1-514fb4e2cf9b	दीमी दीमी हम्मmmmmm	216	49667	480	/radio-html/assets/audio/11d2c6aa-6e6e-4b33-a0f1-514fb4e2cf9b.mp3	NULL	NULL	false
sanatan-devotional	Sanatan & Devotional	sanatan-devotional-0907ea5b-01db-4afe-a2a1-958b706d1c5a	धुम – ट् – त्स्स –	217	50147	293	/radio-html/assets/audio/0907ea5b-01db-4afe-a2a1-958b706d1c5a.mp3	NULL	NULL	false
sanatan-devotional	Sanatan & Devotional	sanatan-devotional-71c2f8e7-6626-4dc8-b873-971485c0725f	धुम – ट् – त्स्स –	218	50440	290	/radio-html/assets/audio/71c2f8e7-6626-4dc8-b873-971485c0725f.mp3	NULL	NULL	false
sanatan-devotional	Sanatan & Devotional	sanatan-devotional-57f63a2a-a5cc-4eca-b189-530e667d6c1d	🎤 QUANTUM SHAKTI ANTHEM	219	50730	282	/radio-html/assets/audio/57f63a2a-a5cc-4eca-b189-530e667d6c1d.mp3	NULL	NULL	false
sanatan-devotional	Sanatan & Devotional	sanatan-devotional-c442e04f-271b-411b-ba4b-42d0ecff3a38	🎤 QUANTUM SHAKTI ANTHEM	220	51012	322	/radio-html/assets/audio/c442e04f-271b-411b-ba4b-42d0ecff3a38.mp3	NULL	NULL	false
sanatan-devotional	Sanatan & Devotional	sanatan-devotional-e96f8afe-e1fc-4cc8-9998-16627bca7b9c	🎤 LYRICS	221	51334	213	/radio-html/assets/audio/e96f8afe-e1fc-4cc8-9998-16627bca7b9c.mp3	NULL	NULL	false
sanatan-devotional	Sanatan & Devotional	sanatan-devotional-d6015bf7-056c-43bb-b3a7-c42012ac30b6	🎤 LYRICS	222	51547	192	/radio-html/assets/audio/d6015bf7-056c-43bb-b3a7-c42012ac30b6.mp3	NULL	NULL	false
sanatan-devotional	Sanatan & Devotional	sanatan-devotional-acefb505-26f4-4b95-b378-e064eaccf86f	वक़्त के घोड़ों	223	51739	245	/radio-html/assets/audio/acefb505-26f4-4b95-b378-e064eaccf86f.mp3	NULL	NULL	false
sanatan-devotional	Sanatan & Devotional	sanatan-devotional-b632670a-92f5-44aa-862f-4a03120bd6e3	वक़्त के घोड़ों	224	51984	243	/radio-html/assets/audio/b632670a-92f5-44aa-862f-4a03120bd6e3.mp3	NULL	NULL	false
sanatan-devotional	Sanatan & Devotional	sanatan-devotional-c8a46987-b4d4-41ee-aa0c-36c1f1115cf2	Instruments:	225	52227	248	/radio-html/assets/audio/c8a46987-b4d4-41ee-aa0c-36c1f1115cf2.mp3	NULL	NULL	false
sanatan-devotional	Sanatan & Devotional	sanatan-devotional-8b68b69c-b07f-43f8-ac20-ed65fbc03fc7	Instruments:	226	52475	205	/radio-html/assets/audio/8b68b69c-b07f-43f8-ac20-ed65fbc03fc7.mp3	NULL	NULL	false
sanatan-devotional	Sanatan & Devotional	sanatan-devotional-7e3ba569-59f8-4cf2-aebb-45d436b941ef	Instruments: II	227	52680	270	/radio-html/assets/audio/7e3ba569-59f8-4cf2-aebb-45d436b941ef.mp3	NULL	NULL	false
sanatan-devotional	Sanatan & Devotional	sanatan-devotional-1ec4ae2f-b4ab-441b-8234-f5fcca48b606	Instruments: II	228	52950	251	/radio-html/assets/audio/1ec4ae2f-b4ab-441b-8234-f5fcca48b606.mp3	NULL	NULL	false
sanatan-devotional	Sanatan & Devotional	sanatan-devotional-713998e8-14d5-4633-b01a-3fb4275561f9	Sound:	229	53201	218	/radio-html/assets/audio/713998e8-14d5-4633-b01a-3fb4275561f9.mp3	NULL	NULL	false
sanatan-devotional	Sanatan & Devotional	sanatan-devotional-22925574-1f8c-4bba-927a-63bf25e66c7c	Sound:	230	53419	353	/radio-html/assets/audio/22925574-1f8c-4bba-927a-63bf25e66c7c.mp3	NULL	NULL	false
sanatan-devotional	Sanatan & Devotional	sanatan-devotional-3b5bc702-ef70-4745-9a21-5e41252a6c47	kush..mana..da	231	53772	205	/radio-html/assets/audio/3b5bc702-ef70-4745-9a21-5e41252a6c47.mp3	NULL	NULL	false
sanatan-devotional	Sanatan & Devotional	sanatan-devotional-e5e11b4f-d05d-444f-9b0e-5b91e5e70206	kush..mana..da	232	53977	204	/radio-html/assets/audio/e5e11b4f-d05d-444f-9b0e-5b91e5e70206.mp3	NULL	NULL	false
sanatan-devotional	Sanatan & Devotional	sanatan-devotional-8d7517ab-5f3a-4d8e-b2e4-92f170be6ed4	maa maa maa	233	54181	283	/radio-html/assets/audio/8d7517ab-5f3a-4d8e-b2e4-92f170be6ed4.mp3	NULL	NULL	false
sanatan-devotional	Sanatan & Devotional	sanatan-devotional-1630fdc7-2ea0-4737-a448-84a9e3a68bc4	maa maa maa	234	54464	235	/radio-html/assets/audio/1630fdc7-2ea0-4737-a448-84a9e3a68bc4.mp3	NULL	NULL	false
sanatan-devotional	Sanatan & Devotional	sanatan-devotional-4c9ffaea-c955-4c6e-b22b-974c6fbe1284	kush..mana..da	235	54699	211	/radio-html/assets/audio/4c9ffaea-c955-4c6e-b22b-974c6fbe1284.mp3	NULL	NULL	false
sanatan-devotional	Sanatan & Devotional	sanatan-devotional-17cea20d-3770-4288-aeac-d5d0a9677a3f	kush..mana..da	236	54910	156	/radio-html/assets/audio/17cea20d-3770-4288-aeac-d5d0a9677a3f.mp3	NULL	NULL	false
sanatan-devotional	Sanatan & Devotional	sanatan-devotional-0366db7b-3209-4ccf-af83-12fda3311c23	kush..mana..da	237	55066	206	/radio-html/assets/audio/0366db7b-3209-4ccf-af83-12fda3311c23.mp3	NULL	NULL	false
sanatan-devotional	Sanatan & Devotional	sanatan-devotional-575f5473-b86b-466f-b63d-980c2bec7855	kush..mana..da	238	55272	228	/radio-html/assets/audio/575f5473-b86b-466f-b63d-980c2bec7855.mp3	NULL	NULL	false
sanatan-devotional	Sanatan & Devotional	sanatan-devotional-87176aad-96cb-487c-b065-7faa93e5d442	kush..mana..da	239	55500	163	/radio-html/assets/audio/87176aad-96cb-487c-b065-7faa93e5d442.mp3	NULL	NULL	false
sanatan-devotional	Sanatan & Devotional	sanatan-devotional-bea936de-88c1-4d19-9f9a-04973bec0cc0	kush..mana..da	240	55663	140	/radio-html/assets/audio/bea936de-88c1-4d19-9f9a-04973bec0cc0.mp3	NULL	NULL	false
sanatan-devotional	Sanatan & Devotional	sanatan-devotional-01b47c28-4773-42d5-b158-8a73c0cc9248	kush..mana..da	241	55803	163	/radio-html/assets/audio/01b47c28-4773-42d5-b158-8a73c0cc9248.mp3	NULL	NULL	false
sanatan-devotional	Sanatan & Devotional	sanatan-devotional-e8ac43d3-688b-49ee-8ec3-ed025ddcb33b	kush..mana..da	242	55966	177	/radio-html/assets/audio/e8ac43d3-688b-49ee-8ec3-ed025ddcb33b.mp3	NULL	NULL	false
sanatan-devotional	Sanatan & Devotional	sanatan-devotional-92c993d5-8cd1-48c2-a8fb-5c04053f9dcd	O.I.riginal.nteligence	243	56143	317	/radio-html/assets/audio/92c993d5-8cd1-48c2-a8fb-5c04053f9dcd.mp3	NULL	NULL	false
sanatan-devotional	Sanatan & Devotional	sanatan-devotional-4cf5c8eb-fe72-483f-952d-0556a8e4b408	O.I.riginal.nteligence	244	56460	318	/radio-html/assets/audio/4cf5c8eb-fe72-483f-952d-0556a8e4b408.mp3	NULL	NULL	false
sanatan-devotional	Sanatan & Devotional	sanatan-devotional-b7260b36-705a-493e-ab43-4cf6d9ba9bb9	O.I.riginal.nteligence	245	56778	227	/radio-html/assets/audio/b7260b36-705a-493e-ab43-4cf6d9ba9bb9.mp3	NULL	NULL	false
sanatan-devotional	Sanatan & Devotional	sanatan-devotional-a13e3aff-822d-4a39-840c-333df718a6a6	O.I.riginal.nteligence	246	57005	327	/radio-html/assets/audio/a13e3aff-822d-4a39-840c-333df718a6a6.mp3	NULL	NULL	false
sanatan-devotional	Sanatan & Devotional	sanatan-devotional-ad20ad65-6256-4cde-b283-500aae7ad4fd	neural jogi	247	57332	455	/radio-html/assets/audio/ad20ad65-6256-4cde-b283-500aae7ad4fd.mp3	NULL	NULL	false
sanatan-devotional	Sanatan & Devotional	sanatan-devotional-092cd586-b79b-465f-b06c-972aa38bd494	neural jogi	248	57787	452	/radio-html/assets/audio/092cd586-b79b-465f-b06c-972aa38bd494.mp3	NULL	NULL	false
sanatan-devotional	Sanatan & Devotional	sanatan-devotional-c2ff4d29-bde8-449a-847e-9dcdc78e4a69	neural jogi	249	58239	337	/radio-html/assets/audio/c2ff4d29-bde8-449a-847e-9dcdc78e4a69.mp3	NULL	NULL	false
sanatan-devotional	Sanatan & Devotional	sanatan-devotional-78e037f2-edcd-4a6c-bdc4-099e1b4774e9	neural jogi	250	58576	355	/radio-html/assets/audio/78e037f2-edcd-4a6c-bdc4-099e1b4774e9.mp3	NULL	NULL	false
sanatan-devotional	Sanatan & Devotional	sanatan-devotional-32b5d3c2-5566-44b7-9d81-86e8f1685967	neural jogi	251	58931	248	/radio-html/assets/audio/32b5d3c2-5566-44b7-9d81-86e8f1685967.mp3	NULL	NULL	false
sanatan-devotional	Sanatan & Devotional	sanatan-devotional-ccb6b23a-62e2-44e4-b1f4-94283dd7bdfc	neural jogi	252	59179	188	/radio-html/assets/audio/ccb6b23a-62e2-44e4-b1f4-94283dd7bdfc.mp3	NULL	NULL	false
sanatan-devotional	Sanatan & Devotional	sanatan-devotional-c1f60054-5682-4989-a470-f3ba4295c065	neural jogi	253	59367	260	/radio-html/assets/audio/c1f60054-5682-4989-a470-f3ba4295c065.mp3	NULL	NULL	false
sanatan-devotional	Sanatan & Devotional	sanatan-devotional-7789d061-f161-4e4d-ad2d-4bf0d70bd861	neural jogi	254	59627	243	/radio-html/assets/audio/7789d061-f161-4e4d-ad2d-4bf0d70bd861.mp3	NULL	NULL	false
sanatan-devotional	Sanatan & Devotional	sanatan-devotional-b3dab790-2dfb-43e9-bd08-6fed863e2e42	neural jogi	255	59870	158	/radio-html/assets/audio/b3dab790-2dfb-43e9-bd08-6fed863e2e42.mp3	NULL	NULL	false
sanatan-devotional	Sanatan & Devotional	sanatan-devotional-68b7f05f-0d8c-4740-b17b-f2e679aacd98	neural jogi	256	60028	145	/radio-html/assets/audio/68b7f05f-0d8c-4740-b17b-f2e679aacd98.mp3	NULL	NULL	false
sanatan-devotional	Sanatan & Devotional	sanatan-devotional-971b76d4-9982-4b49-9419-b8e39097a769	chhor de	257	60173	228	/radio-html/assets/audio/971b76d4-9982-4b49-9419-b8e39097a769.mp3	NULL	NULL	false
sanatan-devotional	Sanatan & Devotional	sanatan-devotional-26ae8b47-2aa1-4fc3-9a27-bfc906169f67	chhor de	258	60401	214	/radio-html/assets/audio/26ae8b47-2aa1-4fc3-9a27-bfc906169f67.mp3	NULL	NULL	false
sanatan-devotional	Sanatan & Devotional	sanatan-devotional-48d4c16c-f0af-4e47-8834-ce416cc8312e	chhor de	259	60615	214	/radio-html/assets/audio/48d4c16c-f0af-4e47-8834-ce416cc8312e.mp3	NULL	NULL	false
sanatan-devotional	Sanatan & Devotional	sanatan-devotional-5b1a2a19-1787-49a9-b01a-795121534e08	chhor de	260	60829	215	/radio-html/assets/audio/5b1a2a19-1787-49a9-b01a-795121534e08.mp3	NULL	NULL	false
sanatan-devotional	Sanatan & Devotional	sanatan-devotional-a33956a5-2081-468d-b0aa-1507b51cf541	chhor de	261	61044	313	/radio-html/assets/audio/a33956a5-2081-468d-b0aa-1507b51cf541.mp3	NULL	NULL	false
sanatan-devotional	Sanatan & Devotional	sanatan-devotional-e7134e4e-a3b4-4eb2-830d-e9a1e0791ca4	chhor de	262	61357	312	/radio-html/assets/audio/e7134e4e-a3b4-4eb2-830d-e9a1e0791ca4.mp3	NULL	NULL	false
sanatan-devotional	Sanatan & Devotional	sanatan-devotional-5813c3d7-64ae-4dcd-86cc-6c4cc319f0d7	Ra a	263	61669	260	/radio-html/assets/audio/5813c3d7-64ae-4dcd-86cc-6c4cc319f0d7.mp3	NULL	NULL	false
sanatan-devotional	Sanatan & Devotional	sanatan-devotional-ae00fa9b-6761-4e45-89a4-c8bebb0ec9e2	Ra a	264	61929	257	/radio-html/assets/audio/ae00fa9b-6761-4e45-89a4-c8bebb0ec9e2.mp3	NULL	NULL	false
sanatan-devotional	Sanatan & Devotional	sanatan-devotional-abdadc18-6d3f-43c5-aacc-5df4eba20e4d	siddha	265	62186	453	/radio-html/assets/audio/abdadc18-6d3f-43c5-aacc-5df4eba20e4d.mp3	NULL	NULL	false
sanatan-devotional	Sanatan & Devotional	sanatan-devotional-b7ab25e5-8f36-4dd2-a0ed-a64c5f9f0b63	siddha	266	62639	462	/radio-html/assets/audio/b7ab25e5-8f36-4dd2-a0ed-a64c5f9f0b63.mp3	NULL	NULL	false
sanatan-devotional	Sanatan & Devotional	sanatan-devotional-2fc25f01-e1af-419b-af18-4a94b1792d7b	🎶 STRUCTURE 31 TRACK FLOW :	267	63101	182	/radio-html/assets/audio/2fc25f01-e1af-419b-af18-4a94b1792d7b.mp3	NULL	NULL	false
sanatan-devotional	Sanatan & Devotional	sanatan-devotional-57e3125d-6eff-4b5a-883a-4da698ee8f1d	🎶 STRUCTURE 31 TRACK FLOW :	268	63283	183	/radio-html/assets/audio/57e3125d-6eff-4b5a-883a-4da698ee8f1d.mp3	NULL	NULL	false
sanatan-devotional	Sanatan & Devotional	sanatan-devotional-dab64572-477f-4561-ae33-43b27a37fb2a	जोगी: आआआअअअ सपना भारी मुरकी: भा-री-ई-ई	269	63466	145	/radio-html/assets/audio/dab64572-477f-4561-ae33-43b27a37fb2a.mp3	NULL	NULL	false
sanatan-devotional	Sanatan & Devotional	sanatan-devotional-2b4451e0-029c-4fb6-b9e5-78fd60f4046c	जोगी: आआआअअअ सपना भारी मुरकी: भा-री-ई-ई	270	63611	164	/radio-html/assets/audio/2b4451e0-029c-4fb6-b9e5-78fd60f4046c.mp3	NULL	NULL	false
sanatan-devotional	Sanatan & Devotional	sanatan-devotional-f394c2ee-40d3-4222-96f3-594a597d4370	Chhod ke mahal-chubare raja ban gaya	271	63775	271	/radio-html/assets/audio/f394c2ee-40d3-4222-96f3-594a597d4370.mp3	NULL	NULL	false
sanatan-devotional	Sanatan & Devotional	sanatan-devotional-b4eb0ad2-7b9a-47a7-9dbb-243f6869fd07	Chhod ke mahal-chubare raja ban gaya	272	64046	150	/radio-html/assets/audio/b4eb0ad2-7b9a-47a7-9dbb-243f6869fd07.mp3	NULL	NULL	false
sanatan-devotional	Sanatan & Devotional	sanatan-devotional-38c841da-2008-4d6a-b85d-83833454d8ee	📜 Full Lyrics for Suno AI	273	64196	168	/radio-html/assets/audio/38c841da-2008-4d6a-b85d-83833454d8ee.mp3	NULL	NULL	false
sanatan-devotional	Sanatan & Devotional	sanatan-devotional-164acf5c-2f05-4aa5-a11e-e8726aa075c1	📜 Full Lyrics for Suno AI	274	64364	162	/radio-html/assets/audio/164acf5c-2f05-4aa5-a11e-e8726aa075c1.mp3	NULL	NULL	false
sanatan-devotional	Sanatan & Devotional	sanatan-devotional-b25849ae-7771-4878-a6e9-6ea75ef49a13	इतिहासः सिद्धम् आनंदोऽस्तु	275	64526	223	/radio-html/assets/audio/b25849ae-7771-4878-a6e9-6ea75ef49a13.mp3	NULL	NULL	false
sanatan-devotional	Sanatan & Devotional	sanatan-devotional-f3a9813d-753a-4dc8-80c0-1761b6138f1b	इतिहासः सिद्धम् आनंदोऽस्तु	276	64749	222	/radio-html/assets/audio/f3a9813d-753a-4dc8-80c0-1761b6138f1b.mp3	NULL	NULL	false
sanatan-devotional	Sanatan & Devotional	sanatan-devotional-e4415236-01a9-49bb-a68a-359e7f67f091	इतिहासः सिद्धम् आनंदोऽस्तु II	277	64971	253	/radio-html/assets/audio/e4415236-01a9-49bb-a68a-359e7f67f091.mp3	NULL	NULL	false
sanatan-devotional	Sanatan & Devotional	sanatan-devotional-7895a9b2-a1dc-4fee-8ac4-44a096b2c6a8	इतिहासः सिद्धम् आनंदोऽस्तु II	278	65224	227	/radio-html/assets/audio/7895a9b2-a1dc-4fee-8ac4-44a096b2c6a8.mp3	NULL	NULL	false
sanatan-devotional	Sanatan & Devotional	sanatan-devotional-1795fde2-4568-429d-86af-bfc929504dc6	इतिहासः सिद्धम् आनंदोऽस्तु II	279	65451	274	/radio-html/assets/audio/1795fde2-4568-429d-86af-bfc929504dc6.mp3	NULL	NULL	false
sanatan-devotional	Sanatan & Devotional	sanatan-devotional-85859d74-b474-4661-aa75-df60336c7497	इतिहासः सिद्धम् आनंदोऽस्तु II	280	65725	284	/radio-html/assets/audio/85859d74-b474-4661-aa75-df60336c7497.mp3	NULL	NULL	false
sanatan-devotional	Sanatan & Devotional	sanatan-devotional-cef36d0f-7570-45ad-b4cd-9e9d1999be10	अघोर अघोर अघोर	281	66009	176	/radio-html/assets/audio/cef36d0f-7570-45ad-b4cd-9e9d1999be10.mp3	NULL	NULL	false
sanatan-devotional	Sanatan & Devotional	sanatan-devotional-c2942834-cd11-4b45-8610-08a32d23be82	अघोर अघोर अघोर	282	66185	205	/radio-html/assets/audio/c2942834-cd11-4b45-8610-08a32d23be82.mp3	NULL	NULL	false
sanatan-devotional	Sanatan & Devotional	sanatan-devotional-1bd52bf2-d26e-4822-8299-2ef883803518	अघोर अघोर अघोर	283	66390	479	/radio-html/assets/audio/1bd52bf2-d26e-4822-8299-2ef883803518.mp3	NULL	NULL	false
sanatan-devotional	Sanatan & Devotional	sanatan-devotional-bd2091ee-707a-465e-9dff-021eac34daed	अघोर अघोर अघोर	284	66869	438	/radio-html/assets/audio/bd2091ee-707a-465e-9dff-021eac34daed.mp3	NULL	NULL	false
sanatan-devotional	Sanatan & Devotional	sanatan-devotional-20b2eae2-e758-4646-b7ca-94502619813e	इतनी ही दया	285	67307	202	/radio-html/assets/audio/20b2eae2-e758-4646-b7ca-94502619813e.mp3	NULL	NULL	false
sanatan-devotional	Sanatan & Devotional	sanatan-devotional-ac3d350b-35f3-42d9-b74c-c30e8c71d677	इतनी ही दया	286	67509	202	/radio-html/assets/audio/ac3d350b-35f3-42d9-b74c-c30e8c71d677.mp3	NULL	NULL	false
sanatan-devotional	Sanatan & Devotional	sanatan-devotional-cfbb1757-8e35-4d6f-a25d-810bab2e0e8a	पिया जी तेरी याद आती II	287	67711	335	/radio-html/assets/audio/cfbb1757-8e35-4d6f-a25d-810bab2e0e8a.mp3	NULL	NULL	false
sanatan-devotional	Sanatan & Devotional	sanatan-devotional-eea1f46e-7cbb-441d-abcb-52a46144583a	पिया जी तेरी याद आती II	288	68046	289	/radio-html/assets/audio/eea1f46e-7cbb-441d-abcb-52a46144583a.mp3	NULL	NULL	false
sanatan-devotional	Sanatan & Devotional	sanatan-devotional-6a41359d-7625-415a-bb50-9685b970ef3b	हाय हाय हाय हाय लुगाई	289	68335	342	/radio-html/assets/audio/6a41359d-7625-415a-bb50-9685b970ef3b.mp3	NULL	NULL	false
sanatan-devotional	Sanatan & Devotional	sanatan-devotional-ddf3ca17-816c-47e8-b49c-a5834334e64b	हाय हाय हाय हाय लुगाई	290	68677	342	/radio-html/assets/audio/ddf3ca17-816c-47e8-b49c-a5834334e64b.mp3	NULL	NULL	false
sanatan-devotional	Sanatan & Devotional	sanatan-devotional-c694a74a-44a2-4a34-aee4-ffc260690881	हाय हाय हाय हाय लुगाई	291	69019	331	/radio-html/assets/audio/c694a74a-44a2-4a34-aee4-ffc260690881.mp3	NULL	NULL	false
sanatan-devotional	Sanatan & Devotional	sanatan-devotional-ada50c4b-3ce4-475c-b27e-f2536d77da49	हाय हाय हाय हाय लुगाई	292	69350	312	/radio-html/assets/audio/ada50c4b-3ce4-475c-b27e-f2536d77da49.mp3	NULL	NULL	false
sanatan-devotional	Sanatan & Devotional	sanatan-devotional-fddbba2f-61ec-4d72-ad3f-69baba354abb	हाय हाय हाय हाय लुगाई II	293	69662	315	/radio-html/assets/audio/fddbba2f-61ec-4d72-ad3f-69baba354abb.mp3	NULL	NULL	false
sanatan-devotional	Sanatan & Devotional	sanatan-devotional-5a3ed490-c3be-4e41-99f0-3abc89a1f13d	हाय हाय हाय हाय लुगाई II	294	69977	375	/radio-html/assets/audio/5a3ed490-c3be-4e41-99f0-3abc89a1f13d.mp3	NULL	NULL	false
sanatan-devotional	Sanatan & Devotional	sanatan-devotional-e80360e4-03de-401c-ae2a-6936ff596b3f	हाय हाय हाय हाय लुगाई III	295	70352	215	/radio-html/assets/audio/e80360e4-03de-401c-ae2a-6936ff596b3f.mp3	NULL	NULL	false
sanatan-devotional	Sanatan & Devotional	sanatan-devotional-978c1c42-cd78-429d-952f-ff66978f4531	हाय हाय हाय हाय लुगाई III	296	70567	337	/radio-html/assets/audio/978c1c42-cd78-429d-952f-ff66978f4531.mp3	NULL	NULL	false
sanatan-devotional	Sanatan & Devotional	sanatan-devotional-65fd8ecc-a24d-4af1-a21d-db7e5e5107e6	हाय हाय हाय हाय लुगाई IV	297	70904	310	/radio-html/assets/audio/65fd8ecc-a24d-4af1-a21d-db7e5e5107e6.mp3	NULL	NULL	false
sanatan-devotional	Sanatan & Devotional	sanatan-devotional-513a10d6-1b4e-43a3-b1ef-a1c0427e3b78	हाय हाय हाय हाय लुगाई IV	298	71214	315	/radio-html/assets/audio/513a10d6-1b4e-43a3-b1ef-a1c0427e3b78.mp3	NULL	NULL	false
sanatan-devotional	Sanatan & Devotional	sanatan-devotional-4dd54537-f0dc-4226-b83f-32edeb629a35	हाय हाय हाय हाय लुगाई V	299	71529	312	/radio-html/assets/audio/4dd54537-f0dc-4226-b83f-32edeb629a35.mp3	NULL	NULL	false
sanatan-devotional	Sanatan & Devotional	sanatan-devotional-ea666c4c-b61d-46ea-a289-627704a7f204	हाय हाय हाय हाय लुगाई V	300	71841	362	/radio-html/assets/audio/ea666c4c-b61d-46ea-a289-627704a7f204.mp3	NULL	NULL	false
sanatan-devotional	Sanatan & Devotional	sanatan-devotional-e8c8a60e-4a6e-4924-b306-aeb182829a8b	हाय हाय हाय हाय लुगाई VI	301	72203	280	/radio-html/assets/audio/e8c8a60e-4a6e-4924-b306-aeb182829a8b.mp3	NULL	NULL	false
sanatan-devotional	Sanatan & Devotional	sanatan-devotional-4cd1088b-b87b-4b02-b781-ad7ecea54492	हाय हाय हाय हाय लुगाई VI	302	72483	243	/radio-html/assets/audio/4cd1088b-b87b-4b02-b781-ad7ecea54492.mp3	NULL	NULL	false
sanatan-devotional	Sanatan & Devotional	sanatan-devotional-51869413-dafe-45f6-b76f-583c3b8e1991	हाय हाय हाय हाय लुगाई VII	303	72726	126	/radio-html/assets/audio/51869413-dafe-45f6-b76f-583c3b8e1991.mp3	NULL	NULL	false
sanatan-devotional	Sanatan & Devotional	sanatan-devotional-64a8bb69-c68d-48dc-88bf-9bcf53a35229	हाय हाय हाय हाय लुगाई VII	304	72852	127	/radio-html/assets/audio/64a8bb69-c68d-48dc-88bf-9bcf53a35229.mp3	NULL	NULL	false
sanatan-devotional	Sanatan & Devotional	sanatan-devotional-954ceeb0-8f77-4fdc-9b97-439fd3559810	राम राम राम राम	305	72979	385	/radio-html/assets/audio/954ceeb0-8f77-4fdc-9b97-439fd3559810.mp3	NULL	NULL	false
sanatan-devotional	Sanatan & Devotional	sanatan-devotional-e97cc568-6578-4bba-a1c3-0580783e1d53	राम राम राम राम	306	73364	380	/radio-html/assets/audio/e97cc568-6578-4bba-a1c3-0580783e1d53.mp3	NULL	NULL	false
sanatan-devotional	Sanatan & Devotional	sanatan-devotional-c8e9d4ca-0d7d-4624-8efb-0b23973de9a3	ॐ धम धूम पटक III	307	73744	442	/radio-html/assets/audio/c8e9d4ca-0d7d-4624-8efb-0b23973de9a3.mp3	NULL	NULL	false
sanatan-devotional	Sanatan & Devotional	sanatan-devotional-24b25363-caab-410d-a1a7-a36f5df70481	ॐ धम धूम पटक III	308	74186	371	/radio-html/assets/audio/24b25363-caab-410d-a1a7-a36f5df70481.mp3	NULL	NULL	false
sanatan-devotional	Sanatan & Devotional	sanatan-devotional-4e8ab515-7696-4a5d-ada8-911355a71d61	ॐ धम धूम पटक IV	309	74557	365	/radio-html/assets/audio/4e8ab515-7696-4a5d-ada8-911355a71d61.mp3	NULL	NULL	false
sanatan-devotional	Sanatan & Devotional	sanatan-devotional-e9e95c40-884e-4b74-a1f6-5db9c6bdeb93	ॐ धम धूम पटक IV	310	74922	368	/radio-html/assets/audio/e9e95c40-884e-4b74-a1f6-5db9c6bdeb93.mp3	NULL	NULL	false
sanatan-devotional	Sanatan & Devotional	sanatan-devotional-bc962e4c-9016-4ba8-bb3e-e257917e3dd4	ॐ धम धूम पटक V	311	75290	328	/radio-html/assets/audio/bc962e4c-9016-4ba8-bb3e-e257917e3dd4.mp3	NULL	NULL	false
sanatan-devotional	Sanatan & Devotional	sanatan-devotional-7b8aaf45-66a4-4e30-acdd-38c437907a8e	ॐ धम धूम पटक V	312	75618	300	/radio-html/assets/audio/7b8aaf45-66a4-4e30-acdd-38c437907a8e.mp3	NULL	NULL	false
sanatan-devotional	Sanatan & Devotional	sanatan-devotional-dfe02902-7e32-4106-a738-2f3c88aabf9c	धम धूम पटक	313	75918	229	/radio-html/assets/audio/dfe02902-7e32-4106-a738-2f3c88aabf9c.mp3	NULL	NULL	false
sanatan-devotional	Sanatan & Devotional	sanatan-devotional-7279327a-abd6-4b19-8bd9-41db02769c97	धम धूम पटक	314	76147	195	/radio-html/assets/audio/7279327a-abd6-4b19-8bd9-41db02769c97.mp3	NULL	NULL	false
sanatan-devotional	Sanatan & Devotional	sanatan-devotional-b8e5aa64-0398-4c26-9ef9-aa516d2421c3	धम धूम पटक II	315	76342	270	/radio-html/assets/audio/b8e5aa64-0398-4c26-9ef9-aa516d2421c3.mp3	NULL	NULL	false
sanatan-devotional	Sanatan & Devotional	sanatan-devotional-339cc960-6eba-46bf-aa4b-9cc390baab6d	धम धूम पटक II	316	76612	300	/radio-html/assets/audio/339cc960-6eba-46bf-aa4b-9cc390baab6d.mp3	NULL	NULL	false
sanatan-devotional	Sanatan & Devotional	sanatan-devotional-05a9ac20-ffc7-4810-a9e2-21d2c683b06a	धम धूम पटक III	317	76912	251	/radio-html/assets/audio/05a9ac20-ffc7-4810-a9e2-21d2c683b06a.mp3	NULL	NULL	false
sanatan-devotional	Sanatan & Devotional	sanatan-devotional-2badde9c-1f37-4504-9aaa-b067a58e99c3	धम धूम पटक III	318	77163	272	/radio-html/assets/audio/2badde9c-1f37-4504-9aaa-b067a58e99c3.mp3	NULL	NULL	false
sanatan-devotional	Sanatan & Devotional	sanatan-devotional-68e1e3bc-204b-4335-a599-eb3a0623ec41	धम धूम पटक IV	319	77435	221	/radio-html/assets/audio/68e1e3bc-204b-4335-a599-eb3a0623ec41.mp3	NULL	NULL	false
sanatan-devotional	Sanatan & Devotional	sanatan-devotional-72b69742-5e35-4af0-876c-03f7ff259f69	धम धूम पटक IV	320	77656	219	/radio-html/assets/audio/72b69742-5e35-4af0-876c-03f7ff259f69.mp3	NULL	NULL	false
sanatan-devotional	Sanatan & Devotional	sanatan-devotional-f932d3fb-72e6-41c0-8754-38bfa4f5417c	धम धूम पटक V	321	77875	184	/radio-html/assets/audio/f932d3fb-72e6-41c0-8754-38bfa4f5417c.mp3	NULL	NULL	false
sanatan-devotional	Sanatan & Devotional	sanatan-devotional-b0ce3910-5638-41ea-baa5-e1711b806520	धम धूम पटक V	322	78059	242	/radio-html/assets/audio/b0ce3910-5638-41ea-baa5-e1711b806520.mp3	NULL	NULL	false
sanatan-devotional	Sanatan & Devotional	sanatan-devotional-7d29c576-36bc-4241-be33-bce5fd84775b	त के तट पर ट्	323	78301	248	/radio-html/assets/audio/7d29c576-36bc-4241-be33-bce5fd84775b.mp3	NULL	NULL	false
sanatan-devotional	Sanatan & Devotional	sanatan-devotional-aed9aa06-9e15-4413-b39f-b80a8913035e	त के तट पर ट्	324	78549	193	/radio-html/assets/audio/aed9aa06-9e15-4413-b39f-b80a8913035e.mp3	NULL	NULL	false
sanatan-devotional	Sanatan & Devotional	sanatan-devotional-aefdf09c-1e5d-4549-b489-188a4f354615	kudru ki beti naagin	325	78742	205	/radio-html/assets/audio/aefdf09c-1e5d-4549-b489-188a4f354615.mp3	NULL	NULL	false
sanatan-devotional	Sanatan & Devotional	sanatan-devotional-dc697cc3-5cb9-43ab-a2de-622b7348bff5	kudru ki beti naagin	326	78947	165	/radio-html/assets/audio/dc697cc3-5cb9-43ab-a2de-622b7348bff5.mp3	NULL	NULL	false
sanatan-devotional	Sanatan & Devotional	sanatan-devotional-430b028b-8fd1-4267-a16b-8eb1bb791e10	kudru ki beti naagin	327	79112	425	/radio-html/assets/audio/430b028b-8fd1-4267-a16b-8eb1bb791e10.mp3	NULL	NULL	false
sanatan-devotional	Sanatan & Devotional	sanatan-devotional-99a91265-7f9c-4b3d-a76a-745dfb3a5ec9	kudru ki beti naagin	328	79537	478	/radio-html/assets/audio/99a91265-7f9c-4b3d-a76a-745dfb3a5ec9.mp3	NULL	NULL	false
sanatan-devotional	Sanatan & Devotional	sanatan-devotional-f3c0d550-9297-4842-ba8b-b4a6118a71a6	kudru ki beti naagin	329	80015	249	/radio-html/assets/audio/f3c0d550-9297-4842-ba8b-b4a6118a71a6.mp3	NULL	NULL	false
sanatan-devotional	Sanatan & Devotional	sanatan-devotional-770b4285-cc03-4121-9c55-4fd9e710a9ef	kudru ki beti naagin	330	80264	212	/radio-html/assets/audio/770b4285-cc03-4121-9c55-4fd9e710a9ef.mp3	NULL	NULL	false
sanatan-devotional	Sanatan & Devotional	sanatan-devotional-71f75486-1686-40eb-bbf3-1018b7e8b3b7	kudru ki beti naagin	331	80476	158	/radio-html/assets/audio/71f75486-1686-40eb-bbf3-1018b7e8b3b7.mp3	NULL	NULL	false
sanatan-devotional	Sanatan & Devotional	sanatan-devotional-b9a9901e-2fa1-4550-aa1d-a1bb4dc7db40	kudru ki beti naagin	332	80634	173	/radio-html/assets/audio/b9a9901e-2fa1-4550-aa1d-a1bb4dc7db40.mp3	NULL	NULL	false
sanatan-devotional	Sanatan & Devotional	sanatan-devotional-1793b6b5-9f36-4f77-a6fa-630d6a66cdbb	kudru ki beti naagin	333	80807	160	/radio-html/assets/audio/1793b6b5-9f36-4f77-a6fa-630d6a66cdbb.mp3	NULL	NULL	false
sanatan-devotional	Sanatan & Devotional	sanatan-devotional-20709bfc-b04e-49bb-b50a-81112046ab9d	kudru ki beti naagin	334	80967	195	/radio-html/assets/audio/20709bfc-b04e-49bb-b50a-81112046ab9d.mp3	NULL	NULL	false
sanatan-devotional	Sanatan & Devotional	sanatan-devotional-67162988-1ccc-4fa7-beab-230a0f681db0	ॐ	335	81162	417	/radio-html/assets/audio/67162988-1ccc-4fa7-beab-230a0f681db0.mp3	NULL	NULL	false
sanatan-devotional	Sanatan & Devotional	sanatan-devotional-87f41c73-b4cc-49e0-8e94-2058edd285bf	ॐ	336	81579	385	/radio-html/assets/audio/87f41c73-b4cc-49e0-8e94-2058edd285bf.mp3	NULL	NULL	false
sanatan-devotional	Sanatan & Devotional	sanatan-devotional-42fb0963-ee69-497e-9b18-e76247c23bce	ॐ	337	81964	380	/radio-html/assets/audio/42fb0963-ee69-497e-9b18-e76247c23bce.mp3	NULL	NULL	false
sanatan-devotional	Sanatan & Devotional	sanatan-devotional-c237cdca-4f81-4f53-b062-92e3183b8389	ॐ	338	82344	412	/radio-html/assets/audio/c237cdca-4f81-4f53-b062-92e3183b8389.mp3	NULL	NULL	false
sanatan-devotional	Sanatan & Devotional	sanatan-devotional-f74b3b54-2435-4d24-ab58-9acb3d5c29f0	अङ्क अटक अटक आनंदा भटक भटक	339	82756	360	/radio-html/assets/audio/f74b3b54-2435-4d24-ab58-9acb3d5c29f0.mp3	NULL	NULL	false
sanatan-devotional	Sanatan & Devotional	sanatan-devotional-7039ea86-720e-4eff-a9b3-f972963b5395	अङ्क अटक अटक आनंदा भटक भटक	340	83116	370	/radio-html/assets/audio/7039ea86-720e-4eff-a9b3-f972963b5395.mp3	NULL	NULL	false
sanatan-devotional	Sanatan & Devotional	sanatan-devotional-9302edde-499a-40a3-b22e-3ccfadaf169c	Aghori Chorus : अङ्क अटक अटक	341	83486	330	/radio-html/assets/audio/9302edde-499a-40a3-b22e-3ccfadaf169c.mp3	NULL	NULL	false
sanatan-devotional	Sanatan & Devotional	sanatan-devotional-2aa2ef58-c4be-4799-8641-a73b48881047	Aghori Chorus : अङ्क अटक अटक	342	83816	336	/radio-html/assets/audio/2aa2ef58-c4be-4799-8641-a73b48881047.mp3	NULL	NULL	false
sanatan-devotional	Sanatan & Devotional	sanatan-devotional-a63d8cca-295c-4ca4-a467-dd2d8c222a7e	जीने दे तू मने II	343	84152	479	/radio-html/assets/audio/a63d8cca-295c-4ca4-a467-dd2d8c222a7e.mp3	NULL	NULL	false
sanatan-devotional	Sanatan & Devotional	sanatan-devotional-07c7426b-552d-49a1-bc86-7613ded094bc	जीने दे तू मने II	344	84631	439	/radio-html/assets/audio/07c7426b-552d-49a1-bc86-7613ded094bc.mp3	NULL	NULL	false
sanatan-devotional	Sanatan & Devotional	sanatan-devotional-b4b42938-0fdb-407a-9716-d99479b0e0b0	ईब यूँ सताना छोड़ दे	345	85070	479	/radio-html/assets/audio/b4b42938-0fdb-407a-9716-d99479b0e0b0.mp3	NULL	NULL	false
sanatan-devotional	Sanatan & Devotional	sanatan-devotional-faf8624e-52ff-41ac-a98c-562728ffac2d	ईब यूँ सताना छोड़ दे	346	85549	479	/radio-html/assets/audio/faf8624e-52ff-41ac-a98c-562728ffac2d.mp3	NULL	NULL	false
sanatan-devotional	Sanatan & Devotional	sanatan-devotional-49a3ba5c-8404-4a55-be2f-8b74d04587be	ईब यूँ सताना छोड़ दे II	347	86028	479	/radio-html/assets/audio/49a3ba5c-8404-4a55-be2f-8b74d04587be.mp3	NULL	NULL	false
sanatan-devotional	Sanatan & Devotional	sanatan-devotional-359fe041-9682-478b-8b22-2025ce5af3c8	ईब यूँ सताना छोड़ दे II	348	86507	479	/radio-html/assets/audio/359fe041-9682-478b-8b22-2025ce5af3c8.mp3	NULL	NULL	false
sanatan-devotional	Sanatan & Devotional	sanatan-devotional-85364529-043a-45e8-8ec2-6e2a4895644e	दूर दूर दूर होनी अभी तक	349	86986	248	/radio-html/assets/audio/85364529-043a-45e8-8ec2-6e2a4895644e.mp3	NULL	NULL	false
sanatan-devotional	Sanatan & Devotional	sanatan-devotional-aaca4dcb-a21a-4e20-9585-e2827cb88d9a	दूर दूर दूर होनी अभी तक	350	87234	232	/radio-html/assets/audio/aaca4dcb-a21a-4e20-9585-e2827cb88d9a.mp3	NULL	NULL	false
sanatan-devotional	Sanatan & Devotional	sanatan-devotional-0902ef6d-8f19-458b-b932-855765d1dcd1	ईब यूँ सताना छोड़ दे IV	351	87466	479	/radio-html/assets/audio/0902ef6d-8f19-458b-b932-855765d1dcd1.mp3	NULL	NULL	false
sanatan-devotional	Sanatan & Devotional	sanatan-devotional-ff00e623-ff9b-4092-8866-9a775e6de626	ईब यूँ सताना छोड़ दे IV	352	87945	479	/radio-html/assets/audio/ff00e623-ff9b-4092-8866-9a775e6de626.mp3	NULL	NULL	false
sanatan-devotional	Sanatan & Devotional	sanatan-devotional-1210841d-cb58-4632-96de-39a6f862b69a	मने मेरे देश ईब यूं सताना	353	88424	202	/radio-html/assets/audio/1210841d-cb58-4632-96de-39a6f862b69a.mp3	NULL	NULL	false
sanatan-devotional	Sanatan & Devotional	sanatan-devotional-41e8f0c6-6363-44dd-b118-bfc2dc2c8dd6	मने मेरे देश ईब यूं सताना	354	88626	240	/radio-html/assets/audio/41e8f0c6-6363-44dd-b118-bfc2dc2c8dd6.mp3	NULL	NULL	false
sanatan-devotional	Sanatan & Devotional	sanatan-devotional-558e63bc-7079-4a66-ac9e-a5dd188afd14	मने मेरे देश ईब यूं सताना II	355	88866	238	/radio-html/assets/audio/558e63bc-7079-4a66-ac9e-a5dd188afd14.mp3	NULL	NULL	false
sanatan-devotional	Sanatan & Devotional	sanatan-devotional-bdb93b4d-edf6-418f-bedf-5d1b5204ed1d	मने मेरे देश ईब यूं सताना II	356	89104	278	/radio-html/assets/audio/bdb93b4d-edf6-418f-bedf-5d1b5204ed1d.mp3	NULL	NULL	false
sanatan-devotional	Sanatan & Devotional	sanatan-devotional-b2771eb5-3689-4318-82e1-aebe591bb103	मने मेरे देश ईब यूं सताना II	357	89382	271	/radio-html/assets/audio/b2771eb5-3689-4318-82e1-aebe591bb103.mp3	NULL	NULL	false
sanatan-devotional	Sanatan & Devotional	sanatan-devotional-edddf045-01a6-446c-bff3-49e2fc953d69	मने मेरे देश ईब यूं सताना II	358	89653	225	/radio-html/assets/audio/edddf045-01a6-446c-bff3-49e2fc953d69.mp3	NULL	NULL	false
sanatan-devotional	Sanatan & Devotional	sanatan-devotional-6afe4ba5-a95a-437f-8ba4-09ea1e0d7589	मने मेरे देश ईब यूं सताना III	359	89878	266	/radio-html/assets/audio/6afe4ba5-a95a-437f-8ba4-09ea1e0d7589.mp3	NULL	NULL	false
sanatan-devotional	Sanatan & Devotional	sanatan-devotional-02b55369-c2c7-4541-b858-99a73400ed7e	मने मेरे देश ईब यूं सताना III	360	90144	287	/radio-html/assets/audio/02b55369-c2c7-4541-b858-99a73400ed7e.mp3	NULL	NULL	false
sanatan-devotional	Sanatan & Devotional	sanatan-devotional-2a0e9125-5a5d-4c09-a4e9-c2554b3dbd7e	जय हिन्द जय हिन्द के नारे	361	90431	270	/radio-html/assets/audio/2a0e9125-5a5d-4c09-a4e9-c2554b3dbd7e.mp3	NULL	NULL	false
sanatan-devotional	Sanatan & Devotional	sanatan-devotional-7e5a3f73-64be-400c-bb83-e8e555d1f02c	जय हिन्द जय हिन्द के नारे	362	90701	243	/radio-html/assets/audio/7e5a3f73-64be-400c-bb83-e8e555d1f02c.mp3	NULL	NULL	false
sanatan-devotional	Sanatan & Devotional	sanatan-devotional-46605d07-d37f-48d9-bd6d-18f37e1a89ec	जय हिन्द जय हिन्द के नारे	363	90944	235	/radio-html/assets/audio/46605d07-d37f-48d9-bd6d-18f37e1a89ec.mp3	NULL	NULL	false
sanatan-devotional	Sanatan & Devotional	sanatan-devotional-8ea9fe01-f585-4b67-a33d-2d2079ccada8	जय हिन्द जय हिन्द के नारे	364	91179	219	/radio-html/assets/audio/8ea9fe01-f585-4b67-a33d-2d2079ccada8.mp3	NULL	NULL	false
sanatan-devotional	Sanatan & Devotional	sanatan-devotional-e2525d01-1af3-4f50-b3ff-5d0cc10ba18e	जय हिन्द जय हिन्द के नारे II	365	91398	221	/radio-html/assets/audio/e2525d01-1af3-4f50-b3ff-5d0cc10ba18e.mp3	NULL	NULL	false
sanatan-devotional	Sanatan & Devotional	sanatan-devotional-4bb71763-a381-4680-aace-94dddb13d3f5	जय हिन्द जय हिन्द के नारे II	366	91619	225	/radio-html/assets/audio/4bb71763-a381-4680-aace-94dddb13d3f5.mp3	NULL	NULL	false
sanatan-devotional	Sanatan & Devotional	sanatan-devotional-81dde6a6-2dbd-41a8-b10a-bac06e8fad06	हाय र मेरी शान फौजी	367	91844	185	/radio-html/assets/audio/81dde6a6-2dbd-41a8-b10a-bac06e8fad06.mp3	NULL	NULL	false
sanatan-devotional	Sanatan & Devotional	sanatan-devotional-d4ffa363-4285-40ba-8e17-48ff83716c88	हाय र मेरी शान फौजी	368	92029	204	/radio-html/assets/audio/d4ffa363-4285-40ba-8e17-48ff83716c88.mp3	NULL	NULL	false
sanatan-devotional	Sanatan & Devotional	sanatan-devotional-00dc1de7-95fa-48ae-98bc-cfa3a4e35ef3	हाय र मेरी शान फौजी II	369	92233	275	/radio-html/assets/audio/00dc1de7-95fa-48ae-98bc-cfa3a4e35ef3.mp3	NULL	NULL	false
sanatan-devotional	Sanatan & Devotional	sanatan-devotional-96bb25a9-9e39-4fe7-bff4-b8f18787b31e	हाय र मेरी शान फौजी II	370	92508	223	/radio-html/assets/audio/96bb25a9-9e39-4fe7-bff4-b8f18787b31e.mp3	NULL	NULL	false
sanatan-devotional	Sanatan & Devotional	sanatan-devotional-5c4baafd-66b3-4cf6-9215-1f0f94ab8a58	जय हिन्द – जय हिन्द	371	92731	249	/radio-html/assets/audio/5c4baafd-66b3-4cf6-9215-1f0f94ab8a58.mp3	NULL	NULL	false
sanatan-devotional	Sanatan & Devotional	sanatan-devotional-ee50a4e3-c4b6-4f9b-9063-c75f82168ff5	जय हिन्द – जय हिन्द	372	92980	285	/radio-html/assets/audio/ee50a4e3-c4b6-4f9b-9063-c75f82168ff5.mp3	NULL	NULL	false
sanatan-devotional	Sanatan & Devotional	sanatan-devotional-73bf25b9-85ef-4617-b2e5-a0e356092784	जय हिन्द – जय हिन्द II	373	93265	273	/radio-html/assets/audio/73bf25b9-85ef-4617-b2e5-a0e356092784.mp3	NULL	NULL	false
sanatan-devotional	Sanatan & Devotional	sanatan-devotional-e3fd30cb-9358-4914-9195-11c40c5b76b7	जय हिन्द – जय हिन्द II	374	93538	265	/radio-html/assets/audio/e3fd30cb-9358-4914-9195-11c40c5b76b7.mp3	NULL	NULL	false
sanatan-devotional	Sanatan & Devotional	sanatan-devotional-7f7d8aa2-6b4b-4a0f-bf2e-395eb0fb9e71	जय हिन्द जय हिन्द के नारे III	375	93803	224	/radio-html/assets/audio/7f7d8aa2-6b4b-4a0f-bf2e-395eb0fb9e71.mp3	NULL	NULL	false
sanatan-devotional	Sanatan & Devotional	sanatan-devotional-a1775f44-6629-41be-8e84-34c4d86063db	गाम गुंजाया	376	94027	219	/radio-html/assets/audio/a1775f44-6629-41be-8e84-34c4d86063db.mp3	NULL	NULL	false
sanatan-devotional	Sanatan & Devotional	sanatan-devotional-547974ac-4935-4d3a-bec3-2e19bd96ed49	गाम गुंजाया	377	94246	215	/radio-html/assets/audio/547974ac-4935-4d3a-bec3-2e19bd96ed49.mp3	NULL	NULL	false
sanatan-devotional	Sanatan & Devotional	sanatan-devotional-984da1fd-8ce8-4e3a-953a-94ebfd0fae42	लौट के आ रे श्याम सलोना	378	94461	297	/radio-html/assets/audio/984da1fd-8ce8-4e3a-953a-94ebfd0fae42.mp3	NULL	NULL	false
sanatan-devotional	Sanatan & Devotional	sanatan-devotional-f770f15f-5b74-4116-991f-95e607edeadf	लौट के आ रे श्याम सलोना	379	94758	258	/radio-html/assets/audio/f770f15f-5b74-4116-991f-95e607edeadf.mp3	NULL	NULL	false
sanatan-devotional	Sanatan & Devotional	sanatan-devotional-fd028fa8-b2c3-4b4c-9be6-18aa0f01f0a6	ॐ हिरण्यगर्भः समवर्तताग्रे	380	95016	356	/radio-html/assets/audio/fd028fa8-b2c3-4b4c-9be6-18aa0f01f0a6.mp3	NULL	NULL	false
sanatan-devotional	Sanatan & Devotional	sanatan-devotional-78a88e07-df27-4c02-b739-c36f5768ab2a	Universal Vedic Cosmic Connect	381	95372	327	/radio-html/assets/audio/78a88e07-df27-4c02-b739-c36f5768ab2a.mp3	NULL	NULL	false
sanatan-devotional	Sanatan & Devotional	sanatan-devotional-996a9054-d146-4a5e-adc4-d15be4f5b9d1	ॐ हिरण्यगर्भः समवर्तताग्रे II	382	95699	241	/radio-html/assets/audio/996a9054-d146-4a5e-adc4-d15be4f5b9d1.mp3	NULL	NULL	false
sanatan-devotional	Sanatan & Devotional	sanatan-devotional-234ea386-635d-4c47-901f-8c56d201db27	ॐ हिरण्यगर्भः समवर्तताग्रे II	383	95940	255	/radio-html/assets/audio/234ea386-635d-4c47-901f-8c56d201db27.mp3	NULL	NULL	false
sanatan-devotional	Sanatan & Devotional	sanatan-devotional-aec7dc35-1ec0-44a4-bb7d-f79a1e7686ce	खरोष्ठी का तंत्र	384	96195	235	/radio-html/assets/audio/aec7dc35-1ec0-44a4-bb7d-f79a1e7686ce.mp3	NULL	NULL	false
sanatan-devotional	Sanatan & Devotional	sanatan-devotional-fcc40853-3fac-4ab3-a1a3-b2d506a7f016	खरोष्ठी का तंत्र	385	96430	281	/radio-html/assets/audio/fcc40853-3fac-4ab3-a1a3-b2d506a7f016.mp3	NULL	NULL	false
sanatan-devotional	Sanatan & Devotional	sanatan-devotional-ddac23b1-dc19-495b-9b9c-d830bec759ad	खरोष्ठी का तंत्र II	386	96711	302	/radio-html/assets/audio/ddac23b1-dc19-495b-9b9c-d830bec759ad.mp3	NULL	NULL	false
sanatan-devotional	Sanatan & Devotional	sanatan-devotional-0ef3ebdb-02ca-487a-9448-4fa7858cc0ce	खरोष्ठी का तंत्र II	387	97013	274	/radio-html/assets/audio/0ef3ebdb-02ca-487a-9448-4fa7858cc0ce.mp3	NULL	NULL	false
sanatan-devotional	Sanatan & Devotional	sanatan-devotional-ffdf9645-e582-468d-af7f-75613fbbb25b	खरोष्ठी का तंत्र II	388	97287	296	/radio-html/assets/audio/ffdf9645-e582-468d-af7f-75613fbbb25b.mp3	NULL	NULL	false
sanatan-devotional	Sanatan & Devotional	sanatan-devotional-6d654c1f-fbca-4c85-ad3c-5033c566c156	खरोष्ठी का तंत्र II	389	97583	300	/radio-html/assets/audio/6d654c1f-fbca-4c85-ad3c-5033c566c156.mp3	NULL	NULL	false
sanatan-devotional	Sanatan & Devotional	sanatan-devotional-aba5bb64-54f6-4798-8ba8-8bba9a599c53	ॐ नमो भगवते वासुदेवाय	390	97883	716	/radio-html/assets/audio/aba5bb64-54f6-4798-8ba8-8bba9a599c53.mp3	NULL	NULL	false
sanatan-devotional	Sanatan & Devotional	sanatan-devotional-0ea61384-e105-4758-9481-a5ebd3204d19	ॐ नमो भगवते वासुदेवाय	391	98599	479	/radio-html/assets/audio/0ea61384-e105-4758-9481-a5ebd3204d19.mp3	NULL	NULL	false
sanatan-devotional	Sanatan & Devotional	sanatan-devotional-93f61d64-57c6-4b30-afcf-5b0bab061bd8	फ़िक्सिट फ़िक्सिट फ़िक्सिट	392	99078	150	/radio-html/assets/audio/93f61d64-57c6-4b30-afcf-5b0bab061bd8.mp3	NULL	NULL	false
sanatan-devotional	Sanatan & Devotional	sanatan-devotional-96ab99cb-c3fa-407f-92e0-a01aca8ea61a	फ़िक्सिट फ़िक्सिट फ़िक्सिट	393	99228	155	/radio-html/assets/audio/96ab99cb-c3fa-407f-92e0-a01aca8ea61a.mp3	NULL	NULL	false
sanatan-devotional	Sanatan & Devotional	sanatan-devotional-ab212f3f-c109-44ae-9b52-d915ac62f436	फ़िक्सिट फ़िक्सिट फ़िक्सिट	394	99383	160	/radio-html/assets/audio/ab212f3f-c109-44ae-9b52-d915ac62f436.mp3	NULL	NULL	false
sanatan-devotional	Sanatan & Devotional	sanatan-devotional-8b1a651b-bad0-4fab-99e7-00b34ab4d128	फ़िक्सिट फ़िक्सिट फ़िक्सिट	395	99543	170	/radio-html/assets/audio/8b1a651b-bad0-4fab-99e7-00b34ab4d128.mp3	NULL	NULL	false
sanatan-devotional	Sanatan & Devotional	sanatan-devotional-5eb33a33-5e7a-423c-bb04-6dd4e31455ce	अटल है ध्रुव अमर है ध्रुव	396	99713	145	/radio-html/assets/audio/5eb33a33-5e7a-423c-bb04-6dd4e31455ce.mp3	NULL	NULL	false
sanatan-devotional	Sanatan & Devotional	sanatan-devotional-cd0bf69c-c712-497a-a324-4f5ca98fe911	अटल है ध्रुव अमर है ध्रुव	397	99858	122	/radio-html/assets/audio/cd0bf69c-c712-497a-a324-4f5ca98fe911.mp3	NULL	NULL	false
sanatan-devotional	Sanatan & Devotional	sanatan-devotional-2c95a655-1853-4020-a611-bc4e844aaee0	ॐ नमो भगवते वासुदेवाय II	398	99980	273	/radio-html/assets/audio/2c95a655-1853-4020-a611-bc4e844aaee0.mp3	NULL	NULL	false
sanatan-devotional	Sanatan & Devotional	sanatan-devotional-3c9729ee-8720-460f-8d5a-b37b5b52d274	ॐ नमो भगवते वासुदेवाय II	399	100253	242	/radio-html/assets/audio/3c9729ee-8720-460f-8d5a-b37b5b52d274.mp3	NULL	NULL	false
sanatan-devotional	Sanatan & Devotional	sanatan-devotional-44d6eaee-1e67-4eaf-af1a-1b53349e55f1	उत्तिष्ठत जाग्रत	400	100495	318	/radio-html/assets/audio/44d6eaee-1e67-4eaf-af1a-1b53349e55f1.mp3	NULL	NULL	false
sanatan-devotional	Sanatan & Devotional	sanatan-devotional-b854fd41-d448-436a-9e15-3727d2099aa7	उत्तिष्ठत जाग्रत	401	100813	326	/radio-html/assets/audio/b854fd41-d448-436a-9e15-3727d2099aa7.mp3	NULL	NULL	false
sanatan-devotional	Sanatan & Devotional	sanatan-devotional-bfa3c452-eab1-44c3-9c0a-869f6c15bc26	यही भारत की पहचान	402	101139	479	/radio-html/assets/audio/bfa3c452-eab1-44c3-9c0a-869f6c15bc26.mp3	NULL	NULL	false
sanatan-devotional	Sanatan & Devotional	sanatan-devotional-8782ebf1-5a4b-45ff-9243-bef558d424fc	यही भारत की पहचान	403	101618	301	/radio-html/assets/audio/8782ebf1-5a4b-45ff-9243-bef558d424fc.mp3	NULL	NULL	false
sanatan-devotional	Sanatan & Devotional	sanatan-devotional-da000daa-342d-4df9-89ab-8523bb3b5320	खोल अकल के ढक्कन	404	101919	305	/radio-html/assets/audio/da000daa-342d-4df9-89ab-8523bb3b5320.mp3	NULL	NULL	false
sanatan-devotional	Sanatan & Devotional	sanatan-devotional-8860015e-eb23-42e2-aaee-c4f0344caf19	खोल अकल के ढक्कन	405	102224	303	/radio-html/assets/audio/8860015e-eb23-42e2-aaee-c4f0344caf19.mp3	NULL	NULL	false
sanatan-devotional	Sanatan & Devotional	sanatan-devotional-0feb7548-012f-4367-8ed6-f47fba0f6ae2	खोल अकल के ढक्कन II	406	102527	203	/radio-html/assets/audio/0feb7548-012f-4367-8ed6-f47fba0f6ae2.mp3	NULL	NULL	false
sanatan-devotional	Sanatan & Devotional	sanatan-devotional-d15ffb48-0e22-4344-96a5-13c18cb5a67f	खोल अकल के ढक्कन II	407	102730	235	/radio-html/assets/audio/d15ffb48-0e22-4344-96a5-13c18cb5a67f.mp3	NULL	NULL	false
sanatan-devotional	Sanatan & Devotional	sanatan-devotional-9ed3d7a1-f789-4aed-8f87-c21c9ae61bf6	खोल अकल के ढक्कन III	408	102965	259	/radio-html/assets/audio/9ed3d7a1-f789-4aed-8f87-c21c9ae61bf6.mp3	NULL	NULL	false
sanatan-devotional	Sanatan & Devotional	sanatan-devotional-d10508db-bd53-40ce-a03c-92f1791b1278	खोल अकल के ढक्कन III	409	103224	237	/radio-html/assets/audio/d10508db-bd53-40ce-a03c-92f1791b1278.mp3	NULL	NULL	false
sanatan-devotional	Sanatan & Devotional	sanatan-devotional-ba695ae4-1b95-4193-b8db-5a873b79c6c4	चंडीगढ़ हरयाणे	410	103461	283	/radio-html/assets/audio/ba695ae4-1b95-4193-b8db-5a873b79c6c4.mp3	NULL	NULL	false
sanatan-devotional	Sanatan & Devotional	sanatan-devotional-2f477298-ce1a-472e-b84b-8930b9c66478	चंडीगढ़ हरयाणे	411	103744	245	/radio-html/assets/audio/2f477298-ce1a-472e-b84b-8930b9c66478.mp3	NULL	NULL	false
sanatan-devotional	Sanatan & Devotional	sanatan-devotional-b30f1dc1-1d59-41dd-af90-dedba164ed3f	अब मंच पर आते हैं:	412	103989	302	/radio-html/assets/audio/b30f1dc1-1d59-41dd-af90-dedba164ed3f.mp3	NULL	NULL	false
sanatan-devotional	Sanatan & Devotional	sanatan-devotional-c76edf13-95b3-42c3-b51e-44b0d31a10dc	अब मंच पर आते हैं:	413	104291	302	/radio-html/assets/audio/c76edf13-95b3-42c3-b51e-44b0d31a10dc.mp3	NULL	NULL	false
sanatan-devotional	Sanatan & Devotional	sanatan-devotional-33ebe00e-d888-4500-be76-653588dca063	【प्रस्तावना – ब्रह्मांड का मंच】	414	104593	315	/radio-html/assets/audio/33ebe00e-d888-4500-be76-653588dca063.mp3	NULL	NULL	false
sanatan-devotional	Sanatan & Devotional	sanatan-devotional-2c90ee6b-74e3-4d2e-9843-9b5fb835b297	【प्रस्तावना – ब्रह्मांड का मंच】	415	104908	281	/radio-html/assets/audio/2c90ee6b-74e3-4d2e-9843-9b5fb835b297.mp3	NULL	NULL	false
sanatan-devotional	Sanatan & Devotional	sanatan-devotional-42598efd-76d4-4683-87c1-176aa832b4ba	【प्रस्तावना – ब्रह्मांड का मंच】 II	416	105189	300	/radio-html/assets/audio/42598efd-76d4-4683-87c1-176aa832b4ba.mp3	NULL	NULL	false
sanatan-devotional	Sanatan & Devotional	sanatan-devotional-bb7e2b90-d7ca-49b6-9135-fe4251447df2	【प्रस्तावना – ब्रह्मांड का मंच】 II	417	105489	320	/radio-html/assets/audio/bb7e2b90-d7ca-49b6-9135-fe4251447df2.mp3	NULL	NULL	false
sanatan-devotional	Sanatan & Devotional	sanatan-devotional-e569c9e8-b660-4a47-83ea-2a36219c3cbd	ॐ अग्निमीळे पुरोहितं	418	105809	282	/radio-html/assets/audio/e569c9e8-b660-4a47-83ea-2a36219c3cbd.mp3	NULL	NULL	false
sanatan-devotional	Sanatan & Devotional	sanatan-devotional-915943e4-087a-4961-9b3c-e24b00c223b8	ॐ अग्निमीळे पुरोहितं	419	106091	279	/radio-html/assets/audio/915943e4-087a-4961-9b3c-e24b00c223b8.mp3	NULL	NULL	false
sanatan-devotional	Sanatan & Devotional	sanatan-devotional-ab674c75-8585-4fd0-89ae-715906b3f772	संस्कृत मंत्र Rigveda vibe	420	106370	287	/radio-html/assets/audio/ab674c75-8585-4fd0-89ae-715906b3f772.mp3	NULL	NULL	false
sanatan-devotional	Sanatan & Devotional	sanatan-devotional-2b8896a5-71c2-4521-b7e8-8a07648444d3	संस्कृत मंत्र Rigveda vibe	421	106657	274	/radio-html/assets/audio/2b8896a5-71c2-4521-b7e8-8a07648444d3.mp3	NULL	NULL	false
sanatan-devotional	Sanatan & Devotional	sanatan-devotional-a27569a5-0751-4d15-842c-63a1adffb59c	نَمّة نَمّة يا حبيبي	422	106931	370	/radio-html/assets/audio/a27569a5-0751-4d15-842c-63a1adffb59c.mp3	NULL	NULL	false
sanatan-devotional	Sanatan & Devotional	sanatan-devotional-1f500bc8-f5ba-4d2c-8156-b182c9b0b46b	نَمّة نَمّة يا حبيبي	423	107301	344	/radio-html/assets/audio/1f500bc8-f5ba-4d2c-8156-b182c9b0b46b.mp3	NULL	NULL	false
sanatan-devotional	Sanatan & Devotional	sanatan-devotional-01105ba5-4a3d-4314-8720-0437796ffc45	नम्मा नम्मा ऐ मेरे प्यारे	424	107645	479	/radio-html/assets/audio/01105ba5-4a3d-4314-8720-0437796ffc45.mp3	NULL	NULL	false
sanatan-devotional	Sanatan & Devotional	sanatan-devotional-7960d8d5-9742-4fb2-9329-3efae9f39d73	नम्मा नम्मा ऐ मेरे प्यारे	425	108124	427	/radio-html/assets/audio/7960d8d5-9742-4fb2-9329-3efae9f39d73.mp3	NULL	NULL	false
sanatan-devotional	Sanatan & Devotional	sanatan-devotional-5b8abaaa-7c56-450e-acfc-00b012e50990	Frère Jacques Frère Jacques	426	108551	207	/radio-html/assets/audio/5b8abaaa-7c56-450e-acfc-00b012e50990.mp3	NULL	NULL	false
sanatan-devotional	Sanatan & Devotional	sanatan-devotional-92279913-e9a8-4341-a4cc-19bd11b142ec	Frère Jacques Frère Jacques	427	108758	197	/radio-html/assets/audio/92279913-e9a8-4341-a4cc-19bd11b142ec.mp3	NULL	NULL	false
sanatan-devotional	Sanatan & Devotional	sanatan-devotional-a93223c5-90c5-469e-aa1d-602c99611cf7	Frère Jacques Frère Jacques II	428	108955	240	/radio-html/assets/audio/a93223c5-90c5-469e-aa1d-602c99611cf7.mp3	NULL	NULL	false
sanatan-devotional	Sanatan & Devotional	sanatan-devotional-5d4e5f42-752b-4d9c-b766-2969cd7ad903	Frère Jacques Frère Jacques II	429	109195	205	/radio-html/assets/audio/5d4e5f42-752b-4d9c-b766-2969cd7ad903.mp3	NULL	NULL	false
sanatan-devotional	Sanatan & Devotional	sanatan-devotional-f4ffd57d-7c3c-440f-814c-1f4307fefb61	सात-ति चोरे दूँड़ बाये	430	109400	177	/radio-html/assets/audio/f4ffd57d-7c3c-440f-814c-1f4307fefb61.mp3	NULL	NULL	false
sanatan-devotional	Sanatan & Devotional	sanatan-devotional-298d61be-50b0-46d5-b063-082b1afd7c3a	सात-ति चोरे दूँड़ बाये	431	109577	202	/radio-html/assets/audio/298d61be-50b0-46d5-b063-082b1afd7c3a.mp3	NULL	NULL	false
sanatan-devotional	Sanatan & Devotional	sanatan-devotional-7153c43c-d1d0-4621-8af5-edb81572ef1b	सात-ति चोरे दूँड़ बाये	432	109779	213	/radio-html/assets/audio/7153c43c-d1d0-4621-8af5-edb81572ef1b.mp3	NULL	NULL	false
sanatan-devotional	Sanatan & Devotional	sanatan-devotional-108c7fe6-6dd1-4e66-92d8-25403bb67a40	सात-ति चोरे दूँड़ बाये	433	109992	228	/radio-html/assets/audio/108c7fe6-6dd1-4e66-92d8-25403bb67a40.mp3	NULL	NULL	false
sanatan-devotional	Sanatan & Devotional	sanatan-devotional-0dfca798-d9bf-41eb-ad1b-fea2ddd3e6fb	खोकन रे तोर घोरे आये	434	110220	250	/radio-html/assets/audio/0dfca798-d9bf-41eb-ad1b-fea2ddd3e6fb.mp3	NULL	NULL	false
sanatan-devotional	Sanatan & Devotional	sanatan-devotional-222f41c8-19ab-42d9-b87c-ca9c4c818caa	खोकन रे तोर घोरे आये	435	110470	264	/radio-html/assets/audio/222f41c8-19ab-42d9-b87c-ca9c4c818caa.mp3	NULL	NULL	false
sanatan-devotional	Sanatan & Devotional	sanatan-devotional-431ccd3f-faa0-48e0-9e03-34be24b470aa	खोकन रे तोर घोरे आये II	436	110734	290	/radio-html/assets/audio/431ccd3f-faa0-48e0-9e03-34be24b470aa.mp3	NULL	NULL	false
sanatan-devotional	Sanatan & Devotional	sanatan-devotional-94ff85f6-fcbf-4004-a7df-5a2b9b6d95eb	खोकन रे तोर घोरे आये II	437	111024	263	/radio-html/assets/audio/94ff85f6-fcbf-4004-a7df-5a2b9b6d95eb.mp3	NULL	NULL	false
sanatan-devotional	Sanatan & Devotional	sanatan-devotional-711f7e2e-f0b6-4c14-8e99-e10c4e480b9e	दौड़ में सब जीत लिया	438	111287	183	/radio-html/assets/audio/711f7e2e-f0b6-4c14-8e99-e10c4e480b9e.mp3	NULL	NULL	false
sanatan-devotional	Sanatan & Devotional	sanatan-devotional-0eb2d750-cbc8-4f32-a693-53d8d313e086	दौड़ में सब जीत लिया	439	111470	156	/radio-html/assets/audio/0eb2d750-cbc8-4f32-a693-53d8d313e086.mp3	NULL	NULL	false
sanatan-devotional	Sanatan & Devotional	sanatan-devotional-99753716-34be-4a43-80b6-7c8bf416bb3e	Force equals	440	111626	189	/radio-html/assets/audio/99753716-34be-4a43-80b6-7c8bf416bb3e.mp3	NULL	NULL	false
sanatan-devotional	Sanatan & Devotional	sanatan-devotional-ad5b8312-e863-4629-adf2-a05966aee8a3	Force equals	441	111815	232	/radio-html/assets/audio/ad5b8312-e863-4629-adf2-a05966aee8a3.mp3	NULL	NULL	false
sanatan-devotional	Sanatan & Devotional	sanatan-devotional-643bbbac-2567-4efb-9f3a-50ac19ce3cd3	Greek:	442	112047	188	/radio-html/assets/audio/643bbbac-2567-4efb-9f3a-50ac19ce3cd3.mp3	NULL	NULL	false
sanatan-devotional	Sanatan & Devotional	sanatan-devotional-79c218fd-2902-4029-acdf-6a572e2d09a0	Greek:	443	112235	212	/radio-html/assets/audio/79c218fd-2902-4029-acdf-6a572e2d09a0.mp3	NULL	NULL	false
sanatan-devotional	Sanatan & Devotional	sanatan-devotional-5e5636bf-1737-4f24-b7f7-cef44e0f22fe	𑖮𑖰𑖠𑖿𑖟𑖽	444	112447	158	/radio-html/assets/audio/5e5636bf-1737-4f24-b7f7-cef44e0f22fe.mp3	NULL	NULL	false
sanatan-devotional	Sanatan & Devotional	sanatan-devotional-c25688a0-b774-48e2-8998-c9783f0d195f	𑖮𑖰𑖠𑖿𑖟𑖽	445	112605	211	/radio-html/assets/audio/c25688a0-b774-48e2-8998-c9783f0d195f.mp3	NULL	NULL	false
sanatan-devotional	Sanatan & Devotional	sanatan-devotional-11b2b802-1595-456f-899e-cc1e79f05185	ॐ नादब्रह्माय नमः	446	112816	130	/radio-html/assets/audio/11b2b802-1595-456f-899e-cc1e79f05185.mp3	NULL	NULL	false
sanatan-devotional	Sanatan & Devotional	sanatan-devotional-f19142fa-b005-4281-857e-bae5435451ca	ॐ नादब्रह्माय नमः	447	112946	125	/radio-html/assets/audio/f19142fa-b005-4281-857e-bae5435451ca.mp3	NULL	NULL	false
sanatan-devotional	Sanatan & Devotional	sanatan-devotional-7837396f-b847-4359-b544-5774ac2f5daa	𑖮𑖰𑖠𑖿𑖟𑖽 II	448	113071	199	/radio-html/assets/audio/7837396f-b847-4359-b544-5774ac2f5daa.mp3	NULL	NULL	false
sanatan-devotional	Sanatan & Devotional	sanatan-devotional-e6510e78-0f69-43f6-9923-8163b91fc272	𑖮𑖰𑖠𑖿𑖟𑖽 II	449	113270	185	/radio-html/assets/audio/e6510e78-0f69-43f6-9923-8163b91fc272.mp3	NULL	NULL	false
sanatan-devotional	Sanatan & Devotional	sanatan-devotional-f5bedf87-fc25-478b-94ad-3e18b12e6ba2	आयी आयी आयी	450	113455	183	/radio-html/assets/audio/f5bedf87-fc25-478b-94ad-3e18b12e6ba2.mp3	NULL	NULL	false
sanatan-devotional	Sanatan & Devotional	sanatan-devotional-0e0098d4-f9c4-4d28-b3f0-20f38ba73e36	आयी आयी आयी	451	113638	147	/radio-html/assets/audio/0e0098d4-f9c4-4d28-b3f0-20f38ba73e36.mp3	NULL	NULL	false
sanatan-devotional	Sanatan & Devotional	sanatan-devotional-8637c70f-2e69-4d3c-8902-20a2dbdbf3a3	आई माई का अंधा प्यार	452	113785	95	/radio-html/assets/audio/8637c70f-2e69-4d3c-8902-20a2dbdbf3a3.mp3	NULL	NULL	false
sanatan-devotional	Sanatan & Devotional	sanatan-devotional-ffa5cf10-0865-4bac-9d60-f37822b2f922	आई माई का अंधा प्यार	453	113880	133	/radio-html/assets/audio/ffa5cf10-0865-4bac-9d60-f37822b2f922.mp3	NULL	NULL	false
sanatan-devotional	Sanatan & Devotional	sanatan-devotional-cf70934b-58c5-4191-91e7-de0bd63362c4	Replace 01:09-01:09 (06:30 AM Mar 12)	454	114013	30	/radio-html/assets/audio/cf70934b-58c5-4191-91e7-de0bd63362c4.mp3	NULL	NULL	false
sanatan-devotional	Sanatan & Devotional	sanatan-devotional-0d3d2d6f-939b-4d8a-bf49-2b1e080d944e	Replace 01:09-01:09 (06:30 AM Mar 12)	455	114043	30	/radio-html/assets/audio/0d3d2d6f-939b-4d8a-bf49-2b1e080d944e.mp3	NULL	NULL	false
sanatan-devotional	Sanatan & Devotional	sanatan-devotional-b876868f-7ad9-437c-8a9a-985c1e15869d	ॐ नाद ब्रह्माय नमः	456	114073	232	/radio-html/assets/audio/b876868f-7ad9-437c-8a9a-985c1e15869d.mp3	NULL	NULL	false
sanatan-devotional	Sanatan & Devotional	sanatan-devotional-32f65fcc-9867-4491-9f3f-f79076b657df	ॐ नाद ब्रह्माय नमः	457	114305	240	/radio-html/assets/audio/32f65fcc-9867-4491-9f3f-f79076b657df.mp3	NULL	NULL	false
sanatan-devotional	Sanatan & Devotional	sanatan-devotional-b4587005-bec9-4fd3-be9a-f8a9704d9c09	ॐ नाद ब्रह्माय नमः	458	114545	232	/radio-html/assets/audio/b4587005-bec9-4fd3-be9a-f8a9704d9c09.mp3	NULL	NULL	false
sanatan-devotional	Sanatan & Devotional	sanatan-devotional-1daf1c07-046b-424d-8daa-53684e2182dd	ॐ नाद ब्रह्माय नमः	459	114777	240	/radio-html/assets/audio/1daf1c07-046b-424d-8daa-53684e2182dd.mp3	NULL	NULL	false
sanatan-devotional	Sanatan & Devotional	sanatan-devotional-d9cce68e-a94b-4ad4-baaa-f327f7b3b857	ॐ नाद ब्रह्माय नमः	460	115017	112	/radio-html/assets/audio/d9cce68e-a94b-4ad4-baaa-f327f7b3b857.mp3	NULL	NULL	false
sanatan-devotional	Sanatan & Devotional	sanatan-devotional-a4e0a7f3-9d30-4d38-917f-7152d7ab7cbb	ॐ नाद ब्रह्माय नमः	461	115129	107	/radio-html/assets/audio/a4e0a7f3-9d30-4d38-917f-7152d7ab7cbb.mp3	NULL	NULL	false
sanatan-devotional	Sanatan & Devotional	sanatan-devotional-506a890d-db34-4aca-a456-9943e1467713	ॐ नाद ब्रह्माय नमः	462	115236	122	/radio-html/assets/audio/506a890d-db34-4aca-a456-9943e1467713.mp3	NULL	NULL	false
sanatan-devotional	Sanatan & Devotional	sanatan-devotional-5f3c39b1-4e21-4da6-8fec-d0305d37cfd8	ॐ नाद ब्रह्माय नमः	463	115358	119	/radio-html/assets/audio/5f3c39b1-4e21-4da6-8fec-d0305d37cfd8.mp3	NULL	NULL	false
sanatan-devotional	Sanatan & Devotional	sanatan-devotional-3dea2c46-9d5a-402e-9058-77e26312bb54	आयी आयी आयी II	464	115477	248	/radio-html/assets/audio/3dea2c46-9d5a-402e-9058-77e26312bb54.mp3	NULL	NULL	false
sanatan-devotional	Sanatan & Devotional	sanatan-devotional-bc3038d3-816b-4879-aa78-6815db0853df	आयी आयी आयी II	465	115725	261	/radio-html/assets/audio/bc3038d3-816b-4879-aa78-6815db0853df.mp3	NULL	NULL	false
sanatan-devotional	Sanatan & Devotional	sanatan-devotional-3741f8d9-ee63-459b-8ebe-01454f706d38	Sanatan Vedic (Instrumental)	466	115986	176	/radio-html/assets/audio/3741f8d9-ee63-459b-8ebe-01454f706d38.mp3	NULL	NULL	false
sanatan-devotional	Sanatan & Devotional	sanatan-devotional-5d0161fa-6647-4a40-be7e-121a88d2b2a3	आयी आयी आयी III	467	116162	161	/radio-html/assets/audio/5d0161fa-6647-4a40-be7e-121a88d2b2a3.mp3	NULL	NULL	false
sanatan-devotional	Sanatan & Devotional	sanatan-devotional-fabdd7cf-3445-4b3f-8bd3-d5df256ebc2b	आयी आयी आयी III	468	116323	175	/radio-html/assets/audio/fabdd7cf-3445-4b3f-8bd3-d5df256ebc2b.mp3	NULL	NULL	false
sanatan-devotional	Sanatan & Devotional	sanatan-devotional-474b5afb-1073-42d4-a1b5-16fbfdce636d	आयी आयी आयी III	469	116498	170	/radio-html/assets/audio/474b5afb-1073-42d4-a1b5-16fbfdce636d.mp3	NULL	NULL	false
sanatan-devotional	Sanatan & Devotional	sanatan-devotional-25982a1c-a0b7-4bdc-9d4c-c685bb4d58d2	भर्गो देवस्य धीमहि	470	116668	223	/radio-html/assets/audio/25982a1c-a0b7-4bdc-9d4c-c685bb4d58d2.mp3	NULL	NULL	false
sanatan-devotional	Sanatan & Devotional	sanatan-devotional-17d23524-7ba8-4e59-a60c-3536c34d0a1b	भर्गो देवस्य धीमहि	471	116891	260	/radio-html/assets/audio/17d23524-7ba8-4e59-a60c-3536c34d0a1b.mp3	NULL	NULL	false
sanatan-devotional	Sanatan & Devotional	sanatan-devotional-b7c30d72-6ce4-4dcf-a098-a08b77b3c805	Sanatan Vedic (Instrumental) II	472	117151	254	/radio-html/assets/audio/b7c30d72-6ce4-4dcf-a098-a08b77b3c805.mp3	NULL	NULL	false
sanatan-devotional	Sanatan & Devotional	sanatan-devotional-a4e69def-6d0d-4f12-8718-029de266a4a2	Transliteration II	473	117405	403	/radio-html/assets/audio/a4e69def-6d0d-4f12-8718-029de266a4a2.mp3	NULL	NULL	false
sanatan-devotional	Sanatan & Devotional	sanatan-devotional-319ac1b1-c380-4dbf-a2d5-8b7855354317	muniya	474	117808	128	/radio-html/assets/audio/319ac1b1-c380-4dbf-a2d5-8b7855354317.mp3	NULL	NULL	false
sanatan-devotional	Sanatan & Devotional	sanatan-devotional-ced1ef9f-bfc6-4a3a-9818-6308807aef1e	muniya	475	117936	102	/radio-html/assets/audio/ced1ef9f-bfc6-4a3a-9818-6308807aef1e.mp3	NULL	NULL	false
sanatan-devotional	Sanatan & Devotional	sanatan-devotional-764eab1d-f307-4665-bfc4-feb4bbb042a4	muniya	476	118038	124	/radio-html/assets/audio/764eab1d-f307-4665-bfc4-feb4bbb042a4.mp3	NULL	NULL	false
sanatan-devotional	Sanatan & Devotional	sanatan-devotional-77d02fc3-250d-47bd-bcf8-80f45421948d	muniya	477	118162	162	/radio-html/assets/audio/77d02fc3-250d-47bd-bcf8-80f45421948d.mp3	NULL	NULL	false
sanatan-devotional	Sanatan & Devotional	sanatan-devotional-73ebc666-cec7-4c6b-a855-1de4b0db7dc4	muniya	478	118324	154	/radio-html/assets/audio/73ebc666-cec7-4c6b-a855-1de4b0db7dc4.mp3	NULL	NULL	false
sanatan-devotional	Sanatan & Devotional	sanatan-devotional-b54e87b1-dff9-41bf-969d-e0a19cce756c	muniya	479	118478	152	/radio-html/assets/audio/b54e87b1-dff9-41bf-969d-e0a19cce756c.mp3	NULL	NULL	false
sanatan-devotional	Sanatan & Devotional	sanatan-devotional-fc2e9468-9cb2-4110-8a81-60b45d7424ab	red compare	480	118630	192	/radio-html/assets/audio/fc2e9468-9cb2-4110-8a81-60b45d7424ab.mp3	NULL	NULL	false
sanatan-devotional	Sanatan & Devotional	sanatan-devotional-4bf11224-86d3-49f9-8ddd-60e3375da890	red compare	481	118822	149	/radio-html/assets/audio/4bf11224-86d3-49f9-8ddd-60e3375da890.mp3	NULL	NULL	false
sanatan-devotional	Sanatan & Devotional	sanatan-devotional-79b04114-d41e-4c68-9933-4e9a7845ff81	red compare	482	118971	203	/radio-html/assets/audio/79b04114-d41e-4c68-9933-4e9a7845ff81.mp3	NULL	NULL	false
sanatan-devotional	Sanatan & Devotional	sanatan-devotional-9e52df79-607c-4e64-9b32-89b97c3e8dc9	red compare	483	119174	237	/radio-html/assets/audio/9e52df79-607c-4e64-9b32-89b97c3e8dc9.mp3	NULL	NULL	false
sanatan-devotional	Sanatan & Devotional	sanatan-devotional-6adf98e7-94d8-4005-a05b-25fbfda301f0	red compare	484	119411	195	/radio-html/assets/audio/6adf98e7-94d8-4005-a05b-25fbfda301f0.mp3	NULL	NULL	false
sanatan-devotional	Sanatan & Devotional	sanatan-devotional-767143b0-de77-4777-a7b7-1eee32a17256	red compare	485	119606	175	/radio-html/assets/audio/767143b0-de77-4777-a7b7-1eee32a17256.mp3	NULL	NULL	false
sanatan-devotional	Sanatan & Devotional	sanatan-devotional-dd614877-e23b-45fa-b39a-80fa94764196	red compare	486	119781	166	/radio-html/assets/audio/dd614877-e23b-45fa-b39a-80fa94764196.mp3	NULL	NULL	false
sanatan-devotional	Sanatan & Devotional	sanatan-devotional-ab8341bb-bf13-42ed-96a7-260d7b78c176	red compare	487	119947	195	/radio-html/assets/audio/ab8341bb-bf13-42ed-96a7-260d7b78c176.mp3	NULL	NULL	false
sanatan-devotional	Sanatan & Devotional	sanatan-devotional-ca2f7d24-dce8-4f7e-8f4d-63b8c399382c	red compare	488	120142	127	/radio-html/assets/audio/ca2f7d24-dce8-4f7e-8f4d-63b8c399382c.mp3	NULL	NULL	false
sanatan-devotional	Sanatan & Devotional	sanatan-devotional-dfb1bf8b-6966-41d8-b245-3da8220288a9	red compare	489	120269	147	/radio-html/assets/audio/dfb1bf8b-6966-41d8-b245-3da8220288a9.mp3	NULL	NULL	false
sanatan-devotional	Sanatan & Devotional	sanatan-devotional-0ef3d205-739a-4b55-991e-f733b6ea9a29	First Comes the Word	490	120416	142	/radio-html/assets/audio/0ef3d205-739a-4b55-991e-f733b6ea9a29.mp3	NULL	NULL	false
sanatan-devotional	Sanatan & Devotional	sanatan-devotional-f15c8e9b-271a-4e48-8fd3-77cedf717209	First Comes the Word	491	120558	140	/radio-html/assets/audio/f15c8e9b-271a-4e48-8fd3-77cedf717209.mp3	NULL	NULL	false
sanatan-devotional	Sanatan & Devotional	sanatan-devotional-3aee5620-6355-4e7c-8dab-c1e12f9a32dc	सन्दर्भ की परिभाषा	492	120698	377	/radio-html/assets/audio/3aee5620-6355-4e7c-8dab-c1e12f9a32dc.mp3	NULL	NULL	false
sanatan-devotional	Sanatan & Devotional	sanatan-devotional-933572dc-5bc2-4924-9f94-ea6aa0e873c8	सन्दर्भ की परिभाषा	493	121075	467	/radio-html/assets/audio/933572dc-5bc2-4924-9f94-ea6aa0e873c8.mp3	NULL	NULL	false
sanatan-devotional	Sanatan & Devotional	sanatan-devotional-496810df-e327-42bc-bf1e-1ae6d9f62ca4	सन्दर्भ की परिभाषा	494	121542	330	/radio-html/assets/audio/496810df-e327-42bc-bf1e-1ae6d9f62ca4.mp3	NULL	NULL	false
sanatan-devotional	Sanatan & Devotional	sanatan-devotional-63dee4cd-523c-47e2-a9bd-925baf55aa2d	सन्दर्भ की परिभाषा	495	121872	335	/radio-html/assets/audio/63dee4cd-523c-47e2-a9bd-925baf55aa2d.mp3	NULL	NULL	false
sanatan-devotional	Sanatan & Devotional	sanatan-devotional-10e904b9-006d-4a2f-989d-9d613a84c9d1	सन्दर्भ की परिभाषा	496	122207	225	/radio-html/assets/audio/10e904b9-006d-4a2f-989d-9d613a84c9d1.mp3	NULL	NULL	false
sanatan-devotional	Sanatan & Devotional	sanatan-devotional-423f80fa-88d7-4cf4-b06d-c284d9d11d66	सन्दर्भ की परिभाषा	497	122432	220	/radio-html/assets/audio/423f80fa-88d7-4cf4-b06d-c284d9d11d66.mp3	NULL	NULL	false
sanatan-devotional	Sanatan & Devotional	sanatan-devotional-8850934b-cdb1-4254-bedf-83595eb359bb	ram ki gilahari	498	122652	253	/radio-html/assets/audio/8850934b-cdb1-4254-bedf-83595eb359bb.mp3	NULL	NULL	false
sanatan-devotional	Sanatan & Devotional	sanatan-devotional-48b87be5-26d7-45e7-8598-8bcfc1de303a	ram ki gilahari	499	122905	248	/radio-html/assets/audio/48b87be5-26d7-45e7-8598-8bcfc1de303a.mp3	NULL	NULL	false
sanatan-devotional	Sanatan & Devotional	sanatan-devotional-b72a5071-8cf9-4efd-9204-269cc25de272	ram ki gilahari	500	123153	314	/radio-html/assets/audio/b72a5071-8cf9-4efd-9204-269cc25de272.mp3	NULL	NULL	false
sanatan-devotional	Sanatan & Devotional	sanatan-devotional-a25843ec-cf77-404a-ba33-1c77bf208a5f	ram ki gilahari	501	123467	324	/radio-html/assets/audio/a25843ec-cf77-404a-ba33-1c77bf208a5f.mp3	NULL	NULL	false
sanatan-devotional	Sanatan & Devotional	sanatan-devotional-ca288e06-1055-405b-b5d6-0658613608d7	ram ki gilahari	502	123791	240	/radio-html/assets/audio/ca288e06-1055-405b-b5d6-0658613608d7.mp3	NULL	NULL	false
sanatan-devotional	Sanatan & Devotional	sanatan-devotional-f281e5bc-94e4-4a34-a3f4-601fcbfb4f1b	ram ki gilahari	503	124031	256	/radio-html/assets/audio/f281e5bc-94e4-4a34-a3f4-601fcbfb4f1b.mp3	NULL	NULL	false
sanatan-devotional	Sanatan & Devotional	sanatan-devotional-e60a91fa-776c-4076-8d17-2b16fc0b4a46	पपिया	504	124287	479	/radio-html/assets/audio/e60a91fa-776c-4076-8d17-2b16fc0b4a46.mp3	NULL	NULL	false
sanatan-devotional	Sanatan & Devotional	sanatan-devotional-d8019a5d-29e1-445e-a172-633778687c7d	पपिया	505	124766	340	/radio-html/assets/audio/d8019a5d-29e1-445e-a172-633778687c7d.mp3	NULL	NULL	false
sanatan-devotional	Sanatan & Devotional	sanatan-devotional-ff609686-fea5-492d-a625-50aca90796bf	पपिया	506	125106	152	/radio-html/assets/audio/ff609686-fea5-492d-a625-50aca90796bf.mp3	NULL	NULL	false
sanatan-devotional	Sanatan & Devotional	sanatan-devotional-1a0e5d48-e452-49c3-aa99-901dbf9b1e23	पपिया	507	125258	198	/radio-html/assets/audio/1a0e5d48-e452-49c3-aa99-901dbf9b1e23.mp3	NULL	NULL	false
sanatan-devotional	Sanatan & Devotional	sanatan-devotional-d08d5d69-511b-4d16-86f7-9f38fabf7bff	WhatsApp Audio 2026-03-10 at 23.22.50	508	125456	65	/radio-html/assets/audio/d08d5d69-511b-4d16-86f7-9f38fabf7bff.mp3	NULL	NULL	false
sanatan-devotional	Sanatan & Devotional	sanatan-devotional-a02e5b7b-4082-4379-8728-b47dd277d6bc	mahadev	509	125521	208	/radio-html/assets/audio/a02e5b7b-4082-4379-8728-b47dd277d6bc.mp3	NULL	NULL	false
sanatan-devotional	Sanatan & Devotional	sanatan-devotional-a1b21d0a-772f-4abb-844b-e635fe83916d	mahadev	510	125729	225	/radio-html/assets/audio/a1b21d0a-772f-4abb-844b-e635fe83916d.mp3	NULL	NULL	false
sanatan-devotional	Sanatan & Devotional	sanatan-devotional-a19088bc-7520-4b85-95d9-1c3ea882182e	mahadev	511	125954	200	/radio-html/assets/audio/a19088bc-7520-4b85-95d9-1c3ea882182e.mp3	NULL	NULL	false
sanatan-devotional	Sanatan & Devotional	sanatan-devotional-26be0fe7-c291-4924-9ac3-2b083d18f6a7	mahadev	512	126154	236	/radio-html/assets/audio/26be0fe7-c291-4924-9ac3-2b083d18f6a7.mp3	NULL	NULL	false
sufi-qawwali	Sufi & Qawwali	sufi-qawwali-bcb08d50-076e-4408-ae04-389701191ee3	हनु-मान् हनु	1	0	479	/radio-html/assets/audio/bcb08d50-076e-4408-ae04-389701191ee3.mp3	NULL	NULL	false
sufi-qawwali	Sufi & Qawwali	sufi-qawwali-5873f9a6-c7cc-475b-8560-a6200c367731	हनु-मान् हनु	2	479	479	/radio-html/assets/audio/5873f9a6-c7cc-475b-8560-a6200c367731.mp3	NULL	NULL	false
sufi-qawwali	Sufi & Qawwali	sufi-qawwali-0551f9c5-85b2-43c5-a715-b29b3a10df0c	कबीर निर्गुण	3	958	225	/radio-html/assets/audio/0551f9c5-85b2-43c5-a715-b29b3a10df0c.mp3	NULL	NULL	false
sufi-qawwali	Sufi & Qawwali	sufi-qawwali-77a40556-adc6-4bd2-bf2d-3bfac249ad2a	कबीर निर्गुण	4	1183	240	/radio-html/assets/audio/77a40556-adc6-4bd2-bf2d-3bfac249ad2a.mp3	NULL	NULL	false
sufi-qawwali	Sufi & Qawwali	sufi-qawwali-e1ec848b-c158-4366-ba75-bb0d12943801	चाणक्य सिक्का	5	1423	100	/radio-html/assets/audio/e1ec848b-c158-4366-ba75-bb0d12943801.mp3	NULL	NULL	false
sufi-qawwali	Sufi & Qawwali	sufi-qawwali-4573b54b-63f0-4dac-9e7a-4ba9ddf8acbc	चाणक्य सिक्का	6	1523	116	/radio-html/assets/audio/4573b54b-63f0-4dac-9e7a-4ba9ddf8acbc.mp3	NULL	NULL	false
sufi-qawwali	Sufi & Qawwali	sufi-qawwali-eae4f2af-ad53-414e-b47b-70dcd331427a	चांदी का सिक्का	7	1639	212	/radio-html/assets/audio/eae4f2af-ad53-414e-b47b-70dcd331427a.mp3	NULL	NULL	false
sufi-qawwali	Sufi & Qawwali	sufi-qawwali-961c3ee7-95d5-4fc3-86be-9fc9344cb1b1	चांदी का सिक्का	8	1851	219	/radio-html/assets/audio/961c3ee7-95d5-4fc3-86be-9fc9344cb1b1.mp3	NULL	NULL	false
sufi-qawwali	Sufi & Qawwali	sufi-qawwali-55b29326-16e4-4e61-84ab-ce7f6cd164df	साती माटी-चोला	9	2070	298	/radio-html/assets/audio/55b29326-16e4-4e61-84ab-ce7f6cd164df.mp3	NULL	NULL	false
sufi-qawwali	Sufi & Qawwali	sufi-qawwali-a3348700-9ecb-4d78-8344-aaf875575f8f	साती माटी-चोला	10	2368	335	/radio-html/assets/audio/a3348700-9ecb-4d78-8344-aaf875575f8f.mp3	NULL	NULL	false
sufi-qawwali	Sufi & Qawwali	sufi-qawwali-989e203d-59cf-43b4-b450-bd5f5fdf28a6	ख़्वाब-धागा आधा	11	2703	290	/radio-html/assets/audio/989e203d-59cf-43b4-b450-bd5f5fdf28a6.mp3	NULL	NULL	false
sufi-qawwali	Sufi & Qawwali	sufi-qawwali-6773c614-261b-461b-9eab-54efb5810575	ख़्वाब-धागा आधा	12	2993	298	/radio-html/assets/audio/6773c614-261b-461b-9eab-54efb5810575.mp3	NULL	NULL	false
sufi-qawwali	Sufi & Qawwali	sufi-qawwali-62780b6c-9eb0-43e2-91f7-38e05b1458db	साहब खोज जंग	13	3291	194	/radio-html/assets/audio/62780b6c-9eb0-43e2-91f7-38e05b1458db.mp3	NULL	NULL	false
sufi-qawwali	Sufi & Qawwali	sufi-qawwali-081d7d0e-d5f4-455e-9716-46f8bfcd192f	साहब खोज जंग	14	3485	178	/radio-html/assets/audio/081d7d0e-d5f4-455e-9716-46f8bfcd192f.mp3	NULL	NULL	false
sufi-qawwali	Sufi & Qawwali	sufi-qawwali-d02ff9aa-08de-4c3c-894a-5d78bf3883f8	जैठ की दुपहरी	15	3663	248	/radio-html/assets/audio/d02ff9aa-08de-4c3c-894a-5d78bf3883f8.mp3	NULL	NULL	false
sufi-qawwali	Sufi & Qawwali	sufi-qawwali-b39097fb-81be-40f8-bc18-46c757b2ce0c	जैठ की दुपहरी	16	3911	253	/radio-html/assets/audio/b39097fb-81be-40f8-bc18-46c757b2ce0c.mp3	NULL	NULL	false
sufi-qawwali	Sufi & Qawwali	sufi-qawwali-2b4d9843-2835-4383-b5f5-f90a9f2cde42	घुटने-छुपा एक	17	4164	283	/radio-html/assets/audio/2b4d9843-2835-4383-b5f5-f90a9f2cde42.mp3	NULL	NULL	false
sufi-qawwali	Sufi & Qawwali	sufi-qawwali-f0e7033c-a246-4902-a230-945e9796c695	घुटने-छुपा एक	18	4447	287	/radio-html/assets/audio/f0e7033c-a246-4902-a230-945e9796c695.mp3	NULL	NULL	false
sufi-qawwali	Sufi & Qawwali	sufi-qawwali-e553b9c9-27cd-43b9-a4e0-f97ca910e45d	नाम अनेक एक	19	4734	479	/radio-html/assets/audio/e553b9c9-27cd-43b9-a4e0-f97ca910e45d.mp3	NULL	NULL	false
sufi-qawwali	Sufi & Qawwali	sufi-qawwali-91ec0002-3ce7-418e-a969-3c1a00f9f662	नाम अनेक एक	20	5213	479	/radio-html/assets/audio/91ec0002-3ce7-418e-a969-3c1a00f9f662.mp3	NULL	NULL	false
sufi-qawwali	Sufi & Qawwali	sufi-qawwali-cb2c77c5-2aab-4459-9d5f-84c4024be973	नाम-छुपा दाता	21	5692	479	/radio-html/assets/audio/cb2c77c5-2aab-4459-9d5f-84c4024be973.mp3	NULL	NULL	false
sufi-qawwali	Sufi & Qawwali	sufi-qawwali-b25c705c-37d8-4b8f-8f80-49fc861fb6a5	नाम-छुपा दाता	22	6171	210	/radio-html/assets/audio/b25c705c-37d8-4b8f-8f80-49fc861fb6a5.mp3	NULL	NULL	false
sufi-qawwali	Sufi & Qawwali	sufi-qawwali-2aa5f8f0-1fd1-4473-9dd2-a3db61cfd0dc	वो है-इसलिए मैं	23	6381	122	/radio-html/assets/audio/2aa5f8f0-1fd1-4473-9dd2-a3db61cfd0dc.mp3	NULL	NULL	false
sufi-qawwali	Sufi & Qawwali	sufi-qawwali-4cf08691-a7ea-40e0-bd21-8b0b272cb3f6	वो है-इसलिए मैं	24	6503	112	/radio-html/assets/audio/4cf08691-a7ea-40e0-bd21-8b0b272cb3f6.mp3	NULL	NULL	false
sufi-qawwali	Sufi & Qawwali	sufi-qawwali-2dbdbe4b-7abb-4214-b3ea-768e09a3cce1	चप्पल-झिड़कियाँ	25	6615	233	/radio-html/assets/audio/2dbdbe4b-7abb-4214-b3ea-768e09a3cce1.mp3	NULL	NULL	false
sufi-qawwali	Sufi & Qawwali	sufi-qawwali-bb4a0cdc-93a8-4846-a9c5-30071f2fcf78	चप्पल-झिड़कियाँ	26	6848	217	/radio-html/assets/audio/bb4a0cdc-93a8-4846-a9c5-30071f2fcf78.mp3	NULL	NULL	false
sufi-qawwali	Sufi & Qawwali	sufi-qawwali-e6e7cdf5-7183-436b-b56a-c8060859c0de	माँ की बेलन-झिड़कियाँ	27	7065	201	/radio-html/assets/audio/e6e7cdf5-7183-436b-b56a-c8060859c0de.mp3	NULL	NULL	false
sufi-qawwali	Sufi & Qawwali	sufi-qawwali-5d3de852-628c-4d4e-83dc-4e2d0f91338a	माँ की बेलन-झिड़कियाँ	28	7266	222	/radio-html/assets/audio/5d3de852-628c-4d4e-83dc-4e2d0f91338a.mp3	NULL	NULL	false
sufi-qawwali	Sufi & Qawwali	sufi-qawwali-bd82b09f-8f58-4b13-8ae8-b3c88ea71ee4	बंसी तान बिरह	29	7488	319	/radio-html/assets/audio/bd82b09f-8f58-4b13-8ae8-b3c88ea71ee4.mp3	NULL	NULL	false
sufi-qawwali	Sufi & Qawwali	sufi-qawwali-cb3b5a5b-0158-437f-bb0f-a905d88de403	बंसी तान बिरह	30	7807	301	/radio-html/assets/audio/cb3b5a5b-0158-437f-bb0f-a905d88de403.mp3	NULL	NULL	false
sufi-qawwali	Sufi & Qawwali	sufi-qawwali-6093fffc-e0fc-44c3-b9b9-66d4d27c8180	तोरि बंसी तान	31	8108	323	/radio-html/assets/audio/6093fffc-e0fc-44c3-b9b9-66d4d27c8180.mp3	NULL	NULL	false
sufi-qawwali	Sufi & Qawwali	sufi-qawwali-2ad65ecc-4658-4a67-ad4f-68cbd8705a93	तोरि बंसी तान	32	8431	479	/radio-html/assets/audio/2ad65ecc-4658-4a67-ad4f-68cbd8705a93.mp3	NULL	NULL	false
sufi-qawwali	Sufi & Qawwali	sufi-qawwali-bc6100f3-8fad-4df5-a8c1-3cd98848d069	बंसीधर ताज	33	8910	342	/radio-html/assets/audio/bc6100f3-8fad-4df5-a8c1-3cd98848d069.mp3	NULL	NULL	false
sufi-qawwali	Sufi & Qawwali	sufi-qawwali-bdf090e4-3d39-4d47-863b-7bd1757feb8d	बंसीधर ताज	34	9252	342	/radio-html/assets/audio/bdf090e4-3d39-4d47-863b-7bd1757feb8d.mp3	NULL	NULL	false
sufi-qawwali	Sufi & Qawwali	sufi-qawwali-87cb98e9-3781-4876-86b0-4540f8ecf4b1	रेत पर निशाँ	35	9594	229	/radio-html/assets/audio/87cb98e9-3781-4876-86b0-4540f8ecf4b1.mp3	NULL	NULL	false
sufi-qawwali	Sufi & Qawwali	sufi-qawwali-18cc6ebd-d8fe-4bf0-a598-1abdd0082fc7	रेत पर निशाँ	36	9823	238	/radio-html/assets/audio/18cc6ebd-d8fe-4bf0-a598-1abdd0082fc7.mp3	NULL	NULL	false
sufi-qawwali	Sufi & Qawwali	sufi-qawwali-8e51259c-2c1b-4d8c-9937-a9210c11f9e0	मेट्रो हम-डोल	37	10061	233	/radio-html/assets/audio/8e51259c-2c1b-4d8c-9937-a9210c11f9e0.mp3	NULL	NULL	false
sufi-qawwali	Sufi & Qawwali	sufi-qawwali-489eb949-4a6f-43a9-a57f-0c8d38c447f8	मेट्रो हम-डोल	38	10294	265	/radio-html/assets/audio/489eb949-4a6f-43a9-a57f-0c8d38c447f8.mp3	NULL	NULL	false
sufi-qawwali	Sufi & Qawwali	sufi-qawwali-302d74f4-c980-41ab-9517-7315d88c6f17	Animatrix Bootloop	39	10559	245	/radio-html/assets/audio/302d74f4-c980-41ab-9517-7315d88c6f17.mp3	NULL	NULL	false
sufi-qawwali	Sufi & Qawwali	sufi-qawwali-fe9e7ab6-a016-4774-9a1e-43f4e2598a18	Animatrix Bootloop	40	10804	251	/radio-html/assets/audio/fe9e7ab6-a016-4774-9a1e-43f4e2598a18.mp3	NULL	NULL	false
sufi-qawwali	Sufi & Qawwali	sufi-qawwali-6fdb63c2-38cc-46f4-9872-4c0d1fec3922	मेरा अंतरमान डोले	41	11055	256	/radio-html/assets/audio/6fdb63c2-38cc-46f4-9872-4c0d1fec3922.mp3	NULL	NULL	false
sufi-qawwali	Sufi & Qawwali	sufi-qawwali-920539b8-cbfd-4c49-8404-bb0fbaa9dc11	मेरा अंतरमान डोले	42	11311	240	/radio-html/assets/audio/920539b8-cbfd-4c49-8404-bb0fbaa9dc11.mp3	NULL	NULL	false
sufi-qawwali	Sufi & Qawwali	sufi-qawwali-a4a5bc5a-d81d-4f39-9713-104d788188ad	Duduk Cello Oath	43	11551	271	/radio-html/assets/audio/a4a5bc5a-d81d-4f39-9713-104d788188ad.mp3	NULL	NULL	false
sufi-qawwali	Sufi & Qawwali	sufi-qawwali-1b6225a2-fb64-49aa-94db-802efe864623	Duduk Cello Oath	44	11822	252	/radio-html/assets/audio/1b6225a2-fb64-49aa-94db-802efe864623.mp3	NULL	NULL	false
sufi-qawwali	Sufi & Qawwali	sufi-qawwali-5bb71084-6ab7-4e1b-b9d2-1b1f5dcd962a	कुचली-पुचली लाला	45	12074	312	/radio-html/assets/audio/5bb71084-6ab7-4e1b-b9d2-1b1f5dcd962a.mp3	NULL	NULL	false
sufi-qawwali	Sufi & Qawwali	sufi-qawwali-a3921a5e-3468-4352-82c7-464bbbbdee6f	कुचली-पुचली लाला	46	12386	304	/radio-html/assets/audio/a3921a5e-3468-4352-82c7-464bbbbdee6f.mp3	NULL	NULL	false
sufi-qawwali	Sufi & Qawwali	sufi-qawwali-dc660165-69b6-427e-bf5d-63ad71c4fe72	Khaki Naata	47	12690	409	/radio-html/assets/audio/dc660165-69b6-427e-bf5d-63ad71c4fe72.mp3	NULL	NULL	false
sufi-qawwali	Sufi & Qawwali	sufi-qawwali-e34d5702-04b2-4e44-8ee0-ba8fa513b3f9	Khaki Naata	48	13099	402	/radio-html/assets/audio/e34d5702-04b2-4e44-8ee0-ba8fa513b3f9.mp3	NULL	NULL	false
sufi-qawwali	Sufi & Qawwali	sufi-qawwali-1ce73d27-b360-4dfa-8533-a54c5e1743b0	Chirag-Hawa Saza	49	13501	395	/radio-html/assets/audio/1ce73d27-b360-4dfa-8533-a54c5e1743b0.mp3	NULL	NULL	false
sufi-qawwali	Sufi & Qawwali	sufi-qawwali-2571d6ce-4581-46f0-979a-ad146a326d31	Chirag-Hawa Saza	50	13896	379	/radio-html/assets/audio/2571d6ce-4581-46f0-979a-ad146a326d31.mp3	NULL	NULL	false
sufi-qawwali	Sufi & Qawwali	sufi-qawwali-eb83681b-2fdb-4f0f-b17b-e4d834c5e311	تدبیرِ خاک	51	14275	387	/radio-html/assets/audio/eb83681b-2fdb-4f0f-b17b-e4d834c5e311.mp3	NULL	NULL	false
sufi-qawwali	Sufi & Qawwali	sufi-qawwali-42b244c3-4969-4900-a05f-905ab4afdd3a	تدبیرِ خاک	52	14662	404	/radio-html/assets/audio/42b244c3-4969-4900-a05f-905ab4afdd3a.mp3	NULL	NULL	false
sufi-qawwali	Sufi & Qawwali	sufi-qawwali-b85e41bd-e69a-481f-b12a-88bbf8b8902b	Khaksar Diya	53	15066	388	/radio-html/assets/audio/b85e41bd-e69a-481f-b12a-88bbf8b8902b.mp3	NULL	NULL	false
sufi-qawwali	Sufi & Qawwali	sufi-qawwali-6cd28c91-198a-4d8b-bad2-26ebd34288a2	Khaksar Diya	54	15454	364	/radio-html/assets/audio/6cd28c91-198a-4d8b-bad2-26ebd34288a2.mp3	NULL	NULL	false
sufi-qawwali	Sufi & Qawwali	sufi-qawwali-87fea1fe-2c22-4af4-a777-87a8b62cc57a	Tadbeer Barbaad	55	15818	242	/radio-html/assets/audio/87fea1fe-2c22-4af4-a777-87a8b62cc57a.mp3	NULL	NULL	false
sufi-qawwali	Sufi & Qawwali	sufi-qawwali-ec8c8bad-3326-4953-a468-776d3732f487	Tadbeer Barbaad	56	16060	243	/radio-html/assets/audio/ec8c8bad-3326-4953-a468-776d3732f487.mp3	NULL	NULL	false
sufi-qawwali	Sufi & Qawwali	sufi-qawwali-a9b3bf78-406c-4fae-a4ad-3cb4afe8447b	साँस की गुंजाइश	57	16303	213	/radio-html/assets/audio/a9b3bf78-406c-4fae-a4ad-3cb4afe8447b.mp3	NULL	NULL	false
sufi-qawwali	Sufi & Qawwali	sufi-qawwali-f4b382b7-da16-448e-8a6b-1e49367d23d6	साँस की गुंजाइश	58	16516	208	/radio-html/assets/audio/f4b382b7-da16-448e-8a6b-1e49367d23d6.mp3	NULL	NULL	false
sufi-qawwali	Sufi & Qawwali	sufi-qawwali-bce359ca-a7fd-4325-9cda-b272232acfea	सांस-गुंजाइश	59	16724	249	/radio-html/assets/audio/bce359ca-a7fd-4325-9cda-b272232acfea.mp3	NULL	NULL	false
sufi-qawwali	Sufi & Qawwali	sufi-qawwali-37fb9699-f1ca-49b8-acaa-6903ab65d04b	सांस-गुंजाइश	60	16973	244	/radio-html/assets/audio/37fb9699-f1ca-49b8-acaa-6903ab65d04b.mp3	NULL	NULL	false
sufi-qawwali	Sufi & Qawwali	sufi-qawwali-e773bb44-f4cd-4cdd-b0cd-2a3b9749060f	अक्षर-बेच समझौता	61	17217	185	/radio-html/assets/audio/e773bb44-f4cd-4cdd-b0cd-2a3b9749060f.mp3	NULL	NULL	false
sufi-qawwali	Sufi & Qawwali	sufi-qawwali-86ee6acf-c17f-4674-bf19-557333906d47	अक्षर-बेच समझौता	62	17402	177	/radio-html/assets/audio/86ee6acf-c17f-4674-bf19-557333906d47.mp3	NULL	NULL	false
sufi-qawwali	Sufi & Qawwali	sufi-qawwali-ffeaefee-fcca-45f2-afcf-27c219f71bff	लॉट-जीरो-वन	63	17579	198	/radio-html/assets/audio/ffeaefee-fcca-45f2-afcf-27c219f71bff.mp3	NULL	NULL	false
sufi-qawwali	Sufi & Qawwali	sufi-qawwali-01646a31-8208-4989-8914-d9835b9c98db	लॉट-जीरो-वन	64	17777	206	/radio-html/assets/audio/01646a31-8208-4989-8914-d9835b9c98db.mp3	NULL	NULL	false
sufi-qawwali	Sufi & Qawwali	sufi-qawwali-1b4b29a3-0bc4-40d8-a882-8dec76cfbcac	Lot 001 Tanpura Snap	65	17983	186	/radio-html/assets/audio/1b4b29a3-0bc4-40d8-a882-8dec76cfbcac.mp3	NULL	NULL	false
sufi-qawwali	Sufi & Qawwali	sufi-qawwali-a2f08a86-a136-4082-9a2c-eef50737cff7	Lot 001 Tanpura Snap	66	18169	209	/radio-html/assets/audio/a2f08a86-a136-4082-9a2c-eef50737cff7.mp3	NULL	NULL	false
sufi-qawwali	Sufi & Qawwali	sufi-qawwali-44df1c96-0eb7-4f53-bbe5-8eec51102318	Toota Ghadaa Gaaye	67	18378	479	/radio-html/assets/audio/44df1c96-0eb7-4f53-bbe5-8eec51102318.mp3	NULL	NULL	false
sufi-qawwali	Sufi & Qawwali	sufi-qawwali-b6c9f3e8-e3b5-4dc5-84ea-bea07bfc4631	Toota Ghadaa Gaaye	68	18857	479	/radio-html/assets/audio/b6c9f3e8-e3b5-4dc5-84ea-bea07bfc4631.mp3	NULL	NULL	false
sufi-qawwali	Sufi & Qawwali	sufi-qawwali-62dda9f3-677d-48e5-bce1-b5243ae2f1e0	Ek Ghade	69	19336	297	/radio-html/assets/audio/62dda9f3-677d-48e5-bce1-b5243ae2f1e0.mp3	NULL	NULL	false
sufi-qawwali	Sufi & Qawwali	sufi-qawwali-bdf3c9a0-9989-4f8e-bca8-bb66f06bc9d7	Ek Ghade	70	19633	285	/radio-html/assets/audio/bdf3c9a0-9989-4f8e-bca8-bb66f06bc9d7.mp3	NULL	NULL	false
sufi-qawwali	Sufi & Qawwali	sufi-qawwali-492c5721-3555-4908-9a41-6e9cf2767765	रिश्ता है!!	71	19918	479	/radio-html/assets/audio/492c5721-3555-4908-9a41-6e9cf2767765.mp3	NULL	NULL	false
sufi-qawwali	Sufi & Qawwali	sufi-qawwali-c866c36a-ad31-4461-a2df-711fcbb455d4	रिश्ता है!!	72	20397	479	/radio-html/assets/audio/c866c36a-ad31-4461-a2df-711fcbb455d4.mp3	NULL	NULL	false
sufi-qawwali	Sufi & Qawwali	sufi-qawwali-5310feb2-43cf-491d-a8cf-058a6e885ea5	रिश्ता-नाल-इम्तिहाँ	73	20876	479	/radio-html/assets/audio/5310feb2-43cf-491d-a8cf-058a6e885ea5.mp3	NULL	NULL	false
sufi-qawwali	Sufi & Qawwali	sufi-qawwali-7c76f4be-b274-4727-952b-4bd968da0040	रिश्ता-नाल-इम्तिहाँ	74	21355	479	/radio-html/assets/audio/7c76f4be-b274-4727-952b-4bd968da0040.mp3	NULL	NULL	false
sufi-qawwali	Sufi & Qawwali	sufi-qawwali-887fa5d3-8f3a-458d-a688-c674623e6c56	रिश्ता आलाپ	75	21834	479	/radio-html/assets/audio/887fa5d3-8f3a-458d-a688-c674623e6c56.mp3	NULL	NULL	false
sufi-qawwali	Sufi & Qawwali	sufi-qawwali-5f341636-2cac-4b43-abf7-f4ebd3899795	रिश्ता आलाپ	76	22313	479	/radio-html/assets/audio/5f341636-2cac-4b43-abf7-f4ebd3899795.mp3	NULL	NULL	false
sufi-qawwali	Sufi & Qawwali	sufi-qawwali-1372ca04-8fbc-4cad-acee-e993865dae48	खो गई पहचान	77	22792	164	/radio-html/assets/audio/1372ca04-8fbc-4cad-acee-e993865dae48.mp3	NULL	NULL	false
sufi-qawwali	Sufi & Qawwali	sufi-qawwali-8e951426-a919-48cd-9432-5ffbeec40bb2	खो गई पहचान	78	22956	164	/radio-html/assets/audio/8e951426-a919-48cd-9432-5ffbeec40bb2.mp3	NULL	NULL	false
sufi-qawwali	Sufi & Qawwali	sufi-qawwali-17393950-853a-4aed-9e6f-229ac70f25e0	MOOD: Spiritual raw emotional awakening rural	79	23120	197	/radio-html/assets/audio/17393950-853a-4aed-9e6f-229ac70f25e0.mp3	NULL	NULL	false
sufi-qawwali	Sufi & Qawwali	sufi-qawwali-056a8cec-f924-4fbe-be2e-5a026a8477a1	MOOD: Spiritual raw emotional awakening rural	80	23317	195	/radio-html/assets/audio/056a8cec-f924-4fbe-be2e-5a026a8477a1.mp3	NULL	NULL	false
sufi-qawwali	Sufi & Qawwali	sufi-qawwali-9b025b3c-78a3-487c-8d1f-7af1bb72fa2b	ईब यूँ सताना छोड़ दे V	81	23512	341	/radio-html/assets/audio/9b025b3c-78a3-487c-8d1f-7af1bb72fa2b.mp3	NULL	NULL	false
sufi-qawwali	Sufi & Qawwali	sufi-qawwali-0b09e473-9d9a-48aa-bc7f-39c41ccc5b8d	ईब यूँ सताना छोड़ दे V	82	23853	353	/radio-html/assets/audio/0b09e473-9d9a-48aa-bc7f-39c41ccc5b8d.mp3	NULL	NULL	false
sufi-qawwali	Sufi & Qawwali	sufi-qawwali-3c45f08c-6f36-47fd-a968-8b739875b98a	दौड़ में सब जीत लिया II	83	24206	218	/radio-html/assets/audio/3c45f08c-6f36-47fd-a968-8b739875b98a.mp3	NULL	NULL	false
sufi-qawwali	Sufi & Qawwali	sufi-qawwali-a83302ba-61f6-48d3-98d6-d5f17a0e49b8	दौड़ में सब जीत लिया II	84	24424	194	/radio-html/assets/audio/a83302ba-61f6-48d3-98d6-d5f17a0e49b8.mp3	NULL	NULL	false
sufi-qawwali	Sufi & Qawwali	sufi-qawwali-c1566bd7-d739-4e75-a23f-eb87d2905be2	red compare	85	24618	213	/radio-html/assets/audio/c1566bd7-d739-4e75-a23f-eb87d2905be2.mp3	NULL	NULL	false
sufi-qawwali	Sufi & Qawwali	sufi-qawwali-20ac85f2-c56a-4083-8706-6f1531493cea	red compare	86	24831	187	/radio-html/assets/audio/20ac85f2-c56a-4083-8706-6f1531493cea.mp3	NULL	NULL	false
sufi-qawwali	Sufi & Qawwali	sufi-qawwali-36cc152d-9ac7-43e5-aeb4-6739c08f6a5c	पपिया	87	25018	268	/radio-html/assets/audio/36cc152d-9ac7-43e5-aeb4-6739c08f6a5c.mp3	NULL	NULL	false
sufi-qawwali	Sufi & Qawwali	sufi-qawwali-bb19047e-add0-43b2-8a8c-9b3350c0666d	पपिया	88	25286	260	/radio-html/assets/audio/bb19047e-add0-43b2-8a8c-9b3350c0666d.mp3	NULL	NULL	false
sufi-qawwali	Sufi & Qawwali	sufi-qawwali-9bf062dd-ac56-449f-9f77-b6f50d235b4e	कालिख के भीतर	89	25546	176	/radio-html/assets/audio/9bf062dd-ac56-449f-9f77-b6f50d235b4e.mp3	NULL	NULL	false
sufi-qawwali	Sufi & Qawwali	sufi-qawwali-38e46be7-3f17-43e1-8de5-3661e8c064e3	कालिख के भीतर	90	25722	145	/radio-html/assets/audio/38e46be7-3f17-43e1-8de5-3661e8c064e3.mp3	NULL	NULL	false
sufi-qawwali	Sufi & Qawwali	sufi-qawwali-cdb84859-bd8f-43a9-b7f9-6a080b49e779	कालिख के भीतर	91	25867	180	/radio-html/assets/audio/cdb84859-bd8f-43a9-b7f9-6a080b49e779.mp3	NULL	NULL	false
sufi-qawwali	Sufi & Qawwali	sufi-qawwali-6b1f15fd-b06f-4ab7-a74e-dc18eab976cd	कालिख के भीतर	92	26047	205	/radio-html/assets/audio/6b1f15fd-b06f-4ab7-a74e-dc18eab976cd.mp3	NULL	NULL	false
folk-regional	Folk & Regional	folk-regional-7333a108-d5a5-4cf4-9e36-6ce6aec10997	Chhat-Chhat Sanaatana	1	0	131	/radio-html/assets/audio/7333a108-d5a5-4cf4-9e36-6ce6aec10997.mp3	NULL	NULL	false
folk-regional	Folk & Regional	folk-regional-1fe3b620-3a18-4632-b128-12c1b2245f47	Chhat-Chhat Sanaatana	2	131	135	/radio-html/assets/audio/1fe3b620-3a18-4632-b128-12c1b2245f47.mp3	NULL	NULL	false
folk-regional	Folk & Regional	folk-regional-1f6a6bc0-d85f-4858-b13d-776e839401cf	द सनातन एक्सप्रेस	3	266	199	/radio-html/assets/audio/1f6a6bc0-d85f-4858-b13d-776e839401cf.mp3	NULL	NULL	false
folk-regional	Folk & Regional	folk-regional-9b8b2f04-0e8b-4270-af63-84bd21bb7574	द सनातन एक्सप्रेस	4	465	209	/radio-html/assets/audio/9b8b2f04-0e8b-4270-af63-84bd21bb7574.mp3	NULL	NULL	false
folk-regional	Folk & Regional	folk-regional-ce81e083-36e5-4e52-9024-06159cb42409	Kash Bachpan Phir	5	674	206	/radio-html/assets/audio/ce81e083-36e5-4e52-9024-06159cb42409.mp3	NULL	NULL	false
folk-regional	Folk & Regional	folk-regional-684a2e17-9992-459b-970a-279f3f506e59	Kash Bachpan Phir	6	880	198	/radio-html/assets/audio/684a2e17-9992-459b-970a-279f3f506e59.mp3	NULL	NULL	false
folk-regional	Folk & Regional	folk-regional-6d0a9964-c0d3-45cf-925a-c9fa28f97ba3	छत की चादर	7	1078	218	/radio-html/assets/audio/6d0a9964-c0d3-45cf-925a-c9fa28f97ba3.mp3	NULL	NULL	false
folk-regional	Folk & Regional	folk-regional-2cde1a1a-4b66-4a74-ba16-bd13a1f93fd4	छत की चादर	8	1296	198	/radio-html/assets/audio/2cde1a1a-4b66-4a74-ba16-bd13a1f93fd4.mp3	NULL	NULL	false
folk-regional	Folk & Regional	folk-regional-467d741a-c022-402a-b47d-0a2abb53f043	छत वाला सितारों	9	1494	210	/radio-html/assets/audio/467d741a-c022-402a-b47d-0a2abb53f043.mp3	NULL	NULL	false
folk-regional	Folk & Regional	folk-regional-b1bd425e-a117-432d-81ca-2acb4c87fa00	छत वाला सितारों	10	1704	233	/radio-html/assets/audio/b1bd425e-a117-432d-81ca-2acb4c87fa00.mp3	NULL	NULL	false
folk-regional	Folk & Regional	folk-regional-832210ad-c382-4ee4-8099-264df30ef06c	काली-कलम-का	11	1937	359	/radio-html/assets/audio/832210ad-c382-4ee4-8099-264df30ef06c.mp3	NULL	NULL	false
folk-regional	Folk & Regional	folk-regional-236a15f1-5e9d-4489-9d6a-28e76211f10f	काली-कलम-का	12	2296	354	/radio-html/assets/audio/236a15f1-5e9d-4489-9d6a-28e76211f10f.mp3	NULL	NULL	false
folk-regional	Folk & Regional	folk-regional-6c05306f-bf60-44fc-9a7c-cd6a8d07190d	छुक-छुक गाड़ी	13	2650	213	/radio-html/assets/audio/6c05306f-bf60-44fc-9a7c-cd6a8d07190d.mp3	NULL	NULL	false
folk-regional	Folk & Regional	folk-regional-c0a0b8a2-6b5b-4c50-a7d1-5bd85bd7e24d	छुक-छुक गाड़ी	14	2863	205	/radio-html/assets/audio/c0a0b8a2-6b5b-4c50-a7d1-5bd85bd7e24d.mp3	NULL	NULL	false
folk-regional	Folk & Regional	folk-regional-8334c7f3-00ab-48e5-8e90-fae9c7898ec4	छुक-छुक भाषा गाड़ी	15	3068	208	/radio-html/assets/audio/8334c7f3-00ab-48e5-8e90-fae9c7898ec4.mp3	NULL	NULL	false
folk-regional	Folk & Regional	folk-regional-130d4a7c-79cc-4c0e-827e-a011ef1e0689	छुक-छुक भाषा गाड़ी	16	3276	210	/radio-html/assets/audio/130d4a7c-79cc-4c0e-827e-a011ef1e0689.mp3	NULL	NULL	false
folk-regional	Folk & Regional	folk-regional-935837be-7dfb-4f7d-ae0c-36743a8de966	छुक-छुक भाषा गाड़ी	17	3486	218	/radio-html/assets/audio/935837be-7dfb-4f7d-ae0c-36743a8de966.mp3	NULL	NULL	false
folk-regional	Folk & Regional	folk-regional-4de46a49-de10-4bc4-8e89-bded6e92e5e8	छुक-छुक भाषा गाड़ी	18	3704	213	/radio-html/assets/audio/4de46a49-de10-4bc4-8e89-bded6e92e5e8.mp3	NULL	NULL	false
folk-regional	Folk & Regional	folk-regional-d3047e94-747e-478b-84d0-ebcd931b6ebf	छुक-छुक कोडिंग गाड़ी	19	3917	257	/radio-html/assets/audio/d3047e94-747e-478b-84d0-ebcd931b6ebf.mp3	NULL	NULL	false
folk-regional	Folk & Regional	folk-regional-9438a33e-1869-4686-89f7-2b1b3746fbe8	छुक-छुक कोडिंग गाड़ी	20	4174	268	/radio-html/assets/audio/9438a33e-1869-4686-89f7-2b1b3746fbe8.mp3	NULL	NULL	false
folk-regional	Folk & Regional	folk-regional-1c0f3567-660d-40a2-8672-943688dd3c89	Reversed Sitar Whisper	21	4442	267	/radio-html/assets/audio/1c0f3567-660d-40a2-8672-943688dd3c89.mp3	NULL	NULL	false
folk-regional	Folk & Regional	folk-regional-d60bbdd7-852b-4638-9bfc-de2be9c9f0e9	Reversed Sitar Whisper	22	4709	262	/radio-html/assets/audio/d60bbdd7-852b-4638-9bfc-de2be9c9f0e9.mp3	NULL	NULL	false
folk-regional	Folk & Regional	folk-regional-6657399e-3da3-424d-9965-024cc4786644	Tanpura Rainbird	23	4971	281	/radio-html/assets/audio/6657399e-3da3-424d-9965-024cc4786644.mp3	NULL	NULL	false
folk-regional	Folk & Regional	folk-regional-2f7dc4d3-998d-4f4c-b011-9f88e7a482c1	Tanpura Rainbird	24	5252	286	/radio-html/assets/audio/2f7dc4d3-998d-4f4c-b011-9f88e7a482c1.mp3	NULL	NULL	false
folk-regional	Folk & Regional	folk-regional-4c151ea0-4e12-4f3c-8767-e25ed0ee02cb	परदेसां कीधूप	25	5538	313	/radio-html/assets/audio/4c151ea0-4e12-4f3c-8767-e25ed0ee02cb.mp3	NULL	NULL	false
folk-regional	Folk & Regional	folk-regional-9da0a583-254e-4712-bf3d-e40b49a6856e	परदेसां कीधूप	26	5851	303	/radio-html/assets/audio/9da0a583-254e-4712-bf3d-e40b49a6856e.mp3	NULL	NULL	false
folk-regional	Folk & Regional	folk-regional-ee86a23e-0007-4d04-99f8-4b605086de9e	Paradesi Wobble	27	6154	299	/radio-html/assets/audio/ee86a23e-0007-4d04-99f8-4b605086de9e.mp3	NULL	NULL	false
folk-regional	Folk & Regional	folk-regional-cb8ff251-d3a7-4271-a3a0-33969db28cb0	Paradesi Wobble	28	6453	271	/radio-html/assets/audio/cb8ff251-d3a7-4271-a3a0-33969db28cb0.mp3	NULL	NULL	false
folk-regional	Folk & Regional	folk-regional-8433a493-5a44-4032-8243-bc0263a6ba2f	जमा उघाड़ी	29	6724	357	/radio-html/assets/audio/8433a493-5a44-4032-8243-bc0263a6ba2f.mp3	NULL	NULL	false
folk-regional	Folk & Regional	folk-regional-9a501fdc-42a2-43b9-b72f-4acea519537c	जमा उघाड़ी	30	7081	389	/radio-html/assets/audio/9a501fdc-42a2-43b9-b72f-4acea519537c.mp3	NULL	NULL	false
folk-regional	Folk & Regional	folk-regional-eeadca81-afe0-426b-aec0-9bb8e7226283	आँखें रातभर	31	7470	193	/radio-html/assets/audio/eeadca81-afe0-426b-aec0-9bb8e7226283.mp3	NULL	NULL	false
folk-regional	Folk & Regional	folk-regional-27601dd5-f441-413d-bb6e-6efae567a7f7	आँखें रातभर	32	7663	190	/radio-html/assets/audio/27601dd5-f441-413d-bb6e-6efae567a7f7.mp3	NULL	NULL	false
folk-regional	Folk & Regional	folk-regional-de8f6167-d436-420a-93af-8127c00e163b	सवा लाख जाट	33	7853	202	/radio-html/assets/audio/de8f6167-d436-420a-93af-8127c00e163b.mp3	NULL	NULL	false
folk-regional	Folk & Regional	folk-regional-79c1b363-10f4-4f23-a2d0-846a1ff744ec	सवा लाख जाट	34	8055	231	/radio-html/assets/audio/79c1b363-10f4-4f23-a2d0-846a1ff744ec.mp3	NULL	NULL	false
folk-regional	Folk & Regional	folk-regional-42bde3ea-cba3-4e45-acdb-d8b8a10379ca	जटाओं की गड़गड़ाहट	35	8286	251	/radio-html/assets/audio/42bde3ea-cba3-4e45-acdb-d8b8a10379ca.mp3	NULL	NULL	false
folk-regional	Folk & Regional	folk-regional-a10e118d-a2df-428c-add4-6624a46a39fc	जटाओं की गड़गड़ाहट	36	8537	240	/radio-html/assets/audio/a10e118d-a2df-428c-add4-6624a46a39fc.mp3	NULL	NULL	false
folk-regional	Folk & Regional	folk-regional-d3340fe8-0440-4a60-afec-7b57312659b8	जटाओं की डमकार	37	8777	202	/radio-html/assets/audio/d3340fe8-0440-4a60-afec-7b57312659b8.mp3	NULL	NULL	false
folk-regional	Folk & Regional	folk-regional-c7719c74-3520-40ba-9a5a-48be9a8e9af4	जटाओं की डमकार	38	8979	231	/radio-html/assets/audio/c7719c74-3520-40ba-9a5a-48be9a8e9af4.mp3	NULL	NULL	false
folk-regional	Folk & Regional	folk-regional-f5ca7479-1bc5-4df4-a86e-e410e27b36cb	इसी वाली बोटी	39	9210	262	/radio-html/assets/audio/f5ca7479-1bc5-4df4-a86e-e410e27b36cb.mp3	NULL	NULL	false
folk-regional	Folk & Regional	folk-regional-12134426-c294-4dd0-9375-9f507bb1140a	इसी वाली बोटी	40	9472	246	/radio-html/assets/audio/12134426-c294-4dd0-9375-9f507bb1140a.mp3	NULL	NULL	false
folk-regional	Folk & Regional	folk-regional-a0c2cd04-1c26-49ec-b699-610ef0a62630	बंसी की तान	41	9718	293	/radio-html/assets/audio/a0c2cd04-1c26-49ec-b699-610ef0a62630.mp3	NULL	NULL	false
folk-regional	Folk & Regional	folk-regional-17abc34f-fad4-4b66-86f5-340e07c01725	बंसी की तान	42	10011	327	/radio-html/assets/audio/17abc34f-fad4-4b66-86f5-340e07c01725.mp3	NULL	NULL	false
folk-regional	Folk & Regional	folk-regional-7f168537-a968-41cb-ba05-f17737463764	बंसीधर मुकुट	43	10338	328	/radio-html/assets/audio/7f168537-a968-41cb-ba05-f17737463764.mp3	NULL	NULL	false
folk-regional	Folk & Regional	folk-regional-d8e1bbbb-d558-49bb-9961-e2caa023d9aa	बंसीधर मुकुट	44	10666	312	/radio-html/assets/audio/d8e1bbbb-d558-49bb-9961-e2caa023d9aa.mp3	NULL	NULL	false
folk-regional	Folk & Regional	folk-regional-74a54818-5c55-4db4-bc1f-7dfa1e9fce6d	नीऑन लस्का	45	10978	227	/radio-html/assets/audio/74a54818-5c55-4db4-bc1f-7dfa1e9fce6d.mp3	NULL	NULL	false
folk-regional	Folk & Regional	folk-regional-565636d5-7042-4a96-88a9-f7835e3df3d0	नीऑन लस्का	46	11205	249	/radio-html/assets/audio/565636d5-7042-4a96-88a9-f7835e3df3d0.mp3	NULL	NULL	false
folk-regional	Folk & Regional	folk-regional-e3e41c8a-d755-4128-b6d7-eb79a61facec	चस्का ढार	47	11454	224	/radio-html/assets/audio/e3e41c8a-d755-4128-b6d7-eb79a61facec.mp3	NULL	NULL	false
folk-regional	Folk & Regional	folk-regional-4417277d-8df9-416a-ac8b-9b68e3cdf5be	चस्का ढार	48	11678	246	/radio-html/assets/audio/4417277d-8df9-416a-ac8b-9b68e3cdf5be.mp3	NULL	NULL	false
folk-regional	Folk & Regional	folk-regional-216ca16d-22ff-4a35-959c-89ff65126a95	Chaska Laska	49	11924	239	/radio-html/assets/audio/216ca16d-22ff-4a35-959c-89ff65126a95.mp3	NULL	NULL	false
folk-regional	Folk & Regional	folk-regional-b564bd23-5730-4718-b0f9-e2fb7eba934f	Chaska Laska	50	12163	255	/radio-html/assets/audio/b564bd23-5730-4718-b0f9-e2fb7eba934f.mp3	NULL	NULL	false
folk-regional	Folk & Regional	folk-regional-48633b3f-1638-40cc-b3e8-55bd791ea44e	कैसी वैसी सी	51	12418	134	/radio-html/assets/audio/48633b3f-1638-40cc-b3e8-55bd791ea44e.mp3	NULL	NULL	false
folk-regional	Folk & Regional	folk-regional-fec3e2d0-b4c1-47aa-b22f-a7b5f2ea4774	कैसी वैसी सी	52	12552	127	/radio-html/assets/audio/fec3e2d0-b4c1-47aa-b22f-a7b5f2ea4774.mp3	NULL	NULL	false
folk-regional	Folk & Regional	folk-regional-c50d2540-0f2b-4c94-bb28-6a3c4883e847	सुनहर हारा फूका	53	12679	307	/radio-html/assets/audio/c50d2540-0f2b-4c94-bb28-6a3c4883e847.mp3	NULL	NULL	false
folk-regional	Folk & Regional	folk-regional-6fe0efcf-2803-4ea7-83a7-a2f0a923176d	सुनहर हारा फूका	54	12986	365	/radio-html/assets/audio/6fe0efcf-2803-4ea7-83a7-a2f0a923176d.mp3	NULL	NULL	false
folk-regional	Folk & Regional	folk-regional-d195714f-a2b3-4d77-ae4f-f18670428eb0	मेघ की विरह	55	13351	265	/radio-html/assets/audio/d195714f-a2b3-4d77-ae4f-f18670428eb0.mp3	NULL	NULL	false
folk-regional	Folk & Regional	folk-regional-4cacdec0-b868-46d6-b260-0944f8278d76	मेघ की विरह	56	13616	288	/radio-html/assets/audio/4cacdec0-b868-46d6-b260-0944f8278d76.mp3	NULL	NULL	false
folk-regional	Folk & Regional	folk-regional-4df6f608-207a-494e-91e5-296847785ef2	WhatsApp Image 2025-06-17 at 20.41.57 (Remastered)	57	13904	174	/radio-html/assets/audio/4df6f608-207a-494e-91e5-296847785ef2.mp3	NULL	NULL	false
folk-regional	Folk & Regional	folk-regional-4cccdb69-4cb8-41f3-91bc-bac82f3583af	WhatsApp Image 2025-06-17 at 20.41.57 (Remastered)	58	14078	174	/radio-html/assets/audio/4cccdb69-4cb8-41f3-91bc-bac82f3583af.mp3	NULL	NULL	false
folk-regional	Folk & Regional	folk-regional-809507be-5a63-49dc-8e0d-a16b87287cc8	पिंकी नाच	59	14252	232	/radio-html/assets/audio/809507be-5a63-49dc-8e0d-a16b87287cc8.mp3	NULL	NULL	false
folk-regional	Folk & Regional	folk-regional-55c1da3f-383e-4f89-b2f1-e371ee790fb4	पिंकी नाच	60	14484	235	/radio-html/assets/audio/55c1da3f-383e-4f89-b2f1-e371ee790fb4.mp3	NULL	NULL	false
folk-regional	Folk & Regional	folk-regional-67e8aee2-9b5a-47cc-88a6-741643a45909	पिंकी थाली	61	14719	299	/radio-html/assets/audio/67e8aee2-9b5a-47cc-88a6-741643a45909.mp3	NULL	NULL	false
folk-regional	Folk & Regional	folk-regional-416d0856-a289-4daf-ade4-0c21dfa4b8dd	पिंकी थाली	62	15018	301	/radio-html/assets/audio/416d0856-a289-4daf-ade4-0c21dfa4b8dd.mp3	NULL	NULL	false
folk-regional	Folk & Regional	folk-regional-8abf9e3b-198d-42d4-b547-c789d030e9fa	पिंकी का थाली	63	15319	282	/radio-html/assets/audio/8abf9e3b-198d-42d4-b547-c789d030e9fa.mp3	NULL	NULL	false
folk-regional	Folk & Regional	folk-regional-8f0c2cf6-a3ee-488c-a85c-95779c10cd5c	पिंकी का थाली	64	15601	269	/radio-html/assets/audio/8f0c2cf6-a3ee-488c-a85c-95779c10cd5c.mp3	NULL	NULL	false
folk-regional	Folk & Regional	folk-regional-1b8e0980-f89e-41df-9a65-5a6eb313c777	पिंकी की थाली	65	15870	288	/radio-html/assets/audio/1b8e0980-f89e-41df-9a65-5a6eb313c777.mp3	NULL	NULL	false
folk-regional	Folk & Regional	folk-regional-3ab7074f-3f3a-4669-8f7d-3b93838e728b	पिंकी की थाली	66	16158	295	/radio-html/assets/audio/3ab7074f-3f3a-4669-8f7d-3b93838e728b.mp3	NULL	NULL	false
folk-regional	Folk & Regional	folk-regional-ba996ff1-61da-4e8f-8887-34fa43c9dd27	चुंग-चुंग गज़ब	67	16453	152	/radio-html/assets/audio/ba996ff1-61da-4e8f-8887-34fa43c9dd27.mp3	NULL	NULL	false
folk-regional	Folk & Regional	folk-regional-da33ae1c-117f-41b3-9784-fe362d228637	चुंग-चुंग गज़ब	68	16605	176	/radio-html/assets/audio/da33ae1c-117f-41b3-9784-fe362d228637.mp3	NULL	NULL	false
folk-regional	Folk & Regional	folk-regional-3c427c65-53cf-4f73-8314-f7c17ce91bfd	Train Chug-Chug चमत्कार	69	16781	157	/radio-html/assets/audio/3c427c65-53cf-4f73-8314-f7c17ce91bfd.mp3	NULL	NULL	false
folk-regional	Folk & Regional	folk-regional-ef0b0bee-7663-448a-879e-09acd3a01be8	Train Chug-Chug चमत्कार	70	16938	192	/radio-html/assets/audio/ef0b0bee-7663-448a-879e-09acd3a01be8.mp3	NULL	NULL	false
folk-regional	Folk & Regional	folk-regional-e81cfcda-4146-4974-97ad-0def356a7395	नमक सनक	71	17130	221	/radio-html/assets/audio/e81cfcda-4146-4974-97ad-0def356a7395.mp3	NULL	NULL	false
folk-regional	Folk & Regional	folk-regional-a8149b61-2d92-49dc-953c-4ada38600bae	नमक सनक	72	17351	227	/radio-html/assets/audio/a8149b61-2d92-49dc-953c-4ada38600bae.mp3	NULL	NULL	false
folk-regional	Folk & Regional	folk-regional-119e5763-3ed3-4801-b36d-5146d62459cb	कबीरा न रो	73	17578	198	/radio-html/assets/audio/119e5763-3ed3-4801-b36d-5146d62459cb.mp3	NULL	NULL	false
folk-regional	Folk & Regional	folk-regional-b893c0fe-1e67-4f62-9a13-005c52b42182	कबीरा न रो	74	17776	182	/radio-html/assets/audio/b893c0fe-1e67-4f62-9a13-005c52b42182.mp3	NULL	NULL	false
folk-regional	Folk & Regional	folk-regional-5a96815a-5320-4ebb-83ad-5088f4d5119f	कुचली पुचली लोरी	75	17958	161	/radio-html/assets/audio/5a96815a-5320-4ebb-83ad-5088f4d5119f.mp3	NULL	NULL	false
folk-regional	Folk & Regional	folk-regional-f3e731fd-6f31-461c-a2a6-3b473777fab5	कुचली पुचली लोरी	76	18119	152	/radio-html/assets/audio/f3e731fd-6f31-461c-a2a6-3b473777fab5.mp3	NULL	NULL	false
folk-regional	Folk & Regional	folk-regional-b37c71bb-dbeb-4ae3-99d2-7debde5ee2be	कुचली पुचली सो जा	77	18271	187	/radio-html/assets/audio/b37c71bb-dbeb-4ae3-99d2-7debde5ee2be.mp3	NULL	NULL	false
folk-regional	Folk & Regional	folk-regional-35f7f955-01dd-4c65-bbbd-ba0e87bf0900	कुचली पुचली सो जा	78	18458	183	/radio-html/assets/audio/35f7f955-01dd-4c65-bbbd-ba0e87bf0900.mp3	NULL	NULL	false
folk-regional	Folk & Regional	folk-regional-340e22ab-5a0e-4a4e-9138-9bece1f77dd1	१०० साल टोरी	79	18641	192	/radio-html/assets/audio/340e22ab-5a0e-4a4e-9138-9bece1f77dd1.mp3	NULL	NULL	false
folk-regional	Folk & Regional	folk-regional-950bf07f-98a2-4abb-ab2d-2cae95ac004e	१०० साल टोरी	80	18833	176	/radio-html/assets/audio/950bf07f-98a2-4abb-ab2d-2cae95ac004e.mp3	NULL	NULL	false
folk-regional	Folk & Regional	folk-regional-5068a560-60b3-4b89-8e83-0043262dc67f	E-tumbi Dhamal	81	19009	479	/radio-html/assets/audio/5068a560-60b3-4b89-8e83-0043262dc67f.mp3	NULL	NULL	false
folk-regional	Folk & Regional	folk-regional-03b043a1-b777-4366-8b83-766f61b5ec66	E-tumbi Dhamal	82	19488	220	/radio-html/assets/audio/03b043a1-b777-4366-8b83-766f61b5ec66.mp3	NULL	NULL	false
folk-regional	Folk & Regional	folk-regional-2a6843e3-bc23-478e-8ced-eab4bdc44ee1	ਟੁੱਟੇ ਪੈਸੇ	83	19708	195	/radio-html/assets/audio/2a6843e3-bc23-478e-8ced-eab4bdc44ee1.mp3	NULL	NULL	false
folk-regional	Folk & Regional	folk-regional-6e735a57-85ab-45fc-912a-9c64579dc9f2	ਟੁੱਟੇ ਪੈਸੇ	84	19903	148	/radio-html/assets/audio/6e735a57-85ab-45fc-912a-9c64579dc9f2.mp3	NULL	NULL	false
folk-regional	Folk & Regional	folk-regional-91fa6d67-0722-4664-bf50-57a42d36afe0	आवाज़ों की अदालत	85	20051	157	/radio-html/assets/audio/91fa6d67-0722-4664-bf50-57a42d36afe0.mp3	NULL	NULL	false
folk-regional	Folk & Regional	folk-regional-212b81f6-e8b1-474c-9352-45c27deed354	आवाज़ों की अदालत	86	20208	479	/radio-html/assets/audio/212b81f6-e8b1-474c-9352-45c27deed354.mp3	NULL	NULL	false
folk-regional	Folk & Regional	folk-regional-59d3489b-c33c-4509-bbff-c4bfdb962cda	पीएच कला-दीक्षित अदालत	87	20687	193	/radio-html/assets/audio/59d3489b-c33c-4509-bbff-c4bfdb962cda.mp3	NULL	NULL	false
folk-regional	Folk & Regional	folk-regional-d80e4b3a-e710-464d-b061-83ff02e2c7da	पीएच कला-दीक्षित अदालत	88	20880	204	/radio-html/assets/audio/d80e4b3a-e710-464d-b061-83ff02e2c7da.mp3	NULL	NULL	false
folk-regional	Folk & Regional	folk-regional-0fe62a75-f9ed-431e-9780-297f79a24721	P.H.K.D. अदालत	89	21084	195	/radio-html/assets/audio/0fe62a75-f9ed-431e-9780-297f79a24721.mp3	NULL	NULL	false
folk-regional	Folk & Regional	folk-regional-9e058f7c-2ab6-4715-a723-643881330f31	P.H.K.D. अदालत	90	21279	219	/radio-html/assets/audio/9e058f7c-2ab6-4715-a723-643881330f31.mp3	NULL	NULL	false
folk-regional	Folk & Regional	folk-regional-e69716ad-6001-4c92-9160-2a4a79565ed6	आवाज़ों की अदालत	91	21498	218	/radio-html/assets/audio/e69716ad-6001-4c92-9160-2a4a79565ed6.mp3	NULL	NULL	false
folk-regional	Folk & Regional	folk-regional-fa7b702f-3dea-44bc-967c-93860cd46e1a	आवाज़ों की अदालत	92	21716	192	/radio-html/assets/audio/fa7b702f-3dea-44bc-967c-93860cd46e1a.mp3	NULL	NULL	false
folk-regional	Folk & Regional	folk-regional-fa63a507-2f0d-4477-b328-7e8895a24c68	आवाज़ों की अदालत	93	21908	190	/radio-html/assets/audio/fa63a507-2f0d-4477-b328-7e8895a24c68.mp3	NULL	NULL	false
folk-regional	Folk & Regional	folk-regional-7f329b6d-8172-4674-adad-6f83614ad576	आवाज़ों की अदालत	94	22098	178	/radio-html/assets/audio/7f329b6d-8172-4674-adad-6f83614ad576.mp3	NULL	NULL	false
folk-regional	Folk & Regional	folk-regional-7ed796e3-32c4-42d3-89a2-f658115084dd	नसीब का ऐलान	95	22276	213	/radio-html/assets/audio/7ed796e3-32c4-42d3-89a2-f658115084dd.mp3	NULL	NULL	false
folk-regional	Folk & Regional	folk-regional-e16d94cb-b3c5-4238-a1c5-c60c69bed286	नसीब का ऐलान	96	22489	224	/radio-html/assets/audio/e16d94cb-b3c5-4238-a1c5-c60c69bed286.mp3	NULL	NULL	false
folk-regional	Folk & Regional	folk-regional-517563f4-4c0a-447c-a6c7-5e81307423c3	“नसीब का ऐलान”	97	22713	205	/radio-html/assets/audio/517563f4-4c0a-447c-a6c7-5e81307423c3.mp3	NULL	NULL	false
folk-regional	Folk & Regional	folk-regional-b2c55b1c-8a02-4b27-93aa-0ef9015a5a48	“नसीब का ऐलान”	98	22918	213	/radio-html/assets/audio/b2c55b1c-8a02-4b27-93aa-0ef9015a5a48.mp3	NULL	NULL	false
folk-regional	Folk & Regional	folk-regional-47df1a51-f676-4534-9f25-5dd295225c24	इश्क-ए-इलाका	99	23131	239	/radio-html/assets/audio/47df1a51-f676-4534-9f25-5dd295225c24.mp3	NULL	NULL	false
folk-regional	Folk & Regional	folk-regional-3d3e0685-76e1-4447-88b2-83897ac87205	इश्क-ए-इलाका	100	23370	225	/radio-html/assets/audio/3d3e0685-76e1-4447-88b2-83897ac87205.mp3	NULL	NULL	false
folk-regional	Folk & Regional	folk-regional-a13887b3-fd6f-4171-a02c-199d56c390fa	Toota Ghada	101	23595	174	/radio-html/assets/audio/a13887b3-fd6f-4171-a02c-199d56c390fa.mp3	NULL	NULL	false
folk-regional	Folk & Regional	folk-regional-1d7debbc-1158-44de-a83a-eb493f33f9e5	Toota Ghada	102	23769	192	/radio-html/assets/audio/1d7debbc-1158-44de-a83a-eb493f33f9e5.mp3	NULL	NULL	false
folk-regional	Folk & Regional	folk-regional-68471c7c-8d42-4c98-9c0d-b3f038a459a7	धूर अम्बरां	103	23961	243	/radio-html/assets/audio/68471c7c-8d42-4c98-9c0d-b3f038a459a7.mp3	NULL	NULL	false
folk-regional	Folk & Regional	folk-regional-ee581be0-afd5-4d91-afa7-7fa47bf6e1ad	धूर अम्बरां	104	24204	226	/radio-html/assets/audio/ee581be0-afd5-4d91-afa7-7fa47bf6e1ad.mp3	NULL	NULL	false
folk-regional	Folk & Regional	folk-regional-ae245f7e-6572-4a7b-9ef6-801c86e507f2	बादलां की लोर	105	24430	229	/radio-html/assets/audio/ae245f7e-6572-4a7b-9ef6-801c86e507f2.mp3	NULL	NULL	false
folk-regional	Folk & Regional	folk-regional-13bbd5ed-b7db-4959-a7d2-79dab85ad756	बादलां की लोर	106	24659	262	/radio-html/assets/audio/13bbd5ed-b7db-4959-a7d2-79dab85ad756.mp3	NULL	NULL	false
folk-regional	Folk & Regional	folk-regional-a798ae26-3fed-4d39-9f32-c0bcd9d9fb15	लाडो बसंती मेहमान	107	24921	479	/radio-html/assets/audio/a798ae26-3fed-4d39-9f32-c0bcd9d9fb15.mp3	NULL	NULL	false
folk-regional	Folk & Regional	folk-regional-5edc6f4a-ebf7-4d22-b8e7-cd4bb333735f	लाडो बसंती मेहमान	108	25400	479	/radio-html/assets/audio/5edc6f4a-ebf7-4d22-b8e7-cd4bb333735f.mp3	NULL	NULL	false
folk-regional	Folk & Regional	folk-regional-92aab6f9-e79d-4b27-af30-0a7ab03f0536	एक केवट के ले जाने	109	25879	251	/radio-html/assets/audio/92aab6f9-e79d-4b27-af30-0a7ab03f0536.mp3	NULL	NULL	false
folk-regional	Folk & Regional	folk-regional-028206e0-2473-4078-8ef9-eb731d376d7e	एक केवट के ले जाने	110	26130	248	/radio-html/assets/audio/028206e0-2473-4078-8ef9-eb731d376d7e.mp3	NULL	NULL	false
folk-regional	Folk & Regional	folk-regional-bbc7b4ba-42c3-4395-bc2a-26134de64ab7	M+F ल लल ला लल ला	111	26378	268	/radio-html/assets/audio/bbc7b4ba-42c3-4395-bc2a-26134de64ab7.mp3	NULL	NULL	false
folk-regional	Folk & Regional	folk-regional-0d931d51-3575-4bd1-8740-0ed133c1eba9	M+F ल लल ला लल ला	112	26646	263	/radio-html/assets/audio/0d931d51-3575-4bd1-8740-0ed133c1eba9.mp3	NULL	NULL	false
folk-regional	Folk & Regional	folk-regional-e77952dc-af14-41a8-9ca5-44de89385d85	भीतर देख ले कदे टटोलकै ज्ञान	113	26909	195	/radio-html/assets/audio/e77952dc-af14-41a8-9ca5-44de89385d85.mp3	NULL	NULL	false
folk-regional	Folk & Regional	folk-regional-6b2681d0-8b5e-41fe-857c-74b2d7fcd89a	भीतर देख ले कदे टटोलकै ज्ञान	114	27104	207	/radio-html/assets/audio/6b2681d0-8b5e-41fe-857c-74b2d7fcd89a.mp3	NULL	NULL	false
folk-regional	Folk & Regional	folk-regional-83603ef3-3ea0-4277-a309-8bfaadcd9dbc	अंतरा:	115	27311	208	/radio-html/assets/audio/83603ef3-3ea0-4277-a309-8bfaadcd9dbc.mp3	NULL	NULL	false
folk-regional	Folk & Regional	folk-regional-9b949712-cb52-489b-89a8-c9c2c9b52db2	अंतरा:	116	27519	185	/radio-html/assets/audio/9b949712-cb52-489b-89a8-c9c2c9b52db2.mp3	NULL	NULL	false
folk-regional	Folk & Regional	folk-regional-b1dc4291-5dbc-4d58-8b74-4b5021142672	अंतरा:	117	27704	167	/radio-html/assets/audio/b1dc4291-5dbc-4d58-8b74-4b5021142672.mp3	NULL	NULL	false
folk-regional	Folk & Regional	folk-regional-400320f5-5add-4c1b-ab1d-a32f4e351b71	अंतरा:	118	27871	177	/radio-html/assets/audio/400320f5-5add-4c1b-ab1d-a32f4e351b71.mp3	NULL	NULL	false
folk-regional	Folk & Regional	folk-regional-4c9c262d-a876-4406-8e42-79d64f585366	WhatsApp Image 2025-06-17 at 20.41.57	119	28048	174	/radio-html/assets/audio/4c9c262d-a876-4406-8e42-79d64f585366.mp3	NULL	NULL	false
folk-regional	Folk & Regional	folk-regional-29ce4071-ec2f-4be4-9034-d4332fe76f86	अक्सर अक्सों की भीड़ में खो	120	28222	231	/radio-html/assets/audio/29ce4071-ec2f-4be4-9034-d4332fe76f86.mp3	NULL	NULL	false
folk-regional	Folk & Regional	folk-regional-acf72279-b350-4e2d-8241-7c4de927afb4	अक्सर अक्सों की भीड़ में खो	121	28453	211	/radio-html/assets/audio/acf72279-b350-4e2d-8241-7c4de927afb4.mp3	NULL	NULL	false
folk-regional	Folk & Regional	folk-regional-14a370bd-8e3e-4b27-9afc-31fede5f5c94	ढोल नगाड़े बाज़न दे तू II	122	28664	232	/radio-html/assets/audio/14a370bd-8e3e-4b27-9afc-31fede5f5c94.mp3	NULL	NULL	false
folk-regional	Folk & Regional	folk-regional-b6721538-96c3-408c-be12-613ca88da0d7	ढोल नगाड़े बाज़न दे तू II	123	28896	272	/radio-html/assets/audio/b6721538-96c3-408c-be12-613ca88da0d7.mp3	NULL	NULL	false
folk-regional	Folk & Regional	folk-regional-c01a92ed-1135-4bc5-b9f6-7ec8eaeef43c	दीमी दीमी हम्म्म्म्म II	124	29168	447	/radio-html/assets/audio/c01a92ed-1135-4bc5-b9f6-7ec8eaeef43c.mp3	NULL	NULL	false
folk-regional	Folk & Regional	folk-regional-c3895754-34ef-42e5-b30f-03de838fa995	दीमी दीमी हम्म्म्म्म II	125	29615	480	/radio-html/assets/audio/c3895754-34ef-42e5-b30f-03de838fa995.mp3	NULL	NULL	false
folk-regional	Folk & Regional	folk-regional-bf134052-5fe4-4f02-aa15-5757082f17fe	Hemant Jogi aakhda sun shaheed shera	126	30095	295	/radio-html/assets/audio/bf134052-5fe4-4f02-aa15-5757082f17fe.mp3	NULL	NULL	false
folk-regional	Folk & Regional	folk-regional-31a89117-5333-4f09-96f9-da776986d02d	Hemant Jogi aakhda sun shaheed shera	127	30390	254	/radio-html/assets/audio/31a89117-5333-4f09-96f9-da776986d02d.mp3	NULL	NULL	false
folk-regional	Folk & Regional	folk-regional-bed764bc-151e-4046-a0b6-773835719384	ਗੁਰੂ ਨਾਨਕ ਆਏ ਭਗਤ ਸਿੰਘ ਦੇ	128	30644	170	/radio-html/assets/audio/bed764bc-151e-4046-a0b6-773835719384.mp3	NULL	NULL	false
folk-regional	Folk & Regional	folk-regional-374bbc29-2826-4b31-ba70-48ad9999fa35	ਗੁਰੂ ਨਾਨਕ ਆਏ ਭਗਤ ਸਿੰਘ ਦੇ	129	30814	136	/radio-html/assets/audio/374bbc29-2826-4b31-ba70-48ad9999fa35.mp3	NULL	NULL	false
folk-regional	Folk & Regional	folk-regional-1b2ec847-7d17-420f-9042-dbced94d6763	लूक लूक देखूँ तने छुप छुप	130	30950	224	/radio-html/assets/audio/1b2ec847-7d17-420f-9042-dbced94d6763.mp3	NULL	NULL	false
folk-regional	Folk & Regional	folk-regional-6b3651e9-9f2d-4597-a0a5-de2414135203	लूक लूक देखूँ तने छुप छुप	131	31174	210	/radio-html/assets/audio/6b3651e9-9f2d-4597-a0a5-de2414135203.mp3	NULL	NULL	false
folk-regional	Folk & Regional	folk-regional-e09752f7-8498-4ed6-bcf6-594f85308686	neural jogi	132	31384	266	/radio-html/assets/audio/e09752f7-8498-4ed6-bcf6-594f85308686.mp3	NULL	NULL	false
folk-regional	Folk & Regional	folk-regional-cf3dbe9b-e2f2-4b21-bd5b-4332afa2a38e	neural jogi	133	31650	223	/radio-html/assets/audio/cf3dbe9b-e2f2-4b21-bd5b-4332afa2a38e.mp3	NULL	NULL	false
folk-regional	Folk & Regional	folk-regional-6a5dd84e-6da0-4b09-9a52-1db8c4acef47	neural jogi	134	31873	232	/radio-html/assets/audio/6a5dd84e-6da0-4b09-9a52-1db8c4acef47.mp3	NULL	NULL	false
folk-regional	Folk & Regional	folk-regional-43e46f35-5912-4f95-84b9-92edf0d0fb86	neural jogi	135	32105	181	/radio-html/assets/audio/43e46f35-5912-4f95-84b9-92edf0d0fb86.mp3	NULL	NULL	false
folk-regional	Folk & Regional	folk-regional-95afba01-5a36-42ca-8dcc-2506b2523fe4	neural jogi	136	32286	116	/radio-html/assets/audio/95afba01-5a36-42ca-8dcc-2506b2523fe4.mp3	NULL	NULL	false
folk-regional	Folk & Regional	folk-regional-050e19ec-ac35-452e-bb9e-16277b396b08	neural jogi	137	32402	126	/radio-html/assets/audio/050e19ec-ac35-452e-bb9e-16277b396b08.mp3	NULL	NULL	false
folk-regional	Folk & Regional	folk-regional-9d65a1fd-2546-4c3c-817e-49c52a5ebb0b	neural jogi	138	32528	91	/radio-html/assets/audio/9d65a1fd-2546-4c3c-817e-49c52a5ebb0b.mp3	NULL	NULL	false
folk-regional	Folk & Regional	folk-regional-75687504-db82-463a-96f8-62dd4c6ad2b1	neural jogi	139	32619	92	/radio-html/assets/audio/75687504-db82-463a-96f8-62dd4c6ad2b1.mp3	NULL	NULL	false
folk-regional	Folk & Regional	folk-regional-f02bb457-88b6-415c-9b34-da9e9896a390	neural jogi	140	32711	347	/radio-html/assets/audio/f02bb457-88b6-415c-9b34-da9e9896a390.mp3	NULL	NULL	false
folk-regional	Folk & Regional	folk-regional-28f32076-2c38-4dfd-8f9b-27aeeee9b5bc	neural jogi	141	33058	351	/radio-html/assets/audio/28f32076-2c38-4dfd-8f9b-27aeeee9b5bc.mp3	NULL	NULL	false
folk-regional	Folk & Regional	folk-regional-fdfe3689-13d3-4488-96a7-d2b0ad9210da	ल्या दे र गौसे	142	33409	300	/radio-html/assets/audio/fdfe3689-13d3-4488-96a7-d2b0ad9210da.mp3	NULL	NULL	false
folk-regional	Folk & Regional	folk-regional-47377bea-9774-4f7b-afe4-f4e941c19c0f	ल्या दे र गौसे	143	33709	292	/radio-html/assets/audio/47377bea-9774-4f7b-afe4-f4e941c19c0f.mp3	NULL	NULL	false
folk-regional	Folk & Regional	folk-regional-cabac8a7-5365-4ff9-b762-86e8a6586cd1	पिया जी तेरी याद आती	144	34001	230	/radio-html/assets/audio/cabac8a7-5365-4ff9-b762-86e8a6586cd1.mp3	NULL	NULL	false
folk-regional	Folk & Regional	folk-regional-80a39cda-0980-4c6e-bffb-50088c2967de	पिया जी तेरी याद आती	145	34231	212	/radio-html/assets/audio/80a39cda-0980-4c6e-bffb-50088c2967de.mp3	NULL	NULL	false
folk-regional	Folk & Regional	folk-regional-94f4c705-c5c7-4637-b67d-06a21a3e1771	पिया जी तेरी याद आती	146	34443	192	/radio-html/assets/audio/94f4c705-c5c7-4637-b67d-06a21a3e1771.mp3	NULL	NULL	false
folk-regional	Folk & Regional	folk-regional-edf821b2-166e-4650-a7ca-0b131dcc109b	पिया जी तेरी याद आती	147	34635	211	/radio-html/assets/audio/edf821b2-166e-4650-a7ca-0b131dcc109b.mp3	NULL	NULL	false
folk-regional	Folk & Regional	folk-regional-14ce1222-9f05-4f2f-bcdd-c9b871cca5a1	मेरा पिया महान	148	34846	193	/radio-html/assets/audio/14ce1222-9f05-4f2f-bcdd-c9b871cca5a1.mp3	NULL	NULL	false
folk-regional	Folk & Regional	folk-regional-3bd10216-5f47-4506-8828-9fc84e552bba	मेरा पिया महान	149	35039	188	/radio-html/assets/audio/3bd10216-5f47-4506-8828-9fc84e552bba.mp3	NULL	NULL	false
folk-regional	Folk & Regional	folk-regional-7c657b60-4bbc-4e9f-90d4-2d42575ca1c6	मेरा पिया महान	150	35227	189	/radio-html/assets/audio/7c657b60-4bbc-4e9f-90d4-2d42575ca1c6.mp3	NULL	NULL	false
folk-regional	Folk & Regional	folk-regional-448602fe-eb24-4bcd-9a1a-2d3d00a4c21b	मेरा पिया महान	151	35416	195	/radio-html/assets/audio/448602fe-eb24-4bcd-9a1a-2d3d00a4c21b.mp3	NULL	NULL	false
folk-regional	Folk & Regional	folk-regional-0021a7c0-89d9-4d5e-8967-d9c1095a9f77	kudru ki beti naagin	152	35611	315	/radio-html/assets/audio/0021a7c0-89d9-4d5e-8967-d9c1095a9f77.mp3	NULL	NULL	false
folk-regional	Folk & Regional	folk-regional-08b16e64-f600-411c-807f-6c943c14f56e	kudru ki beti naagin	153	35926	284	/radio-html/assets/audio/08b16e64-f600-411c-807f-6c943c14f56e.mp3	NULL	NULL	false
folk-regional	Folk & Regional	folk-regional-e55b3ea6-14b8-462f-b43e-dc03bf4e9f18	kudru ki beti naagin	154	36210	236	/radio-html/assets/audio/e55b3ea6-14b8-462f-b43e-dc03bf4e9f18.mp3	NULL	NULL	false
folk-regional	Folk & Regional	folk-regional-dac36f36-1b07-4909-bd88-88bb40d18bc8	kudru ki beti naagin	155	36446	225	/radio-html/assets/audio/dac36f36-1b07-4909-bd88-88bb40d18bc8.mp3	NULL	NULL	false
folk-regional	Folk & Regional	folk-regional-ae318a44-4e70-4bf5-ac17-58cd30dfa4d0	kudru ki beti naagin	156	36671	220	/radio-html/assets/audio/ae318a44-4e70-4bf5-ac17-58cd30dfa4d0.mp3	NULL	NULL	false
folk-regional	Folk & Regional	folk-regional-4bd5f9be-6507-4e41-bad2-b3345f66e6cc	kudru ki beti naagin	157	36891	259	/radio-html/assets/audio/4bd5f9be-6507-4e41-bad2-b3345f66e6cc.mp3	NULL	NULL	false
folk-regional	Folk & Regional	folk-regional-29bbf8d9-f160-43ef-b3fa-fe632e29b925	kudru ki beti naagin	158	37150	479	/radio-html/assets/audio/29bbf8d9-f160-43ef-b3fa-fe632e29b925.mp3	NULL	NULL	false
folk-regional	Folk & Regional	folk-regional-b7e6675d-ed56-4e23-964d-9614994fca12	kudru ki beti naagin	159	37629	198	/radio-html/assets/audio/b7e6675d-ed56-4e23-964d-9614994fca12.mp3	NULL	NULL	false
folk-regional	Folk & Regional	folk-regional-f08167a7-810e-47ac-928d-b72cd95f99f9	Naaraayana Uunh	160	37827	160	/radio-html/assets/audio/f08167a7-810e-47ac-928d-b72cd95f99f9.mp3	NULL	NULL	false
folk-regional	Folk & Regional	folk-regional-d94d112f-aa24-4a8e-9f37-be6d81219f5e	Naaraayana Uunh	161	37987	175	/radio-html/assets/audio/d94d112f-aa24-4a8e-9f37-be6d81219f5e.mp3	NULL	NULL	false
folk-regional	Folk & Regional	folk-regional-ddf4af6e-aef4-4ac2-9b4a-59cd3d896e25	ईब यूँ सताना छोड़ दे VI	162	38162	354	/radio-html/assets/audio/ddf4af6e-aef4-4ac2-9b4a-59cd3d896e25.mp3	NULL	NULL	false
folk-regional	Folk & Regional	folk-regional-8372084d-8049-4db1-a68a-fd8ac5eb438c	ईब यूँ सताना छोड़ दे VI	163	38516	355	/radio-html/assets/audio/8372084d-8049-4db1-a68a-fd8ac5eb438c.mp3	NULL	NULL	false
folk-regional	Folk & Regional	folk-regional-7cd38250-4106-4fb8-8a4f-bbc7df32238e	अरे ओ दुनिया के पुर्जों	164	38871	219	/radio-html/assets/audio/7cd38250-4106-4fb8-8a4f-bbc7df32238e.mp3	NULL	NULL	false
folk-regional	Folk & Regional	folk-regional-a8b958f9-3065-46de-bc14-080bd949892e	अरे ओ दुनिया के पुर्जों	165	39090	230	/radio-html/assets/audio/a8b958f9-3065-46de-bc14-080bd949892e.mp3	NULL	NULL	false
folk-regional	Folk & Regional	folk-regional-a8738d5a-73c8-4c1b-8537-6f306f014715	उद्घोषक :	166	39320	150	/radio-html/assets/audio/a8738d5a-73c8-4c1b-8537-6f306f014715.mp3	NULL	NULL	false
folk-regional	Folk & Regional	folk-regional-f850c20c-670d-4871-bd1a-6f0652c7700a	उद्घोषक :	167	39470	146	/radio-html/assets/audio/f850c20c-670d-4871-bd1a-6f0652c7700a.mp3	NULL	NULL	false
folk-regional	Folk & Regional	folk-regional-bfb4ac18-d356-4ab5-84b1-0691c5635560	बाऊ बाऊ बाऊ	168	39616	177	/radio-html/assets/audio/bfb4ac18-d356-4ab5-84b1-0691c5635560.mp3	NULL	NULL	false
folk-regional	Folk & Regional	folk-regional-347d4a25-0d54-445c-982e-c1c6c1c7e091	बाऊ बाऊ बाऊ	169	39793	149	/radio-html/assets/audio/347d4a25-0d54-445c-982e-c1c6c1c7e091.mp3	NULL	NULL	false
folk-regional	Folk & Regional	folk-regional-46a0e0b1-a456-4550-b57d-dd7271cf0096	बाऊ बाऊ बाऊ II	170	39942	155	/radio-html/assets/audio/46a0e0b1-a456-4550-b57d-dd7271cf0096.mp3	NULL	NULL	false
folk-regional	Folk & Regional	folk-regional-114a0d17-28b3-4a56-a251-50c1fbf4f659	बाऊ बाऊ बाऊ II	171	40097	134	/radio-html/assets/audio/114a0d17-28b3-4a56-a251-50c1fbf4f659.mp3	NULL	NULL	false
folk-regional	Folk & Regional	folk-regional-3ba8da22-5a9f-43e1-b1c1-b80db6e17e04	बाऊ बाऊ बाऊ II	172	40231	197	/radio-html/assets/audio/3ba8da22-5a9f-43e1-b1c1-b80db6e17e04.mp3	NULL	NULL	false
folk-regional	Folk & Regional	folk-regional-80c9a826-108b-4377-9983-7d052c254217	बाऊ बाऊ बाऊ II	173	40428	185	/radio-html/assets/audio/80c9a826-108b-4377-9983-7d052c254217.mp3	NULL	NULL	false
folk-regional	Folk & Regional	folk-regional-d1df8eeb-036c-4d6b-b998-dc9ebc94f23e	उद्घोषक : II	174	40613	187	/radio-html/assets/audio/d1df8eeb-036c-4d6b-b998-dc9ebc94f23e.mp3	NULL	NULL	false
folk-regional	Folk & Regional	folk-regional-143f3ee1-541a-4c92-8ae8-84b53e7b66d9	उद्घोषक : II	175	40800	161	/radio-html/assets/audio/143f3ee1-541a-4c92-8ae8-84b53e7b66d9.mp3	NULL	NULL	false
folk-regional	Folk & Regional	folk-regional-c126fb19-0b0a-4e01-b48c-2bc66f1bb766	Haryanvi Folk (Instrumental)	176	40961	341	/radio-html/assets/audio/c126fb19-0b0a-4e01-b48c-2bc66f1bb766.mp3	NULL	NULL	false
folk-regional	Folk & Regional	folk-regional-0bf24918-dcf5-4396-9eff-75fff2af6946	मने मेरे देश	177	41302	479	/radio-html/assets/audio/0bf24918-dcf5-4396-9eff-75fff2af6946.mp3	NULL	NULL	false
folk-regional	Folk & Regional	folk-regional-da8bd16a-76ab-4e2f-a35e-fb138515ce39	उद्घोषक: अरे ओ दुनिया के पुर्जों	178	41781	145	/radio-html/assets/audio/da8bd16a-76ab-4e2f-a35e-fb138515ce39.mp3	NULL	NULL	false
folk-regional	Folk & Regional	folk-regional-a118e163-e5f4-459d-a9f4-e82bbb5d48ec	उद्घोषक: अरे ओ दुनिया के पुर्जों	179	41926	169	/radio-html/assets/audio/a118e163-e5f4-459d-a9f4-e82bbb5d48ec.mp3	NULL	NULL	false
folk-regional	Folk & Regional	folk-regional-eec95412-60c5-41d3-b2f8-59313a044060	काम की कामना पुण्य पाप वासना	180	42095	184	/radio-html/assets/audio/eec95412-60c5-41d3-b2f8-59313a044060.mp3	NULL	NULL	false
folk-regional	Folk & Regional	folk-regional-e5a682c7-62e9-401e-94ce-af4dff412f71	काम की कामना पुण्य पाप वासना	181	42279	180	/radio-html/assets/audio/e5a682c7-62e9-401e-94ce-af4dff412f71.mp3	NULL	NULL	false
folk-regional	Folk & Regional	folk-regional-eb079cd7-e435-40eb-bee2-b82846008f09	काम की कामना पुण्य पाप वासना	182	42459	193	/radio-html/assets/audio/eb079cd7-e435-40eb-bee2-b82846008f09.mp3	NULL	NULL	false
folk-regional	Folk & Regional	folk-regional-cf734c04-3a7d-47f5-8575-3545ca0152db	काम की कामना पुण्य पाप वासना	183	42652	182	/radio-html/assets/audio/cf734c04-3a7d-47f5-8575-3545ca0152db.mp3	NULL	NULL	false
folk-regional	Folk & Regional	folk-regional-ee903ee8-bc90-4636-b704-94eaad28c4e6	काम की कामना पुण्य पाप वासना	184	42834	200	/radio-html/assets/audio/ee903ee8-bc90-4636-b704-94eaad28c4e6.mp3	NULL	NULL	false
folk-regional	Folk & Regional	folk-regional-c0ed3b71-8057-44e9-bbc9-7edbeb1cb247	काम की कामना पुण्य पाप वासना	185	43034	184	/radio-html/assets/audio/c0ed3b71-8057-44e9-bbc9-7edbeb1cb247.mp3	NULL	NULL	false
folk-regional	Folk & Regional	folk-regional-2339fc5d-3d73-4745-b001-53d00b204c3d	काम की कामना पुण्य पाप वासना	186	43218	208	/radio-html/assets/audio/2339fc5d-3d73-4745-b001-53d00b204c3d.mp3	NULL	NULL	false
folk-regional	Folk & Regional	folk-regional-6434e417-4488-4db2-856e-37c633ed4491	काम की कामना पुण्य पाप वासना	187	43426	201	/radio-html/assets/audio/6434e417-4488-4db2-856e-37c633ed4491.mp3	NULL	NULL	false
folk-regional	Folk & Regional	folk-regional-8a5abcc5-bf22-4a21-be55-0e7dee8d4eb0	काम की कामना पुण्य पाप वासना	188	43627	253	/radio-html/assets/audio/8a5abcc5-bf22-4a21-be55-0e7dee8d4eb0.mp3	NULL	NULL	false
folk-regional	Folk & Regional	folk-regional-2f1b59d6-e3e2-4a2e-b7da-8ef193729bb8	काम की कामना पुण्य पाप वासना	189	43880	265	/radio-html/assets/audio/2f1b59d6-e3e2-4a2e-b7da-8ef193729bb8.mp3	NULL	NULL	false
folk-regional	Folk & Regional	folk-regional-c2cfd34c-47f2-44fc-9c9d-dcb40dfd0ffc	काम की कामना पुण्य पाप वासना	190	44145	155	/radio-html/assets/audio/c2cfd34c-47f2-44fc-9c9d-dcb40dfd0ffc.mp3	NULL	NULL	false
folk-regional	Folk & Regional	folk-regional-f6b91a35-6661-45fa-af60-6af4f69f5adc	काम की कामना पुण्य पाप वासना	191	44300	196	/radio-html/assets/audio/f6b91a35-6661-45fa-af60-6af4f69f5adc.mp3	NULL	NULL	false
folk-regional	Folk & Regional	folk-regional-6a9729a2-bfde-48a5-bc3a-95d1de82ccbd	काम की कामना पुण्य पाप वासना	192	44496	197	/radio-html/assets/audio/6a9729a2-bfde-48a5-bc3a-95d1de82ccbd.mp3	NULL	NULL	false
folk-regional	Folk & Regional	folk-regional-e4e6e3b0-e45c-4464-933f-ec6a37a9fc1a	काम की कामना पुण्य पाप वासना	193	44693	178	/radio-html/assets/audio/e4e6e3b0-e45c-4464-933f-ec6a37a9fc1a.mp3	NULL	NULL	false
folk-regional	Folk & Regional	folk-regional-3a30e4a6-c5b1-4cf9-bdda-324b95054db1	काम की कामना पुण्य पाप वासना	194	44871	187	/radio-html/assets/audio/3a30e4a6-c5b1-4cf9-bdda-324b95054db1.mp3	NULL	NULL	false
folk-regional	Folk & Regional	folk-regional-e5e5c4ed-7013-4378-8baf-ec76665ed5ea	काम की कामना पुण्य पाप वासना	195	45058	180	/radio-html/assets/audio/e5e5c4ed-7013-4378-8baf-ec76665ed5ea.mp3	NULL	NULL	false
folk-regional	Folk & Regional	folk-regional-ceb76bb6-5502-4d7e-8c67-0273d1e4404c	काम की कामना पुण्य पाप वासना II	196	45238	198	/radio-html/assets/audio/ceb76bb6-5502-4d7e-8c67-0273d1e4404c.mp3	NULL	NULL	false
folk-regional	Folk & Regional	folk-regional-1883b6f9-b6fb-44d5-98e4-a32b63d3fd5a	काम की कामना पुण्य पाप वासना II	197	45436	203	/radio-html/assets/audio/1883b6f9-b6fb-44d5-98e4-a32b63d3fd5a.mp3	NULL	NULL	false
folk-regional	Folk & Regional	folk-regional-d179411b-b485-440d-ac8b-79a778b6b189	लौट के आ रे श्याम सलोना II	198	45639	252	/radio-html/assets/audio/d179411b-b485-440d-ac8b-79a778b6b189.mp3	NULL	NULL	false
folk-regional	Folk & Regional	folk-regional-5202d72f-acdb-4e56-81e2-0cc1456d59d7	लौट के आ रे श्याम सलोना II	199	45891	265	/radio-html/assets/audio/5202d72f-acdb-4e56-81e2-0cc1456d59d7.mp3	NULL	NULL	false
folk-regional	Folk & Regional	folk-regional-ec1e421e-953b-4a94-b3d8-1844bc19fcb6	दुनिया में ते खो देगा तन्ने	200	46156	276	/radio-html/assets/audio/ec1e421e-953b-4a94-b3d8-1844bc19fcb6.mp3	NULL	NULL	false
folk-regional	Folk & Regional	folk-regional-a98dfdd6-8325-4c7e-85d1-a763d9a47e83	दुनिया में ते खो देगा तन्ने	201	46432	255	/radio-html/assets/audio/a98dfdd6-8325-4c7e-85d1-a763d9a47e83.mp3	NULL	NULL	false
folk-regional	Folk & Regional	folk-regional-0b19285e-3b76-42bf-80ae-41d8fde84fea	दुनिया में ते खो देगा तन्ने	202	46687	218	/radio-html/assets/audio/0b19285e-3b76-42bf-80ae-41d8fde84fea.mp3	NULL	NULL	false
folk-regional	Folk & Regional	folk-regional-e9ed9222-9fbc-46ee-8946-506aaa0fa006	दुनिया में ते खो देगा तन्ने	203	46905	197	/radio-html/assets/audio/e9ed9222-9fbc-46ee-8946-506aaa0fa006.mp3	NULL	NULL	false
folk-regional	Folk & Regional	folk-regional-12e2bb46-4dc7-475b-8a89-61146e585918	red compare	204	47102	198	/radio-html/assets/audio/12e2bb46-4dc7-475b-8a89-61146e585918.mp3	NULL	NULL	false
folk-regional	Folk & Regional	folk-regional-854208c5-1a84-4ed7-b85c-5ecc3dda4952	red compare	205	47300	180	/radio-html/assets/audio/854208c5-1a84-4ed7-b85c-5ecc3dda4952.mp3	NULL	NULL	false
folk-regional	Folk & Regional	folk-regional-5d48bd7a-3499-431d-b9e1-a84103c69938	red compare	206	47480	207	/radio-html/assets/audio/5d48bd7a-3499-431d-b9e1-a84103c69938.mp3	NULL	NULL	false
folk-regional	Folk & Regional	folk-regional-7b1e3079-09a2-4953-ba2a-ac65c94940f1	red compare	207	47687	240	/radio-html/assets/audio/7b1e3079-09a2-4953-ba2a-ac65c94940f1.mp3	NULL	NULL	false
folk-regional	Folk & Regional	folk-regional-c7eb6659-3af1-4afd-9c2e-73cd9ddbaa3a	bhagat ki maa	208	47927	261	/radio-html/assets/audio/c7eb6659-3af1-4afd-9c2e-73cd9ddbaa3a.mp3	NULL	NULL	false
folk-regional	Folk & Regional	folk-regional-3cfdad3a-c550-43eb-88d3-59f7d788eae5	bhagat ki maa	209	48188	233	/radio-html/assets/audio/3cfdad3a-c550-43eb-88d3-59f7d788eae5.mp3	NULL	NULL	false
folk-regional	Folk & Regional	folk-regional-bd0e5226-f00f-414a-83dc-c3845c5cfc52	bhagat ki maa	210	48421	243	/radio-html/assets/audio/bd0e5226-f00f-414a-83dc-c3845c5cfc52.mp3	NULL	NULL	false
folk-regional	Folk & Regional	folk-regional-21f36fd3-91ca-4f6f-a5b9-1a61d8438a3d	bhagat ki maa	211	48664	243	/radio-html/assets/audio/21f36fd3-91ca-4f6f-a5b9-1a61d8438a3d.mp3	NULL	NULL	false
folk-regional	Folk & Regional	folk-regional-99e3f540-91d6-46d9-a363-a20ab43ac51d	superman	212	48907	151	/radio-html/assets/audio/99e3f540-91d6-46d9-a363-a20ab43ac51d.mp3	NULL	NULL	false
folk-regional	Folk & Regional	folk-regional-d053cd05-5b69-4079-b2af-485b0e656142	superman	213	49058	205	/radio-html/assets/audio/d053cd05-5b69-4079-b2af-485b0e656142.mp3	NULL	NULL	false
folk-regional	Folk & Regional	folk-regional-78837c54-c069-4a21-9043-052477368de3	superman	214	49263	149	/radio-html/assets/audio/78837c54-c069-4a21-9043-052477368de3.mp3	NULL	NULL	false
folk-regional	Folk & Regional	folk-regional-9a171e56-f4d0-4e86-8dd8-b88e38cfe848	superman	215	49412	189	/radio-html/assets/audio/9a171e56-f4d0-4e86-8dd8-b88e38cfe848.mp3	NULL	NULL	false
folk-regional	Folk & Regional	folk-regional-8c4d0b31-24ca-46ea-8d9e-01e80745e77f	superman	216	49601	145	/radio-html/assets/audio/8c4d0b31-24ca-46ea-8d9e-01e80745e77f.mp3	NULL	NULL	false
folk-regional	Folk & Regional	folk-regional-c964708d-4954-4972-bfd9-eb13399ed835	superman	217	49746	105	/radio-html/assets/audio/c964708d-4954-4972-bfd9-eb13399ed835.mp3	NULL	NULL	false
folk-regional	Folk & Regional	folk-regional-90a083bf-668c-4356-bc4d-8e8f9a4dbfc0	kewat	218	49851	265	/radio-html/assets/audio/90a083bf-668c-4356-bc4d-8e8f9a4dbfc0.mp3	NULL	NULL	false
folk-regional	Folk & Regional	folk-regional-cc53857c-041f-4d0d-afae-8a762ddc7425	kewat	219	50116	265	/radio-html/assets/audio/cc53857c-041f-4d0d-afae-8a762ddc7425.mp3	NULL	NULL	false
folk-regional	Folk & Regional	folk-regional-13631800-7722-4099-8cdd-7872cc3b56d6	kewat	220	50381	207	/radio-html/assets/audio/13631800-7722-4099-8cdd-7872cc3b56d6.mp3	NULL	NULL	false
folk-regional	Folk & Regional	folk-regional-4f8cb656-ad2a-40ae-ba45-ffb7315eeb30	kewat	221	50588	237	/radio-html/assets/audio/4f8cb656-ad2a-40ae-ba45-ffb7315eeb30.mp3	NULL	NULL	false
folk-regional	Folk & Regional	folk-regional-1774f3f7-a1f2-4c36-b1bd-ddc4ac836ba9	banjara	222	50825	198	/radio-html/assets/audio/1774f3f7-a1f2-4c36-b1bd-ddc4ac836ba9.mp3	NULL	NULL	false
folk-regional	Folk & Regional	folk-regional-3f789a12-3090-4729-8e17-03745470ffde	banjara	223	51023	135	/radio-html/assets/audio/3f789a12-3090-4729-8e17-03745470ffde.mp3	NULL	NULL	false
folk-regional	Folk & Regional	folk-regional-de7c66a0-7383-4a67-87be-742eaafdc1cb	banjara	224	51158	90	/radio-html/assets/audio/de7c66a0-7383-4a67-87be-742eaafdc1cb.mp3	NULL	NULL	false
folk-regional	Folk & Regional	folk-regional-4ae291ce-bd61-493c-9ae1-020abe22f194	banjara	225	51248	75	/radio-html/assets/audio/4ae291ce-bd61-493c-9ae1-020abe22f194.mp3	NULL	NULL	false
folk-regional	Folk & Regional	folk-regional-e547d7c0-12d6-41a8-bfb3-1a6b84a2f447	मां मेरी	226	51323	203	/radio-html/assets/audio/e547d7c0-12d6-41a8-bfb3-1a6b84a2f447.mp3	NULL	NULL	false
folk-regional	Folk & Regional	folk-regional-d0be1546-ee3d-4e7d-a6ed-bd8e2502a139	मां मेरी	227	51526	211	/radio-html/assets/audio/d0be1546-ee3d-4e7d-a6ed-bd8e2502a139.mp3	NULL	NULL	false
folk-regional	Folk & Regional	folk-regional-40e5bcc1-b2c0-467d-b3cd-7f4b8310f042	मां मेरी	228	51737	161	/radio-html/assets/audio/40e5bcc1-b2c0-467d-b3cd-7f4b8310f042.mp3	NULL	NULL	false
folk-regional	Folk & Regional	folk-regional-f0f3206d-e731-4bb5-9182-1b17907541b8	मां मेरी	229	51898	180	/radio-html/assets/audio/f0f3206d-e731-4bb5-9182-1b17907541b8.mp3	NULL	NULL	false
hip-hop-rap	Hip-Hop & Rap	hip-hop-rap-b1673a2d-91fa-478f-a3c3-79d253fd7444	परदेसां धड़कन	1	0	315	/radio-html/assets/audio/b1673a2d-91fa-478f-a3c3-79d253fd7444.mp3	NULL	NULL	false
hip-hop-rap	Hip-Hop & Rap	hip-hop-rap-6145df1e-62b2-4fd3-a150-ebef60393608	परदेसां धड़कन	2	315	337	/radio-html/assets/audio/6145df1e-62b2-4fd3-a150-ebef60393608.mp3	NULL	NULL	false
hip-hop-rap	Hip-Hop & Rap	hip-hop-rap-4f82c591-30f7-4369-8544-9c90f7b11d0d	Distorted Sarangi Wobble	3	652	305	/radio-html/assets/audio/4f82c591-30f7-4369-8544-9c90f7b11d0d.mp3	NULL	NULL	false
hip-hop-rap	Hip-Hop & Rap	hip-hop-rap-60bb8f17-03b5-4159-ab31-2927d80a2629	Distorted Sarangi Wobble	4	957	296	/radio-html/assets/audio/60bb8f17-03b5-4159-ab31-2927d80a2629.mp3	NULL	NULL	false
hip-hop-rap	Hip-Hop & Rap	hip-hop-rap-b81894bf-4e0b-489f-b54c-a471f30a051a	चस्का फीडबैक	5	1253	249	/radio-html/assets/audio/b81894bf-4e0b-489f-b54c-a471f30a051a.mp3	NULL	NULL	false
hip-hop-rap	Hip-Hop & Rap	hip-hop-rap-40f0eebb-2347-467a-b12f-57371526672e	चस्का फीडबैक	6	1502	252	/radio-html/assets/audio/40f0eebb-2347-467a-b12f-57371526672e.mp3	NULL	NULL	false
hip-hop-rap	Hip-Hop & Rap	hip-hop-rap-534e2457-1af3-4ffb-92cb-4d53662c9940	बे... थमसी आती है	7	1754	128	/radio-html/assets/audio/534e2457-1af3-4ffb-92cb-4d53662c9940.mp3	NULL	NULL	false
hip-hop-rap	Hip-Hop & Rap	hip-hop-rap-f7390bf3-2335-444e-baed-c5e5cd17cfc1	बे... थमसी आती है	8	1882	110	/radio-html/assets/audio/f7390bf3-2335-444e-baed-c5e5cd17cfc1.mp3	NULL	NULL	false
hip-hop-rap	Hip-Hop & Rap	hip-hop-rap-b621900d-687c-4fdb-8eb9-638c8124b1e4	बे...	9	1992	117	/radio-html/assets/audio/b621900d-687c-4fdb-8eb9-638c8124b1e4.mp3	NULL	NULL	false
hip-hop-rap	Hip-Hop & Rap	hip-hop-rap-decc359e-6a2c-4531-8b3c-f829ac5700be	बे...	10	2109	105	/radio-html/assets/audio/decc359e-6a2c-4531-8b3c-f829ac5700be.mp3	NULL	NULL	false
hip-hop-rap	Hip-Hop & Rap	hip-hop-rap-6c333810-2183-40c8-91a7-bd198ff98290	बेधड़क करीब	11	2214	140	/radio-html/assets/audio/6c333810-2183-40c8-91a7-bd198ff98290.mp3	NULL	NULL	false
hip-hop-rap	Hip-Hop & Rap	hip-hop-rap-ee8a117b-ef9c-4b4e-9cbe-9d314232d018	बेधड़क करीब	12	2354	106	/radio-html/assets/audio/ee8a117b-ef9c-4b4e-9cbe-9d314232d018.mp3	NULL	NULL	false
hip-hop-rap	Hip-Hop & Rap	hip-hop-rap-c6ab00bc-f4fc-49fb-91b6-93fbb717ec43	“Roach Sirens”	13	2460	179	/radio-html/assets/audio/c6ab00bc-f4fc-49fb-91b6-93fbb717ec43.mp3	NULL	NULL	false
hip-hop-rap	Hip-Hop & Rap	hip-hop-rap-f3c2518c-d6a6-4235-8da6-208eae4ee71a	“Roach Sirens”	14	2639	160	/radio-html/assets/audio/f3c2518c-d6a6-4235-8da6-208eae4ee71a.mp3	NULL	NULL	false
hip-hop-rap	Hip-Hop & Rap	hip-hop-rap-2b9f2515-2617-4f67-93ba-594138f00b7a	पहाड़ा सत्तालोलुप	15	2799	142	/radio-html/assets/audio/2b9f2515-2617-4f67-93ba-594138f00b7a.mp3	NULL	NULL	false
hip-hop-rap	Hip-Hop & Rap	hip-hop-rap-b9b2a6e0-f8d8-4111-b187-f3d395a61245	पहाड़ा सत्तालोलुप	16	2941	146	/radio-html/assets/audio/b9b2a6e0-f8d8-4111-b187-f3d395a61245.mp3	NULL	NULL	false
hip-hop-rap	Hip-Hop & Rap	hip-hop-rap-d16e0a51-7641-4ea2-9b3d-6c5316629611	गधा पहलवान	17	3087	121	/radio-html/assets/audio/d16e0a51-7641-4ea2-9b3d-6c5316629611.mp3	NULL	NULL	false
hip-hop-rap	Hip-Hop & Rap	hip-hop-rap-2ff31d7c-3d3c-4c10-8f2d-d61355484a92	गधा पहलवान	18	3208	121	/radio-html/assets/audio/2ff31d7c-3d3c-4c10-8f2d-d61355484a92.mp3	NULL	NULL	false
hip-hop-rap	Hip-Hop & Rap	hip-hop-rap-6f0d30c8-5d5b-48d1-afb1-e5c08aefc694	नेता एकम डेटा	19	3329	155	/radio-html/assets/audio/6f0d30c8-5d5b-48d1-afb1-e5c08aefc694.mp3	NULL	NULL	false
hip-hop-rap	Hip-Hop & Rap	hip-hop-rap-7925c2fc-1f6f-4aac-aa53-3cd7eadd9fbd	नेता एकम डेटा	20	3484	145	/radio-html/assets/audio/7925c2fc-1f6f-4aac-aa53-3cd7eadd9fbd.mp3	NULL	NULL	false
hip-hop-rap	Hip-Hop & Rap	hip-hop-rap-676e99b3-6ffb-4c8a-b389-dcdc0ac45ece	शंख-कोड गूँज	21	3629	151	/radio-html/assets/audio/676e99b3-6ffb-4c8a-b389-dcdc0ac45ece.mp3	NULL	NULL	false
hip-hop-rap	Hip-Hop & Rap	hip-hop-rap-97a3a9b7-6579-4077-8f26-19f8c61113b4	शंख-कोड गूँज	22	3780	147	/radio-html/assets/audio/97a3a9b7-6579-4077-8f26-19f8c61113b4.mp3	NULL	NULL	false
hip-hop-rap	Hip-Hop & Rap	hip-hop-rap-4a506fe2-5611-45d3-8b3c-5636aa1122bf	करुणा-शस्त्र विधान	23	3927	160	/radio-html/assets/audio/4a506fe2-5611-45d3-8b3c-5636aa1122bf.mp3	NULL	NULL	false
hip-hop-rap	Hip-Hop & Rap	hip-hop-rap-510031ab-3950-43ea-bcb9-b2e19ede7eb2	करुणा-शस्त्र विधान	24	4087	153	/radio-html/assets/audio/510031ab-3950-43ea-bcb9-b2e19ede7eb2.mp3	NULL	NULL	false
hip-hop-rap	Hip-Hop & Rap	hip-hop-rap-0d363331-c315-4e90-8f78-300af99db0c0	P.H.K.D. Shatter	25	4240	150	/radio-html/assets/audio/0d363331-c315-4e90-8f78-300af99db0c0.mp3	NULL	NULL	false
hip-hop-rap	Hip-Hop & Rap	hip-hop-rap-80022ecf-60fd-434c-9110-3782fd30a128	P.H.K.D. Shatter	26	4390	128	/radio-html/assets/audio/80022ecf-60fd-434c-9110-3782fd30a128.mp3	NULL	NULL	false
hip-hop-rap	Hip-Hop & Rap	hip-hop-rap-b60cb4ba-3ab7-4c77-868c-3d2af99231ee	पत्थर बुत	27	4518	163	/radio-html/assets/audio/b60cb4ba-3ab7-4c77-868c-3d2af99231ee.mp3	NULL	NULL	false
hip-hop-rap	Hip-Hop & Rap	hip-hop-rap-507a1183-07e8-4762-b317-b03c850a9f66	पत्थर बुत	28	4681	168	/radio-html/assets/audio/507a1183-07e8-4762-b317-b03c850a9f66.mp3	NULL	NULL	false
hip-hop-rap	Hip-Hop & Rap	hip-hop-rap-96dc0ed7-a8a1-4c68-ac02-b6ff0d8c8fab	चार पर्चे खर्चा	29	4849	95	/radio-html/assets/audio/96dc0ed7-a8a1-4c68-ac02-b6ff0d8c8fab.mp3	NULL	NULL	false
hip-hop-rap	Hip-Hop & Rap	hip-hop-rap-19a9d094-81bf-4578-af5a-103ad79c94f8	चार पर्चे खर्चा	30	4944	104	/radio-html/assets/audio/19a9d094-81bf-4578-af5a-103ad79c94f8.mp3	NULL	NULL	false
hip-hop-rap	Hip-Hop & Rap	hip-hop-rap-4086da7e-a7d2-40ff-8851-44664db08a56	सर्द झोंके	31	5048	263	/radio-html/assets/audio/4086da7e-a7d2-40ff-8851-44664db08a56.mp3	NULL	NULL	false
hip-hop-rap	Hip-Hop & Rap	hip-hop-rap-143c21d0-d594-407b-b732-0b8d048a530c	सर्द झोंके	32	5311	259	/radio-html/assets/audio/143c21d0-d594-407b-b732-0b8d048a530c.mp3	NULL	NULL	false
hip-hop-rap	Hip-Hop & Rap	hip-hop-rap-f3d54008-8c4c-4587-9e7f-360cd09bb378	सर्द झोंके-ड्रिल	33	5570	274	/radio-html/assets/audio/f3d54008-8c4c-4587-9e7f-360cd09bb378.mp3	NULL	NULL	false
hip-hop-rap	Hip-Hop & Rap	hip-hop-rap-01bede88-dab1-420a-a9d1-2fd6f4f8b71b	सर्द झोंके-ड्रिल	34	5844	268	/radio-html/assets/audio/01bede88-dab1-420a-a9d1-2fd6f4f8b71b.mp3	NULL	NULL	false
hip-hop-rap	Hip-Hop & Rap	hip-hop-rap-c0070cfc-f61e-4c18-9854-d401c1d1ccc9	लम्स-ए-हवा रोया	35	6112	223	/radio-html/assets/audio/c0070cfc-f61e-4c18-9854-d401c1d1ccc9.mp3	NULL	NULL	false
hip-hop-rap	Hip-Hop & Rap	hip-hop-rap-958e690b-3e28-4eb1-9fa5-e1bd4d2435c2	लम्स-ए-हवा रोया	36	6335	229	/radio-html/assets/audio/958e690b-3e28-4eb1-9fa5-e1bd4d2435c2.mp3	NULL	NULL	false
hip-hop-rap	Hip-Hop & Rap	hip-hop-rap-18f8e3e2-f827-4ebf-8bd3-61acd858385d	سर्द جھونکے سایہ	37	6564	176	/radio-html/assets/audio/18f8e3e2-f827-4ebf-8bd3-61acd858385d.mp3	NULL	NULL	false
hip-hop-rap	Hip-Hop & Rap	hip-hop-rap-1e4e9b8a-2308-4cca-aa41-81c3c0d6b743	سर्द جھونکے سایہ	38	6740	183	/radio-html/assets/audio/1e4e9b8a-2308-4cca-aa41-81c3c0d6b743.mp3	NULL	NULL	false
hip-hop-rap	Hip-Hop & Rap	hip-hop-rap-8d30c99c-2bb7-4bcc-b193-5a78f1af4af6	लम्स-ए-हवा	39	6923	279	/radio-html/assets/audio/8d30c99c-2bb7-4bcc-b193-5a78f1af4af6.mp3	NULL	NULL	false
hip-hop-rap	Hip-Hop & Rap	hip-hop-rap-e7c87a7c-4f0b-438c-8846-2b6ff056e7a6	लम्स-ए-हवा	40	7202	274	/radio-html/assets/audio/e7c87a7c-4f0b-438c-8846-2b6ff056e7a6.mp3	NULL	NULL	false
hip-hop-rap	Hip-Hop & Rap	hip-hop-rap-fb4055fe-37de-4a6c-a098-7c00c77c048f	Lams-e-Hawa Drone	41	7476	259	/radio-html/assets/audio/fb4055fe-37de-4a6c-a098-7c00c77c048f.mp3	NULL	NULL	false
hip-hop-rap	Hip-Hop & Rap	hip-hop-rap-0e22ce3a-a007-42f4-a89c-1a5ef6ebc4f4	Lams-e-Hawa Drone	42	7735	269	/radio-html/assets/audio/0e22ce3a-a007-42f4-a89c-1a5ef6ebc4f4.mp3	NULL	NULL	false
hip-hop-rap	Hip-Hop & Rap	hip-hop-rap-9e091800-f3fb-4c79-8a1e-09783a3f3392	लम्स-ए-हवा रोया	43	8004	479	/radio-html/assets/audio/9e091800-f3fb-4c79-8a1e-09783a3f3392.mp3	NULL	NULL	false
hip-hop-rap	Hip-Hop & Rap	hip-hop-rap-1826d08a-5fb4-4ab4-adb0-4163baf9acfc	लम्स-ए-हवा रोया	44	8483	479	/radio-html/assets/audio/1826d08a-5fb4-4ab4-adb0-4163baf9acfc.mp3	NULL	NULL	false
hip-hop-rap	Hip-Hop & Rap	hip-hop-rap-ef834e73-a6e2-4dc4-a69f-cf8697e9de12	लम्स-ए-हवा सर्द	45	8962	258	/radio-html/assets/audio/ef834e73-a6e2-4dc4-a69f-cf8697e9de12.mp3	NULL	NULL	false
hip-hop-rap	Hip-Hop & Rap	hip-hop-rap-5c1e1843-62f8-4103-9861-23f07e11ce12	लम्स-ए-हवा सर्द	46	9220	277	/radio-html/assets/audio/5c1e1843-62f8-4103-9861-23f07e11ce12.mp3	NULL	NULL	false
hip-hop-rap	Hip-Hop & Rap	hip-hop-rap-d797f61d-e2f9-435d-b724-45791d7e898d	लम्स-ए-हवा साया	47	9497	263	/radio-html/assets/audio/d797f61d-e2f9-435d-b724-45791d7e898d.mp3	NULL	NULL	false
hip-hop-rap	Hip-Hop & Rap	hip-hop-rap-a1a5dd9d-4535-4bdc-aef8-0471e275049f	लम्स-ए-हवा साया	48	9760	244	/radio-html/assets/audio/a1a5dd9d-4535-4bdc-aef8-0471e275049f.mp3	NULL	NULL	false
hip-hop-rap	Hip-Hop & Rap	hip-hop-rap-68117724-c78f-4788-b723-577b30f31f69	लम्स-ए-हवा साया	49	10004	108	/radio-html/assets/audio/68117724-c78f-4788-b723-577b30f31f69.mp3	NULL	NULL	false
hip-hop-rap	Hip-Hop & Rap	hip-hop-rap-49b598f9-6112-492d-98e5-28979537fdc4	लम्स-ए-हवा साया	50	10112	111	/radio-html/assets/audio/49b598f9-6112-492d-98e5-28979537fdc4.mp3	NULL	NULL	false
hip-hop-rap	Hip-Hop & Rap	hip-hop-rap-4b0c2c01-f4bd-4229-85d2-c39b1e719b8a	झोंका हवा	51	10223	85	/radio-html/assets/audio/4b0c2c01-f4bd-4229-85d2-c39b1e719b8a.mp3	NULL	NULL	false
hip-hop-rap	Hip-Hop & Rap	hip-hop-rap-d2d8b4cd-bbfb-47c4-a65f-d009691f616a	झोंका हवा	52	10308	91	/radio-html/assets/audio/d2d8b4cd-bbfb-47c4-a65f-d009691f616a.mp3	NULL	NULL	false
hip-hop-rap	Hip-Hop & Rap	hip-hop-rap-55c3b42c-b321-4d8e-982f-b33f33fd17a4	झोंका सच	53	10399	90	/radio-html/assets/audio/55c3b42c-b321-4d8e-982f-b33f33fd17a4.mp3	NULL	NULL	false
hip-hop-rap	Hip-Hop & Rap	hip-hop-rap-38638635-c5dc-4adf-a993-68d94475738d	झोंका सच	54	10489	100	/radio-html/assets/audio/38638635-c5dc-4adf-a993-68d94475738d.mp3	NULL	NULL	false
hip-hop-rap	Hip-Hop & Rap	hip-hop-rap-56c6ee93-d6c7-4a25-bf41-942cec57818f	घचा घच	55	10589	227	/radio-html/assets/audio/56c6ee93-d6c7-4a25-bf41-942cec57818f.mp3	NULL	NULL	false
hip-hop-rap	Hip-Hop & Rap	hip-hop-rap-cc349f0b-7495-4b69-8753-ecc62cb1ee80	घचा घच	56	10816	161	/radio-html/assets/audio/cc349f0b-7495-4b69-8753-ecc62cb1ee80.mp3	NULL	NULL	false
hip-hop-rap	Hip-Hop & Rap	hip-hop-rap-91b02afc-ce51-407b-9fed-8ab45bf8d00d	गीली साँस घचा	57	10977	183	/radio-html/assets/audio/91b02afc-ce51-407b-9fed-8ab45bf8d00d.mp3	NULL	NULL	false
hip-hop-rap	Hip-Hop & Rap	hip-hop-rap-0ad2d889-56ad-4107-a42f-9ffdd61e99dc	गीली साँस घचा	58	11160	221	/radio-html/assets/audio/0ad2d889-56ad-4107-a42f-9ffdd61e99dc.mp3	NULL	NULL	false
hip-hop-rap	Hip-Hop & Rap	hip-hop-rap-b14f7e57-d779-489d-b0d2-7adb9a065fac	घचा घच	59	11381	180	/radio-html/assets/audio/b14f7e57-d779-489d-b0d2-7adb9a065fac.mp3	NULL	NULL	false
hip-hop-rap	Hip-Hop & Rap	hip-hop-rap-53697704-706d-4df6-a476-e7944459b93d	घचा घच	60	11561	174	/radio-html/assets/audio/53697704-706d-4df6-a476-e7944459b93d.mp3	NULL	NULL	false
hip-hop-rap	Hip-Hop & Rap	hip-hop-rap-1fbda308-1986-4821-96e6-a89fbc1d2fd7	घचा घच	61	11735	189	/radio-html/assets/audio/1fbda308-1986-4821-96e6-a89fbc1d2fd7.mp3	NULL	NULL	false
hip-hop-rap	Hip-Hop & Rap	hip-hop-rap-713de290-3d6e-45d1-a4fe-163b86903f58	घचा घच	62	11924	185	/radio-html/assets/audio/713de290-3d6e-45d1-a4fe-163b86903f58.mp3	NULL	NULL	false
hip-hop-rap	Hip-Hop & Rap	hip-hop-rap-77a5f693-5564-40c9-8b50-75d5eabe64f6	बड़ी पुरानी बात	63	12109	118	/radio-html/assets/audio/77a5f693-5564-40c9-8b50-75d5eabe64f6.mp3	NULL	NULL	false
hip-hop-rap	Hip-Hop & Rap	hip-hop-rap-d9c620a9-bac1-48e7-ab58-17bf6968d47a	बड़ी पुरानी बात	64	12227	113	/radio-html/assets/audio/d9c620a9-bac1-48e7-ab58-17bf6968d47a.mp3	NULL	NULL	false
hip-hop-rap	Hip-Hop & Rap	hip-hop-rap-83d40aab-8c12-48c7-8a5f-316e377ae254	गौसे ल्या दे गौसे ल्या दे	65	12340	285	/radio-html/assets/audio/83d40aab-8c12-48c7-8a5f-316e377ae254.mp3	NULL	NULL	false
hip-hop-rap	Hip-Hop & Rap	hip-hop-rap-2ca29e2e-9207-45f0-9d88-9c0793d7393b	गौसे ल्या दे गौसे ल्या दे	66	12625	225	/radio-html/assets/audio/2ca29e2e-9207-45f0-9d88-9c0793d7393b.mp3	NULL	NULL	false
hip-hop-rap	Hip-Hop & Rap	hip-hop-rap-3039cb6f-dd49-498f-826d-d7774013946e	o re meeri jaat regiment jag	67	12850	295	/radio-html/assets/audio/3039cb6f-dd49-498f-826d-d7774013946e.mp3	NULL	NULL	false
hip-hop-rap	Hip-Hop & Rap	hip-hop-rap-69ad7184-23e8-475b-8193-a947d68dc738	o re meeri jaat regiment jag	68	13145	306	/radio-html/assets/audio/69ad7184-23e8-475b-8193-a947d68dc738.mp3	NULL	NULL	false
hip-hop-rap	Hip-Hop & Rap	hip-hop-rap-a8134b33-18e5-4f3f-a044-32a2f8db1161	o re meeri jaat regiment jag II	69	13451	305	/radio-html/assets/audio/a8134b33-18e5-4f3f-a044-32a2f8db1161.mp3	NULL	NULL	false
hip-hop-rap	Hip-Hop & Rap	hip-hop-rap-769d1a0a-cfa4-40ca-95d0-0f7761260847	o re meeri jaat regiment jag II	70	13756	275	/radio-html/assets/audio/769d1a0a-cfa4-40ca-95d0-0f7761260847.mp3	NULL	NULL	false
hip-hop-rap	Hip-Hop & Rap	hip-hop-rap-8b14bc36-b9fc-409a-9efd-acd558db7d7f	जीने दे तू मने	71	14031	392	/radio-html/assets/audio/8b14bc36-b9fc-409a-9efd-acd558db7d7f.mp3	NULL	NULL	false
hip-hop-rap	Hip-Hop & Rap	hip-hop-rap-b3f171d7-567c-439e-9d6c-8aec3854e4a1	जीने दे तू मने	72	14423	405	/radio-html/assets/audio/b3f171d7-567c-439e-9d6c-8aec3854e4a1.mp3	NULL	NULL	false
hip-hop-rap	Hip-Hop & Rap	hip-hop-rap-71819a1c-7df5-443a-bedf-56c547e4efe1	काम की कामना पुण्य पाप वासना	73	14828	142	/radio-html/assets/audio/71819a1c-7df5-443a-bedf-56c547e4efe1.mp3	NULL	NULL	false
hip-hop-rap	Hip-Hop & Rap	hip-hop-rap-beb18e30-ad60-4f61-b962-bf72577a984c	काम की कामना पुण्य पाप वासना	74	14970	143	/radio-html/assets/audio/beb18e30-ad60-4f61-b962-bf72577a984c.mp3	NULL	NULL	false
hip-hop-rap	Hip-Hop & Rap	hip-hop-rap-5e09dadb-f03e-4b45-b8fa-7a825b7cdb46	काम की कामना पुण्य पाप वासना	75	15113	170	/radio-html/assets/audio/5e09dadb-f03e-4b45-b8fa-7a825b7cdb46.mp3	NULL	NULL	false
hip-hop-rap	Hip-Hop & Rap	hip-hop-rap-9b58de99-1027-44cb-bcfb-cb9727dd1c42	काम की कामना पुण्य पाप वासना	76	15283	152	/radio-html/assets/audio/9b58de99-1027-44cb-bcfb-cb9727dd1c42.mp3	NULL	NULL	false
hip-hop-rap	Hip-Hop & Rap	hip-hop-rap-96b01103-f99a-4fd7-87f8-53354681845d	काम की कामना पुण्य पाप वासना	77	15435	143	/radio-html/assets/audio/96b01103-f99a-4fd7-87f8-53354681845d.mp3	NULL	NULL	false
hip-hop-rap	Hip-Hop & Rap	hip-hop-rap-7de27deb-3279-4b67-a31c-0a53042c556e	काम की कामना पुण्य पाप वासना	78	15578	130	/radio-html/assets/audio/7de27deb-3279-4b67-a31c-0a53042c556e.mp3	NULL	NULL	false
hip-hop-rap	Hip-Hop & Rap	hip-hop-rap-709d0eb7-9410-4ef3-ab3f-b36462a15a6c	काम की कामना पुण्य पाप वासना II	79	15708	173	/radio-html/assets/audio/709d0eb7-9410-4ef3-ab3f-b36462a15a6c.mp3	NULL	NULL	false
hip-hop-rap	Hip-Hop & Rap	hip-hop-rap-a55e5fb9-1715-4647-ba0a-9cc10d0cdead	काम की कामना पुण्य पाप वासना II	80	15881	162	/radio-html/assets/audio/a55e5fb9-1715-4647-ba0a-9cc10d0cdead.mp3	NULL	NULL	false
hip-hop-rap	Hip-Hop & Rap	hip-hop-rap-df23e9c7-8898-438c-92a6-49d15136beca	सत्य सनातन वैज्ञानिक का ज्ञान	81	16043	249	/radio-html/assets/audio/df23e9c7-8898-438c-92a6-49d15136beca.mp3	NULL	NULL	false
hip-hop-rap	Hip-Hop & Rap	hip-hop-rap-a922b75d-8465-4cea-b908-b28e65969c56	सत्य सनातन वैज्ञानिक का ज्ञान	82	16292	197	/radio-html/assets/audio/a922b75d-8465-4cea-b908-b28e65969c56.mp3	NULL	NULL	false
hip-hop-rap	Hip-Hop & Rap	hip-hop-rap-44ef161a-fd07-43af-bc23-c78ad8ea773f	सत्य सनातन वैज्ञानिक का ज्ञान II	83	16489	200	/radio-html/assets/audio/44ef161a-fd07-43af-bc23-c78ad8ea773f.mp3	NULL	NULL	false
hip-hop-rap	Hip-Hop & Rap	hip-hop-rap-b3268cd7-82f5-4cbe-97e3-68d735616d14	सत्य सनातन वैज्ञानिक का ज्ञान II	84	16689	220	/radio-html/assets/audio/b3268cd7-82f5-4cbe-97e3-68d735616d14.mp3	NULL	NULL	false
hip-hop-rap	Hip-Hop & Rap	hip-hop-rap-b7d087b3-1e0d-4990-b8aa-4710ea0af909	जिसने तुझको जन्म दिया	85	16909	209	/radio-html/assets/audio/b7d087b3-1e0d-4990-b8aa-4710ea0af909.mp3	NULL	NULL	false
hip-hop-rap	Hip-Hop & Rap	hip-hop-rap-e11f34b8-6597-49cb-b8ab-c265596a828d	जिसने तुझको जन्म दिया	86	17118	211	/radio-html/assets/audio/e11f34b8-6597-49cb-b8ab-c265596a828d.mp3	NULL	NULL	false
hip-hop-rap	Hip-Hop & Rap	hip-hop-rap-31740e34-6f43-4223-91e9-739374878a3d	जिसने तुझको जन्म दिया II	87	17329	200	/radio-html/assets/audio/31740e34-6f43-4223-91e9-739374878a3d.mp3	NULL	NULL	false
hip-hop-rap	Hip-Hop & Rap	hip-hop-rap-5da37790-97be-4139-ab9a-d1a6c5dd24c0	जिसने तुझको जन्म दिया II	88	17529	205	/radio-html/assets/audio/5da37790-97be-4139-ab9a-d1a6c5dd24c0.mp3	NULL	NULL	false
hip-hop-rap	Hip-Hop & Rap	hip-hop-rap-dbe4cfd2-9ac6-4fc5-a67c-a5ac9669c690	जिसने तुझको जन्म दिया III	89	17734	202	/radio-html/assets/audio/dbe4cfd2-9ac6-4fc5-a67c-a5ac9669c690.mp3	NULL	NULL	false
hip-hop-rap	Hip-Hop & Rap	hip-hop-rap-da37bf5f-f038-4cf4-a836-c5d2c6c74a9c	जिसने तुझको जन्म दिया III	90	17936	210	/radio-html/assets/audio/da37bf5f-f038-4cf4-a836-c5d2c6c74a9c.mp3	NULL	NULL	false
hip-hop-rap	Hip-Hop & Rap	hip-hop-rap-297597bc-b729-4b1f-9b1b-9f422c20d617	जिसने तुझको जन्म दिया IV	91	18146	169	/radio-html/assets/audio/297597bc-b729-4b1f-9b1b-9f422c20d617.mp3	NULL	NULL	false
hip-hop-rap	Hip-Hop & Rap	hip-hop-rap-471fdd7d-17b3-4d7b-a282-303be24251d5	जिसने तुझको जन्म दिया IV	92	18315	187	/radio-html/assets/audio/471fdd7d-17b3-4d7b-a282-303be24251d5.mp3	NULL	NULL	false
hip-hop-rap	Hip-Hop & Rap	hip-hop-rap-35380dae-bb24-481e-a416-af515d22edc3	जिसने तुझको जन्म दिया V	93	18502	172	/radio-html/assets/audio/35380dae-bb24-481e-a416-af515d22edc3.mp3	NULL	NULL	false
hip-hop-rap	Hip-Hop & Rap	hip-hop-rap-7140414f-9a6d-4f4c-a9e6-ebaf4c61009e	जिसने तुझको जन्म दिया V	94	18674	205	/radio-html/assets/audio/7140414f-9a6d-4f4c-a9e6-ebaf4c61009e.mp3	NULL	NULL	false
hip-hop-rap	Hip-Hop & Rap	hip-hop-rap-668f75f1-428a-476d-9bed-614ad964053e	जिसने तुझको जन्म दिया VI	95	18879	175	/radio-html/assets/audio/668f75f1-428a-476d-9bed-614ad964053e.mp3	NULL	NULL	false
hip-hop-rap	Hip-Hop & Rap	hip-hop-rap-a6a27e86-3c84-453d-8d74-eeedd44ba048	जिसने तुझको जन्म दिया VI	96	19054	175	/radio-html/assets/audio/a6a27e86-3c84-453d-8d74-eeedd44ba048.mp3	NULL	NULL	false
hip-hop-rap	Hip-Hop & Rap	hip-hop-rap-811a9828-7ae3-4fc9-ba2c-9d1c523520c5	Transliteration	97	19229	359	/radio-html/assets/audio/811a9828-7ae3-4fc9-ba2c-9d1c523520c5.mp3	NULL	NULL	false
hip-hop-rap	Hip-Hop & Rap	hip-hop-rap-89ba03d5-ee75-473b-b331-4013c130a44a	Transliteration	98	19588	232	/radio-html/assets/audio/89ba03d5-ee75-473b-b331-4013c130a44a.mp3	NULL	NULL	false
hip-hop-rap	Hip-Hop & Rap	hip-hop-rap-90e901c9-4ec2-40b0-af7f-1e81570ae502	सत्य सनातन का है ज्ञान	99	19820	145	/radio-html/assets/audio/90e901c9-4ec2-40b0-af7f-1e81570ae502.mp3	NULL	NULL	false
hip-hop-rap	Hip-Hop & Rap	hip-hop-rap-a9f1f04b-bcc9-49ba-b1b1-d71abc204a0c	सत्य सनातन का है ज्ञान	100	19965	126	/radio-html/assets/audio/a9f1f04b-bcc9-49ba-b1b1-d71abc204a0c.mp3	NULL	NULL	false
hip-hop-rap	Hip-Hop & Rap	hip-hop-rap-6566cc36-9229-4c37-9ea5-5692ffbf2526	सत्य सनातन का है ज्ञान II	101	20091	52	/radio-html/assets/audio/6566cc36-9229-4c37-9ea5-5692ffbf2526.mp3	NULL	NULL	false
hip-hop-rap	Hip-Hop & Rap	hip-hop-rap-a986c2c7-138a-4786-8d1f-79fa9f4a8d8d	सत्य सनातन का है ज्ञान II	102	20143	53	/radio-html/assets/audio/a986c2c7-138a-4786-8d1f-79fa9f4a8d8d.mp3	NULL	NULL	false
hip-hop-rap	Hip-Hop & Rap	hip-hop-rap-b3551c59-d528-429c-a6a6-0768b5981845	muniya	103	20196	152	/radio-html/assets/audio/b3551c59-d528-429c-a6a6-0768b5981845.mp3	NULL	NULL	false
hip-hop-rap	Hip-Hop & Rap	hip-hop-rap-a25c876c-0e32-4071-a0f7-7e5cc6bfae69	muniya	104	20348	147	/radio-html/assets/audio/a25c876c-0e32-4071-a0f7-7e5cc6bfae69.mp3	NULL	NULL	false
hip-hop-rap	Hip-Hop & Rap	hip-hop-rap-920388e7-ef57-4d79-98b1-2a977977bb39	muniya	105	20495	145	/radio-html/assets/audio/920388e7-ef57-4d79-98b1-2a977977bb39.mp3	NULL	NULL	false
hip-hop-rap	Hip-Hop & Rap	hip-hop-rap-a5ddb660-04fc-46c2-b2b3-145c9da1449e	muniya	106	20640	129	/radio-html/assets/audio/a5ddb660-04fc-46c2-b2b3-145c9da1449e.mp3	NULL	NULL	false
hip-hop-rap	Hip-Hop & Rap	hip-hop-rap-ee7a49e1-a296-4e95-acfb-ff3390b8c92f	muniya	107	20769	117	/radio-html/assets/audio/ee7a49e1-a296-4e95-acfb-ff3390b8c92f.mp3	NULL	NULL	false
hip-hop-rap	Hip-Hop & Rap	hip-hop-rap-c566f06c-9015-4d31-9d83-5f54111a1d61	muniya	108	20886	118	/radio-html/assets/audio/c566f06c-9015-4d31-9d83-5f54111a1d61.mp3	NULL	NULL	false
hip-hop-rap	Hip-Hop & Rap	hip-hop-rap-9145668e-e9bf-4d35-967b-50a953dcf0f9	red compare	109	21004	171	/radio-html/assets/audio/9145668e-e9bf-4d35-967b-50a953dcf0f9.mp3	NULL	NULL	false
hip-hop-rap	Hip-Hop & Rap	hip-hop-rap-2819887e-1ed1-4383-aad3-921d07bae811	red compare	110	21175	181	/radio-html/assets/audio/2819887e-1ed1-4383-aad3-921d07bae811.mp3	NULL	NULL	false
hip-hop-rap	Hip-Hop & Rap	hip-hop-rap-5b4e7c91-3ba1-403e-8ee8-215dc22f61b3	red compare	111	21356	116	/radio-html/assets/audio/5b4e7c91-3ba1-403e-8ee8-215dc22f61b3.mp3	NULL	NULL	false
hip-hop-rap	Hip-Hop & Rap	hip-hop-rap-f300c6d7-1406-4536-a0f3-80e6ae23cc66	red compare	112	21472	101	/radio-html/assets/audio/f300c6d7-1406-4536-a0f3-80e6ae23cc66.mp3	NULL	NULL	false
hip-hop-rap	Hip-Hop & Rap	hip-hop-rap-80c5903a-5fb9-4a5c-b183-abf496ee486c	red compare	113	21573	176	/radio-html/assets/audio/80c5903a-5fb9-4a5c-b183-abf496ee486c.mp3	NULL	NULL	false
hip-hop-rap	Hip-Hop & Rap	hip-hop-rap-017eae0e-3187-4026-8476-c835ec9d9c4c	red compare	114	21749	185	/radio-html/assets/audio/017eae0e-3187-4026-8476-c835ec9d9c4c.mp3	NULL	NULL	false
hip-hop-rap	Hip-Hop & Rap	hip-hop-rap-f478b032-6f73-4a1e-8e33-cd1862b9037e	कालिख के भीतर	115	21934	165	/radio-html/assets/audio/f478b032-6f73-4a1e-8e33-cd1862b9037e.mp3	NULL	NULL	false
hip-hop-rap	Hip-Hop & Rap	hip-hop-rap-528f2a41-6fab-4d6b-b0f0-45a21fb3cfee	कालिख के भीतर	116	22099	143	/radio-html/assets/audio/528f2a41-6fab-4d6b-b0f0-45a21fb3cfee.mp3	NULL	NULL	false
hip-hop-rap	Hip-Hop & Rap	hip-hop-rap-5cb1b6d1-c87b-4bd1-a81b-6c2531a63320	mahadev	117	22242	129	/radio-html/assets/audio/5cb1b6d1-c87b-4bd1-a81b-6c2531a63320.mp3	NULL	NULL	false
hip-hop-rap	Hip-Hop & Rap	hip-hop-rap-d5b1f403-2b0e-4ea3-a03a-02ebfcaba03f	mahadev	118	22371	131	/radio-html/assets/audio/d5b1f403-2b0e-4ea3-a03a-02ebfcaba03f.mp3	NULL	NULL	false
hip-hop-rap	Hip-Hop & Rap	hip-hop-rap-cf2b9095-277e-40b6-b9c3-2aca73883c48	मेकाले के जाल में	119	22502	114	/radio-html/assets/audio/cf2b9095-277e-40b6-b9c3-2aca73883c48.mp3	NULL	NULL	false
hip-hop-rap	Hip-Hop & Rap	hip-hop-rap-5884fc52-aa08-4850-912b-272e7b063c6d	मेकाले के जाल में	120	22616	97	/radio-html/assets/audio/5884fc52-aa08-4850-912b-272e7b063c6d.mp3	NULL	NULL	false
hip-hop-rap	Hip-Hop & Rap	hip-hop-rap-7d670bc0-8519-486b-a33c-0bc00f021318	abdul	121	22713	57	/radio-html/assets/audio/7d670bc0-8519-486b-a33c-0bc00f021318.mp3	NULL	NULL	false
hip-hop-rap	Hip-Hop & Rap	hip-hop-rap-03cd6e42-1ff0-486e-a597-17b4f5bf7db8	abdul	122	22770	78	/radio-html/assets/audio/03cd6e42-1ff0-486e-a597-17b4f5bf7db8.mp3	NULL	NULL	false
hip-hop-rap	Hip-Hop & Rap	hip-hop-rap-c60bddff-5831-45b2-aeda-56c210e42bee	mooshak	123	22848	80	/radio-html/assets/audio/c60bddff-5831-45b2-aeda-56c210e42bee.mp3	NULL	NULL	false
hip-hop-rap	Hip-Hop & Rap	hip-hop-rap-a9505c01-2145-47a6-bf34-71f71a1c7798	mooshak	124	22928	76	/radio-html/assets/audio/a9505c01-2145-47a6-bf34-71f71a1c7798.mp3	NULL	NULL	false
classical-raga	Classical & Raga	classical-raga-b39a1673-b9c4-4eda-a3c6-a9ce936d589f	Dhol Stutter March	1	0	266	/radio-html/assets/audio/b39a1673-b9c4-4eda-a3c6-a9ce936d589f.mp3	NULL	NULL	false
classical-raga	Classical & Raga	classical-raga-4e99c51c-14d1-43a5-a536-c58f63a6d5f4	Dhol Stutter March	2	266	237	/radio-html/assets/audio/4e99c51c-14d1-43a5-a536-c58f63a6d5f4.mp3	NULL	NULL	false
classical-raga	Classical & Raga	classical-raga-63dd43a7-8fe0-465d-bcaf-b5986297d7ab	प्रताप का तान	3	503	228	/radio-html/assets/audio/63dd43a7-8fe0-465d-bcaf-b5986297d7ab.mp3	NULL	NULL	false
classical-raga	Classical & Raga	classical-raga-4d3c3d6c-edc8-4836-af39-6100059283e0	प्रताप का तान	4	731	224	/radio-html/assets/audio/4d3c3d6c-edc8-4836-af39-6100059283e0.mp3	NULL	NULL	false
classical-raga	Classical & Raga	classical-raga-3dfe2673-db12-496e-a169-ea75a891fef2	साँस का पहरा	5	955	273	/radio-html/assets/audio/3dfe2673-db12-496e-a169-ea75a891fef2.mp3	NULL	NULL	false
classical-raga	Classical & Raga	classical-raga-091ab81d-180d-4521-8005-1d08377b3f14	साँस का पहरा	6	1228	268	/radio-html/assets/audio/091ab81d-180d-4521-8005-1d08377b3f14.mp3	NULL	NULL	false
classical-raga	Classical & Raga	classical-raga-64809c5c-f7d0-4faf-b884-c3a9e25efa99	**धून रे-साधो**	7	1496	277	/radio-html/assets/audio/64809c5c-f7d0-4faf-b884-c3a9e25efa99.mp3	NULL	NULL	false
classical-raga	Classical & Raga	classical-raga-d6049185-a418-4c6a-a1d9-fcc801c751b9	**धून रे-साधो**	8	1773	284	/radio-html/assets/audio/d6049185-a418-4c6a-a1d9-fcc801c751b9.mp3	NULL	NULL	false
classical-raga	Classical & Raga	classical-raga-3b1bbfb3-e88d-49d5-91b4-f619dc802de3	रेत में नमक	9	2057	479	/radio-html/assets/audio/3b1bbfb3-e88d-49d5-91b4-f619dc802de3.mp3	NULL	NULL	false
classical-raga	Classical & Raga	classical-raga-7e0d2809-671f-4a5d-ac1b-393bdf43d3fb	रेत में नमक	10	2536	276	/radio-html/assets/audio/7e0d2809-671f-4a5d-ac1b-393bdf43d3fb.mp3	NULL	NULL	false
classical-raga	Classical & Raga	classical-raga-7fb4da9f-98db-4b16-a0e8-40fccfa0e245	Money-Drags Us	11	2812	178	/radio-html/assets/audio/7fb4da9f-98db-4b16-a0e8-40fccfa0e245.mp3	NULL	NULL	false
classical-raga	Classical & Raga	classical-raga-0c6cc8cd-b3b2-43db-92df-b3cad31e1866	Money-Drags Us	12	2990	182	/radio-html/assets/audio/0c6cc8cd-b3b2-43db-92df-b3cad31e1866.mp3	NULL	NULL	false
classical-raga	Classical & Raga	classical-raga-60d9371d-c871-4f23-952d-2248fc838d54	हर बार की कहानी	13	3172	162	/radio-html/assets/audio/60d9371d-c871-4f23-952d-2248fc838d54.mp3	NULL	NULL	false
classical-raga	Classical & Raga	classical-raga-4648abb5-f970-4287-9894-5ef12762ff04	हर बार की कहानी	14	3334	479	/radio-html/assets/audio/4648abb5-f970-4287-9894-5ef12762ff04.mp3	NULL	NULL	false
classical-raga	Classical & Raga	classical-raga-f5b153c7-06ea-4ec2-9553-41c64e7105b4	Raga Yaman	15	3813	298	/radio-html/assets/audio/f5b153c7-06ea-4ec2-9553-41c64e7105b4.mp3	NULL	NULL	false
classical-raga	Classical & Raga	classical-raga-891ce80b-b8ba-45a7-96ec-a3d25cc8854c	Raga Yaman	16	4111	325	/radio-html/assets/audio/891ce80b-b8ba-45a7-96ec-a3d25cc8854c.mp3	NULL	NULL	false
classical-raga	Classical & Raga	classical-raga-91dc965a-d24b-4254-bfb1-8d7c28015225	जागता कबीर	17	4436	297	/radio-html/assets/audio/91dc965a-d24b-4254-bfb1-8d7c28015225.mp3	NULL	NULL	false
classical-raga	Classical & Raga	classical-raga-b9633887-5995-40bd-9ea7-8e4197f229d5	जागता कबीर	18	4733	333	/radio-html/assets/audio/b9633887-5995-40bd-9ea7-8e4197f229d5.mp3	NULL	NULL	false
classical-raga	Classical & Raga	classical-raga-dcf39bdd-302c-442d-9207-648a18074511	सोए मन जाग	19	5066	289	/radio-html/assets/audio/dcf39bdd-302c-442d-9207-648a18074511.mp3	NULL	NULL	false
classical-raga	Classical & Raga	classical-raga-dd8e3e0b-2ec6-4e7f-b8a9-5a53d281c275	सोए मन जाग	20	5355	277	/radio-html/assets/audio/dd8e3e0b-2ec6-4e7f-b8a9-5a53d281c275.mp3	NULL	NULL	false
classical-raga	Classical & Raga	classical-raga-0823ba9f-bc73-4d90-a3f7-90ee284167ab	स्वर्ण पताका उड़ रही	21	5632	158	/radio-html/assets/audio/0823ba9f-bc73-4d90-a3f7-90ee284167ab.mp3	NULL	NULL	false
classical-raga	Classical & Raga	classical-raga-aa8bd4d4-7f49-4fd1-952e-956f27f5bbb2	स्वर्ण पताका उड़ रही	22	5790	160	/radio-html/assets/audio/aa8bd4d4-7f49-4fd1-952e-956f27f5bbb2.mp3	NULL	NULL	false
classical-raga	Classical & Raga	classical-raga-1c19af11-e727-40ce-ab1f-10a6cc04b68e	Main sabko khud mein samaye ek	23	5950	233	/radio-html/assets/audio/1c19af11-e727-40ce-ab1f-10a6cc04b68e.mp3	NULL	NULL	false
classical-raga	Classical & Raga	classical-raga-e24efd14-993f-446c-b6bc-af7aa99c96b1	Main sabko khud mein samaye ek	24	6183	237	/radio-html/assets/audio/e24efd14-993f-446c-b6bc-af7aa99c96b1.mp3	NULL	NULL	false
classical-raga	Classical & Raga	classical-raga-bec3e96c-fe0e-4577-a229-e39d1d8af390	S r G r S	25	6420	298	/radio-html/assets/audio/bec3e96c-fe0e-4577-a229-e39d1d8af390.mp3	NULL	NULL	false
classical-raga	Classical & Raga	classical-raga-53d6b687-9225-46f0-a82d-448af2a35562	S r G r S	26	6718	479	/radio-html/assets/audio/53d6b687-9225-46f0-a82d-448af2a35562.mp3	NULL	NULL	false
classical-raga	Classical & Raga	classical-raga-37323280-425b-4fde-b2c9-385619da2dce	S r G r S	27	7197	215	/radio-html/assets/audio/37323280-425b-4fde-b2c9-385619da2dce.mp3	NULL	NULL	false
classical-raga	Classical & Raga	classical-raga-631a4c65-636f-4b24-aeea-1d3c99c8f664	S r G r S	28	7412	136	/radio-html/assets/audio/631a4c65-636f-4b24-aeea-1d3c99c8f664.mp3	NULL	NULL	false
classical-raga	Classical & Raga	classical-raga-1c396b4f-4f16-4262-9ffb-5f866d7b4ff1	kudru ki beti naagin	29	7548	423	/radio-html/assets/audio/1c396b4f-4f16-4262-9ffb-5f866d7b4ff1.mp3	NULL	NULL	false
classical-raga	Classical & Raga	classical-raga-3f3cee67-4312-4a74-926f-1e1e089df3e5	kudru ki beti naagin	30	7971	280	/radio-html/assets/audio/3f3cee67-4312-4a74-926f-1e1e089df3e5.mp3	NULL	NULL	false
classical-raga	Classical & Raga	classical-raga-6815cf49-e461-4ae3-a61f-755b3568de88	bhagat ki maa	31	8251	219	/radio-html/assets/audio/6815cf49-e461-4ae3-a61f-755b3568de88.mp3	NULL	NULL	false
classical-raga	Classical & Raga	classical-raga-9255b006-4615-4e25-8de3-371066006607	bhagat ki maa	32	8470	185	/radio-html/assets/audio/9255b006-4615-4e25-8de3-371066006607.mp3	NULL	NULL	false
classical-raga	Classical & Raga	classical-raga-11ca7860-3587-4ba9-ae50-0a75df533e5d	del	33	8655	325	/radio-html/assets/audio/11ca7860-3587-4ba9-ae50-0a75df533e5d.mp3	NULL	NULL	false
classical-raga	Classical & Raga	classical-raga-0c99df73-cc56-439f-a358-0cdbaff0f6f3	del	34	8980	188	/radio-html/assets/audio/0c99df73-cc56-439f-a358-0cdbaff0f6f3.mp3	NULL	NULL	false
classical-raga	Classical & Raga	classical-raga-ce3542f2-07bf-4e0e-94d0-849e29cc7cc7	del	35	9168	238	/radio-html/assets/audio/ce3542f2-07bf-4e0e-94d0-849e29cc7cc7.mp3	NULL	NULL	false
electronic-fusion	Electronic & Fusion	electronic-fusion-27c452cf-2f79-4805-9f19-a6ba4be5ef89	“सैलाब हार्मोन्स”	1	0	114	/radio-html/assets/audio/27c452cf-2f79-4805-9f19-a6ba4be5ef89.mp3	NULL	NULL	false
electronic-fusion	Electronic & Fusion	electronic-fusion-c8df8309-2e96-4199-ad2e-32c87be3002e	“सैलाब हार्मोन्स”	2	114	121	/radio-html/assets/audio/c8df8309-2e96-4199-ad2e-32c87be3002e.mp3	NULL	NULL	false
electronic-fusion	Electronic & Fusion	electronic-fusion-9682f67f-4799-479e-a59e-b827566b078e	सैलाब हार्मोन्स	3	235	163	/radio-html/assets/audio/9682f67f-4799-479e-a59e-b827566b078e.mp3	NULL	NULL	false
electronic-fusion	Electronic & Fusion	electronic-fusion-6891158c-b10e-4ec4-9cb0-454f0c1bd1f6	सैलाब हार्मोन्स	4	398	133	/radio-html/assets/audio/6891158c-b10e-4ec4-9cb0-454f0c1bd1f6.mp3	NULL	NULL	false
electronic-fusion	Electronic & Fusion	electronic-fusion-5dae1dc4-0ca1-43fa-8d39-63cbce1d6cc4	ईब यूँ सताना छोड़ दे III	5	531	479	/radio-html/assets/audio/5dae1dc4-0ca1-43fa-8d39-63cbce1d6cc4.mp3	NULL	NULL	false
electronic-fusion	Electronic & Fusion	electronic-fusion-1392cfca-0b75-4795-bdb5-b82e430c9f7b	ईब यूँ सताना छोड़ दे III	6	1010	479	/radio-html/assets/audio/1392cfca-0b75-4795-bdb5-b82e430c9f7b.mp3	NULL	NULL	false
electronic-fusion	Electronic & Fusion	electronic-fusion-fe0a5f9a-addb-4bcf-8cec-503ccf732ea0	ईब यूँ सताना छोड़ दे IV	7	1489	479	/radio-html/assets/audio/fe0a5f9a-addb-4bcf-8cec-503ccf732ea0.mp3	NULL	NULL	false
electronic-fusion	Electronic & Fusion	electronic-fusion-399e2400-18cc-4988-ac09-c3fbc115916f	ईब यूँ सताना छोड़ दे IV	8	1968	460	/radio-html/assets/audio/399e2400-18cc-4988-ac09-c3fbc115916f.mp3	NULL	NULL	false
electronic-fusion	Electronic & Fusion	electronic-fusion-1300d386-6424-4a89-b7ca-77780a29db42	ईब यूँ सताना छोड़ दे VI	9	2428	322	/radio-html/assets/audio/1300d386-6424-4a89-b7ca-77780a29db42.mp3	NULL	NULL	false
electronic-fusion	Electronic & Fusion	electronic-fusion-4c78ef45-06b9-4c43-a575-3ffb6e0fa7b7	ईब यूँ सताना छोड़ दे VI	10	2750	340	/radio-html/assets/audio/4c78ef45-06b9-4c43-a575-3ffb6e0fa7b7.mp3	NULL	NULL	false
electronic-fusion	Electronic & Fusion	electronic-fusion-1c7fc244-297c-434e-9ae6-57a76707f38d	dil_jaleel	11	3090	142	/radio-html/assets/audio/1c7fc244-297c-434e-9ae6-57a76707f38d.mp3	NULL	NULL	false
cinematic-other	Cinematic & Other	cinematic-other-fa8592bb-2d3c-443d-aaf7-9882825a0f19	हनु की पटक	1	0	127	/radio-html/assets/audio/fa8592bb-2d3c-443d-aaf7-9882825a0f19.mp3	NULL	NULL	false
cinematic-other	Cinematic & Other	cinematic-other-974ae0bf-c90c-47bb-803a-18160360bc54	हनु की पटक	2	127	155	/radio-html/assets/audio/974ae0bf-c90c-47bb-803a-18160360bc54.mp3	NULL	NULL	false
cinematic-other	Cinematic & Other	cinematic-other-86fe2a68-593c-4b20-a76a-d0f504f89943	छट का दिन	3	282	151	/radio-html/assets/audio/86fe2a68-593c-4b20-a76a-d0f504f89943.mp3	NULL	NULL	false
cinematic-other	Cinematic & Other	cinematic-other-2f332d7d-3202-4e03-ac8e-c8c057223685	छट का दिन	4	433	147	/radio-html/assets/audio/2f332d7d-3202-4e03-ac8e-c8c057223685.mp3	NULL	NULL	false
cinematic-other	Cinematic & Other	cinematic-other-30e92ffe-423f-48cf-9e93-5fd9bb7113c1	छत-छट ताल	5	580	264	/radio-html/assets/audio/30e92ffe-423f-48cf-9e93-5fd9bb7113c1.mp3	NULL	NULL	false
cinematic-other	Cinematic & Other	cinematic-other-25e7d717-7de7-45e6-8f5e-c53ef846cac3	छत-छट ताल	6	844	226	/radio-html/assets/audio/25e7d717-7de7-45e6-8f5e-c53ef846cac3.mp3	NULL	NULL	false
cinematic-other	Cinematic & Other	cinematic-other-58a470f5-a299-4fb9-b539-f879df9db3c0	कागद काली कलम	7	1070	358	/radio-html/assets/audio/58a470f5-a299-4fb9-b539-f879df9db3c0.mp3	NULL	NULL	false
cinematic-other	Cinematic & Other	cinematic-other-8aee516c-0320-41bb-9f30-695a8a3b34df	कागद काली कलम	8	1428	333	/radio-html/assets/audio/8aee516c-0320-41bb-9f30-695a8a3b34df.mp3	NULL	NULL	false
cinematic-other	Cinematic & Other	cinematic-other-0d2391f0-56a0-4e55-b0a6-3054cf623259	Kaahe Kaagaz	9	1761	287	/radio-html/assets/audio/0d2391f0-56a0-4e55-b0a6-3054cf623259.mp3	NULL	NULL	false
cinematic-other	Cinematic & Other	cinematic-other-8eb95048-e740-4624-99bf-e1c3293c9dfb	Kaahe Kaagaz	10	2048	281	/radio-html/assets/audio/8eb95048-e740-4624-99bf-e1c3293c9dfb.mp3	NULL	NULL	false
cinematic-other	Cinematic & Other	cinematic-other-e0c8c103-aedf-4560-a5f1-875275518f0f	Kaal Likhe Kaal	11	2329	294	/radio-html/assets/audio/e0c8c103-aedf-4560-a5f1-875275518f0f.mp3	NULL	NULL	false
cinematic-other	Cinematic & Other	cinematic-other-da4174c6-2d45-4d98-8050-72dcb85f6fb9	Kaal Likhe Kaal	12	2623	306	/radio-html/assets/audio/da4174c6-2d45-4d98-8050-72dcb85f6fb9.mp3	NULL	NULL	false
cinematic-other	Cinematic & Other	cinematic-other-f090d601-40e5-4874-b303-4bc84220564c	Kaa Rahasya	13	2929	175	/radio-html/assets/audio/f090d601-40e5-4874-b303-4bc84220564c.mp3	NULL	NULL	false
cinematic-other	Cinematic & Other	cinematic-other-dec1c74f-f3ae-4b2b-b293-27081aef1c5e	Kaa Rahasya	14	3104	144	/radio-html/assets/audio/dec1c74f-f3ae-4b2b-b293-27081aef1c5e.mp3	NULL	NULL	false
cinematic-other	Cinematic & Other	cinematic-other-8dfe144d-a4e9-4c51-8d4b-2c642a9eb4be	डिजिटल गुरुकुल मैट्रिक्स	15	3248	143	/radio-html/assets/audio/8dfe144d-a4e9-4c51-8d4b-2c642a9eb4be.mp3	NULL	NULL	false
cinematic-other	Cinematic & Other	cinematic-other-cac083e2-5eba-42df-a500-188660293076	डिजिटल गुरुकुल मैट्रिक्स	16	3391	100	/radio-html/assets/audio/cac083e2-5eba-42df-a500-188660293076.mp3	NULL	NULL	false
cinematic-other	Cinematic & Other	cinematic-other-1fe24a9e-568a-49b0-ba5b-a24b30c0d106	डिजिटल गुरुकुल लॉग्स	17	3491	241	/radio-html/assets/audio/1fe24a9e-568a-49b0-ba5b-a24b30c0d106.mp3	NULL	NULL	false
cinematic-other	Cinematic & Other	cinematic-other-9e69f682-8e35-49be-bd83-e64b31b91832	डिजिटल गुरुकुल लॉग्स	18	3732	207	/radio-html/assets/audio/9e69f682-8e35-49be-bd83-e64b31b91832.mp3	NULL	NULL	false
cinematic-other	Cinematic & Other	cinematic-other-161f3183-f997-4981-afda-e28650b9f92d	डिजिटल गुरुकुल-कनेक्टर	19	3939	199	/radio-html/assets/audio/161f3183-f997-4981-afda-e28650b9f92d.mp3	NULL	NULL	false
cinematic-other	Cinematic & Other	cinematic-other-db77a1fc-e18d-44a0-a28d-7653ea20e3c3	डिजिटल गुरुकुल-कनेक्टर	20	4138	258	/radio-html/assets/audio/db77a1fc-e18d-44a0-a28d-7653ea20e3c3.mp3	NULL	NULL	false
cinematic-other	Cinematic & Other	cinematic-other-e73bb277-81d9-40d3-94bc-f8f3f7893688	परदेसा धड़कन	21	4396	331	/radio-html/assets/audio/e73bb277-81d9-40d3-94bc-f8f3f7893688.mp3	NULL	NULL	false
cinematic-other	Cinematic & Other	cinematic-other-6058ab0b-f41c-4639-a96a-1b58b31a999d	परदेसा धड़कन	22	4727	313	/radio-html/assets/audio/6058ab0b-f41c-4639-a96a-1b58b31a999d.mp3	NULL	NULL	false
cinematic-other	Cinematic & Other	cinematic-other-7e3ed4ad-570a-4867-849a-9eae418e6564	बम भोला बम	23	5040	143	/radio-html/assets/audio/7e3ed4ad-570a-4867-849a-9eae418e6564.mp3	NULL	NULL	false
cinematic-other	Cinematic & Other	cinematic-other-c180868a-e9f9-4af0-b85f-9e47ea6a94a0	बम भोला बम	24	5183	132	/radio-html/assets/audio/c180868a-e9f9-4af0-b85f-9e47ea6a94a0.mp3	NULL	NULL	false
cinematic-other	Cinematic & Other	cinematic-other-7c43c6d1-991a-46e1-b557-7e9b8528b4a3	भगवा चोला	25	5315	145	/radio-html/assets/audio/7c43c6d1-991a-46e1-b557-7e9b8528b4a3.mp3	NULL	NULL	false
cinematic-other	Cinematic & Other	cinematic-other-acce7b02-b36e-4aa7-8bc4-899e425e1f7f	भगवा चोला	26	5460	135	/radio-html/assets/audio/acce7b02-b36e-4aa7-8bc4-899e425e1f7f.mp3	NULL	NULL	false
cinematic-other	Cinematic & Other	cinematic-other-c5f1d8b4-1e92-4d0f-9936-e632bd0922de	म्यूअर क़िला-धुआं	27	5595	169	/radio-html/assets/audio/c5f1d8b4-1e92-4d0f-9936-e632bd0922de.mp3	NULL	NULL	false
cinematic-other	Cinematic & Other	cinematic-other-21b9c825-4413-4f7f-90c9-7bcd81cc55c0	म्यूअर क़िला-धुआं	28	5764	212	/radio-html/assets/audio/21b9c825-4413-4f7f-90c9-7bcd81cc55c0.mp3	NULL	NULL	false
cinematic-other	Cinematic & Other	cinematic-other-f23d5bb3-9dc9-487a-902e-fb31cc813dfd	पायल बजती धुन	29	5976	241	/radio-html/assets/audio/f23d5bb3-9dc9-487a-902e-fb31cc813dfd.mp3	NULL	NULL	false
cinematic-other	Cinematic & Other	cinematic-other-9944d4d4-a519-4243-8abc-0eb7245f81f0	पायल बजती धुन	30	6217	230	/radio-html/assets/audio/9944d4d4-a519-4243-8abc-0eb7245f81f0.mp3	NULL	NULL	false
cinematic-other	Cinematic & Other	cinematic-other-7e7aaecb-6ae5-41b2-86d2-c53c30b96231	गूंगों का स्टेशन	31	6447	241	/radio-html/assets/audio/7e7aaecb-6ae5-41b2-86d2-c53c30b96231.mp3	NULL	NULL	false
cinematic-other	Cinematic & Other	cinematic-other-226a516c-1c24-4e20-b60b-33c5d07903e0	गूंगों का स्टेशन	32	6688	298	/radio-html/assets/audio/226a516c-1c24-4e20-b60b-33c5d07903e0.mp3	NULL	NULL	false
cinematic-other	Cinematic & Other	cinematic-other-f3bece2c-8fd5-4865-af7e-d5cc311fcaf9	सनातन ट्रेन	33	6986	120	/radio-html/assets/audio/f3bece2c-8fd5-4865-af7e-d5cc311fcaf9.mp3	NULL	NULL	false
cinematic-other	Cinematic & Other	cinematic-other-2fd61f04-cf7c-48c8-b0fc-88e954b400a3	सनातन ट्रेन	34	7106	87	/radio-html/assets/audio/2fd61f04-cf7c-48c8-b0fc-88e954b400a3.mp3	NULL	NULL	false
cinematic-other	Cinematic & Other	cinematic-other-8a1552e3-f66a-47d5-9b8f-962ea1ca02d7	अधिनारा हँसी	35	7193	161	/radio-html/assets/audio/8a1552e3-f66a-47d5-9b8f-962ea1ca02d7.mp3	NULL	NULL	false
cinematic-other	Cinematic & Other	cinematic-other-3a04f1ee-76c8-4231-a913-8316bd017536	अधिनारा हँसी	36	7354	168	/radio-html/assets/audio/3a04f1ee-76c8-4231-a913-8316bd017536.mp3	NULL	NULL	false
cinematic-other	Cinematic & Other	cinematic-other-4755eedc-6653-4f47-a62c-4c49b907cf1d	पंडित होने की कोशिश	37	7522	117	/radio-html/assets/audio/4755eedc-6653-4f47-a62c-4c49b907cf1d.mp3	NULL	NULL	false
cinematic-other	Cinematic & Other	cinematic-other-5b648092-0e75-4f22-95e2-5ee3f1cfe456	पंडित होने की कोशिश	38	7639	112	/radio-html/assets/audio/5b648092-0e75-4f22-95e2-5ee3f1cfe456.mp3	NULL	NULL	false
cinematic-other	Cinematic & Other	cinematic-other-cd7f3a61-d005-4eac-aecc-373368cd6ccb	पत्थर बुत	39	7751	269	/radio-html/assets/audio/cd7f3a61-d005-4eac-aecc-373368cd6ccb.mp3	NULL	NULL	false
cinematic-other	Cinematic & Other	cinematic-other-7024a723-80fe-4ead-8ec4-4372a3bb4e7b	पत्थर बुत	40	8020	244	/radio-html/assets/audio/7024a723-80fe-4ead-8ec4-4372a3bb4e7b.mp3	NULL	NULL	false
cinematic-other	Cinematic & Other	cinematic-other-3620a61f-947c-4be7-bac2-a93a6eaa5a9c	गीला घचा	41	8264	171	/radio-html/assets/audio/3620a61f-947c-4be7-bac2-a93a6eaa5a9c.mp3	NULL	NULL	false
cinematic-other	Cinematic & Other	cinematic-other-904d98b2-e279-48b7-83e2-29184af62f47	गीला घचा	42	8435	160	/radio-html/assets/audio/904d98b2-e279-48b7-83e2-29184af62f47.mp3	NULL	NULL	false
cinematic-other	Cinematic & Other	cinematic-other-5156c5cc-0a46-4b76-bdcd-a344c362d213	मुंह-खून खांचा	43	8595	166	/radio-html/assets/audio/5156c5cc-0a46-4b76-bdcd-a344c362d213.mp3	NULL	NULL	false
cinematic-other	Cinematic & Other	cinematic-other-d6804818-7296-4af6-8e5e-d58ed14b5587	मुंह-खून खांचा	44	8761	161	/radio-html/assets/audio/d6804818-7296-4af6-8e5e-d58ed14b5587.mp3	NULL	NULL	false
cinematic-other	Cinematic & Other	cinematic-other-a4bf888b-805c-406a-bdc5-cdf12d97c225	परमाणु रद्दी	45	8922	163	/radio-html/assets/audio/a4bf888b-805c-406a-bdc5-cdf12d97c225.mp3	NULL	NULL	false
cinematic-other	Cinematic & Other	cinematic-other-79d13c77-eca1-459b-806f-cd40985c3208	परमाणु रद्दी	46	9085	169	/radio-html/assets/audio/79d13c77-eca1-459b-806f-cd40985c3208.mp3	NULL	NULL	false
cinematic-other	Cinematic & Other	cinematic-other-f6c100fa-e5b7-4b9a-97b5-4ce34def6953	शून्य की डोरी अदालत	47	9254	184	/radio-html/assets/audio/f6c100fa-e5b7-4b9a-97b5-4ce34def6953.mp3	NULL	NULL	false
cinematic-other	Cinematic & Other	cinematic-other-a3fc8cdd-425f-4eb3-bca9-b17e10505af4	शून्य की डोरी अदालत	48	9438	213	/radio-html/assets/audio/a3fc8cdd-425f-4eb3-bca9-b17e10505af4.mp3	NULL	NULL	false
cinematic-other	Cinematic & Other	cinematic-other-65806a40-681c-40b3-a051-6052aac0137c	काला कोट	49	9651	275	/radio-html/assets/audio/65806a40-681c-40b3-a051-6052aac0137c.mp3	NULL	NULL	false
cinematic-other	Cinematic & Other	cinematic-other-ff2b259f-36d3-441b-ad10-8e1669c878d3	काला कोट	50	9926	254	/radio-html/assets/audio/ff2b259f-36d3-441b-ad10-8e1669c878d3.mp3	NULL	NULL	false
cinematic-other	Cinematic & Other	cinematic-other-dae97a92-4622-481b-aa4f-6ba251fa0cfe	गुफा-ढोल धड़कन	51	10180	172	/radio-html/assets/audio/dae97a92-4622-481b-aa4f-6ba251fa0cfe.mp3	NULL	NULL	false
cinematic-other	Cinematic & Other	cinematic-other-827207b7-54fc-42ba-925e-43760527026f	गुफा-ढोल धड़कन	52	10352	212	/radio-html/assets/audio/827207b7-54fc-42ba-925e-43760527026f.mp3	NULL	NULL	false
cinematic-other	Cinematic & Other	cinematic-other-515aac2c-c52d-4c0d-baa0-080f2902d9d3	Dada Tak	53	10564	161	/radio-html/assets/audio/515aac2c-c52d-4c0d-baa0-080f2902d9d3.mp3	NULL	NULL	false
cinematic-other	Cinematic & Other	cinematic-other-8c4f4c73-6541-40f0-bead-2812bbb715e4	Dada Tak	54	10725	145	/radio-html/assets/audio/8c4f4c73-6541-40f0-bead-2812bbb715e4.mp3	NULL	NULL	false
cinematic-other	Cinematic & Other	cinematic-other-834f3ae2-e513-4ffc-8431-1d842ab13e3e	ओ जी मेरे सरकार मेरे ज्ञान	55	10870	264	/radio-html/assets/audio/834f3ae2-e513-4ffc-8431-1d842ab13e3e.mp3	NULL	NULL	false
cinematic-other	Cinematic & Other	cinematic-other-e1b56541-6cab-4cc3-af30-269fc2cc21d8	ओ जी मेरे सरकार मेरे ज्ञान	56	11134	337	/radio-html/assets/audio/e1b56541-6cab-4cc3-af30-269fc2cc21d8.mp3	NULL	NULL	false
cinematic-other	Cinematic & Other	cinematic-other-c9e3d20d-1c8f-4301-8f48-b90bcad4dbbf	गिद्धों के शहर में लेके चला	57	11471	220	/radio-html/assets/audio/c9e3d20d-1c8f-4301-8f48-b90bcad4dbbf.mp3	NULL	NULL	false
cinematic-other	Cinematic & Other	cinematic-other-52951995-1c96-40b6-ab48-93b43e9bd488	गिद्धों के शहर में लेके चला	58	11691	238	/radio-html/assets/audio/52951995-1c96-40b6-ab48-93b43e9bd488.mp3	NULL	NULL	false
cinematic-other	Cinematic & Other	cinematic-other-42c55ab5-6656-4c72-bcae-0560c1afdacf	दादा फौजी बनवा दे न तेरी	59	11929	114	/radio-html/assets/audio/42c55ab5-6656-4c72-bcae-0560c1afdacf.mp3	NULL	NULL	false
cinematic-other	Cinematic & Other	cinematic-other-a41086c8-d15a-40b1-a8c7-8a6d0a450688	दादा फौजी बनवा दे न तेरी	60	12043	117	/radio-html/assets/audio/a41086c8-d15a-40b1-a8c7-8a6d0a450688.mp3	NULL	NULL	false
cinematic-other	Cinematic & Other	cinematic-other-42eea408-81a9-4c2f-8ffb-8d5c5656d202	फौजी बनवा दे न मै तेरी	61	12160	193	/radio-html/assets/audio/42eea408-81a9-4c2f-8ffb-8d5c5656d202.mp3	NULL	NULL	false
cinematic-other	Cinematic & Other	cinematic-other-ef8c9b76-6af4-46b3-9c34-f9f7408dba40	फौजी बनवा दे न मै तेरी	62	12353	185	/radio-html/assets/audio/ef8c9b76-6af4-46b3-9c34-f9f7408dba40.mp3	NULL	NULL	false
cinematic-other	Cinematic & Other	cinematic-other-2bf46bbc-1f00-42b1-ada9-5dd38b02ca3b	Machchar:	63	12538	480	/radio-html/assets/audio/2bf46bbc-1f00-42b1-ada9-5dd38b02ca3b.mp3	NULL	NULL	false
cinematic-other	Cinematic & Other	cinematic-other-2705713e-7211-41ce-8805-62d72c7038f2	Machchar:	64	13018	425	/radio-html/assets/audio/2705713e-7211-41ce-8805-62d72c7038f2.mp3	NULL	NULL	false
cinematic-other	Cinematic & Other	cinematic-other-9b85885b-774d-4b2d-babf-e39fea6294e0	🎤 वक़्त के घोड़े — जागरण	65	13443	218	/radio-html/assets/audio/9b85885b-774d-4b2d-babf-e39fea6294e0.mp3	NULL	NULL	false
cinematic-other	Cinematic & Other	cinematic-other-1802409c-450b-4fa0-82bb-9ae1c98c6f58	🎤 वक़्त के घोड़े — जागरण	66	13661	181	/radio-html/assets/audio/1802409c-450b-4fa0-82bb-9ae1c98c6f58.mp3	NULL	NULL	false
cinematic-other	Cinematic & Other	cinematic-other-877a4cae-7aaa-4d7a-b037-021fcc544fb5	O.I.riginal.nteligence	67	13842	296	/radio-html/assets/audio/877a4cae-7aaa-4d7a-b037-021fcc544fb5.mp3	NULL	NULL	false
cinematic-other	Cinematic & Other	cinematic-other-35c9d20a-94e6-4b53-9e14-073f7c519e47	O.I.riginal.nteligence	68	14138	367	/radio-html/assets/audio/35c9d20a-94e6-4b53-9e14-073f7c519e47.mp3	NULL	NULL	false
cinematic-other	Cinematic & Other	cinematic-other-1482a051-de1c-4ca4-bc3b-2a183763c075	neural jogi	69	14505	405	/radio-html/assets/audio/1482a051-de1c-4ca4-bc3b-2a183763c075.mp3	NULL	NULL	false
cinematic-other	Cinematic & Other	cinematic-other-9b907c3a-8874-4c5a-93bb-ba08f8477cdc	neural jogi	70	14910	386	/radio-html/assets/audio/9b907c3a-8874-4c5a-93bb-ba08f8477cdc.mp3	NULL	NULL	false
cinematic-other	Cinematic & Other	cinematic-other-322826de-5054-4df5-868c-4d8eefd1140f	eeee ee eeee eaeaeaaeen	71	15296	479	/radio-html/assets/audio/322826de-5054-4df5-868c-4d8eefd1140f.mp3	NULL	NULL	false
cinematic-other	Cinematic & Other	cinematic-other-75db9ef6-ac44-4361-aa4f-64d05aab70a8	eeee ee eeee eaeaeaaeen	72	15775	479	/radio-html/assets/audio/75db9ef6-ac44-4361-aa4f-64d05aab70a8.mp3	NULL	NULL	false
cinematic-other	Cinematic & Other	cinematic-other-9ea90a62-a2d7-462c-9f8c-fb078246a1ae	eeee ee eeee eaeaeaaeen II	73	16254	115	/radio-html/assets/audio/9ea90a62-a2d7-462c-9f8c-fb078246a1ae.mp3	NULL	NULL	false
cinematic-other	Cinematic & Other	cinematic-other-f5ee1b21-dfd0-497c-8f70-18a04305df49	eeee ee eeee eaeaeaaeen II	74	16369	84	/radio-html/assets/audio/f5ee1b21-dfd0-497c-8f70-18a04305df49.mp3	NULL	NULL	false
cinematic-other	Cinematic & Other	cinematic-other-200d3cac-7b7b-437a-8877-c560fdd74b80	neural jogi	75	16453	413	/radio-html/assets/audio/200d3cac-7b7b-437a-8877-c560fdd74b80.mp3	NULL	NULL	false
cinematic-other	Cinematic & Other	cinematic-other-7c45ec0d-f3b8-4cb9-beaf-2d74f4302da5	neural jogi	76	16866	413	/radio-html/assets/audio/7c45ec0d-f3b8-4cb9-beaf-2d74f4302da5.mp3	NULL	NULL	false
cinematic-other	Cinematic & Other	cinematic-other-1712384b-9b51-4094-b444-b464a3aa0e27	हे माँ शैलपुत्री	77	17279	204	/radio-html/assets/audio/1712384b-9b51-4094-b444-b464a3aa0e27.mp3	NULL	NULL	false
cinematic-other	Cinematic & Other	cinematic-other-527b35cd-7313-4af7-82d2-007ce8ac75a1	हे माँ शैलपुत्री	78	17483	250	/radio-html/assets/audio/527b35cd-7313-4af7-82d2-007ce8ac75a1.mp3	NULL	NULL	false
cinematic-other	Cinematic & Other	cinematic-other-4c162f53-2f79-4fed-b3c9-93841a1755f3	ॐ धम धूम पटक	79	17733	360	/radio-html/assets/audio/4c162f53-2f79-4fed-b3c9-93841a1755f3.mp3	NULL	NULL	false
cinematic-other	Cinematic & Other	cinematic-other-29a17f2c-a3b6-463d-9a08-8fede6cb142a	ॐ धम धूम पटक	80	18093	414	/radio-html/assets/audio/29a17f2c-a3b6-463d-9a08-8fede6cb142a.mp3	NULL	NULL	false
cinematic-other	Cinematic & Other	cinematic-other-ecfcf3e2-e6b5-4377-b4bf-52d3acda1360	ॐ धम धूम पटक II	81	18507	479	/radio-html/assets/audio/ecfcf3e2-e6b5-4377-b4bf-52d3acda1360.mp3	NULL	NULL	false
cinematic-other	Cinematic & Other	cinematic-other-15044912-afce-435c-a55e-9158b065f46a	ॐ धम धूम पटक II	82	18986	465	/radio-html/assets/audio/15044912-afce-435c-a55e-9158b065f46a.mp3	NULL	NULL	false
cinematic-other	Cinematic & Other	cinematic-other-6760d633-7fec-4c2b-9747-6d8f0963d5a2	kudru ki beti naagin	83	19451	171	/radio-html/assets/audio/6760d633-7fec-4c2b-9747-6d8f0963d5a2.mp3	NULL	NULL	false
cinematic-other	Cinematic & Other	cinematic-other-310f549f-b41a-4685-9afd-023bc7de4632	kudru ki beti naagin	84	19622	195	/radio-html/assets/audio/310f549f-b41a-4685-9afd-023bc7de4632.mp3	NULL	NULL	false
cinematic-other	Cinematic & Other	cinematic-other-cbd88d04-4767-4c26-8d29-ba96e43adce7	kudru ki beti naagin	85	19817	207	/radio-html/assets/audio/cbd88d04-4767-4c26-8d29-ba96e43adce7.mp3	NULL	NULL	false
cinematic-other	Cinematic & Other	cinematic-other-14fa2fe8-0de2-4ace-9ee4-404348db0270	kudru ki beti naagin	86	20024	179	/radio-html/assets/audio/14fa2fe8-0de2-4ace-9ee4-404348db0270.mp3	NULL	NULL	false
cinematic-other	Cinematic & Other	cinematic-other-783c7290-99f4-43f8-adc4-b8681b56114d	kudru ki beti naagin	87	20203	349	/radio-html/assets/audio/783c7290-99f4-43f8-adc4-b8681b56114d.mp3	NULL	NULL	false
cinematic-other	Cinematic & Other	cinematic-other-a3b96400-fe65-4f1c-904d-9aff23390ee0	kudru ki beti naagin	88	20552	340	/radio-html/assets/audio/a3b96400-fe65-4f1c-904d-9aff23390ee0.mp3	NULL	NULL	false
cinematic-other	Cinematic & Other	cinematic-other-7c7a4b38-9322-4dcc-a49f-ec91ad8874d0	kudru ki beti naagin	89	20892	360	/radio-html/assets/audio/7c7a4b38-9322-4dcc-a49f-ec91ad8874d0.mp3	NULL	NULL	false
cinematic-other	Cinematic & Other	cinematic-other-09294d81-a6e4-4c9e-a676-98b05856accd	kudru ki beti naagin	90	21252	324	/radio-html/assets/audio/09294d81-a6e4-4c9e-a676-98b05856accd.mp3	NULL	NULL	false
cinematic-other	Cinematic & Other	cinematic-other-93dd0e34-eefb-4555-91c0-b5297eef283f	kudru ki beti naagin	91	21576	350	/radio-html/assets/audio/93dd0e34-eefb-4555-91c0-b5297eef283f.mp3	NULL	NULL	false
cinematic-other	Cinematic & Other	cinematic-other-860e7a0e-a8d8-473f-b660-d2449b65da69	kudru ki beti naagin	92	21926	333	/radio-html/assets/audio/860e7a0e-a8d8-473f-b660-d2449b65da69.mp3	NULL	NULL	false
cinematic-other	Cinematic & Other	cinematic-other-4d9a720f-aeeb-408e-b64a-c666f1db644a	kudru ki beti naagin	93	22259	230	/radio-html/assets/audio/4d9a720f-aeeb-408e-b64a-c666f1db644a.mp3	NULL	NULL	false
cinematic-other	Cinematic & Other	cinematic-other-97570150-635e-406d-b142-62c45c19be2d	kudru ki beti naagin	94	22489	283	/radio-html/assets/audio/97570150-635e-406d-b142-62c45c19be2d.mp3	NULL	NULL	false
cinematic-other	Cinematic & Other	cinematic-other-830aef5d-267b-442b-800e-9335aa9c8cd4	Naaraayana Uunh	95	22772	150	/radio-html/assets/audio/830aef5d-267b-442b-800e-9335aa9c8cd4.mp3	NULL	NULL	false
cinematic-other	Cinematic & Other	cinematic-other-011fd342-d778-41bf-9986-f10d95e00637	Naaraayana Uunh	96	22922	173	/radio-html/assets/audio/011fd342-d778-41bf-9986-f10d95e00637.mp3	NULL	NULL	false
cinematic-other	Cinematic & Other	cinematic-other-a06bfdbd-c7e9-401a-a6df-d87a575e3893	Naaraayana Uunh	97	23095	179	/radio-html/assets/audio/a06bfdbd-c7e9-401a-a6df-d87a575e3893.mp3	NULL	NULL	false
cinematic-other	Cinematic & Other	cinematic-other-413e4582-680e-4824-95e8-252bfe180608	Naaraayana Uunh	98	23274	193	/radio-html/assets/audio/413e4582-680e-4824-95e8-252bfe180608.mp3	NULL	NULL	false
cinematic-other	Cinematic & Other	cinematic-other-790f6743-e536-4370-8191-d2dfc093831c	Naaraayana Uunh	99	23467	193	/radio-html/assets/audio/790f6743-e536-4370-8191-d2dfc093831c.mp3	NULL	NULL	false
cinematic-other	Cinematic & Other	cinematic-other-103c9db6-e1ee-45f8-815d-0a7612a6ea10	Naaraayana Uunh	100	23660	151	/radio-html/assets/audio/103c9db6-e1ee-45f8-815d-0a7612a6ea10.mp3	NULL	NULL	false
cinematic-other	Cinematic & Other	cinematic-other-5fe2fc4c-7692-43dd-ab51-5478384c4dfc	नागिन है नागिन है नागिन	101	23811	266	/radio-html/assets/audio/5fe2fc4c-7692-43dd-ab51-5478384c4dfc.mp3	NULL	NULL	false
cinematic-other	Cinematic & Other	cinematic-other-ee9c206f-9027-4024-8cfb-42506142c9a2	नागिन है नागिन है नागिन	102	24077	224	/radio-html/assets/audio/ee9c206f-9027-4024-8cfb-42506142c9a2.mp3	NULL	NULL	false
cinematic-other	Cinematic & Other	cinematic-other-2c5e4dbe-097d-4f30-aabf-618cc31ef0b0	Naaraayana Uunh	103	24301	126	/radio-html/assets/audio/2c5e4dbe-097d-4f30-aabf-618cc31ef0b0.mp3	NULL	NULL	false
cinematic-other	Cinematic & Other	cinematic-other-d42a34a6-86f1-42c4-8ee3-d94d850cc73b	Naaraayana Uunh	104	24427	107	/radio-html/assets/audio/d42a34a6-86f1-42c4-8ee3-d94d850cc73b.mp3	NULL	NULL	false
cinematic-other	Cinematic & Other	cinematic-other-e39d4168-ab51-4b9d-a5c3-abccf188281c	Naaraayana Uunh	105	24534	85	/radio-html/assets/audio/e39d4168-ab51-4b9d-a5c3-abccf188281c.mp3	NULL	NULL	false
cinematic-other	Cinematic & Other	cinematic-other-5e5689c5-b3b9-48fb-ac29-11a1a7304d5d	Naaraayana Uunh	106	24619	85	/radio-html/assets/audio/5e5689c5-b3b9-48fb-ac29-11a1a7304d5d.mp3	NULL	NULL	false
cinematic-other	Cinematic & Other	cinematic-other-a8d556f6-269d-4029-bb1a-0abd4bc16064	Naaraayana Uunh	107	24704	116	/radio-html/assets/audio/a8d556f6-269d-4029-bb1a-0abd4bc16064.mp3	NULL	NULL	false
cinematic-other	Cinematic & Other	cinematic-other-f5cb9407-24a2-45f0-8ee2-aa403a65a74b	Naaraayana Uunh	108	24820	106	/radio-html/assets/audio/f5cb9407-24a2-45f0-8ee2-aa403a65a74b.mp3	NULL	NULL	false
cinematic-other	Cinematic & Other	cinematic-other-4edf51d3-f4e1-4827-a506-85192bc47867	दृश्य: महामात्य का विराट क्रोध	109	24926	345	/radio-html/assets/audio/4edf51d3-f4e1-4827-a506-85192bc47867.mp3	NULL	NULL	false
cinematic-other	Cinematic & Other	cinematic-other-9b80022a-996a-488b-82c6-8377e3dda26a	दृश्य: महामात्य का विराट क्रोध	110	25271	258	/radio-html/assets/audio/9b80022a-996a-488b-82c6-8377e3dda26a.mp3	NULL	NULL	false
cinematic-other	Cinematic & Other	cinematic-other-ca39964f-fe6f-417b-8869-8ff0a2749fab	दृश्य: महामात्य का विराट क्रोध II	111	25529	167	/radio-html/assets/audio/ca39964f-fe6f-417b-8869-8ff0a2749fab.mp3	NULL	NULL	false
cinematic-other	Cinematic & Other	cinematic-other-98fd044c-85e8-4661-bfd1-c295679b7801	दृश्य: महामात्य का विराट क्रोध II	112	25696	177	/radio-html/assets/audio/98fd044c-85e8-4661-bfd1-c295679b7801.mp3	NULL	NULL	false
cinematic-other	Cinematic & Other	cinematic-other-e7732295-f853-4506-ac1f-9ba75d645982	दृश्य: महामात्य का विराट क्रोध II	113	25873	204	/radio-html/assets/audio/e7732295-f853-4506-ac1f-9ba75d645982.mp3	NULL	NULL	false
cinematic-other	Cinematic & Other	cinematic-other-2ae593af-d471-49fe-802c-a910664b5b29	दृश्य: महामात्य का विराट क्रोध II	114	26077	240	/radio-html/assets/audio/2ae593af-d471-49fe-802c-a910664b5b29.mp3	NULL	NULL	false
cinematic-other	Cinematic & Other	cinematic-other-4012494c-6d32-4fac-8a87-2e82ebfe57d0	दृश्य: महामात्य का विराट क्रोध III	115	26317	190	/radio-html/assets/audio/4012494c-6d32-4fac-8a87-2e82ebfe57d0.mp3	NULL	NULL	false
cinematic-other	Cinematic & Other	cinematic-other-1b94e28b-5e0d-4d10-9519-57a4a340dea5	दृश्य: महामात्य का विराट क्रोध III	116	26507	171	/radio-html/assets/audio/1b94e28b-5e0d-4d10-9519-57a4a340dea5.mp3	NULL	NULL	false
cinematic-other	Cinematic & Other	cinematic-other-519cfa96-09e0-43be-b008-6631b9302357	Naaraayana Uunh	117	26678	111	/radio-html/assets/audio/519cfa96-09e0-43be-b008-6631b9302357.mp3	NULL	NULL	false
cinematic-other	Cinematic & Other	cinematic-other-b394760e-a22a-4ddf-ae84-669d76820b25	Naaraayana Uunh	118	26789	96	/radio-html/assets/audio/b394760e-a22a-4ddf-ae84-669d76820b25.mp3	NULL	NULL	false
cinematic-other	Cinematic & Other	cinematic-other-16e6f905-49c1-42d2-ad44-46130e1b7dda	मने मेरे देश ईब यूं सताना III	119	26885	281	/radio-html/assets/audio/16e6f905-49c1-42d2-ad44-46130e1b7dda.mp3	NULL	NULL	false
cinematic-other	Cinematic & Other	cinematic-other-a9945093-a511-431f-a149-6978e172135c	मने मेरे देश ईब यूं सताना III	120	27166	254	/radio-html/assets/audio/a9945093-a511-431f-a149-6978e172135c.mp3	NULL	NULL	false
cinematic-other	Cinematic & Other	cinematic-other-8296abb7-b694-4517-b505-74a1482acc86	मने मेरे देश ईब यूं सताना IV	121	27420	214	/radio-html/assets/audio/8296abb7-b694-4517-b505-74a1482acc86.mp3	NULL	NULL	false
cinematic-other	Cinematic & Other	cinematic-other-74ebed02-df6f-4443-b566-63929be6a05d	मने मेरे देश ईब यूं सताना IV	122	27634	218	/radio-html/assets/audio/74ebed02-df6f-4443-b566-63929be6a05d.mp3	NULL	NULL	false
cinematic-other	Cinematic & Other	cinematic-other-9a3c2b4d-d452-4c45-80d4-2d277e37d1eb	पिंकी हंस नंदिनी वा पानी लेवण	123	27852	97	/radio-html/assets/audio/9a3c2b4d-d452-4c45-80d4-2d277e37d1eb.mp3	NULL	NULL	false
cinematic-other	Cinematic & Other	cinematic-other-afa3c84f-25e6-4dfe-88a0-9f638a8b1582	पिंकी हंस नंदिनी वा पानी लेवण	124	27949	133	/radio-html/assets/audio/afa3c84f-25e6-4dfe-88a0-9f638a8b1582.mp3	NULL	NULL	false
cinematic-other	Cinematic & Other	cinematic-other-606fe1e9-61e4-4248-bd93-73fa98153abc	पिंकी हंस नंदिनी वा पानी लेवण II	125	28082	211	/radio-html/assets/audio/606fe1e9-61e4-4248-bd93-73fa98153abc.mp3	NULL	NULL	false
cinematic-other	Cinematic & Other	cinematic-other-73f2af74-5054-49d8-896c-e82524eddc06	पिंकी हंस नंदिनी वा पानी लेवण II	126	28293	205	/radio-html/assets/audio/73f2af74-5054-49d8-896c-e82524eddc06.mp3	NULL	NULL	false
cinematic-other	Cinematic & Other	cinematic-other-083ed8dc-672d-423d-bda9-9714b4ae62f4	पिंकी हंस नंदिनी वा पानी लेवण III	127	28498	215	/radio-html/assets/audio/083ed8dc-672d-423d-bda9-9714b4ae62f4.mp3	NULL	NULL	false
cinematic-other	Cinematic & Other	cinematic-other-3ce196ce-9876-4bc9-8d96-a2d296db8b1c	पिंकी हंस नंदिनी वा पानी लेवण III	128	28713	201	/radio-html/assets/audio/3ce196ce-9876-4bc9-8d96-a2d296db8b1c.mp3	NULL	NULL	false
cinematic-other	Cinematic & Other	cinematic-other-370a4d03-deca-434e-9414-305c4a1a849f	पिंकी हंस नंदिनी वा पानी लेवण III	129	28914	143	/radio-html/assets/audio/370a4d03-deca-434e-9414-305c4a1a849f.mp3	NULL	NULL	false
cinematic-other	Cinematic & Other	cinematic-other-043fd8db-51e3-4bcf-a025-7c0e9e70d65e	पिंकी हंस नंदिनी वा पानी लेवण III	130	29057	148	/radio-html/assets/audio/043fd8db-51e3-4bcf-a025-7c0e9e70d65e.mp3	NULL	NULL	false
cinematic-other	Cinematic & Other	cinematic-other-73522d09-58c9-4824-b255-989b4bafebf0	महा-तंत्र: स्वतंत्र यंत्र	131	29205	182	/radio-html/assets/audio/73522d09-58c9-4824-b255-989b4bafebf0.mp3	NULL	NULL	false
cinematic-other	Cinematic & Other	cinematic-other-3266e243-6415-49ae-bae9-55af0a248874	महा-तंत्र: स्वतंत्र यंत्र	132	29387	161	/radio-html/assets/audio/3266e243-6415-49ae-bae9-55af0a248874.mp3	NULL	NULL	false
cinematic-other	Cinematic & Other	cinematic-other-c5e03997-b771-4c5b-97fc-4f4a0f24b5de	महा-तंत्र: स्वतंत्र यंत्र	133	29548	230	/radio-html/assets/audio/c5e03997-b771-4c5b-97fc-4f4a0f24b5de.mp3	NULL	NULL	false
cinematic-other	Cinematic & Other	cinematic-other-271aa98c-9ee3-4765-a2f6-cffd21ec6eb5	महा-तंत्र: स्वतंत्र यंत्र	134	29778	158	/radio-html/assets/audio/271aa98c-9ee3-4765-a2f6-cffd21ec6eb5.mp3	NULL	NULL	false
cinematic-other	Cinematic & Other	cinematic-other-ed23ef25-ed22-4f98-8326-7048a173f950	जय हिन्द – जय हिन्द II	135	29936	310	/radio-html/assets/audio/ed23ef25-ed22-4f98-8326-7048a173f950.mp3	NULL	NULL	false
cinematic-other	Cinematic & Other	cinematic-other-1a7174d9-5a96-48f4-8450-a514eb467683	जय हिन्द – जय हिन्द II	136	30246	199	/radio-html/assets/audio/1a7174d9-5a96-48f4-8450-a514eb467683.mp3	NULL	NULL	false
cinematic-other	Cinematic & Other	cinematic-other-08672d19-c215-4ff6-ac7c-8273ca45eab0	र भाई र र र	137	30445	318	/radio-html/assets/audio/08672d19-c215-4ff6-ac7c-8273ca45eab0.mp3	NULL	NULL	false
cinematic-other	Cinematic & Other	cinematic-other-7aa13792-c537-4535-878c-bd7c7925e869	र भाई र र र	138	30763	404	/radio-html/assets/audio/7aa13792-c537-4535-878c-bd7c7925e869.mp3	NULL	NULL	false
cinematic-other	Cinematic & Other	cinematic-other-e521f486-dc2d-450c-ad6b-6dc60c076e3b	आज की बात सुनो रे भाई	139	31167	241	/radio-html/assets/audio/e521f486-dc2d-450c-ad6b-6dc60c076e3b.mp3	NULL	NULL	false
cinematic-other	Cinematic & Other	cinematic-other-94daf0e0-f8b0-4025-b269-39a4f5b63bdc	आज की बात सुनो रे भाई	140	31408	210	/radio-html/assets/audio/94daf0e0-f8b0-4025-b269-39a4f5b63bdc.mp3	NULL	NULL	false
cinematic-other	Cinematic & Other	cinematic-other-afb6c7b0-fbfc-4889-9c1c-361c8bba3ed4	॥ हेमंत अंतर्मन संवाद: आधिकारिक टीज़र	141	31618	125	/radio-html/assets/audio/afb6c7b0-fbfc-4889-9c1c-361c8bba3ed4.mp3	NULL	NULL	false
cinematic-other	Cinematic & Other	cinematic-other-348fc72d-5a8b-4126-9498-c2f6cafc4a0e	॥ हेमंत अंतर्मन संवाद: आधिकारिक टीज़र	142	31743	165	/radio-html/assets/audio/348fc72d-5a8b-4126-9498-c2f6cafc4a0e.mp3	NULL	NULL	false
cinematic-other	Cinematic & Other	cinematic-other-22166f36-f1c8-4ca9-9452-f76ee29ff8c9	॥ हेमंत अंतर्मन संवाद: आधिकारिक टीज़र II	143	31908	167	/radio-html/assets/audio/22166f36-f1c8-4ca9-9452-f76ee29ff8c9.mp3	NULL	NULL	false
cinematic-other	Cinematic & Other	cinematic-other-bfac316f-83ab-44b3-8c61-080c6de6c036	॥ हेमंत अंतर्मन संवाद: आधिकारिक टीज़र II	144	32075	195	/radio-html/assets/audio/bfac316f-83ab-44b3-8c61-080c6de6c036.mp3	NULL	NULL	false
cinematic-other	Cinematic & Other	cinematic-other-92631fc4-6b9e-4dd2-9cd4-83870b8d3d71	॥ हेमंत अंतर्मन संवाद: आधिकारिक टीज़र II	145	32270	118	/radio-html/assets/audio/92631fc4-6b9e-4dd2-9cd4-83870b8d3d71.mp3	NULL	NULL	false
cinematic-other	Cinematic & Other	cinematic-other-e2588540-4aee-4cff-a2d9-023f8e4c0e98	॥ हेमंत अंतर्मन संवाद: आधिकारिक टीज़र II	146	32388	130	/radio-html/assets/audio/e2588540-4aee-4cff-a2d9-023f8e4c0e98.mp3	NULL	NULL	false
cinematic-other	Cinematic & Other	cinematic-other-30bf75e7-10f6-4308-b4ee-87d52c599e1a	दूध दही के खाने का –	147	32518	215	/radio-html/assets/audio/30bf75e7-10f6-4308-b4ee-87d52c599e1a.mp3	NULL	NULL	false
cinematic-other	Cinematic & Other	cinematic-other-1f885a53-57ed-448b-b0b6-c3c53c8504d9	दूध दही के खाने का –	148	32733	270	/radio-html/assets/audio/1f885a53-57ed-448b-b0b6-c3c53c8504d9.mp3	NULL	NULL	false
cinematic-other	Cinematic & Other	cinematic-other-67c23492-7a85-457e-a73a-8686f0dd0aec	नियमों का हऊआ और सत्य	149	33003	107	/radio-html/assets/audio/67c23492-7a85-457e-a73a-8686f0dd0aec.mp3	NULL	NULL	false
cinematic-other	Cinematic & Other	cinematic-other-4683717a-d5df-4665-836e-b5252b9bb43f	नियमों का हऊआ और सत्य	150	33110	119	/radio-html/assets/audio/4683717a-d5df-4665-836e-b5252b9bb43f.mp3	NULL	NULL	false
cinematic-other	Cinematic & Other	cinematic-other-0137e680-bb96-4a04-9603-b48b321e35e1	सत्य सनातन का है ज्ञान	151	33229	210	/radio-html/assets/audio/0137e680-bb96-4a04-9603-b48b321e35e1.mp3	NULL	NULL	false
cinematic-other	Cinematic & Other	cinematic-other-12c44280-e16c-405e-92e1-fb9989b71037	सत्य सनातन का है ज्ञान	152	33439	203	/radio-html/assets/audio/12c44280-e16c-405e-92e1-fb9989b71037.mp3	NULL	NULL	false
cinematic-other	Cinematic & Other	cinematic-other-dc93e92b-de6b-4f68-be8d-4264d2eaf273	First Comes the Word	153	33642	202	/radio-html/assets/audio/dc93e92b-de6b-4f68-be8d-4264d2eaf273.mp3	NULL	NULL	false
cinematic-other	Cinematic & Other	cinematic-other-1a47a65a-030c-4a27-ba73-ee86926a4f85	First Comes the Word	154	33844	205	/radio-html/assets/audio/1a47a65a-030c-4a27-ba73-ee86926a4f85.mp3	NULL	NULL	false
cinematic-other	Cinematic & Other	cinematic-other-5ad16b1e-5925-434b-a035-a9c2a7e1579b	First Comes the Word	155	34049	208	/radio-html/assets/audio/5ad16b1e-5925-434b-a035-a9c2a7e1579b.mp3	NULL	NULL	false
cinematic-other	Cinematic & Other	cinematic-other-1f40b6c8-ca9d-4b88-8840-de4658f294ac	First Comes the Word	156	34257	256	/radio-html/assets/audio/1f40b6c8-ca9d-4b88-8840-de4658f294ac.mp3	NULL	NULL	false
cinematic-other	Cinematic & Other	cinematic-other-092a0654-5362-4efb-8bf3-46414fad9d47	First Comes the Word	157	34513	265	/radio-html/assets/audio/092a0654-5362-4efb-8bf3-46414fad9d47.mp3	NULL	NULL	false
cinematic-other	Cinematic & Other	cinematic-other-44e6cfbe-a991-425e-9a7a-3cfdb7ebe013	First Comes the Word	158	34778	262	/radio-html/assets/audio/44e6cfbe-a991-425e-9a7a-3cfdb7ebe013.mp3	NULL	NULL	false
cinematic-other	Cinematic & Other	cinematic-other-596518d8-aaa8-4de7-b73b-3b3c96b44600	First Comes the Word	159	35040	270	/radio-html/assets/audio/596518d8-aaa8-4de7-b73b-3b3c96b44600.mp3	NULL	NULL	false
cinematic-other	Cinematic & Other	cinematic-other-b13478af-dabb-41ff-be99-296ed703b6f7	First Comes the Word	160	35310	268	/radio-html/assets/audio/b13478af-dabb-41ff-be99-296ed703b6f7.mp3	NULL	NULL	false
cinematic-other	Cinematic & Other	cinematic-other-9f8f747d-bca4-4422-aeef-8efd76fc5e11	सन्दर्भ की परिभाषा	161	35578	148	/radio-html/assets/audio/9f8f747d-bca4-4422-aeef-8efd76fc5e11.mp3	NULL	NULL	false
cinematic-other	Cinematic & Other	cinematic-other-81730957-69cc-4143-a4a1-ff4f37c7ec2b	सन्दर्भ की परिभाषा	162	35726	165	/radio-html/assets/audio/81730957-69cc-4143-a4a1-ff4f37c7ec2b.mp3	NULL	NULL	false
cinematic-other	Cinematic & Other	cinematic-other-52c58392-c320-4d60-9797-60253639ce60	पपिया	163	35891	182	/radio-html/assets/audio/52c58392-c320-4d60-9797-60253639ce60.mp3	NULL	NULL	false
cinematic-other	Cinematic & Other	cinematic-other-0cd6de16-1e2e-4e49-bd95-27a49a090626	पपिया	164	36073	157	/radio-html/assets/audio/0cd6de16-1e2e-4e49-bd95-27a49a090626.mp3	NULL	NULL	false
cinematic-other	Cinematic & Other	cinematic-other-088c25b7-9b4d-456c-a60e-be4ae8acd986	पपिया	165	36230	162	/radio-html/assets/audio/088c25b7-9b4d-456c-a60e-be4ae8acd986.mp3	NULL	NULL	false
cinematic-other	Cinematic & Other	cinematic-other-ecbd67a9-247c-4170-87eb-439355d54dc6	पपिया	166	36392	157	/radio-html/assets/audio/ecbd67a9-247c-4170-87eb-439355d54dc6.mp3	NULL	NULL	false
cinematic-other	Cinematic & Other	cinematic-other-281a3e06-5f91-4e59-9fba-f520b47ff2a4	कालिख के भीतर	167	36549	190	/radio-html/assets/audio/281a3e06-5f91-4e59-9fba-f520b47ff2a4.mp3	NULL	NULL	false
cinematic-other	Cinematic & Other	cinematic-other-8ed97e69-ba32-497e-99e6-5f5ffc1208d7	कालिख के भीतर	168	36739	173	/radio-html/assets/audio/8ed97e69-ba32-497e-99e6-5f5ffc1208d7.mp3	NULL	NULL	false
cinematic-other	Cinematic & Other	cinematic-other-fb702292-2df5-48c4-a411-e9ef6e6dee7c	mahadev	169	36912	180	/radio-html/assets/audio/fb702292-2df5-48c4-a411-e9ef6e6dee7c.mp3	NULL	NULL	false
cinematic-other	Cinematic & Other	cinematic-other-b34894ee-52e3-4cd4-b4f9-5336056b318b	mahadev	170	37092	172	/radio-html/assets/audio/b34894ee-52e3-4cd4-b4f9-5336056b318b.mp3	NULL	NULL	false
cinematic-other	Cinematic & Other	cinematic-other-83393fa5-c5e2-48b7-a6b0-09cfa197cc04	mahadev	171	37264	141	/radio-html/assets/audio/83393fa5-c5e2-48b7-a6b0-09cfa197cc04.mp3	NULL	NULL	false
cinematic-other	Cinematic & Other	cinematic-other-40f5ec47-9a5c-45e0-8821-71f32e377d2c	mahadev	172	37405	155	/radio-html/assets/audio/40f5ec47-9a5c-45e0-8821-71f32e377d2c.mp3	NULL	NULL	false
cinematic-other	Cinematic & Other	cinematic-other-90a76515-aa8d-4b2a-9a7a-71e21acfebe1	sannata	173	37560	107	/radio-html/assets/audio/90a76515-aa8d-4b2a-9a7a-71e21acfebe1.mp3	NULL	NULL	false
cinematic-other	Cinematic & Other	cinematic-other-52e21e25-80af-4053-a195-24884c96e8be	sannata	174	37667	109	/radio-html/assets/audio/52e21e25-80af-4053-a195-24884c96e8be.mp3	NULL	NULL	false
cinematic-other	Cinematic & Other	cinematic-other-177adbe2-a0c9-4531-96cc-8a502ee40194	jaleel	175	37776	264	/radio-html/assets/audio/177adbe2-a0c9-4531-96cc-8a502ee40194.mp3	NULL	NULL	false
cinematic-other	Cinematic & Other	cinematic-other-c95adbc4-eb40-4508-8a3f-4d9376a62d99	jaleel	176	38040	197	/radio-html/assets/audio/c95adbc4-eb40-4508-8a3f-4d9376a62d99.mp3	NULL	NULL	false
cinematic-other	Cinematic & Other	cinematic-other-928d9daa-71ce-4eb4-8c1e-4c6b141d61e4	jaleel	177	38237	130	/radio-html/assets/audio/928d9daa-71ce-4eb4-8c1e-4c6b141d61e4.mp3	NULL	NULL	false
cinematic-other	Cinematic & Other	cinematic-other-dbd35f9f-c48b-4228-b9d7-f7c525bfb562	jaleel	178	38367	135	/radio-html/assets/audio/dbd35f9f-c48b-4228-b9d7-f7c525bfb562.mp3	NULL	NULL	false
cinematic-other	Cinematic & Other	cinematic-other-f2d23578-ceb2-4b60-9c76-13bddb621440	jaleel	179	38502	186	/radio-html/assets/audio/f2d23578-ceb2-4b60-9c76-13bddb621440.mp3	NULL	NULL	false
cinematic-other	Cinematic & Other	cinematic-other-930eee1f-783e-47bf-a120-b800f71460ab	jaleel	180	38688	240	/radio-html/assets/audio/930eee1f-783e-47bf-a120-b800f71460ab.mp3	NULL	NULL	false
cinematic-other	Cinematic & Other	cinematic-other-a605a0c4-5252-478d-9425-b0245d9284e9	jaleel	181	38928	138	/radio-html/assets/audio/a605a0c4-5252-478d-9425-b0245d9284e9.mp3	NULL	NULL	false
cinematic-other	Cinematic & Other	cinematic-other-1692dd58-42ff-46e1-886b-d4de131eb0a0	jaleel	182	39066	119	/radio-html/assets/audio/1692dd58-42ff-46e1-886b-d4de131eb0a0.mp3	NULL	NULL	false
cinematic-other	Cinematic & Other	cinematic-other-d5005293-034b-4647-873f-85619d1208d1	del	183	39185	270	/radio-html/assets/audio/d5005293-034b-4647-873f-85619d1208d1.mp3	NULL	NULL	false
