chapterId	chapterTitle	trackId	title	language	station	theme	coverStatus	lyricsStatus	lyricLineCount	primaryLyricsSource
sanaatana-vedic-frequency	Sanaatana Vedic Frequency	30e92ffe-423f-48cf-9e93-5fd9bb7113c1	विज़ुअल: अंतरिक्ष में तैरते हुए ३३-डिजिट संख्या	Sanskrit	sanaatana-vaigyaniq	Sanatan & Vedic	cover-local	lyrics-ready	30	_radio_index/suno_backup/lyrics/2026-05-24_30e92ffe_छत-छट ताल.txt
sanaatana-vedic-frequency	Sanaatana Vedic Frequency	d5f6d9bc-5c76-48d6-859d-957ef84f79b3	हनुमान-अनुमान छट	Sanskrit	sanaatana-vaigyaniq	Sanatan & Vedic	cover-local	lyrics-ready	28	_radio_index/suno_backup/lyrics/2026-05-24_d5f6d9bc_हनुमान-अनुमान छट.txt
sanaatana-vedic-frequency	Sanaatana Vedic Frequency	1bb556f0-a4fb-4994-9096-3ab4f66de0b8	विज़ुअल: अंतरिक्ष में घूमते सूर्य और ग्रहों के ब	Sanskrit	sanaatana-vaigyaniq	Sanatan & Vedic	cover-local	lyrics-ready	28	_radio_index/suno_backup/lyrics/2026-05-24_1bb556f0_हनुमान-अनुमान छट.txt
sanaatana-vedic-frequency	Sanaatana Vedic Frequency	ada89c81-d8fa-4ec0-9938-d9435397b7cd	हा... हू... हौ... हन्... हनु... हनु... हनु... मा	Sanskrit	sanaatana-vaigyaniq	Sanatan & Vedic	cover-local	lyrics-ready	29	_radio_index/suno_backup/lyrics/2026-05-24_ada89c81_३३-डिजिट नियॉन.txt
sanaatana-vedic-frequency	Sanaatana Vedic Frequency	0691bbaf-1f16-453a-9c00-0eecd71d1e14	३३-डिजिट नियॉन	Sanskrit	sanaatana-vaigyaniq	Sanatan & Vedic	cover-local	lyrics-ready	29	_radio_index/suno_backup/lyrics/2026-05-24_0691bbaf_३३-डिजिट नियॉन.txt
sanaatana-vedic-frequency	Sanaatana Vedic Frequency	bcb08d50-076e-4408-ae04-389701191ee3	Vocals : "हा... हू... हौ... हन्... हनु... हनु...	English	sanaatana-vaigyaniq	Sanatan & Vedic	cover-local	lyrics-ready	32	_radio_index/suno_backup/lyrics/2026-05-24_bcb08d50_हनु-मान् हनु.txt
sanaatana-vedic-frequency	Sanaatana Vedic Frequency	31cd60d6-6b7d-4e15-9847-9c3866d60440	जुग सहस्र जोजन पर भानू	Sanskrit	sanaatana-vaigyaniq	Sanatan & Vedic	cover-local	lyrics-ready	29	_radio_index/suno_backup/lyrics/2026-05-24_31cd60d6_चक्र-इंजन शंखनाद.txt
sanaatana-vedic-frequency	Sanaatana Vedic Frequency	7333a108-d5a5-4cf4-9e36-6ce6aec10997	Chhat-Chhat Sanaatana	English	gurukul	Other / Misc	cover-local	lyrics-ready	14	_radio_index/suno_backup/lyrics/2026-05-24_7333a108_Chhat-Chhat Sanaatana.txt
sanaatana-vedic-frequency	Sanaatana Vedic Frequency	1fe3b620-3a18-4632-b128-12c1b2245f47	Hyper-dynamic Indian electronic folk-pop	English	sanaatana-vaigyaniq	Sanatan & Vedic	cover-local	lyrics-ready	14	_radio_index/suno_backup/lyrics/2026-05-24_1fe3b620_Chhat-Chhat Sanaatana.txt
sanaatana-vedic-frequency	Sanaatana Vedic Frequency	83db2f7e-ae48-418d-9587-c807af8e24e3	चक्र-इंजन शंखनाद	Sanskrit	sanaatana-vaigyaniq	Sanatan & Vedic	cover-local	lyrics-ready	29	_radio_index/suno_backup/lyrics/2026-05-24_83db2f7e_चक्र-इंजन शंखनाद.txt
sanaatana-vedic-frequency	Sanaatana Vedic Frequency	9b8b2f04-0e8b-4270-af63-84bd21bb7574	```text	English	sanaatana-vaigyaniq	Sanatan & Vedic	cover-local	lyrics-ready	41	_radio_index/suno_backup/lyrics/2026-05-24_9b8b2f04_द सनातन एक्सप्रेस.txt
sanaatana-vedic-frequency	Sanaatana Vedic Frequency	1f6a6bc0-d85f-4858-b13d-776e839401cf	द सनातन एक्सप्रेस	Sanskrit	sanaatana-vaigyaniq	Sanatan & Vedic	cover-local	lyrics-ready	41	_radio_index/suno_backup/lyrics/2026-05-24_1f6a6bc0_द सनातन एक्सप्रेस.txt
sanaatana-vedic-frequency	Sanaatana Vedic Frequency	832210ad-c382-4ee4-8099-264df30ef06c	ताल: आदि तीव्र	Sanskrit	sanaatana-vaigyaniq	Sanatan & Vedic	cover-local	lyrics-ready	128	_radio_index/suno_backup/lyrics/2026-05-24_832210ad_काली-कलम-का.txt
sanaatana-vedic-frequency	Sanaatana Vedic Frequency	58a470f5-a299-4fb9-b539-f879df9db3c0	🎵 ka kaa rahasya niraalaa	English	sanaatana-vaigyaniq	Sanatan & Vedic	cover-local	lyrics-ready	99	_radio_index/suno_backup/lyrics/2026-05-24_58a470f5_कागद काली कलम.txt
sanaatana-vedic-frequency	Sanaatana Vedic Frequency	d85bffd9-6420-4844-bef4-34a1ed0cfffd	🎵 क का रहस्य निराला	Sanskrit	sanaatana-vaigyaniq	Sanatan & Vedic	cover-local	lyrics-ready	83	_radio_index/suno_backup/lyrics/2026-05-24_d85bffd9_काली कलम.txt
sanaatana-vedic-frequency	Sanaatana Vedic Frequency	c086c759-c522-42a2-9718-bf85eb3d3dc7	ekla chalo re... nahi	English	sanaatana-vaigyaniq	Sanatan & Vedic	cover-local	lyrics-ready	131	_radio_index/suno_backup/lyrics/2026-05-24_c086c759_Ka Kau Question.txt
sanaatana-vedic-frequency	Sanaatana Vedic Frequency	f090d601-40e5-4874-b303-4bc84220564c	ka kau ke	English	sanaatana-vaigyaniq	Sanatan & Vedic	cover-local	lyrics-ready	51	_radio_index/suno_backup/lyrics/2026-05-24_f090d601_Kaa Rahasya.txt
sanaatana-vedic-frequency	Sanaatana Vedic Frequency	9438a33e-1869-4686-89f7-2b1b3746fbe8	छुक-छुक चलती कोडिंग की गाड़ी	Sanskrit	sanaatana-vaigyaniq	Sanatan & Vedic	cover-local	lyrics-ready	36	_radio_index/suno_backup/lyrics/2026-05-23_9438a33e_छुक-छुक कोडिंग गाडी़.txt
sanaatana-vedic-frequency	Sanaatana Vedic Frequency	61a1c2e8-6e9b-4636-b976-9c0a3c82cc60	राजधर्म चक्र	Sanskrit	sanaatana-vaigyaniq	Sanatan & Vedic	cover-local	lyrics-ready	41	_radio_index/suno_backup/lyrics/2026-05-23_61a1c2e8_राजधर्म चक्र.txt
sanaatana-vedic-frequency	Sanaatana Vedic Frequency	2ed5e119-5a3e-4f8f-9802-0b0a921375b4	महामात्य का आदेश सुनो अब	Sanskrit	sanaatana-vaigyaniq	Sanatan & Vedic	cover-local	lyrics-ready	41	_radio_index/suno_backup/lyrics/2026-05-23_2ed5e119_राजधर्म चक्र.txt
sanaatana-vedic-frequency	Sanaatana Vedic Frequency	cc265065-cce9-480d-8e32-6f6530047d9b	कक्षा सात का गणित प्रकाश	Sanskrit	sanaatana-vaigyaniq	Sanatan & Vedic	cover-local	lyrics-ready	37	_radio_index/suno_backup/lyrics/2026-05-23_cc265065_Shankhnaad Cowbell Drop.txt
sanaatana-vedic-frequency	Sanaatana Vedic Frequency	28ed327a-4860-4957-a494-fcd59d36bcd9	Shankhnaad Cowbell Drop	English	sanaatana-vaigyaniq	Sanatan & Vedic	cover-local	lyrics-ready	37	_radio_index/suno_backup/lyrics/2026-05-23_28ed327a_Shankhnaad Cowbell Drop.txt
sanaatana-vedic-frequency	Sanaatana Vedic Frequency	e038f00c-f649-44ca-8cc5-f2110a995703	कोष्ठक शंखनाद	Sanskrit	sanaatana-vaigyaniq	Sanatan & Vedic	cover-local	lyrics-ready	18	_radio_index/suno_backup/lyrics/2026-05-23_e038f00c_कोष्ठक शंखनाद.txt
sanaatana-vedic-frequency	Sanaatana Vedic Frequency	bc9e8406-4ced-4d22-a476-896c9d6b31e3	कक्षा सात का गणित प्रकाश	Sanskrit	sanaatana-vaigyaniq	Sanatan & Vedic	cover-local	lyrics-ready	18	_radio_index/suno_backup/lyrics/2026-05-23_bc9e8406_कोष्ठक शंखनाद.txt
sanaatana-vedic-frequency	Sanaatana Vedic Frequency	5430725d-e817-463d-8233-7d08e6bb2a8c	दिन और रात का लूप चलता है	Sanskrit	sanaatana-vaigyaniq	Sanatan & Vedic	cover-local	lyrics-ready	48	_radio_index/suno_backup/lyrics/2026-05-23_5430725d_तेईस दशमलव पाँच.txt
sanaatana-vedic-frequency	Sanaatana Vedic Frequency	7136ecc0-1cde-4b63-93df-1bd8100300b5	छट-छट चलती बुद्धि की गाड़ी	Sanskrit	sanaatana-vaigyaniq	Sanatan & Vedic	cover-local	lyrics-ready	56	_radio_index/suno_backup/lyrics/2026-05-23_7136ecc0_शंखनाद बाइनरी.txt
sanaatana-vedic-frequency	Sanaatana Vedic Frequency	7ad70850-e3ae-4d26-b0e9-05197e2cb4f9	शंखनाद बाइनरी	Sanskrit	sanaatana-vaigyaniq	Sanatan & Vedic	cover-local	lyrics-ready	56	_radio_index/suno_backup/lyrics/2026-05-23_7ad70850_शंखनाद बाइनरी.txt
sanaatana-vedic-frequency	Sanaatana Vedic Frequency	f6051273-d0f3-41f7-b3fe-3b657023d007	🎵 3. सनातन वैज्ञानिक एक्सप्रेस गाना	Sanskrit	sanaatana-vaigyaniq	Sanatan & Vedic	cover-local	lyrics-ready	38	_radio_index/suno_backup/lyrics/2026-05-22_f6051273_पिंगल-बाइनरी ट्राम.txt
sanaatana-vedic-frequency	Sanaatana Vedic Frequency	289f8c8d-4172-4b06-aa7f-5a73fd559b01	🎙️ रेडियो सनातन वैज्ञानिक पर महा-अभिलेखागार का ल	Sanskrit	sanaatana-vaigyaniq	Sanatan & Vedic	cover-local	lyrics-ready	1	_radio_index/suno_backup/lyrics/2026-05-22_289f8c8d_कोर लॉग्स लाइव.txt
sanaatana-vedic-frequency	Sanaatana Vedic Frequency	9e69f682-8e35-49be-bd83-e64b31b91832	डिजिटल गुरुकुल लॉग्स	Hindi	gurukul	Other / Misc	cover-local	lyrics-ready	1	_radio_index/suno_backup/lyrics/2026-05-22_9e69f682_डिजिटल गुरुकुल लॉग्स.txt
sanaatana-vedic-frequency	Sanaatana Vedic Frequency	8dfe144d-a4e9-4c51-8d4b-2c642a9eb4be	🎵 सनातन वैज्ञानिक एक्सप्रेस गाना: पाठ्यक्रम का त	Sanskrit	sanaatana-vaigyaniq	Sanatan & Vedic	cover-local	lyrics-ready	16	_radio_index/suno_backup/lyrics/2026-05-22_8dfe144d_डिजिटल गुरुकुल मैट्रिक्स.txt
sanaatana-vedic-frequency	Sanaatana Vedic Frequency	1fe24a9e-568a-49b0-ba5b-a24b30c0d106	डिजिटल गुरुकुल लॉग्स	Hindi	gurukul	Other / Misc	cover-local	lyrics-ready	1	_radio_index/suno_backup/lyrics/2026-05-22_1fe24a9e_डिजिटल गुरुकुल लॉग्स.txt
sanaatana-vedic-frequency	Sanaatana Vedic Frequency	161f3183-f997-4981-afda-e28650b9f92d	डिजिटल गुरुकुल-कनेक्टर	Hindi	gurukul	Other / Misc	cover-local	lyrics-ready	1	_radio_index/suno_backup/lyrics/2026-05-22_161f3183_डिजिटल गुरुकुल-कनेक्टर.txt
sanaatana-vedic-frequency	Sanaatana Vedic Frequency	db77a1fc-e18d-44a0-a28d-7653ea20e3c3	🎙️ रेडियो सनातन वैज्ञानिक पर महा-अभिलेखागार का ल	Sanskrit	sanaatana-vaigyaniq	Sanatan & Vedic	cover-local	lyrics-ready	1	_radio_index/suno_backup/lyrics/2026-05-22_db77a1fc_डिजिटल गुरुकुल-कनेक्टर.txt
sanaatana-vedic-frequency	Sanaatana Vedic Frequency	55b29326-16e4-4e61-84ab-ce7f6cd164df	साती माटी-चोला	Hindi	kabir-clubbing	Rap & Fusion	cover-local	lyrics-ready	37	_radio_index/suno_backup/lyrics/2026-05-19_55b29326_साती माटी-चोला.txt
sanaatana-vedic-frequency	Sanaatana Vedic Frequency	00702de5-9189-4230-8040-d9c213a28c7c	बम बाबा बम भोला	Sanskrit	sanaatana-vaigyaniq	Sanatan & Vedic	cover-local	lyrics-ready	35	_radio_index/suno_backup/lyrics/2026-05-15_00702de5_बम बाबा बम भोला.txt
sanaatana-vedic-frequency	Sanaatana Vedic Frequency	04511a31-131b-44c4-a3a6-d3daa32e8026	बम बाबा बम भोला	Sanskrit	sanaatana-vaigyaniq	Sanatan & Vedic	cover-local	lyrics-ready	35	_radio_index/suno_backup/lyrics/2026-05-15_04511a31_बम बाबा बम भोला.txt
sanaatana-vedic-frequency	Sanaatana Vedic Frequency	c43bb926-b90b-41ce-b1ca-1079d49eb675	बम भोला चोला	Sanskrit	sanaatana-vaigyaniq	Sanatan & Vedic	cover-local	lyrics-ready	38	_radio_index/suno_backup/lyrics/2026-05-15_c43bb926_बम भोला चोला.txt
sanaatana-vedic-frequency	Sanaatana Vedic Frequency	5ca9eaf3-f217-487c-b700-28362ca02ec0	चला आर्यो का टोला	Sanskrit	sanaatana-vaigyaniq	Sanatan & Vedic	cover-local	lyrics-ready	38	_radio_index/suno_backup/lyrics/2026-05-15_5ca9eaf3_बम भोला चोला.txt
sanaatana-vedic-frequency	Sanaatana Vedic Frequency	67800d7d-2832-4abd-9273-de538c1471a0	भगवा चोला बम	Sanskrit	sanaatana-vaigyaniq	Sanatan & Vedic	cover-local	lyrics-ready	37	_radio_index/suno_backup/lyrics/2026-05-15_67800d7d_भगवा चोला बम.txt
sanaatana-vedic-frequency	Sanaatana Vedic Frequency	b355bd3b-7913-40b5-8f0d-a482329e49b6	चला आर्यो का टोला	Sanskrit	sanaatana-vaigyaniq	Sanatan & Vedic	cover-local	lyrics-ready	37	_radio_index/suno_backup/lyrics/2026-05-15_b355bd3b_भगवा चोला बम.txt
sanaatana-vedic-frequency	Sanaatana Vedic Frequency	30275318-8155-4d3f-8d49-c49ddaf3e5c1	तोरि बंसी की तान... सुनिबे कूँ तरस गये मोरै कान।	Sanskrit	sanaatana-vaigyaniq	Sanatan & Vedic	cover-local	lyrics-ready	46	_radio_index/suno_backup/lyrics/2026-05-10_30275318_मिट्टी-तालि उछाल.txt
sanaatana-vedic-frequency	Sanaatana Vedic Frequency	17abc34f-fad4-4b66-86f5-340e07c01725	तोरि बंसी की तान... सुनिबे कूँ तरस गये मोरै कान।	Sanskrit	sanaatana-vaigyaniq	Sanatan & Vedic	cover-local	lyrics-ready	47	_radio_index/suno_backup/lyrics/2026-05-10_17abc34f_बंसी की तान.txt
sanaatana-vedic-frequency	Sanaatana Vedic Frequency	36dbb97d-2e8b-4a53-bbec-f43d0afa75ad	तोरी बंसी की तान	Sanskrit	sanaatana-vaigyaniq	Sanatan & Vedic	cover-local	lyrics-null	0	_radio_index/suno_backup/lyrics/36dbb97d-2e8b-4a53-bbec-f43d0afa75ad.txt
sanaatana-vedic-frequency	Sanaatana Vedic Frequency	9f8b0cb8-2b2d-47cb-8906-259a2f1e6144	अमर शत्रुहंता	Sanskrit	sanaatana-vaigyaniq	Sanatan & Vedic	cover-local	lyrics-ready	34	_radio_index/suno_backup/lyrics/2026-05-09_9f8b0cb8_महाराणा क़फि़या.txt
sanaatana-vedic-frequency	Sanaatana Vedic Frequency	40f0eebb-2347-467a-b12f-57371526672e	आशिका न	Sanskrit	sanaatana-vaigyaniq	Sanatan & Vedic	cover-local	lyrics-ready	59	_radio_index/suno_backup/lyrics/2026-05-07_40f0eebb_चस्का फीडबैक.txt
sanaatana-vedic-frequency	Sanaatana Vedic Frequency	8abf9e3b-198d-42d4-b547-c789d030e9fa	नाच र पिंकी	Sanskrit	sanaatana-vaigyaniq	Sanatan & Vedic	cover-local	lyrics-ready	85	_radio_index/suno_backup/lyrics/2026-04-29_8abf9e3b_पिंकी का थाली.txt
sanaatana-vedic-frequency	Sanaatana Vedic Frequency	3ab7074f-3f3a-4669-8f7d-3b93838e728b	नाच र पिंकी	Sanskrit	sanaatana-vaigyaniq	Sanatan & Vedic	cover-local	lyrics-ready	102	_radio_index/suno_backup/lyrics/2026-04-29_3ab7074f_पिंकी की थाली.txt
sanaatana-vedic-frequency	Sanaatana Vedic Frequency	b56bd6df-5167-43b3-b0a6-cf5f42c72589	मेट्रो दरवाज़े बंद x Animatrix लोडिंग (Mashup)	English	sanaatana-vaigyaniq	Sanatan & Vedic	cover-local	lyrics-ready	68	_radio_index/suno_backup/lyrics/2026-04-21_b56bd6df_मेट्रो दरवाजे़ बंद x Animatrix लोडिंग (Mashup).txt
sanaatana-vedic-frequency	Sanaatana Vedic Frequency	d0569990-a19a-4e68-b82b-1db44b271e2a	मेट्रो दरवाज़े बंद x Animatrix लोडिंग (Mashup)	English	sanaatana-vaigyaniq	Sanatan & Vedic	cover-local	lyrics-ready	68	_radio_index/suno_backup/lyrics/2026-04-21_d0569990_मेट्रो दरवाजे़ बंद x Animatrix लोडिंग (Mashup).txt
sanaatana-vedic-frequency	Sanaatana Vedic Frequency	803ae36b-ad83-4a45-9256-606bf42e2514	मेरा अंतरमन डोले	Sanskrit	sanaatana-vaigyaniq	Sanatan & Vedic	cover-local	lyrics-ready	68	_radio_index/suno_backup/lyrics/2026-04-21_803ae36b_मेट्रो दरवाजे़ बंद.txt
sanaatana-vedic-frequency	Sanaatana Vedic Frequency	e48f5522-c4e9-43c9-8080-e6a097fa596c	मेट्रो दरवाज़े बंद	Sanskrit	sanaatana-vaigyaniq	Sanatan & Vedic	cover-local	lyrics-ready	68	_radio_index/suno_backup/lyrics/2026-04-21_e48f5522_मेट्रो दरवाजे़ बंद.txt
sanaatana-vedic-frequency	Sanaatana Vedic Frequency	e4126f4b-d140-4061-9c2f-294733f12904	Animatrix Loading	English	sanaatana-vaigyaniq	Sanatan & Vedic	cover-local	lyrics-ready	66	_radio_index/suno_backup/lyrics/2026-04-21_e4126f4b_Animatrix Loading.txt
sanaatana-vedic-frequency	Sanaatana Vedic Frequency	9aa4b117-b9b0-46de-9c7d-4e16fadb5159	Animatrix लोड	English	sanaatana-vaigyaniq	Sanatan & Vedic	cover-local	lyrics-ready	66	_radio_index/suno_backup/lyrics/2026-04-21_9aa4b117_Animatrix लोड.txt
sanaatana-vedic-frequency	Sanaatana Vedic Frequency	40bc367c-0e8b-4773-800e-f68e8cf45f1e	Animatrix Loading	English	sanaatana-vaigyaniq	Sanatan & Vedic	cover-local	lyrics-ready	66	_radio_index/suno_backup/lyrics/2026-04-21_40bc367c_Animatrix Loading.txt
sanaatana-vedic-frequency	Sanaatana Vedic Frequency	ad88ec20-844d-47ac-ae8e-5634a628daee	धरती का नून	Hindi	kabir-clubbing	Rap & Fusion	cover-local	lyrics-ready	57	_radio_index/suno_backup/lyrics/2026-04-21_ad88ec20_धरती का नून.txt
sanaatana-vedic-frequency	Sanaatana Vedic Frequency	47ed762a-d69b-40e3-8c6b-9feee3c9bd95	Animatrix लोड	English	sanaatana-vaigyaniq	Sanatan & Vedic	cover-local	lyrics-ready	66	_radio_index/suno_backup/lyrics/2026-04-21_47ed762a_Animatrix लोड.txt
sanaatana-vedic-frequency	Sanaatana Vedic Frequency	a1faf499-0ae9-40d2-ac91-2d8e83b55f0c	Animatrix लोडिंग	English	sanaatana-vaigyaniq	Sanatan & Vedic	cover-local	lyrics-ready	66	_radio_index/suno_backup/lyrics/2026-04-21_a1faf499_Animatrix लोडिंग.txt
sanaatana-vedic-frequency	Sanaatana Vedic Frequency	64809c5c-f7d0-4faf-b884-c3a9e25efa99	**धून रे-साधो**	Hindi	sanaatana-vaigyaniq	Classical & Raag	cover-local	lyrics-null	0	_radio_index/suno_backup/lyrics/2026-04-21_64809c5c__धून रे-साधो_.txt
sanaatana-vedic-frequency	Sanaatana Vedic Frequency	3b1bbfb3-e88d-49d5-91b4-f619dc802de3	मैं धरती का नून	Sanskrit	sanaatana-vaigyaniq	Sanatan & Vedic	cover-local	lyrics-ready	102	_radio_index/suno_backup/lyrics/2026-04-21_3b1bbfb3_रेत में नमक.txt
sanaatana-vedic-frequency	Sanaatana Vedic Frequency	c2da4a42-4081-4f8b-bcce-99e67d38740e	Animatrix लोडिंग	English	sanaatana-vaigyaniq	Sanatan & Vedic	cover-local	lyrics-ready	66	_radio_index/suno_backup/lyrics/2026-04-21_c2da4a42_Animatrix लोडिंग.txt
sanaatana-vedic-frequency	Sanaatana Vedic Frequency	55ff3fb9-78dd-47aa-954e-b679fb027780	Sanatan Data (Woodwinds)	English	sanaatana-vaigyaniq	Sanatan & Vedic	cover-local	lyrics-null	0	_radio_index/suno_backup/lyrics/55ff3fb9-78dd-47aa-954e-b679fb027780.txt
sanaatana-vedic-frequency	Sanaatana Vedic Frequency	750b55e5-c14a-4830-b809-46c5c268bb10	Sanatan Data (FX)	English	sanaatana-vaigyaniq	Sanatan & Vedic	cover-local	lyrics-null	0	_radio_index/suno_backup/lyrics/750b55e5-c14a-4830-b809-46c5c268bb10.txt
sanaatana-vedic-frequency	Sanaatana Vedic Frequency	6733d2a3-417b-48bc-860b-da829db4aea6	Sanatan Data (Brass)	English	sanaatana-vaigyaniq	Sanatan & Vedic	cover-local	lyrics-null	0	_radio_index/suno_backup/lyrics/6733d2a3-417b-48bc-860b-da829db4aea6.txt
sanaatana-vedic-frequency	Sanaatana Vedic Frequency	df9decba-6d7a-4b41-b934-ece15438bc04	Sanatan Data (Synth)	English	sanaatana-vaigyaniq	Sanatan & Vedic	cover-local	lyrics-null	0	_radio_index/suno_backup/lyrics/df9decba-6d7a-4b41-b934-ece15438bc04.txt
sanaatana-vedic-frequency	Sanaatana Vedic Frequency	4038805a-13f2-4ea4-8ebc-0aaf8b8d4a63	Sanatan Data (Strings)	English	sanaatana-vaigyaniq	Sanatan & Vedic	cover-local	lyrics-null	0	_radio_index/suno_backup/lyrics/4038805a-13f2-4ea4-8ebc-0aaf8b8d4a63.txt
sanaatana-vedic-frequency	Sanaatana Vedic Frequency	5b28d996-b797-44fd-84e6-91260239f99a	Sanatan Data (Percussion)	English	sanaatana-vaigyaniq	Sanatan & Vedic	cover-local	lyrics-null	0	_radio_index/suno_backup/lyrics/5b28d996-b797-44fd-84e6-91260239f99a.txt
sanaatana-vedic-frequency	Sanaatana Vedic Frequency	d52c5488-160e-4898-95b6-9aba85fc57b1	Sanatan Data (Keyboard)	English	sanaatana-vaigyaniq	Sanatan & Vedic	cover-local	lyrics-null	0	_radio_index/suno_backup/lyrics/d52c5488-160e-4898-95b6-9aba85fc57b1.txt
sanaatana-vedic-frequency	Sanaatana Vedic Frequency	06022320-56b7-4569-93f1-46ff24219ab6	Sanatan Data (Guitar)	English	sanaatana-vaigyaniq	Sanatan & Vedic	cover-local	lyrics-null	0	_radio_index/suno_backup/lyrics/06022320-56b7-4569-93f1-46ff24219ab6.txt
sanaatana-vedic-frequency	Sanaatana Vedic Frequency	b6eefd3b-f41e-41d8-9e90-857f3d92e322	Sanatan Data (Bass)	English	sanaatana-vaigyaniq	Sanatan & Vedic	cover-local	lyrics-null	0	_radio_index/suno_backup/lyrics/b6eefd3b-f41e-41d8-9e90-857f3d92e322.txt
sanaatana-vedic-frequency	Sanaatana Vedic Frequency	fcb87d9a-652c-460e-bc96-12071b018834	Sanatan Data (Drums)	English	sanaatana-vaigyaniq	Sanatan & Vedic	cover-local	lyrics-null	0	_radio_index/suno_backup/lyrics/fcb87d9a-652c-460e-bc96-12071b018834.txt
sanaatana-vedic-frequency	Sanaatana Vedic Frequency	fad79731-3877-425f-a565-dc7a091f1209	Sanatan Data (Vocals)	English	sanaatana-vaigyaniq	Sanatan & Vedic	cover-local	lyrics-ready	42	_radio_index/suno_backup/lyrics/2026-04-21_fad79731_Sanatan Data (Vocals).txt
sanaatana-vedic-frequency	Sanaatana Vedic Frequency	2df22d4b-e5ef-452e-9aae-60e2c60cfbb4	Sanatan Data (Backing Vocals)	English	sanaatana-vaigyaniq	Sanatan & Vedic	cover-local	lyrics-ready	42	_radio_index/suno_backup/lyrics/2026-04-21_2df22d4b_Sanatan Data (Backing Vocals).txt
sanaatana-vedic-frequency	Sanaatana Vedic Frequency	bff7af57-604d-4eb1-8620-88141375f222	Sanatan Data (Woodwinds)	English	sanaatana-vaigyaniq	Sanatan & Vedic	cover-local	lyrics-null	0	_radio_index/suno_backup/lyrics/bff7af57-604d-4eb1-8620-88141375f222.txt
sanaatana-vedic-frequency	Sanaatana Vedic Frequency	92163cc3-c08b-4c75-94ac-496254f1f521	Sanatan Data (Brass)	English	sanaatana-vaigyaniq	Sanatan & Vedic	cover-local	lyrics-null	0	_radio_index/suno_backup/lyrics/92163cc3-c08b-4c75-94ac-496254f1f521.txt
sanaatana-vedic-frequency	Sanaatana Vedic Frequency	fdc7c260-7895-4cf1-a49a-4c69b66d3ffd	Sanatan Data (FX)	English	sanaatana-vaigyaniq	Sanatan & Vedic	cover-local	lyrics-null	0	_radio_index/suno_backup/lyrics/fdc7c260-7895-4cf1-a49a-4c69b66d3ffd.txt
sanaatana-vedic-frequency	Sanaatana Vedic Frequency	3afc05ed-d817-4a5d-8bc7-283c5aabfd16	Sanatan Data (Synth)	English	sanaatana-vaigyaniq	Sanatan & Vedic	cover-local	lyrics-null	0	_radio_index/suno_backup/lyrics/3afc05ed-d817-4a5d-8bc7-283c5aabfd16.txt
sanaatana-vedic-frequency	Sanaatana Vedic Frequency	c34d5864-b138-4724-8ce0-42b8df09bc20	Sanatan Data (Percussion)	English	sanaatana-vaigyaniq	Sanatan & Vedic	cover-local	lyrics-null	0	_radio_index/suno_backup/lyrics/c34d5864-b138-4724-8ce0-42b8df09bc20.txt
sanaatana-vedic-frequency	Sanaatana Vedic Frequency	8fb6e001-23ae-46fd-864d-27f15ca9c8a9	Sanatan Data (Strings)	English	sanaatana-vaigyaniq	Sanatan & Vedic	cover-local	lyrics-null	0	_radio_index/suno_backup/lyrics/8fb6e001-23ae-46fd-864d-27f15ca9c8a9.txt
sanaatana-vedic-frequency	Sanaatana Vedic Frequency	30abfc96-11b2-4d86-b059-077e1cbd984c	Sanatan Data (Keyboard)	English	sanaatana-vaigyaniq	Sanatan & Vedic	cover-local	lyrics-null	0	_radio_index/suno_backup/lyrics/30abfc96-11b2-4d86-b059-077e1cbd984c.txt
sanaatana-vedic-frequency	Sanaatana Vedic Frequency	5c1e3da3-0ba0-4e42-ac96-403818537176	Sanatan Data (Guitar)	English	sanaatana-vaigyaniq	Sanatan & Vedic	cover-local	lyrics-null	0	_radio_index/suno_backup/lyrics/5c1e3da3-0ba0-4e42-ac96-403818537176.txt
sanaatana-vedic-frequency	Sanaatana Vedic Frequency	b20658c7-bce6-4c52-aa19-264349be1606	Sanatan Data (Bass)	English	sanaatana-vaigyaniq	Sanatan & Vedic	cover-local	lyrics-null	0	_radio_index/suno_backup/lyrics/b20658c7-bce6-4c52-aa19-264349be1606.txt
sanaatana-vedic-frequency	Sanaatana Vedic Frequency	a7d65933-ac13-4ad7-ab6a-5aa7d140a532	Sanatan Data (Drums)	English	sanaatana-vaigyaniq	Sanatan & Vedic	cover-local	lyrics-null	0	_radio_index/suno_backup/lyrics/a7d65933-ac13-4ad7-ab6a-5aa7d140a532.txt
sanaatana-vedic-frequency	Sanaatana Vedic Frequency	0e3e9b9c-f329-493b-a0a5-bc60ac1606d4	Sanatan Data (Backing Vocals)	English	sanaatana-vaigyaniq	Sanatan & Vedic	cover-local	lyrics-ready	42	_radio_index/suno_backup/lyrics/2026-04-21_0e3e9b9c_Sanatan Data (Backing Vocals).txt
sanaatana-vedic-frequency	Sanaatana Vedic Frequency	ebd8e4bb-3d61-4661-89bf-5f04d9c473fe	Sanatan Data (Vocals)	English	sanaatana-vaigyaniq	Sanatan & Vedic	cover-local	lyrics-ready	42	_radio_index/suno_backup/lyrics/2026-04-21_ebd8e4bb_Sanatan Data (Vocals).txt
sanaatana-vedic-frequency	Sanaatana Vedic Frequency	3580b58a-f911-4e7a-a531-b00a0b28b285	Sanatan Data	English	sanaatana-vaigyaniq	Sanatan & Vedic	cover-local	lyrics-ready	42	_radio_index/suno_backup/lyrics/2026-04-21_3580b58a_Sanatan Data.txt
sanaatana-vedic-frequency	Sanaatana Vedic Frequency	3225dd25-cc33-46f2-a2ae-25251f5514bd	मेरा अंतरमन डोले	Sanskrit	sanaatana-vaigyaniq	Sanatan & Vedic	cover-local	lyrics-ready	42	_radio_index/suno_backup/lyrics/2026-04-21_3225dd25_Sanatan Data.txt
sanaatana-vedic-frequency	Sanaatana Vedic Frequency	2fd61f04-cf7c-48c8-b0fc-88e954b400a3	सनातन ट्रेन	Sanskrit	sanaatana-vaigyaniq	Sanatan & Vedic	cover-local	lyrics-ready	20	_radio_index/suno_backup/lyrics/2026-04-21_2fd61f04_सनातन ट्रेन.txt
sanaatana-vedic-frequency	Sanaatana Vedic Frequency	f3bece2c-8fd5-4865-af7e-d5cc311fcaf9	प्यार प्यार प्यार रहे	Sanskrit	sanaatana-vaigyaniq	Sanatan & Vedic	cover-local	lyrics-ready	20	_radio_index/suno_backup/lyrics/2026-04-21_f3bece2c_सनातन ट्रेन.txt
sanaatana-vedic-frequency	Sanaatana Vedic Frequency	4755eedc-6653-4f47-a62c-4c49b907cf1d	🎵 नया गीत – "पंडित होने की कोशिश	Sanskrit	sanaatana-vaigyaniq	Sanatan & Vedic	cover-local	lyrics-ready	30	_radio_index/suno_backup/lyrics/2026-04-21_4755eedc_पंडित होने की कोशिश.txt
sanaatana-vedic-frequency	Sanaatana Vedic Frequency	0ee9ebdc-e004-4d32-a610-eebd7d83bb83	झूठ के नाम हज़ार.. सत्य घर में बेनाम	Sanskrit	sanaatana-vaigyaniq	Sanatan & Vedic	cover-local	lyrics-ready	24	_radio_index/suno_backup/lyrics/2026-04-19_0ee9ebdc_डमरू तांडव.txt
sanaatana-vedic-frequency	Sanaatana Vedic Frequency	d192c358-e056-42b1-87ac-fb68c6578234	ॐ झं! झौं! झीं! फटक मार	Sanskrit	sanaatana-vaigyaniq	Sanatan & Vedic	cover-local	lyrics-ready	22	_radio_index/suno_backup/lyrics/2026-04-19_d192c358_झूठ-ध्वनि साधन.txt
sanaatana-vedic-frequency	Sanaatana Vedic Frequency	676e99b3-6ffb-4c8a-b389-dcdc0ac45ece	न नाश	Sanskrit	sanaatana-vaigyaniq	Sanatan & Vedic	cover-local	lyrics-ready	32	_radio_index/suno_backup/lyrics/2026-04-19_676e99b3_शंख-कोड गूँज.txt
sanaatana-vedic-frequency	Sanaatana Vedic Frequency	97a3a9b7-6579-4077-8f26-19f8c61113b4	शंख-कोड गूँज	Sanskrit	sanaatana-vaigyaniq	Sanatan & Vedic	cover-local	lyrics-ready	32	_radio_index/suno_backup/lyrics/2026-04-19_97a3a9b7_शंख-कोड गूँज.txt
sanaatana-vedic-frequency	Sanaatana Vedic Frequency	a8db0e7b-ca71-4345-9952-aebc3c4d9c7d	शून्य शंख-पैड	Sanskrit	sanaatana-vaigyaniq	Sanatan & Vedic	cover-local	lyrics-ready	28	_radio_index/suno_backup/lyrics/2026-04-18_a8db0e7b_शून्य शंख-पैड.txt
sanaatana-vedic-frequency	Sanaatana Vedic Frequency	a780eeee-8325-40dc-91b9-a2a2ee4a7515	मिटा दे नाम को	Sanskrit	sanaatana-vaigyaniq	Sanatan & Vedic	cover-local	lyrics-ready	28	_radio_index/suno_backup/lyrics/2026-04-18_a780eeee_शून्य शंख-पैड.txt
sanaatana-vedic-frequency	Sanaatana Vedic Frequency	fad3edfd-8f23-410c-82fb-282dbdd51c59	पंडित हेमंत कुमार... दीक्षित	Sanskrit	sanaatana-vaigyaniq	Sanatan & Vedic	cover-local	lyrics-ready	32	_radio_index/suno_backup/lyrics/2026-04-17_fad3edfd_शून्य-लय पंडित.txt
sanaatana-vedic-frequency	Sanaatana Vedic Frequency	be8830ac-7a68-434c-b532-0d602396c088	शून्य-लय पंडित	Sanskrit	sanaatana-vaigyaniq	Sanatan & Vedic	cover-local	lyrics-ready	32	_radio_index/suno_backup/lyrics/2026-04-17_be8830ac_शून्य-लय पंडित.txt
sanaatana-vedic-frequency	Sanaatana Vedic Frequency	5fc639fe-7b5a-4ff3-b972-17f25f8a13f4	शून्य-शोर अकाल	Sanskrit	sanaatana-vaigyaniq	Sanatan & Vedic	cover-local	lyrics-ready	41	_radio_index/suno_backup/lyrics/2026-04-17_5fc639fe_शून्य-शोर अकाल.txt
sanaatana-vedic-frequency	Sanaatana Vedic Frequency	2c6b5c78-e36b-43aa-b1c2-7fb8770902d3	शून्य के भीतर शोर खड़ा है	Sanskrit	sanaatana-vaigyaniq	Sanatan & Vedic	cover-local	lyrics-ready	41	_radio_index/suno_backup/lyrics/2026-04-17_2c6b5c78_शून्य-शोर अकाल.txt
sanaatana-vedic-frequency	Sanaatana Vedic Frequency	d296596e-d584-45b6-85f0-188c6772452a	ईश्वर एक बहरूपिया	Sanskrit	sanaatana-vaigyaniq	Sanatan & Vedic	cover-local	lyrics-ready	76	_radio_index/suno_backup/lyrics/2026-04-17_d296596e_बहरूपिया-ऑनलाइन.txt
sanaatana-vedic-frequency	Sanaatana Vedic Frequency	617e2c52-66f1-4c4c-9a88-37b2388e34c9	ये... हिस्स्स... इस-इस-इस-इस... टोरी	Sanskrit	sanaatana-vaigyaniq	Sanatan & Vedic	cover-local	lyrics-ready	25	_radio_index/suno_backup/lyrics/2026-04-16_617e2c52_दादा चेन टोरी.txt
sanaatana-vedic-frequency	Sanaatana Vedic Frequency	c6626624-b9b4-4338-9550-008f9f82502f	दादा चेन टोरी	Sanskrit	sanaatana-vaigyaniq	Sanatan & Vedic	cover-local	lyrics-ready	25	_radio_index/suno_backup/lyrics/2026-04-16_c6626624_दादा चेन टोरी.txt
sanaatana-vedic-frequency	Sanaatana Vedic Frequency	f4a8a880-7287-459d-8490-d48a3278d365	Zindagi guzar rahi sabki jor-aazmaish mein	English	sanaatana-vaigyaniq	Sanatan & Vedic	cover-local	lyrics-ready	41	_radio_index/suno_backup/lyrics/2026-04-15_f4a8a880_Iltija Jor-Aazmaish.txt
sanaatana-vedic-frequency	Sanaatana Vedic Frequency	5068a560-60b3-4b89-8e83-0043262dc67f	What is truth? What is a lie	English	sanaatana-vaigyaniq	Sanatan & Vedic	cover-local	lyrics-ready	52	_radio_index/suno_backup/lyrics/2026-04-15_5068a560_E-tumbi Dhamal.txt
sanaatana-vedic-frequency	Sanaatana Vedic Frequency	212b81f6-e8b1-474c-9352-45c27deed354	आवाज़ों की अदालत	Sanskrit	sanaatana-vaigyaniq	Sanatan & Vedic	cover-local	lyrics-ready	29	_radio_index/suno_backup/lyrics/2026-04-13_212b81f6_आवाजों़ की अदालत.txt
sanaatana-vedic-frequency	Sanaatana Vedic Frequency	9e058f7c-2ab6-4715-a723-643881330f31	आवाज़ों की अदालत	Sanskrit	sanaatana-vaigyaniq	Sanatan & Vedic	cover-local	lyrics-ready	31	_radio_index/suno_backup/lyrics/2026-04-13_9e058f7c_P.H.K.D. अदालत.txt
sanaatana-vedic-frequency	Sanaatana Vedic Frequency	e69716ad-6001-4c92-9160-2a4a79565ed6	पकड़ लिया एटम एक P.H.K.D. हुया दीवाना	English	sanaatana-vaigyaniq	Sanatan & Vedic	cover-local	lyrics-ready	34	_radio_index/suno_backup/lyrics/2026-04-13_e69716ad_आवाजों़ की अदालत.txt
sanaatana-vedic-frequency	Sanaatana Vedic Frequency	e16d94cb-b3c5-4238-a1c5-c60c69bed286	गात झुनझुनी खावे	Sanskrit	sanaatana-vaigyaniq	Sanatan & Vedic	cover-local	lyrics-ready	61	_radio_index/suno_backup/lyrics/2026-04-12_e16d94cb_नसीब का ऐलान.txt
sanaatana-vedic-frequency	Sanaatana Vedic Frequency	47df1a51-f676-4534-9f25-5dd295225c24	गात झुनझुनी खावे	Sanskrit	sanaatana-vaigyaniq	Sanatan & Vedic	cover-local	lyrics-ready	62	_radio_index/suno_backup/lyrics/2026-04-12_47df1a51_इश्क-ए-इलाका.txt
sanaatana-vedic-frequency	Sanaatana Vedic Frequency	b2c55b1c-8a02-4b27-93aa-0ef9015a5a48	गात झुनझुनी खावे	Sanskrit	sanaatana-vaigyaniq	Sanatan & Vedic	cover-local	lyrics-ready	62	_radio_index/suno_backup/lyrics/2026-04-12_b2c55b1c_“नसीब का ऐलान”.txt
sanaatana-vedic-frequency	Sanaatana Vedic Frequency	44df1c96-0eb7-4f53-bbe5-8eec51102318	Ek chilam... ek baabaa... do ghade ka khel... Ek	English	sanaatana-vaigyaniq	Sanatan & Vedic	cover-local	lyrics-ready	47	_radio_index/suno_backup/lyrics/2026-04-11_44df1c96_Toota Ghadaa Gaaye.txt
sanaatana-vedic-frequency	Sanaatana Vedic Frequency	5fc46f1d-1412-45b1-876d-64343d2f90e6	Data corrupted	English	sanaatana-vaigyaniq	Sanatan & Vedic	cover-local	lyrics-ready	5	_radio_index/suno_backup/lyrics/2026-04-06_5fc46f1d_Om Shanti Digita.txt
sanaatana-vedic-frequency	Sanaatana Vedic Frequency	caf9e4e7-7ec2-483a-9a2d-9a82681054d5	Radio Vaigyaaniq: Sanatana Station	English	sanaatana-vaigyaniq	Sanatan & Vedic	cover-local	lyrics-ready	4	_radio_index/suno_backup/lyrics/2026-04-05_caf9e4e7_Future-Past Clearance.txt
sanaatana-vedic-frequency	Sanaatana Vedic Frequency	879f8447-37de-41b3-8b68-3cdb2079792a	Sanatana Station	English	sanaatana-vaigyaniq	Sanatan & Vedic	cover-local	lyrics-ready	5	_radio_index/suno_backup/lyrics/2026-04-05_879f8447_Sanatana Station.txt
sanaatana-vedic-frequency	Sanaatana Vedic Frequency	02d26992-b08d-4a7e-9759-9120eaca1a4e	Radio Vaigyaaniq: Sanatana Station	English	sanaatana-vaigyaniq	Sanatan & Vedic	cover-local	lyrics-ready	4	_radio_index/suno_backup/lyrics/2026-04-05_02d26992_Frequency of Future-Past.txt
sanaatana-vedic-frequency	Sanaatana Vedic Frequency	456fd8aa-be4b-4bda-93a3-d35206867b65	Radio Vaigyaaniq: Sanatana Station	English	sanaatana-vaigyaniq	Sanatan & Vedic	cover-local	lyrics-ready	5	_radio_index/suno_backup/lyrics/2026-04-05_456fd8aa_Sanatana Station.txt
sanaatana-vedic-frequency	Sanaatana Vedic Frequency	891ce80b-b8ba-45a7-96ec-a3d25cc8854c	मैं हूँ तेरा	Sanskrit	sanaatana-vaigyaniq	Sanatan & Vedic	cover-local	lyrics-ready	53	_radio_index/suno_backup/lyrics/2026-04-02_891ce80b_Raga Yaman.txt
sanaatana-vedic-frequency	Sanaatana Vedic Frequency	b9633887-5995-40bd-9ea7-8e4197f229d5	मैं हूँ तेरा	Sanskrit	sanaatana-vaigyaniq	Sanatan & Vedic	cover-local	lyrics-ready	51	_radio_index/suno_backup/lyrics/2026-04-02_b9633887_जागता कबीर.txt
sanaatana-vedic-frequency	Sanaatana Vedic Frequency	458d70be-5ef2-4bbb-af05-f6c7536d0356	ह-ह-ह-ह हुट... हे-हे-हे झट	Sanskrit	sanaatana-vaigyaniq	Sanatan & Vedic	cover-local	lyrics-ready	38	_radio_index/suno_backup/lyrics/2026-03-31_458d70be_untitled.txt
sanaatana-vedic-frequency	Sanaatana Vedic Frequency	79df050a-9ca2-4238-8c67-f3470d7b0b0f	(untitled)	English	sanaatana-vaigyaniq	Sanatan & Vedic	cover-local	lyrics-ready	38	_radio_index/suno_backup/lyrics/2026-03-31_79df050a_untitled.txt
sanaatana-vedic-frequency	Sanaatana Vedic Frequency	1c19af11-e727-40ce-ab1f-10a6cc04b68e	(untitled)	English	sanaatana-vaigyaniq	Sanatan & Vedic	cover-local	lyrics-ready	26	_radio_index/suno_backup/lyrics/2026-03-31_1c19af11_untitled.txt
sanaatana-vedic-frequency	Sanaatana Vedic Frequency	e24efd14-993f-446c-b6bc-af7aa99c96b1	Main sabko khud mein samaye ek pyala hoon	English	sanaatana-vaigyaniq	Sanatan & Vedic	cover-local	lyrics-ready	26	_radio_index/suno_backup/lyrics/2026-03-31_e24efd14_untitled.txt
sanaatana-vedic-frequency	Sanaatana Vedic Frequency	53d6b687-9225-46f0-a82d-448af2a35562	S r G r S	English	sanaatana-vaigyaniq	Sanatan & Vedic	cover-local	lyrics-ready	55	_radio_index/suno_backup/lyrics/2026-03-31_53d6b687_untitled.txt
sanaatana-vedic-frequency	Sanaatana Vedic Frequency	3139ea17-9462-4aa7-998a-06ca08e7d1ac	दो हिस्से	Sanskrit	sanaatana-vaigyaniq	Sanatan & Vedic	cover-local	lyrics-ready	43	_radio_index/suno_backup/lyrics/2026-03-28_3139ea17_untitled.txt
sanaatana-vedic-frequency	Sanaatana Vedic Frequency	81109d76-22c0-4e21-9bd6-a57682008382	शक्ति जाग री	Sanskrit	sanaatana-vaigyaniq	Sanatan & Vedic	cover-local	lyrics-ready	31	_radio_index/suno_backup/lyrics/2026-03-27_81109d76_untitled.txt
sanaatana-vedic-frequency	Sanaatana Vedic Frequency	7f4291cd-2f2a-4714-bc31-69d28eec6c38	Shakti jaag ri	English	sanaatana-vaigyaniq	Sanatan & Vedic	cover-local	lyrics-ready	31	_radio_index/suno_backup/lyrics/2026-03-27_7f4291cd_untitled.txt
sanaatana-vedic-frequency	Sanaatana Vedic Frequency	dcc995be-7ebf-4fd1-8ad6-c5afa618439d	जैसे ही छुआ उसे... लालच के हाथों ने	Sanskrit	sanaatana-vaigyaniq	Sanatan & Vedic	cover-local	lyrics-ready	39	_radio_index/suno_backup/lyrics/2026-03-26_dcc995be_untitled.txt
sanaatana-vedic-frequency	Sanaatana Vedic Frequency	3733b4fd-e7f9-418c-a5cb-dcdc0b661384	0:00 Tanpura + Siddham “Om”	English	sanaatana-vaigyaniq	Sanatan & Vedic	cover-local	lyrics-ready	11	_radio_index/suno_backup/lyrics/2026-03-25_3733b4fd_untitled.txt
sanaatana-vedic-frequency	Sanaatana Vedic Frequency	29ce4071-ec2f-4be4-9034-d4332fe76f86	ज़ीरो के उन हीरों को	Sanskrit	sanaatana-vaigyaniq	Sanatan & Vedic	cover-local	lyrics-ready	26	_radio_index/suno_backup/lyrics/2026-03-25_29ce4071_untitled.txt
sanaatana-vedic-frequency	Sanaatana Vedic Frequency	61ca183b-a733-45f2-a526-40124620f6a1	(untitled)	English	sanaatana-vaigyaniq	Sanatan & Vedic	cover-local	lyrics-ready	175	_radio_index/suno_backup/lyrics/2026-03-23_61ca183b_untitled.txt
sanaatana-vedic-frequency	Sanaatana Vedic Frequency	0907ea5b-01db-4afe-a2a1-958b706d1c5a	तू है समंदर	Sanskrit	sanaatana-vaigyaniq	Sanatan & Vedic	cover-local	lyrics-ready	88	_radio_index/suno_backup/lyrics/2026-03-22_0907ea5b_untitled.txt
sanaatana-vedic-frequency	Sanaatana Vedic Frequency	c442e04f-271b-411b-ba4b-42d0ecff3a38	ब्राह्मी → प्राकृत → खरोष्ठी का flow	English	sanaatana-vaigyaniq	Sanatan & Vedic	cover-local	lyrics-ready	86	_radio_index/suno_backup/lyrics/2026-03-22_c442e04f_untitled.txt
sanaatana-vedic-frequency	Sanaatana Vedic Frequency	e96f8afe-e1fc-4cc8-9998-16627bca7b9c	ठहर	Sanskrit	sanaatana-vaigyaniq	Sanatan & Vedic	cover-local	lyrics-ready	60	_radio_index/suno_backup/lyrics/2026-03-22_e96f8afe_untitled.txt
sanaatana-vedic-frequency	Sanaatana Vedic Frequency	acefb505-26f4-4b95-b378-e064eaccf86f	वक़्त के घोड़ों को	Sanskrit	sanaatana-vaigyaniq	Sanatan & Vedic	cover-local	lyrics-ready	89	_radio_index/suno_backup/lyrics/2026-03-22_acefb505_untitled.txt
sanaatana-vedic-frequency	Sanaatana Vedic Frequency	c8a46987-b4d4-41ee-aa0c-36c1f1115cf2	Tibetan Bowl	English	sanaatana-vaigyaniq	Sanatan & Vedic	cover-local	lyrics-ready	95	_radio_index/suno_backup/lyrics/2026-03-22_c8a46987_untitled.txt
sanaatana-vedic-frequency	Sanaatana Vedic Frequency	7e3ba569-59f8-4cf2-aebb-45d436b941ef	Tibetan Bowl	English	sanaatana-vaigyaniq	Sanatan & Vedic	cover-local	lyrics-ready	95	_radio_index/suno_backup/lyrics/2026-03-22_7e3ba569_untitled.txt
sanaatana-vedic-frequency	Sanaatana Vedic Frequency	22925574-1f8c-4bba-927a-63bf25e66c7c	Desert wind	English	sanaatana-vaigyaniq	Sanatan & Vedic	cover-local	lyrics-ready	116	_radio_index/suno_backup/lyrics/2026-03-22_22925574_untitled.txt
sanaatana-vedic-frequency	Sanaatana Vedic Frequency	1630fdc7-2ea0-4737-a448-84a9e3a68bc4	(untitled)	English	kabir-clubbing	Rap & Fusion	cover-local	lyrics-ready	78	_radio_index/suno_backup/lyrics/2026-03-22_1630fdc7_untitled.txt
sanaatana-vedic-frequency	Sanaatana Vedic Frequency	4c9ffaea-c955-4c6e-b22b-974c6fbe1284	kush..mana..da	English	sanaatana-vaigyaniq	Sanatan & Vedic	cover-local	lyrics-ready	34	_radio_index/suno_backup/lyrics/2026-03-21_4c9ffaea_kush..mana..da.txt
sanaatana-vedic-frequency	Sanaatana Vedic Frequency	17cea20d-3770-4288-aeac-d5d0a9677a3f	kush..mana..da	English	sanaatana-vaigyaniq	Sanatan & Vedic	cover-local	lyrics-ready	34	_radio_index/suno_backup/lyrics/2026-03-21_17cea20d_kush..mana..da.txt
sanaatana-vedic-frequency	Sanaatana Vedic Frequency	0366db7b-3209-4ccf-af83-12fda3311c23	kush..mana..da	English	sanaatana-vaigyaniq	Sanatan & Vedic	cover-local	lyrics-ready	34	_radio_index/suno_backup/lyrics/2026-03-21_0366db7b_kush..mana..da.txt
sanaatana-vedic-frequency	Sanaatana Vedic Frequency	575f5473-b86b-466f-b63d-980c2bec7855	माँ कूष्माण्डा की प्यारी मुस्कान	Sanskrit	sanaatana-vaigyaniq	Sanatan & Vedic	cover-local	lyrics-ready	34	_radio_index/suno_backup/lyrics/2026-03-21_575f5473_kush..mana..da.txt
sanaatana-vedic-frequency	Sanaatana Vedic Frequency	bea936de-88c1-4d19-9f9a-04973bec0cc0	kush..mana..da	English	sanaatana-vaigyaniq	Sanatan & Vedic	cover-local	lyrics-ready	34	_radio_index/suno_backup/lyrics/2026-03-21_bea936de_kush..mana..da.txt
sanaatana-vedic-frequency	Sanaatana Vedic Frequency	87176aad-96cb-487c-b065-7faa93e5d442	kush..mana..da	English	sanaatana-vaigyaniq	Sanatan & Vedic	cover-local	lyrics-ready	34	_radio_index/suno_backup/lyrics/2026-03-21_87176aad_kush..mana..da.txt
sanaatana-vedic-frequency	Sanaatana Vedic Frequency	01b47c28-4773-42d5-b158-8a73c0cc9248	kush..mana..da	English	sanaatana-vaigyaniq	Sanatan & Vedic	cover-local	lyrics-ready	42	_radio_index/suno_backup/lyrics/2026-03-21_01b47c28_kush..mana..da.txt
sanaatana-vedic-frequency	Sanaatana Vedic Frequency	e8ac43d3-688b-49ee-8ec3-ed025ddcb33b	कूष्माण्डा की 'स्मित' है शक्ति	Sanskrit	sanaatana-vaigyaniq	Sanatan & Vedic	cover-local	lyrics-ready	42	_radio_index/suno_backup/lyrics/2026-03-21_e8ac43d3_kush..mana..da.txt
sanaatana-vedic-frequency	Sanaatana Vedic Frequency	4cf5c8eb-fe72-483f-952d-0556a8e4b408	Om Devi Chandraghantayai Namah! माथे पे चंदा	Sanskrit	sanaatana-vaigyaniq	Sanatan & Vedic	cover-local	lyrics-ready	65	_radio_index/suno_backup/lyrics/2026-03-21_4cf5c8eb_O.I.riginal.nteligence.txt
sanaatana-vedic-frequency	Sanaatana Vedic Frequency	a13e3aff-822d-4a39-840c-333df718a6a6	Om Devi Chandraghantayai Namah! माथे पे चंदा	Sanskrit	sanaatana-vaigyaniq	Sanatan & Vedic	cover-local	lyrics-ready	47	_radio_index/suno_backup/lyrics/2026-03-21_a13e3aff_O.I.riginal.nteligence.txt
sanaatana-vedic-frequency	Sanaatana Vedic Frequency	35c9d20a-94e6-4b53-9e14-073f7c519e47	ॐ देवी चन्द्रघण्टायै नमः	Sanskrit	kabir-clubbing	Bhakti & Katha	cover-local	lyrics-ready	92	_radio_index/suno_backup/lyrics/2026-03-21_35c9d20a_O.I.riginal.nteligence.txt
sanaatana-vedic-frequency	Sanaatana Vedic Frequency	ad20ad65-6256-4cde-b283-500aae7ad4fd	Om Devi Chandraghantayai Namah	Sanskrit	sanaatana-vaigyaniq	Sanatan & Vedic	cover-local	lyrics-ready	82	_radio_index/suno_backup/lyrics/2026-03-21_ad20ad65_neural jogi.txt
sanaatana-vedic-frequency	Sanaatana Vedic Frequency	092cd586-b79b-465f-b06c-972aa38bd494	neural jogi	English	sanaatana-vaigyaniq	Sanatan & Vedic	cover-local	lyrics-ready	82	_radio_index/suno_backup/lyrics/2026-03-21_092cd586_neural jogi.txt
sanaatana-vedic-frequency	Sanaatana Vedic Frequency	c2ff4d29-bde8-449a-847e-9dcdc78e4a69	neural jogi	English	sanaatana-vaigyaniq	Sanatan & Vedic	cover-local	lyrics-ready	66	_radio_index/suno_backup/lyrics/2026-03-21_c2ff4d29_neural jogi.txt
sanaatana-vedic-frequency	Sanaatana Vedic Frequency	78e037f2-edcd-4a6c-bdc4-099e1b4774e9	Om Devi Chandraghantayai Namah	Sanskrit	sanaatana-vaigyaniq	Sanatan & Vedic	cover-local	lyrics-ready	66	_radio_index/suno_backup/lyrics/2026-03-21_78e037f2_neural jogi.txt
sanaatana-vedic-frequency	Sanaatana Vedic Frequency	ccb6b23a-62e2-44e4-b1f4-94283dd7bdfc	neural jogi	English	sanaatana-vaigyaniq	Sanatan & Vedic	cover-local	lyrics-ready	23	_radio_index/suno_backup/lyrics/2026-03-21_ccb6b23a_neural jogi.txt
sanaatana-vedic-frequency	Sanaatana Vedic Frequency	32b5d3c2-5566-44b7-9d81-86e8f1685967	Om Devi Chandraghantayai Namah	Sanskrit	sanaatana-vaigyaniq	Sanatan & Vedic	cover-local	lyrics-ready	23	_radio_index/suno_backup/lyrics/2026-03-21_32b5d3c2_neural jogi.txt
sanaatana-vedic-frequency	Sanaatana Vedic Frequency	c1f60054-5682-4989-a470-f3ba4295c065	गणगौर आई रे… सज धज जाई रे	Sanskrit	sanaatana-vaigyaniq	Sanatan & Vedic	cover-local	lyrics-ready	30	_radio_index/suno_backup/lyrics/2026-03-21_c1f60054_neural jogi.txt
sanaatana-vedic-frequency	Sanaatana Vedic Frequency	b3dab790-2dfb-43e9-bd08-6fed863e2e42	om gaurishankaraya namah	Sanskrit	sanaatana-vaigyaniq	Sanatan & Vedic	cover-local	lyrics-ready	18	_radio_index/suno_backup/lyrics/2026-03-21_b3dab790_neural jogi.txt
sanaatana-vedic-frequency	Sanaatana Vedic Frequency	b7ab25e5-8f36-4dd2-a0ed-a64c5f9f0b63	हर-हर महादेव... हर-हर महादेव	Sanskrit	sanaatana-vaigyaniq	Sanatan & Vedic	cover-local	lyrics-ready	95	_radio_index/suno_backup/lyrics/2026-03-20_b7ab25e5_untitled.txt
sanaatana-vedic-frequency	Sanaatana Vedic Frequency	abdadc18-6d3f-43c5-aacc-5df4eba20e4d	(untitled)	English	sanaatana-vaigyaniq	Sanatan & Vedic	cover-local	lyrics-ready	95	_radio_index/suno_backup/lyrics/2026-03-20_abdadc18_untitled.txt
sanaatana-vedic-frequency	Sanaatana Vedic Frequency	9ea90a62-a2d7-462c-9f8c-fb078246a1ae	eeee ee eeee eaeaeaaeen	English	sanaatana-vaigyaniq	Sanatan & Vedic	cover-local	lyrics-ready	7	_radio_index/suno_backup/lyrics/2026-03-20_9ea90a62_untitled.txt
sanaatana-vedic-frequency	Sanaatana Vedic Frequency	f5ee1b21-dfd0-497c-8f70-18a04305df49	(untitled)	English	sanaatana-vaigyaniq	Sanatan & Vedic	cover-local	lyrics-ready	7	_radio_index/suno_backup/lyrics/2026-03-20_f5ee1b21_untitled.txt
sanaatana-vedic-frequency	Sanaatana Vedic Frequency	322826de-5054-4df5-868c-4d8eefd1140f	सीधी दुनिया उल्टे लोग	Sanskrit	sanaatana-vaigyaniq	Sanatan & Vedic	cover-local	lyrics-ready	101	_radio_index/suno_backup/lyrics/2026-03-20_322826de_untitled.txt
sanaatana-vedic-frequency	Sanaatana Vedic Frequency	75db9ef6-ac44-4361-aa4f-64d05aab70a8	(untitled)	English	sanaatana-vaigyaniq	Sanatan & Vedic	cover-local	lyrics-ready	101	_radio_index/suno_backup/lyrics/2026-03-20_75db9ef6_untitled.txt
sanaatana-vedic-frequency	Sanaatana Vedic Frequency	f02bb457-88b6-415c-9b34-da9e9896a390	neural jogi	English	sanaatana-vaigyaniq	Sanatan & Vedic	cover-local	lyrics-ready	79	_radio_index/suno_backup/lyrics/2026-03-20_f02bb457_neural jogi.txt
sanaatana-vedic-frequency	Sanaatana Vedic Frequency	57e3125d-6eff-4b5a-883a-4da698ee8f1d	Deep serious alaap	English	sanaatana-vaigyaniq	Sanatan & Vedic	cover-local	lyrics-ready	51	_radio_index/suno_backup/lyrics/2026-03-20_57e3125d_untitled.txt
sanaatana-vedic-frequency	Sanaatana Vedic Frequency	2fc25f01-e1af-419b-af18-4a94b1792d7b	(untitled)	English	sanaatana-vaigyaniq	Sanatan & Vedic	cover-local	lyrics-ready	51	_radio_index/suno_backup/lyrics/2026-03-20_2fc25f01_untitled.txt
sanaatana-vedic-frequency	Sanaatana Vedic Frequency	28f32076-2c38-4dfd-8f9b-27aeeee9b5bc	❤️ जोगी देवे गारंटी बात	Sanskrit	sanaatana-vaigyaniq	Sanatan & Vedic	cover-local	lyrics-ready	79	_radio_index/suno_backup/lyrics/2026-03-20_28f32076_neural jogi.txt
sanaatana-vedic-frequency	Sanaatana Vedic Frequency	17393950-853a-4aed-9e6f-229ac70f25e0	“NAAD BRAHM: 31 RAAG NEURAL JOGI ALBUM”	English	sanaatana-vaigyaniq	Sanatan & Vedic	cover-local	lyrics-ready	70	_radio_index/suno_backup/lyrics/2026-03-20_17393950_untitled.txt
sanaatana-vedic-frequency	Sanaatana Vedic Frequency	f394c2ee-40d3-4222-96f3-594a597d4370	Akhand-Siddham! Akhand-Siddham	English	sanaatana-vaigyaniq	Sanatan & Vedic	cover-local	lyrics-ready	18	_radio_index/suno_backup/lyrics/2026-03-19_f394c2ee_untitled.txt
sanaatana-vedic-frequency	Sanaatana Vedic Frequency	38c841da-2008-4d6a-b85d-83833454d8ee	लुलु	Sanskrit	sanaatana-vaigyaniq	Sanatan & Vedic	cover-local	lyrics-ready	31	_radio_index/suno_backup/lyrics/2026-03-19_38c841da_untitled.txt
sanaatana-vedic-frequency	Sanaatana Vedic Frequency	b25849ae-7771-4878-a6e9-6ea75ef49a13	इतिहासः सिद्धम्! आनंदोऽस्तु	Sanskrit	sanaatana-vaigyaniq	Sanatan & Vedic	cover-local	lyrics-ready	27	_radio_index/suno_backup/lyrics/2026-03-19_b25849ae_untitled.txt
sanaatana-vedic-frequency	Sanaatana Vedic Frequency	1795fde2-4568-429d-86af-bfc929504dc6	(untitled)	English	sanaatana-vaigyaniq	Sanatan & Vedic	cover-local	lyrics-ready	38	_radio_index/suno_backup/lyrics/2026-03-19_1795fde2_untitled.txt
sanaatana-vedic-frequency	Sanaatana Vedic Frequency	85859d74-b474-4661-aa75-df60336c7497	इतिहासः सिद्धम्! आनंदोऽस्तु	Sanskrit	sanaatana-vaigyaniq	Sanatan & Vedic	cover-local	lyrics-ready	38	_radio_index/suno_backup/lyrics/2026-03-19_85859d74_untitled.txt
sanaatana-vedic-frequency	Sanaatana Vedic Frequency	c2942834-cd11-4b45-8610-08a32d23be82	(untitled)	English	sanaatana-vaigyaniq	Sanatan & Vedic	cover-local	lyrics-ready	34	_radio_index/suno_backup/lyrics/2026-03-19_c2942834_untitled.txt
sanaatana-vedic-frequency	Sanaatana Vedic Frequency	cef36d0f-7570-45ad-b4cd-9e9d1999be10	(untitled)	English	sanaatana-vaigyaniq	Sanatan & Vedic	cover-local	lyrics-ready	34	_radio_index/suno_backup/lyrics/2026-03-19_cef36d0f_untitled.txt
sanaatana-vedic-frequency	Sanaatana Vedic Frequency	1bd52bf2-d26e-4822-8299-2ef883803518	अघोर... अघोर... अघोर	Sanskrit	sanaatana-vaigyaniq	Sanatan & Vedic	cover-local	lyrics-ready	34	_radio_index/suno_backup/lyrics/2026-03-19_1bd52bf2_untitled.txt
sanaatana-vedic-frequency	Sanaatana Vedic Frequency	20b2eae2-e758-4646-b7ca-94502619813e	इतनी ही दया	Sanskrit	sanaatana-vaigyaniq	Sanatan & Vedic	cover-local	lyrics-ready	49	_radio_index/suno_backup/lyrics/2026-03-19_20b2eae2_untitled.txt
sanaatana-vedic-frequency	Sanaatana Vedic Frequency	29a17f2c-a3b6-463d-9a08-8fede6cb142a	का खा गा घा	Sanskrit	sanaatana-vaigyaniq	Sanatan & Vedic	cover-local	lyrics-ready	223	_radio_index/suno_backup/lyrics/2026-03-17_29a17f2c_untitled.txt
sanaatana-vedic-frequency	Sanaatana Vedic Frequency	ecfcf3e2-e6b5-4377-b4bf-52d3acda1360	का खा गा घा	Sanskrit	sanaatana-vaigyaniq	Sanatan & Vedic	cover-local	lyrics-ready	224	_radio_index/suno_backup/lyrics/2026-03-17_ecfcf3e2_untitled.txt
sanaatana-vedic-frequency	Sanaatana Vedic Frequency	e97cc568-6578-4bba-a1c3-0580783e1d53	(untitled)	English	sanaatana-vaigyaniq	Sanatan & Vedic	cover-local	lyrics-ready	211	_radio_index/suno_backup/lyrics/2026-03-17_e97cc568_untitled.txt
sanaatana-vedic-frequency	Sanaatana Vedic Frequency	954ceeb0-8f77-4fdc-9b97-439fd3559810	का खा गा घा	Sanskrit	sanaatana-vaigyaniq	Sanatan & Vedic	cover-local	lyrics-ready	211	_radio_index/suno_backup/lyrics/2026-03-17_954ceeb0_untitled.txt
sanaatana-vedic-frequency	Sanaatana Vedic Frequency	c8e9d4ca-0d7d-4624-8efb-0b23973de9a3	का खा गा घा	Sanskrit	sanaatana-vaigyaniq	Sanatan & Vedic	cover-local	lyrics-ready	200	_radio_index/suno_backup/lyrics/2026-03-17_c8e9d4ca_untitled.txt
sanaatana-vedic-frequency	Sanaatana Vedic Frequency	24b25363-caab-410d-a1a7-a36f5df70481	(untitled)	English	sanaatana-vaigyaniq	Sanatan & Vedic	cover-local	lyrics-ready	200	_radio_index/suno_backup/lyrics/2026-03-17_24b25363_untitled.txt
sanaatana-vedic-frequency	Sanaatana Vedic Frequency	4e8ab515-7696-4a5d-ada8-911355a71d61	(untitled)	English	sanaatana-vaigyaniq	Sanatan & Vedic	cover-local	lyrics-ready	180	_radio_index/suno_backup/lyrics/2026-03-17_4e8ab515_untitled.txt
sanaatana-vedic-frequency	Sanaatana Vedic Frequency	e9e95c40-884e-4b74-a1f6-5db9c6bdeb93	का खा गा घा	Sanskrit	sanaatana-vaigyaniq	Sanatan & Vedic	cover-local	lyrics-ready	180	_radio_index/suno_backup/lyrics/2026-03-17_e9e95c40_untitled.txt
sanaatana-vedic-frequency	Sanaatana Vedic Frequency	bc962e4c-9016-4ba8-bb3e-e257917e3dd4	का खा गा घा	Sanskrit	sanaatana-vaigyaniq	Sanatan & Vedic	cover-local	lyrics-ready	155	_radio_index/suno_backup/lyrics/2026-03-17_bc962e4c_untitled.txt
sanaatana-vedic-frequency	Sanaatana Vedic Frequency	7b8aaf45-66a4-4e30-acdd-38c437907a8e	(untitled)	English	sanaatana-vaigyaniq	Sanatan & Vedic	cover-local	lyrics-ready	155	_radio_index/suno_backup/lyrics/2026-03-17_7b8aaf45_untitled.txt
sanaatana-vedic-frequency	Sanaatana Vedic Frequency	dfe02902-7e32-4106-a738-2f3c88aabf9c	का खा गा घा	Sanskrit	sanaatana-vaigyaniq	Sanatan & Vedic	cover-local	lyrics-ready	112	_radio_index/suno_backup/lyrics/2026-03-16_dfe02902_untitled.txt
sanaatana-vedic-frequency	Sanaatana Vedic Frequency	b8e5aa64-0398-4c26-9ef9-aa516d2421c3	(untitled)	English	sanaatana-vaigyaniq	Sanatan & Vedic	cover-local	lyrics-ready	108	_radio_index/suno_backup/lyrics/2026-03-16_b8e5aa64_untitled.txt
sanaatana-vedic-frequency	Sanaatana Vedic Frequency	7279327a-abd6-4b19-8bd9-41db02769c97	(untitled)	English	sanaatana-vaigyaniq	Sanatan & Vedic	cover-local	lyrics-ready	112	_radio_index/suno_backup/lyrics/2026-03-16_7279327a_untitled.txt
sanaatana-vedic-frequency	Sanaatana Vedic Frequency	68e1e3bc-204b-4335-a599-eb3a0623ec41	का खा गा घा	Sanskrit	sanaatana-vaigyaniq	Sanatan & Vedic	cover-local	lyrics-ready	93	_radio_index/suno_backup/lyrics/2026-03-16_68e1e3bc_untitled.txt
sanaatana-vedic-frequency	Sanaatana Vedic Frequency	339cc960-6eba-46bf-aa4b-9cc390baab6d	का खा गा घा	Sanskrit	sanaatana-vaigyaniq	Sanatan & Vedic	cover-local	lyrics-ready	108	_radio_index/suno_backup/lyrics/2026-03-16_339cc960_untitled.txt
sanaatana-vedic-frequency	Sanaatana Vedic Frequency	2badde9c-1f37-4504-9aaa-b067a58e99c3	का खा गा घा	Sanskrit	sanaatana-vaigyaniq	Sanatan & Vedic	cover-local	lyrics-ready	106	_radio_index/suno_backup/lyrics/2026-03-16_2badde9c_untitled.txt
sanaatana-vedic-frequency	Sanaatana Vedic Frequency	05a9ac20-ffc7-4810-a9e2-21d2c683b06a	(untitled)	English	sanaatana-vaigyaniq	Sanatan & Vedic	cover-local	lyrics-ready	106	_radio_index/suno_backup/lyrics/2026-03-16_05a9ac20_untitled.txt
sanaatana-vedic-frequency	Sanaatana Vedic Frequency	72b69742-5e35-4af0-876c-03f7ff259f69	(untitled)	English	sanaatana-vaigyaniq	Sanatan & Vedic	cover-local	lyrics-ready	93	_radio_index/suno_backup/lyrics/2026-03-16_72b69742_untitled.txt
sanaatana-vedic-frequency	Sanaatana Vedic Frequency	f932d3fb-72e6-41c0-8754-38bfa4f5417c	(untitled)	English	sanaatana-vaigyaniq	Sanatan & Vedic	cover-local	lyrics-ready	87	_radio_index/suno_backup/lyrics/2026-03-16_f932d3fb_untitled.txt
sanaatana-vedic-frequency	Sanaatana Vedic Frequency	b0ce3910-5638-41ea-baa5-e1711b806520	का खा गा घा	Sanskrit	sanaatana-vaigyaniq	Sanatan & Vedic	cover-local	lyrics-ready	87	_radio_index/suno_backup/lyrics/2026-03-16_b0ce3910_untitled.txt
sanaatana-vedic-frequency	Sanaatana Vedic Frequency	7d29c576-36bc-4241-be33-bce5fd84775b	का खा गा घा	Sanskrit	sanaatana-vaigyaniq	Sanatan & Vedic	cover-local	lyrics-ready	54	_radio_index/suno_backup/lyrics/2026-03-16_7d29c576_untitled.txt
sanaatana-vedic-frequency	Sanaatana Vedic Frequency	aed9aa06-9e15-4413-b39f-b80a8913035e	(untitled)	English	sanaatana-vaigyaniq	Sanatan & Vedic	cover-local	lyrics-ready	54	_radio_index/suno_backup/lyrics/2026-03-16_aed9aa06_untitled.txt
sanaatana-vedic-frequency	Sanaatana Vedic Frequency	310f549f-b41a-4685-9afd-023bc7de4632	नागिन है	Sanskrit	sanaatana-vaigyaniq	Sanatan & Vedic	cover-local	lyrics-ready	28	_radio_index/suno_backup/lyrics/2026-03-16_310f549f_kudru ki beti naagin.txt
sanaatana-vedic-frequency	Sanaatana Vedic Frequency	99a91265-7f9c-4b3d-a76a-745dfb3a5ec9	नागिन है	Sanskrit	sanaatana-vaigyaniq	Sanatan & Vedic	cover-local	lyrics-ready	111	_radio_index/suno_backup/lyrics/2026-03-16_99a91265_kudru ki beti naagin.txt
sanaatana-vedic-frequency	Sanaatana Vedic Frequency	20709bfc-b04e-49bb-b50a-81112046ab9d	🕉️ वैदिक फ्यूज़न — चेतना नागिन नाद	Sanskrit	sanaatana-vaigyaniq	Sanatan & Vedic	cover-local	lyrics-ready	56	_radio_index/suno_backup/lyrics/2026-03-16_20709bfc_kudru ki beti naagin.txt
sanaatana-vedic-frequency	Sanaatana Vedic Frequency	783c7290-99f4-43f8-adc4-b8681b56114d	साँस मेरी देख	Sanskrit	sanaatana-vaigyaniq	Sanatan & Vedic	cover-local	lyrics-ready	52	_radio_index/suno_backup/lyrics/2026-03-16_783c7290_kudru ki beti naagin.txt
sanaatana-vedic-frequency	Sanaatana Vedic Frequency	93dd0e34-eefb-4555-91c0-b5297eef283f	साँस मेरी देख	Sanskrit	sanaatana-vaigyaniq	Sanatan & Vedic	cover-local	lyrics-ready	52	_radio_index/suno_backup/lyrics/2026-03-16_93dd0e34_kudru ki beti naagin.txt
sanaatana-vedic-frequency	Sanaatana Vedic Frequency	29bbf8d9-f160-43ef-b3fa-fe632e29b925	नागिन है	Sanskrit	sanaatana-vaigyaniq	Sanatan & Vedic	cover-local	lyrics-ready	39	_radio_index/suno_backup/lyrics/2026-03-16_29bbf8d9_kudru ki beti naagin.txt
sanaatana-vedic-frequency	Sanaatana Vedic Frequency	a06bfdbd-c7e9-401a-a6df-d87a575e3893	Naaraayana Uunh	English	sanaatana-vaigyaniq	Sanatan & Vedic	cover-local	lyrics-ready	43	_radio_index/suno_backup/lyrics/2026-03-16_a06bfdbd_Naaraayana Uunh.txt
sanaatana-vedic-frequency	Sanaatana Vedic Frequency	413e4582-680e-4824-95e8-252bfe180608	सुनो	Sanskrit	sanaatana-vaigyaniq	Sanatan & Vedic	cover-local	lyrics-ready	43	_radio_index/suno_backup/lyrics/2026-03-16_413e4582_Naaraayana Uunh.txt
sanaatana-vedic-frequency	Sanaatana Vedic Frequency	790f6743-e536-4370-8191-d2dfc093831c	सुनो	Sanskrit	sanaatana-vaigyaniq	Sanatan & Vedic	cover-local	lyrics-ready	43	_radio_index/suno_backup/lyrics/2026-03-16_790f6743_Naaraayana Uunh.txt
sanaatana-vedic-frequency	Sanaatana Vedic Frequency	67162988-1ccc-4fa7-beab-230a0f681db0	बुलाओ तुम्हारे पितरों को	Sanskrit	sanaatana-vaigyaniq	Sanatan & Vedic	cover-local	lyrics-ready	74	_radio_index/suno_backup/lyrics/2026-03-16_67162988_ॐ.txt
sanaatana-vedic-frequency	Sanaatana Vedic Frequency	87f41c73-b4cc-49e0-8e94-2058edd285bf	ॐ	Sanskrit	sanaatana-vaigyaniq	Sanatan & Vedic	cover-local	lyrics-ready	74	_radio_index/suno_backup/lyrics/2026-03-16_87f41c73_ॐ.txt
sanaatana-vedic-frequency	Sanaatana Vedic Frequency	c237cdca-4f81-4f53-b062-92e3183b8389	बुलाओ तुम्हारे पितरों को	Sanskrit	sanaatana-vaigyaniq	Sanatan & Vedic	cover-local	lyrics-ready	62	_radio_index/suno_backup/lyrics/2026-03-16_c237cdca_ॐ.txt
sanaatana-vedic-frequency	Sanaatana Vedic Frequency	42fb0963-ee69-497e-9b18-e76247c23bce	ॐ	Sanskrit	sanaatana-vaigyaniq	Sanatan & Vedic	cover-local	lyrics-ready	62	_radio_index/suno_backup/lyrics/2026-03-16_42fb0963_ॐ.txt
sanaatana-vedic-frequency	Sanaatana Vedic Frequency	7039ea86-720e-4eff-a9b3-f972963b5395	बुलाओ तुम्हारे पितरों को	Sanskrit	sanaatana-vaigyaniq	Sanatan & Vedic	cover-local	lyrics-ready	35	_radio_index/suno_backup/lyrics/2026-03-16_7039ea86_untitled.txt
sanaatana-vedic-frequency	Sanaatana Vedic Frequency	f74b3b54-2435-4d24-ab58-9acb3d5c29f0	(untitled)	English	sanaatana-vaigyaniq	Sanatan & Vedic	cover-local	lyrics-ready	35	_radio_index/suno_backup/lyrics/2026-03-16_f74b3b54_untitled.txt
sanaatana-vedic-frequency	Sanaatana Vedic Frequency	2aa2ef58-c4be-4799-8641-a73b48881047	जागो जागो जागो हेमंत राणा जी महाराज... मेरे तुम	Sanskrit	sanaatana-vaigyaniq	Sanatan & Vedic	cover-local	lyrics-ready	20	_radio_index/suno_backup/lyrics/2026-03-16_2aa2ef58_untitled.txt
sanaatana-vedic-frequency	Sanaatana Vedic Frequency	2c5e4dbe-097d-4f30-aabf-618cc31ef0b0	नमस्कार श्रोताओं! आपका स्वागत है रेडियो सनातन वै	Sanskrit	sanaatana-vaigyaniq	Sanatan & Vedic	cover-local	lyrics-ready	9	_radio_index/suno_backup/lyrics/2026-03-15_2c5e4dbe_Naaraayana Uunh.txt
sanaatana-vedic-frequency	Sanaatana Vedic Frequency	a8d556f6-269d-4029-bb1a-0abd4bc16064	Naaraayana uunh	English	sanaatana-vaigyaniq	Sanatan & Vedic	cover-local	lyrics-ready	38	_radio_index/suno_backup/lyrics/2026-03-15_a8d556f6_Naaraayana Uunh.txt
sanaatana-vedic-frequency	Sanaatana Vedic Frequency	f5cb9407-24a2-45f0-8ee2-aa403a65a74b	Naaraayana Uunh	English	sanaatana-vaigyaniq	Sanatan & Vedic	cover-local	lyrics-ready	38	_radio_index/suno_backup/lyrics/2026-03-15_f5cb9407_Naaraayana Uunh.txt
sanaatana-vedic-frequency	Sanaatana Vedic Frequency	07c7426b-552d-49a1-bc86-7613ded094bc	(untitled)	English	sanaatana-vaigyaniq	Sanatan & Vedic	cover-local	lyrics-ready	89	_radio_index/suno_backup/lyrics/2026-03-15_07c7426b_untitled.txt
sanaatana-vedic-frequency	Sanaatana Vedic Frequency	a63d8cca-295c-4ca4-a467-dd2d8c222a7e	मने मेरी माँ	Sanskrit	sanaatana-vaigyaniq	Sanatan & Vedic	cover-local	lyrics-ready	89	_radio_index/suno_backup/lyrics/2026-03-15_a63d8cca_untitled.txt
sanaatana-vedic-frequency	Sanaatana Vedic Frequency	b4b42938-0fdb-407a-9716-d99479b0e0b0	मने मेरी माँ	Sanskrit	sanaatana-vaigyaniq	Sanatan & Vedic	cover-local	lyrics-ready	157	_radio_index/suno_backup/lyrics/2026-03-15_b4b42938_untitled.txt
sanaatana-vedic-frequency	Sanaatana Vedic Frequency	faf8624e-52ff-41ac-a98c-562728ffac2d	(untitled)	English	sanaatana-vaigyaniq	Sanatan & Vedic	cover-local	lyrics-ready	157	_radio_index/suno_backup/lyrics/2026-03-15_faf8624e_untitled.txt
sanaatana-vedic-frequency	Sanaatana Vedic Frequency	49a3ba5c-8404-4a55-be2f-8b74d04587be	मेरा भाई	Sanskrit	sanaatana-vaigyaniq	Sanatan & Vedic	cover-local	lyrics-ready	178	_radio_index/suno_backup/lyrics/2026-03-15_49a3ba5c_untitled.txt
sanaatana-vedic-frequency	Sanaatana Vedic Frequency	359fe041-9682-478b-8b22-2025ce5af3c8	(untitled)	English	sanaatana-vaigyaniq	Sanatan & Vedic	cover-local	lyrics-ready	178	_radio_index/suno_backup/lyrics/2026-03-15_359fe041_untitled.txt
sanaatana-vedic-frequency	Sanaatana Vedic Frequency	85364529-043a-45e8-8ec2-6e2a4895644e	मेरा भाई	Sanskrit	sanaatana-vaigyaniq	Sanatan & Vedic	cover-local	lyrics-ready	22	_radio_index/suno_backup/lyrics/2026-03-15_85364529_untitled.txt
sanaatana-vedic-frequency	Sanaatana Vedic Frequency	aaca4dcb-a21a-4e20-9585-e2827cb88d9a	(untitled)	English	sanaatana-vaigyaniq	Sanatan & Vedic	cover-local	lyrics-ready	22	_radio_index/suno_backup/lyrics/2026-03-15_aaca4dcb_untitled.txt
sanaatana-vedic-frequency	Sanaatana Vedic Frequency	0902ef6d-8f19-458b-b932-855765d1dcd1	(untitled)	English	sanaatana-vaigyaniq	Sanatan & Vedic	cover-local	lyrics-ready	177	_radio_index/suno_backup/lyrics/2026-03-15_0902ef6d_untitled.txt
sanaatana-vedic-frequency	Sanaatana Vedic Frequency	ff00e623-ff9b-4092-8866-9a775e6de626	(untitled)	English	sanaatana-vaigyaniq	Sanatan & Vedic	cover-local	lyrics-ready	177	_radio_index/suno_backup/lyrics/2026-03-15_ff00e623_untitled.txt
sanaatana-vedic-frequency	Sanaatana Vedic Frequency	ddf4af6e-aef4-4ac2-9b4a-59cd3d896e25	(untitled)	Haryanvi	ameerpur	Haryanvi Folk	cover-local	lyrics-ready	96	_radio_index/suno_backup/lyrics/2026-03-15_ddf4af6e_untitled.txt
sanaatana-vedic-frequency	Sanaatana Vedic Frequency	7cd38250-4106-4fb8-8a4f-bbc7df32238e	(untitled)	English	gurukul	Other / Misc	cover-local	lyrics-ready	76	_radio_index/suno_backup/lyrics/2026-03-15_7cd38250_untitled.txt
sanaatana-vedic-frequency	Sanaatana Vedic Frequency	bfb4ac18-d356-4ab5-84b1-0691c5635560	सुन री कुतिये ध्यान से	Sanskrit	sanaatana-vaigyaniq	Sanatan & Vedic	cover-local	lyrics-ready	37	_radio_index/suno_backup/lyrics/2026-03-15_bfb4ac18_untitled.txt
sanaatana-vedic-frequency	Sanaatana Vedic Frequency	f850c20c-670d-4871-bd1a-6f0652c7700a	(untitled)	English	gurukul	Other / Misc	cover-local	lyrics-ready	34	_radio_index/suno_backup/lyrics/2026-03-15_f850c20c_untitled.txt
sanaatana-vedic-frequency	Sanaatana Vedic Frequency	a8738d5a-73c8-4c1b-8537-6f306f014715	सुन री कुतिये ध्यान से	Sanskrit	sanaatana-vaigyaniq	Sanatan & Vedic	cover-local	lyrics-ready	34	_radio_index/suno_backup/lyrics/2026-03-15_a8738d5a_untitled.txt
sanaatana-vedic-frequency	Sanaatana Vedic Frequency	347d4a25-0d54-445c-982e-c1c6c1c7e091	(untitled)	English	gurukul	Other / Misc	cover-local	lyrics-ready	37	_radio_index/suno_backup/lyrics/2026-03-15_347d4a25_untitled.txt
sanaatana-vedic-frequency	Sanaatana Vedic Frequency	3ba8da22-5a9f-43e1-b1c1-b80db6e17e04	सुन री कुतिये ध्यान से	Sanskrit	sanaatana-vaigyaniq	Sanatan & Vedic	cover-local	lyrics-ready	37	_radio_index/suno_backup/lyrics/2026-03-15_3ba8da22_untitled.txt
sanaatana-vedic-frequency	Sanaatana Vedic Frequency	143f3ee1-541a-4c92-8ae8-84b53e7b66d9	(untitled)	English	gurukul	Other / Misc	cover-local	lyrics-ready	35	_radio_index/suno_backup/lyrics/2026-03-15_143f3ee1_untitled.txt
sanaatana-vedic-frequency	Sanaatana Vedic Frequency	d1df8eeb-036c-4d6b-b998-dc9ebc94f23e	(untitled)	English	gurukul	Other / Misc	cover-local	lyrics-ready	35	_radio_index/suno_backup/lyrics/2026-03-15_d1df8eeb_untitled.txt
sanaatana-vedic-frequency	Sanaatana Vedic Frequency	1210841d-cb58-4632-96de-39a6f862b69a	(untitled)	English	sanaatana-vaigyaniq	Sanatan & Vedic	cover-local	lyrics-ready	32	_radio_index/suno_backup/lyrics/2026-03-14_1210841d_untitled.txt
sanaatana-vedic-frequency	Sanaatana Vedic Frequency	41e8f0c6-6363-44dd-b118-bfc2dc2c8dd6	मने मेरे देश ईब यूं सताना छोड़ दे	Sanskrit	sanaatana-vaigyaniq	Sanatan & Vedic	cover-local	lyrics-ready	32	_radio_index/suno_backup/lyrics/2026-03-14_41e8f0c6_untitled.txt
sanaatana-vedic-frequency	Sanaatana Vedic Frequency	bdb93b4d-edf6-418f-bedf-5d1b5204ed1d	मने मेरे देश ईब यूं सताना छोड़ दे	Sanskrit	sanaatana-vaigyaniq	Sanatan & Vedic	cover-local	lyrics-ready	45	_radio_index/suno_backup/lyrics/2026-03-14_bdb93b4d_untitled.txt
sanaatana-vedic-frequency	Sanaatana Vedic Frequency	02b55369-c2c7-4541-b858-99a73400ed7e	मने मेरे देश ईब यूं सताना छोड़ दे	Sanskrit	sanaatana-vaigyaniq	Sanatan & Vedic	cover-local	lyrics-ready	41	_radio_index/suno_backup/lyrics/2026-03-14_02b55369_untitled.txt
sanaatana-vedic-frequency	Sanaatana Vedic Frequency	a118e163-e5f4-459d-a9f4-e82bbb5d48ec	सुन री कुतिये ध्यान से	Sanskrit	sanaatana-vaigyaniq	Sanatan & Vedic	cover-local	lyrics-ready	31	_radio_index/suno_backup/lyrics/2026-03-14_a118e163_untitled.txt
sanaatana-vedic-frequency	Sanaatana Vedic Frequency	e4e6e3b0-e45c-4464-933f-ec6a37a9fc1a	(untitled)	English	sanaatana-vaigyaniq	Sanatan & Vedic	cover-local	lyrics-ready	26	_radio_index/suno_backup/lyrics/2026-03-14_e4e6e3b0_untitled.txt
sanaatana-vedic-frequency	Sanaatana Vedic Frequency	6a9729a2-bfde-48a5-bc3a-95d1de82ccbd	(untitled)	English	sanaatana-vaigyaniq	Sanatan & Vedic	cover-local	lyrics-ready	26	_radio_index/suno_backup/lyrics/2026-03-14_6a9729a2_untitled.txt
sanaatana-vedic-frequency	Sanaatana Vedic Frequency	3a30e4a6-c5b1-4cf9-bdda-324b95054db1	(untitled)	English	sanaatana-vaigyaniq	Sanatan & Vedic	cover-local	lyrics-ready	26	_radio_index/suno_backup/lyrics/2026-03-14_3a30e4a6_untitled.txt
sanaatana-vedic-frequency	Sanaatana Vedic Frequency	e5e5c4ed-7013-4378-8baf-ec76665ed5ea	(untitled)	English	sanaatana-vaigyaniq	Sanatan & Vedic	cover-local	lyrics-ready	26	_radio_index/suno_backup/lyrics/2026-03-14_e5e5c4ed_untitled.txt
sanaatana-vedic-frequency	Sanaatana Vedic Frequency	1883b6f9-b6fb-44d5-98e4-a32b63d3fd5a	ये काम बड़े ही काम का है	Sanskrit	sanaatana-vaigyaniq	Sanatan & Vedic	cover-local	lyrics-ready	27	_radio_index/suno_backup/lyrics/2026-03-14_1883b6f9_untitled.txt
sanaatana-vedic-frequency	Sanaatana Vedic Frequency	ceb76bb6-5502-4d7e-8c67-0273d1e4404c	(untitled)	English	sanaatana-vaigyaniq	Sanatan & Vedic	cover-local	lyrics-ready	27	_radio_index/suno_backup/lyrics/2026-03-14_ceb76bb6_untitled.txt
sanaatana-vedic-frequency	Sanaatana Vedic Frequency	2a0e9125-5a5d-4c09-a4e9-c2554b3dbd7e	सुनो र मेरी शान फौजी	Sanskrit	sanaatana-vaigyaniq	Sanatan & Vedic	cover-local	lyrics-ready	62	_radio_index/suno_backup/lyrics/2026-03-13_2a0e9125_untitled.txt
sanaatana-vedic-frequency	Sanaatana Vedic Frequency	984da1fd-8ce8-4e3a-953a-94ebfd0fae42	लौट के आ रे श्याम सलोना	Sanskrit	sanaatana-vaigyaniq	Sanatan & Vedic	cover-local	lyrics-ready	48	_radio_index/suno_backup/lyrics/2026-03-13_984da1fd_untitled.txt
sanaatana-vedic-frequency	Sanaatana Vedic Frequency	f770f15f-5b74-4116-991f-95e607edeadf	(untitled)	English	sanaatana-vaigyaniq	Sanatan & Vedic	cover-local	lyrics-ready	48	_radio_index/suno_backup/lyrics/2026-03-13_f770f15f_untitled.txt
sanaatana-vedic-frequency	Sanaatana Vedic Frequency	fd028fa8-b2c3-4b4c-9be6-18aa0f01f0a6	Syntyi aurinko	English	sanaatana-vaigyaniq	Sanatan & Vedic	cover-local	lyrics-ready	91	_radio_index/suno_backup/lyrics/2026-03-13_fd028fa8_untitled.txt
sanaatana-vedic-frequency	Sanaatana Vedic Frequency	78a88e07-df27-4c02-b739-c36f5768ab2a	Universal Vedic Cosmic Connect	English	sanaatana-vaigyaniq	Sanatan & Vedic	cover-local	lyrics-ready	91	_radio_index/suno_backup/lyrics/2026-03-13_78a88e07_Universal Vedic Cosmic Connect.txt
sanaatana-vedic-frequency	Sanaatana Vedic Frequency	996a9054-d146-4a5e-adc4-d15be4f5b9d1	(untitled)	English	sanaatana-vaigyaniq	Sanatan & Vedic	cover-local	lyrics-ready	60	_radio_index/suno_backup/lyrics/2026-03-13_996a9054_untitled.txt
sanaatana-vedic-frequency	Sanaatana Vedic Frequency	234ea386-635d-4c47-901f-8c56d201db27	ॐ हिरण्यगर्भः समवर्तताग्रे	Sanskrit	sanaatana-vaigyaniq	Sanatan & Vedic	cover-local	lyrics-ready	60	_radio_index/suno_backup/lyrics/2026-03-13_234ea386_untitled.txt
sanaatana-vedic-frequency	Sanaatana Vedic Frequency	aec7dc35-1ec0-44a4-bb7d-f79a1e7686ce	(untitled)	English	sanaatana-vaigyaniq	Sanatan & Vedic	cover-local	lyrics-ready	89	_radio_index/suno_backup/lyrics/2026-03-13_aec7dc35_untitled.txt
sanaatana-vedic-frequency	Sanaatana Vedic Frequency	fcc40853-3fac-4ab3-a1a3-b2d506a7f016	खरोष्ठी का तंत्र	Sanskrit	sanaatana-vaigyaniq	Sanatan & Vedic	cover-local	lyrics-ready	89	_radio_index/suno_backup/lyrics/2026-03-13_fcc40853_untitled.txt
sanaatana-vedic-frequency	Sanaatana Vedic Frequency	ddac23b1-dc19-495b-9b9c-d830bec759ad	खरोष्ठी का तंत्र	Sanskrit	sanaatana-vaigyaniq	Sanatan & Vedic	cover-local	lyrics-ready	89	_radio_index/suno_backup/lyrics/2026-03-13_ddac23b1_untitled.txt
sanaatana-vedic-frequency	Sanaatana Vedic Frequency	0ef3ebdb-02ca-487a-9448-4fa7858cc0ce	(untitled)	English	sanaatana-vaigyaniq	Sanatan & Vedic	cover-local	lyrics-ready	89	_radio_index/suno_backup/lyrics/2026-03-13_0ef3ebdb_untitled.txt
sanaatana-vedic-frequency	Sanaatana Vedic Frequency	ffdf9645-e582-468d-af7f-75613fbbb25b	(untitled)	English	sanaatana-vaigyaniq	Sanatan & Vedic	cover-local	lyrics-ready	89	_radio_index/suno_backup/lyrics/2026-03-13_ffdf9645_untitled.txt
sanaatana-vedic-frequency	Sanaatana Vedic Frequency	6d654c1f-fbca-4c85-ad3c-5033c566c156	(untitled)	English	sanaatana-vaigyaniq	Sanatan & Vedic	cover-local	lyrics-ready	89	_radio_index/suno_backup/lyrics/2026-03-13_6d654c1f_untitled.txt
sanaatana-vedic-frequency	Sanaatana Vedic Frequency	93f61d64-57c6-4b30-afcf-5b0bab061bd8	(untitled)	English	sanaatana-vaigyaniq	Sanatan & Vedic	cover-local	lyrics-ready	47	_radio_index/suno_backup/lyrics/2026-03-13_93f61d64_untitled.txt
sanaatana-vedic-frequency	Sanaatana Vedic Frequency	aba5bb64-54f6-4798-8ba8-8bba9a599c53	ॐ नमो भगवते वासुदेवाय	Sanskrit	sanaatana-vaigyaniq	Sanatan & Vedic	cover-local	lyrics-ready	79	_radio_index/suno_backup/lyrics/2026-03-13_aba5bb64_untitled.txt
sanaatana-vedic-frequency	Sanaatana Vedic Frequency	0ea61384-e105-4758-9481-a5ebd3204d19	(untitled)	English	kabir-clubbing	Rap & Fusion	cover-local	lyrics-ready	79	_radio_index/suno_backup/lyrics/2026-03-13_0ea61384_untitled.txt
sanaatana-vedic-frequency	Sanaatana Vedic Frequency	96ab99cb-c3fa-407f-92e0-a01aca8ea61a	(untitled)	English	sanaatana-vaigyaniq	Sanatan & Vedic	cover-local	lyrics-ready	47	_radio_index/suno_backup/lyrics/2026-03-13_96ab99cb_untitled.txt
sanaatana-vedic-frequency	Sanaatana Vedic Frequency	ab212f3f-c109-44ae-9b52-d915ac62f436	(untitled)	English	sanaatana-vaigyaniq	Sanatan & Vedic	cover-local	lyrics-ready	47	_radio_index/suno_backup/lyrics/2026-03-13_ab212f3f_untitled.txt
sanaatana-vedic-frequency	Sanaatana Vedic Frequency	8b1a651b-bad0-4fab-99e7-00b34ab4d128	फ़िक्सिट फ़िक्सिट फ़िक्सिट	Sanskrit	sanaatana-vaigyaniq	Sanatan & Vedic	cover-local	lyrics-ready	47	_radio_index/suno_backup/lyrics/2026-03-13_8b1a651b_untitled.txt
sanaatana-vedic-frequency	Sanaatana Vedic Frequency	5eb33a33-5e7a-423c-bb04-6dd4e31455ce	अटल है ध्रुव	Sanskrit	sanaatana-vaigyaniq	Sanatan & Vedic	cover-local	lyrics-ready	43	_radio_index/suno_backup/lyrics/2026-03-13_5eb33a33_untitled.txt
sanaatana-vedic-frequency	Sanaatana Vedic Frequency	2c95a655-1853-4020-a611-bc4e844aaee0	ॐ नमो भगवते वासुदेवाय	Sanskrit	sanaatana-vaigyaniq	Sanatan & Vedic	cover-local	lyrics-ready	85	_radio_index/suno_backup/lyrics/2026-03-13_2c95a655_untitled.txt
sanaatana-vedic-frequency	Sanaatana Vedic Frequency	cd0bf69c-c712-497a-a324-4f5ca98fe911	(untitled)	English	sanaatana-vaigyaniq	Sanatan & Vedic	cover-local	lyrics-ready	43	_radio_index/suno_backup/lyrics/2026-03-13_cd0bf69c_untitled.txt
sanaatana-vedic-frequency	Sanaatana Vedic Frequency	3c9729ee-8720-460f-8d5a-b37b5b52d274	(untitled)	English	kabir-clubbing	Rap & Fusion	cover-local	lyrics-ready	85	_radio_index/suno_backup/lyrics/2026-03-13_3c9729ee_untitled.txt
sanaatana-vedic-frequency	Sanaatana Vedic Frequency	44d6eaee-1e67-4eaf-af1a-1b53349e55f1	(untitled)	English	sanaatana-vaigyaniq	Sanatan & Vedic	cover-local	lyrics-ready	124	_radio_index/suno_backup/lyrics/2026-03-13_44d6eaee_untitled.txt
sanaatana-vedic-frequency	Sanaatana Vedic Frequency	b854fd41-d448-436a-9e15-3727d2099aa7	उत्तिष्ठत जाग्रत	Sanskrit	sanaatana-vaigyaniq	Sanatan & Vedic	cover-local	lyrics-ready	124	_radio_index/suno_backup/lyrics/2026-03-13_b854fd41_untitled.txt
sanaatana-vedic-frequency	Sanaatana Vedic Frequency	bfa3c452-eab1-44c3-9c0a-869f6c15bc26	यही भारत की पहचान।	Sanskrit	sanaatana-vaigyaniq	Sanatan & Vedic	cover-local	lyrics-ready	84	_radio_index/suno_backup/lyrics/2026-03-13_bfa3c452_untitled.txt
sanaatana-vedic-frequency	Sanaatana Vedic Frequency	0feb7548-012f-4367-8ed6-f47fba0f6ae2	(untitled)	English	sanaatana-vaigyaniq	Sanatan & Vedic	cover-local	lyrics-ready	70	_radio_index/suno_backup/lyrics/2026-03-12_0feb7548_untitled.txt
sanaatana-vedic-frequency	Sanaatana Vedic Frequency	da000daa-342d-4df9-89ab-8523bb3b5320	खोल अकल के ढक्कन	Sanskrit	sanaatana-vaigyaniq	Sanatan & Vedic	cover-local	lyrics-ready	88	_radio_index/suno_backup/lyrics/2026-03-12_da000daa_untitled.txt
sanaatana-vedic-frequency	Sanaatana Vedic Frequency	8860015e-eb23-42e2-aaee-c4f0344caf19	(untitled)	English	sanaatana-vaigyaniq	Sanatan & Vedic	cover-local	lyrics-ready	88	_radio_index/suno_backup/lyrics/2026-03-12_8860015e_untitled.txt
sanaatana-vedic-frequency	Sanaatana Vedic Frequency	d15ffb48-0e22-4344-96a5-13c18cb5a67f	खोल अकल के ढक्कन	Sanskrit	sanaatana-vaigyaniq	Sanatan & Vedic	cover-local	lyrics-ready	70	_radio_index/suno_backup/lyrics/2026-03-12_d15ffb48_untitled.txt
sanaatana-vedic-frequency	Sanaatana Vedic Frequency	e521f486-dc2d-450c-ad6b-6dc60c076e3b	आज की बात सुनो रे भाई	Sanskrit	sanaatana-vaigyaniq	Sanatan & Vedic	cover-local	lyrics-ready	83	_radio_index/suno_backup/lyrics/2026-03-12_e521f486_untitled.txt
sanaatana-vedic-frequency	Sanaatana Vedic Frequency	9ed3d7a1-f789-4aed-8f87-c21c9ae61bf6	खोल अकल के ढक्कन	Sanskrit	sanaatana-vaigyaniq	Sanatan & Vedic	cover-local	lyrics-ready	70	_radio_index/suno_backup/lyrics/2026-03-12_9ed3d7a1_untitled.txt
sanaatana-vedic-frequency	Sanaatana Vedic Frequency	d10508db-bd53-40ce-a03c-92f1791b1278	(untitled)	English	sanaatana-vaigyaniq	Sanatan & Vedic	cover-local	lyrics-ready	70	_radio_index/suno_backup/lyrics/2026-03-12_d10508db_untitled.txt
sanaatana-vedic-frequency	Sanaatana Vedic Frequency	b30f1dc1-1d59-41dd-af90-dedba164ed3f	【प्रस्तावना – ब्रह्मांड का मंच】	Sanskrit	sanaatana-vaigyaniq	Sanatan & Vedic	cover-local	lyrics-ready	101	_radio_index/suno_backup/lyrics/2026-03-12_b30f1dc1_untitled.txt
sanaatana-vedic-frequency	Sanaatana Vedic Frequency	33ebe00e-d888-4500-be76-653588dca063	【प्रस्तावना – ब्रह्मांड का मंच】	Sanskrit	sanaatana-vaigyaniq	Sanatan & Vedic	cover-local	lyrics-ready	113	_radio_index/suno_backup/lyrics/2026-03-12_33ebe00e_untitled.txt
sanaatana-vedic-frequency	Sanaatana Vedic Frequency	c76edf13-95b3-42c3-b51e-44b0d31a10dc	(untitled)	English	sanaatana-vaigyaniq	Sanatan & Vedic	cover-local	lyrics-ready	101	_radio_index/suno_backup/lyrics/2026-03-12_c76edf13_untitled.txt
sanaatana-vedic-frequency	Sanaatana Vedic Frequency	2c90ee6b-74e3-4d2e-9843-9b5fb835b297	(untitled)	English	sanaatana-vaigyaniq	Sanatan & Vedic	cover-local	lyrics-ready	113	_radio_index/suno_backup/lyrics/2026-03-12_2c90ee6b_untitled.txt
sanaatana-vedic-frequency	Sanaatana Vedic Frequency	42598efd-76d4-4683-87c1-176aa832b4ba	(untitled)	English	sanaatana-vaigyaniq	Sanatan & Vedic	cover-local	lyrics-ready	125	_radio_index/suno_backup/lyrics/2026-03-12_42598efd_untitled.txt
sanaatana-vedic-frequency	Sanaatana Vedic Frequency	bb7e2b90-d7ca-49b6-9135-fe4251447df2	【प्रस्तावना – ब्रह्मांड का मंच】	Sanskrit	sanaatana-vaigyaniq	Sanatan & Vedic	cover-local	lyrics-ready	125	_radio_index/suno_backup/lyrics/2026-03-12_bb7e2b90_untitled.txt
sanaatana-vedic-frequency	Sanaatana Vedic Frequency	e569c9e8-b660-4a47-83ea-2a36219c3cbd	[Intro – Cosmic Awakening】	English	sanaatana-vaigyaniq	Sanatan & Vedic	cover-local	lyrics-ready	95	_radio_index/suno_backup/lyrics/2026-03-12_e569c9e8_untitled.txt
sanaatana-vedic-frequency	Sanaatana Vedic Frequency	915943e4-087a-4961-9b3c-e24b00c223b8	(untitled)	English	kabir-clubbing	Rap & Fusion	cover-local	lyrics-ready	95	_radio_index/suno_backup/lyrics/2026-03-12_915943e4_untitled.txt
sanaatana-vedic-frequency	Sanaatana Vedic Frequency	ab674c75-8585-4fd0-89ae-715906b3f772	Cosmic Awakening】	English	sanaatana-vaigyaniq	Sanatan & Vedic	cover-local	lyrics-ready	96	_radio_index/suno_backup/lyrics/2026-03-12_ab674c75_untitled.txt
sanaatana-vedic-frequency	Sanaatana Vedic Frequency	a27569a5-0751-4d15-842c-63a1adffb59c	जाग ओ धरती के वंशज	Sanskrit	sanaatana-vaigyaniq	Sanatan & Vedic	cover-local	lyrics-ready	98	_radio_index/suno_backup/lyrics/2026-03-12_a27569a5_untitled.txt
sanaatana-vedic-frequency	Sanaatana Vedic Frequency	2b8896a5-71c2-4521-b7e8-8a07648444d3	(untitled)	English	kabir-clubbing	Rap & Fusion	cover-local	lyrics-ready	96	_radio_index/suno_backup/lyrics/2026-03-12_2b8896a5_untitled.txt
sanaatana-vedic-frequency	Sanaatana Vedic Frequency	5b8abaaa-7c56-450e-acfc-00b012e50990	Frère Jacques	English	sanaatana-vaigyaniq	Sanatan & Vedic	cover-local	lyrics-ready	61	_radio_index/suno_backup/lyrics/2026-03-12_5b8abaaa_untitled.txt
sanaatana-vedic-frequency	Sanaatana Vedic Frequency	a93223c5-90c5-469e-aa1d-602c99611cf7	Frère Jacques	English	sanaatana-vaigyaniq	Sanatan & Vedic	cover-local	lyrics-ready	66	_radio_index/suno_backup/lyrics/2026-03-12_a93223c5_untitled.txt
sanaatana-vedic-frequency	Sanaatana Vedic Frequency	f4ffd57d-7c3c-440f-814c-1f4307fefb61	(untitled)	English	sanaatana-vaigyaniq	Sanatan & Vedic	cover-local	lyrics-ready	78	_radio_index/suno_backup/lyrics/2026-03-12_f4ffd57d_untitled.txt
sanaatana-vedic-frequency	Sanaatana Vedic Frequency	7153c43c-d1d0-4621-8af5-edb81572ef1b	(untitled)	English	sanaatana-vaigyaniq	Sanatan & Vedic	cover-local	lyrics-ready	78	_radio_index/suno_backup/lyrics/2026-03-12_7153c43c_untitled.txt
sanaatana-vedic-frequency	Sanaatana Vedic Frequency	298d61be-50b0-46d5-b063-082b1afd7c3a	(untitled)	English	sanaatana-vaigyaniq	Sanatan & Vedic	cover-local	lyrics-ready	78	_radio_index/suno_backup/lyrics/2026-03-12_298d61be_untitled.txt
sanaatana-vedic-frequency	Sanaatana Vedic Frequency	0dfca798-d9bf-41eb-ad1b-fea2ddd3e6fb	(untitled)	English	sanaatana-vaigyaniq	Sanatan & Vedic	cover-local	lyrics-ready	78	_radio_index/suno_backup/lyrics/2026-03-12_0dfca798_untitled.txt
sanaatana-vedic-frequency	Sanaatana Vedic Frequency	108c7fe6-6dd1-4e66-92d8-25403bb67a40	सात-ति चोरे दूँड़ बाये	Sanskrit	sanaatana-vaigyaniq	Sanatan & Vedic	cover-local	lyrics-ready	78	_radio_index/suno_backup/lyrics/2026-03-12_108c7fe6_untitled.txt
sanaatana-vedic-frequency	Sanaatana Vedic Frequency	222f41c8-19ab-42d9-b87c-ca9c4c818caa	खोकन खोकन कोरे माय	Sanskrit	sanaatana-vaigyaniq	Sanatan & Vedic	cover-local	lyrics-ready	78	_radio_index/suno_backup/lyrics/2026-03-12_222f41c8_untitled.txt
sanaatana-vedic-frequency	Sanaatana Vedic Frequency	431ccd3f-faa0-48e0-9e03-34be24b470aa	खोकन खोकन कोरे माय	Sanskrit	sanaatana-vaigyaniq	Sanatan & Vedic	cover-local	lyrics-ready	79	_radio_index/suno_backup/lyrics/2026-03-12_431ccd3f_untitled.txt
sanaatana-vedic-frequency	Sanaatana Vedic Frequency	94ff85f6-fcbf-4004-a7df-5a2b9b6d95eb	(untitled)	English	sanaatana-vaigyaniq	Sanatan & Vedic	cover-local	lyrics-ready	79	_radio_index/suno_backup/lyrics/2026-03-12_94ff85f6_untitled.txt
sanaatana-vedic-frequency	Sanaatana Vedic Frequency	df23e9c7-8898-438c-92a6-49d15136beca	सत्य सनातन वैज्ञानिक का ज्ञान	Sanskrit	sanaatana-vaigyaniq	Sanatan & Vedic	cover-local	lyrics-ready	69	_radio_index/suno_backup/lyrics/2026-03-12_df23e9c7_untitled.txt
sanaatana-vedic-frequency	Sanaatana Vedic Frequency	b3268cd7-82f5-4cbe-97e3-68d735616d14	सत्य सनातन वैज्ञानिक का ज्ञान	Sanskrit	sanaatana-vaigyaniq	Sanatan & Vedic	cover-local	lyrics-ready	70	_radio_index/suno_backup/lyrics/2026-03-12_b3268cd7_untitled.txt
sanaatana-vedic-frequency	Sanaatana Vedic Frequency	e11f34b8-6597-49cb-b8ab-c265596a828d	सत्य सनातन वैज्ञानिक का ज्ञान	Sanskrit	sanaatana-vaigyaniq	Sanatan & Vedic	cover-local	lyrics-ready	69	_radio_index/suno_backup/lyrics/2026-03-12_e11f34b8_untitled.txt
sanaatana-vedic-frequency	Sanaatana Vedic Frequency	5da37790-97be-4139-ab9a-d1a6c5dd24c0	सत्य सनातन वैज्ञानिक का है ज्ञान	Sanskrit	sanaatana-vaigyaniq	Sanatan & Vedic	cover-local	lyrics-ready	69	_radio_index/suno_backup/lyrics/2026-03-12_5da37790_untitled.txt
sanaatana-vedic-frequency	Sanaatana Vedic Frequency	da37bf5f-f038-4cf4-a836-c5d2c6c74a9c	सत्य सनातन का है ज्ञान	Sanskrit	sanaatana-vaigyaniq	Sanatan & Vedic	cover-local	lyrics-ready	68	_radio_index/suno_backup/lyrics/2026-03-12_da37bf5f_untitled.txt
sanaatana-vedic-frequency	Sanaatana Vedic Frequency	471fdd7d-17b3-4d7b-a282-303be24251d5	सत्य सनातन का है ज्ञान	Sanskrit	sanaatana-vaigyaniq	Sanatan & Vedic	cover-local	lyrics-ready	61	_radio_index/suno_backup/lyrics/2026-03-12_471fdd7d_untitled.txt
sanaatana-vedic-frequency	Sanaatana Vedic Frequency	7140414f-9a6d-4f4c-a9e6-ebaf4c61009e	सत्य सनातन का है ज्ञान	Sanskrit	sanaatana-vaigyaniq	Sanatan & Vedic	cover-local	lyrics-ready	57	_radio_index/suno_backup/lyrics/2026-03-12_7140414f_untitled.txt
sanaatana-vedic-frequency	Sanaatana Vedic Frequency	668f75f1-428a-476d-9bed-614ad964053e	सत्य सनातन का है ज्ञान	Sanskrit	sanaatana-vaigyaniq	Sanatan & Vedic	cover-local	lyrics-ready	56	_radio_index/suno_backup/lyrics/2026-03-12_668f75f1_untitled.txt
sanaatana-vedic-frequency	Sanaatana Vedic Frequency	811a9828-7ae3-4fc9-ba2c-9d1c523520c5	सत्य सनातन का है ज्ञान	Sanskrit	sanaatana-vaigyaniq	Sanatan & Vedic	cover-local	lyrics-ready	71	_radio_index/suno_backup/lyrics/2026-03-12_811a9828_untitled.txt
sanaatana-vedic-frequency	Sanaatana Vedic Frequency	4683717a-d5df-4665-836e-b5252b9bb43f	नियमों का हऊआ और सत्य की जड़ें	Sanskrit	sanaatana-vaigyaniq	Sanatan & Vedic	cover-local	lyrics-ready	10	_radio_index/suno_backup/lyrics/2026-03-12_4683717a_untitled.txt
sanaatana-vedic-frequency	Sanaatana Vedic Frequency	0137e680-bb96-4a04-9603-b48b321e35e1	मात-पिता का मान रखो	Sanskrit	sanaatana-vaigyaniq	Sanatan & Vedic	cover-local	lyrics-ready	52	_radio_index/suno_backup/lyrics/2026-03-12_0137e680_untitled.txt
sanaatana-vedic-frequency	Sanaatana Vedic Frequency	a986c2c7-138a-4786-8d1f-79fa9f4a8d8d	सत्य सनातन का है ज्ञान	Sanskrit	sanaatana-vaigyaniq	Sanatan & Vedic	cover-local	lyrics-ready	16	_radio_index/suno_backup/lyrics/2026-03-12_a986c2c7_untitled.txt
sanaatana-vedic-frequency	Sanaatana Vedic Frequency	99753716-34be-4a43-80b6-7c8bf416bb3e	(untitled)	English	sanaatana-vaigyaniq	Sanatan & Vedic	cover-local	lyrics-ready	96	_radio_index/suno_backup/lyrics/2026-03-12_99753716_untitled.txt
sanaatana-vedic-frequency	Sanaatana Vedic Frequency	ad5b8312-e863-4629-adf2-a05966aee8a3	Force equals	English	sanaatana-vaigyaniq	Sanatan & Vedic	cover-local	lyrics-ready	96	_radio_index/suno_backup/lyrics/2026-03-12_ad5b8312_untitled.txt
sanaatana-vedic-frequency	Sanaatana Vedic Frequency	643bbbac-2567-4efb-9f3a-50ac19ce3cd3	(untitled)	English	sanaatana-vaigyaniq	Sanatan & Vedic	cover-local	lyrics-ready	70	_radio_index/suno_backup/lyrics/2026-03-12_643bbbac_untitled.txt
sanaatana-vedic-frequency	Sanaatana Vedic Frequency	79c218fd-2902-4029-acdf-6a572e2d09a0	ॐ नादब्रह्माय नमः	Sanskrit	sanaatana-vaigyaniq	Sanatan & Vedic	cover-local	lyrics-ready	70	_radio_index/suno_backup/lyrics/2026-03-12_79c218fd_untitled.txt
sanaatana-vedic-frequency	Sanaatana Vedic Frequency	5e5636bf-1737-4f24-b7f7-cef44e0f22fe	(untitled)	English	sanaatana-vaigyaniq	Sanatan & Vedic	cover-local	lyrics-ready	86	_radio_index/suno_backup/lyrics/2026-03-12_5e5636bf_untitled.txt
sanaatana-vedic-frequency	Sanaatana Vedic Frequency	c25688a0-b774-48e2-8998-c9783f0d195f	Siddhaṃ + Sanskrit Chant	English	sanaatana-vaigyaniq	Sanatan & Vedic	cover-local	lyrics-ready	86	_radio_index/suno_backup/lyrics/2026-03-12_c25688a0_untitled.txt
sanaatana-vedic-frequency	Sanaatana Vedic Frequency	11b2b802-1595-456f-899e-cc1e79f05185	ॐ नादब्रह्माय नमः	Sanskrit	sanaatana-vaigyaniq	Sanatan & Vedic	cover-local	lyrics-ready	79	_radio_index/suno_backup/lyrics/2026-03-12_11b2b802_untitled.txt
sanaatana-vedic-frequency	Sanaatana Vedic Frequency	f19142fa-b005-4281-857e-bae5435451ca	(untitled)	English	sanaatana-vaigyaniq	Sanatan & Vedic	cover-local	lyrics-ready	79	_radio_index/suno_backup/lyrics/2026-03-12_f19142fa_untitled.txt
sanaatana-vedic-frequency	Sanaatana Vedic Frequency	7837396f-b847-4359-b544-5774ac2f5daa	Cosmic Chant	English	sanaatana-vaigyaniq	Sanatan & Vedic	cover-local	lyrics-ready	85	_radio_index/suno_backup/lyrics/2026-03-12_7837396f_untitled.txt
sanaatana-vedic-frequency	Sanaatana Vedic Frequency	e6510e78-0f69-43f6-9923-8163b91fc272	(untitled)	English	sanaatana-vaigyaniq	Sanatan & Vedic	cover-local	lyrics-ready	85	_radio_index/suno_backup/lyrics/2026-03-12_e6510e78_untitled.txt
sanaatana-vedic-frequency	Sanaatana Vedic Frequency	0e0098d4-f9c4-4d28-b3f0-20f38ba73e36	(untitled)	English	sanaatana-vaigyaniq	Sanatan & Vedic	cover-local	lyrics-ready	42	_radio_index/suno_backup/lyrics/2026-03-12_0e0098d4_untitled.txt
sanaatana-vedic-frequency	Sanaatana Vedic Frequency	f5bedf87-fc25-478b-94ad-3e18b12e6ba2	आयी आयी आयी	Sanskrit	sanaatana-vaigyaniq	Sanatan & Vedic	cover-local	lyrics-ready	42	_radio_index/suno_backup/lyrics/2026-03-12_f5bedf87_untitled.txt
sanaatana-vedic-frequency	Sanaatana Vedic Frequency	8637c70f-2e69-4d3c-8902-20a2dbdbf3a3	(untitled)	English	sanaatana-vaigyaniq	Sanatan & Vedic	cover-local	lyrics-ready	40	_radio_index/suno_backup/lyrics/2026-03-12_8637c70f_untitled.txt
sanaatana-vedic-frequency	Sanaatana Vedic Frequency	0d3d2d6f-939b-4d8a-bf49-2b1e080d944e	Replace 01:09-01:09 (06:30 AM Mar 12)	English	sanaatana-vaigyaniq	Sanatan & Vedic	cover-local	lyrics-ready	49	_radio_index/suno_backup/lyrics/2026-03-12_0d3d2d6f_Replace 01_09-01_09 (06_30 AM Mar 12).txt
sanaatana-vedic-frequency	Sanaatana Vedic Frequency	cf70934b-58c5-4191-91e7-de0bd63362c4	उसका कौन कफ़न करो	Sanskrit	sanaatana-vaigyaniq	Sanatan & Vedic	cover-local	lyrics-ready	49	_radio_index/suno_backup/lyrics/2026-03-12_cf70934b_Replace 01_09-01_09 (06_30 AM Mar 12).txt
sanaatana-vedic-frequency	Sanaatana Vedic Frequency	b876868f-7ad9-437c-8a9a-985c1e15869d	ॐ नाद ब्रह्माय नमः	Sanskrit	sanaatana-vaigyaniq	Sanatan & Vedic	cover-local	lyrics-ready	115	_radio_index/suno_backup/lyrics/2026-03-11_b876868f_ॐ नाद ब्रह्माय नमः.txt
sanaatana-vedic-frequency	Sanaatana Vedic Frequency	b4587005-bec9-4fd3-be9a-f8a9704d9c09	ॐ नाद ब्रह्माय नमः	Sanskrit	sanaatana-vaigyaniq	Sanatan & Vedic	cover-local	lyrics-ready	74	_radio_index/suno_backup/lyrics/2026-03-11_b4587005_ॐ नाद ब्रह्माय नमः.txt
sanaatana-vedic-frequency	Sanaatana Vedic Frequency	32f65fcc-9867-4491-9f3f-f79076b657df	आयी आयी आयी	Sanskrit	sanaatana-vaigyaniq	Sanatan & Vedic	cover-local	lyrics-ready	115	_radio_index/suno_backup/lyrics/2026-03-11_32f65fcc_ॐ नाद ब्रह्माय नमः.txt
sanaatana-vedic-frequency	Sanaatana Vedic Frequency	d9cce68e-a94b-4ad4-baaa-f327f7b3b857	“न मा	Sanskrit	sanaatana-vaigyaniq	Sanatan & Vedic	cover-local	lyrics-ready	28	_radio_index/suno_backup/lyrics/2026-03-11_d9cce68e_ॐ नाद ब्रह्माय नमः.txt
sanaatana-vedic-frequency	Sanaatana Vedic Frequency	a4e0a7f3-9d30-4d38-917f-7152d7ab7cbb	ॐ नाद ब्रह्माय नमः	Sanskrit	sanaatana-vaigyaniq	Sanatan & Vedic	cover-local	lyrics-ready	28	_radio_index/suno_backup/lyrics/2026-03-11_a4e0a7f3_ॐ नाद ब्रह्माय नमः.txt
sanaatana-vedic-frequency	Sanaatana Vedic Frequency	1daf1c07-046b-424d-8daa-53684e2182dd	शब्दों का खेल है	Sanskrit	sanaatana-vaigyaniq	Sanatan & Vedic	cover-local	lyrics-ready	74	_radio_index/suno_backup/lyrics/2026-03-11_1daf1c07_ॐ नाद ब्रह्माय नमः.txt
sanaatana-vedic-frequency	Sanaatana Vedic Frequency	506a890d-db34-4aca-a456-9943e1467713	संस्कृत देव	Sanskrit	sanaatana-vaigyaniq	Sanatan & Vedic	cover-local	lyrics-ready	36	_radio_index/suno_backup/lyrics/2026-03-11_506a890d_ॐ नाद ब्रह्माय नमः.txt
sanaatana-vedic-frequency	Sanaatana Vedic Frequency	5f3c39b1-4e21-4da6-8fec-d0305d37cfd8	ॐ नाद ब्रह्माय नमः	Sanskrit	sanaatana-vaigyaniq	Sanatan & Vedic	cover-local	lyrics-ready	36	_radio_index/suno_backup/lyrics/2026-03-11_5f3c39b1_ॐ नाद ब्रह्माय नमः.txt
sanaatana-vedic-frequency	Sanaatana Vedic Frequency	3dea2c46-9d5a-402e-9058-77e26312bb54	(untitled)	English	sanaatana-vaigyaniq	Sanatan & Vedic	cover-local	lyrics-ready	76	_radio_index/suno_backup/lyrics/2026-03-11_3dea2c46_untitled.txt
sanaatana-vedic-frequency	Sanaatana Vedic Frequency	bc3038d3-816b-4879-aa78-6815db0853df	शब्दों का खेल है	Sanskrit	sanaatana-vaigyaniq	Sanatan & Vedic	cover-local	lyrics-ready	76	_radio_index/suno_backup/lyrics/2026-03-11_bc3038d3_untitled.txt
sanaatana-vedic-frequency	Sanaatana Vedic Frequency	3741f8d9-ee63-459b-8ebe-01454f706d38	(untitled)	English	sanaatana-vaigyaniq	Sanatan & Vedic	cover-local	lyrics-null	0	_radio_index/suno_backup/lyrics/3741f8d9-ee63-459b-8ebe-01454f706d38.txt
sanaatana-vedic-frequency	Sanaatana Vedic Frequency	5d0161fa-6647-4a40-be7e-121a88d2b2a3	शब्दों का खेल है	Sanskrit	sanaatana-vaigyaniq	Sanatan & Vedic	cover-local	lyrics-ready	51	_radio_index/suno_backup/lyrics/2026-03-11_5d0161fa_untitled.txt
sanaatana-vedic-frequency	Sanaatana Vedic Frequency	fabdd7cf-3445-4b3f-8bd3-d5df256ebc2b	आयी आयी आयी	Sanskrit	sanaatana-vaigyaniq	Sanatan & Vedic	cover-local	lyrics-ready	51	_radio_index/suno_backup/lyrics/2026-03-11_fabdd7cf_untitled.txt
sanaatana-vedic-frequency	Sanaatana Vedic Frequency	25982a1c-a0b7-4bdc-9d4c-c685bb4d58d2	(untitled)	English	sanaatana-vaigyaniq	Sanatan & Vedic	cover-local	lyrics-ready	60	_radio_index/suno_backup/lyrics/2026-03-11_25982a1c_untitled.txt
sanaatana-vedic-frequency	Sanaatana Vedic Frequency	b7c30d72-6ce4-4dcf-a098-a08b77b3c805	(untitled)	English	sanaatana-vaigyaniq	Sanatan & Vedic	cover-local	lyrics-null	0	_radio_index/suno_backup/lyrics/b7c30d72-6ce4-4dcf-a098-a08b77b3c805.txt
sanaatana-vedic-frequency	Sanaatana Vedic Frequency	17d23524-7ba8-4e59-a60c-3536c34d0a1b	भर्गो देवस्य धीमहि	Sanskrit	sanaatana-vaigyaniq	Sanatan & Vedic	cover-local	lyrics-ready	60	_radio_index/suno_backup/lyrics/2026-03-11_17d23524_untitled.txt
sanaatana-vedic-frequency	Sanaatana Vedic Frequency	a4e69def-6d0d-4f12-8718-029de266a4a2	भर्गो देवस्य धीमहि	Sanskrit	sanaatana-vaigyaniq	Sanatan & Vedic	cover-local	lyrics-ready	73	_radio_index/suno_backup/lyrics/2026-03-11_a4e69def_untitled.txt
sanaatana-vedic-frequency	Sanaatana Vedic Frequency	319ac1b1-c380-4dbf-a2d5-8b7855354317	ईश्वर अल्ला दो थे भाई	Sanskrit	sanaatana-vaigyaniq	Sanatan & Vedic	cover-local	lyrics-ready	44	_radio_index/suno_backup/lyrics/2026-03-11_319ac1b1_muniya.txt
sanaatana-vedic-frequency	Sanaatana Vedic Frequency	77d02fc3-250d-47bd-bcf8-80f45421948d	ॐ अग्ने सत्यदीपाय नमः	Sanskrit	sanaatana-vaigyaniq	Sanatan & Vedic	cover-local	lyrics-ready	51	_radio_index/suno_backup/lyrics/2026-03-11_77d02fc3_muniya.txt
sanaatana-vedic-frequency	Sanaatana Vedic Frequency	73ebc666-cec7-4c6b-a855-1de4b0db7dc4	Mantra Invocation	English	sanaatana-vaigyaniq	Sanatan & Vedic	cover-local	lyrics-ready	57	_radio_index/suno_backup/lyrics/2026-03-11_73ebc666_muniya.txt
sanaatana-vedic-frequency	Sanaatana Vedic Frequency	fc2e9468-9cb2-4110-8a81-60b45d7424ab	माया का ये जाल है	Sanskrit	sanaatana-vaigyaniq	Sanatan & Vedic	cover-local	lyrics-ready	48	_radio_index/suno_backup/lyrics/2026-03-11_fc2e9468_red compare.txt
sanaatana-vedic-frequency	Sanaatana Vedic Frequency	79b04114-d41e-4c68-9933-4e9a7845ff81	red compare	English	sanaatana-vaigyaniq	Sanatan & Vedic	cover-local	lyrics-ready	56	_radio_index/suno_backup/lyrics/2026-03-11_79b04114_red compare.txt
sanaatana-vedic-frequency	Sanaatana Vedic Frequency	9e52df79-607c-4e64-9b32-89b97c3e8dc9	तमसो मा ज्योतिर्गमय	Sanskrit	sanaatana-vaigyaniq	Sanatan & Vedic	cover-local	lyrics-ready	56	_radio_index/suno_backup/lyrics/2026-03-11_9e52df79_red compare.txt
sanaatana-vedic-frequency	Sanaatana Vedic Frequency	767143b0-de77-4777-a7b7-1eee32a17256	red compare	English	sanaatana-vaigyaniq	Sanatan & Vedic	cover-local	lyrics-ready	56	_radio_index/suno_backup/lyrics/2026-03-11_767143b0_red compare.txt
sanaatana-vedic-frequency	Sanaatana Vedic Frequency	6adf98e7-94d8-4005-a05b-25fbfda301f0	तमसो मा ज्योतिर्गमय	Sanskrit	sanaatana-vaigyaniq	Sanatan & Vedic	cover-local	lyrics-ready	56	_radio_index/suno_backup/lyrics/2026-03-11_6adf98e7_red compare.txt
sanaatana-vedic-frequency	Sanaatana Vedic Frequency	0ef3d205-739a-4b55-991e-f733b6ea9a29	नासदासीन्नो सदासीत्तदानीं नासीद्रजो नो व्योमापरो	Sanskrit	sanaatana-vaigyaniq	Sanatan & Vedic	cover-local	lyrics-ready	12	_radio_index/suno_backup/lyrics/2026-03-11_0ef3d205_First Comes the Word.txt
sanaatana-vedic-frequency	Sanaatana Vedic Frequency	f15c8e9b-271a-4e48-8fd3-77cedf717209	First Comes the Word	English	sanaatana-vaigyaniq	Sanatan & Vedic	cover-local	lyrics-ready	12	_radio_index/suno_backup/lyrics/2026-03-11_f15c8e9b_First Comes the Word.txt
sanaatana-vedic-frequency	Sanaatana Vedic Frequency	3aee5620-6355-4e7c-8dab-c1e12f9a32dc	सन्दर्भ की परिभाषा	Hindi	sanaatana-vaigyaniq	Classical & Raag	cover-local	lyrics-ready	77	_radio_index/suno_backup/lyrics/2026-03-10_3aee5620_सन्दर्भ की परिभाषा.txt
sanaatana-vedic-frequency	Sanaatana Vedic Frequency	933572dc-5bc2-4924-9f94-ea6aa0e873c8	🌌 १. सृष्टि से पहले	Sanskrit	sanaatana-vaigyaniq	Sanatan & Vedic	cover-local	lyrics-ready	77	_radio_index/suno_backup/lyrics/2026-03-10_933572dc_सन्दर्भ की परिभाषा.txt
sanaatana-vedic-frequency	Sanaatana Vedic Frequency	496810df-e327-42bc-bf1e-1ae6d9f62ca4	सन्दर्भ की परिभाषा	Hindi	sanaatana-vaigyaniq	Classical & Raag	cover-local	lyrics-ready	101	_radio_index/suno_backup/lyrics/2026-03-10_496810df_सन्दर्भ की परिभाषा.txt
sanaatana-vedic-frequency	Sanaatana Vedic Frequency	63dee4cd-523c-47e2-a9bd-925baf55aa2d	संस्कृत	Sanskrit	sanaatana-vaigyaniq	Sanatan & Vedic	cover-local	lyrics-ready	101	_radio_index/suno_backup/lyrics/2026-03-10_63dee4cd_सन्दर्भ की परिभाषा.txt
sanaatana-vedic-frequency	Sanaatana Vedic Frequency	10e904b9-006d-4a2f-989d-9d613a84c9d1	सन्दर्भ की परिभाषा	Sanskrit	sanaatana-vaigyaniq	Sanatan & Vedic	cover-local	lyrics-ready	1	_radio_index/suno_backup/lyrics/2026-03-10_10e904b9_सन्दर्भ की परिभाषा.txt
sanaatana-vedic-frequency	Sanaatana Vedic Frequency	423f80fa-88d7-4cf4-b06d-c284d9d11d66	सन्दर्भ की परिभाषा	Hindi	sanaatana-vaigyaniq	Classical & Raag	cover-local	lyrics-ready	1	_radio_index/suno_backup/lyrics/2026-03-10_423f80fa_सन्दर्भ की परिभाषा.txt
sanaatana-vedic-frequency	Sanaatana Vedic Frequency	8850934b-cdb1-4254-bedf-83595eb359bb	तुम अनंत सनातन हो	Sanskrit	sanaatana-vaigyaniq	Sanatan & Vedic	cover-local	lyrics-ready	48	_radio_index/suno_backup/lyrics/2026-03-10_8850934b_ram ki gilahari.txt
sanaatana-vedic-frequency	Sanaatana Vedic Frequency	48b87be5-26d7-45e7-8598-8bcfc1de303a	ram ki gilahari	English	sanaatana-vaigyaniq	Sanatan & Vedic	cover-local	lyrics-ready	48	_radio_index/suno_backup/lyrics/2026-03-10_48b87be5_ram ki gilahari.txt
sanaatana-vedic-frequency	Sanaatana Vedic Frequency	b72a5071-8cf9-4efd-9204-269cc25de272	ram ki gilahari	English	sanaatana-vaigyaniq	Sanatan & Vedic	cover-local	lyrics-ready	76	_radio_index/suno_backup/lyrics/2026-03-10_b72a5071_ram ki gilahari.txt
sanaatana-vedic-frequency	Sanaatana Vedic Frequency	b34894ee-52e3-4cd4-b4f9-5336056b318b	mahadev	English	gurukul	Other / Misc	cover-local	lyrics-ready	58	_radio_index/suno_backup/lyrics/2026-03-10_b34894ee_mahadev.txt
sanaatana-vedic-frequency	Sanaatana Vedic Frequency	83393fa5-c5e2-48b7-a6b0-09cfa197cc04	mahadev	English	gurukul	Other / Misc	cover-local	lyrics-ready	53	_radio_index/suno_backup/lyrics/2026-03-10_83393fa5_mahadev.txt
sanaatana-vedic-frequency	Sanaatana Vedic Frequency	5cb1b6d1-c87b-4bd1-a81b-6c2531a63320	mahadev	English	kabir-clubbing	Rap & Fusion	cover-local	lyrics-ready	41	_radio_index/suno_backup/lyrics/2026-03-10_5cb1b6d1_mahadev.txt
sanaatana-vedic-frequency	Sanaatana Vedic Frequency	d5b1f403-2b0e-4ea3-a03a-02ebfcaba03f	शिव की पवन जटा में बसता	Sanskrit	sanaatana-vaigyaniq	Sanatan & Vedic	cover-local	lyrics-ready	41	_radio_index/suno_backup/lyrics/2026-03-10_d5b1f403_mahadev.txt
sanaatana-vedic-frequency	Sanaatana Vedic Frequency	d08d5d69-511b-4d16-86f7-9f38fabf7bff	Har har har har har Haryana	English	sanaatana-vaigyaniq	Sanatan & Vedic	cover-local	lyrics-ready	41	_radio_index/suno_backup/lyrics/2026-03-10_d08d5d69_WhatsApp Audio 2026-03-10 at 23.22.50.txt
sanaatana-vedic-frequency	Sanaatana Vedic Frequency	a02e5b7b-4082-4379-8728-b47dd277d6bc	mahadev	English	kabir-clubbing	Rap & Fusion	cover-local	lyrics-ready	44	_radio_index/suno_backup/lyrics/2026-03-10_a02e5b7b_mahadev.txt
sanaatana-vedic-frequency	Sanaatana Vedic Frequency	a1b21d0a-772f-4abb-844b-e635fe83916d	mahadev	English	kabir-clubbing	Rap & Fusion	cover-local	lyrics-ready	44	_radio_index/suno_backup/lyrics/2026-03-10_a1b21d0a_mahadev.txt
sanaatana-vedic-frequency	Sanaatana Vedic Frequency	a19088bc-7520-4b85-95d9-1c3ea882182e	mahadev	English	gurukul	Other / Misc	cover-local	lyrics-ready	44	_radio_index/suno_backup/lyrics/2026-03-10_a19088bc_mahadev.txt
sanaatana-vedic-frequency	Sanaatana Vedic Frequency	26be0fe7-c291-4924-9ac3-2b083d18f6a7	डमड्डमड्डमड्डमन्निनादवड्डमर्वयं	Sanskrit	sanaatana-vaigyaniq	Sanatan & Vedic	cover-local	lyrics-ready	44	_radio_index/suno_backup/lyrics/2026-03-10_26be0fe7_mahadev.txt
sanaatana-vedic-frequency	Sanaatana Vedic Frequency	c60bddff-5831-45b2-aeda-56c210e42bee	भ्रम का जाल ये दुनिया	Sanskrit	sanaatana-vaigyaniq	Sanatan & Vedic	cover-local	lyrics-ready	20	_radio_index/suno_backup/lyrics/2026-03-10_c60bddff_mooshak.txt
hip-hop-drill-rap	Hip-Hop Drill Rap	39c60af7-873d-464c-ab83-86a116aa3a19	ह्-हनु अनुमान	Hindi	kabir-clubbing	Rap & Fusion	cover-local	lyrics-ready	7	_radio_index/suno_backup/lyrics/2026-05-24_39c60af7_ह्-हनु अनुमान.txt
hip-hop-drill-rap	Hip-Hop Drill Rap	0551f9c5-85b2-43c5-a715-b29b3a10df0c	कबीर निर्गुण	Hindi	kabir-clubbing	Bhakti & Katha	cover-local	lyrics-ready	41	_radio_index/suno_backup/lyrics/2026-05-23_0551f9c5_कबीर निर्गुण.txt
hip-hop-drill-rap	Hip-Hop Drill Rap	c7fabad5-bd6d-4a60-b985-ad0aae6819c3	चणक्य चांदी	Hindi	kabir-clubbing	Rap & Fusion	cover-local	lyrics-ready	47	_radio_index/suno_backup/lyrics/2026-05-23_c7fabad5_चणक्य चांदी.txt
hip-hop-drill-rap	Hip-Hop Drill Rap	f9f70b24-e62f-40a2-b42f-f3a0ba272777	संप्रभुता का डंका	Hindi	gurukul	Other / Misc	cover-local	lyrics-ready	41	_radio_index/suno_backup/lyrics/2026-05-23_f9f70b24_संप्रभुता का डंका.txt
hip-hop-drill-rap	Hip-Hop Drill Rap	e1ec848b-c158-4366-ba75-bb0d12943801	चाणक्य सिक्का	Hindi	kabir-clubbing	Rap & Fusion	cover-local	lyrics-ready	20	_radio_index/suno_backup/lyrics/2026-05-23_e1ec848b_चाणक्य सिक्का.txt
hip-hop-drill-rap	Hip-Hop Drill Rap	2b968ed3-b8ee-44e4-ad96-e3da7d583ae0	कौतूहल की दुनिया में लॉजिक अपार है	Hindi	kabir-clubbing	Rap & Fusion	cover-local	lyrics-ready	51	_radio_index/suno_backup/lyrics/2026-05-23_2b968ed3_डिजिटल गुरुकुल.txt
hip-hop-drill-rap	Hip-Hop Drill Rap	da33361a-8617-4815-b444-dd6d95f00bca	डिजिटल गुरुकुल	Hindi	gurukul	Other / Misc	cover-local	lyrics-ready	51	_radio_index/suno_backup/lyrics/2026-05-23_da33361a_डिजिटल गुरुकुल.txt
hip-hop-drill-rap	Hip-Hop Drill Rap	f31751f4-ec55-4c42-a423-07f42895a464	कौतूहल की दुनिया में लॉजिक अपार है	Hindi	kabir-clubbing	Rap & Fusion	cover-local	lyrics-ready	21	_radio_index/suno_backup/lyrics/2026-05-23_f31751f4_लिटमस परिपथ.txt
hip-hop-drill-rap	Hip-Hop Drill Rap	05bb41b7-0a36-4c99-a245-d5d727f902c3	लिटमस परिपथ	Hindi	gurukul	Other / Misc	cover-local	lyrics-ready	21	_radio_index/suno_backup/lyrics/2026-05-23_05bb41b7_लिटमस परिपथ.txt
hip-hop-drill-rap	Hip-Hop Drill Rap	eae4f2af-ad53-414e-b47b-70dcd331427a	चांदी का सिक्का	Hindi	kabir-clubbing	Rap & Fusion	cover-local	lyrics-ready	46	_radio_index/suno_backup/lyrics/2026-05-23_eae4f2af_चांदी का सिक्का.txt
hip-hop-drill-rap	Hip-Hop Drill Rap	ee8190df-8ed5-4fd2-b83e-f6908dad6089	तेईस दशमलव पाँच	Hindi	gurukul	Other / Misc	cover-local	lyrics-ready	48	_radio_index/suno_backup/lyrics/2026-05-23_ee8190df_तेईस दशमलव पाँच.txt
hip-hop-drill-rap	Hip-Hop Drill Rap	1c0f3567-660d-40a2-8672-943688dd3c89	O meri bhaarat maataa	English	kabir-clubbing	Rap & Fusion	cover-local	lyrics-ready	52	_radio_index/suno_backup/lyrics/2026-05-19_1c0f3567_Reversed Sitar Whisper.txt
hip-hop-drill-rap	Hip-Hop Drill Rap	d60bbdd7-852b-4638-9bfc-de2be9c9f0e9	Reversed Sitar Whisper	English	kabir-clubbing	Rap & Fusion	cover-local	lyrics-ready	52	_radio_index/suno_backup/lyrics/2026-05-19_d60bbdd7_Reversed Sitar Whisper.txt
hip-hop-drill-rap	Hip-Hop Drill Rap	b1673a2d-91fa-478f-a3c3-79d253fd7444	परदेसां धड़कन	Hindi	kabir-clubbing	Rap & Fusion	cover-local	lyrics-ready	51	_radio_index/suno_backup/lyrics/2026-05-19_b1673a2d_परदेसां धड़कन.txt
hip-hop-drill-rap	Hip-Hop Drill Rap	6145df1e-62b2-4fd3-a150-ebef60393608	O meri bhaarat maataa	English	kabir-clubbing	Rap & Fusion	cover-local	lyrics-ready	51	_radio_index/suno_backup/lyrics/2026-05-19_6145df1e_परदेसां धड़कन.txt
hip-hop-drill-rap	Hip-Hop Drill Rap	4f82c591-30f7-4369-8544-9c90f7b11d0d	रही धड़क ना सीने में।	Hindi	kabir-clubbing	Rap & Fusion	cover-local	lyrics-ready	48	_radio_index/suno_backup/lyrics/2026-05-19_4f82c591_Distorted Sarangi Wobble.txt
hip-hop-drill-rap	Hip-Hop Drill Rap	60bb8f17-03b5-4159-ab31-2927d80a2629	Distorted Sarangi Wobble	English	kabir-clubbing	Rap & Fusion	cover-local	lyrics-ready	48	_radio_index/suno_backup/lyrics/2026-05-19_60bb8f17_Distorted Sarangi Wobble.txt
hip-hop-drill-rap	Hip-Hop Drill Rap	6657399e-3da3-424d-9965-024cc4786644	Tanpura Rainbird	English	gurukul	Other / Misc	cover-local	lyrics-ready	45	_radio_index/suno_backup/lyrics/2026-05-19_6657399e_Tanpura Rainbird.txt
hip-hop-drill-rap	Hip-Hop Drill Rap	4c151ea0-4e12-4f3c-8767-e25ed0ee02cb	तेरे बिना मैंने परदेसां में	Hindi	kabir-clubbing	Rap & Fusion	cover-local	lyrics-ready	45	_radio_index/suno_backup/lyrics/2026-05-19_4c151ea0_परदेसां कीधूप.txt
hip-hop-drill-rap	Hip-Hop Drill Rap	2f7dc4d3-998d-4f4c-b011-9f88e7a482c1	Tanpura Rainbird	English	gurukul	Other / Misc	cover-local	lyrics-ready	45	_radio_index/suno_backup/lyrics/2026-05-19_2f7dc4d3_Tanpura Rainbird.txt
hip-hop-drill-rap	Hip-Hop Drill Rap	9da0a583-254e-4712-bf3d-e40b49a6856e	परदेसां कीधूप	Hindi	gurukul	Other / Misc	cover-local	lyrics-ready	45	_radio_index/suno_backup/lyrics/2026-05-19_9da0a583_परदेसां कीधूप.txt
hip-hop-drill-rap	Hip-Hop Drill Rap	ee86a23e-0007-4d04-99f8-4b605086de9e	रही धड़क ना सीने में।	Hindi	kabir-clubbing	Rap & Fusion	cover-local	lyrics-ready	44	_radio_index/suno_backup/lyrics/2026-05-19_ee86a23e_Paradesi Wobble.txt
hip-hop-drill-rap	Hip-Hop Drill Rap	cb8ff251-d3a7-4271-a3a0-33969db28cb0	Paradesi Wobble	English	kabir-clubbing	Rap & Fusion	cover-local	lyrics-ready	44	_radio_index/suno_backup/lyrics/2026-05-19_cb8ff251_Paradesi Wobble.txt
hip-hop-drill-rap	Hip-Hop Drill Rap	989e203d-59cf-43b4-b450-bd5f5fdf28a6	ख़्वाब-धागा आधा	Hindi	kabir-clubbing	Rap & Fusion	cover-local	lyrics-ready	49	_radio_index/suno_backup/lyrics/2026-05-15_989e203d_ख़्वाब-धागा आधा.txt
hip-hop-drill-rap	Hip-Hop Drill Rap	081d7d0e-d5f4-455e-9716-46f8bfcd192f	साहब खोज जंग	Hindi	kabir-clubbing	Rap & Fusion	cover-local	lyrics-ready	23	_radio_index/suno_backup/lyrics/2026-05-15_081d7d0e_साहब खोज जंग.txt
hip-hop-drill-rap	Hip-Hop Drill Rap	de8f6167-d436-420a-93af-8127c00e163b	सवा लाख जाट	Hindi	kabir-clubbing	Rap & Fusion	cover-local	lyrics-ready	54	_radio_index/suno_backup/lyrics/2026-05-15_de8f6167_सवा लाख जाट.txt
hip-hop-drill-rap	Hip-Hop Drill Rap	4cf08691-a7ea-40e0-bd21-8b0b272cb3f6	वो है-इसलिए मैं	Hindi	kabir-clubbing	Rap & Fusion	cover-local	lyrics-ready	12	_radio_index/suno_backup/lyrics/2026-05-13_4cf08691_वो है-इसलिए मैं.txt
hip-hop-drill-rap	Hip-Hop Drill Rap	dd450e4b-6a76-42d9-8a70-2e4a0244702d	बोटी-फुर्र अरदास	Hindi	kabir-clubbing	Rap & Fusion	cover-local	lyrics-ready	56	_radio_index/suno_backup/lyrics/2026-05-12_dd450e4b_बोटी-फुर्र अरदास.txt
hip-hop-drill-rap	Hip-Hop Drill Rap	8bcb26e4-6909-4e70-9291-af3e5452bf87	बोटी-फुर्र अरदास	Hindi	kabir-clubbing	Rap & Fusion	cover-local	lyrics-ready	56	_radio_index/suno_backup/lyrics/2026-05-12_8bcb26e4_बोटी-फुर्र अरदास.txt
hip-hop-drill-rap	Hip-Hop Drill Rap	bb4a0cdc-93a8-4846-a9c5-30071f2fcf78	चप्पल-झिड़कियाँ	Hindi	kabir-clubbing	Rap & Fusion	cover-local	lyrics-ready	51	_radio_index/suno_backup/lyrics/2026-05-10_bb4a0cdc_चप्पल-झिड़कियाँ.txt
hip-hop-drill-rap	Hip-Hop Drill Rap	e6e7cdf5-7183-436b-b56a-c8060859c0de	माँ की बेलन-झिड़कियाँ	Hindi	kabir-clubbing	Rap & Fusion	cover-local	lyrics-ready	49	_radio_index/suno_backup/lyrics/2026-05-10_e6e7cdf5_माँ की बेलन-झिड़कियाँ.txt
hip-hop-drill-rap	Hip-Hop Drill Rap	d8e1bbbb-d558-49bb-9961-e2caa023d9aa	बंसीधर मुकुट	Hindi	kabir-clubbing	Rap & Fusion	cover-local	lyrics-ready	43	_radio_index/suno_backup/lyrics/2026-05-10_d8e1bbbb_बंसीधर मुकुट.txt
hip-hop-drill-rap	Hip-Hop Drill Rap	74a54818-5c55-4db4-bc1f-7dfa1e9fce6d	नीऑन लस्का	Hindi	kabir-clubbing	Rap & Fusion	cover-local	lyrics-ready	57	_radio_index/suno_backup/lyrics/2026-05-07_74a54818_नीऑन लस्का.txt
hip-hop-drill-rap	Hip-Hop Drill Rap	b81894bf-4e0b-489f-b54c-a471f30a051a	चस्का फीडबैक	Hindi	kabir-clubbing	Rap & Fusion	cover-local	lyrics-ready	59	_radio_index/suno_backup/lyrics/2026-05-07_b81894bf_चस्का फीडबैक.txt
hip-hop-drill-rap	Hip-Hop Drill Rap	e3e41c8a-d755-4128-b6d7-eb79a61facec	चस्का ढार	Hindi	kabir-clubbing	Rap & Fusion	cover-local	lyrics-ready	59	_radio_index/suno_backup/lyrics/2026-05-06_e3e41c8a_चस्का ढार.txt
hip-hop-drill-rap	Hip-Hop Drill Rap	4417277d-8df9-416a-ac8b-9b68e3cdf5be	चस्का ढार	Hindi	kabir-clubbing	Rap & Fusion	cover-local	lyrics-ready	59	_radio_index/suno_backup/lyrics/2026-05-06_4417277d_चस्का ढार.txt
hip-hop-drill-rap	Hip-Hop Drill Rap	216ca16d-22ff-4a35-959c-89ff65126a95	Chaska Laska	English	kabir-clubbing	Rap & Fusion	cover-local	lyrics-ready	60	_radio_index/suno_backup/lyrics/2026-05-06_216ca16d_Chaska Laska.txt
hip-hop-drill-rap	Hip-Hop Drill Rap	534e2457-1af3-4ffb-92cb-4d53662c9940	बे... थमसी आती है	Hindi	kabir-clubbing	Rap & Fusion	cover-local	lyrics-ready	36	_radio_index/suno_backup/lyrics/2026-04-30_534e2457_बे... थमसी आती है.txt
hip-hop-drill-rap	Hip-Hop Drill Rap	f7390bf3-2335-444e-baed-c5e5cd17cfc1	बे... थमसी आती है	Hindi	kabir-clubbing	Rap & Fusion	cover-local	lyrics-ready	36	_radio_index/suno_backup/lyrics/2026-04-30_f7390bf3_बे... थमसी आती है.txt
hip-hop-drill-rap	Hip-Hop Drill Rap	b621900d-687c-4fdb-8eb9-638c8124b1e4	बे...	Hindi	kabir-clubbing	Rap & Fusion	cover-local	lyrics-ready	36	_radio_index/suno_backup/lyrics/2026-04-30_b621900d_बे....txt
hip-hop-drill-rap	Hip-Hop Drill Rap	decc359e-6a2c-4531-8b3c-f829ac5700be	बे...	Hindi	kabir-clubbing	Rap & Fusion	cover-local	lyrics-ready	36	_radio_index/suno_backup/lyrics/2026-04-30_decc359e_बे....txt
hip-hop-drill-rap	Hip-Hop Drill Rap	ee8a117b-ef9c-4b4e-9cbe-9d314232d018	बेधड़क करीब	Hindi	kabir-clubbing	Rap & Fusion	cover-local	lyrics-ready	36	_radio_index/suno_backup/lyrics/2026-04-30_ee8a117b_बेधड़क करीब.txt
hip-hop-drill-rap	Hip-Hop Drill Rap	6c333810-2183-40c8-91a7-bd198ff98290	इतनी करीब आ जाती है	Hindi	kabir-clubbing	Rap & Fusion	cover-local	lyrics-ready	36	_radio_index/suno_backup/lyrics/2026-04-30_6c333810_बेधड़क करीब.txt
hip-hop-drill-rap	Hip-Hop Drill Rap	fec3e2d0-b4c1-47aa-b22f-a7b5f2ea4774	कैसी वैसी सी	Hindi	kabir-clubbing	Rap & Fusion	cover-local	lyrics-ready	22	_radio_index/suno_backup/lyrics/2026-04-30_fec3e2d0_कैसी वैसी सी.txt
hip-hop-drill-rap	Hip-Hop Drill Rap	c50d2540-0f2b-4c94-bb28-6a3c4883e847	सुनहर हारा फूका	Hindi	sanaatana-vaigyaniq	Classical & Raag	cover-local	lyrics-ready	101	_radio_index/suno_backup/lyrics/2026-04-30_c50d2540_सुनहर हारा फूका.txt
hip-hop-drill-rap	Hip-Hop Drill Rap	d195714f-a2b3-4d77-ae4f-f18670428eb0	मेघ की विरह	Hindi	sanaatana-vaigyaniq	Classical & Raag	cover-local	lyrics-ready	68	_radio_index/suno_backup/lyrics/2026-04-30_d195714f_मेघ की विरह.txt
hip-hop-drill-rap	Hip-Hop Drill Rap	c8598710-c924-4b3c-8e32-0a1fded87efb	Din Mein Sarpanch	English	kabir-clubbing	Rap & Fusion	cover-local	lyrics-ready	8	_radio_index/suno_backup/lyrics/2026-04-28_c8598710_Din Mein Sarpanch.txt
hip-hop-drill-rap	Hip-Hop Drill Rap	f3c2518c-d6a6-4235-8da6-208eae4ee71a	“Roach Sirens”	English	kabir-clubbing	Rap & Fusion	cover-local	lyrics-ready	40	_radio_index/suno_backup/lyrics/2026-04-22_f3c2518c_“Roach Sirens”.txt
hip-hop-drill-rap	Hip-Hop Drill Rap	c6ab00bc-f4fc-49fb-91b6-93fbb717ec43	Who raised you? Who trained you	English	kabir-clubbing	Rap & Fusion	cover-local	lyrics-ready	40	_radio_index/suno_backup/lyrics/2026-04-22_c6ab00bc_“Roach Sirens”.txt
hip-hop-drill-rap	Hip-Hop Drill Rap	b3e24cb5-dd86-475b-b84c-00356ec425f6	मेरा अंतरमन डोले	Hindi	kabir-clubbing	Rap & Fusion	cover-local	lyrics-ready	66	_radio_index/suno_backup/lyrics/2026-04-21_b3e24cb5_Animatrix Loading.txt
hip-hop-drill-rap	Hip-Hop Drill Rap	12168a29-23fd-464a-8f32-b552fd6e4571	Animatrix Loading	English	gurukul	Other / Misc	cover-local	lyrics-ready	66	_radio_index/suno_backup/lyrics/2026-04-21_12168a29_Animatrix Loading.txt
hip-hop-drill-rap	Hip-Hop Drill Rap	50efcdb2-3927-4d22-9dff-23ab30048e3e	मेरा अंतरमन डोले	Hindi	kabir-clubbing	Rap & Fusion	cover-local	lyrics-ready	65	_radio_index/suno_backup/lyrics/2026-04-21_50efcdb2_मेट्रो डिब्बा मोबाइल.txt
hip-hop-drill-rap	Hip-Hop Drill Rap	8e51259c-2c1b-4d8c-9937-a9210c11f9e0	मेट्रो हम-डोल	Hindi	gurukul	Other / Misc	cover-local	lyrics-ready	68	_radio_index/suno_backup/lyrics/2026-04-21_8e51259c_मेट्रो हम-डोल.txt
hip-hop-drill-rap	Hip-Hop Drill Rap	eba6ef4c-4673-47d3-a972-ec071def7fc1	मेट्रो डिब्बा मोबाइल	Hindi	gurukul	Other / Misc	cover-local	lyrics-ready	65	_radio_index/suno_backup/lyrics/2026-04-21_eba6ef4c_मेट्रो डिब्बा मोबाइल.txt
hip-hop-drill-rap	Hip-Hop Drill Rap	489eb949-4a6f-43a9-a57f-0c8d38c447f8	मेरा अंतरमन डोले	Hindi	kabir-clubbing	Rap & Fusion	cover-local	lyrics-ready	68	_radio_index/suno_backup/lyrics/2026-04-21_489eb949_मेट्रो हम-डोल.txt
hip-hop-drill-rap	Hip-Hop Drill Rap	302d74f4-c980-41ab-9517-7315d88c6f17	Animatrix Bootloop	English	gurukul	Other / Misc	cover-local	lyrics-ready	65	_radio_index/suno_backup/lyrics/2026-04-21_302d74f4_Animatrix Bootloop.txt
hip-hop-drill-rap	Hip-Hop Drill Rap	fe9e7ab6-a016-4774-9a1e-43f4e2598a18	मेरा अंतरमन डोले	Hindi	kabir-clubbing	Rap & Fusion	cover-local	lyrics-ready	65	_radio_index/suno_backup/lyrics/2026-04-21_fe9e7ab6_Animatrix Bootloop.txt
hip-hop-drill-rap	Hip-Hop Drill Rap	bbdbe9f0-9175-4132-989e-36fbc9b6ea40	मेरा अंतरमन डोले	Hindi	kabir-clubbing	Rap & Fusion	cover-local	lyrics-ready	50	_radio_index/suno_backup/lyrics/2026-04-21_bbdbe9f0_Animatrix Loading (Remastered).txt
hip-hop-drill-rap	Hip-Hop Drill Rap	6fdb63c2-38cc-46f4-9872-4c0d1fec3922	मेरा अंतरमन डोले	Hindi	kabir-clubbing	Rap & Fusion	cover-local	lyrics-ready	63	_radio_index/suno_backup/lyrics/2026-04-21_6fdb63c2_मेरा अंतरमान डोले.txt
hip-hop-drill-rap	Hip-Hop Drill Rap	920539b8-cbfd-4c49-8404-bb0fbaa9dc11	मेरा अंतरमान डोले	Hindi	gurukul	Other / Misc	cover-local	lyrics-ready	63	_radio_index/suno_backup/lyrics/2026-04-21_920539b8_मेरा अंतरमान डोले.txt
hip-hop-drill-rap	Hip-Hop Drill Rap	f4537e0d-1ee4-43aa-886c-096606a8877f	Animatrix Loading (Remastered)	English	kabir-clubbing	Rap & Fusion	cover-local	lyrics-ready	50	_radio_index/suno_backup/lyrics/2026-04-21_f4537e0d_Animatrix Loading (Remastered).txt
hip-hop-drill-rap	Hip-Hop Drill Rap	1b6225a2-fb64-49aa-94db-802efe864623	Duduk Cello Oath	English	kabir-clubbing	Rap & Fusion	cover-local	lyrics-ready	25	_radio_index/suno_backup/lyrics/2026-04-21_1b6225a2_Duduk Cello Oath.txt
hip-hop-drill-rap	Hip-Hop Drill Rap	3e849ef6-8f9e-467f-b6cd-23ece1febccc	Animatrix Loading	English	kabir-clubbing	Rap & Fusion	cover-local	lyrics-ready	50	_radio_index/suno_backup/lyrics/2026-04-21_3e849ef6_Animatrix Loading.txt
hip-hop-drill-rap	Hip-Hop Drill Rap	eb94acbb-29cd-4d8f-8cfd-bc1845d25b66	Animatrix Loading	English	kabir-clubbing	Rap & Fusion	cover-local	lyrics-ready	50	_radio_index/suno_backup/lyrics/2026-04-21_eb94acbb_Animatrix Loading.txt
hip-hop-drill-rap	Hip-Hop Drill Rap	2020dea5-b656-40ad-afab-e188b5b87eb4	Earth Station Static	English	kabir-clubbing	Rap & Fusion	cover-local	lyrics-ready	25	_radio_index/suno_backup/lyrics/2026-04-21_2020dea5_Earth Station Static.txt
hip-hop-drill-rap	Hip-Hop Drill Rap	0d8bd230-e8fb-40c1-bd65-a1d4ba490f2a	मेरा अंतरमान डोले कितने आयाम	Hindi	kabir-clubbing	Rap & Fusion	cover-local	lyrics-ready	25	_radio_index/suno_backup/lyrics/2026-04-21_0d8bd230_Earth Station Static.txt
hip-hop-drill-rap	Hip-Hop Drill Rap	ba996ff1-61da-4e8f-8887-34fa43c9dd27	चुंग-चुंग गज़ब	Hindi	gurukul	Other / Misc	cover-local	lyrics-ready	18	_radio_index/suno_backup/lyrics/2026-04-21_ba996ff1_चुंग-चुंग गज़ब.txt
hip-hop-drill-rap	Hip-Hop Drill Rap	da33ae1c-117f-41b3-9784-fe362d228637	मेरा अंतरमन डोले कितने आयाम	Hindi	kabir-clubbing	Rap & Fusion	cover-local	lyrics-ready	18	_radio_index/suno_backup/lyrics/2026-04-21_da33ae1c_चुंग-चुंग गज़ब.txt
hip-hop-drill-rap	Hip-Hop Drill Rap	3c427c65-53cf-4f73-8314-f7c17ce91bfd	Train Chug-Chug चमत्कार	English	gurukul	Other / Misc	cover-local	lyrics-ready	18	_radio_index/suno_backup/lyrics/2026-04-21_3c427c65_Train Chug-Chug चमत्कार.txt
hip-hop-drill-rap	Hip-Hop Drill Rap	ef0b0bee-7663-448a-879e-09acd3a01be8	मेरा अंतरमान डोले कितने आयामा	Hindi	kabir-clubbing	Rap & Fusion	cover-local	lyrics-ready	18	_radio_index/suno_backup/lyrics/2026-04-21_ef0b0bee_Train Chug-Chug चमत्कार.txt
hip-hop-drill-rap	Hip-Hop Drill Rap	2f8b76a0-2fea-4f3f-9f7f-09611a2f27d7	माटी घट-विक्री	Hindi	kabir-clubbing	Bhakti & Katha	cover-local	lyrics-ready	34	_radio_index/suno_backup/lyrics/2026-04-20_2f8b76a0_माटी घट-विक्री.txt
hip-hop-drill-rap	Hip-Hop Drill Rap	e7929024-f570-473c-9c81-bd82372023c1	कबीरा नमक मंडी	Hindi	kabir-clubbing	Bhakti & Katha	cover-local	lyrics-ready	34	_radio_index/suno_backup/lyrics/2026-04-20_e7929024_कबीरा नमक मंडी.txt
hip-hop-drill-rap	Hip-Hop Drill Rap	cd4e2b2c-3363-4c01-81bd-4482ad356954	कबीरा नमक मंडी	Hindi	kabir-clubbing	Bhakti & Katha	cover-local	lyrics-ready	34	_radio_index/suno_backup/lyrics/2026-04-20_cd4e2b2c_कबीरा नमक मंडी.txt
hip-hop-drill-rap	Hip-Hop Drill Rap	064fb6c2-bf1e-4247-8603-1a4228fd88b0	Saltless Tears	English	kabir-clubbing	Rap & Fusion	cover-local	lyrics-ready	13	_radio_index/suno_backup/lyrics/2026-04-19_064fb6c2_Saltless Tears.txt
hip-hop-drill-rap	Hip-Hop Drill Rap	e81cfcda-4146-4974-97ad-0def356a7395	नमक सनक	Hindi	kabir-clubbing	Rap & Fusion	cover-local	lyrics-ready	41	_radio_index/suno_backup/lyrics/2026-04-19_e81cfcda_नमक सनक.txt
hip-hop-drill-rap	Hip-Hop Drill Rap	aa1881d9-c310-46ae-a942-bbcdeaa35490	नमक की सनक	Hindi	kabir-clubbing	Rap & Fusion	cover-local	lyrics-ready	84	_radio_index/suno_backup/lyrics/2026-04-19_aa1881d9_नमक की सनक.txt
hip-hop-drill-rap	Hip-Hop Drill Rap	531d0f3b-bd07-4bf6-8d1d-242097d6a447	Paisa Sanak	English	kabir-clubbing	Rap & Fusion	cover-local	lyrics-ready	20	_radio_index/suno_backup/lyrics/2026-04-19_531d0f3b_Paisa Sanak.txt
hip-hop-drill-rap	Hip-Hop Drill Rap	7925c2fc-1f6f-4aac-aa53-3cd7eadd9fbd	नेता एकम डेटा	Hindi	kabir-clubbing	Rap & Fusion	cover-local	lyrics-ready	29	_radio_index/suno_backup/lyrics/2026-04-19_7925c2fc_नेता एकम डेटा.txt
hip-hop-drill-rap	Hip-Hop Drill Rap	9d4efeb8-a43d-43e2-9bd9-aa8ec1017c23	डमरू तांडव	Hindi	kabir-clubbing	Rap & Fusion	cover-local	lyrics-ready	24	_radio_index/suno_backup/lyrics/2026-04-19_9d4efeb8_डमरू तांडव.txt
hip-hop-drill-rap	Hip-Hop Drill Rap	200924f6-fd97-4641-9ce1-dc0071add716	झूठ-ध्वनि साधन	Hindi	kabir-clubbing	Rap & Fusion	cover-local	lyrics-ready	22	_radio_index/suno_backup/lyrics/2026-04-19_200924f6_झूठ-ध्वनि साधन.txt
hip-hop-drill-rap	Hip-Hop Drill Rap	4a506fe2-5611-45d3-8b3c-5636aa1122bf	रूह से फकीर	Hindi	kabir-clubbing	Rap & Fusion	cover-local	lyrics-ready	37	_radio_index/suno_backup/lyrics/2026-04-17_4a506fe2_करुणा-शस्त्र विधान.txt
hip-hop-drill-rap	Hip-Hop Drill Rap	510031ab-3950-43ea-bcb9-b2e19ede7eb2	करुणा-शस्त्र विधान	Hindi	gurukul	Other / Misc	cover-local	lyrics-ready	37	_radio_index/suno_backup/lyrics/2026-04-17_510031ab_करुणा-शस्त्र विधान.txt
hip-hop-drill-rap	Hip-Hop Drill Rap	0d363331-c315-4e90-8f78-300af99db0c0	Degrees? Those are for the students	English	kabir-clubbing	Rap & Fusion	cover-local	lyrics-ready	37	_radio_index/suno_backup/lyrics/2026-04-17_0d363331_P.H.K.D. Shatter.txt
hip-hop-drill-rap	Hip-Hop Drill Rap	80022ecf-60fd-434c-9110-3782fd30a128	P.H.K.D. Shatter	English	gurukul	Other / Misc	cover-local	lyrics-ready	37	_radio_index/suno_backup/lyrics/2026-04-17_80022ecf_P.H.K.D. Shatter.txt
hip-hop-drill-rap	Hip-Hop Drill Rap	2a18d142-6534-4a1d-a2da-00703e7e9621	अंखिया मूँद	Hindi	gurukul	Other / Misc	cover-local	lyrics-ready	41	_radio_index/suno_backup/lyrics/2026-04-17_2a18d142_अंखिया मूँद.txt
hip-hop-drill-rap	Hip-Hop Drill Rap	889cb216-db14-474f-9186-192f838f34cf	Kabir Clubdevotion	English	kabir-clubbing	Bhakti & Katha	cover-local	lyrics-ready	17	_radio_index/suno_backup/lyrics/2026-04-17_889cb216_Kabir Clubdevotion.txt
hip-hop-drill-rap	Hip-Hop Drill Rap	cc885ad5-533d-4658-97f5-c6ba2a9a87cc	अंखिया मूँद	Hindi	gurukul	Other / Misc	cover-local	lyrics-ready	41	_radio_index/suno_backup/lyrics/2026-04-17_cc885ad5_अंखिया मूँद.txt
hip-hop-drill-rap	Hip-Hop Drill Rap	e1953d58-6e85-4b69-9fa0-b2a991ba6816	अंखिया मूँद	Hindi	gurukul	Other / Misc	cover-local	lyrics-ready	41	_radio_index/suno_backup/lyrics/2026-04-17_e1953d58_अंखिया मूँद.txt
hip-hop-drill-rap	Hip-Hop Drill Rap	de9697c5-2352-4e2d-b84e-6f5ba6d6e35e	Kabir Shayo Groove	English	kabir-clubbing	Bhakti & Katha	cover-local	lyrics-ready	17	_radio_index/suno_backup/lyrics/2026-04-17_de9697c5_Kabir Shayo Groove.txt
hip-hop-drill-rap	Hip-Hop Drill Rap	3d8b096f-9f2a-4def-815f-b12ca6b1d3de	Kabir Shayo Groove	English	kabir-clubbing	Bhakti & Katha	cover-local	lyrics-ready	17	_radio_index/suno_backup/lyrics/2026-04-17_3d8b096f_Kabir Shayo Groove.txt
hip-hop-drill-rap	Hip-Hop Drill Rap	4f57a0d7-1f5e-47fe-a249-405c77fc2ddf	Kabir Pillar Collapse	English	kabir-clubbing	Bhakti & Katha	cover-local	lyrics-ready	27	_radio_index/suno_backup/lyrics/2026-04-17_4f57a0d7_Kabir Pillar Collapse.txt
hip-hop-drill-rap	Hip-Hop Drill Rap	e512512c-6e61-42ce-8ccc-8fd96d37f200	Sahair Real Deal	English	gurukul	Other / Misc	cover-local	lyrics-ready	10	_radio_index/suno_backup/lyrics/2026-04-17_e512512c_Sahair Real Deal.txt
hip-hop-drill-rap	Hip-Hop Drill Rap	38523b11-2e31-40ac-bdc6-03bfd30b1186	कुचली पुचली लाला	Hindi	kabir-clubbing	Rap & Fusion	cover-local	lyrics-ready	40	_radio_index/suno_backup/lyrics/2026-04-17_38523b11_कुचली पुचली लाला.txt
hip-hop-drill-rap	Hip-Hop Drill Rap	96a7ddf6-2c5b-44ad-b1db-16634387d175	बहरूपिया-ऑनलाइन	Hindi	kabir-clubbing	Rap & Fusion	cover-local	lyrics-ready	76	_radio_index/suno_backup/lyrics/2026-04-17_96a7ddf6_बहरूपिया-ऑनलाइन.txt
hip-hop-drill-rap	Hip-Hop Drill Rap	d65dfcf3-c12e-4e51-9d93-f6f106c0ca3f	Baharupiya Reboot	English	kabir-clubbing	Bhakti & Katha	cover-local	lyrics-ready	76	_radio_index/suno_backup/lyrics/2026-04-17_d65dfcf3_Baharupiya Reboot.txt
hip-hop-drill-rap	Hip-Hop Drill Rap	0af7e65f-47a4-4c0f-aed2-53fa90952fb4	Baharupiya Reboot	English	kabir-clubbing	Bhakti & Katha	cover-local	lyrics-ready	76	_radio_index/suno_backup/lyrics/2026-04-17_0af7e65f_Baharupiya Reboot.txt
hip-hop-drill-rap	Hip-Hop Drill Rap	b60cb4ba-3ab7-4c77-868c-3d2af99231ee	पत्थर बुत	Hindi	sanaatana-vaigyaniq	Classical & Raag	cover-local	lyrics-ready	30	_radio_index/suno_backup/lyrics/2026-04-17_b60cb4ba_पत्थर बुत.txt
hip-hop-drill-rap	Hip-Hop Drill Rap	507a1183-07e8-4762-b317-b03c850a9f66	॥ महा-काव्य: आदि-अनंत ॥	Hindi	kabir-clubbing	Rap & Fusion	cover-local	lyrics-ready	30	_radio_index/suno_backup/lyrics/2026-04-17_507a1183_पत्थर बुत.txt
hip-hop-drill-rap	Hip-Hop Drill Rap	19a9d094-81bf-4578-af5a-103ad79c94f8	चक्रव्यूह' —अभिमन्यु की तरह हर इंसान इन 'चार लोग	Hindi	kabir-clubbing	Rap & Fusion	cover-local	lyrics-ready	18	_radio_index/suno_backup/lyrics/2026-04-17_19a9d094_चार पर्चे खर्चा.txt
hip-hop-drill-rap	Hip-Hop Drill Rap	96dc0ed7-a8a1-4c68-ac02-b6ff0d8c8fab	चार पर्चे खर्चा	Hindi	sanaatana-vaigyaniq	Classical & Raag	cover-local	lyrics-ready	18	_radio_index/suno_backup/lyrics/2026-04-17_96dc0ed7_चार पर्चे खर्चा.txt
hip-hop-drill-rap	Hip-Hop Drill Rap	c0070cfc-f61e-4c18-9854-d401c1d1ccc9	लम्स-ए-हवा रोया	Hindi	gurukul	Other / Misc	cover-local	lyrics-ready	28	_radio_index/suno_backup/lyrics/2026-04-16_c0070cfc_लम्स-ए-हवा रोया.txt
hip-hop-drill-rap	Hip-Hop Drill Rap	958e690b-3e28-4eb1-9fa5-e1bd4d2435c2	गुमान था कि तन्हाई में सुकूँ मिलेगा मुझे	Hindi	kabir-clubbing	Rap & Fusion	cover-local	lyrics-ready	28	_radio_index/suno_backup/lyrics/2026-04-16_958e690b_लम्स-ए-हवा रोया.txt
hip-hop-drill-rap	Hip-Hop Drill Rap	18f8e3e2-f827-4ebf-8bd3-61acd858385d	سर्द جھونکے سایہ	Hindi	gurukul	Other / Misc	cover-local	lyrics-ready	28	_radio_index/suno_backup/lyrics/2026-04-16_18f8e3e2_سर्द جھونکے سایہ.txt
hip-hop-drill-rap	Hip-Hop Drill Rap	1e4e9b8a-2308-4cca-aa41-81c3c0d6b743	سर्द جھونکے سایہ	Hindi	gurukul	Other / Misc	cover-local	lyrics-ready	28	_radio_index/suno_backup/lyrics/2026-04-16_1e4e9b8a_سर्द جھونکے سایہ.txt
hip-hop-drill-rap	Hip-Hop Drill Rap	8d30c99c-2bb7-4bcc-b193-5a78f1af4af6	गुमान था कि तन्हाई में सुकूँ मिलेगा मुझे	Hindi	kabir-clubbing	Rap & Fusion	cover-local	lyrics-ready	48	_radio_index/suno_backup/lyrics/2026-04-16_8d30c99c_लम्स-ए-हवा.txt
hip-hop-drill-rap	Hip-Hop Drill Rap	0e22ce3a-a007-42f4-a89c-1a5ef6ebc4f4	गुमान था कि तन्हाई में सुकूँ मिलेगा मुझे	Hindi	kabir-clubbing	Rap & Fusion	cover-local	lyrics-ready	48	_radio_index/suno_backup/lyrics/2026-04-16_0e22ce3a_Lams-e-Hawa Drone.txt
hip-hop-drill-rap	Hip-Hop Drill Rap	1826d08a-5fb4-4ab4-adb0-4163baf9acfc	लम्स-ए-हवा रोया	Hindi	ameerpur	Love & Virah	cover-local	lyrics-ready	95	_radio_index/suno_backup/lyrics/2026-04-16_1826d08a_लम्स-ए-हवा रोया.txt
hip-hop-drill-rap	Hip-Hop Drill Rap	ef834e73-a6e2-4dc4-a69f-cf8697e9de12	लम्स-ए-हवा सर्द	Hindi	ameerpur	Love & Virah	cover-local	lyrics-ready	47	_radio_index/suno_backup/lyrics/2026-04-16_ef834e73_लम्स-ए-हवा सर्द.txt
hip-hop-drill-rap	Hip-Hop Drill Rap	d797f61d-e2f9-435d-b724-45791d7e898d	Radif : ...जिया न गया	English	kabir-clubbing	Rap & Fusion	cover-local	lyrics-ready	59	_radio_index/suno_backup/lyrics/2026-04-16_d797f61d_लम्स-ए-हवा साया.txt
hip-hop-drill-rap	Hip-Hop Drill Rap	a1a5dd9d-4535-4bdc-aef8-0471e275049f	लम्स-ए-हवा साया	Hindi	ameerpur	Love & Virah	cover-local	lyrics-ready	59	_radio_index/suno_backup/lyrics/2026-04-16_a1a5dd9d_लम्स-ए-हवा साया.txt
hip-hop-drill-rap	Hip-Hop Drill Rap	68117724-c78f-4788-b723-577b30f31f69	लम्स-ए-हवा साया	Hindi	gurukul	Other / Misc	cover-local	lyrics-ready	19	_radio_index/suno_backup/lyrics/2026-04-16_68117724_लम्स-ए-हवा साया.txt
hip-hop-drill-rap	Hip-Hop Drill Rap	49b598f9-6112-492d-98e5-28979537fdc4	जो अभी इक लम्स-ए-हवा बन कर गुज़रा	Hindi	kabir-clubbing	Rap & Fusion	cover-local	lyrics-ready	19	_radio_index/suno_backup/lyrics/2026-04-16_49b598f9_लम्स-ए-हवा साया.txt
hip-hop-drill-rap	Hip-Hop Drill Rap	38638635-c5dc-4adf-a993-68d94475738d	जो अभी एक झोंका हवा का गया	Hindi	kabir-clubbing	Rap & Fusion	cover-local	lyrics-ready	17	_radio_index/suno_backup/lyrics/2026-04-16_38638635_झोंका सच.txt
hip-hop-drill-rap	Hip-Hop Drill Rap	4b0c2c01-f4bd-4229-85d2-c39b1e719b8a	झोंका हवा	Hindi	gurukul	Other / Misc	cover-local	lyrics-ready	17	_radio_index/suno_backup/lyrics/2026-04-16_4b0c2c01_झोंका हवा.txt
hip-hop-drill-rap	Hip-Hop Drill Rap	d2d8b4cd-bbfb-47c4-a65f-d009691f616a	झोंका हवा	Hindi	gurukul	Other / Misc	cover-local	lyrics-ready	17	_radio_index/suno_backup/lyrics/2026-04-16_d2d8b4cd_झोंका हवा.txt
hip-hop-drill-rap	Hip-Hop Drill Rap	55c3b42c-b321-4d8e-982f-b33f33fd17a4	झोंका सच	Hindi	gurukul	Other / Misc	cover-local	lyrics-ready	17	_radio_index/suno_backup/lyrics/2026-04-16_55c3b42c_झोंका सच.txt
hip-hop-drill-rap	Hip-Hop Drill Rap	950bf07f-98a2-4abb-ab2d-2cae95ac004e	१०० साल टोरी	Hindi	kabir-clubbing	Rap & Fusion	cover-local	lyrics-ready	29	_radio_index/suno_backup/lyrics/2026-04-16_950bf07f_१०० साल टोरी.txt
hip-hop-drill-rap	Hip-Hop Drill Rap	87fea1fe-2c22-4af4-a777-87a8b62cc57a	Tadbeer Barbaad	English	kabir-clubbing	Rap & Fusion	cover-local	lyrics-ready	39	_radio_index/suno_backup/lyrics/2026-04-15_87fea1fe_Tadbeer Barbaad.txt
hip-hop-drill-rap	Hip-Hop Drill Rap	781c9290-2241-4ea8-8ca4-c206d5ee558a	Iltija Jor-Aazmaish	English	kabir-clubbing	Rap & Fusion	cover-local	lyrics-ready	41	_radio_index/suno_backup/lyrics/2026-04-15_781c9290_Iltija Jor-Aazmaish.txt
hip-hop-drill-rap	Hip-Hop Drill Rap	cc349f0b-7495-4b69-8753-ecc62cb1ee80	घचा घच	Hindi	kabir-clubbing	Rap & Fusion	cover-local	lyrics-ready	67	_radio_index/suno_backup/lyrics/2026-04-15_cc349f0b_घचा घच.txt
hip-hop-drill-rap	Hip-Hop Drill Rap	56c6ee93-d6c7-4a25-bf41-942cec57818f	आग बराबर दोनों की पर एक बहुत शरमाए	Hindi	kabir-clubbing	Rap & Fusion	cover-local	lyrics-ready	67	_radio_index/suno_backup/lyrics/2026-04-15_56c6ee93_घचा घच.txt
hip-hop-drill-rap	Hip-Hop Drill Rap	91b02afc-ce51-407b-9fed-8ab45bf8d00d	गीली साँस घचा	Hindi	kabir-clubbing	Rap & Fusion	cover-local	lyrics-ready	67	_radio_index/suno_backup/lyrics/2026-04-15_91b02afc_गीली साँस घचा.txt
hip-hop-drill-rap	Hip-Hop Drill Rap	0ad2d889-56ad-4107-a42f-9ffdd61e99dc	आग बराबर दोनों की पर एक बहुत शरमाए	Hindi	kabir-clubbing	Rap & Fusion	cover-local	lyrics-ready	67	_radio_index/suno_backup/lyrics/2026-04-15_0ad2d889_गीली साँस घचा.txt
hip-hop-drill-rap	Hip-Hop Drill Rap	b14f7e57-d779-489d-b0d2-7adb9a065fac	घचा घच	Hindi	kabir-clubbing	Rap & Fusion	cover-local	lyrics-ready	65	_radio_index/suno_backup/lyrics/2026-04-15_b14f7e57_घचा घच.txt
hip-hop-drill-rap	Hip-Hop Drill Rap	53697704-706d-4df6-a476-e7944459b93d	घचा घच	Hindi	kabir-clubbing	Rap & Fusion	cover-local	lyrics-ready	65	_radio_index/suno_backup/lyrics/2026-04-15_53697704_घचा घच.txt
hip-hop-drill-rap	Hip-Hop Drill Rap	1fbda308-1986-4821-96e6-a89fbc1d2fd7	आग बराबर दोनों की पर एक बहुत शरमाए	Hindi	kabir-clubbing	Rap & Fusion	cover-local	lyrics-ready	65	_radio_index/suno_backup/lyrics/2026-04-15_1fbda308_घचा घच.txt
hip-hop-drill-rap	Hip-Hop Drill Rap	713de290-3d6e-45d1-a4fe-163b86903f58	घचा घच	Hindi	kabir-clubbing	Rap & Fusion	cover-local	lyrics-ready	65	_radio_index/suno_backup/lyrics/2026-04-15_713de290_घचा घच.txt
hip-hop-drill-rap	Hip-Hop Drill Rap	904d98b2-e279-48b7-83e2-29184af62f47	गीला घचा	Hindi	kabir-clubbing	Rap & Fusion	cover-local	lyrics-ready	65	_radio_index/suno_backup/lyrics/2026-04-15_904d98b2_गीला घचा.txt
hip-hop-drill-rap	Hip-Hop Drill Rap	3620a61f-947c-4be7-bac2-a93a6eaa5a9c	गीला घचा	Hindi	kabir-clubbing	Rap & Fusion	cover-local	lyrics-ready	65	_radio_index/suno_backup/lyrics/2026-04-15_3620a61f_गीला घचा.txt
hip-hop-drill-rap	Hip-Hop Drill Rap	2a6843e3-bc23-478e-8ced-eab4bdc44ee1	ਟੁੱਟੇ ਪੈਸੇ	Hindi	kabir-clubbing	Rap & Fusion	cover-local	lyrics-ready	52	_radio_index/suno_backup/lyrics/2026-04-15_2a6843e3_ਟੁੱਟੇ ਪੈਸੇ.txt
hip-hop-drill-rap	Hip-Hop Drill Rap	03b043a1-b777-4366-8b83-766f61b5ec66	E-tumbi Dhamal	English	kabir-clubbing	Rap & Fusion	cover-local	lyrics-ready	52	_radio_index/suno_backup/lyrics/2026-04-15_03b043a1_E-tumbi Dhamal.txt
hip-hop-drill-rap	Hip-Hop Drill Rap	6e735a57-85ab-45fc-912a-9c64579dc9f2	ਟੁੱਟੇ ਪੈਸੇ	Hindi	kabir-clubbing	Rap & Fusion	cover-local	lyrics-ready	52	_radio_index/suno_backup/lyrics/2026-04-15_6e735a57_ਟੁੱਟੇ ਪੈਸੇ.txt
hip-hop-drill-rap	Hip-Hop Drill Rap	86ee6acf-c17f-4674-bf19-557333906d47	अक्षर-बेच समझौता	Hindi	kabir-clubbing	Rap & Fusion	cover-local	lyrics-ready	23	_radio_index/suno_backup/lyrics/2026-04-14_86ee6acf_अक्षर-बेच समझौता.txt
hip-hop-drill-rap	Hip-Hop Drill Rap	e773bb44-f4cd-4cdd-b0cd-2a3b9749060f	अक्षर-बेच समझौता	Hindi	kabir-clubbing	Rap & Fusion	cover-local	lyrics-ready	23	_radio_index/suno_backup/lyrics/2026-04-14_e773bb44_अक्षर-बेच समझौता.txt
hip-hop-drill-rap	Hip-Hop Drill Rap	ffeaefee-fcca-45f2-afcf-27c219f71bff	लॉट-जीरो-वन	Hindi	kabir-clubbing	Rap & Fusion	cover-local	lyrics-ready	24	_radio_index/suno_backup/lyrics/2026-04-14_ffeaefee_लॉट-जीरो-वन.txt
hip-hop-drill-rap	Hip-Hop Drill Rap	1b4b29a3-0bc4-40d8-a882-8dec76cfbcac	Lot 001 Tanpura Snap	English	kabir-clubbing	Rap & Fusion	cover-local	lyrics-ready	24	_radio_index/suno_backup/lyrics/2026-04-14_1b4b29a3_Lot 001 Tanpura Snap.txt
hip-hop-drill-rap	Hip-Hop Drill Rap	91fa6d67-0722-4664-bf50-57a42d36afe0	आवाज़ों की अदालत	Hindi	kabir-clubbing	Rap & Fusion	cover-local	lyrics-ready	29	_radio_index/suno_backup/lyrics/2026-04-13_91fa6d67_आवाजों़ की अदालत.txt
hip-hop-drill-rap	Hip-Hop Drill Rap	05aa80d4-acdd-4719-9275-9692846ebe1a	तीखी फकीराना सीटी	Hindi	kabir-clubbing	Rap & Fusion	cover-local	lyrics-ready	17	_radio_index/suno_backup/lyrics/2026-04-13_05aa80d4_तीखी फकीराना सीटी.txt
hip-hop-drill-rap	Hip-Hop Drill Rap	7f329b6d-8172-4674-adad-6f83614ad576	आवाज़ों की अदालत	Hindi	kabir-clubbing	Rap & Fusion	cover-local	lyrics-ready	20	_radio_index/suno_backup/lyrics/2026-04-13_7f329b6d_आवाजों़ की अदालत.txt
hip-hop-drill-rap	Hip-Hop Drill Rap	7ed796e3-32c4-42d3-89a2-f658115084dd	नसीब का ऐलान	Hindi	kabir-clubbing	Rap & Fusion	cover-local	lyrics-ready	61	_radio_index/suno_backup/lyrics/2026-04-12_7ed796e3_नसीब का ऐलान.txt
hip-hop-drill-rap	Hip-Hop Drill Rap	517563f4-4c0a-447c-a6c7-5e81307423c3	“नसीब का ऐलान”	Hindi	kabir-clubbing	Rap & Fusion	cover-local	lyrics-ready	62	_radio_index/suno_backup/lyrics/2026-04-12_517563f4_“नसीब का ऐलान”.txt
hip-hop-drill-rap	Hip-Hop Drill Rap	3d3e0685-76e1-4447-88b2-83897ac87205	इश्क-ए-इलाका	Hindi	kabir-clubbing	Rap & Fusion	cover-local	lyrics-ready	62	_radio_index/suno_backup/lyrics/2026-04-12_3d3e0685_इश्क-ए-इलाका.txt
hip-hop-drill-rap	Hip-Hop Drill Rap	77a5f693-5564-40c9-8b50-75d5eabe64f6	बड़ी पुरानी बात है	Hindi	kabir-clubbing	Rap & Fusion	cover-local	lyrics-ready	25	_radio_index/suno_backup/lyrics/2026-03-31_77a5f693_untitled.txt
hip-hop-drill-rap	Hip-Hop Drill Rap	d9c620a9-bac1-48e7-ab58-17bf6968d47a	(untitled)	English	gurukul	Other / Misc	cover-local	lyrics-ready	25	_radio_index/suno_backup/lyrics/2026-03-31_d9c620a9_untitled.txt
hip-hop-drill-rap	Hip-Hop Drill Rap	0d931d51-3575-4bd1-8740-0ed133c1eba9	(untitled)	English	kabir-clubbing	Rap & Fusion	cover-local	lyrics-ready	93	_radio_index/suno_backup/lyrics/2026-03-29_0d931d51_untitled.txt
hip-hop-drill-rap	Hip-Hop Drill Rap	ac50152c-f82a-4333-bef4-0b7a404e8399	(untitled)	English	kabir-clubbing	Rap & Fusion	cover-local	lyrics-ready	39	_radio_index/suno_backup/lyrics/2026-03-26_ac50152c_untitled.txt
hip-hop-drill-rap	Hip-Hop Drill Rap	20aaab8c-af31-4a63-954e-b956c837119a	(untitled)	English	kabir-clubbing	Rap & Fusion	cover-local	lyrics-ready	37	_radio_index/suno_backup/lyrics/2026-03-24_20aaab8c_untitled.txt
hip-hop-drill-rap	Hip-Hop Drill Rap	e18525dd-f972-4860-9008-b147a0576764	(untitled)	English	kabir-clubbing	Rap & Fusion	cover-local	lyrics-ready	56	_radio_index/suno_backup/lyrics/2026-03-24_e18525dd_untitled.txt
hip-hop-drill-rap	Hip-Hop Drill Rap	14a370bd-8e3e-4b27-9afc-31fede5f5c94	(untitled)	English	kabir-clubbing	Rap & Fusion	cover-local	lyrics-ready	54	_radio_index/suno_backup/lyrics/2026-03-24_14a370bd_untitled.txt
hip-hop-drill-rap	Hip-Hop Drill Rap	e557151f-686a-4ba6-a428-40ef37236172	(untitled)	English	kabir-clubbing	Rap & Fusion	cover-local	lyrics-ready	97	_radio_index/suno_backup/lyrics/2026-03-23_e557151f_untitled.txt
hip-hop-drill-rap	Hip-Hop Drill Rap	2bf46bbc-1f00-42b1-ada9-5dd38b02ca3b	We are the practice	English	kabir-clubbing	Rap & Fusion	cover-local	lyrics-ready	130	_radio_index/suno_backup/lyrics/2026-03-23_2bf46bbc_untitled.txt
hip-hop-drill-rap	Hip-Hop Drill Rap	57f63a2a-a5cc-4eca-b189-530e667d6c1d	(untitled)	English	sanaatana-vaigyaniq	Classical & Raag	cover-local	lyrics-ready	86	_radio_index/suno_backup/lyrics/2026-03-22_57f63a2a_untitled.txt
hip-hop-drill-rap	Hip-Hop Drill Rap	b632670a-92f5-44aa-862f-4a03120bd6e3	(untitled)	English	kabir-clubbing	Rap & Fusion	cover-local	lyrics-ready	89	_radio_index/suno_backup/lyrics/2026-03-22_b632670a_untitled.txt
hip-hop-drill-rap	Hip-Hop Drill Rap	1ec4ae2f-b4ab-441b-8234-f5fcca48b606	(untitled)	English	kabir-clubbing	Rap & Fusion	cover-local	lyrics-ready	95	_radio_index/suno_backup/lyrics/2026-03-22_1ec4ae2f_untitled.txt
hip-hop-drill-rap	Hip-Hop Drill Rap	8b68b69c-b07f-43f8-ac20-ed65fbc03fc7	(untitled)	English	kabir-clubbing	Rap & Fusion	cover-local	lyrics-ready	95	_radio_index/suno_backup/lyrics/2026-03-22_8b68b69c_untitled.txt
hip-hop-drill-rap	Hip-Hop Drill Rap	e5e11b4f-d05d-444f-9b0e-5b91e5e70206	kush..mana..da	English	kabir-clubbing	Bhakti & Katha	cover-local	lyrics-ready	43	_radio_index/suno_backup/lyrics/2026-03-22_e5e11b4f_kush..mana..da.txt
hip-hop-drill-rap	Hip-Hop Drill Rap	43e46f35-5912-4f95-84b9-92edf0d0fb86	neural jogi	English	kabir-clubbing	Rap & Fusion	cover-local	lyrics-ready	48	_radio_index/suno_backup/lyrics/2026-03-21_43e46f35_neural jogi.txt
hip-hop-drill-rap	Hip-Hop Drill Rap	6a5dd84e-6da0-4b09-9a52-1db8c4acef47	neural jogi	English	kabir-clubbing	Rap & Fusion	cover-local	lyrics-ready	48	_radio_index/suno_backup/lyrics/2026-03-21_6a5dd84e_neural jogi.txt
hip-hop-drill-rap	Hip-Hop Drill Rap	dab64572-477f-4561-ae33-43b27a37fb2a	(untitled)	English	kabir-clubbing	Rap & Fusion	cover-local	lyrics-ready	33	_radio_index/suno_backup/lyrics/2026-03-19_dab64572_untitled.txt
hip-hop-drill-rap	Hip-Hop Drill Rap	47377bea-9774-4f7b-afe4-f4e941c19c0f	(untitled)	English	sanaatana-vaigyaniq	Classical & Raag	cover-local	lyrics-ready	99	_radio_index/suno_backup/lyrics/2026-03-19_47377bea_untitled.txt
hip-hop-drill-rap	Hip-Hop Drill Rap	b4eb0ad2-7b9a-47a7-9dbb-243f6869fd07	(untitled)	English	kabir-clubbing	Rap & Fusion	cover-local	lyrics-ready	18	_radio_index/suno_backup/lyrics/2026-03-19_b4eb0ad2_untitled.txt
hip-hop-drill-rap	Hip-Hop Drill Rap	164acf5c-2f05-4aa5-a11e-e8726aa075c1	(untitled)	English	kabir-clubbing	Rap & Fusion	cover-local	lyrics-ready	31	_radio_index/suno_backup/lyrics/2026-03-19_164acf5c_untitled.txt
hip-hop-drill-rap	Hip-Hop Drill Rap	bd2091ee-707a-465e-9dff-021eac34daed	(untitled)	English	kabir-clubbing	Rap & Fusion	cover-local	lyrics-ready	34	_radio_index/suno_backup/lyrics/2026-03-19_bd2091ee_untitled.txt
hip-hop-drill-rap	Hip-Hop Drill Rap	80a39cda-0980-4c6e-bffb-50088c2967de	(untitled)	English	kabir-clubbing	Rap & Fusion	cover-local	lyrics-ready	48	_radio_index/suno_backup/lyrics/2026-03-19_80a39cda_untitled.txt
hip-hop-drill-rap	Hip-Hop Drill Rap	94f4c705-c5c7-4637-b67d-06a21a3e1771	(untitled)	English	kabir-clubbing	Rap & Fusion	cover-local	lyrics-ready	48	_radio_index/suno_backup/lyrics/2026-03-19_94f4c705_untitled.txt
hip-hop-drill-rap	Hip-Hop Drill Rap	edf821b2-166e-4650-a7ca-0b131dcc109b	(untitled)	English	kabir-clubbing	Rap & Fusion	cover-local	lyrics-ready	48	_radio_index/suno_backup/lyrics/2026-03-19_edf821b2_untitled.txt
hip-hop-drill-rap	Hip-Hop Drill Rap	14ce1222-9f05-4f2f-bcdd-c9b871cca5a1	(untitled)	English	kabir-clubbing	Rap & Fusion	cover-local	lyrics-ready	57	_radio_index/suno_backup/lyrics/2026-03-19_14ce1222_untitled.txt
hip-hop-drill-rap	Hip-Hop Drill Rap	3bd10216-5f47-4506-8828-9fc84e552bba	(untitled)	English	kabir-clubbing	Rap & Fusion	cover-local	lyrics-ready	57	_radio_index/suno_backup/lyrics/2026-03-19_3bd10216_untitled.txt
hip-hop-drill-rap	Hip-Hop Drill Rap	4cd1088b-b87b-4b02-b781-ad7ecea54492	(untitled)	English	kabir-clubbing	Rap & Fusion	cover-local	lyrics-ready	67	_radio_index/suno_backup/lyrics/2026-03-18_4cd1088b_untitled.txt
hip-hop-drill-rap	Hip-Hop Drill Rap	dc697cc3-5cb9-43ab-a2de-622b7348bff5	kudru ki beti naagin	English	kabir-clubbing	Rap & Fusion	cover-local	lyrics-ready	23	_radio_index/suno_backup/lyrics/2026-03-16_dc697cc3_kudru ki beti naagin.txt
hip-hop-drill-rap	Hip-Hop Drill Rap	430b028b-8fd1-4267-a16b-8eb1bb791e10	kudru ki beti naagin	English	kabir-clubbing	Rap & Fusion	cover-local	lyrics-ready	111	_radio_index/suno_backup/lyrics/2026-03-16_430b028b_kudru ki beti naagin.txt
hip-hop-drill-rap	Hip-Hop Drill Rap	ae318a44-4e70-4bf5-ac17-58cd30dfa4d0	kudru ki beti naagin	English	kabir-clubbing	Rap & Fusion	cover-local	lyrics-ready	41	_radio_index/suno_backup/lyrics/2026-03-16_ae318a44_kudru ki beti naagin.txt
hip-hop-drill-rap	Hip-Hop Drill Rap	770b4285-cc03-4121-9c55-4fd9e710a9ef	kudru ki beti naagin	English	kabir-clubbing	Rap & Fusion	cover-local	lyrics-ready	41	_radio_index/suno_backup/lyrics/2026-03-16_770b4285_kudru ki beti naagin.txt
hip-hop-drill-rap	Hip-Hop Drill Rap	71f75486-1686-40eb-bbf3-1018b7e8b3b7	kudru ki beti naagin	English	kabir-clubbing	Rap & Fusion	cover-local	lyrics-ready	19	_radio_index/suno_backup/lyrics/2026-03-16_71f75486_kudru ki beti naagin.txt
hip-hop-drill-rap	Hip-Hop Drill Rap	3039cb6f-dd49-498f-826d-d7774013946e	(untitled)	English	kabir-clubbing	Rap & Fusion	cover-local	lyrics-ready	79	_radio_index/suno_backup/lyrics/2026-03-15_3039cb6f_untitled.txt
hip-hop-drill-rap	Hip-Hop Drill Rap	769d1a0a-cfa4-40ca-95d0-0f7761260847	(untitled)	English	kabir-clubbing	Rap & Fusion	cover-local	lyrics-ready	82	_radio_index/suno_backup/lyrics/2026-03-15_769d1a0a_untitled.txt
hip-hop-drill-rap	Hip-Hop Drill Rap	8b14bc36-b9fc-409a-9efd-acd558db7d7f	(untitled)	English	kabir-clubbing	Rap & Fusion	cover-local	lyrics-ready	88	_radio_index/suno_backup/lyrics/2026-03-15_8b14bc36_untitled.txt
hip-hop-drill-rap	Hip-Hop Drill Rap	46a0e0b1-a456-4550-b57d-dd7271cf0096	(untitled)	English	kabir-clubbing	Rap & Fusion	cover-local	lyrics-ready	37	_radio_index/suno_backup/lyrics/2026-03-15_46a0e0b1_untitled.txt
hip-hop-drill-rap	Hip-Hop Drill Rap	114a0d17-28b3-4a56-a251-50c1fbf4f659	(untitled)	English	kabir-clubbing	Rap & Fusion	cover-local	lyrics-ready	37	_radio_index/suno_backup/lyrics/2026-03-15_114a0d17_untitled.txt
hip-hop-drill-rap	Hip-Hop Drill Rap	80c9a826-108b-4377-9983-7d052c254217	(untitled)	English	kabir-clubbing	Rap & Fusion	cover-local	lyrics-ready	37	_radio_index/suno_backup/lyrics/2026-03-15_80c9a826_untitled.txt
hip-hop-drill-rap	Hip-Hop Drill Rap	73f2af74-5054-49d8-896c-e82524eddc06	(untitled)	English	kabir-clubbing	Rap & Fusion	cover-local	lyrics-ready	24	_radio_index/suno_backup/lyrics/2026-03-14_73f2af74_untitled.txt
hip-hop-drill-rap	Hip-Hop Drill Rap	3ce196ce-9876-4bc9-8d96-a2d296db8b1c	(untitled)	English	kabir-clubbing	Rap & Fusion	cover-local	lyrics-ready	24	_radio_index/suno_backup/lyrics/2026-03-14_3ce196ce_untitled.txt
hip-hop-drill-rap	Hip-Hop Drill Rap	beb18e30-ad60-4f61-b962-bf72577a984c	(untitled)	English	kabir-clubbing	Rap & Fusion	cover-local	lyrics-ready	26	_radio_index/suno_backup/lyrics/2026-03-14_beb18e30_untitled.txt
hip-hop-drill-rap	Hip-Hop Drill Rap	71819a1c-7df5-443a-bedf-56c547e4efe1	(untitled)	English	kabir-clubbing	Rap & Fusion	cover-local	lyrics-ready	26	_radio_index/suno_backup/lyrics/2026-03-14_71819a1c_untitled.txt
hip-hop-drill-rap	Hip-Hop Drill Rap	5e09dadb-f03e-4b45-b8fa-7a825b7cdb46	(untitled)	English	kabir-clubbing	Rap & Fusion	cover-local	lyrics-ready	26	_radio_index/suno_backup/lyrics/2026-03-14_5e09dadb_untitled.txt
hip-hop-drill-rap	Hip-Hop Drill Rap	9b58de99-1027-44cb-bcfb-cb9727dd1c42	(untitled)	English	kabir-clubbing	Rap & Fusion	cover-local	lyrics-ready	26	_radio_index/suno_backup/lyrics/2026-03-14_9b58de99_untitled.txt
hip-hop-drill-rap	Hip-Hop Drill Rap	96b01103-f99a-4fd7-87f8-53354681845d	(untitled)	English	kabir-clubbing	Rap & Fusion	cover-local	lyrics-ready	26	_radio_index/suno_backup/lyrics/2026-03-14_96b01103_untitled.txt
hip-hop-drill-rap	Hip-Hop Drill Rap	7de27deb-3279-4b67-a31c-0a53042c556e	(untitled)	English	kabir-clubbing	Rap & Fusion	cover-local	lyrics-ready	26	_radio_index/suno_backup/lyrics/2026-03-14_7de27deb_untitled.txt
hip-hop-drill-rap	Hip-Hop Drill Rap	2339fc5d-3d73-4745-b001-53d00b204c3d	(untitled)	English	kabir-clubbing	Rap & Fusion	cover-local	lyrics-ready	26	_radio_index/suno_backup/lyrics/2026-03-14_2339fc5d_untitled.txt
hip-hop-drill-rap	Hip-Hop Drill Rap	6434e417-4488-4db2-856e-37c633ed4491	(untitled)	English	kabir-clubbing	Rap & Fusion	cover-local	lyrics-ready	26	_radio_index/suno_backup/lyrics/2026-03-14_6434e417_untitled.txt
hip-hop-drill-rap	Hip-Hop Drill Rap	8782ebf1-5a4b-45ff-9243-bef558d424fc	(untitled)	English	gurukul	Other / Misc	cover-local	lyrics-ready	84	_radio_index/suno_backup/lyrics/2026-03-13_8782ebf1_untitled.txt
hip-hop-drill-rap	Hip-Hop Drill Rap	e9ed9222-9fbc-46ee-8946-506aaa0fa006	(untitled)	English	kabir-clubbing	Rap & Fusion	cover-local	lyrics-ready	74	_radio_index/suno_backup/lyrics/2026-03-12_e9ed9222_untitled.txt
hip-hop-drill-rap	Hip-Hop Drill Rap	0b19285e-3b76-42bf-80ae-41d8fde84fea	(untitled)	English	kabir-clubbing	Rap & Fusion	cover-local	lyrics-ready	74	_radio_index/suno_backup/lyrics/2026-03-12_0b19285e_untitled.txt
hip-hop-drill-rap	Hip-Hop Drill Rap	2f477298-ce1a-472e-b84b-8930b9c66478	(untitled)	English	kabir-clubbing	Rap & Fusion	cover-local	lyrics-ready	76	_radio_index/suno_backup/lyrics/2026-03-12_2f477298_untitled.txt
hip-hop-drill-rap	Hip-Hop Drill Rap	a922b75d-8465-4cea-b908-b28e65969c56	(untitled)	English	kabir-clubbing	Rap & Fusion	cover-local	lyrics-ready	69	_radio_index/suno_backup/lyrics/2026-03-12_a922b75d_untitled.txt
hip-hop-drill-rap	Hip-Hop Drill Rap	0eb2d750-cbc8-4f32-a693-53d8d313e086	(untitled)	English	kabir-clubbing	Rap & Fusion	cover-local	lyrics-ready	38	_radio_index/suno_backup/lyrics/2026-03-12_0eb2d750_untitled.txt
hip-hop-drill-rap	Hip-Hop Drill Rap	a83302ba-61f6-48d3-98d6-d5f17a0e49b8	(untitled)	English	kabir-clubbing	Rap & Fusion	cover-local	lyrics-ready	38	_radio_index/suno_backup/lyrics/2026-03-12_a83302ba_untitled.txt
hip-hop-drill-rap	Hip-Hop Drill Rap	44ef161a-fd07-43af-bc23-c78ad8ea773f	(untitled)	English	kabir-clubbing	Rap & Fusion	cover-local	lyrics-ready	70	_radio_index/suno_backup/lyrics/2026-03-12_44ef161a_untitled.txt
hip-hop-drill-rap	Hip-Hop Drill Rap	b7d087b3-1e0d-4990-b8aa-4710ea0af909	(untitled)	English	kabir-clubbing	Rap & Fusion	cover-local	lyrics-ready	69	_radio_index/suno_backup/lyrics/2026-03-12_b7d087b3_untitled.txt
hip-hop-drill-rap	Hip-Hop Drill Rap	31740e34-6f43-4223-91e9-739374878a3d	(untitled)	English	kabir-clubbing	Rap & Fusion	cover-local	lyrics-ready	69	_radio_index/suno_backup/lyrics/2026-03-12_31740e34_untitled.txt
hip-hop-drill-rap	Hip-Hop Drill Rap	297597bc-b729-4b1f-9b1b-9f422c20d617	(untitled)	English	kabir-clubbing	Rap & Fusion	cover-local	lyrics-ready	61	_radio_index/suno_backup/lyrics/2026-03-12_297597bc_untitled.txt
hip-hop-drill-rap	Hip-Hop Drill Rap	dbe4cfd2-9ac6-4fc5-a67c-a5ac9669c690	(untitled)	English	kabir-clubbing	Rap & Fusion	cover-local	lyrics-ready	68	_radio_index/suno_backup/lyrics/2026-03-12_dbe4cfd2_untitled.txt
hip-hop-drill-rap	Hip-Hop Drill Rap	35380dae-bb24-481e-a416-af515d22edc3	(untitled)	English	kabir-clubbing	Rap & Fusion	cover-local	lyrics-ready	57	_radio_index/suno_backup/lyrics/2026-03-12_35380dae_untitled.txt
hip-hop-drill-rap	Hip-Hop Drill Rap	a6a27e86-3c84-453d-8d74-eeedd44ba048	(untitled)	English	kabir-clubbing	Rap & Fusion	cover-local	lyrics-ready	56	_radio_index/suno_backup/lyrics/2026-03-12_a6a27e86_untitled.txt
hip-hop-drill-rap	Hip-Hop Drill Rap	89ba03d5-ee75-473b-b331-4013c130a44a	(untitled)	English	kabir-clubbing	Rap & Fusion	cover-local	lyrics-ready	71	_radio_index/suno_backup/lyrics/2026-03-12_89ba03d5_untitled.txt
hip-hop-drill-rap	Hip-Hop Drill Rap	90e901c9-4ec2-40b0-af7f-1e81570ae502	(untitled)	English	kabir-clubbing	Rap & Fusion	cover-local	lyrics-ready	52	_radio_index/suno_backup/lyrics/2026-03-12_90e901c9_untitled.txt
hip-hop-drill-rap	Hip-Hop Drill Rap	a9f1f04b-bcc9-49ba-b1b1-d71abc204a0c	(untitled)	English	kabir-clubbing	Rap & Fusion	cover-local	lyrics-ready	52	_radio_index/suno_backup/lyrics/2026-03-12_a9f1f04b_untitled.txt
hip-hop-drill-rap	Hip-Hop Drill Rap	6566cc36-9229-4c37-9ea5-5692ffbf2526	(untitled)	English	kabir-clubbing	Rap & Fusion	cover-local	lyrics-ready	16	_radio_index/suno_backup/lyrics/2026-03-12_6566cc36_untitled.txt
hip-hop-drill-rap	Hip-Hop Drill Rap	a25c876c-0e32-4071-a0f7-7e5cc6bfae69	muniya	English	gurukul	Other / Misc	cover-local	lyrics-ready	28	_radio_index/suno_backup/lyrics/2026-03-11_a25c876c_muniya.txt
hip-hop-drill-rap	Hip-Hop Drill Rap	764eab1d-f307-4665-bfc4-feb4bbb042a4	muniya	English	kabir-clubbing	Rap & Fusion	cover-local	lyrics-ready	51	_radio_index/suno_backup/lyrics/2026-03-11_764eab1d_muniya.txt
hip-hop-drill-rap	Hip-Hop Drill Rap	ced1ef9f-bfc6-4a3a-9818-6308807aef1e	muniya	English	kabir-clubbing	Rap & Fusion	cover-local	lyrics-ready	44	_radio_index/suno_backup/lyrics/2026-03-11_ced1ef9f_muniya.txt
hip-hop-drill-rap	Hip-Hop Drill Rap	920388e7-ef57-4d79-98b1-2a977977bb39	ये दुनिया झूठ का मेला है	Hindi	kabir-clubbing	Rap & Fusion	cover-local	lyrics-ready	58	_radio_index/suno_backup/lyrics/2026-03-11_920388e7_muniya.txt
hip-hop-drill-rap	Hip-Hop Drill Rap	b54e87b1-dff9-41bf-969d-e0a19cce756c	muniya	English	kabir-clubbing	Rap & Fusion	cover-local	lyrics-ready	57	_radio_index/suno_backup/lyrics/2026-03-11_b54e87b1_muniya.txt
hip-hop-drill-rap	Hip-Hop Drill Rap	c566f06c-9015-4d31-9d83-5f54111a1d61	muniya	English	kabir-clubbing	Rap & Fusion	cover-local	lyrics-ready	48	_radio_index/suno_backup/lyrics/2026-03-11_c566f06c_muniya.txt
hip-hop-drill-rap	Hip-Hop Drill Rap	ee7a49e1-a296-4e95-acfb-ff3390b8c92f	muniya	English	kabir-clubbing	Rap & Fusion	cover-local	lyrics-ready	48	_radio_index/suno_backup/lyrics/2026-03-11_ee7a49e1_muniya.txt
hip-hop-drill-rap	Hip-Hop Drill Rap	a5ddb660-04fc-46c2-b2b3-145c9da1449e	muniya	English	kabir-clubbing	Rap & Fusion	cover-local	lyrics-ready	58	_radio_index/suno_backup/lyrics/2026-03-11_a5ddb660_muniya.txt
hip-hop-drill-rap	Hip-Hop Drill Rap	4bf11224-86d3-49f9-8ddd-60e3375da890	red compare	English	kabir-clubbing	Rap & Fusion	cover-local	lyrics-ready	48	_radio_index/suno_backup/lyrics/2026-03-11_4bf11224_red compare.txt
hip-hop-drill-rap	Hip-Hop Drill Rap	f300c6d7-1406-4536-a0f3-80e6ae23cc66	red compare	English	kabir-clubbing	Rap & Fusion	cover-local	lyrics-ready	58	_radio_index/suno_backup/lyrics/2026-03-11_f300c6d7_red compare.txt
hip-hop-drill-rap	Hip-Hop Drill Rap	2819887e-1ed1-4383-aad3-921d07bae811	जब तक “दो” था ही नहीं	Hindi	kabir-clubbing	Rap & Fusion	cover-local	lyrics-ready	48	_radio_index/suno_backup/lyrics/2026-03-11_2819887e_red compare.txt
hip-hop-drill-rap	Hip-Hop Drill Rap	9145668e-e9bf-4d35-967b-50a953dcf0f9	red compare	English	kabir-clubbing	Rap & Fusion	cover-local	lyrics-ready	48	_radio_index/suno_backup/lyrics/2026-03-11_9145668e_red compare.txt
hip-hop-drill-rap	Hip-Hop Drill Rap	5b4e7c91-3ba1-403e-8ee8-215dc22f61b3	red compare	English	kabir-clubbing	Rap & Fusion	cover-local	lyrics-ready	58	_radio_index/suno_backup/lyrics/2026-03-11_5b4e7c91_red compare.txt
hip-hop-drill-rap	Hip-Hop Drill Rap	dd614877-e23b-45fa-b39a-80fa94764196	red compare	English	kabir-clubbing	Rap & Fusion	cover-local	lyrics-ready	58	_radio_index/suno_backup/lyrics/2026-03-11_dd614877_red compare.txt
hip-hop-drill-rap	Hip-Hop Drill Rap	ca2f7d24-dce8-4f7e-8f4d-63b8c399382c	red compare	English	kabir-clubbing	Rap & Fusion	cover-local	lyrics-ready	32	_radio_index/suno_backup/lyrics/2026-03-11_ca2f7d24_red compare.txt
hip-hop-drill-rap	Hip-Hop Drill Rap	017eae0e-3187-4026-8476-c835ec9d9c4c	red compare	English	kabir-clubbing	Rap & Fusion	cover-local	lyrics-ready	56	_radio_index/suno_backup/lyrics/2026-03-11_017eae0e_red compare.txt
hip-hop-drill-rap	Hip-Hop Drill Rap	80c5903a-5fb9-4a5c-b183-abf496ee486c	red compare	English	kabir-clubbing	Rap & Fusion	cover-local	lyrics-ready	56	_radio_index/suno_backup/lyrics/2026-03-11_80c5903a_red compare.txt
hip-hop-drill-rap	Hip-Hop Drill Rap	c1566bd7-d739-4e75-a23f-eb87d2905be2	कोई बताओ इन रेखाओं को	Hindi	kabir-clubbing	Rap & Fusion	cover-local	lyrics-ready	56	_radio_index/suno_backup/lyrics/2026-03-11_c1566bd7_red compare.txt
hip-hop-drill-rap	Hip-Hop Drill Rap	20ac85f2-c56a-4083-8706-6f1531493cea	red compare	English	kabir-clubbing	Rap & Fusion	cover-local	lyrics-ready	56	_radio_index/suno_backup/lyrics/2026-03-11_20ac85f2_red compare.txt
hip-hop-drill-rap	Hip-Hop Drill Rap	5d48bd7a-3499-431d-b9e1-a84103c69938	red compare	English	kabir-clubbing	Rap & Fusion	cover-local	lyrics-ready	51	_radio_index/suno_backup/lyrics/2026-03-11_5d48bd7a_red compare.txt
hip-hop-drill-rap	Hip-Hop Drill Rap	ca288e06-1055-405b-b5d6-0658613608d7	ram ki gilahari	English	kabir-clubbing	Rap & Fusion	cover-local	lyrics-ready	76	_radio_index/suno_backup/lyrics/2026-03-10_ca288e06_ram ki gilahari.txt
hip-hop-drill-rap	Hip-Hop Drill Rap	f281e5bc-94e4-4a34-a3f4-601fcbfb4f1b	ram ki gilahari	English	kabir-clubbing	Rap & Fusion	cover-local	lyrics-ready	76	_radio_index/suno_backup/lyrics/2026-03-10_f281e5bc_ram ki gilahari.txt
hip-hop-drill-rap	Hip-Hop Drill Rap	d8019a5d-29e1-445e-a172-633778687c7d	पपिया	Hindi	kabir-clubbing	Rap & Fusion	cover-local	lyrics-ready	38	_radio_index/suno_backup/lyrics/2026-03-10_d8019a5d_पपिया.txt
hip-hop-drill-rap	Hip-Hop Drill Rap	bb19047e-add0-43b2-8a8c-9b3350c0666d	पपिया	Hindi	kabir-clubbing	Rap & Fusion	cover-local	lyrics-ready	75	_radio_index/suno_backup/lyrics/2026-03-10_bb19047e_पपिया.txt
hip-hop-drill-rap	Hip-Hop Drill Rap	f478b032-6f73-4a1e-8e33-cd1862b9037e	सुन	Hindi	kabir-clubbing	Rap & Fusion	cover-local	lyrics-ready	51	_radio_index/suno_backup/lyrics/2026-03-10_f478b032_कालिख के भीतर.txt
hip-hop-drill-rap	Hip-Hop Drill Rap	528f2a41-6fab-4d6b-b0f0-45a21fb3cfee	कालिख के भीतर	Hindi	kabir-clubbing	Rap & Fusion	cover-local	lyrics-ready	51	_radio_index/suno_backup/lyrics/2026-03-10_528f2a41_कालिख के भीतर.txt
hip-hop-drill-rap	Hip-Hop Drill Rap	9bf062dd-ac56-449f-9f77-b6f50d235b4e	दो नयनों के बीच में	Hindi	kabir-clubbing	Rap & Fusion	cover-local	lyrics-ready	36	_radio_index/suno_backup/lyrics/2026-03-10_9bf062dd_कालिख के भीतर.txt
hip-hop-drill-rap	Hip-Hop Drill Rap	38e46be7-3f17-43e1-8de5-3661e8c064e3	कालिख के भीतर	Hindi	kabir-clubbing	Rap & Fusion	cover-local	lyrics-ready	36	_radio_index/suno_backup/lyrics/2026-03-10_38e46be7_कालिख के भीतर.txt
hip-hop-drill-rap	Hip-Hop Drill Rap	cdb84859-bd8f-43a9-b7f9-6a080b49e779	कालिख के भीतर	Hindi	kabir-clubbing	Rap & Fusion	cover-local	lyrics-ready	40	_radio_index/suno_backup/lyrics/2026-03-10_cdb84859_कालिख के भीतर.txt
hip-hop-drill-rap	Hip-Hop Drill Rap	6b1f15fd-b06f-4ab7-a74e-dc18eab976cd	अंदर भरी थी कालिख बेमिसाल	Hindi	kabir-clubbing	Rap & Fusion	cover-local	lyrics-ready	40	_radio_index/suno_backup/lyrics/2026-03-10_6b1f15fd_कालिख के भीतर.txt
hip-hop-drill-rap	Hip-Hop Drill Rap	bd0e5226-f00f-414a-83dc-c3845c5cfc52	bhagat ki maa	English	kabir-clubbing	Rap & Fusion	cover-local	lyrics-ready	37	_radio_index/suno_backup/lyrics/2026-03-10_bd0e5226_bhagat ki maa.txt
hip-hop-drill-rap	Hip-Hop Drill Rap	21f36fd3-91ca-4f6f-a5b9-1a61d8438a3d	bhagat ki maa	English	kabir-clubbing	Rap & Fusion	cover-local	lyrics-ready	37	_radio_index/suno_backup/lyrics/2026-03-10_21f36fd3_bhagat ki maa.txt
hip-hop-drill-rap	Hip-Hop Drill Rap	cf2b9095-277e-40b6-b9c3-2aca73883c48	मेकाले के जाल में	Hindi	kabir-clubbing	Rap & Fusion	cover-local	lyrics-ready	38	_radio_index/suno_backup/lyrics/2026-03-10_cf2b9095_मेकाले के जाल में.txt
hip-hop-drill-rap	Hip-Hop Drill Rap	7d670bc0-8519-486b-a33c-0bc00f021318	abdul	English	kabir-clubbing	Rap & Fusion	cover-local	lyrics-ready	16	_radio_index/suno_backup/lyrics/2026-03-10_7d670bc0_abdul.txt
hip-hop-drill-rap	Hip-Hop Drill Rap	5884fc52-aa08-4850-912b-272e7b063c6d	मेकाले के जाल में	Hindi	kabir-clubbing	Rap & Fusion	cover-local	lyrics-ready	38	_radio_index/suno_backup/lyrics/2026-03-10_5884fc52_मेकाले के जाल में.txt
hip-hop-drill-rap	Hip-Hop Drill Rap	03cd6e42-1ff0-486e-a597-17b4f5bf7db8	अब्दुल नहीं है पंचर वाला	Hindi	kabir-clubbing	Rap & Fusion	cover-local	lyrics-ready	16	_radio_index/suno_backup/lyrics/2026-03-10_03cd6e42_abdul.txt
hip-hop-drill-rap	Hip-Hop Drill Rap	a9505c01-2145-47a6-bf34-71f71a1c7798	mooshak	English	kabir-clubbing	Rap & Fusion	cover-local	lyrics-ready	20	_radio_index/suno_backup/lyrics/2026-03-10_a9505c01_mooshak.txt
hip-hop-drill-rap	Hip-Hop Drill Rap	99e3f540-91d6-46d9-a363-a20ab43ac51d	superman	English	kabir-clubbing	Rap & Fusion	cover-local	lyrics-ready	74	_radio_index/suno_backup/lyrics/2026-03-10_99e3f540_superman.txt
hip-hop-drill-rap	Hip-Hop Drill Rap	78837c54-c069-4a21-9043-052477368de3	superman	English	kabir-clubbing	Rap & Fusion	cover-local	lyrics-ready	74	_radio_index/suno_backup/lyrics/2026-03-10_78837c54_superman.txt
hip-hop-drill-rap	Hip-Hop Drill Rap	c964708d-4954-4972-bfd9-eb13399ed835	superman	English	kabir-clubbing	Rap & Fusion	cover-local	lyrics-ready	74	_radio_index/suno_backup/lyrics/2026-03-10_c964708d_superman.txt
hip-hop-drill-rap	Hip-Hop Drill Rap	9a171e56-f4d0-4e86-8dd8-b88e38cfe848	superman	English	kabir-clubbing	Rap & Fusion	cover-local	lyrics-ready	74	_radio_index/suno_backup/lyrics/2026-03-10_9a171e56_superman.txt
hip-hop-drill-rap	Hip-Hop Drill Rap	8c4d0b31-24ca-46ea-8d9e-01e80745e77f	superman	English	kabir-clubbing	Rap & Fusion	cover-local	lyrics-ready	74	_radio_index/suno_backup/lyrics/2026-03-10_8c4d0b31_superman.txt
hip-hop-drill-rap	Hip-Hop Drill Rap	e547d7c0-12d6-41a8-bfb3-1a6b84a2f447	(untitled)	English	kabir-clubbing	Rap & Fusion	cover-local	lyrics-ready	26	_radio_index/suno_backup/lyrics/2026-03-10_e547d7c0_untitled.txt
hip-hop-drill-rap	Hip-Hop Drill Rap	40e5bcc1-b2c0-467d-b3cd-7f4b8310f042	(untitled)	English	kabir-clubbing	Rap & Fusion	cover-local	lyrics-ready	26	_radio_index/suno_backup/lyrics/2026-03-10_40e5bcc1_untitled.txt
hip-hop-drill-rap	Hip-Hop Drill Rap	f0f3206d-e731-4bb5-9182-1b17907541b8	(untitled)	English	kabir-clubbing	Rap & Fusion	cover-local	lyrics-ready	26	_radio_index/suno_backup/lyrics/2026-03-10_f0f3206d_untitled.txt
folk-fusion-lok-rang	Folk Fusion Lok Rang	684a2e17-9992-459b-970a-279f3f506e59	Kash Bachpan Phir	English	gurukul	Other / Misc	cover-local	lyrics-ready	31	_radio_index/suno_backup/lyrics/2026-05-24_684a2e17_Kash Bachpan Phir.txt
folk-fusion-lok-rang	Folk Fusion Lok Rang	2cde1a1a-4b66-4a74-ba16-bd13a1f93fd4	छत की चादर	Hindi	sanaatana-vaigyaniq	Classical & Raag	cover-local	lyrics-ready	23	_radio_index/suno_backup/lyrics/2026-05-24_2cde1a1a_छत की चादर.txt
folk-fusion-lok-rang	Folk Fusion Lok Rang	467d741a-c022-402a-b47d-0a2abb53f043	छत वाला सितारों	Hindi	sanaatana-vaigyaniq	Classical & Raag	cover-local	lyrics-ready	23	_radio_index/suno_backup/lyrics/2026-05-24_467d741a_छत वाला सितारों.txt
folk-fusion-lok-rang	Folk Fusion Lok Rang	c0a0b8a2-6b5b-4c50-a7d1-5bd85bd7e24d	छुक-छुक गाड़ी	Hindi	sanaatana-vaigyaniq	Classical & Raag	cover-local	lyrics-ready	28	_radio_index/suno_backup/lyrics/2026-05-23_c0a0b8a2_छुक-छुक गाडी़.txt
folk-fusion-lok-rang	Folk Fusion Lok Rang	8334c7f3-00ab-48e5-8e90-fae9c7898ec4	छुक-छुक भाषा गाड़ी	Hindi	gurukul	Other / Misc	cover-local	lyrics-ready	28	_radio_index/suno_backup/lyrics/2026-05-23_8334c7f3_छुक-छुक भाषा गाडी़.txt
folk-fusion-lok-rang	Folk Fusion Lok Rang	130d4a7c-79cc-4c0e-827e-a011ef1e0689	छुक-छुक भाषा गाड़ी	Hindi	gurukul	Other / Misc	cover-local	lyrics-ready	28	_radio_index/suno_backup/lyrics/2026-05-23_130d4a7c_छुक-छुक भाषा गाडी़.txt
folk-fusion-lok-rang	Folk Fusion Lok Rang	4de46a49-de10-4bc4-8e89-bded6e92e5e8	छुक-छुक भाषा गाड़ी	Hindi	gurukul	Other / Misc	cover-local	lyrics-ready	28	_radio_index/suno_backup/lyrics/2026-05-23_4de46a49_छुक-छुक भाषा गाडी़.txt
folk-fusion-lok-rang	Folk Fusion Lok Rang	d3047e94-747e-478b-84d0-ebcd931b6ebf	छुक-छुक कोडिंग गाड़ी	Hindi	gurukul	Other / Misc	cover-local	lyrics-ready	36	_radio_index/suno_backup/lyrics/2026-05-23_d3047e94_छुक-छुक कोडिंग गाडी़.txt
folk-fusion-lok-rang	Folk Fusion Lok Rang	fc641c78-b723-4744-a9f0-93ca40542e4f	समाज की खोज का सुनो इतिहास	Haryanvi	ameerpur	Haryanvi Folk	cover-local	lyrics-ready	47	_radio_index/suno_backup/lyrics/2026-05-23_fc641c78_चणक्य चांदी.txt
folk-fusion-lok-rang	Folk Fusion Lok Rang	4573b54b-63f0-4dac-9e7a-4ba9ddf8acbc	समाज की खोज का सुनो इतिहास	Haryanvi	ameerpur	Haryanvi Folk	cover-local	lyrics-ready	20	_radio_index/suno_backup/lyrics/2026-05-23_4573b54b_चाणक्य सिक्का.txt
folk-fusion-lok-rang	Folk Fusion Lok Rang	961c3ee7-95d5-4fc3-86be-9fc9344cb1b1	चाणक्य की नीति गाओ	Haryanvi	ameerpur	Haryanvi Folk	cover-local	lyrics-ready	46	_radio_index/suno_backup/lyrics/2026-05-23_961c3ee7_चांदी का सिक्का.txt
folk-fusion-lok-rang	Folk Fusion Lok Rang	a3348700-9ecb-4d78-8344-aaf875575f8f	तेरे बिना मैंने परदेसां में	Haryanvi	ameerpur	Haryanvi Folk	cover-local	lyrics-ready	37	_radio_index/suno_backup/lyrics/2026-05-19_a3348700_साती माटी-चोला.txt
folk-fusion-lok-rang	Folk Fusion Lok Rang	6773c614-261b-461b-9eab-54efb5810575	साहब	Haryanvi	ameerpur	Haryanvi Folk	cover-local	lyrics-ready	49	_radio_index/suno_backup/lyrics/2026-05-15_6773c614_ख़्वाब-धागा आधा.txt
folk-fusion-lok-rang	Folk Fusion Lok Rang	62780b6c-9eb0-43e2-91f7-38e05b1458db	साहब	Haryanvi	ameerpur	Haryanvi Folk	cover-local	lyrics-ready	23	_radio_index/suno_backup/lyrics/2026-05-15_62780b6c_साहब खोज जंग.txt
folk-fusion-lok-rang	Folk Fusion Lok Rang	8433a493-5a44-4032-8243-bc0263a6ba2f	जमा उघाड़ी	Hindi	gurukul	Other / Misc	cover-local	lyrics-ready	64	_radio_index/suno_backup/lyrics/2026-05-15_8433a493_जमा उघाडी़.txt
folk-fusion-lok-rang	Folk Fusion Lok Rang	9a501fdc-42a2-43b9-b72f-4acea519537c	जिंदगी... तू जमा उघाड़ी है	Haryanvi	ameerpur	Haryanvi Folk	cover-local	lyrics-ready	64	_radio_index/suno_backup/lyrics/2026-05-15_9a501fdc_जमा उघाडी़.txt
folk-fusion-lok-rang	Folk Fusion Lok Rang	27601dd5-f441-413d-bb6e-6efae567a7f7	आँखें रातभर	Hindi	gurukul	Other / Misc	cover-local	lyrics-ready	29	_radio_index/suno_backup/lyrics/2026-05-15_27601dd5_आँखें रातभर.txt
folk-fusion-lok-rang	Folk Fusion Lok Rang	eeadca81-afe0-426b-aec0-9bb8e7226283	जिंदगी... तू जमा उघाड़ी है	Haryanvi	ameerpur	Haryanvi Folk	cover-local	lyrics-ready	29	_radio_index/suno_backup/lyrics/2026-05-15_eeadca81_आँखें रातभर.txt
folk-fusion-lok-rang	Folk Fusion Lok Rang	79c1b363-10f4-4f23-a2d0-846a1ff744ec	जाट जाट जाट जाट खिले हुए rose हैं	Haryanvi	ameerpur	Haryanvi Folk	cover-local	lyrics-ready	54	_radio_index/suno_backup/lyrics/2026-05-15_79c1b363_सवा लाख जाट.txt
folk-fusion-lok-rang	Folk Fusion Lok Rang	42bde3ea-cba3-4e45-acdb-d8b8a10379ca	जाट जाट जाट जाट खिले हुए rose हैं	Haryanvi	ameerpur	Haryanvi Folk	cover-local	lyrics-ready	34	_radio_index/suno_backup/lyrics/2026-05-15_42bde3ea_जटाओं की गड़गडा़हट.txt
folk-fusion-lok-rang	Folk Fusion Lok Rang	a10e118d-a2df-428c-add4-6624a46a39fc	जटाओं की गड़गड़ाहट	Haryanvi	ameerpur	Haryanvi Folk	cover-local	lyrics-ready	34	_radio_index/suno_backup/lyrics/2026-05-15_a10e118d_जटाओं की गड़गडा़हट.txt
folk-fusion-lok-rang	Folk Fusion Lok Rang	d3340fe8-0440-4a60-afec-7b57312659b8	जटाओं की डमकार	Haryanvi	ameerpur	Haryanvi Folk	cover-local	lyrics-ready	34	_radio_index/suno_backup/lyrics/2026-05-15_d3340fe8_जटाओं की डमकार.txt
folk-fusion-lok-rang	Folk Fusion Lok Rang	c7719c74-3520-40ba-9a5a-48be9a8e9af4	जटाओं की डमकार	Haryanvi	ameerpur	Haryanvi Folk	cover-local	lyrics-ready	34	_radio_index/suno_backup/lyrics/2026-05-15_c7719c74_जटाओं की डमकार.txt
folk-fusion-lok-rang	Folk Fusion Lok Rang	f5ca7479-1bc5-4df4-a86e-e410e27b36cb	जिसकी लांबी लांबी चोटी	Haryanvi	ameerpur	Haryanvi Folk	cover-local	lyrics-ready	56	_radio_index/suno_backup/lyrics/2026-05-12_f5ca7479_इसी वाली बोटी.txt
folk-fusion-lok-rang	Folk Fusion Lok Rang	12134426-c294-4dd0-9375-9f507bb1140a	इसी वाली बोटी	Hindi	gurukul	Other / Misc	cover-local	lyrics-ready	56	_radio_index/suno_backup/lyrics/2026-05-12_12134426_इसी वाली बोटी.txt
folk-fusion-lok-rang	Folk Fusion Lok Rang	2dbdbe4b-7abb-4214-b3ea-768e09a3cce1	तेरी चप्पल	Haryanvi	ameerpur	Haryanvi Folk	cover-local	lyrics-ready	51	_radio_index/suno_backup/lyrics/2026-05-10_2dbdbe4b_चप्पल-झिड़कियाँ.txt
folk-fusion-lok-rang	Folk Fusion Lok Rang	5d3de852-628c-4d4e-83dc-4e2d0f91338a	तेरी चप्पल	Haryanvi	ameerpur	Haryanvi Folk	cover-local	lyrics-ready	49	_radio_index/suno_backup/lyrics/2026-05-10_5d3de852_माँ की बेलन-झिड़कियाँ.txt
folk-fusion-lok-rang	Folk Fusion Lok Rang	b39a1673-b9c4-4eda-a3c6-a9ce936d589f	वो धर्म का जाप था	Haryanvi	ameerpur	Haryanvi Folk	cover-local	lyrics-ready	40	_radio_index/suno_backup/lyrics/2026-05-09_b39a1673_Dhol Stutter March.txt
folk-fusion-lok-rang	Folk Fusion Lok Rang	21b9c825-4413-4f7f-90c9-7bcd81cc55c0	वो धर्म का जाप था	Haryanvi	ameerpur	Haryanvi Folk	cover-local	lyrics-ready	20	_radio_index/suno_backup/lyrics/2026-05-09_21b9c825_म्यूअर कि़ला-धुआं.txt
folk-fusion-lok-rang	Folk Fusion Lok Rang	565636d5-7042-4a96-88a9-f7835e3df3d0	आशिका न	Haryanvi	ameerpur	Haryanvi Folk	cover-local	lyrics-ready	57	_radio_index/suno_backup/lyrics/2026-05-07_565636d5_नीऑन लस्का.txt
folk-fusion-lok-rang	Folk Fusion Lok Rang	b564bd23-5730-4718-b0f9-e2fb7eba934f	आशिका न	Haryanvi	ameerpur	Haryanvi Folk	cover-local	lyrics-ready	60	_radio_index/suno_backup/lyrics/2026-05-06_b564bd23_Chaska Laska.txt
folk-fusion-lok-rang	Folk Fusion Lok Rang	48633b3f-1638-40cc-b3e8-55bd791ea44e	इतनी करीब आ जाती है	Haryanvi	ameerpur	Haryanvi Folk	cover-local	lyrics-ready	22	_radio_index/suno_backup/lyrics/2026-04-30_48633b3f_कैसी वैसी सी.txt
folk-fusion-lok-rang	Folk Fusion Lok Rang	4cccdb69-4cb8-41f3-91bc-bac82f3583af	WhatsApp Image 2025-06-17 at 20.41.57 (Remastered)	English	gurukul	Other / Misc	cover-local	lyrics-ready	26	_radio_index/suno_backup/lyrics/2026-04-30_4cccdb69_WhatsApp Image 2025-06-17 at 20.41.57 (Remastered).txt
folk-fusion-lok-rang	Folk Fusion Lok Rang	6fe0efcf-2803-4ea7-83a7-a2f0a923176d	एक फूल ओ सुनहरा	Haryanvi	ameerpur	Haryanvi Folk	cover-local	lyrics-ready	101	_radio_index/suno_backup/lyrics/2026-04-30_6fe0efcf_सुनहर हारा फूका.txt
folk-fusion-lok-rang	Folk Fusion Lok Rang	4cacdec0-b868-46d6-b260-0944f8278d76	संग पत्तियां का फहरा	Haryanvi	ameerpur	Haryanvi Folk	cover-local	lyrics-ready	68	_radio_index/suno_backup/lyrics/2026-04-30_4cacdec0_मेघ की विरह.txt
folk-fusion-lok-rang	Folk Fusion Lok Rang	809507be-5a63-49dc-8e0d-a16b87287cc8	पिंकी नाच	Haryanvi	ameerpur	Haryanvi Folk	cover-local	lyrics-ready	46	_radio_index/suno_backup/lyrics/2026-04-29_809507be_पिंकी नाच.txt
folk-fusion-lok-rang	Folk Fusion Lok Rang	55c1da3f-383e-4f89-b2f1-e371ee790fb4	नाच र पिंकी	Haryanvi	ameerpur	Haryanvi Folk	cover-local	lyrics-ready	46	_radio_index/suno_backup/lyrics/2026-04-29_55c1da3f_पिंकी नाच.txt
folk-fusion-lok-rang	Folk Fusion Lok Rang	416d0856-a289-4daf-ade4-0c21dfa4b8dd	नाच र पिंकी	Haryanvi	ameerpur	Haryanvi Folk	cover-local	lyrics-ready	63	_radio_index/suno_backup/lyrics/2026-04-29_416d0856_पिंकी थाली.txt
folk-fusion-lok-rang	Folk Fusion Lok Rang	67e8aee2-9b5a-47cc-88a6-741643a45909	पिंकी थाली	Haryanvi	ameerpur	Haryanvi Folk	cover-local	lyrics-ready	63	_radio_index/suno_backup/lyrics/2026-04-29_67e8aee2_पिंकी थाली.txt
folk-fusion-lok-rang	Folk Fusion Lok Rang	f23d5bb3-9dc9-487a-902e-fb31cc813dfd	नाच र पिंकी	Haryanvi	ameerpur	Haryanvi Folk	cover-local	lyrics-ready	39	_radio_index/suno_backup/lyrics/2026-04-29_f23d5bb3_पायल बजती धुन.txt
folk-fusion-lok-rang	Folk Fusion Lok Rang	8f0c2cf6-a3ee-488c-a85c-95779c10cd5c	पिंकी का थाली	Haryanvi	ameerpur	Haryanvi Folk	cover-local	lyrics-ready	85	_radio_index/suno_backup/lyrics/2026-04-29_8f0c2cf6_पिंकी का थाली.txt
folk-fusion-lok-rang	Folk Fusion Lok Rang	1b8e0980-f89e-41df-9a65-5a6eb313c777	पिंकी की थाली	Hindi	gurukul	Other / Misc	cover-local	lyrics-ready	102	_radio_index/suno_backup/lyrics/2026-04-29_1b8e0980_पिंकी की थाली.txt
folk-fusion-lok-rang	Folk Fusion Lok Rang	a908fdd1-014a-4f0a-8f1d-eb3e613a3396	Kabira Sanak	English	kabir-clubbing	Bhakti & Katha	cover-local	lyrics-ready	63	_radio_index/suno_backup/lyrics/2026-04-19_a908fdd1_Kabira Sanak.txt
folk-fusion-lok-rang	Folk Fusion Lok Rang	b893c0fe-1e67-4f62-9a13-005c52b42182	कबीरा न रो	Hindi	kabir-clubbing	Bhakti & Katha	cover-local	lyrics-ready	32	_radio_index/suno_backup/lyrics/2026-04-19_b893c0fe_कबीरा न रो.txt
folk-fusion-lok-rang	Folk Fusion Lok Rang	5a96815a-5320-4ebb-83ad-5088f4d5119f	कुचली पुचली लोरी	Hindi	gurukul	Other / Misc	cover-local	lyrics-ready	20	_radio_index/suno_backup/lyrics/2026-04-17_5a96815a_कुचली पुचली लोरी.txt
folk-fusion-lok-rang	Folk Fusion Lok Rang	57e5c812-cb4c-4121-8851-0bb1adf03ea3	बंद आँखों का प्रत्यक्ष	Hindi	gurukul	Other / Misc	cover-local	lyrics-ready	27	_radio_index/suno_backup/lyrics/2026-04-17_57e5c812_बंद आँखों का प्रत्यक्ष.txt
folk-fusion-lok-rang	Folk Fusion Lok Rang	f3e731fd-6f31-461c-a2a6-3b473777fab5	कुचली पुचली लोरी	Hindi	gurukul	Other / Misc	cover-local	lyrics-ready	20	_radio_index/suno_backup/lyrics/2026-04-17_f3e731fd_कुचली पुचली लोरी.txt
folk-fusion-lok-rang	Folk Fusion Lok Rang	35f7f955-01dd-4c65-bbbd-ba0e87bf0900	कुचली पुचली सो जा	Hindi	gurukul	Other / Misc	cover-local	lyrics-ready	20	_radio_index/suno_backup/lyrics/2026-04-17_35f7f955_कुचली पुचली सो जा.txt
folk-fusion-lok-rang	Folk Fusion Lok Rang	a3921a5e-3468-4352-82c7-464bbbbdee6f	कुचली-पुचली लाला	Hindi	gurukul	Other / Misc	cover-local	lyrics-ready	40	_radio_index/suno_backup/lyrics/2026-04-17_a3921a5e_कुचली-पुचली लाला.txt
folk-fusion-lok-rang	Folk Fusion Lok Rang	3118ddf7-ffd5-4762-a8c4-74a78371a3e4	कुचली पुचली लाला	Hindi	gurukul	Other / Misc	cover-local	lyrics-ready	37	_radio_index/suno_backup/lyrics/2026-04-17_3118ddf7_कुचली पुचली लाला.txt
folk-fusion-lok-rang	Folk Fusion Lok Rang	340e22ab-5a0e-4a4e-9138-9bece1f77dd1	मैं दौड़ता रहा	Haryanvi	ameerpur	Haryanvi Folk	cover-local	lyrics-ready	29	_radio_index/suno_backup/lyrics/2026-04-16_340e22ab_१०० साल टोरी.txt
folk-fusion-lok-rang	Folk Fusion Lok Rang	01646a31-8208-4989-8914-d9835b9c98db	लगा बाज़ार जाने क्या-क्या बिकेगा आज	Haryanvi	ameerpur	Haryanvi Folk	cover-local	lyrics-ready	24	_radio_index/suno_backup/lyrics/2026-04-14_01646a31_लॉट-जीरो-वन.txt
folk-fusion-lok-rang	Folk Fusion Lok Rang	a2f08a86-a136-4082-9a2c-eef50737cff7	Ank se jab hui shuruaat	Haryanvi	ameerpur	Haryanvi Folk	cover-local	lyrics-ready	24	_radio_index/suno_backup/lyrics/2026-04-14_a2f08a86_Lot 001 Tanpura Snap.txt
folk-fusion-lok-rang	Folk Fusion Lok Rang	7a79f5a5-df08-4b19-b670-e23e71ff6738	आवाज़ों की अदालत में केस करे दीवाना	Haryanvi	ameerpur	Haryanvi Folk	cover-local	lyrics-ready	17	_radio_index/suno_backup/lyrics/2026-04-13_7a79f5a5_तीखी फकीराना सीटी.txt
folk-fusion-lok-rang	Folk Fusion Lok Rang	62dda9f3-677d-48e5-bce1-b5243ae2f1e0	Baabaa bole – mat ro re deewaane	Haryanvi	ameerpur	Haryanvi Folk	cover-local	lyrics-ready	41	_radio_index/suno_backup/lyrics/2026-04-11_62dda9f3_Ek Ghade.txt
folk-fusion-lok-rang	Folk Fusion Lok Rang	a13887b3-fd6f-4171-a02c-199d56c390fa	Toota Ghada	English	sanaatana-vaigyaniq	Classical & Raag	cover-local	lyrics-ready	16	_radio_index/suno_backup/lyrics/2026-04-11_a13887b3_Toota Ghada.txt
folk-fusion-lok-rang	Folk Fusion Lok Rang	68471c7c-8d42-4c98-9c0d-b3f038a459a7	झूलम-झूल झुलाऊँ	Haryanvi	ameerpur	Haryanvi Folk	cover-local	lyrics-ready	38	_radio_index/suno_backup/lyrics/2026-04-09_68471c7c_धूर अम्बरां.txt
folk-fusion-lok-rang	Folk Fusion Lok Rang	ee581be0-afd5-4d91-afa7-7fa47bf6e1ad	धूर अम्बरां	Haryanvi	ameerpur	Haryanvi Folk	cover-local	lyrics-ready	38	_radio_index/suno_backup/lyrics/2026-04-09_ee581be0_धूर अम्बरां.txt
folk-fusion-lok-rang	Folk Fusion Lok Rang	ae245f7e-6572-4a7b-9ef6-801c86e507f2	बादलां की लोर	Haryanvi	ameerpur	Haryanvi Folk	cover-local	lyrics-ready	38	_radio_index/suno_backup/lyrics/2026-04-09_ae245f7e_बादलां की लोर.txt
folk-fusion-lok-rang	Folk Fusion Lok Rang	13bbd5ed-b7db-4959-a7d2-79dab85ad756	झूल्म-झूल झुलाऊँ	Haryanvi	ameerpur	Haryanvi Folk	cover-local	lyrics-ready	38	_radio_index/suno_backup/lyrics/2026-04-09_13bbd5ed_बादलां की लोर.txt
folk-fusion-lok-rang	Folk Fusion Lok Rang	5edc6f4a-ebf7-4d22-b8e7-cd4bb333735f	लाडो बसंती मेहमान	Hindi	sanaatana-vaigyaniq	Classical & Raag	cover-local	lyrics-ready	20	_radio_index/suno_backup/lyrics/2026-04-04_5edc6f4a_लाडो बसंती मेहमान.txt
folk-fusion-lok-rang	Folk Fusion Lok Rang	5570be2c-5ead-44af-aa39-57f73225aaa6	मेरी लाडो बसंती	Haryanvi	ameerpur	Haryanvi Folk	cover-local	lyrics-ready	34	_radio_index/suno_backup/lyrics/2026-04-04_5570be2c_लाडो बसंती.txt
folk-fusion-lok-rang	Folk Fusion Lok Rang	3855893f-998c-4c3d-a2a1-3312d2a61986	लाडो बसंती	Haryanvi	ameerpur	Haryanvi Folk	cover-local	lyrics-ready	34	_radio_index/suno_backup/lyrics/2026-04-04_3855893f_लाडो बसंती.txt
folk-fusion-lok-rang	Folk Fusion Lok Rang	028206e0-2473-4078-8ef9-eb731d376d7e	(untitled)	English	gurukul	Other / Misc	cover-local	lyrics-ready	40	_radio_index/suno_backup/lyrics/2026-03-31_028206e0_untitled.txt
folk-fusion-lok-rang	Folk Fusion Lok Rang	bbc7b4ba-42c3-4395-bc2a-26134de64ab7	छोरा अघोरी	Haryanvi	ameerpur	Haryanvi Folk	cover-local	lyrics-ready	93	_radio_index/suno_backup/lyrics/2026-03-29_bbc7b4ba_untitled.txt
folk-fusion-lok-rang	Folk Fusion Lok Rang	e77952dc-af14-41a8-9ca5-44de89385d85	(untitled)	Haryanvi	ameerpur	Haryanvi Folk	cover-local	lyrics-ready	29	_radio_index/suno_backup/lyrics/2026-03-28_e77952dc_untitled.txt
folk-fusion-lok-rang	Folk Fusion Lok Rang	6b2681d0-8b5e-41fe-857c-74b2d7fcd89a	रंग रूप पै मान करै क्यूं	Haryanvi	ameerpur	Haryanvi Folk	cover-local	lyrics-ready	29	_radio_index/suno_backup/lyrics/2026-03-28_6b2681d0_untitled.txt
folk-fusion-lok-rang	Folk Fusion Lok Rang	9b949712-cb52-489b-89a8-c9c2c9b52db2	(untitled)	English	sanaatana-vaigyaniq	Classical & Raag	cover-local	lyrics-ready	26	_radio_index/suno_backup/lyrics/2026-03-28_9b949712_untitled.txt
folk-fusion-lok-rang	Folk Fusion Lok Rang	400320f5-5add-4c1b-ab1d-a32f4e351b71	(untitled)	English	gurukul	Other / Misc	cover-local	lyrics-ready	26	_radio_index/suno_backup/lyrics/2026-03-28_400320f5_untitled.txt
folk-fusion-lok-rang	Folk Fusion Lok Rang	b1dc4291-5dbc-4d58-8b74-4b5021142672	(untitled)	English	gurukul	Other / Misc	cover-local	lyrics-ready	26	_radio_index/suno_backup/lyrics/2026-03-28_b1dc4291_untitled.txt
folk-fusion-lok-rang	Folk Fusion Lok Rang	4c9c262d-a876-4406-8e42-79d64f585366	WhatsApp Image 2025-06-17 at 20.41.57	English	gurukul	Other / Misc	cover-local	lyrics-ready	26	_radio_index/suno_backup/lyrics/2026-03-25_4c9c262d_WhatsApp Image 2025-06-17 at 20.41.57.txt
folk-fusion-lok-rang	Folk Fusion Lok Rang	f3e77ca3-d3b1-4029-8814-3da77d041154	(untitled)	English	kabir-clubbing	Bhakti & Katha	cover-local	lyrics-ready	27	_radio_index/suno_backup/lyrics/2026-03-25_f3e77ca3_untitled.txt
folk-fusion-lok-rang	Folk Fusion Lok Rang	acf72279-b350-4e2d-8241-7c4de927afb4	(untitled)	English	sanaatana-vaigyaniq	Classical & Raag	cover-local	lyrics-ready	26	_radio_index/suno_backup/lyrics/2026-03-25_acf72279_untitled.txt
folk-fusion-lok-rang	Folk Fusion Lok Rang	e0e9d663-7d49-4351-aa8e-639120657766	(untitled)	English	sanaatana-vaigyaniq	Classical & Raag	cover-local	lyrics-ready	21	_radio_index/suno_backup/lyrics/2026-03-24_e0e9d663_untitled.txt
folk-fusion-lok-rang	Folk Fusion Lok Rang	e7905dfe-6d9b-4d8c-9f04-d1645c522f2f	ढोल नगाड़े बाज़न दे तू	Haryanvi	ameerpur	Haryanvi Folk	cover-local	lyrics-ready	37	_radio_index/suno_backup/lyrics/2026-03-24_e7905dfe_untitled.txt
folk-fusion-lok-rang	Folk Fusion Lok Rang	b6721538-96c3-408c-be12-613ca88da0d7	ढोल नगाड़े बाज़न दे तू	Haryanvi	ameerpur	Haryanvi Folk	cover-local	lyrics-ready	54	_radio_index/suno_backup/lyrics/2026-03-24_b6721538_untitled.txt
folk-fusion-lok-rang	Folk Fusion Lok Rang	8caed3b8-e9a9-48fa-9a64-adeedcfb6231	ढोल नगाड़े बाज़न दे तू	Haryanvi	ameerpur	Haryanvi Folk	cover-local	lyrics-ready	56	_radio_index/suno_backup/lyrics/2026-03-24_8caed3b8_untitled.txt
folk-fusion-lok-rang	Folk Fusion Lok Rang	dac03dd8-470e-453c-ba40-7a6da1100b59	हाय रे मच्छरी	Haryanvi	ameerpur	Haryanvi Folk	cover-local	lyrics-ready	97	_radio_index/suno_backup/lyrics/2026-03-23_dac03dd8_untitled.txt
folk-fusion-lok-rang	Folk Fusion Lok Rang	c3895754-34ef-42e5-b30f-03de838fa995	हाय रे मच्छरी	Haryanvi	ameerpur	Haryanvi Folk	cover-local	lyrics-ready	168	_radio_index/suno_backup/lyrics/2026-03-23_c3895754_untitled.txt
folk-fusion-lok-rang	Folk Fusion Lok Rang	11d2c6aa-6e6e-4b33-a0f1-514fb4e2cf9b	Not a curse	Haryanvi	ameerpur	Haryanvi Folk	cover-local	lyrics-ready	175	_radio_index/suno_backup/lyrics/2026-03-23_11d2c6aa_untitled.txt
folk-fusion-lok-rang	Folk Fusion Lok Rang	3b5bc702-ef70-4745-9a21-5e41252a6c47	Yo Yo Pandit! बोल माआता का naam	Haryanvi	ameerpur	Haryanvi Folk	cover-local	lyrics-ready	43	_radio_index/suno_backup/lyrics/2026-03-22_3b5bc702_kush..mana..da.txt
folk-fusion-lok-rang	Folk Fusion Lok Rang	bf134052-5fe4-4f02-aa15-5757082f17fe	He shaheed shera	Haryanvi	ameerpur	Haryanvi Folk	cover-local	lyrics-ready	36	_radio_index/suno_backup/lyrics/2026-03-21_bf134052_untitled.txt
folk-fusion-lok-rang	Folk Fusion Lok Rang	374bbc29-2826-4b31-ba70-48ad9999fa35	(untitled)	Haryanvi	ameerpur	Haryanvi Folk	cover-local	lyrics-ready	45	_radio_index/suno_backup/lyrics/2026-03-21_374bbc29_untitled.txt
folk-fusion-lok-rang	Folk Fusion Lok Rang	bed764bc-151e-4046-a0b6-773835719384	Bhai Mardana... vajda rabab	Haryanvi	ameerpur	Haryanvi Folk	cover-local	lyrics-ready	45	_radio_index/suno_backup/lyrics/2026-03-21_bed764bc_untitled.txt
folk-fusion-lok-rang	Folk Fusion Lok Rang	1b2ec847-7d17-420f-9042-dbced94d6763	गाम के छोरे	Haryanvi	ameerpur	Haryanvi Folk	cover-local	lyrics-ready	90	_radio_index/suno_backup/lyrics/2026-03-21_1b2ec847_untitled.txt
folk-fusion-lok-rang	Folk Fusion Lok Rang	6b3651e9-9f2d-4597-a0a5-de2414135203	(untitled)	Haryanvi	ameerpur	Haryanvi Folk	cover-local	lyrics-ready	90	_radio_index/suno_backup/lyrics/2026-03-21_6b3651e9_untitled.txt
folk-fusion-lok-rang	Folk Fusion Lok Rang	cf3dbe9b-e2f2-4b21-bd5b-4332afa2a38e	neural jogi	English	gurukul	Other / Misc	cover-local	lyrics-ready	48	_radio_index/suno_backup/lyrics/2026-03-21_cf3dbe9b_neural jogi.txt
folk-fusion-lok-rang	Folk Fusion Lok Rang	95afba01-5a36-42ca-8dcc-2506b2523fe4	neural jogi	English	gurukul	Other / Misc	cover-local	lyrics-ready	22	_radio_index/suno_backup/lyrics/2026-03-21_95afba01_neural jogi.txt
folk-fusion-lok-rang	Folk Fusion Lok Rang	9d65a1fd-2546-4c3c-817e-49c52a5ebb0b	neural jogi	English	gurukul	Other / Misc	cover-local	lyrics-ready	21	_radio_index/suno_backup/lyrics/2026-03-21_9d65a1fd_neural jogi.txt
folk-fusion-lok-rang	Folk Fusion Lok Rang	7789d061-f161-4e4d-ad2d-4bf0d70bd861	neural jogi	English	gurukul	Other / Misc	cover-local	lyrics-ready	30	_radio_index/suno_backup/lyrics/2026-03-21_7789d061_neural jogi.txt
folk-fusion-lok-rang	Folk Fusion Lok Rang	68b7f05f-0d8c-4740-b17b-f2e679aacd98	neural jogi	English	gurukul	Other / Misc	cover-local	lyrics-ready	18	_radio_index/suno_backup/lyrics/2026-03-21_68b7f05f_neural jogi.txt
folk-fusion-lok-rang	Folk Fusion Lok Rang	26ae8b47-2aa1-4fc3-9a27-bfc906169f67	chhor de	English	sanaatana-vaigyaniq	Classical & Raag	cover-local	lyrics-ready	26	_radio_index/suno_backup/lyrics/2026-03-20_26ae8b47_chhor de.txt
folk-fusion-lok-rang	Folk Fusion Lok Rang	48d4c16c-f0af-4e47-8834-ce416cc8312e	chhor de	English	sanaatana-vaigyaniq	Classical & Raag	cover-local	lyrics-ready	27	_radio_index/suno_backup/lyrics/2026-03-20_48d4c16c_chhor de.txt
folk-fusion-lok-rang	Folk Fusion Lok Rang	e7134e4e-a3b4-4eb2-830d-e9a1e0791ca4	chhor de	English	sanaatana-vaigyaniq	Classical & Raag	cover-local	lyrics-ready	42	_radio_index/suno_backup/lyrics/2026-03-20_e7134e4e_chhor de.txt
folk-fusion-lok-rang	Folk Fusion Lok Rang	ae00fa9b-6761-4e45-89a4-c8bebb0ec9e2	(untitled)	English	sanaatana-vaigyaniq	Classical & Raag	cover-local	lyrics-ready	51	_radio_index/suno_backup/lyrics/2026-03-20_ae00fa9b_untitled.txt
folk-fusion-lok-rang	Folk Fusion Lok Rang	2b4451e0-029c-4fb6-b9e5-78fd60f4046c	देव-दानव: यो गोबर नहीं	Haryanvi	ameerpur	Haryanvi Folk	cover-local	lyrics-ready	33	_radio_index/suno_backup/lyrics/2026-03-19_2b4451e0_untitled.txt
folk-fusion-lok-rang	Folk Fusion Lok Rang	fdfe3689-13d3-4488-96a7-d2b0ad9210da	गौसे ल्या दे	Haryanvi	ameerpur	Haryanvi Folk	cover-local	lyrics-ready	99	_radio_index/suno_backup/lyrics/2026-03-19_fdfe3689_untitled.txt
folk-fusion-lok-rang	Folk Fusion Lok Rang	f3a9813d-753a-4dc8-80c0-1761b6138f1b	(untitled)	English	gurukul	Other / Misc	cover-local	lyrics-ready	27	_radio_index/suno_backup/lyrics/2026-03-19_f3a9813d_untitled.txt
folk-fusion-lok-rang	Folk Fusion Lok Rang	cabac8a7-5365-4ff9-b762-86e8a6586cd1	पिया जी तेरी याद आती है	Haryanvi	ameerpur	Haryanvi Folk	cover-local	lyrics-ready	48	_radio_index/suno_backup/lyrics/2026-03-19_cabac8a7_untitled.txt
folk-fusion-lok-rang	Folk Fusion Lok Rang	448602fe-eb24-4bcd-9a1a-2d3d00a4c21b	पिया जी तेरी याद आवे सै	Haryanvi	ameerpur	Haryanvi Folk	cover-local	lyrics-ready	57	_radio_index/suno_backup/lyrics/2026-03-19_448602fe_untitled.txt
folk-fusion-lok-rang	Folk Fusion Lok Rang	7c657b60-4bbc-4e9f-90d4-2d42575ca1c6	(untitled)	Haryanvi	ameerpur	Haryanvi Folk	cover-local	lyrics-ready	57	_radio_index/suno_backup/lyrics/2026-03-19_7c657b60_untitled.txt
folk-fusion-lok-rang	Folk Fusion Lok Rang	cfbb1757-8e35-4d6f-a25d-810bab2e0e8a	पिया जी तेरी याद आती है	Haryanvi	ameerpur	Haryanvi Folk	cover-local	lyrics-ready	55	_radio_index/suno_backup/lyrics/2026-03-19_cfbb1757_untitled.txt
folk-fusion-lok-rang	Folk Fusion Lok Rang	6a41359d-7625-415a-bb50-9685b970ef3b	हाय हाय हाय… हाय लुगाई	Haryanvi	ameerpur	Haryanvi Folk	cover-local	lyrics-ready	89	_radio_index/suno_backup/lyrics/2026-03-18_6a41359d_untitled.txt
folk-fusion-lok-rang	Folk Fusion Lok Rang	c694a74a-44a2-4a34-aee4-ffc260690881	(untitled)	Haryanvi	ameerpur	Haryanvi Folk	cover-local	lyrics-ready	89	_radio_index/suno_backup/lyrics/2026-03-18_c694a74a_untitled.txt
folk-fusion-lok-rang	Folk Fusion Lok Rang	ddf3ca17-816c-47e8-b49c-a5834334e64b	(untitled)	Haryanvi	ameerpur	Haryanvi Folk	cover-local	lyrics-ready	89	_radio_index/suno_backup/lyrics/2026-03-18_ddf3ca17_untitled.txt
folk-fusion-lok-rang	Folk Fusion Lok Rang	ada50c4b-3ce4-475c-b27e-f2536d77da49	(untitled)	Haryanvi	ameerpur	Haryanvi Folk	cover-local	lyrics-ready	89	_radio_index/suno_backup/lyrics/2026-03-18_ada50c4b_untitled.txt
folk-fusion-lok-rang	Folk Fusion Lok Rang	fddbba2f-61ec-4d72-ad3f-69baba354abb	(untitled)	Haryanvi	ameerpur	Haryanvi Folk	cover-local	lyrics-ready	95	_radio_index/suno_backup/lyrics/2026-03-18_fddbba2f_untitled.txt
folk-fusion-lok-rang	Folk Fusion Lok Rang	5a3ed490-c3be-4e41-99f0-3abc89a1f13d	हाय हाय हाय… हाय लुगाई	Haryanvi	ameerpur	Haryanvi Folk	cover-local	lyrics-ready	95	_radio_index/suno_backup/lyrics/2026-03-18_5a3ed490_untitled.txt
folk-fusion-lok-rang	Folk Fusion Lok Rang	e80360e4-03de-401c-ae2a-6936ff596b3f	(untitled)	Haryanvi	ameerpur	Haryanvi Folk	cover-local	lyrics-ready	61	_radio_index/suno_backup/lyrics/2026-03-18_e80360e4_untitled.txt
folk-fusion-lok-rang	Folk Fusion Lok Rang	978c1c42-cd78-429d-952f-ff66978f4531	हाय हाय हाय… हाय लुगाई	Haryanvi	ameerpur	Haryanvi Folk	cover-local	lyrics-ready	61	_radio_index/suno_backup/lyrics/2026-03-18_978c1c42_untitled.txt
folk-fusion-lok-rang	Folk Fusion Lok Rang	65fd8ecc-a24d-4af1-a21d-db7e5e5107e6	(untitled)	Haryanvi	ameerpur	Haryanvi Folk	cover-local	lyrics-ready	100	_radio_index/suno_backup/lyrics/2026-03-18_65fd8ecc_untitled.txt
folk-fusion-lok-rang	Folk Fusion Lok Rang	513a10d6-1b4e-43a3-b1ef-a1c0427e3b78	हाय हाय हाय… हाय लुगाई	Haryanvi	ameerpur	Haryanvi Folk	cover-local	lyrics-ready	100	_radio_index/suno_backup/lyrics/2026-03-18_513a10d6_untitled.txt
folk-fusion-lok-rang	Folk Fusion Lok Rang	4dd54537-f0dc-4226-b83f-32edeb629a35	(untitled)	Haryanvi	ameerpur	Haryanvi Folk	cover-local	lyrics-ready	87	_radio_index/suno_backup/lyrics/2026-03-18_4dd54537_untitled.txt
folk-fusion-lok-rang	Folk Fusion Lok Rang	ea666c4c-b61d-46ea-a289-627704a7f204	हाय हाय हाय… हाय लुगाई	Haryanvi	ameerpur	Haryanvi Folk	cover-local	lyrics-ready	87	_radio_index/suno_backup/lyrics/2026-03-18_ea666c4c_untitled.txt
folk-fusion-lok-rang	Folk Fusion Lok Rang	e8c8a60e-4a6e-4924-b306-aeb182829a8b	हाय हाय हाय ... हाय लुगाई	Haryanvi	ameerpur	Haryanvi Folk	cover-local	lyrics-ready	67	_radio_index/suno_backup/lyrics/2026-03-18_e8c8a60e_untitled.txt
folk-fusion-lok-rang	Folk Fusion Lok Rang	0021a7c0-89d9-4d5e-8967-d9c1095a9f77	सजन मेरा धोखेबाज़ है।	Haryanvi	ameerpur	Haryanvi Folk	cover-local	lyrics-ready	64	_radio_index/suno_backup/lyrics/2026-03-16_0021a7c0_kudru ki beti naagin.txt
folk-fusion-lok-rang	Folk Fusion Lok Rang	dac36f36-1b07-4909-bd88-88bb40d18bc8	kudru ki beti naagin	English	kabir-clubbing	Naagin & Mystic	cover-local	lyrics-ready	56	_radio_index/suno_backup/lyrics/2026-03-16_dac36f36_kudru ki beti naagin.txt
folk-fusion-lok-rang	Folk Fusion Lok Rang	aefdf09c-1e5d-4549-b489-188a4f354615	नागिन है	Haryanvi	ameerpur	Haryanvi Folk	cover-local	lyrics-ready	23	_radio_index/suno_backup/lyrics/2026-03-16_aefdf09c_kudru ki beti naagin.txt
folk-fusion-lok-rang	Folk Fusion Lok Rang	e55b3ea6-14b8-462f-b43e-dc03bf4e9f18	kudru ki beti naagin	English	kabir-clubbing	Naagin & Mystic	cover-local	lyrics-ready	56	_radio_index/suno_backup/lyrics/2026-03-16_e55b3ea6_kudru ki beti naagin.txt
folk-fusion-lok-rang	Folk Fusion Lok Rang	cbd88d04-4767-4c26-8d29-ba96e43adce7	नागिन है	Haryanvi	ameerpur	Haryanvi Folk	cover-local	lyrics-ready	22	_radio_index/suno_backup/lyrics/2026-03-16_cbd88d04_kudru ki beti naagin.txt
folk-fusion-lok-rang	Folk Fusion Lok Rang	4bd5f9be-6507-4e41-bad2-b3345f66e6cc	नागिन है	Haryanvi	ameerpur	Haryanvi Folk	cover-local	lyrics-ready	41	_radio_index/suno_backup/lyrics/2026-03-16_4bd5f9be_kudru ki beti naagin.txt
folk-fusion-lok-rang	Folk Fusion Lok Rang	f3c0d550-9297-4842-ba8b-b4a6118a71a6	नागिन है	Haryanvi	ameerpur	Haryanvi Folk	cover-local	lyrics-ready	41	_radio_index/suno_backup/lyrics/2026-03-16_f3c0d550_kudru ki beti naagin.txt
folk-fusion-lok-rang	Folk Fusion Lok Rang	b9a9901e-2fa1-4550-aa1d-a1bb4dc7db40	अद्वैत पिता	Haryanvi	ameerpur	Haryanvi Folk	cover-local	lyrics-ready	19	_radio_index/suno_backup/lyrics/2026-03-16_b9a9901e_kudru ki beti naagin.txt
folk-fusion-lok-rang	Folk Fusion Lok Rang	f08167a7-810e-47ac-928d-b72cd95f99f9	Naaraayana Uunh	Haryanvi	ameerpur	Haryanvi Folk	cover-local	lyrics-ready	41	_radio_index/suno_backup/lyrics/2026-03-16_f08167a7_Naaraayana Uunh.txt
folk-fusion-lok-rang	Folk Fusion Lok Rang	d94d112f-aa24-4a8e-9f37-be6d81219f5e	Naaraayana Uunh	Haryanvi	ameerpur	Haryanvi Folk	cover-local	lyrics-ready	41	_radio_index/suno_backup/lyrics/2026-03-16_d94d112f_Naaraayana Uunh.txt
folk-fusion-lok-rang	Folk Fusion Lok Rang	c126fb19-0b0a-4e01-b48c-2bc66f1bb766	(untitled)	Haryanvi	ameerpur	Haryanvi Folk	cover-local	lyrics-null	0	_radio_index/suno_backup/lyrics/c126fb19-0b0a-4e01-b48c-2bc66f1bb766.txt
folk-fusion-lok-rang	Folk Fusion Lok Rang	0bf24918-dcf5-4396-9eff-75fff2af6946	मने मेरे देश	Haryanvi	ameerpur	Haryanvi Folk	cover-local	lyrics-ready	71	_radio_index/suno_backup/lyrics/2026-03-15_0bf24918_untitled.txt
folk-fusion-lok-rang	Folk Fusion Lok Rang	afa3c84f-25e6-4dfe-88a0-9f638a8b1582	पिंकी हंस नंदिनी	Haryanvi	ameerpur	Haryanvi Folk	cover-local	lyrics-ready	27	_radio_index/suno_backup/lyrics/2026-03-14_afa3c84f_untitled.txt
folk-fusion-lok-rang	Folk Fusion Lok Rang	606fe1e9-61e4-4248-bd93-73fa98153abc	पिंकी हंस नंदिनी	Haryanvi	ameerpur	Haryanvi Folk	cover-local	lyrics-ready	24	_radio_index/suno_backup/lyrics/2026-03-14_606fe1e9_untitled.txt
folk-fusion-lok-rang	Folk Fusion Lok Rang	083ed8dc-672d-423d-bda9-9714b4ae62f4	पिंकी हंस नंदिनी	Haryanvi	ameerpur	Haryanvi Folk	cover-local	lyrics-ready	24	_radio_index/suno_backup/lyrics/2026-03-14_083ed8dc_untitled.txt
folk-fusion-lok-rang	Folk Fusion Lok Rang	e5a682c7-62e9-401e-94ce-af4dff412f71	(untitled)	English	gurukul	Other / Misc	cover-local	lyrics-ready	26	_radio_index/suno_backup/lyrics/2026-03-14_e5a682c7_untitled.txt
folk-fusion-lok-rang	Folk Fusion Lok Rang	eec95412-60c5-41d3-b2f8-59313a044060	(untitled)	English	gurukul	Other / Misc	cover-local	lyrics-ready	26	_radio_index/suno_backup/lyrics/2026-03-14_eec95412_untitled.txt
folk-fusion-lok-rang	Folk Fusion Lok Rang	eb079cd7-e435-40eb-bee2-b82846008f09	(untitled)	English	gurukul	Other / Misc	cover-local	lyrics-ready	26	_radio_index/suno_backup/lyrics/2026-03-14_eb079cd7_untitled.txt
folk-fusion-lok-rang	Folk Fusion Lok Rang	cf734c04-3a7d-47f5-8575-3545ca0152db	(untitled)	English	gurukul	Other / Misc	cover-local	lyrics-ready	26	_radio_index/suno_backup/lyrics/2026-03-14_cf734c04_untitled.txt
folk-fusion-lok-rang	Folk Fusion Lok Rang	c0ed3b71-8057-44e9-bbc9-7edbeb1cb247	(untitled)	English	gurukul	Other / Misc	cover-local	lyrics-ready	26	_radio_index/suno_backup/lyrics/2026-03-14_c0ed3b71_untitled.txt
folk-fusion-lok-rang	Folk Fusion Lok Rang	ee903ee8-bc90-4636-b704-94eaad28c4e6	(untitled)	English	gurukul	Other / Misc	cover-local	lyrics-ready	26	_radio_index/suno_backup/lyrics/2026-03-14_ee903ee8_untitled.txt
folk-fusion-lok-rang	Folk Fusion Lok Rang	8a5abcc5-bf22-4a21-be55-0e7dee8d4eb0	(untitled)	Haryanvi	ameerpur	Haryanvi Folk	cover-local	lyrics-ready	26	_radio_index/suno_backup/lyrics/2026-03-14_8a5abcc5_untitled.txt
folk-fusion-lok-rang	Folk Fusion Lok Rang	c2cfd34c-47f2-44fc-9c9d-dcb40dfd0ffc	(untitled)	Haryanvi	ameerpur	Haryanvi Folk	cover-local	lyrics-ready	26	_radio_index/suno_backup/lyrics/2026-03-14_c2cfd34c_untitled.txt
folk-fusion-lok-rang	Folk Fusion Lok Rang	f6b91a35-6661-45fa-af60-6af4f69f5adc	(untitled)	Haryanvi	ameerpur	Haryanvi Folk	cover-local	lyrics-ready	26	_radio_index/suno_backup/lyrics/2026-03-14_f6b91a35_untitled.txt
folk-fusion-lok-rang	Folk Fusion Lok Rang	e2525d01-1af3-4f50-b3ff-5d0cc10ba18e	(untitled)	Haryanvi	ameerpur	Haryanvi Folk	cover-local	lyrics-ready	32	_radio_index/suno_backup/lyrics/2026-03-13_e2525d01_untitled.txt
folk-fusion-lok-rang	Folk Fusion Lok Rang	7f7d8aa2-6b4b-4a0f-bf2e-395eb0fb9e71	जय हिन्द जय हिन्द के नारे त	Haryanvi	ameerpur	Haryanvi Folk	cover-local	lyrics-ready	70	_radio_index/suno_backup/lyrics/2026-03-13_7f7d8aa2_untitled.txt
folk-fusion-lok-rang	Folk Fusion Lok Rang	a1775f44-6629-41be-8e84-34c4d86063db	जय हिन्द – जय हिन्द के नारे त	Haryanvi	ameerpur	Haryanvi Folk	cover-local	lyrics-ready	38	_radio_index/suno_backup/lyrics/2026-03-13_a1775f44_untitled.txt
folk-fusion-lok-rang	Folk Fusion Lok Rang	d179411b-b485-440d-ac8b-79a778b6b189	(untitled)	English	gurukul	Other / Misc	cover-local	lyrics-ready	41	_radio_index/suno_backup/lyrics/2026-03-13_d179411b_untitled.txt
folk-fusion-lok-rang	Folk Fusion Lok Rang	7aa13792-c537-4535-878c-bd7c7925e869	र भाई र..र..र	Haryanvi	ameerpur	Haryanvi Folk	cover-local	lyrics-ready	55	_radio_index/suno_backup/lyrics/2026-03-12_7aa13792_untitled.txt
folk-fusion-lok-rang	Folk Fusion Lok Rang	ec1e421e-953b-4a94-b3d8-1844bc19fcb6	बहम लुगाई का	Haryanvi	ameerpur	Haryanvi Folk	cover-local	lyrics-ready	74	_radio_index/suno_backup/lyrics/2026-03-12_ec1e421e_untitled.txt
folk-fusion-lok-rang	Folk Fusion Lok Rang	a98dfdd6-8325-4c7e-85d1-a763d9a47e83	(untitled)	Haryanvi	ameerpur	Haryanvi Folk	cover-local	lyrics-ready	74	_radio_index/suno_backup/lyrics/2026-03-12_a98dfdd6_untitled.txt
folk-fusion-lok-rang	Folk Fusion Lok Rang	1f500bc8-f5ba-4d2c-8156-b182c9b0b46b	(untitled)	English	gurukul	Other / Misc	cover-local	lyrics-ready	98	_radio_index/suno_backup/lyrics/2026-03-12_1f500bc8_untitled.txt
folk-fusion-lok-rang	Folk Fusion Lok Rang	7960d8d5-9742-4fb2-9329-3efae9f39d73	(untitled)	English	gurukul	Other / Misc	cover-local	lyrics-ready	92	_radio_index/suno_backup/lyrics/2026-03-12_7960d8d5_untitled.txt
folk-fusion-lok-rang	Folk Fusion Lok Rang	92279913-e9a8-4341-a4cc-19bd11b142ec	(untitled)	English	gurukul	Other / Misc	cover-local	lyrics-ready	61	_radio_index/suno_backup/lyrics/2026-03-12_92279913_untitled.txt
folk-fusion-lok-rang	Folk Fusion Lok Rang	5d4e5f42-752b-4d9c-b766-2969cd7ad903	(untitled)	English	gurukul	Other / Misc	cover-local	lyrics-ready	66	_radio_index/suno_backup/lyrics/2026-03-12_5d4e5f42_untitled.txt
folk-fusion-lok-rang	Folk Fusion Lok Rang	854208c5-1a84-4ed7-b85c-5ecc3dda4952	red compare	Haryanvi	ameerpur	Haryanvi Folk	cover-local	lyrics-ready	51	_radio_index/suno_backup/lyrics/2026-03-11_854208c5_red compare.txt
folk-fusion-lok-rang	Folk Fusion Lok Rang	12e2bb46-4dc7-475b-8a89-61146e585918	red compare	Haryanvi	ameerpur	Haryanvi Folk	cover-local	lyrics-ready	51	_radio_index/suno_backup/lyrics/2026-03-11_12e2bb46_red compare.txt
folk-fusion-lok-rang	Folk Fusion Lok Rang	7b1e3079-09a2-4953-ba2a-ac65c94940f1	रंग लाल लाल लआगे मिठिये	Haryanvi	ameerpur	Haryanvi Folk	cover-local	lyrics-ready	51	_radio_index/suno_backup/lyrics/2026-03-11_7b1e3079_red compare.txt
folk-fusion-lok-rang	Folk Fusion Lok Rang	ff609686-fea5-492d-a625-50aca90796bf	पपिया	Hindi	ameerpur	Love & Virah	cover-local	lyrics-ready	11	_radio_index/suno_backup/lyrics/2026-03-10_ff609686_पपिया.txt
folk-fusion-lok-rang	Folk Fusion Lok Rang	36cc152d-9ac7-43e5-aeb4-6739c08f6a5c	जिन्दा रहव जिन्दा रहव	Haryanvi	ameerpur	Haryanvi Folk	cover-local	lyrics-ready	75	_radio_index/suno_backup/lyrics/2026-03-10_36cc152d_पपिया.txt
folk-fusion-lok-rang	Folk Fusion Lok Rang	3cfdad3a-c550-43eb-88d3-59f7d788eae5	bhagat ki maa	Haryanvi	ameerpur	Haryanvi Folk	cover-local	lyrics-ready	37	_radio_index/suno_backup/lyrics/2026-03-10_3cfdad3a_bhagat ki maa.txt
folk-fusion-lok-rang	Folk Fusion Lok Rang	d053cd05-5b69-4079-b2af-485b0e656142	तू है म्हारा सुपरमैन	Haryanvi	ameerpur	Haryanvi Folk	cover-local	lyrics-ready	74	_radio_index/suno_backup/lyrics/2026-03-10_d053cd05_superman.txt
folk-fusion-lok-rang	Folk Fusion Lok Rang	90a083bf-668c-4356-bc4d-8e8f9a4dbfc0	kewat	English	gurukul	Other / Misc	cover-local	lyrics-ready	40	_radio_index/suno_backup/lyrics/2026-03-10_90a083bf_kewat.txt
folk-fusion-lok-rang	Folk Fusion Lok Rang	4f8cb656-ad2a-40ae-ba45-ffb7315eeb30	kewat	English	gurukul	Other / Misc	cover-local	lyrics-ready	40	_radio_index/suno_backup/lyrics/2026-03-10_4f8cb656_kewat.txt
folk-fusion-lok-rang	Folk Fusion Lok Rang	cc53857c-041f-4d0d-afae-8a762ddc7425	kewat	English	gurukul	Other / Misc	cover-local	lyrics-ready	40	_radio_index/suno_backup/lyrics/2026-03-10_cc53857c_kewat.txt
folk-fusion-lok-rang	Folk Fusion Lok Rang	13631800-7722-4099-8cdd-7872cc3b56d6	kewat	English	gurukul	Other / Misc	cover-local	lyrics-ready	40	_radio_index/suno_backup/lyrics/2026-03-10_13631800_kewat.txt
folk-fusion-lok-rang	Folk Fusion Lok Rang	1774f3f7-a1f2-4c36-b1bd-ddc4ac836ba9	तुम आ कर मेरे भीतर	Haryanvi	ameerpur	Haryanvi Folk	cover-local	lyrics-ready	16	_radio_index/suno_backup/lyrics/2026-03-10_1774f3f7_banjara.txt
folk-fusion-lok-rang	Folk Fusion Lok Rang	d0be1546-ee3d-4e7d-a6ed-bd8e2502a139	मां मेरी	Haryanvi	ameerpur	Haryanvi Folk	cover-local	lyrics-ready	26	_radio_index/suno_backup/lyrics/2026-03-10_d0be1546_untitled.txt
haryanvi-maati-ragni	Haryanvi Maati Ragni	b7e6675d-ed56-4e23-964d-9614994fca12	kudru ki beti naagin	English	kabir-clubbing	Naagin & Mystic	cover-local	lyrics-ready	39	_radio_index/suno_backup/lyrics/2026-03-16_b7e6675d_kudru ki beti naagin.txt
haryanvi-maati-ragni	Haryanvi Maati Ragni	a55e5fb9-1715-4647-ba0a-9cc10d0cdead	(untitled)	English	gurukul	Other / Misc	cover-local	lyrics-ready	27	_radio_index/suno_backup/lyrics/2026-03-14_a55e5fb9_untitled.txt
haryanvi-maati-ragni	Haryanvi Maati Ragni	709d0eb7-9410-4ef3-ab3f-b36462a15a6c	(untitled)	English	gurukul	Other / Misc	cover-local	lyrics-ready	27	_radio_index/suno_backup/lyrics/2026-03-14_709d0eb7_untitled.txt
haryanvi-maati-ragni	Haryanvi Maati Ragni	547974ac-4935-4d3a-bec3-2e19bd96ed49	(untitled)	English	gurukul	Other / Misc	cover-local	lyrics-ready	38	_radio_index/suno_backup/lyrics/2026-03-13_547974ac_untitled.txt
cinematic-cosmic-epics	Cinematic Cosmic Epics	bdf090e4-3d39-4d47-863b-7bd1757feb8d	बंसीधर ताज	Hindi	gurukul	Other / Misc	cover-local	lyrics-ready	43	_radio_index/suno_backup/lyrics/2026-05-09_bdf090e4_बंसीधर ताज.txt
cinematic-cosmic-epics	Cinematic Cosmic Epics	4cacd011-00d8-408e-97ef-d7bfb366b23e	महाराणा क़फ़िया	Hindi	sanaatana-vaigyaniq	Classical & Raag	cover-local	lyrics-ready	34	_radio_index/suno_backup/lyrics/2026-05-09_4cacd011_महाराणा क़फि़या.txt
cinematic-cosmic-epics	Cinematic Cosmic Epics	4e99c51c-14d1-43a5-a536-c58f63a6d5f4	Dhol Stutter March	English	sanaatana-vaigyaniq	Classical & Raag	cover-local	lyrics-ready	40	_radio_index/suno_backup/lyrics/2026-05-09_4e99c51c_Dhol Stutter March.txt
cinematic-cosmic-epics	Cinematic Cosmic Epics	63dd43a7-8fe0-465d-bcaf-b5986297d7ab	प्रताप का तान	Hindi	sanaatana-vaigyaniq	Classical & Raag	cover-local	lyrics-ready	40	_radio_index/suno_backup/lyrics/2026-05-09_63dd43a7_प्रताप का तान.txt
cinematic-cosmic-epics	Cinematic Cosmic Epics	c5f1d8b4-1e92-4d0f-9936-e632bd0922de	म्यूअर क़िला-धुआं	Hindi	gurukul	Other / Misc	cover-local	lyrics-ready	20	_radio_index/suno_backup/lyrics/2026-05-09_c5f1d8b4_म्यूअर कि़ला-धुआं.txt
cinematic-cosmic-epics	Cinematic Cosmic Epics	4d3c3d6c-edc8-4836-af39-6100059283e0	प्रताप का तान	Hindi	sanaatana-vaigyaniq	Classical & Raag	cover-local	lyrics-ready	40	_radio_index/suno_backup/lyrics/2026-05-09_4d3c3d6c_प्रताप का तान.txt
cinematic-cosmic-epics	Cinematic Cosmic Epics	091ab81d-180d-4521-8005-1d08377b3f14	साँस का पहरा	Hindi	ameerpur	Love & Virah	cover-local	lyrics-ready	14	_radio_index/suno_backup/lyrics/2026-05-06_091ab81d_साँस का पहरा.txt
cinematic-cosmic-epics	Cinematic Cosmic Epics	4d6f705f-a026-4060-a32f-77594f87a633	Log Kahte Hain	English	gurukul	Other / Misc	cover-local	lyrics-ready	48	_radio_index/suno_backup/lyrics/2026-04-15_4d6f705f_Log Kahte Hain.txt
cinematic-cosmic-epics	Cinematic Cosmic Epics	2705713e-7211-41ce-8805-62d72c7038f2	(untitled)	English	gurukul	Other / Misc	cover-local	lyrics-ready	130	_radio_index/suno_backup/lyrics/2026-03-23_2705713e_untitled.txt
cinematic-cosmic-epics	Cinematic Cosmic Epics	71c2f8e7-6626-4dc8-b873-971485c0725f	(untitled)	English	gurukul	Other / Misc	cover-local	lyrics-ready	88	_radio_index/suno_backup/lyrics/2026-03-22_71c2f8e7_untitled.txt
cinematic-cosmic-epics	Cinematic Cosmic Epics	d6015bf7-056c-43bb-b3a7-c42012ac30b6	(untitled)	English	gurukul	Other / Misc	cover-local	lyrics-ready	60	_radio_index/suno_backup/lyrics/2026-03-22_d6015bf7_untitled.txt
cinematic-cosmic-epics	Cinematic Cosmic Epics	713998e8-14d5-4633-b01a-3fb4275561f9	(untitled)	English	sanaatana-vaigyaniq	Classical & Raag	cover-local	lyrics-ready	116	_radio_index/suno_backup/lyrics/2026-03-22_713998e8_untitled.txt
cinematic-cosmic-epics	Cinematic Cosmic Epics	92c993d5-8cd1-48c2-a8fb-5c04053f9dcd	O.I.riginal.nteligence	English	gurukul	Other / Misc	cover-local	lyrics-ready	65	_radio_index/suno_backup/lyrics/2026-03-21_92c993d5_O.I.riginal.nteligence.txt
cinematic-cosmic-epics	Cinematic Cosmic Epics	ac3d350b-35f3-42d9-b74c-c30e8c71d677	(untitled)	English	sanaatana-vaigyaniq	Classical & Raag	cover-local	lyrics-ready	49	_radio_index/suno_backup/lyrics/2026-03-19_ac3d350b_untitled.txt
cinematic-cosmic-epics	Cinematic Cosmic Epics	9302edde-499a-40a3-b22e-3ccfadaf169c	(untitled)	English	sanaatana-vaigyaniq	Classical & Raag	cover-local	lyrics-ready	20	_radio_index/suno_backup/lyrics/2026-03-16_9302edde_untitled.txt
cinematic-cosmic-epics	Cinematic Cosmic Epics	7e5a3f73-64be-400c-bb83-e8e555d1f02c	(untitled)	English	gurukul	Other / Misc	cover-local	lyrics-ready	62	_radio_index/suno_backup/lyrics/2026-03-13_7e5a3f73_untitled.txt
cinematic-cosmic-epics	Cinematic Cosmic Epics	46605d07-d37f-48d9-bd6d-18f37e1a89ec	(untitled)	English	gurukul	Other / Misc	cover-local	lyrics-ready	62	_radio_index/suno_backup/lyrics/2026-03-13_46605d07_untitled.txt
cinematic-cosmic-epics	Cinematic Cosmic Epics	8ea9fe01-f585-4b67-a33d-2d2079ccada8	(untitled)	English	gurukul	Other / Misc	cover-local	lyrics-ready	62	_radio_index/suno_backup/lyrics/2026-03-13_8ea9fe01_untitled.txt
cinematic-cosmic-epics	Cinematic Cosmic Epics	5c4baafd-66b3-4cf6-9215-1f0f94ab8a58	(untitled)	English	gurukul	Other / Misc	cover-local	lyrics-ready	48	_radio_index/suno_backup/lyrics/2026-03-13_5c4baafd_untitled.txt
cinematic-cosmic-epics	Cinematic Cosmic Epics	73bf25b9-85ef-4617-b2e5-a0e356092784	(untitled)	English	gurukul	Other / Misc	cover-local	lyrics-ready	37	_radio_index/suno_backup/lyrics/2026-03-13_73bf25b9_untitled.txt
cinematic-cosmic-epics	Cinematic Cosmic Epics	e3fd30cb-9358-4914-9195-11c40c5b76b7	(untitled)	English	gurukul	Other / Misc	cover-local	lyrics-ready	37	_radio_index/suno_backup/lyrics/2026-03-13_e3fd30cb_untitled.txt
cinematic-cosmic-epics	Cinematic Cosmic Epics	44e6cfbe-a991-425e-9a7a-3cfdb7ebe013	First Comes the Word	English	gurukul	Other / Misc	cover-local	lyrics-ready	68	_radio_index/suno_backup/lyrics/2026-03-11_44e6cfbe_First Comes the Word.txt
cinematic-cosmic-epics	Cinematic Cosmic Epics	b13478af-dabb-41ff-be99-296ed703b6f7	First Comes the Word	English	gurukul	Other / Misc	cover-local	lyrics-ready	74	_radio_index/suno_backup/lyrics/2026-03-11_b13478af_First Comes the Word.txt
bhakti-katha-devotional	Bhakti Katha Devotional	86fe2a68-593c-4b20-a76a-d0f504f89943	हट हट हट होनी तू हट	Hindi	kabir-clubbing	Bhakti & Katha	cover-local	lyrics-ready	34	_radio_index/suno_backup/lyrics/2026-05-24_86fe2a68_छट का दिन.txt
bhakti-katha-devotional	Bhakti Katha Devotional	974ae0bf-c90c-47bb-803a-18160360bc54	हट हट हट होनी तू हट	Hindi	kabir-clubbing	Bhakti & Katha	cover-local	lyrics-ready	38	_radio_index/suno_backup/lyrics/2026-05-24_974ae0bf_हनु की पटक.txt
bhakti-katha-devotional	Bhakti Katha Devotional	75291d2d-784d-46f7-8c5a-774e99eb3e3e	सिंहिका पथ दियाये केतु भागे भटका भटक	Hindi	kabir-clubbing	Bhakti & Katha	cover-local	lyrics-ready	38	_radio_index/suno_backup/lyrics/2026-05-24_75291d2d_हनु मूड खाने.txt
bhakti-katha-devotional	Bhakti Katha Devotional	4ddbdc9c-240c-4e5d-8b50-ee61576d136e	हट हट हट होनी तू हट	Hindi	kabir-clubbing	Bhakti & Katha	cover-local	lyrics-ready	45	_radio_index/suno_backup/lyrics/2026-05-24_4ddbdc9c_स्वरभानु माँ सिखाए.txt
bhakti-katha-devotional	Bhakti Katha Devotional	a24721b3-51c9-48b8-997b-0aab5ae3f158	Vocals : "हा... हू... हौ... हन्... हनु... हनु...	English	kabir-clubbing	Bhakti & Katha	cover-local	lyrics-ready	7	_radio_index/suno_backup/lyrics/2026-05-24_a24721b3_ह्-हनु अनुमान.txt
bhakti-katha-devotional	Bhakti Katha Devotional	ce81e083-36e5-4e52-9024-06159cb42409	काश वो बचपन फिर से लौट आए	Hindi	kabir-clubbing	Bhakti & Katha	cover-local	lyrics-ready	31	_radio_index/suno_backup/lyrics/2026-05-24_ce81e083_Kash Bachpan Phir.txt
bhakti-katha-devotional	Bhakti Katha Devotional	6d0a9964-c0d3-45cf-925a-c9fa28f97ba3	काश वो बचपन फिर से लौट आए	Hindi	kabir-clubbing	Bhakti & Katha	cover-local	lyrics-ready	23	_radio_index/suno_backup/lyrics/2026-05-24_6d0a9964_छत की चादर.txt
bhakti-katha-devotional	Bhakti Katha Devotional	b1bd425e-a117-432d-81ca-2acb4c87fa00	काश वो बचपन फिर से लौट आए	Hindi	kabir-clubbing	Bhakti & Katha	cover-local	lyrics-ready	23	_radio_index/suno_backup/lyrics/2026-05-24_b1bd425e_छत वाला सितारों.txt
bhakti-katha-devotional	Bhakti Katha Devotional	77a40556-adc6-4bd2-bf2d-3bfac249ad2a	मूल्यों के प्रति ये निष्ठा अपनी	Hindi	kabir-clubbing	Bhakti & Katha	cover-local	lyrics-ready	41	_radio_index/suno_backup/lyrics/2026-05-23_77a40556_कबीर निर्गुण.txt
bhakti-katha-devotional	Bhakti Katha Devotional	ccd4fdeb-6879-4797-ae1f-f37fe6330b64	पिंगल-बाइनरी ट्राम	Hindi	kabir-clubbing	Bhakti & Katha	cover-local	lyrics-ready	38	_radio_index/suno_backup/lyrics/2026-05-22_ccd4fdeb_पिंगल-बाइनरी ट्राम.txt
bhakti-katha-devotional	Bhakti Katha Devotional	a37f2f45-fd0e-4254-a6cc-1dd4376ceaa2	नाम तेरे रखे अनेक	Hindi	kabir-clubbing	Bhakti & Katha	cover-local	lyrics-ready	36	_radio_index/suno_backup/lyrics/2026-05-13_a37f2f45_सिलेंस के पार.txt
bhakti-katha-devotional	Bhakti Katha Devotional	f0e7033c-a246-4902-a230-945e9796c695	नाम तेरे रखे अनेक	Hindi	kabir-clubbing	Bhakti & Katha	cover-local	lyrics-ready	61	_radio_index/suno_backup/lyrics/2026-05-13_f0e7033c_घुटने-छुपा एक.txt
bhakti-katha-devotional	Bhakti Katha Devotional	e553b9c9-27cd-43b9-a4e0-f97ca910e45d	तोरै ही भरोसो	Hindi	kabir-clubbing	Bhakti & Katha	cover-local	lyrics-ready	1	_radio_index/suno_backup/lyrics/2026-05-13_e553b9c9_नाम अनेक एक.txt
bhakti-katha-devotional	Bhakti Katha Devotional	91ec0002-3ce7-418e-a969-3c1a00f9f662	नाम अनेक एक	Hindi	gurukul	Other / Misc	cover-local	lyrics-ready	1	_radio_index/suno_backup/lyrics/2026-05-13_91ec0002_नाम अनेक एक.txt
bhakti-katha-devotional	Bhakti Katha Devotional	4ee44646-3967-4f0a-bbae-22021f58063f	तुझ पर ही भरोसा... तुझ पर है यक़ीन	Hindi	kabir-clubbing	Bhakti & Katha	cover-local	lyrics-ready	1	_radio_index/suno_backup/lyrics/2026-05-13_4ee44646_Tujh Par भरोसा.txt
bhakti-katha-devotional	Bhakti Katha Devotional	438a6526-4837-43f4-a7e5-50ae007fa00d	माताओं के दिवस नहीं	Hindi	kabir-clubbing	Bhakti & Katha	cover-local	lyrics-ready	42	_radio_index/suno_backup/lyrics/2026-05-10_438a6526_माँ की ममता-8D.txt
bhakti-katha-devotional	Bhakti Katha Devotional	7f168537-a968-41cb-ba05-f17737463764	घूँघट के पट खोलि दे आली	Hindi	kabir-clubbing	Bhakti & Katha	cover-local	lyrics-ready	43	_radio_index/suno_backup/lyrics/2026-05-10_7f168537_बंसीधर मुकुट.txt
bhakti-katha-devotional	Bhakti Katha Devotional	d33be684-25d7-4e85-87ef-49230095291a	श्याम-धागो धरी	Hindi	sanaatana-vaigyaniq	Classical & Raag	cover-local	lyrics-ready	16	_radio_index/suno_backup/lyrics/2026-05-09_d33be684_श्याम-धागो धरी.txt
bhakti-katha-devotional	Bhakti Katha Devotional	0ad49695-99db-42e9-8a89-cc45b2f0875d	कौन कहे मनुस को जनम अभागो	Hindi	kabir-clubbing	Bhakti & Katha	cover-local	lyrics-ready	16	_radio_index/suno_backup/lyrics/2026-05-09_0ad49695_श्याम-धागो धरी.txt
bhakti-katha-devotional	Bhakti Katha Devotional	20d780b6-4235-4a2e-85ae-2221c73e89ef	श्याम-धागो	Hindi	sanaatana-vaigyaniq	Classical & Raag	cover-local	lyrics-ready	16	_radio_index/suno_backup/lyrics/2026-05-09_20d780b6_श्याम-धागो.txt
bhakti-katha-devotional	Bhakti Katha Devotional	819c6001-5eb8-472a-ae59-0a0ebab6a312	श्याम-धागो	Hindi	sanaatana-vaigyaniq	Classical & Raag	cover-local	lyrics-ready	16	_radio_index/suno_backup/lyrics/2026-05-09_819c6001_श्याम-धागो.txt
bhakti-katha-devotional	Bhakti Katha Devotional	2ad65ecc-4658-4a67-ad4f-68cbd8705a93	तोरी बंसी की तान... सुनन को तरस गए मोरे कान।	Hindi	kabir-clubbing	Bhakti & Katha	cover-local	lyrics-ready	65	_radio_index/suno_backup/lyrics/2026-05-09_2ad65ecc_तोरि बंसी तान.txt
bhakti-katha-devotional	Bhakti Katha Devotional	bc6100f3-8fad-4df5-a8c1-3cd98848d069	तोरी बंसी की तान	Hindi	kabir-clubbing	Bhakti & Katha	cover-local	lyrics-ready	43	_radio_index/suno_backup/lyrics/2026-05-09_bc6100f3_बंसीधर ताज.txt
bhakti-katha-devotional	Bhakti Katha Devotional	52095580-5eef-4721-9a8a-1f615159529c	बंसीधर का ताज	Hindi	gurukul	Other / Misc	cover-local	lyrics-null	0	_radio_index/suno_backup/lyrics/52095580-5eef-4721-9a8a-1f615159529c.txt
bhakti-katha-devotional	Bhakti Katha Devotional	b4c47e00-23e3-4b09-aafa-1ea1cb27d65c	तोरी बंसी की तान	Hindi	kabir-clubbing	Bhakti & Katha	cover-local	lyrics-ready	20	_radio_index/suno_backup/lyrics/2026-05-09_b4c47e00_तोरी बंसी तान.txt
bhakti-katha-devotional	Bhakti Katha Devotional	831ce982-3173-46ec-8fde-6f2a71f624d8	तोरी बंसी तान	Hindi	sanaatana-vaigyaniq	Classical & Raag	cover-local	lyrics-ready	20	_radio_index/suno_backup/lyrics/2026-05-09_831ce982_तोरी बंसी तान.txt
bhakti-katha-devotional	Bhakti Katha Devotional	24d21a4f-0895-4c56-aec7-a4bfa9864ef5	तोरी बंसीतरस	Hindi	sanaatana-vaigyaniq	Classical & Raag	cover-local	lyrics-ready	20	_radio_index/suno_backup/lyrics/2026-05-09_24d21a4f_तोरी बंसीतरस.txt
bhakti-katha-devotional	Bhakti Katha Devotional	0d0501a9-8f1f-4a21-98f0-69b8429600fd	तोरी बंसी की तान	Hindi	kabir-clubbing	Bhakti & Katha	cover-local	lyrics-ready	20	_radio_index/suno_backup/lyrics/2026-05-09_0d0501a9_तोरी बंसीतरस.txt
bhakti-katha-devotional	Bhakti Katha Devotional	86a31444-8c53-4fa0-aba2-cb6ca15aaa59	बंसीधर-तोरि	Hindi	sanaatana-vaigyaniq	Classical & Raag	cover-local	lyrics-ready	20	_radio_index/suno_backup/lyrics/2026-05-09_86a31444_बंसीधर-तोरि.txt
bhakti-katha-devotional	Bhakti Katha Devotional	9a2ad423-1f61-4b9b-896d-68cb77193f5c	तोरी बंसी की तान	Hindi	kabir-clubbing	Bhakti & Katha	cover-local	lyrics-ready	20	_radio_index/suno_backup/lyrics/2026-05-09_9a2ad423_बंसीधर-तोरि.txt
bhakti-katha-devotional	Bhakti Katha Devotional	8e2f8fd9-7f9d-4716-94c1-4bac528a767b	तेरी बंसी की तान	Hindi	kabir-clubbing	Bhakti & Katha	cover-local	lyrics-ready	19	_radio_index/suno_backup/lyrics/2026-05-09_8e2f8fd9_बंसी तान-तड़प.txt
bhakti-katha-devotional	Bhakti Katha Devotional	c10e8a3e-5744-4640-aff1-e1378f937cc5	बंसी तान-तड़प	Hindi	sanaatana-vaigyaniq	Classical & Raag	cover-local	lyrics-ready	19	_radio_index/suno_backup/lyrics/2026-05-09_c10e8a3e_बंसी तान-तड़प.txt
bhakti-katha-devotional	Bhakti Katha Devotional	40960b06-71f2-42db-a4f7-ca440d0a25be	तेरी बंसी की तान	Hindi	kabir-clubbing	Bhakti & Katha	cover-local	lyrics-ready	30	_radio_index/suno_backup/lyrics/2026-05-09_40960b06_बंसी की तान.txt
bhakti-katha-devotional	Bhakti Katha Devotional	2859728c-7217-4382-bc09-22ad41ee0de0	बंसी की तान	Hindi	sanaatana-vaigyaniq	Classical & Raag	cover-local	lyrics-ready	30	_radio_index/suno_backup/lyrics/2026-05-09_2859728c_बंसी की तान.txt
bhakti-katha-devotional	Bhakti Katha Devotional	45ebedf4-7d51-4716-a12b-764243daad4a	Pinki… Pinki… maut ka samaan	English	kabir-clubbing	Bhakti & Katha	cover-local	lyrics-ready	8	_radio_index/suno_backup/lyrics/2026-04-28_45ebedf4_Din Mein Sarpanch.txt
bhakti-katha-devotional	Bhakti Katha Devotional	a5469ce5-e8c0-40f9-86c7-934fe766e66a	चलते पर्वत	Hindi	kabir-clubbing	Bhakti & Katha	cover-local	lyrics-ready	57	_radio_index/suno_backup/lyrics/2026-04-21_a5469ce5_धरती का नून.txt
bhakti-katha-devotional	Bhakti Katha Devotional	3a04f1ee-76c8-4231-a913-8316bd017536	प्यार प्यार प्यार रहे	Hindi	kabir-clubbing	Bhakti & Katha	cover-local	lyrics-ready	50	_radio_index/suno_backup/lyrics/2026-04-21_3a04f1ee_अधिनारा हँसी.txt
bhakti-katha-devotional	Bhakti Katha Devotional	376451ac-cca7-45f8-888b-707b3fce09ba	अंक 1 – शहर	Hindi	kabir-clubbing	Bhakti & Katha	cover-local	lyrics-ready	36	_radio_index/suno_backup/lyrics/2026-04-20_376451ac_आंसू तौल-मोल.txt
bhakti-katha-devotional	Bhakti Katha Devotional	dbccc64f-268b-4c67-b479-32878a298eab	आंसू तौल-मोल	Hindi	kabir-clubbing	Bhakti & Katha	cover-local	lyrics-ready	36	_radio_index/suno_backup/lyrics/2026-04-20_dbccc64f_आंसू तौल-मोल.txt
bhakti-katha-devotional	Bhakti Katha Devotional	134c2704-6219-40e0-ac0d-cb7ea6ad4857	कबीरा न रो	Hindi	kabir-clubbing	Bhakti & Katha	cover-local	lyrics-ready	34	_radio_index/suno_backup/lyrics/2026-04-20_134c2704_माटी घट-विक्री.txt
bhakti-katha-devotional	Bhakti Katha Devotional	5b609e38-5b63-4174-ab7f-05565cfb36bd	कबीरा न रो	Hindi	kabir-clubbing	Bhakti & Katha	cover-local	lyrics-ready	13	_radio_index/suno_backup/lyrics/2026-04-19_5b609e38_Saltless Tears.txt
bhakti-katha-devotional	Bhakti Katha Devotional	a8149b61-2d92-49dc-953c-4ada38600bae	कबीरा न रो	Hindi	kabir-clubbing	Bhakti & Katha	cover-local	lyrics-ready	41	_radio_index/suno_backup/lyrics/2026-04-19_a8149b61_नमक सनक.txt
bhakti-katha-devotional	Bhakti Katha Devotional	3018222c-053b-4835-ac77-5369dfc07619	कबीरा न रो	Hindi	kabir-clubbing	Bhakti & Katha	cover-local	lyrics-ready	63	_radio_index/suno_backup/lyrics/2026-04-19_3018222c_Kabira Sanak.txt
bhakti-katha-devotional	Bhakti Katha Devotional	75a7a676-5662-4f89-b35d-b1f787192f99	कबीरा न रो	Hindi	kabir-clubbing	Bhakti & Katha	cover-local	lyrics-ready	84	_radio_index/suno_backup/lyrics/2026-04-19_75a7a676_नमक की सनक.txt
bhakti-katha-devotional	Bhakti Katha Devotional	119e5763-3ed3-4801-b36d-5146d62459cb	कबीरा न रो	Hindi	kabir-clubbing	Bhakti & Katha	cover-local	lyrics-ready	32	_radio_index/suno_backup/lyrics/2026-04-19_119e5763_कबीरा न रो.txt
bhakti-katha-devotional	Bhakti Katha Devotional	2e0e6ce6-2cc7-486b-a473-7cb8e45e78e8	Kabira na ro	English	kabir-clubbing	Bhakti & Katha	cover-local	lyrics-ready	20	_radio_index/suno_backup/lyrics/2026-04-19_2e0e6ce6_Paisa Sanak.txt
bhakti-katha-devotional	Bhakti Katha Devotional	b9b2a6e0-f8d8-4111-b187-f3d395a61245	नेता नेमा — नमकहराम	Hindi	kabir-clubbing	Bhakti & Katha	cover-local	lyrics-ready	37	_radio_index/suno_backup/lyrics/2026-04-19_b9b2a6e0_पहाडा़ सत्तालोलुप.txt
bhakti-katha-devotional	Bhakti Katha Devotional	9bc77208-c25b-427f-8860-d87651658f49	अंखिया न देखूँ	Hindi	kabir-clubbing	Bhakti & Katha	cover-local	lyrics-ready	41	_radio_index/suno_backup/lyrics/2026-04-17_9bc77208_अंखिया मूँद.txt
bhakti-katha-devotional	Bhakti Katha Devotional	9f37476d-d3d6-4986-94f7-243dd1767838	बंद आँखों से प्रत्यक्ष	Hindi	kabir-clubbing	Bhakti & Katha	cover-local	lyrics-ready	17	_radio_index/suno_backup/lyrics/2026-04-17_9f37476d_Kabir Clubdevotion.txt
bhakti-katha-devotional	Bhakti Katha Devotional	55944a75-e58c-47d0-b0fd-0053dcf655e5	बंद आँखों से प्रत्यक्ष	Hindi	kabir-clubbing	Bhakti & Katha	cover-local	lyrics-ready	27	_radio_index/suno_backup/lyrics/2026-04-17_55944a75_Kabir Pillar Collapse.txt
bhakti-katha-devotional	Bhakti Katha Devotional	261bc9a5-7397-48d4-8adb-d5ddf5d4b2c5	Eyes closed	English	kabir-clubbing	Bhakti & Katha	cover-local	lyrics-ready	10	_radio_index/suno_backup/lyrics/2026-04-17_261bc9a5_Sahair Real Deal.txt
bhakti-katha-devotional	Bhakti Katha Devotional	55b087c3-f3be-437a-9900-27fd029e6c9c	अधूरे से मंत्रों में पूर्ण की परिकल्पना	Hindi	kabir-clubbing	Bhakti & Katha	cover-local	lyrics-ready	27	_radio_index/suno_backup/lyrics/2026-04-17_55b087c3_बंद आँखों का प्रत्यक्ष.txt
bhakti-katha-devotional	Bhakti Katha Devotional	5bb71084-6ab7-4e1b-b9d2-1b1f5dcd962a	ला ला ला ला ला ला	Hindi	kabir-clubbing	Bhakti & Katha	cover-local	lyrics-ready	40	_radio_index/suno_backup/lyrics/2026-04-17_5bb71084_कुचली-पुचली लाला.txt
bhakti-katha-devotional	Bhakti Katha Devotional	23ec5f01-efef-4073-8948-4870619c32c9	ला ला ला ला ला ला	Hindi	kabir-clubbing	Bhakti & Katha	cover-local	lyrics-ready	37	_radio_index/suno_backup/lyrics/2026-04-17_23ec5f01_कुचली पुचली लाला.txt
bhakti-katha-devotional	Bhakti Katha Devotional	9feeffc6-46ed-4d5d-9f48-82803d34d8ca	ला ला ला ला ला ला	Hindi	kabir-clubbing	Bhakti & Katha	cover-local	lyrics-ready	40	_radio_index/suno_backup/lyrics/2026-04-17_9feeffc6_कुचली पुचली लाला.txt
bhakti-katha-devotional	Bhakti Katha Devotional	54bf5f39-3312-4413-8690-fc756c1e073b	लोग कहते हैं तेरे होने से मेरी तदबीर तबाह है	Hindi	kabir-clubbing	Bhakti & Katha	cover-local	lyrics-ready	48	_radio_index/suno_backup/lyrics/2026-04-15_54bf5f39_Log Kahte Hain.txt
bhakti-katha-devotional	Bhakti Katha Devotional	dc660165-69b6-427e-bf5d-63ad71c4fe72	क्या बताऊँ	Hindi	kabir-clubbing	Bhakti & Katha	cover-local	lyrics-ready	78	_radio_index/suno_backup/lyrics/2026-04-15_dc660165_Khaki Naata.txt
bhakti-katha-devotional	Bhakti Katha Devotional	1ce73d27-b360-4dfa-8533-a54c5e1743b0	क्या बयाँ करूँ	Hindi	kabir-clubbing	Bhakti & Katha	cover-local	lyrics-ready	78	_radio_index/suno_backup/lyrics/2026-04-15_1ce73d27_Chirag-Hawa Saza.txt
bhakti-katha-devotional	Bhakti Katha Devotional	42b244c3-4969-4900-a05f-905ab4afdd3a	क्या बयाँ करूँ	Hindi	kabir-clubbing	Bhakti & Katha	cover-local	lyrics-ready	79	_radio_index/suno_backup/lyrics/2026-04-15_42b244c3_تدبیرِ خاک.txt
bhakti-katha-devotional	Bhakti Katha Devotional	ec8c8bad-3326-4953-a468-776d3732f487	Log kahte hain tere hone se meri tadbeer barbaad	English	kabir-clubbing	Bhakti & Katha	cover-local	lyrics-ready	39	_radio_index/suno_backup/lyrics/2026-04-15_ec8c8bad_Tadbeer Barbaad.txt
bhakti-katha-devotional	Bhakti Katha Devotional	b85e41bd-e69a-481f-b12a-88bbf8b8902b	Kya kahoon	English	kabir-clubbing	Bhakti & Katha	cover-local	lyrics-ready	136	_radio_index/suno_backup/lyrics/2026-04-15_b85e41bd_Khaksar Diya.txt
bhakti-katha-devotional	Bhakti Katha Devotional	cba259ca-2b8c-46df-b367-0ff9b780bbe2	कुछ भी व्यर्थ नहीं जाए	Hindi	kabir-clubbing	Bhakti & Katha	cover-local	lyrics-ready	34	_radio_index/suno_backup/lyrics/2026-04-11_cba259ca_दो घडे़ टूटा.txt
bhakti-katha-devotional	Bhakti Katha Devotional	aabfe9a1-a902-4348-9d22-19d7aa99fda5	दो घड़े टूटा	Hindi	gurukul	Other / Misc	cover-local	lyrics-ready	34	_radio_index/suno_backup/lyrics/2026-04-11_aabfe9a1_दो घडे़ टूटा.txt
bhakti-katha-devotional	Bhakti Katha Devotional	bdf3c9a0-9989-4f8e-bca8-bb66f06bc9d7	Ek Ghade	English	gurukul	Other / Misc	cover-local	lyrics-ready	41	_radio_index/suno_backup/lyrics/2026-04-11_bdf3c9a0_Ek Ghade.txt
bhakti-katha-devotional	Bhakti Katha Devotional	8e951426-a919-48cd-9432-5ffbeec40bb2	खो गई पहचान	Hindi	sanaatana-vaigyaniq	Classical & Raag	cover-local	lyrics-ready	18	_radio_index/suno_backup/lyrics/2026-04-02_8e951426_खो गई पहचान.txt
bhakti-katha-devotional	Bhakti Katha Devotional	91dc965a-d24b-4254-bfb1-8d7c28015225	जागता कबीर	Hindi	kabir-clubbing	Bhakti & Katha	cover-local	lyrics-ready	51	_radio_index/suno_backup/lyrics/2026-04-02_91dc965a_जागता कबीर.txt
bhakti-katha-devotional	Bhakti Katha Devotional	e1b56541-6cab-4cc3-af30-269fc2cc21d8	ओ.......... जी......... मेरे........ सरकार......	Hindi	kabir-clubbing	Bhakti & Katha	cover-local	lyrics-ready	57	_radio_index/suno_backup/lyrics/2026-04-01_e1b56541_untitled.txt
bhakti-katha-devotional	Bhakti Katha Devotional	92aab6f9-e79d-4b27-af30-0a7ab03f0536	एक केवट के ले जाने से	Hindi	kabir-clubbing	Bhakti & Katha	cover-local	lyrics-ready	40	_radio_index/suno_backup/lyrics/2026-03-31_92aab6f9_untitled.txt
bhakti-katha-devotional	Bhakti Katha Devotional	83603ef3-3ea0-4277-a309-8bfaadcd9dbc	१. हरियाणवी रागनी	Hindi	kabir-clubbing	Bhakti & Katha	cover-local	lyrics-ready	26	_radio_index/suno_backup/lyrics/2026-03-28_83603ef3_untitled.txt
bhakti-katha-devotional	Bhakti Katha Devotional	982a1594-b969-4c2d-9966-d617a47e4e2d	(untitled)	English	gurukul	Other / Misc	cover-local	lyrics-ready	31	_radio_index/suno_backup/lyrics/2026-03-27_982a1594_untitled.txt
bhakti-katha-devotional	Bhakti Katha Devotional	6ae75b0d-c1cc-4641-b483-6b48a9747ac1	(untitled)	English	gurukul	Other / Misc	cover-local	lyrics-ready	31	_radio_index/suno_backup/lyrics/2026-03-27_6ae75b0d_untitled.txt
bhakti-katha-devotional	Bhakti Katha Devotional	fbbf00c4-df9a-4c12-8222-5a8f83d3d229	ज़ीरो के उन हीरों को	Hindi	kabir-clubbing	Bhakti & Katha	cover-local	lyrics-ready	27	_radio_index/suno_backup/lyrics/2026-03-25_fbbf00c4_untitled.txt
bhakti-katha-devotional	Bhakti Katha Devotional	7d695546-b4a9-4369-8770-054ea7711700	This is for informational purposes only. For med	English	kabir-clubbing	Bhakti & Katha	cover-local	lyrics-ready	22	_radio_index/suno_backup/lyrics/2026-03-25_7d695546_untitled.txt
bhakti-katha-devotional	Bhakti Katha Devotional	c6c9c569-2051-4d98-ba3c-85f7982b04b9	विदाई रो दुख लागे रे	Hindi	kabir-clubbing	Bhakti & Katha	cover-local	lyrics-ready	21	_radio_index/suno_backup/lyrics/2026-03-24_c6c9c569_untitled.txt
bhakti-katha-devotional	Bhakti Katha Devotional	a41086c8-d15a-40b1-a8c7-8a6d0a450688	दादा फौजी बनवा दे न	Hindi	kabir-clubbing	Bhakti & Katha	cover-local	lyrics-ready	24	_radio_index/suno_backup/lyrics/2026-03-24_a41086c8_untitled.txt
bhakti-katha-devotional	Bhakti Katha Devotional	42eea408-81a9-4c2f-8ffb-8d5c5656d202	फौजी बनवा दे न	Hindi	kabir-clubbing	Bhakti & Katha	cover-local	lyrics-ready	53	_radio_index/suno_backup/lyrics/2026-03-23_42eea408_untitled.txt
bhakti-katha-devotional	Bhakti Katha Devotional	8d7517ab-5f3a-4d8e-b2e4-92f170be6ed4	maa… maa… maa	English	kabir-clubbing	Bhakti & Katha	cover-local	lyrics-ready	78	_radio_index/suno_backup/lyrics/2026-03-22_8d7517ab_untitled.txt
bhakti-katha-devotional	Bhakti Katha Devotional	1482a051-de1c-4ca4-bc3b-2a183763c075	ए री माता गौर आई रे	Hindi	kabir-clubbing	Bhakti & Katha	cover-local	lyrics-ready	100	_radio_index/suno_backup/lyrics/2026-03-21_1482a051_neural jogi.txt
bhakti-katha-devotional	Bhakti Katha Devotional	e09752f7-8498-4ed6-bcf6-594f85308686	गणगौर आई रे	Hindi	kabir-clubbing	Bhakti & Katha	cover-local	lyrics-ready	48	_radio_index/suno_backup/lyrics/2026-03-21_e09752f7_neural jogi.txt
bhakti-katha-devotional	Bhakti Katha Devotional	9b907c3a-8874-4c5a-93bb-ba08f8477cdc	neural jogi	English	gurukul	Other / Misc	cover-local	lyrics-ready	100	_radio_index/suno_backup/lyrics/2026-03-21_9b907c3a_neural jogi.txt
bhakti-katha-devotional	Bhakti Katha Devotional	050e19ec-ac35-452e-bb9e-16277b396b08	गणगौर आई रे… आई रे… आई रे	Hindi	kabir-clubbing	Bhakti & Katha	cover-local	lyrics-ready	22	_radio_index/suno_backup/lyrics/2026-03-21_050e19ec_neural jogi.txt
bhakti-katha-devotional	Bhakti Katha Devotional	75687504-db82-463a-96f8-62dd4c6ad2b1	gangaur aayi re aayi re aayi re	English	kabir-clubbing	Bhakti & Katha	cover-local	lyrics-ready	21	_radio_index/suno_backup/lyrics/2026-03-21_75687504_neural jogi.txt
bhakti-katha-devotional	Bhakti Katha Devotional	971b76d4-9982-4b49-9419-b8e39097a769	हे र अ अ अ	Hindi	kabir-clubbing	Bhakti & Katha	cover-local	lyrics-ready	26	_radio_index/suno_backup/lyrics/2026-03-20_971b76d4_chhor de.txt
bhakti-katha-devotional	Bhakti Katha Devotional	5b1a2a19-1787-49a9-b01a-795121534e08	Dekh mere yaar	English	kabir-clubbing	Bhakti & Katha	cover-local	lyrics-ready	27	_radio_index/suno_backup/lyrics/2026-03-20_5b1a2a19_chhor de.txt
bhakti-katha-devotional	Bhakti Katha Devotional	a33956a5-2081-468d-b0aa-1507b51cf541	हे र अ अ अ...	Hindi	kabir-clubbing	Bhakti & Katha	cover-local	lyrics-ready	42	_radio_index/suno_backup/lyrics/2026-03-20_a33956a5_chhor de.txt
bhakti-katha-devotional	Bhakti Katha Devotional	5813c3d7-64ae-4dcd-86cc-6c4cc319f0d7	He Ra a a a	English	kabir-clubbing	Bhakti & Katha	cover-local	lyrics-ready	51	_radio_index/suno_backup/lyrics/2026-03-20_5813c3d7_untitled.txt
bhakti-katha-devotional	Bhakti Katha Devotional	7c45ec0d-f3b8-4cb9-beaf-2d74f4302da5	रत्नावली की रत्नावली	Hindi	kabir-clubbing	Bhakti & Katha	cover-local	lyrics-ready	125	_radio_index/suno_backup/lyrics/2026-03-20_7c45ec0d_neural jogi.txt
bhakti-katha-devotional	Bhakti Katha Devotional	69ad7184-23e8-475b-8193-a947d68dc738	लालाल-लाल हनु होनी बोले	Hindi	kabir-clubbing	Bhakti & Katha	cover-local	lyrics-ready	79	_radio_index/suno_backup/lyrics/2026-03-15_69ad7184_untitled.txt
bhakti-katha-devotional	Bhakti Katha Devotional	a8134b33-18e5-4f3f-a044-32a2f8db1161	लालाल-लाल हनु होनी बोले	Hindi	kabir-clubbing	Bhakti & Katha	cover-local	lyrics-ready	82	_radio_index/suno_backup/lyrics/2026-03-15_a8134b33_untitled.txt
bhakti-katha-devotional	Bhakti Katha Devotional	b3f171d7-567c-439e-9d6c-8aec3854e4a1	मने मेरी माँ	Hindi	kabir-clubbing	Bhakti & Katha	cover-local	lyrics-ready	88	_radio_index/suno_backup/lyrics/2026-03-15_b3f171d7_untitled.txt
bhakti-katha-devotional	Bhakti Katha Devotional	9b80022a-996a-488b-82c6-8377e3dda26a	(untitled)	English	kabir-clubbing	Bhakti & Katha	cover-local	lyrics-ready	19	_radio_index/suno_backup/lyrics/2026-03-15_9b80022a_untitled.txt
bhakti-katha-devotional	Bhakti Katha Devotional	4edf51d3-f4e1-4827-a506-85192bc47867	दृश्य: महामात्य का 'विराट' क्रोध	Hindi	kabir-clubbing	Bhakti & Katha	cover-local	lyrics-ready	19	_radio_index/suno_backup/lyrics/2026-03-15_4edf51d3_untitled.txt
bhakti-katha-devotional	Bhakti Katha Devotional	ca39964f-fe6f-417b-8869-8ff0a2749fab	(untitled)	English	kabir-clubbing	Bhakti & Katha	cover-local	lyrics-ready	13	_radio_index/suno_backup/lyrics/2026-03-15_ca39964f_untitled.txt
bhakti-katha-devotional	Bhakti Katha Devotional	98fd044c-85e8-4661-bfd1-c295679b7801	(untitled)	English	kabir-clubbing	Bhakti & Katha	cover-local	lyrics-ready	13	_radio_index/suno_backup/lyrics/2026-03-15_98fd044c_untitled.txt
bhakti-katha-devotional	Bhakti Katha Devotional	5dae1dc4-0ca1-43fa-8d39-63cbce1d6cc4	मने मेरी माँ	Hindi	kabir-clubbing	Bhakti & Katha	cover-local	lyrics-ready	177	_radio_index/suno_backup/lyrics/2026-03-15_5dae1dc4_untitled.txt
bhakti-katha-devotional	Bhakti Katha Devotional	fe0a5f9a-addb-4bcf-8cec-503ccf732ea0	मने मेरी माँ	Hindi	kabir-clubbing	Bhakti & Katha	cover-local	lyrics-ready	177	_radio_index/suno_backup/lyrics/2026-03-15_fe0a5f9a_untitled.txt
bhakti-katha-devotional	Bhakti Katha Devotional	8372084d-8049-4db1-a68a-fd8ac5eb438c	मने मेरी माँ	Hindi	kabir-clubbing	Bhakti & Katha	cover-local	lyrics-ready	96	_radio_index/suno_backup/lyrics/2026-03-15_8372084d_untitled.txt
bhakti-katha-devotional	Bhakti Katha Devotional	4bb71763-a381-4680-aace-94dddb13d3f5	सुनो र मेरी शान फौजी	Hindi	kabir-clubbing	Bhakti & Katha	cover-local	lyrics-ready	32	_radio_index/suno_backup/lyrics/2026-03-13_4bb71763_untitled.txt
bhakti-katha-devotional	Bhakti Katha Devotional	d4ffa363-4285-40ba-8e17-48ff83716c88	हाय र मेरी शान फौजी	Hindi	kabir-clubbing	Bhakti & Katha	cover-local	lyrics-ready	46	_radio_index/suno_backup/lyrics/2026-03-13_d4ffa363_untitled.txt
bhakti-katha-devotional	Bhakti Katha Devotional	00dc1de7-95fa-48ae-98bc-cfa3a4e35ef3	हाय र मेरी शान फौजी	Hindi	kabir-clubbing	Bhakti & Katha	cover-local	lyrics-ready	70	_radio_index/suno_backup/lyrics/2026-03-13_00dc1de7_untitled.txt
bhakti-katha-devotional	Bhakti Katha Devotional	ee50a4e3-c4b6-4f9b-9063-c75f82168ff5	जय हिन्द – जय हिन्द के नारे त	Hindi	kabir-clubbing	Bhakti & Katha	cover-local	lyrics-ready	48	_radio_index/suno_backup/lyrics/2026-03-13_ee50a4e3_untitled.txt
bhakti-katha-devotional	Bhakti Katha Devotional	ba695ae4-1b95-4193-b8db-5a873b79c6c4	म्हारी माता के मस्तक पे	Hindi	kabir-clubbing	Bhakti & Katha	cover-local	lyrics-ready	76	_radio_index/suno_backup/lyrics/2026-03-12_ba695ae4_untitled.txt
bhakti-katha-devotional	Bhakti Katha Devotional	01105ba5-4a3d-4314-8720-0437796ffc45	नम्मा	Hindi	kabir-clubbing	Bhakti & Katha	cover-local	lyrics-ready	92	_radio_index/suno_backup/lyrics/2026-03-12_01105ba5_untitled.txt
bhakti-katha-devotional	Bhakti Katha Devotional	711f7e2e-f0b6-4c14-8e99-e10c4e480b9e	दौड़ में सब जीत लिया	Hindi	kabir-clubbing	Bhakti & Katha	cover-local	lyrics-ready	38	_radio_index/suno_backup/lyrics/2026-03-12_711f7e2e_untitled.txt
bhakti-katha-devotional	Bhakti Katha Devotional	ffa5cf10-0865-4bac-9d60-f37822b2f922	Verse 1	English	kabir-clubbing	Bhakti & Katha	cover-local	lyrics-ready	40	_radio_index/suno_backup/lyrics/2026-03-12_ffa5cf10_untitled.txt
bhakti-katha-devotional	Bhakti Katha Devotional	b3551c59-d528-429c-a6a6-0768b5981845	उत्कर्ष का आभास है	Hindi	kabir-clubbing	Bhakti & Katha	cover-local	lyrics-ready	28	_radio_index/suno_backup/lyrics/2026-03-11_b3551c59_muniya.txt
bhakti-katha-devotional	Bhakti Katha Devotional	a25843ec-cf77-404a-ba33-1c77bf208a5f	जय सिया राम	Hindi	kabir-clubbing	Bhakti & Katha	cover-local	lyrics-ready	76	_radio_index/suno_backup/lyrics/2026-03-10_a25843ec_ram ki gilahari.txt
bhakti-katha-devotional	Bhakti Katha Devotional	1a0e5d48-e452-49c3-aa99-901dbf9b1e23	राम की गिलहरी का एक ही काम	Hindi	kabir-clubbing	Bhakti & Katha	cover-local	lyrics-ready	11	_radio_index/suno_backup/lyrics/2026-03-10_1a0e5d48_पपिया.txt
bhakti-katha-devotional	Bhakti Katha Devotional	e60a91fa-776c-4076-8d17-2b16fc0b4a46	जय सिया राम	Hindi	kabir-clubbing	Bhakti & Katha	cover-local	lyrics-ready	38	_radio_index/suno_backup/lyrics/2026-03-10_e60a91fa_पपिया.txt
bhakti-katha-devotional	Bhakti Katha Devotional	fb702292-2df5-48c4-a411-e9ef6e6dee7c	तू तो न्यू चाले छोरी	Hindi	kabir-clubbing	Bhakti & Katha	cover-local	lyrics-ready	58	_radio_index/suno_backup/lyrics/2026-03-10_fb702292_mahadev.txt
bhakti-katha-devotional	Bhakti Katha Devotional	40f5ec47-9a5c-45e0-8821-71f32e377d2c	अगड़म बगड़म डिगड़म डू	Hindi	kabir-clubbing	Bhakti & Katha	cover-local	lyrics-ready	53	_radio_index/suno_backup/lyrics/2026-03-10_40f5ec47_mahadev.txt
bhakti-katha-devotional	Bhakti Katha Devotional	6815cf49-e461-4ae3-a61f-755b3568de88	माएं तू मान जाइये रि	Hindi	kabir-clubbing	Bhakti & Katha	cover-local	lyrics-ready	30	_radio_index/suno_backup/lyrics/2026-03-10_6815cf49_bhagat ki maa.txt
bhakti-katha-devotional	Bhakti Katha Devotional	c7eb6659-3af1-4afd-9c2e-73cd9ddbaa3a	माएं तू मान जाइये रि	Hindi	kabir-clubbing	Bhakti & Katha	cover-local	lyrics-ready	37	_radio_index/suno_backup/lyrics/2026-03-10_c7eb6659_bhagat ki maa.txt
kabir-sufi-qawwali	Kabir Sufi Qawwali	d02ff9aa-08de-4c3c-894a-5d78bf3883f8	जैठ की दुपहरी	Hindi	ameerpur	Love & Virah	cover-local	lyrics-ready	25	_radio_index/suno_backup/lyrics/2026-05-15_d02ff9aa_जैठ की दुपहरी.txt
kabir-sufi-qawwali	Kabir Sufi Qawwali	f5f173d2-b941-4beb-8383-123e56486214	सिलेंस के पार	Hindi	gurukul	Other / Misc	cover-local	lyrics-ready	36	_radio_index/suno_backup/lyrics/2026-05-13_f5f173d2_सिलेंस के पार.txt
kabir-sufi-qawwali	Kabir Sufi Qawwali	2b4d9843-2835-4383-b5f5-f90a9f2cde42	घुटने-छुपा एक	Hindi	gurukul	Other / Misc	cover-local	lyrics-ready	61	_radio_index/suno_backup/lyrics/2026-05-13_2b4d9843_घुटने-छुपा एक.txt
kabir-sufi-qawwali	Kabir Sufi Qawwali	b25c705c-37d8-4b8f-8f80-49fc861fb6a5	नाम-छुपा दाता	Hindi	gurukul	Other / Misc	cover-local	lyrics-ready	37	_radio_index/suno_backup/lyrics/2026-05-13_b25c705c_नाम-छुपा दाता.txt
kabir-sufi-qawwali	Kabir Sufi Qawwali	31e87d44-ff07-4ab5-8a2d-4381d75a2b64	Tujh Par भरोसा	English	gurukul	Other / Misc	cover-local	lyrics-ready	1	_radio_index/suno_backup/lyrics/2026-05-13_31e87d44_Tujh Par भरोसा.txt
kabir-sufi-qawwali	Kabir Sufi Qawwali	bd82b09f-8f58-4b13-8ae8-b3c88ea71ee4	बंसी तान बिरह	Hindi	gurukul	Other / Misc	cover-local	lyrics-ready	43	_radio_index/suno_backup/lyrics/2026-05-10_bd82b09f_बंसी तान बिरह.txt
kabir-sufi-qawwali	Kabir Sufi Qawwali	cb3b5a5b-0158-437f-bb0f-a905d88de403	बंसी तान बिरह	Hindi	gurukul	Other / Misc	cover-local	lyrics-ready	43	_radio_index/suno_backup/lyrics/2026-05-10_cb3b5a5b_बंसी तान बिरह.txt
kabir-sufi-qawwali	Kabir Sufi Qawwali	6093fffc-e0fc-44c3-b9b9-66d4d27c8180	तोरि बंसी तान	Hindi	gurukul	Other / Misc	cover-local	lyrics-ready	65	_radio_index/suno_backup/lyrics/2026-05-09_6093fffc_तोरि बंसी तान.txt
kabir-sufi-qawwali	Kabir Sufi Qawwali	87cb98e9-3781-4876-86b0-4540f8ecf4b1	रेत पर निशाँ	Hindi	gurukul	Other / Misc	cover-local	lyrics-ready	17	_radio_index/suno_backup/lyrics/2026-04-22_87cb98e9_रेत पर निशाँ.txt
kabir-sufi-qawwali	Kabir Sufi Qawwali	2571d6ce-4581-46f0-979a-ad146a326d31	Chirag-Hawa Saza	English	gurukul	Other / Misc	cover-local	lyrics-ready	78	_radio_index/suno_backup/lyrics/2026-04-15_2571d6ce_Chirag-Hawa Saza.txt
kabir-sufi-qawwali	Kabir Sufi Qawwali	e34d5702-04b2-4e44-8ee0-ba8fa513b3f9	Khaki Naata	English	gurukul	Other / Misc	cover-local	lyrics-ready	78	_radio_index/suno_backup/lyrics/2026-04-15_e34d5702_Khaki Naata.txt
kabir-sufi-qawwali	Kabir Sufi Qawwali	eb83681b-2fdb-4f0f-b17b-e4d834c5e311	تدبیرِ خاک	Hindi	gurukul	Other / Misc	cover-local	lyrics-ready	79	_radio_index/suno_backup/lyrics/2026-04-15_eb83681b_تدبیرِ خاک.txt
kabir-sufi-qawwali	Kabir Sufi Qawwali	6cd28c91-198a-4d8b-bad2-26ebd34288a2	Khaksar Diya	English	gurukul	Other / Misc	cover-local	lyrics-ready	136	_radio_index/suno_backup/lyrics/2026-04-15_6cd28c91_Khaksar Diya.txt
kabir-sufi-qawwali	Kabir Sufi Qawwali	a9b3bf78-406c-4fae-a4ad-3cb4afe8447b	साँस की गुंजाइश	Hindi	sanaatana-vaigyaniq	Classical & Raag	cover-local	lyrics-ready	17	_radio_index/suno_backup/lyrics/2026-04-15_a9b3bf78_साँस की गुंजाइश.txt
kabir-sufi-qawwali	Kabir Sufi Qawwali	f4b382b7-da16-448e-8a6b-1e49367d23d6	साँस की गुंजाइश	Hindi	sanaatana-vaigyaniq	Classical & Raag	cover-local	lyrics-ready	17	_radio_index/suno_backup/lyrics/2026-04-15_f4b382b7_साँस की गुंजाइश.txt
kabir-sufi-qawwali	Kabir Sufi Qawwali	37fb9699-f1ca-49b8-acaa-6903ab65d04b	सांस-गुंजाइश	Hindi	sanaatana-vaigyaniq	Classical & Raag	cover-local	lyrics-ready	17	_radio_index/suno_backup/lyrics/2026-04-15_37fb9699_सांस-गुंजाइश.txt
kabir-sufi-qawwali	Kabir Sufi Qawwali	b6c9f3e8-e3b5-4dc5-84ea-bea07bfc4631	Toota Ghadaa Gaaye	English	sanaatana-vaigyaniq	Classical & Raag	cover-local	lyrics-ready	47	_radio_index/suno_backup/lyrics/2026-04-11_b6c9f3e8_Toota Ghadaa Gaaye.txt
kabir-sufi-qawwali	Kabir Sufi Qawwali	c866c36a-ad31-4461-a2df-711fcbb455d4	रिश्ता है!!	Hindi	sanaatana-vaigyaniq	Classical & Raag	cover-local	lyrics-ready	36	_radio_index/suno_backup/lyrics/2026-04-04_c866c36a_रिश्ता है!!.txt
kabir-sufi-qawwali	Kabir Sufi Qawwali	5310feb2-43cf-491d-a8cf-058a6e885ea5	रिश्ता-नाल-इम्तिहाँ	Hindi	sanaatana-vaigyaniq	Classical & Raag	cover-local	lyrics-ready	36	_radio_index/suno_backup/lyrics/2026-04-04_5310feb2_रिश्ता-नाल-इम्तिहाँ.txt
kabir-sufi-qawwali	Kabir Sufi Qawwali	7c76f4be-b274-4727-952b-4bd968da0040	रिश्ता-नाल-इम्तिहाँ	Hindi	sanaatana-vaigyaniq	Classical & Raag	cover-local	lyrics-ready	36	_radio_index/suno_backup/lyrics/2026-04-04_7c76f4be_रिश्ता-नाल-इम्तिहाँ.txt
kabir-sufi-qawwali	Kabir Sufi Qawwali	887fa5d3-8f3a-458d-a688-c674623e6c56	रिश्ता आलाپ	Hindi	sanaatana-vaigyaniq	Classical & Raag	cover-local	lyrics-ready	42	_radio_index/suno_backup/lyrics/2026-04-04_887fa5d3_रिश्ता आलाپ.txt
kabir-sufi-qawwali	Kabir Sufi Qawwali	5f341636-2cac-4b43-abf7-f4ebd3899795	रिश्ता आलाپ	Hindi	sanaatana-vaigyaniq	Classical & Raag	cover-local	lyrics-ready	42	_radio_index/suno_backup/lyrics/2026-04-04_5f341636_रिश्ता आलाپ.txt
kabir-sufi-qawwali	Kabir Sufi Qawwali	eea1f46e-7cbb-441d-abcb-52a46144583a	(untitled)	English	ameerpur	Love & Virah	cover-local	lyrics-ready	55	_radio_index/suno_backup/lyrics/2026-03-19_eea1f46e_untitled.txt
kabir-sufi-qawwali	Kabir Sufi Qawwali	0c99df73-cc56-439f-a358-0cdbaff0f6f3	del	English	ameerpur	Love & Virah	cover-local	lyrics-ready	65	_radio_index/suno_backup/lyrics/2026-03-10_0c99df73_del.txt
kabir-sufi-qawwali	Kabir Sufi Qawwali	ce3542f2-07bf-4e0e-94d0-849e29cc7cc7	del	English	ameerpur	Love & Virah	cover-local	lyrics-ready	65	_radio_index/suno_backup/lyrics/2026-03-10_ce3542f2_del.txt
neural-ai-radio-lab	Neural AI Radio Lab	2cba3a04-39a7-4cb7-8c74-33800f3a25d7	काली कलम	Hindi	kabir-clubbing	Naagin & Mystic	cover-local	lyrics-ready	83	_radio_index/suno_backup/lyrics/2026-05-24_2cba3a04_काली कलम.txt
neural-ai-radio-lab	Neural AI Radio Lab	3c08a390-57b0-4deb-b710-ffd81cd63cec	Ka Kau Question	English	kabir-clubbing	Naagin & Mystic	cover-local	lyrics-ready	131	_radio_index/suno_backup/lyrics/2026-05-24_3c08a390_Ka Kau Question.txt
neural-ai-radio-lab	Neural AI Radio Lab	ac3bbd7c-13ce-4c58-8852-a3ba11cf9d62	कोर लॉग्स लाइव	Hindi	gurukul	Other / Misc	cover-local	lyrics-ready	1	_radio_index/suno_backup/lyrics/2026-05-22_ac3bbd7c_कोर लॉग्स लाइव.txt
neural-ai-radio-lab	Neural AI Radio Lab	515aac2c-c52d-4c0d-baa0-080f2902d9d3	main daudta raha	English	gurukul	Other / Misc	cover-null	lyrics-ready	24	_radio_index/suno_backup/lyrics/2026-04-08_515aac2c_Dada Tak.txt
neural-ai-radio-lab	Neural AI Radio Lab	0cf02bcf-c380-42a6-baba-564f159d1717	(untitled)	English	gurukul	Other / Misc	cover-local	lyrics-ready	43	_radio_index/suno_backup/lyrics/2026-03-28_0cf02bcf_untitled.txt
neural-ai-radio-lab	Neural AI Radio Lab	c01a92ed-1135-4bc5-b9f6-7ec8eaeef43c	(untitled)	English	gurukul	Other / Misc	cover-local	lyrics-ready	168	_radio_index/suno_backup/lyrics/2026-03-23_c01a92ed_untitled.txt
neural-ai-radio-lab	Neural AI Radio Lab	200d3cac-7b7b-437a-8877-c560fdd74b80	neural jogi	English	sanaatana-vaigyaniq	Classical & Raag	cover-local	lyrics-ready	125	_radio_index/suno_backup/lyrics/2026-03-20_200d3cac_neural jogi.txt
neural-ai-radio-lab	Neural AI Radio Lab	9b025b3c-78a3-487c-8d1f-7af1bb72fa2b	(untitled)	English	gurukul	Other / Misc	cover-local	lyrics-ready	106	_radio_index/suno_backup/lyrics/2026-03-15_9b025b3c_untitled.txt
neural-ai-radio-lab	Neural AI Radio Lab	1300d386-6424-4a89-b7ca-77780a29db42	(untitled)	English	gurukul	Other / Misc	cover-local	lyrics-ready	96	_radio_index/suno_backup/lyrics/2026-03-15_1300d386_untitled.txt
neural-ai-radio-lab	Neural AI Radio Lab	4c78ef45-06b9-4c43-a575-3ffb6e0fa7b7	(untitled)	English	gurukul	Other / Misc	cover-local	lyrics-ready	96	_radio_index/suno_backup/lyrics/2026-03-15_4c78ef45_untitled.txt
neural-ai-radio-lab	Neural AI Radio Lab	558e63bc-7079-4a66-ac9e-a5dd188afd14	(untitled)	English	gurukul	Other / Misc	cover-local	lyrics-ready	45	_radio_index/suno_backup/lyrics/2026-03-14_558e63bc_untitled.txt
neural-ai-radio-lab	Neural AI Radio Lab	b2771eb5-3689-4318-82e1-aebe591bb103	(untitled)	English	gurukul	Other / Misc	cover-local	lyrics-ready	45	_radio_index/suno_backup/lyrics/2026-03-14_b2771eb5_untitled.txt
neural-ai-radio-lab	Neural AI Radio Lab	edddf045-01a6-446c-bff3-49e2fc953d69	(untitled)	English	gurukul	Other / Misc	cover-local	lyrics-ready	45	_radio_index/suno_backup/lyrics/2026-03-14_edddf045_untitled.txt
neural-ai-radio-lab	Neural AI Radio Lab	6afe4ba5-a95a-437f-8ba4-09ea1e0d7589	(untitled)	English	gurukul	Other / Misc	cover-local	lyrics-ready	41	_radio_index/suno_backup/lyrics/2026-03-14_6afe4ba5_untitled.txt
neural-ai-radio-lab	Neural AI Radio Lab	1a7174d9-5a96-48f4-8450-a514eb467683	(untitled)	English	gurukul	Other / Misc	cover-local	lyrics-ready	37	_radio_index/suno_backup/lyrics/2026-03-13_1a7174d9_untitled.txt
neural-ai-radio-lab	Neural AI Radio Lab	90a76515-aa8d-4b2a-9a7a-71e21acfebe1	sannata	English	gurukul	Other / Misc	cover-local	lyrics-ready	25	_radio_index/suno_backup/lyrics/2026-03-10_90a76515_sannata.txt
neural-ai-radio-lab	Neural AI Radio Lab	52e21e25-80af-4053-a195-24884c96e8be	sannata	English	gurukul	Other / Misc	cover-local	lyrics-ready	25	_radio_index/suno_backup/lyrics/2026-03-10_52e21e25_sannata.txt
neural-ai-radio-lab	Neural AI Radio Lab	1c7fc244-297c-434e-9ae6-57a76707f38d	Nahi hai koi shikva tumse ki tumhari koi nahi kh	English	ameerpur	Desh / Patriotic	cover-local	lyrics-ready	17	_radio_index/suno_backup/lyrics/2026-03-10_1c7fc244_dil_jaleel.txt
classical-raga-darbar	Classical Raga Darbar	97f6c423-1e8d-4dec-92a5-a11b38363ee4	माँ की ममता-8D	English	sanaatana-vaigyaniq	Classical & Raag	cover-local	lyrics-ready	42	_radio_index/suno_backup/lyrics/2026-05-10_97f6c423_माँ की ममता-8D.txt
classical-raga-darbar	Classical Raga Darbar	cf6d9e3e-ae51-435d-895a-c4d7f95ebf4d	मिट्टी-तालि उछाल	Hindi	gurukul	Other / Misc	cover-local	lyrics-ready	46	_radio_index/suno_backup/lyrics/2026-05-10_cf6d9e3e_मिट्टी-तालि उछाल.txt
classical-raga-darbar	Classical Raga Darbar	a0c2cd04-1c26-49ec-b699-610ef0a62630	बंसी की तान	Hindi	gurukul	Other / Misc	cover-local	lyrics-ready	47	_radio_index/suno_backup/lyrics/2026-05-10_a0c2cd04_बंसी की तान.txt
classical-raga-darbar	Classical Raga Darbar	4086da7e-a7d2-40ff-8851-44664db08a56	सर्द झोंके	Hindi	sanaatana-vaigyaniq	Classical & Raag	cover-local	lyrics-ready	48	_radio_index/suno_backup/lyrics/2026-04-16_4086da7e_सर्द झोंके.txt
classical-raga-darbar	Classical Raga Darbar	143c21d0-d594-407b-b732-0b8d048a530c	सर्द झोंके	Hindi	sanaatana-vaigyaniq	Classical & Raag	cover-local	lyrics-ready	48	_radio_index/suno_backup/lyrics/2026-04-16_143c21d0_सर्द झोंके.txt
classical-raga-darbar	Classical Raga Darbar	f3d54008-8c4c-4587-9e7f-360cd09bb378	सर्द झोंके-ड्रिल	Hindi	sanaatana-vaigyaniq	Classical & Raag	cover-local	lyrics-ready	48	_radio_index/suno_backup/lyrics/2026-04-16_f3d54008_सर्द झोंके-ड्रिल.txt
classical-raga-darbar	Classical Raga Darbar	01bede88-dab1-420a-a9d1-2fd6f4f8b71b	सर्द झोंके-ड्रिल	Hindi	sanaatana-vaigyaniq	Classical & Raag	cover-local	lyrics-ready	48	_radio_index/suno_backup/lyrics/2026-04-16_01bede88_सर्द झोंके-ड्रिल.txt
classical-raga-darbar	Classical Raga Darbar	e7c87a7c-4f0b-438c-8846-2b6ff056e7a6	लम्स-ए-हवा	Hindi	sanaatana-vaigyaniq	Classical & Raag	cover-local	lyrics-ready	48	_radio_index/suno_backup/lyrics/2026-04-16_e7c87a7c_लम्स-ए-हवा.txt
classical-raga-darbar	Classical Raga Darbar	fb4055fe-37de-4a6c-a098-7c00c77c048f	Lams-e-Hawa Drone	English	sanaatana-vaigyaniq	Classical & Raag	cover-local	lyrics-ready	48	_radio_index/suno_backup/lyrics/2026-04-16_fb4055fe_Lams-e-Hawa Drone.txt
classical-raga-darbar	Classical Raga Darbar	59d3489b-c33c-4509-bbff-c4bfdb962cda	पीएच कला-दीक्षित अदालत	Hindi	sanaatana-vaigyaniq	Classical & Raag	cover-local	lyrics-ready	31	_radio_index/suno_backup/lyrics/2026-04-13_59d3489b_पीएच कला-दीक्षित अदालत.txt
classical-raga-darbar	Classical Raga Darbar	0fe62a75-f9ed-431e-9780-297f79a24721	P.H.K.D. अदालत	English	sanaatana-vaigyaniq	Classical & Raag	cover-local	lyrics-ready	31	_radio_index/suno_backup/lyrics/2026-04-13_0fe62a75_P.H.K.D. अदालत.txt
classical-raga-darbar	Classical Raga Darbar	d80e4b3a-e710-464d-b061-83ff02e2c7da	पीएच कला-दीक्षित अदालत	Hindi	sanaatana-vaigyaniq	Classical & Raag	cover-local	lyrics-ready	31	_radio_index/suno_backup/lyrics/2026-04-13_d80e4b3a_पीएच कला-दीक्षित अदालत.txt
classical-raga-darbar	Classical Raga Darbar	fa7b702f-3dea-44bc-967c-93860cd46e1a	आवाज़ों की अदालत	Hindi	sanaatana-vaigyaniq	Classical & Raag	cover-local	lyrics-ready	34	_radio_index/suno_backup/lyrics/2026-04-13_fa7b702f_आवाजों़ की अदालत.txt
classical-raga-darbar	Classical Raga Darbar	f5b153c7-06ea-4ec2-9553-41c64e7105b4	Raga Yaman	English	gurukul	Other / Misc	cover-local	lyrics-ready	53	_radio_index/suno_backup/lyrics/2026-04-02_f5b153c7_Raga Yaman.txt
classical-raga-darbar	Classical Raga Darbar	dd8e3e0b-2ec6-4e7f-b8a9-5a53d281c275	सोए मन जाग	Hindi	sanaatana-vaigyaniq	Classical & Raag	cover-local	lyrics-ready	48	_radio_index/suno_backup/lyrics/2026-04-02_dd8e3e0b_सोए मन जाग.txt
classical-raga-darbar	Classical Raga Darbar	0823ba9f-bc73-4d90-a3f7-90ee284167ab	स्वर्ण पताका उड़ रही	Hindi	sanaatana-vaigyaniq	Classical & Raag	cover-local	lyrics-ready	20	_radio_index/suno_backup/lyrics/2026-04-02_0823ba9f_स्वर्ण पताका उड़ रही.txt
classical-raga-darbar	Classical Raga Darbar	1793b6b5-9f36-4f77-a6fa-630d6a66cdbb	kudru ki beti naagin	English	sanaatana-vaigyaniq	Classical & Raag	cover-local	lyrics-ready	56	_radio_index/suno_backup/lyrics/2026-03-16_1793b6b5_kudru ki beti naagin.txt
classical-raga-darbar	Classical Raga Darbar	a8b958f9-3065-46de-bc14-080bd949892e	सुन रे जग के यात्री	Hindi	sanaatana-vaigyaniq	Classical & Raag	cover-local	lyrics-ready	76	_radio_index/suno_backup/lyrics/2026-03-15_a8b958f9_untitled.txt
classical-raga-darbar	Classical Raga Darbar	9255b006-4615-4e25-8de3-371066006607	bhagat ki maa	English	sanaatana-vaigyaniq	Classical & Raag	cover-local	lyrics-ready	30	_radio_index/suno_backup/lyrics/2026-03-10_9255b006_bhagat ki maa.txt
dark-experimental-soundscapes	Dark Experimental Soundscapes	7fb4da9f-98db-4b16-a0e8-40fccfa0e245	Money-Drags Us	English	gurukul	Other / Misc	cover-local	lyrics-ready	46	_radio_index/suno_backup/lyrics/2026-04-15_7fb4da9f_Money-Drags Us.txt
dark-experimental-soundscapes	Dark Experimental Soundscapes	31752ecb-d9f6-4d7f-8582-96ad901c2bff	(untitled)	English	gurukul	Other / Misc	cover-local	lyrics-ready	22	_radio_index/suno_backup/lyrics/2026-03-25_31752ecb_untitled.txt
dark-experimental-soundscapes	Dark Experimental Soundscapes	da8bd16a-76ab-4e2f-a35e-fb138515ce39	(untitled)	English	gurukul	Other / Misc	cover-local	lyrics-ready	31	_radio_index/suno_backup/lyrics/2026-03-14_da8bd16a_untitled.txt
love-virah-ghazal	Love Virah Ghazal	6c05306f-bf60-44fc-9a7c-cd6a8d07190d	छुक-छुक चलती भाषा की गाड़ी	Hindi	ameerpur	Love & Virah	cover-local	lyrics-ready	28	_radio_index/suno_backup/lyrics/2026-05-23_6c05306f_छुक-छुक गाडी़.txt
love-virah-ghazal	Love Virah Ghazal	935837be-7dfb-4f7d-ae0c-36743a8de966	छुक-छुक चलती भाषा की गाड़ी	Hindi	ameerpur	Love & Virah	cover-local	lyrics-ready	28	_radio_index/suno_backup/lyrics/2026-05-23_935837be_छुक-छुक भाषा गाडी़.txt
love-virah-ghazal	Love Virah Ghazal	e73bb277-81d9-40d3-94bc-f8f3f7893688	O my darling	English	ameerpur	Love & Virah	cover-local	lyrics-ready	58	_radio_index/suno_backup/lyrics/2026-05-19_e73bb277_परदेसा धड़कन.txt
love-virah-ghazal	Love Virah Ghazal	18cc6ebd-d8fe-4bf0-a598-1abdd0082fc7	करें परेशान	Hindi	ameerpur	Love & Virah	cover-local	lyrics-ready	17	_radio_index/suno_backup/lyrics/2026-04-22_18cc6ebd_रेत पर निशाँ.txt
love-virah-ghazal	Love Virah Ghazal	b37c71bb-dbeb-4ae3-99d2-7debde5ee2be	ला ला ला... सो जा रे	Hindi	ameerpur	Love & Virah	cover-local	lyrics-ready	20	_radio_index/suno_backup/lyrics/2026-04-17_b37c71bb_कुचली पुचली सो जा.txt
love-virah-ghazal	Love Virah Ghazal	cd7f3a61-d005-4eac-aecc-373368cd6ccb	॥ रूह-देह संवाद: आदि से अनंत ॥	Hindi	ameerpur	Love & Virah	cover-local	lyrics-ready	35	_radio_index/suno_backup/lyrics/2026-04-17_cd7f3a61_पत्थर बुत.txt
love-virah-ghazal	Love Virah Ghazal	27c452cf-2f79-4805-9f19-a6ba4be5ef89	“सैलाब हार्मोन्स”	Hindi	gurukul	Other / Misc	cover-local	lyrics-ready	6	_radio_index/suno_backup/lyrics/2026-04-15_27c452cf_“सैलाब हार्मोन्स”.txt
love-virah-ghazal	Love Virah Ghazal	c8df8309-2e96-4199-ad2e-32c87be3002e	“सैलाब हार्मोन्स”	Hindi	gurukul	Other / Misc	cover-local	lyrics-ready	6	_radio_index/suno_backup/lyrics/2026-04-15_c8df8309_“सैलाब हार्मोन्स”.txt
love-virah-ghazal	Love Virah Ghazal	6891158c-b10e-4ec4-9cb0-454f0c1bd1f6	सैलाब हार्मोन्स	Hindi	gurukul	Other / Misc	cover-local	lyrics-ready	6	_radio_index/suno_backup/lyrics/2026-04-15_6891158c_सैलाब हार्मोन्स.txt
love-virah-ghazal	Love Virah Ghazal	65806a40-681c-40b3-a051-6052aac0137c	ओ काला कोट	Hindi	ameerpur	Love & Virah	cover-local	lyrics-ready	90	_radio_index/suno_backup/lyrics/2026-04-12_65806a40_काला कोट.txt
love-virah-ghazal	Love Virah Ghazal	1372ca04-8fbc-4cad-acee-e993865dae48	खो गई मेरी पहचान	Hindi	ameerpur	Love & Virah	cover-local	lyrics-ready	18	_radio_index/suno_backup/lyrics/2026-04-02_1372ca04_खो गई पहचान.txt
love-virah-ghazal	Love Virah Ghazal	08b16e64-f600-411c-807f-6c943c14f56e	kudru ki beti naagin	English	kabir-clubbing	Naagin & Mystic	cover-local	lyrics-ready	64	_radio_index/suno_backup/lyrics/2026-03-16_08b16e64_kudru ki beti naagin.txt
love-virah-ghazal	Love Virah Ghazal	3f3cee67-4312-4a74-926f-1e1e089df3e5	kudru ki beti naagin	English	kabir-clubbing	Naagin & Mystic	cover-local	lyrics-ready	56	_radio_index/suno_backup/lyrics/2026-03-16_3f3cee67_kudru ki beti naagin.txt
love-virah-ghazal	Love Virah Ghazal	1392cfca-0b75-4795-bdb5-b82e430c9f7b	(untitled)	English	ameerpur	Love & Virah	cover-local	lyrics-ready	177	_radio_index/suno_backup/lyrics/2026-03-15_1392cfca_untitled.txt
love-virah-ghazal	Love Virah Ghazal	399e2400-18cc-4988-ac09-c3fbc115916f	(untitled)	English	ameerpur	Love & Virah	cover-local	lyrics-ready	177	_radio_index/suno_backup/lyrics/2026-03-15_399e2400_untitled.txt
love-virah-ghazal	Love Virah Ghazal	092a0654-5362-4efb-8bf3-46414fad9d47	रुद्रस्थली पुकारे	Hindi	ameerpur	Love & Virah	cover-local	lyrics-ready	68	_radio_index/suno_backup/lyrics/2026-03-11_092a0654_First Comes the Word.txt
love-virah-ghazal	Love Virah Ghazal	596518d8-aaa8-4de7-b73b-3b3c96b44600	रुद्रस्थली पुकारे	Hindi	ameerpur	Love & Virah	cover-local	lyrics-ready	74	_radio_index/suno_backup/lyrics/2026-03-11_596518d8_First Comes the Word.txt
love-virah-ghazal	Love Virah Ghazal	52c58392-c320-4d60-9797-60253639ce60	Haryana! Haryana! Scream it out loud	English	ameerpur	Love & Virah	cover-local	lyrics-ready	67	_radio_index/suno_backup/lyrics/2026-03-10_52c58392_पपिया.txt
love-virah-ghazal	Love Virah Ghazal	0cd6de16-1e2e-4e49-bd95-27a49a090626	पपिया	Hindi	ameerpur	Love & Virah	cover-local	lyrics-ready	67	_radio_index/suno_backup/lyrics/2026-03-10_0cd6de16_पपिया.txt
love-virah-ghazal	Love Virah Ghazal	088c25b7-9b4d-456c-a60e-be4ae8acd986	पपिया	Hindi	ameerpur	Love & Virah	cover-local	lyrics-ready	67	_radio_index/suno_backup/lyrics/2026-03-10_088c25b7_पपिया.txt
love-virah-ghazal	Love Virah Ghazal	ecbd67a9-247c-4170-87eb-439355d54dc6	पपिया	Hindi	ameerpur	Love & Virah	cover-local	lyrics-ready	67	_radio_index/suno_backup/lyrics/2026-03-10_ecbd67a9_पपिया.txt
love-virah-ghazal	Love Virah Ghazal	177adbe2-a0c9-4531-96cc-8a502ee40194	नहीं है कोई शिकवा उनसे	Hindi	ameerpur	Love & Virah	cover-local	lyrics-ready	14	_radio_index/suno_backup/lyrics/2026-03-10_177adbe2_jaleel.txt
love-virah-ghazal	Love Virah Ghazal	930eee1f-783e-47bf-a120-b800f71460ab	ग़ज़ल	Hindi	ameerpur	Love & Virah	cover-local	lyrics-ready	17	_radio_index/suno_backup/lyrics/2026-03-10_930eee1f_jaleel.txt
dance-funk-dj-masti	Dance Funk DJ Masti	2b9f2515-2617-4f67-93ba-594138f00b7a	पहाड़ा सत्तालोलुप	Hindi	gurukul	Other / Misc	cover-local	lyrics-ready	37	_radio_index/suno_backup/lyrics/2026-04-19_2b9f2515_पहाडा़ सत्तालोलुप.txt
dance-funk-dj-masti	Dance Funk DJ Masti	2ff31d7c-3d3c-4c10-8f2d-d61355484a92	गधा पहलवान	Hindi	gurukul	Other / Misc	cover-local	lyrics-ready	34	_radio_index/suno_backup/lyrics/2026-04-19_2ff31d7c_गधा पहलवान.txt
desh-veer-patriotic	Desh Veer Patriotic	5791e93b-a997-4765-b8d1-c0fcbb88c384	धारानगरी का वो राजा	Hindi	ameerpur	Desh / Patriotic	cover-local	lyrics-ready	41	_radio_index/suno_backup/lyrics/2026-05-23_5791e93b_संप्रभुता का डंका.txt
desh-veer-patriotic	Desh Veer Patriotic	b39097fb-81be-40f8-bc18-46c757b2ce0c	जिंदगी... तू जमा उघाड़ी है	Hindi	ameerpur	Desh / Patriotic	cover-local	lyrics-ready	25	_radio_index/suno_backup/lyrics/2026-05-15_b39097fb_जैठ की दुपहरी.txt
desh-veer-patriotic	Desh Veer Patriotic	4df6f608-207a-494e-91e5-296847785ef2	Giddhon ke sheher mein	English	ameerpur	Desh / Patriotic	cover-local	lyrics-ready	26	_radio_index/suno_backup/lyrics/2026-04-30_4df6f608_WhatsApp Image 2025-06-17 at 20.41.57 (Remastered).txt
desh-veer-patriotic	Desh Veer Patriotic	d6049185-a418-4c6a-a1d9-fcc801c751b9	लाश हटाता	Hindi	ameerpur	Desh / Patriotic	cover-local	lyrics-null	0	_radio_index/suno_backup/lyrics/2026-04-21_d6049185__धून रे-साधो_.txt
desh-veer-patriotic	Desh Veer Patriotic	d16e0a51-7641-4ea2-9b3d-6c5316629611	चार सौ बीस	Hindi	ameerpur	Desh / Patriotic	cover-local	lyrics-ready	34	_radio_index/suno_backup/lyrics/2026-04-19_d16e0a51_गधा पहलवान.txt
desh-veer-patriotic	Desh Veer Patriotic	6f0d30c8-5d5b-48d1-afb1-e5c08aefc694	नेता एकम नेता	Hindi	ameerpur	Desh / Patriotic	cover-local	lyrics-ready	29	_radio_index/suno_backup/lyrics/2026-04-19_6f0d30c8_नेता एकम डेटा.txt
desh-veer-patriotic	Desh Veer Patriotic	9e091800-f3fb-4c79-8a1e-09783a3f3392	गुमान था कि तन्हाई में सुकूँ मिलेगा मुझे	Hindi	ameerpur	Desh / Patriotic	cover-local	lyrics-ready	95	_radio_index/suno_backup/lyrics/2026-04-16_9e091800_लम्स-ए-हवा रोया.txt
desh-veer-patriotic	Desh Veer Patriotic	5c1e1843-62f8-4103-9861-23f07e11ce12	गुमान था कि तन्हाई में सुकूँ मिलेगा मुझे	Hindi	ameerpur	Desh / Patriotic	cover-local	lyrics-ready	47	_radio_index/suno_backup/lyrics/2026-04-16_5c1e1843_लम्स-ए-हवा सर्द.txt
desh-veer-patriotic	Desh Veer Patriotic	bce359ca-a7fd-4325-9cda-b272232acfea	नाम बस एक रह गया साँस की गुंजाइश में	Hindi	ameerpur	Desh / Patriotic	cover-local	lyrics-ready	17	_radio_index/suno_backup/lyrics/2026-04-15_bce359ca_सांस-गुंजाइश.txt
desh-veer-patriotic	Desh Veer Patriotic	0c6cc8cd-b3b2-43db-92df-b3cad31e1866	क्या सच है क्या झूठ है	Hindi	ameerpur	Desh / Patriotic	cover-local	lyrics-ready	46	_radio_index/suno_backup/lyrics/2026-04-15_0c6cc8cd_Money-Drags Us.txt
desh-veer-patriotic	Desh Veer Patriotic	4648abb5-f970-4287-9894-5ef12762ff04	क्या सच है क्या झूठ है	Hindi	ameerpur	Desh / Patriotic	cover-local	lyrics-ready	42	_radio_index/suno_backup/lyrics/2026-04-15_4648abb5_हर बार की कहानी.txt
desh-veer-patriotic	Desh Veer Patriotic	9682f67f-4799-479e-a59e-b827566b078e	क्या सच है क्या झूठ है.. What is truth? What is	English	ameerpur	Desh / Patriotic	cover-local	lyrics-ready	6	_radio_index/suno_backup/lyrics/2026-04-15_9682f67f_सैलाब हार्मोन्स.txt
desh-veer-patriotic	Desh Veer Patriotic	fa63a507-2f0d-4477-b328-7e8895a24c68	आवाज़ों की अदालत	Hindi	ameerpur	Desh / Patriotic	cover-local	lyrics-ready	20	_radio_index/suno_backup/lyrics/2026-04-13_fa63a507_आवाजों़ की अदालत.txt
desh-veer-patriotic	Desh Veer Patriotic	79d13c77-eca1-459b-806f-cd40985c3208	फक्कड़ पंडित हेमंत दीक्षित	Hindi	ameerpur	Desh / Patriotic	cover-local	lyrics-ready	24	_radio_index/suno_backup/lyrics/2026-04-13_79d13c77_परमाणु रद्दी.txt
desh-veer-patriotic	Desh Veer Patriotic	a3fc8cdd-425f-4eb3-bca9-b17e10505af4	पकड़ लिया एटम एक भाभा बाबा हुया दीवाना।।	Hindi	ameerpur	Desh / Patriotic	cover-local	lyrics-ready	24	_radio_index/suno_backup/lyrics/2026-04-13_a3fc8cdd_शून्य की डोरी अदालत.txt
desh-veer-patriotic	Desh Veer Patriotic	a798ae26-3fed-4d39-9f32-c0bcd9d9fb15	Male alone	English	ameerpur	Desh / Patriotic	cover-local	lyrics-ready	20	_radio_index/suno_backup/lyrics/2026-04-04_a798ae26_लाडो बसंती मेहमान.txt
desh-veer-patriotic	Desh Veer Patriotic	492c5721-3555-4908-9a41-6e9cf2767765	रि ^ श्ता ~ है सब-का ^ अ-पना	Hindi	ameerpur	Desh / Patriotic	cover-local	lyrics-ready	36	_radio_index/suno_backup/lyrics/2026-04-04_492c5721_रिश्ता है!!.txt
desh-veer-patriotic	Desh Veer Patriotic	dcf39bdd-302c-442d-9207-648a18074511	मैं हूँ तेरा	Hindi	ameerpur	Desh / Patriotic	cover-local	lyrics-ready	48	_radio_index/suno_backup/lyrics/2026-04-02_dcf39bdd_सोए मन जाग.txt
desh-veer-patriotic	Desh Veer Patriotic	aa8bd4d4-7f49-4fd1-952e-956f27f5bbb2	मैं हूँ तेरा	Hindi	ameerpur	Desh / Patriotic	cover-local	lyrics-ready	20	_radio_index/suno_backup/lyrics/2026-04-02_aa8bd4d4_स्वर्ण पताका उड़ रही.txt
desh-veer-patriotic	Desh Veer Patriotic	42c55ab5-6656-4c72-bcae-0560c1afdacf	(untitled)	English	gurukul	Other / Misc	cover-local	lyrics-ready	24	_radio_index/suno_backup/lyrics/2026-03-24_42c55ab5_untitled.txt
desh-veer-patriotic	Desh Veer Patriotic	1c396b4f-4f16-4262-9ffb-5f866d7b4ff1	सजन मेरा धोखेबाज़ है	Hindi	ameerpur	Desh / Patriotic	cover-local	lyrics-ready	56	_radio_index/suno_backup/lyrics/2026-03-16_1c396b4f_kudru ki beti naagin.txt
desh-veer-patriotic	Desh Veer Patriotic	0b09e473-9d9a-48aa-bc7f-39c41ccc5b8d	मने मेरी माँ	Hindi	ameerpur	Desh / Patriotic	cover-local	lyrics-ready	106	_radio_index/suno_backup/lyrics/2026-03-15_0b09e473_untitled.txt
desh-veer-patriotic	Desh Veer Patriotic	74ebed02-df6f-4443-b566-63929be6a05d	मने मेरे देश ईब यूं सताना छोड़ दे	Hindi	ameerpur	Desh / Patriotic	cover-local	lyrics-ready	36	_radio_index/suno_backup/lyrics/2026-03-14_74ebed02_untitled.txt
desh-veer-patriotic	Desh Veer Patriotic	81dde6a6-2dbd-41a8-b10a-bac06e8fad06	(untitled)	English	gurukul	Other / Misc	cover-local	lyrics-ready	46	_radio_index/suno_backup/lyrics/2026-03-13_81dde6a6_untitled.txt
desh-veer-patriotic	Desh Veer Patriotic	96bb25a9-9e39-4fe7-bff4-b8f18787b31e	(untitled)	English	gurukul	Other / Misc	cover-local	lyrics-ready	70	_radio_index/suno_backup/lyrics/2026-03-13_96bb25a9_untitled.txt
desh-veer-patriotic	Desh Veer Patriotic	ed23ef25-ed22-4f98-8326-7048a173f950	जय हिन्द – जय हिन्द के नारे त	Hindi	ameerpur	Desh / Patriotic	cover-local	lyrics-ready	37	_radio_index/suno_backup/lyrics/2026-03-13_ed23ef25_untitled.txt
desh-veer-patriotic	Desh Veer Patriotic	1f885a53-57ed-448b-b0b6-c3c53c8504d9	यु हर हर हर हर महादेव	Hindi	ameerpur	Desh / Patriotic	cover-local	lyrics-ready	54	_radio_index/suno_backup/lyrics/2026-03-12_1f885a53_untitled.txt
desh-veer-patriotic	Desh Veer Patriotic	3c45f08c-6f36-47fd-a968-8b739875b98a	दौड़ में सब जीत लिया	Hindi	ameerpur	Desh / Patriotic	cover-local	lyrics-ready	38	_radio_index/suno_backup/lyrics/2026-03-12_3c45f08c_untitled.txt
desh-veer-patriotic	Desh Veer Patriotic	ab8341bb-bf13-42ed-96a7-260d7b78c176	जागो रे जागो	Hindi	ameerpur	Desh / Patriotic	cover-local	lyrics-ready	58	_radio_index/suno_backup/lyrics/2026-03-11_ab8341bb_red compare.txt
desh-veer-patriotic	Desh Veer Patriotic	dfb1bf8b-6966-41d8-b245-3da8220288a9	जरा तुम जाग कर देखो	Hindi	ameerpur	Desh / Patriotic	cover-local	lyrics-ready	32	_radio_index/suno_backup/lyrics/2026-03-11_dfb1bf8b_red compare.txt
desh-veer-patriotic	Desh Veer Patriotic	11ca7860-3587-4ba9-ae50-0a75df533e5d	दिल ये फिर भी तुम्हें चाहता है	Hindi	ameerpur	Desh / Patriotic	cover-local	lyrics-ready	65	_radio_index/suno_backup/lyrics/2026-03-10_11ca7860_del.txt
world-fusion-global	World Fusion Global	5873f9a6-c7cc-475b-8560-a6200c367731	हनु-मान् हनु	Hindi	gurukul	Other / Misc	cover-local	lyrics-ready	32	_radio_index/suno_backup/lyrics/2026-05-24_5873f9a6_हनु-मान् हनु.txt
naagin-mystic-aghor	Naagin Mystic Aghor	236a15f1-5e9d-4489-9d6a-28e76211f10f	काली-कलम-का	Hindi	kabir-clubbing	Naagin & Mystic	cover-local	lyrics-ready	128	_radio_index/suno_backup/lyrics/2026-05-24_236a15f1_काली-कलम-का.txt
naagin-mystic-aghor	Naagin Mystic Aghor	6760d633-7fec-4c2b-9747-6d8f0963d5a2	kudru ki beti naagin	English	kabir-clubbing	Naagin & Mystic	cover-local	lyrics-ready	28	_radio_index/suno_backup/lyrics/2026-03-16_6760d633_kudru ki beti naagin.txt
naagin-mystic-aghor	Naagin Mystic Aghor	14fa2fe8-0de2-4ace-9ee4-404348db0270	kudru ki beti naagin	English	kabir-clubbing	Naagin & Mystic	cover-local	lyrics-ready	22	_radio_index/suno_backup/lyrics/2026-03-16_14fa2fe8_kudru ki beti naagin.txt
naagin-mystic-aghor	Naagin Mystic Aghor	a3b96400-fe65-4f1c-904d-9aff23390ee0	kudru ki beti naagin	English	kabir-clubbing	Naagin & Mystic	cover-local	lyrics-ready	52	_radio_index/suno_backup/lyrics/2026-03-16_a3b96400_kudru ki beti naagin.txt
naagin-mystic-aghor	Naagin Mystic Aghor	7c7a4b38-9322-4dcc-a49f-ec91ad8874d0	साँस मेरी देख	Hindi	kabir-clubbing	Naagin & Mystic	cover-local	lyrics-ready	49	_radio_index/suno_backup/lyrics/2026-03-16_7c7a4b38_kudru ki beti naagin.txt
naagin-mystic-aghor	Naagin Mystic Aghor	09294d81-a6e4-4c9e-a676-98b05856accd	kudru ki beti naagin	English	kabir-clubbing	Naagin & Mystic	cover-local	lyrics-ready	49	_radio_index/suno_backup/lyrics/2026-03-16_09294d81_kudru ki beti naagin.txt
naagin-mystic-aghor	Naagin Mystic Aghor	860e7a0e-a8d8-473f-b660-d2449b65da69	kudru ki beti naagin	English	kabir-clubbing	Naagin & Mystic	cover-local	lyrics-ready	52	_radio_index/suno_backup/lyrics/2026-03-16_860e7a0e_kudru ki beti naagin.txt
naagin-mystic-aghor	Naagin Mystic Aghor	4d9a720f-aeeb-408e-b64a-c666f1db644a	kudru ki beti naagin	English	kabir-clubbing	Naagin & Mystic	cover-local	lyrics-ready	45	_radio_index/suno_backup/lyrics/2026-03-16_4d9a720f_kudru ki beti naagin.txt
naagin-mystic-aghor	Naagin Mystic Aghor	97570150-635e-406d-b142-62c45c19be2d	साँस मेरी देख	Hindi	kabir-clubbing	Naagin & Mystic	cover-local	lyrics-ready	45	_radio_index/suno_backup/lyrics/2026-03-16_97570150_kudru ki beti naagin.txt
naagin-mystic-aghor	Naagin Mystic Aghor	830aef5d-267b-442b-800e-9335aa9c8cd4	Naaraayana Uunh	English	gurukul	Other / Misc	cover-local	lyrics-ready	41	_radio_index/suno_backup/lyrics/2026-03-16_830aef5d_Naaraayana Uunh.txt
naagin-mystic-aghor	Naagin Mystic Aghor	011fd342-d778-41bf-9986-f10d95e00637	Naaraayana Uunh	English	gurukul	Other / Misc	cover-local	lyrics-ready	41	_radio_index/suno_backup/lyrics/2026-03-16_011fd342_Naaraayana Uunh.txt
naagin-mystic-aghor	Naagin Mystic Aghor	ee9c206f-9027-4024-8cfb-42506142c9a2	(untitled)	English	gurukul	Other / Misc	cover-local	lyrics-ready	40	_radio_index/suno_backup/lyrics/2026-03-16_ee9c206f_untitled.txt
naagin-mystic-aghor	Naagin Mystic Aghor	5fe2fc4c-7692-43dd-ab51-5478384c4dfc	नागिन है	Hindi	kabir-clubbing	Naagin & Mystic	cover-local	lyrics-ready	40	_radio_index/suno_backup/lyrics/2026-03-16_5fe2fc4c_untitled.txt
jogi-malang-phakkad	Jogi Malang Phakkad	c9e3d20d-1c8f-4301-8f48-b90bcad4dbbf	(untitled)	English	gurukul	Other / Misc	cover-local	lyrics-ready	39	_radio_index/suno_backup/lyrics/2026-03-26_c9e3d20d_untitled.txt
jogi-malang-phakkad	Jogi Malang Phakkad	52951995-1c96-40b6-ab48-93b43e9bd488	(untitled)	English	gurukul	Other / Misc	cover-local	lyrics-ready	39	_radio_index/suno_backup/lyrics/2026-03-26_52951995_untitled.txt
kids-gurukul-learning	Kids Gurukul Learning	ef8c9b76-6af4-46b3-9c34-f9f7408dba40	(untitled)	English	gurukul	Other / Misc	cover-local	lyrics-ready	53	_radio_index/suno_backup/lyrics/2026-03-23_ef8c9b76_untitled.txt
kids-gurukul-learning	Kids Gurukul Learning	67c23492-7a85-457e-a73a-8686f0dd0aec	(untitled)	English	gurukul	Other / Misc	cover-local	lyrics-ready	10	_radio_index/suno_backup/lyrics/2026-03-12_67c23492_untitled.txt
kids-gurukul-learning	Kids Gurukul Learning	12c44280-e16c-405e-92e1-fb9989b71037	(untitled)	English	gurukul	Other / Misc	cover-local	lyrics-ready	52	_radio_index/suno_backup/lyrics/2026-03-12_12c44280_untitled.txt
album-unassigned	Album Unassigned	2f332d7d-3202-4e03-ac8e-c8c057223685	छट का दिन	Hindi	gurukul	Other / Misc	cover-local	lyrics-ready	34	_radio_index/suno_backup/lyrics/2026-05-24_2f332d7d_छट का दिन.txt
album-unassigned	Album Unassigned	2bfbe15e-ac6a-487e-94bd-f535bdbe9f7a	हनु मूड खाने	Hindi	gurukul	Other / Misc	cover-local	lyrics-ready	38	_radio_index/suno_backup/lyrics/2026-05-24_2bfbe15e_हनु मूड खाने.txt
album-unassigned	Album Unassigned	fa8592bb-2d3c-443d-aaf7-9882825a0f19	हनु की पटक	Hindi	gurukul	Other / Misc	cover-local	lyrics-ready	38	_radio_index/suno_backup/lyrics/2026-05-24_fa8592bb_हनु की पटक.txt
album-unassigned	Album Unassigned	01e30f52-01cf-403d-af40-041dac751bd0	स्वरभानु माँ सिखाए	Hindi	gurukul	Other / Misc	cover-local	lyrics-ready	45	_radio_index/suno_backup/lyrics/2026-05-24_01e30f52_स्वरभानु माँ सिखाए.txt
album-unassigned	Album Unassigned	25e7d717-7de7-45e6-8f5e-c53ef846cac3	छत-छट ताल	Hindi	gurukul	Other / Misc	cover-local	lyrics-ready	30	_radio_index/suno_backup/lyrics/2026-05-24_25e7d717_छत-छट ताल.txt
album-unassigned	Album Unassigned	8aee516c-0320-41bb-9f30-695a8a3b34df	कागद काली कलम	Hindi	gurukul	Other / Misc	cover-local	lyrics-ready	99	_radio_index/suno_backup/lyrics/2026-05-24_8aee516c_कागद काली कलम.txt
album-unassigned	Album Unassigned	0d2391f0-56a0-4e55-b0a6-3054cf623259	Kaahe Kaagaz	English	gurukul	Other / Misc	cover-local	lyrics-ready	112	_radio_index/suno_backup/lyrics/2026-05-24_0d2391f0_Kaahe Kaagaz.txt
album-unassigned	Album Unassigned	8eb95048-e740-4624-99bf-e1c3293c9dfb	Kaahe Kaagaz	English	gurukul	Other / Misc	cover-local	lyrics-ready	112	_radio_index/suno_backup/lyrics/2026-05-24_8eb95048_Kaahe Kaagaz.txt
album-unassigned	Album Unassigned	e0c8c103-aedf-4560-a5f1-875275518f0f	Kaal Likhe Kaal	English	gurukul	Other / Misc	cover-local	lyrics-ready	112	_radio_index/suno_backup/lyrics/2026-05-24_e0c8c103_Kaal Likhe Kaal.txt
album-unassigned	Album Unassigned	da4174c6-2d45-4d98-8050-72dcb85f6fb9	ka kau ke	English	gurukul	Other / Misc	cover-local	lyrics-ready	112	_radio_index/suno_backup/lyrics/2026-05-24_da4174c6_Kaal Likhe Kaal.txt
album-unassigned	Album Unassigned	dec1c74f-f3ae-4b2b-b293-27081aef1c5e	Kaa Rahasya	English	gurukul	Other / Misc	cover-local	lyrics-ready	51	_radio_index/suno_backup/lyrics/2026-05-24_dec1c74f_Kaa Rahasya.txt
album-unassigned	Album Unassigned	cac083e2-5eba-42df-a500-188660293076	डिजिटल गुरुकुल मैट्रिक्स	Hindi	gurukul	Other / Misc	cover-local	lyrics-ready	16	_radio_index/suno_backup/lyrics/2026-05-22_cac083e2_डिजिटल गुरुकुल मैट्रिक्स.txt
album-unassigned	Album Unassigned	6058ab0b-f41c-4639-a96a-1b58b31a999d	परदेसा धड़कन	Hindi	gurukul	Other / Misc	cover-local	lyrics-ready	58	_radio_index/suno_backup/lyrics/2026-05-19_6058ab0b_परदेसा धड़कन.txt
album-unassigned	Album Unassigned	7e3ed4ad-570a-4867-849a-9eae418e6564	बम भोला बम	Hindi	gurukul	Other / Misc	cover-local	lyrics-ready	35	_radio_index/suno_backup/lyrics/2026-05-15_7e3ed4ad_बम भोला बम.txt
album-unassigned	Album Unassigned	c180868a-e9f9-4af0-b85f-9e47ea6a94a0	बम भोला बम	Hindi	gurukul	Other / Misc	cover-local	lyrics-ready	35	_radio_index/suno_backup/lyrics/2026-05-15_c180868a_बम भोला बम.txt
album-unassigned	Album Unassigned	7c43c6d1-991a-46e1-b557-7e9b8528b4a3	भगवा चोला	Hindi	gurukul	Other / Misc	cover-local	lyrics-ready	35	_radio_index/suno_backup/lyrics/2026-05-15_7c43c6d1_भगवा चोला.txt
album-unassigned	Album Unassigned	acce7b02-b36e-4aa7-8bc4-899e425e1f7f	भगवा चोला	Hindi	gurukul	Other / Misc	cover-local	lyrics-ready	35	_radio_index/suno_backup/lyrics/2026-05-15_acce7b02_भगवा चोला.txt
album-unassigned	Album Unassigned	cb2c77c5-2aab-4459-9d5f-84c4024be973	तुझ पर ही भरोसा	Hindi	gurukul	Other / Misc	cover-local	lyrics-ready	37	_radio_index/suno_backup/lyrics/2026-05-13_cb2c77c5_नाम-छुपा दाता.txt
album-unassigned	Album Unassigned	2aa5f8f0-1fd1-4473-9dd2-a3db61cfd0dc	तुझ पर ही भरोसा	Hindi	gurukul	Other / Misc	cover-local	lyrics-ready	12	_radio_index/suno_backup/lyrics/2026-05-13_2aa5f8f0_वो है-इसलिए मैं.txt
album-unassigned	Album Unassigned	3dfe2673-db12-496e-a169-ea75a891fef2	इस रंज-ओ-ग़म की दुनिया में मुझको यक़ीन न था	Hindi	gurukul	Other / Misc	cover-local	lyrics-ready	14	_radio_index/suno_backup/lyrics/2026-05-06_3dfe2673_साँस का पहरा.txt
album-unassigned	Album Unassigned	9944d4d4-a519-4243-8abc-0eb7245f81f0	पायल बजती धुन	Hindi	gurukul	Other / Misc	cover-local	lyrics-ready	39	_radio_index/suno_backup/lyrics/2026-04-29_9944d4d4_पायल बजती धुन.txt
album-unassigned	Album Unassigned	7e7aaecb-6ae5-41b2-86d2-c53c30b96231	गूंगों का स्टेशन	Hindi	gurukul	Other / Misc	cover-local	lyrics-ready	74	_radio_index/suno_backup/lyrics/2026-04-24_7e7aaecb_गूंगों का स्टेशन.txt
album-unassigned	Album Unassigned	226a516c-1c24-4e20-b60b-33c5d07903e0	हर ट्रैक एक दृश्य और भाव के साथ।	Hindi	gurukul	Other / Misc	cover-local	lyrics-ready	74	_radio_index/suno_backup/lyrics/2026-04-24_226a516c_गूंगों का स्टेशन.txt
album-unassigned	Album Unassigned	7e0d2809-671f-4a5d-ac1b-393bdf43d3fb	रेत में नमक	Hindi	gurukul	Other / Misc	cover-local	lyrics-ready	102	_radio_index/suno_backup/lyrics/2026-04-21_7e0d2809_रेत में नमक.txt
album-unassigned	Album Unassigned	a4a5bc5a-d81d-4f39-9713-104d788188ad	आ भी जा	Hindi	gurukul	Other / Misc	cover-local	lyrics-ready	25	_radio_index/suno_backup/lyrics/2026-04-21_a4a5bc5a_Duduk Cello Oath.txt
album-unassigned	Album Unassigned	8a1552e3-f66a-47d5-9b8f-962ea1ca02d7	अधिनारा हँसी	Hindi	gurukul	Other / Misc	cover-local	lyrics-ready	50	_radio_index/suno_backup/lyrics/2026-04-21_8a1552e3_अधिनारा हँसी.txt
album-unassigned	Album Unassigned	5b648092-0e75-4f22-95e2-5ee3f1cfe456	पंडित होने की कोशिश	Hindi	gurukul	Other / Misc	cover-local	lyrics-ready	30	_radio_index/suno_backup/lyrics/2026-04-21_5b648092_पंडित होने की कोशिश.txt
album-unassigned	Album Unassigned	7024a723-80fe-4ead-8ec4-4372a3bb4e7b	पत्थर बुत	Hindi	gurukul	Other / Misc	cover-local	lyrics-ready	35	_radio_index/suno_backup/lyrics/2026-04-17_7024a723_पत्थर बुत.txt
album-unassigned	Album Unassigned	5156c5cc-0a46-4b76-bdcd-a344c362d213	आग बराबर दोनों की पर एक बहुत शरमाए	Hindi	gurukul	Other / Misc	cover-local	lyrics-ready	38	_radio_index/suno_backup/lyrics/2026-04-15_5156c5cc_मुंह-खून खांचा.txt
album-unassigned	Album Unassigned	d6804818-7296-4af6-8e5e-d58ed14b5587	मुंह-खून खांचा	Hindi	gurukul	Other / Misc	cover-local	lyrics-ready	38	_radio_index/suno_backup/lyrics/2026-04-15_d6804818_मुंह-खून खांचा.txt
album-unassigned	Album Unassigned	60d9371d-c871-4f23-952d-2248fc838d54	हर बार की कहानी	Hindi	gurukul	Other / Misc	cover-local	lyrics-ready	42	_radio_index/suno_backup/lyrics/2026-04-15_60d9371d_हर बार की कहानी.txt
album-unassigned	Album Unassigned	a4bf888b-805c-406a-bdc5-cdf12d97c225	परमाणु रद्दी	Hindi	gurukul	Other / Misc	cover-local	lyrics-ready	24	_radio_index/suno_backup/lyrics/2026-04-13_a4bf888b_परमाणु रद्दी.txt
album-unassigned	Album Unassigned	f6c100fa-e5b7-4b9a-97b5-4ce34def6953	शून्य की डोरी अदालत	Hindi	gurukul	Other / Misc	cover-local	lyrics-ready	24	_radio_index/suno_backup/lyrics/2026-04-13_f6c100fa_शून्य की डोरी अदालत.txt
album-unassigned	Album Unassigned	ff2b259f-36d3-441b-ad10-8e1669c878d3	काला कोट	Hindi	gurukul	Other / Misc	cover-local	lyrics-ready	90	_radio_index/suno_backup/lyrics/2026-04-12_ff2b259f_काला कोट.txt
album-unassigned	Album Unassigned	1d7debbc-1158-44de-a83a-eb493f33f9e5	Baabaa bole – mat ro re deewaane	English	gurukul	Other / Misc	cover-local	lyrics-ready	16	_radio_index/suno_backup/lyrics/2026-04-11_1d7debbc_Toota Ghada.txt
album-unassigned	Album Unassigned	dae97a92-4622-481b-aa4f-6ba251fa0cfe	गुफा-ढोल धड़कन	Hindi	gurukul	Other / Misc	cover-null	lyrics-ready	44	_radio_index/suno_backup/lyrics/2026-04-08_dae97a92_गुफा-ढोल धड़कन.txt
album-unassigned	Album Unassigned	827207b7-54fc-42ba-925e-43760527026f	शक्ति जाग री	Hindi	gurukul	Other / Misc	cover-null	lyrics-ready	44	_radio_index/suno_backup/lyrics/2026-04-08_827207b7_गुफा-ढोल धड़कन.txt
album-unassigned	Album Unassigned	8c4f4c73-6541-40f0-bead-2812bbb715e4	Dada Tak	English	gurukul	Other / Misc	cover-null	lyrics-ready	24	_radio_index/suno_backup/lyrics/2026-04-08_8c4f4c73_Dada Tak.txt
album-unassigned	Album Unassigned	3b0a1cea-2d31-4c18-97af-6bf498f3ca3c	Om Shanti Digita	English	gurukul	Other / Misc	cover-local	lyrics-ready	5	_radio_index/suno_backup/lyrics/2026-04-06_3b0a1cea_Om Shanti Digita.txt
album-unassigned	Album Unassigned	80646dc1-cf8b-4341-9f99-2944928e2ac5	Future-Past Clearance	English	gurukul	Other / Misc	cover-local	lyrics-ready	4	_radio_index/suno_backup/lyrics/2026-04-05_80646dc1_Future-Past Clearance.txt
album-unassigned	Album Unassigned	2237b80c-30f9-4391-aa68-2921ab6116ab	Frequency of Future-Past	English	gurukul	Other / Misc	cover-local	lyrics-ready	4	_radio_index/suno_backup/lyrics/2026-04-05_2237b80c_Frequency of Future-Past.txt
album-unassigned	Album Unassigned	834f3ae2-e513-4ffc-8431-1d842ab13e3e	(untitled)	English	gurukul	Other / Misc	cover-local	lyrics-ready	57	_radio_index/suno_backup/lyrics/2026-04-01_834f3ae2_untitled.txt
album-unassigned	Album Unassigned	bec3e96c-fe0e-4577-a229-e39d1d8af390	(untitled)	English	gurukul	Other / Misc	cover-local	lyrics-ready	55	_radio_index/suno_backup/lyrics/2026-03-31_bec3e96c_untitled.txt
album-unassigned	Album Unassigned	dac78322-f9d7-4d52-a059-a227443c746c	(untitled)	English	gurukul	Other / Misc	cover-local	lyrics-ready	43	_radio_index/suno_backup/lyrics/2026-03-28_dac78322_untitled.txt
album-unassigned	Album Unassigned	41cbd44d-470c-442b-9747-3da9f5052256	(untitled)	English	gurukul	Other / Misc	cover-local	lyrics-ready	43	_radio_index/suno_backup/lyrics/2026-03-28_41cbd44d_untitled.txt
album-unassigned	Album Unassigned	37323280-425b-4fde-b2c9-385619da2dce	(untitled)	English	gurukul	Other / Misc	cover-local	lyrics-ready	55	_radio_index/suno_backup/lyrics/2026-03-25_37323280_untitled.txt
album-unassigned	Album Unassigned	631a4c65-636f-4b24-aeea-1d3c99c8f664	(untitled)	English	gurukul	Other / Misc	cover-local	lyrics-ready	55	_radio_index/suno_backup/lyrics/2026-03-25_631a4c65_untitled.txt
album-unassigned	Album Unassigned	d040faac-7e44-42a5-b776-ba7a276966fc	(untitled)	English	gurukul	Other / Misc	cover-local	lyrics-ready	11	_radio_index/suno_backup/lyrics/2026-03-25_d040faac_untitled.txt
album-unassigned	Album Unassigned	9b85885b-774d-4b2d-babf-e39fea6294e0	🎤 “वक़्त के घोड़े” — जागरण काव्य	Hindi	gurukul	Other / Misc	cover-local	lyrics-ready	43	_radio_index/suno_backup/lyrics/2026-03-22_9b85885b_untitled.txt
album-unassigned	Album Unassigned	1802409c-450b-4fa0-82bb-9ae1c98c6f58	(untitled)	English	gurukul	Other / Misc	cover-local	lyrics-ready	43	_radio_index/suno_backup/lyrics/2026-03-22_1802409c_untitled.txt
album-unassigned	Album Unassigned	31a89117-5333-4f09-96f9-da776986d02d	(untitled)	English	gurukul	Other / Misc	cover-local	lyrics-ready	36	_radio_index/suno_backup/lyrics/2026-03-21_31a89117_untitled.txt
album-unassigned	Album Unassigned	b7260b36-705a-493e-ab43-4cf6d9ba9bb9	O.I.riginal.nteligence	English	gurukul	Other / Misc	cover-local	lyrics-ready	47	_radio_index/suno_backup/lyrics/2026-03-21_b7260b36_O.I.riginal.nteligence.txt
album-unassigned	Album Unassigned	877a4cae-7aaa-4d7a-b037-021fcc544fb5	O.I.riginal.nteligence	English	gurukul	Other / Misc	cover-local	lyrics-ready	92	_radio_index/suno_backup/lyrics/2026-03-21_877a4cae_O.I.riginal.nteligence.txt
album-unassigned	Album Unassigned	056a8cec-f924-4fbe-be2e-5a026a8477a1	(untitled)	English	gurukul	Other / Misc	cover-local	lyrics-ready	70	_radio_index/suno_backup/lyrics/2026-03-20_056a8cec_untitled.txt
album-unassigned	Album Unassigned	2ca29e2e-9207-45f0-9d88-9c0793d7393b	(untitled)	English	gurukul	Other / Misc	cover-local	lyrics-ready	66	_radio_index/suno_backup/lyrics/2026-03-19_2ca29e2e_untitled.txt
album-unassigned	Album Unassigned	83d40aab-8c12-48c7-8a5f-316e377ae254	ल्या.. दे	Hindi	gurukul	Other / Misc	cover-local	lyrics-ready	66	_radio_index/suno_backup/lyrics/2026-03-19_83d40aab_untitled.txt
album-unassigned	Album Unassigned	e4415236-01a9-49bb-a68a-359e7f67f091	(untitled)	English	gurukul	Other / Misc	cover-local	lyrics-ready	38	_radio_index/suno_backup/lyrics/2026-03-19_e4415236_untitled.txt
album-unassigned	Album Unassigned	7895a9b2-a1dc-4fee-8ac4-44a096b2c6a8	(untitled)	English	gurukul	Other / Misc	cover-local	lyrics-ready	38	_radio_index/suno_backup/lyrics/2026-03-19_7895a9b2_untitled.txt
album-unassigned	Album Unassigned	1712384b-9b51-4094-b444-b464a3aa0e27	(untitled)	English	gurukul	Other / Misc	cover-local	lyrics-ready	40	_radio_index/suno_backup/lyrics/2026-03-19_1712384b_untitled.txt
album-unassigned	Album Unassigned	527b35cd-7313-4af7-82d2-007ce8ac75a1	हे माँ शैलपुत्री	Hindi	gurukul	Other / Misc	cover-local	lyrics-ready	40	_radio_index/suno_backup/lyrics/2026-03-19_527b35cd_untitled.txt
album-unassigned	Album Unassigned	51869413-dafe-45f6-b76f-583c3b8e1991	(untitled)	English	gurukul	Other / Misc	cover-local	lyrics-ready	79	_radio_index/suno_backup/lyrics/2026-03-18_51869413_untitled.txt
album-unassigned	Album Unassigned	64a8bb69-c68d-48dc-88bf-9bcf53a35229	हाय हाय हाय… हाय लुगाई	Hindi	gurukul	Other / Misc	cover-local	lyrics-ready	79	_radio_index/suno_backup/lyrics/2026-03-18_64a8bb69_untitled.txt
album-unassigned	Album Unassigned	4c162f53-2f79-4fed-b3c9-93841a1755f3	(untitled)	English	gurukul	Other / Misc	cover-local	lyrics-ready	223	_radio_index/suno_backup/lyrics/2026-03-17_4c162f53_untitled.txt
album-unassigned	Album Unassigned	15044912-afce-435c-a55e-9158b065f46a	(untitled)	English	gurukul	Other / Misc	cover-local	lyrics-ready	224	_radio_index/suno_backup/lyrics/2026-03-17_15044912_untitled.txt
album-unassigned	Album Unassigned	103c9db6-e1ee-45f8-815d-0a7612a6ea10	Naaraayana Uunh	English	gurukul	Other / Misc	cover-local	lyrics-ready	43	_radio_index/suno_backup/lyrics/2026-03-16_103c9db6_Naaraayana Uunh.txt
album-unassigned	Album Unassigned	d42a34a6-86f1-42c4-8ee3-d94d850cc73b	Naaraayana Uunh	English	gurukul	Other / Misc	cover-local	lyrics-ready	9	_radio_index/suno_backup/lyrics/2026-03-15_d42a34a6_Naaraayana Uunh.txt
album-unassigned	Album Unassigned	e39d4168-ab51-4b9d-a5c3-abccf188281c	Naaraayana Uunh	English	gurukul	Other / Misc	cover-local	lyrics-ready	9	_radio_index/suno_backup/lyrics/2026-03-15_e39d4168_Naaraayana Uunh.txt
album-unassigned	Album Unassigned	5e5689c5-b3b9-48fb-ac29-11a1a7304d5d	Naaraayana Uunh	English	gurukul	Other / Misc	cover-local	lyrics-ready	9	_radio_index/suno_backup/lyrics/2026-03-15_5e5689c5_Naaraayana Uunh.txt
album-unassigned	Album Unassigned	e7732295-f853-4506-ac1f-9ba75d645982	(untitled)	English	gurukul	Other / Misc	cover-local	lyrics-ready	13	_radio_index/suno_backup/lyrics/2026-03-15_e7732295_untitled.txt
album-unassigned	Album Unassigned	2ae593af-d471-49fe-802c-a910664b5b29	दृश्य: महामात्य का 'विराट' क्रोध	Hindi	gurukul	Other / Misc	cover-local	lyrics-ready	13	_radio_index/suno_backup/lyrics/2026-03-15_2ae593af_untitled.txt
album-unassigned	Album Unassigned	4012494c-6d32-4fac-8a87-2e82ebfe57d0	दृश्य: महामात्य का 'विराट' क्रोध	Hindi	gurukul	Other / Misc	cover-local	lyrics-ready	13	_radio_index/suno_backup/lyrics/2026-03-15_4012494c_untitled.txt
album-unassigned	Album Unassigned	1b94e28b-5e0d-4d10-9519-57a4a340dea5	(untitled)	English	gurukul	Other / Misc	cover-local	lyrics-ready	13	_radio_index/suno_backup/lyrics/2026-03-15_1b94e28b_untitled.txt
album-unassigned	Album Unassigned	519cfa96-09e0-43be-b008-6631b9302357	Naaraayana Uunh	English	gurukul	Other / Misc	cover-local	lyrics-ready	38	_radio_index/suno_backup/lyrics/2026-03-15_519cfa96_Naaraayana Uunh.txt
album-unassigned	Album Unassigned	b394760e-a22a-4ddf-ae84-669d76820b25	Naaraayana Uunh	English	gurukul	Other / Misc	cover-local	lyrics-ready	38	_radio_index/suno_backup/lyrics/2026-03-15_b394760e_Naaraayana Uunh.txt
album-unassigned	Album Unassigned	a9945093-a511-431f-a149-6978e172135c	(untitled)	English	gurukul	Other / Misc	cover-local	lyrics-ready	41	_radio_index/suno_backup/lyrics/2026-03-14_a9945093_untitled.txt
album-unassigned	Album Unassigned	16e6f905-49c1-42d2-ad44-46130e1b7dda	(untitled)	English	gurukul	Other / Misc	cover-local	lyrics-ready	41	_radio_index/suno_backup/lyrics/2026-03-14_16e6f905_untitled.txt
album-unassigned	Album Unassigned	8296abb7-b694-4517-b505-74a1482acc86	(untitled)	English	gurukul	Other / Misc	cover-local	lyrics-ready	36	_radio_index/suno_backup/lyrics/2026-03-14_8296abb7_untitled.txt
album-unassigned	Album Unassigned	9a3c2b4d-d452-4c45-80d4-2d277e37d1eb	(untitled)	English	gurukul	Other / Misc	cover-local	lyrics-ready	27	_radio_index/suno_backup/lyrics/2026-03-14_9a3c2b4d_untitled.txt
album-unassigned	Album Unassigned	370a4d03-deca-434e-9414-305c4a1a849f	(untitled)	English	gurukul	Other / Misc	cover-local	lyrics-ready	24	_radio_index/suno_backup/lyrics/2026-03-14_370a4d03_untitled.txt
album-unassigned	Album Unassigned	043fd8db-51e3-4bcf-a025-7c0e9e70d65e	(untitled)	English	gurukul	Other / Misc	cover-local	lyrics-ready	24	_radio_index/suno_backup/lyrics/2026-03-14_043fd8db_untitled.txt
album-unassigned	Album Unassigned	2f1b59d6-e3e2-4a2e-b7da-8ef193729bb8	काम की कामना पुण्य	Hindi	gurukul	Other / Misc	cover-local	lyrics-ready	26	_radio_index/suno_backup/lyrics/2026-03-14_2f1b59d6_untitled.txt
album-unassigned	Album Unassigned	73522d09-58c9-4824-b255-989b4bafebf0	(untitled)	English	gurukul	Other / Misc	cover-local	lyrics-ready	28	_radio_index/suno_backup/lyrics/2026-03-14_73522d09_untitled.txt
album-unassigned	Album Unassigned	c5e03997-b771-4c5b-97fc-4f4a0f24b5de	ये काम बड़े ही काम का है	Hindi	gurukul	Other / Misc	cover-local	lyrics-ready	28	_radio_index/suno_backup/lyrics/2026-03-14_c5e03997_untitled.txt
album-unassigned	Album Unassigned	271aa98c-9ee3-4765-a2f6-cffd21ec6eb5	(untitled)	English	gurukul	Other / Misc	cover-local	lyrics-ready	28	_radio_index/suno_backup/lyrics/2026-03-14_271aa98c_untitled.txt
album-unassigned	Album Unassigned	3266e243-6415-49ae-bae9-55af0a248874	(untitled)	English	gurukul	Other / Misc	cover-local	lyrics-ready	28	_radio_index/suno_backup/lyrics/2026-03-14_3266e243_untitled.txt
album-unassigned	Album Unassigned	5202d72f-acdb-4e56-81e2-0cc1456d59d7	लौट के आ रे श्याम सलोना	Hindi	gurukul	Other / Misc	cover-local	lyrics-ready	41	_radio_index/suno_backup/lyrics/2026-03-13_5202d72f_untitled.txt
album-unassigned	Album Unassigned	08672d19-c215-4ff6-ac7c-8273ca45eab0	(untitled)	English	gurukul	Other / Misc	cover-local	lyrics-ready	55	_radio_index/suno_backup/lyrics/2026-03-12_08672d19_untitled.txt
album-unassigned	Album Unassigned	94daf0e0-f8b0-4025-b269-39a4f5b63bdc	(untitled)	English	gurukul	Other / Misc	cover-local	lyrics-ready	83	_radio_index/suno_backup/lyrics/2026-03-12_94daf0e0_untitled.txt
album-unassigned	Album Unassigned	afb6c7b0-fbfc-4889-9c1c-361c8bba3ed4	(untitled)	English	gurukul	Other / Misc	cover-local	lyrics-ready	7	_radio_index/suno_backup/lyrics/2026-03-12_afb6c7b0_untitled.txt
album-unassigned	Album Unassigned	348fc72d-5a8b-4126-9498-c2f6cafc4a0e	॥ हेमंत अंतर्मन संवाद: आधिकारिक टीज़र स्क्रिप्ट	Hindi	gurukul	Other / Misc	cover-local	lyrics-ready	7	_radio_index/suno_backup/lyrics/2026-03-12_348fc72d_untitled.txt
album-unassigned	Album Unassigned	22166f36-f1c8-4ca9-9452-f76ee29ff8c9	(untitled)	English	gurukul	Other / Misc	cover-local	lyrics-ready	7	_radio_index/suno_backup/lyrics/2026-03-12_22166f36_untitled.txt
album-unassigned	Album Unassigned	92631fc4-6b9e-4dd2-9cd4-83870b8d3d71	(untitled)	English	gurukul	Other / Misc	cover-local	lyrics-ready	7	_radio_index/suno_backup/lyrics/2026-03-12_92631fc4_untitled.txt
album-unassigned	Album Unassigned	e2588540-4aee-4cff-a2d9-023f8e4c0e98	(untitled)	English	gurukul	Other / Misc	cover-local	lyrics-ready	7	_radio_index/suno_backup/lyrics/2026-03-12_e2588540_untitled.txt
album-unassigned	Album Unassigned	bfac316f-83ab-44b3-8c61-080c6de6c036	॥ हेमंत अंतर्मन संवाद: आधिकारिक टीज़र स्क्रिप्ट	Hindi	gurukul	Other / Misc	cover-local	lyrics-ready	7	_radio_index/suno_backup/lyrics/2026-03-12_bfac316f_untitled.txt
album-unassigned	Album Unassigned	30bf75e7-10f6-4308-b4ee-87d52c599e1a	(untitled)	English	gurukul	Other / Misc	cover-local	lyrics-ready	54	_radio_index/suno_backup/lyrics/2026-03-12_30bf75e7_untitled.txt
album-unassigned	Album Unassigned	474b5afb-1073-42d4-a1b5-16fbfdce636d	(untitled)	English	gurukul	Other / Misc	cover-local	lyrics-ready	51	_radio_index/suno_backup/lyrics/2026-03-11_474b5afb_untitled.txt
album-unassigned	Album Unassigned	1a47a65a-030c-4a27-ba73-ee86926a4f85	First Comes the Word	English	gurukul	Other / Misc	cover-local	lyrics-ready	51	_radio_index/suno_backup/lyrics/2026-03-11_1a47a65a_First Comes the Word.txt
album-unassigned	Album Unassigned	dc93e92b-de6b-4f68-be8d-4264d2eaf273	First Comes the Word	English	gurukul	Other / Misc	cover-local	lyrics-ready	51	_radio_index/suno_backup/lyrics/2026-03-11_dc93e92b_First Comes the Word.txt
album-unassigned	Album Unassigned	5ad16b1e-5925-434b-a035-a9c2a7e1579b	First Comes the Word	English	gurukul	Other / Misc	cover-local	lyrics-ready	68	_radio_index/suno_backup/lyrics/2026-03-11_5ad16b1e_First Comes the Word.txt
album-unassigned	Album Unassigned	1f40b6c8-ca9d-4b88-8840-de4658f294ac	First Comes the Word	English	gurukul	Other / Misc	cover-local	lyrics-ready	68	_radio_index/suno_backup/lyrics/2026-03-11_1f40b6c8_First Comes the Word.txt
album-unassigned	Album Unassigned	9f8f747d-bca4-4422-aeef-8efd76fc5e11	सन्दर्भ की परिभाषा	Hindi	gurukul	Other / Misc	cover-local	lyrics-ready	18	_radio_index/suno_backup/lyrics/2026-03-10_9f8f747d_सन्दर्भ की परिभाषा.txt
album-unassigned	Album Unassigned	81730957-69cc-4143-a4a1-ff4f37c7ec2b	सन्दर्भ की परिभाषा	Hindi	gurukul	Other / Misc	cover-local	lyrics-ready	18	_radio_index/suno_backup/lyrics/2026-03-10_81730957_सन्दर्भ की परिभाषा.txt
album-unassigned	Album Unassigned	281a3e06-5f91-4e59-9fba-f520b47ff2a4	कालिख के भीतर	Hindi	gurukul	Other / Misc	cover-local	lyrics-ready	40	_radio_index/suno_backup/lyrics/2026-03-10_281a3e06_कालिख के भीतर.txt
album-unassigned	Album Unassigned	8ed97e69-ba32-497e-99e6-5f5ffc1208d7	कालिख के भीतर	Hindi	gurukul	Other / Misc	cover-local	lyrics-ready	40	_radio_index/suno_backup/lyrics/2026-03-10_8ed97e69_कालिख के भीतर.txt
album-unassigned	Album Unassigned	c95adbc4-eb40-4508-8a3f-4d9376a62d99	jaleel	English	gurukul	Other / Misc	cover-local	lyrics-ready	14	_radio_index/suno_backup/lyrics/2026-03-10_c95adbc4_jaleel.txt
album-unassigned	Album Unassigned	dbd35f9f-c48b-4228-b9d7-f7c525bfb562	jaleel	English	gurukul	Other / Misc	cover-local	lyrics-ready	14	_radio_index/suno_backup/lyrics/2026-03-10_dbd35f9f_jaleel.txt
album-unassigned	Album Unassigned	928d9daa-71ce-4eb4-8c1e-4c6b141d61e4	jaleel	English	gurukul	Other / Misc	cover-local	lyrics-ready	14	_radio_index/suno_backup/lyrics/2026-03-10_928d9daa_jaleel.txt
album-unassigned	Album Unassigned	f2d23578-ceb2-4b60-9c76-13bddb621440	jaleel	English	gurukul	Other / Misc	cover-local	lyrics-ready	17	_radio_index/suno_backup/lyrics/2026-03-10_f2d23578_jaleel.txt
album-unassigned	Album Unassigned	a605a0c4-5252-478d-9425-b0245d9284e9	jaleel	English	gurukul	Other / Misc	cover-local	lyrics-ready	17	_radio_index/suno_backup/lyrics/2026-03-10_a605a0c4_jaleel.txt
album-unassigned	Album Unassigned	1692dd58-42ff-46e1-886b-d4de131eb0a0	jaleel	English	gurukul	Other / Misc	cover-local	lyrics-ready	17	_radio_index/suno_backup/lyrics/2026-03-10_1692dd58_jaleel.txt
album-unassigned	Album Unassigned	d5005293-034b-4647-873f-85619d1208d1	del	English	gurukul	Other / Misc	cover-local	lyrics-null	0	_radio_index/suno_backup/lyrics/d5005293-034b-4647-873f-85619d1208d1.txt
album-unassigned	Album Unassigned	3f789a12-3090-4729-8e17-03745470ffde	banjara	English	gurukul	Other / Misc	cover-local	lyrics-ready	16	_radio_index/suno_backup/lyrics/2026-03-10_3f789a12_banjara.txt
album-unassigned	Album Unassigned	de7c66a0-7383-4a67-87be-742eaafdc1cb	banjara	English	gurukul	Other / Misc	cover-local	lyrics-ready	16	_radio_index/suno_backup/lyrics/2026-03-10_de7c66a0_banjara.txt
album-unassigned	Album Unassigned	4ae291ce-bd61-493c-9ae1-020abe22f194	banjara	English	gurukul	Other / Misc	cover-local	lyrics-ready	16	_radio_index/suno_backup/lyrics/2026-03-10_4ae291ce_banjara.txt
