id	title	recordKind	cueCount	durationSeconds	timingBasis	timingVerified	syncMode	structuralStatus	issueCount
2f332d7d-3202-4e03-ac8e-c8c057223685	छट का दिन	catalog	34	147.24	ffprobe-duration	false	estimated-spread	pass	0
2bfbe15e-ac6a-487e-94bd-f535bdbe9f7a	हनु मूड खाने	catalog	38	161.16	ffprobe-duration	false	estimated-spread	pass	0
86fe2a68-593c-4b20-a76a-d0f504f89943	हट हट हट होनी तू हट	catalog	34	151.44	ffprobe-duration	false	estimated-spread	pass	0
974ae0bf-c90c-47bb-803a-18160360bc54	हट हट हट होनी तू हट	catalog	38	154.92	ffprobe-duration	false	estimated-spread	pass	0
75291d2d-784d-46f7-8c5a-774e99eb3e3e	सिंहिका पथ दियाये केतु भागे भटका भटक	catalog	38	180.88	ffprobe-duration	false	estimated-spread	pass	0
fa8592bb-2d3c-443d-aaf7-9882825a0f19	हनु की पटक	catalog	38	126.64	ffprobe-duration	false	estimated-spread	pass	0
4ddbdc9c-240c-4e5d-8b50-ee61576d136e	हट हट हट होनी तू हट	catalog	45	184.16	ffprobe-duration	false	estimated-spread	pass	0
01e30f52-01cf-403d-af40-041dac751bd0	स्वरभानु माँ सिखाए	catalog	45	179.72	ffprobe-duration	false	estimated-spread	pass	0
25e7d717-7de7-45e6-8f5e-c53ef846cac3	छत-छट ताल	catalog	30	225.96	ffprobe-duration	false	estimated-spread	pass	0
30e92ffe-423f-48cf-9e93-5fd9bb7113c1	विज़ुअल: अंतरिक्ष में तैरते हुए ३३-डिजिट संख्या	catalog	30	264.28	ffprobe-duration	false	estimated-spread	pass	0
d5f6d9bc-5c76-48d6-859d-957ef84f79b3	हनुमान-अनुमान छट	catalog	28	236.96	ffprobe-duration	false	estimated-spread	pass	0
1bb556f0-a4fb-4994-9096-3ab4f66de0b8	विज़ुअल: अंतरिक्ष में घूमते सूर्य और ग्रहों के ब	catalog	28	244.76	ffprobe-duration	false	estimated-spread	pass	0
ada89c81-d8fa-4ec0-9938-d9435397b7cd	हा... हू... हौ... हन्... हनु... हनु... हनु... मा	catalog	29	197.84	ffprobe-duration	false	estimated-spread	pass	0
a24721b3-51c9-48b8-997b-0aab5ae3f158	Vocals : "हा... हू... हौ... हन्... हनु... हनु...	catalog	7	32.8	ffprobe-duration	false	estimated-spread	pass	0
39c60af7-873d-464c-ab83-86a116aa3a19	ह्-हनु अनुमान	catalog	7	22.44	ffprobe-duration	false	estimated-spread	pass	0
0691bbaf-1f16-453a-9c00-0eecd71d1e14	३३-डिजिट नियॉन	catalog	29	194.04	ffprobe-duration	false	estimated-spread	pass	0
5873f9a6-c7cc-475b-8560-a6200c367731	हनु-मान् हनु	catalog	32	479.4	ffprobe-duration	false	estimated-spread	pass	0
bcb08d50-076e-4408-ae04-389701191ee3	Vocals : "हा... हू... हौ... हन्... हनु... हनु...	catalog	32	479.4	ffprobe-duration	false	estimated-spread	pass	0
31cd60d6-6b7d-4e15-9847-9c3866d60440	जुग सहस्र जोजन पर भानू	catalog	29	216.52	ffprobe-duration	false	estimated-spread	pass	0
7333a108-d5a5-4cf4-9e36-6ce6aec10997	Chhat-Chhat Sanaatana	catalog	14	131.08	ffprobe-duration	false	estimated-spread	pass	0
1fe3b620-3a18-4632-b128-12c1b2245f47	Hyper-dynamic Indian electronic folk-pop	catalog	14	134.88	ffprobe-duration	false	estimated-spread	pass	0
83db2f7e-ae48-418d-9587-c807af8e24e3	चक्र-इंजन शंखनाद	catalog	29	188.16	ffprobe-duration	false	estimated-spread	pass	0
9b8b2f04-0e8b-4270-af63-84bd21bb7574	```text	catalog	41	209	ffprobe-duration	false	estimated-spread	pass	0
1f6a6bc0-d85f-4858-b13d-776e839401cf	द सनातन एक्सप्रेस	catalog	41	199.08	ffprobe-duration	false	estimated-spread	pass	0
ce81e083-36e5-4e52-9024-06159cb42409	काश वो बचपन फिर से लौट आए	catalog	31	206.12	ffprobe-duration	false	estimated-spread	pass	0
684a2e17-9992-459b-970a-279f3f506e59	Kash Bachpan Phir	catalog	31	197.88	ffprobe-duration	false	estimated-spread	pass	0
6d0a9964-c0d3-45cf-925a-c9fa28f97ba3	काश वो बचपन फिर से लौट आए	catalog	23	218.4	ffprobe-duration	false	estimated-spread	pass	0
2cde1a1a-4b66-4a74-ba16-bd13a1f93fd4	छत की चादर	catalog	23	197.76	ffprobe-duration	false	estimated-spread	pass	0
467d741a-c022-402a-b47d-0a2abb53f043	छत वाला सितारों	catalog	23	209.48	ffprobe-duration	false	estimated-spread	pass	0
b1bd425e-a117-432d-81ca-2acb4c87fa00	काश वो बचपन फिर से लौट आए	catalog	23	232.64	ffprobe-duration	false	estimated-spread	pass	0
832210ad-c382-4ee4-8099-264df30ef06c	ताल: आदि तीव्र	catalog	128	358.84	ffprobe-duration	false	estimated-spread	pass	0
236a15f1-5e9d-4489-9d6a-28e76211f10f	काली-कलम-का	catalog	128	354	ffprobe-duration	false	estimated-spread	pass	0
58a470f5-a299-4fb9-b539-f879df9db3c0	🎵 ka kaa rahasya niraalaa	catalog	99	358.24	ffprobe-duration	false	estimated-spread	pass	0
d85bffd9-6420-4844-bef4-34a1ed0cfffd	🎵 क का रहस्य निराला	catalog	83	358.8	ffprobe-duration	false	estimated-spread	pass	0
2cba3a04-39a7-4cb7-8c74-33800f3a25d7	काली कलम	catalog	83	327.8	ffprobe-duration	false	estimated-spread	pass	0
8aee516c-0320-41bb-9f30-695a8a3b34df	कागद काली कलम	catalog	99	332.84	ffprobe-duration	false	estimated-spread	pass	0
3c08a390-57b0-4deb-b710-ffd81cd63cec	Ka Kau Question	catalog	131	337.24	ffprobe-duration	false	estimated-spread	pass	0
c086c759-c522-42a2-9718-bf85eb3d3dc7	ekla chalo re... nahi	catalog	131	346.92	ffprobe-duration	false	estimated-spread	pass	0
0d2391f0-56a0-4e55-b0a6-3054cf623259	Kaahe Kaagaz	catalog	112	286.68	ffprobe-duration	false	estimated-spread	pass	0
8eb95048-e740-4624-99bf-e1c3293c9dfb	Kaahe Kaagaz	catalog	112	280.84	ffprobe-duration	false	estimated-spread	pass	0
e0c8c103-aedf-4560-a5f1-875275518f0f	Kaal Likhe Kaal	catalog	112	294.36	ffprobe-duration	false	estimated-spread	pass	0
da4174c6-2d45-4d98-8050-72dcb85f6fb9	ka kau ke	catalog	112	306.12	ffprobe-duration	false	estimated-spread	pass	0
f090d601-40e5-4874-b303-4bc84220564c	ka kau ke	catalog	51	174.88	ffprobe-duration	false	estimated-spread	pass	0
dec1c74f-f3ae-4b2b-b293-27081aef1c5e	Kaa Rahasya	catalog	51	143.6	ffprobe-duration	false	estimated-spread	pass	0
6c05306f-bf60-44fc-9a7c-cd6a8d07190d	छुक-छुक चलती भाषा की गाड़ी	catalog	28	213.28	ffprobe-duration	false	estimated-spread	pass	0
c0a0b8a2-6b5b-4c50-a7d1-5bd85bd7e24d	छुक-छुक गाड़ी	catalog	28	205.44	ffprobe-duration	false	estimated-spread	pass	0
8334c7f3-00ab-48e5-8e90-fae9c7898ec4	छुक-छुक भाषा गाड़ी	catalog	28	208.28	ffprobe-duration	false	estimated-spread	pass	0
130d4a7c-79cc-4c0e-827e-a011ef1e0689	छुक-छुक भाषा गाड़ी	catalog	28	209.96	ffprobe-duration	false	estimated-spread	pass	0
935837be-7dfb-4f7d-ae0c-36743a8de966	छुक-छुक चलती भाषा की गाड़ी	catalog	28	218.4	ffprobe-duration	false	estimated-spread	pass	0
4de46a49-de10-4bc4-8e89-bded6e92e5e8	छुक-छुक भाषा गाड़ी	catalog	28	212.6	ffprobe-duration	false	estimated-spread	pass	0
d3047e94-747e-478b-84d0-ebcd931b6ebf	छुक-छुक कोडिंग गाड़ी	catalog	36	256.8	ffprobe-duration	false	estimated-spread	pass	0
9438a33e-1869-4686-89f7-2b1b3746fbe8	छुक-छुक चलती कोडिंग की गाड़ी	catalog	36	267.64	ffprobe-duration	false	estimated-spread	pass	0
61a1c2e8-6e9b-4636-b976-9c0a3c82cc60	राजधर्म चक्र	catalog	41	212.92	ffprobe-duration	false	estimated-spread	pass	0
2ed5e119-5a3e-4f8f-9802-0b0a921375b4	महामात्य का आदेश सुनो अब	catalog	41	226.92	ffprobe-duration	false	estimated-spread	pass	0
0551f9c5-85b2-43c5-a715-b29b3a10df0c	कबीर निर्गुण	catalog	41	224.92	ffprobe-duration	false	estimated-spread	pass	0
5791e93b-a997-4765-b8d1-c0fcbb88c384	धारानगरी का वो राजा	catalog	41	258.12	ffprobe-duration	false	estimated-spread	pass	0
77a40556-adc6-4bd2-bf2d-3bfac249ad2a	मूल्यों के प्रति ये निष्ठा अपनी	catalog	41	240.32	ffprobe-duration	false	estimated-spread	pass	0
c7fabad5-bd6d-4a60-b985-ad0aae6819c3	चणक्य चांदी	catalog	47	219.72	ffprobe-duration	false	estimated-spread	pass	0
f9f70b24-e62f-40a2-b42f-f3a0ba272777	संप्रभुता का डंका	catalog	41	233.24	ffprobe-duration	false	estimated-spread	pass	0
fc641c78-b723-4744-a9f0-93ca40542e4f	समाज की खोज का सुनो इतिहास	catalog	47	225.56	ffprobe-duration	false	estimated-spread	pass	0
4573b54b-63f0-4dac-9e7a-4ba9ddf8acbc	समाज की खोज का सुनो इतिहास	catalog	20	115.56	ffprobe-duration	false	estimated-spread	pass	0
e1ec848b-c158-4366-ba75-bb0d12943801	चाणक्य सिक्का	catalog	20	99.48	ffprobe-duration	false	estimated-spread	pass	0
2b968ed3-b8ee-44e4-ad96-e3da7d583ae0	कौतूहल की दुनिया में लॉजिक अपार है	catalog	51	232.64	ffprobe-duration	false	estimated-spread	pass	0
da33361a-8617-4815-b444-dd6d95f00bca	डिजिटल गुरुकुल	catalog	51	218.52	ffprobe-duration	false	estimated-spread	pass	0
f31751f4-ec55-4c42-a423-07f42895a464	कौतूहल की दुनिया में लॉजिक अपार है	catalog	21	124.96	ffprobe-duration	false	estimated-spread	pass	0
cc265065-cce9-480d-8e32-6f6530047d9b	कक्षा सात का गणित प्रकाश	catalog	37	201.12	ffprobe-duration	false	estimated-spread	pass	0
05bb41b7-0a36-4c99-a245-d5d727f902c3	लिटमस परिपथ	catalog	21	92.28	ffprobe-duration	false	estimated-spread	pass	0
28ed327a-4860-4957-a494-fcd59d36bcd9	Shankhnaad Cowbell Drop	catalog	37	174.04	ffprobe-duration	false	estimated-spread	pass	0
e038f00c-f649-44ca-8cc5-f2110a995703	कोष्ठक शंखनाद	catalog	18	69.36	ffprobe-duration	false	estimated-spread	pass	0
bc9e8406-4ced-4d22-a476-896c9d6b31e3	कक्षा सात का गणित प्रकाश	catalog	18	185.64	ffprobe-duration	false	estimated-spread	pass	0
eae4f2af-ad53-414e-b47b-70dcd331427a	चांदी का सिक्का	catalog	46	211.8	ffprobe-duration	false	estimated-spread	pass	0
961c3ee7-95d5-4fc3-86be-9fc9344cb1b1	चाणक्य की नीति गाओ	catalog	46	218.96	ffprobe-duration	false	estimated-spread	pass	0
ee8190df-8ed5-4fd2-b83e-f6908dad6089	तेईस दशमलव पाँच	catalog	48	294.76	ffprobe-duration	false	estimated-spread	pass	0
5430725d-e817-463d-8233-7d08e6bb2a8c	दिन और रात का लूप चलता है	catalog	48	322.04	ffprobe-duration	false	estimated-spread	pass	0
7136ecc0-1cde-4b63-93df-1bd8100300b5	छट-छट चलती बुद्धि की गाड़ी	catalog	56	215.92	ffprobe-duration	false	estimated-spread	pass	0
7ad70850-e3ae-4d26-b0e9-05197e2cb4f9	शंखनाद बाइनरी	catalog	56	196.6	ffprobe-duration	false	estimated-spread	pass	0
ccd4fdeb-6879-4797-ae1f-f37fe6330b64	पिंगल-बाइनरी ट्राम	catalog	38	207.2	ffprobe-duration	false	estimated-spread	pass	0
f6051273-d0f3-41f7-b3fe-3b657023d007	🎵 3. सनातन वैज्ञानिक एक्सप्रेस गाना	catalog	38	225.96	ffprobe-duration	false	estimated-spread	pass	0
289f8c8d-4172-4b06-aa7f-5a73fd559b01	🎙️ रेडियो सनातन वैज्ञानिक पर महा-अभिलेखागार का ल	catalog	1	256.84	ffprobe-duration	false	estimated-spread	pass	0
ac3bbd7c-13ce-4c58-8852-a3ba11cf9d62	कोर लॉग्स लाइव	catalog	1	216.96	ffprobe-duration	false	estimated-spread	pass	0
cac083e2-5eba-42df-a500-188660293076	डिजिटल गुरुकुल मैट्रिक्स	catalog	16	99.88	ffprobe-duration	false	estimated-spread	pass	0
9e69f682-8e35-49be-bd83-e64b31b91832	डिजिटल गुरुकुल लॉग्स	catalog	1	207.32	ffprobe-duration	false	estimated-spread	pass	0
8dfe144d-a4e9-4c51-8d4b-2c642a9eb4be	🎵 सनातन वैज्ञानिक एक्सप्रेस गाना: पाठ्यक्रम का त	catalog	16	143.04	ffprobe-duration	false	estimated-spread	pass	0
1fe24a9e-568a-49b0-ba5b-a24b30c0d106	डिजिटल गुरुकुल लॉग्स	catalog	1	240.56	ffprobe-duration	false	estimated-spread	pass	0
161f3183-f997-4981-afda-e28650b9f92d	डिजिटल गुरुकुल-कनेक्टर	catalog	1	198.64	ffprobe-duration	false	estimated-spread	pass	0
db77a1fc-e18d-44a0-a28d-7653ea20e3c3	🎙️ रेडियो सनातन वैज्ञानिक पर महा-अभिलेखागार का ल	catalog	1	258.36	ffprobe-duration	false	estimated-spread	pass	0
1c0f3567-660d-40a2-8672-943688dd3c89	O meri bhaarat maataa	catalog	52	267	ffprobe-duration	false	estimated-spread	pass	0
d60bbdd7-852b-4638-9bfc-de2be9c9f0e9	Reversed Sitar Whisper	catalog	52	261.76	ffprobe-duration	false	estimated-spread	pass	0
b1673a2d-91fa-478f-a3c3-79d253fd7444	परदेसां धड़कन	catalog	51	314.88	ffprobe-duration	false	estimated-spread	pass	0
6145df1e-62b2-4fd3-a150-ebef60393608	O meri bhaarat maataa	catalog	51	336.6	ffprobe-duration	false	estimated-spread	pass	0
4f82c591-30f7-4369-8544-9c90f7b11d0d	रही धड़क ना सीने में।	catalog	48	304.84	ffprobe-duration	false	estimated-spread	pass	0
60bb8f17-03b5-4159-ab31-2927d80a2629	Distorted Sarangi Wobble	catalog	48	295.68	ffprobe-duration	false	estimated-spread	pass	0
6657399e-3da3-424d-9965-024cc4786644	Tanpura Rainbird	catalog	45	280.48	ffprobe-duration	false	estimated-spread	pass	0
4c151ea0-4e12-4f3c-8767-e25ed0ee02cb	तेरे बिना मैंने परदेसां में	catalog	45	313	ffprobe-duration	false	estimated-spread	pass	0
2f7dc4d3-998d-4f4c-b011-9f88e7a482c1	Tanpura Rainbird	catalog	45	285.68	ffprobe-duration	false	estimated-spread	pass	0
9da0a583-254e-4712-bf3d-e40b49a6856e	परदेसां कीधूप	catalog	45	302.64	ffprobe-duration	false	estimated-spread	pass	0
ee86a23e-0007-4d04-99f8-4b605086de9e	रही धड़क ना सीने में।	catalog	44	299.36	ffprobe-duration	false	estimated-spread	pass	0
cb8ff251-d3a7-4271-a3a0-33969db28cb0	Paradesi Wobble	catalog	44	270.48	ffprobe-duration	false	estimated-spread	pass	0
55b29326-16e4-4e61-84ab-ce7f6cd164df	साती माटी-चोला	catalog	37	298.36	ffprobe-duration	false	estimated-spread	pass	0
a3348700-9ecb-4d78-8344-aaf875575f8f	तेरे बिना मैंने परदेसां में	catalog	37	334.64	ffprobe-duration	false	estimated-spread	pass	0
e73bb277-81d9-40d3-94bc-f8f3f7893688	O my darling	catalog	58	331	ffprobe-duration	false	estimated-spread	pass	0
6058ab0b-f41c-4639-a96a-1b58b31a999d	परदेसा धड़कन	catalog	58	313.32	ffprobe-duration	false	estimated-spread	pass	0
6773c614-261b-461b-9eab-54efb5810575	साहब	catalog	49	297.72	ffprobe-duration	false	estimated-spread	pass	0
989e203d-59cf-43b4-b450-bd5f5fdf28a6	ख़्वाब-धागा आधा	catalog	49	289.52	ffprobe-duration	false	estimated-spread	pass	0
62780b6c-9eb0-43e2-91f7-38e05b1458db	साहब	catalog	23	193.64	ffprobe-duration	false	estimated-spread	pass	0
081d7d0e-d5f4-455e-9716-46f8bfcd192f	साहब खोज जंग	catalog	23	178.04	ffprobe-duration	false	estimated-spread	pass	0
8433a493-5a44-4032-8243-bc0263a6ba2f	जमा उघाड़ी	catalog	64	356.84	ffprobe-duration	false	estimated-spread	pass	0
9a501fdc-42a2-43b9-b72f-4acea519537c	जिंदगी... तू जमा उघाड़ी है	catalog	64	389.04	ffprobe-duration	false	estimated-spread	pass	0
27601dd5-f441-413d-bb6e-6efae567a7f7	आँखें रातभर	catalog	29	189.72	ffprobe-duration	false	estimated-spread	pass	0
eeadca81-afe0-426b-aec0-9bb8e7226283	जिंदगी... तू जमा उघाड़ी है	catalog	29	193.4	ffprobe-duration	false	estimated-spread	pass	0
d02ff9aa-08de-4c3c-894a-5d78bf3883f8	जैठ की दुपहरी	catalog	25	248.28	ffprobe-duration	false	estimated-spread	pass	0
b39097fb-81be-40f8-bc18-46c757b2ce0c	जिंदगी... तू जमा उघाड़ी है	catalog	25	253.24	ffprobe-duration	false	estimated-spread	pass	0
79c1b363-10f4-4f23-a2d0-846a1ff744ec	जाट जाट जाट जाट खिले हुए rose हैं	catalog	54	230.92	ffprobe-duration	false	estimated-spread	pass	0
de8f6167-d436-420a-93af-8127c00e163b	सवा लाख जाट	catalog	54	202.28	ffprobe-duration	false	estimated-spread	pass	0
42bde3ea-cba3-4e45-acdb-d8b8a10379ca	जाट जाट जाट जाट खिले हुए rose हैं	catalog	34	251.08	ffprobe-duration	false	estimated-spread	pass	0
a10e118d-a2df-428c-add4-6624a46a39fc	जटाओं की गड़गड़ाहट	catalog	34	239.92	ffprobe-duration	false	estimated-spread	pass	0
d3340fe8-0440-4a60-afec-7b57312659b8	जटाओं की डमकार	catalog	34	202.32	ffprobe-duration	false	estimated-spread	pass	0
c7719c74-3520-40ba-9a5a-48be9a8e9af4	जटाओं की डमकार	catalog	34	231.16	ffprobe-duration	false	estimated-spread	pass	0
7e3ed4ad-570a-4867-849a-9eae418e6564	बम भोला बम	catalog	35	143.44	ffprobe-duration	false	estimated-spread	pass	0
c180868a-e9f9-4af0-b85f-9e47ea6a94a0	बम भोला बम	catalog	35	131.84	ffprobe-duration	false	estimated-spread	pass	0
7c43c6d1-991a-46e1-b557-7e9b8528b4a3	भगवा चोला	catalog	35	144.92	ffprobe-duration	false	estimated-spread	pass	0
acce7b02-b36e-4aa7-8bc4-899e425e1f7f	भगवा चोला	catalog	35	134.52	ffprobe-duration	false	estimated-spread	pass	0
00702de5-9189-4230-8040-d9c213a28c7c	बम बाबा बम भोला	catalog	35	217.24	ffprobe-duration	false	estimated-spread	pass	0
04511a31-131b-44c4-a3a6-d3daa32e8026	बम बाबा बम भोला	catalog	35	205	ffprobe-duration	false	estimated-spread	pass	0
c43bb926-b90b-41ce-b1ca-1079d49eb675	बम भोला चोला	catalog	38	195.84	ffprobe-duration	false	estimated-spread	pass	0
5ca9eaf3-f217-487c-b700-28362ca02ec0	चला आर्यो का टोला	catalog	38	206.52	ffprobe-duration	false	estimated-spread	pass	0
67800d7d-2832-4abd-9273-de538c1471a0	भगवा चोला बम	catalog	37	194	ffprobe-duration	false	estimated-spread	pass	0
b355bd3b-7913-40b5-8f0d-a482329e49b6	चला आर्यो का टोला	catalog	37	202.2	ffprobe-duration	false	estimated-spread	pass	0
f5f173d2-b941-4beb-8383-123e56486214	सिलेंस के पार	catalog	36	238.36	ffprobe-duration	false	estimated-spread	pass	0
a37f2f45-fd0e-4254-a6cc-1dd4376ceaa2	नाम तेरे रखे अनेक	catalog	36	238.68	ffprobe-duration	false	estimated-spread	pass	0
2b4d9843-2835-4383-b5f5-f90a9f2cde42	घुटने-छुपा एक	catalog	61	282.92	ffprobe-duration	false	estimated-spread	pass	0
f0e7033c-a246-4902-a230-945e9796c695	नाम तेरे रखे अनेक	catalog	61	287.08	ffprobe-duration	false	estimated-spread	pass	0
e553b9c9-27cd-43b9-a4e0-f97ca910e45d	तोरै ही भरोसो	catalog	1	479.4	ffprobe-duration	false	estimated-spread	pass	0
91ec0002-3ce7-418e-a969-3c1a00f9f662	नाम अनेक एक	catalog	1	479.4	ffprobe-duration	false	estimated-spread	pass	0
b25c705c-37d8-4b8f-8f80-49fc861fb6a5	नाम-छुपा दाता	catalog	37	210	ffprobe-duration	false	estimated-spread	pass	0
cb2c77c5-2aab-4459-9d5f-84c4024be973	तुझ पर ही भरोसा	catalog	37	479.4	ffprobe-duration	false	estimated-spread	pass	0
4ee44646-3967-4f0a-bbae-22021f58063f	तुझ पर ही भरोसा... तुझ पर है यक़ीन	catalog	1	479.4	ffprobe-duration	false	estimated-spread	pass	0
31e87d44-ff07-4ab5-8a2d-4381d75a2b64	Tujh Par भरोसा	catalog	1	267.36	ffprobe-duration	false	estimated-spread	pass	0
4cf08691-a7ea-40e0-bd21-8b0b272cb3f6	वो है-इसलिए मैं	catalog	12	111.64	ffprobe-duration	false	estimated-spread	pass	0
2aa5f8f0-1fd1-4473-9dd2-a3db61cfd0dc	तुझ पर ही भरोसा	catalog	12	122.08	ffprobe-duration	false	estimated-spread	pass	0
dd450e4b-6a76-42d9-8a70-2e4a0244702d	बोटी-फुर्र अरदास	catalog	56	221.4	ffprobe-duration	false	estimated-spread	pass	0
8bcb26e4-6909-4e70-9291-af3e5452bf87	बोटी-फुर्र अरदास	catalog	56	213.32	ffprobe-duration	false	estimated-spread	pass	0
f5ca7479-1bc5-4df4-a86e-e410e27b36cb	जिसकी लांबी लांबी चोटी	catalog	56	261.88	ffprobe-duration	false	estimated-spread	pass	0
12134426-c294-4dd0-9375-9f507bb1140a	इसी वाली बोटी	catalog	56	245.68	ffprobe-duration	false	estimated-spread	pass	0
bb4a0cdc-93a8-4846-a9c5-30071f2fcf78	चप्पल-झिड़कियाँ	catalog	51	217.04	ffprobe-duration	false	estimated-spread	pass	0
2dbdbe4b-7abb-4214-b3ea-768e09a3cce1	तेरी चप्पल	catalog	51	232.48	ffprobe-duration	false	estimated-spread	pass	0
e6e7cdf5-7183-436b-b56a-c8060859c0de	माँ की बेलन-झिड़कियाँ	catalog	49	201.32	ffprobe-duration	false	estimated-spread	pass	0
5d3de852-628c-4d4e-83dc-4e2d0f91338a	तेरी चप्पल	catalog	49	222.2	ffprobe-duration	false	estimated-spread	pass	0
97f6c423-1e8d-4dec-92a5-a11b38363ee4	माँ की ममता-8D	catalog	42	260.8	ffprobe-duration	false	estimated-spread	pass	0
438a6526-4837-43f4-a7e5-50ae007fa00d	माताओं के दिवस नहीं	catalog	42	294.88	ffprobe-duration	false	estimated-spread	pass	0
cf6d9e3e-ae51-435d-895a-c4d7f95ebf4d	मिट्टी-तालि उछाल	catalog	46	286.36	ffprobe-duration	false	estimated-spread	pass	0
30275318-8155-4d3f-8d49-c49ddaf3e5c1	तोरि बंसी की तान... सुनिबे कूँ तरस गये मोरै कान।	catalog	46	324.2	ffprobe-duration	false	estimated-spread	pass	0
17abc34f-fad4-4b66-86f5-340e07c01725	तोरि बंसी की तान... सुनिबे कूँ तरस गये मोरै कान।	catalog	47	326.8	ffprobe-duration	false	estimated-spread	pass	0
a0c2cd04-1c26-49ec-b699-610ef0a62630	बंसी की तान	catalog	47	293.28	ffprobe-duration	false	estimated-spread	pass	0
bd82b09f-8f58-4b13-8ae8-b3c88ea71ee4	बंसी तान बिरह	catalog	43	318.96	ffprobe-duration	false	estimated-spread	pass	0
cb3b5a5b-0158-437f-bb0f-a905d88de403	बंसी तान बिरह	catalog	43	300.84	ffprobe-duration	false	estimated-spread	pass	0
7f168537-a968-41cb-ba05-f17737463764	घूँघट के पट खोलि दे आली	catalog	43	327.92	ffprobe-duration	false	estimated-spread	pass	0
d8e1bbbb-d558-49bb-9961-e2caa023d9aa	बंसीधर मुकुट	catalog	43	312.44	ffprobe-duration	false	estimated-spread	pass	0
d33be684-25d7-4e85-87ef-49230095291a	श्याम-धागो धरी	catalog	16	153.12	ffprobe-duration	false	estimated-spread	pass	0
0ad49695-99db-42e9-8a89-cc45b2f0875d	कौन कहे मनुस को जनम अभागो	catalog	16	154.2	ffprobe-duration	false	estimated-spread	pass	0
20d780b6-4235-4a2e-85ae-2221c73e89ef	श्याम-धागो	catalog	16	147.48	ffprobe-duration	false	estimated-spread	pass	0
819c6001-5eb8-472a-ae59-0a0ebab6a312	श्याम-धागो	catalog	16	141.12	ffprobe-duration	false	estimated-spread	pass	0
6093fffc-e0fc-44c3-b9b9-66d4d27c8180	तोरि बंसी तान	catalog	65	323.28	ffprobe-duration	false	estimated-spread	pass	0
2ad65ecc-4658-4a67-ad4f-68cbd8705a93	तोरी बंसी की तान... सुनन को तरस गए मोरे कान।	catalog	65	479.4	ffprobe-duration	false	estimated-spread	pass	0
bc6100f3-8fad-4df5-a8c1-3cd98848d069	तोरी बंसी की तान	catalog	43	342.32	ffprobe-duration	false	estimated-spread	pass	0
bdf090e4-3d39-4d47-863b-7bd1757feb8d	बंसीधर ताज	catalog	43	341.8	ffprobe-duration	false	estimated-spread	pass	0
52095580-5eef-4721-9a8a-1f615159529c	बंसीधर का ताज	catalog	0	NULL	NULL	false	NULL	no-cues	0
36dbb97d-2e8b-4a53-bbec-f43d0afa75ad	तोरी बंसी की तान	catalog	0	NULL	NULL	false	NULL	no-cues	0
b4c47e00-23e3-4b09-aafa-1ea1cb27d65c	तोरी बंसी की तान	catalog	20	269	ffprobe-duration	false	estimated-spread	pass	0
831ce982-3173-46ec-8fde-6f2a71f624d8	तोरी बंसी तान	catalog	20	246.24	ffprobe-duration	false	estimated-spread	pass	0
24d21a4f-0895-4c56-aec7-a4bfa9864ef5	तोरी बंसीतरस	catalog	20	263.44	ffprobe-duration	false	estimated-spread	pass	0
0d0501a9-8f1f-4a21-98f0-69b8429600fd	तोरी बंसी की तान	catalog	20	268.16	ffprobe-duration	false	estimated-spread	pass	0
86a31444-8c53-4fa0-aba2-cb6ca15aaa59	बंसीधर-तोरि	catalog	20	238.24	ffprobe-duration	false	estimated-spread	pass	0
9a2ad423-1f61-4b9b-896d-68cb77193f5c	तोरी बंसी की तान	catalog	20	262.84	ffprobe-duration	false	estimated-spread	pass	0
8e2f8fd9-7f9d-4716-94c1-4bac528a767b	तेरी बंसी की तान	catalog	19	251.92	ffprobe-duration	false	estimated-spread	pass	0
c10e8a3e-5744-4640-aff1-e1378f937cc5	बंसी तान-तड़प	catalog	19	243.08	ffprobe-duration	false	estimated-spread	pass	0
40960b06-71f2-42db-a4f7-ca440d0a25be	तेरी बंसी की तान	catalog	30	479.4	ffprobe-duration	false	estimated-spread	pass	0
9f8b0cb8-2b2d-47cb-8906-259a2f1e6144	अमर शत्रुहंता	catalog	34	228.08	ffprobe-duration	false	estimated-spread	pass	0
2859728c-7217-4382-bc09-22ad41ee0de0	बंसी की तान	catalog	30	479.4	ffprobe-duration	false	estimated-spread	pass	0
4cacd011-00d8-408e-97ef-d7bfb366b23e	महाराणा क़फ़िया	catalog	34	212	ffprobe-duration	false	estimated-spread	pass	0
b39a1673-b9c4-4eda-a3c6-a9ce936d589f	वो धर्म का जाप था	catalog	40	266	ffprobe-duration	false	estimated-spread	pass	0
4e99c51c-14d1-43a5-a536-c58f63a6d5f4	Dhol Stutter March	catalog	40	236.72	ffprobe-duration	false	estimated-spread	pass	0
63dd43a7-8fe0-465d-bcaf-b5986297d7ab	प्रताप का तान	catalog	40	228.08	ffprobe-duration	false	estimated-spread	pass	0
c5f1d8b4-1e92-4d0f-9936-e632bd0922de	म्यूअर क़िला-धुआं	catalog	20	169.08	ffprobe-duration	false	estimated-spread	pass	0
21b9c825-4413-4f7f-90c9-7bcd81cc55c0	वो धर्म का जाप था	catalog	20	212.4	ffprobe-duration	false	estimated-spread	pass	0
4d3c3d6c-edc8-4836-af39-6100059283e0	प्रताप का तान	catalog	40	224.08	ffprobe-duration	false	estimated-spread	pass	0
74a54818-5c55-4db4-bc1f-7dfa1e9fce6d	नीऑन लस्का	catalog	57	227.12	ffprobe-duration	false	estimated-spread	pass	0
565636d5-7042-4a96-88a9-f7835e3df3d0	आशिका न	catalog	57	249.4	ffprobe-duration	false	estimated-spread	pass	0
b81894bf-4e0b-489f-b54c-a471f30a051a	चस्का फीडबैक	catalog	59	249.44	ffprobe-duration	false	estimated-spread	pass	0
40f0eebb-2347-467a-b12f-57371526672e	आशिका न	catalog	59	252	ffprobe-duration	false	estimated-spread	pass	0
e3e41c8a-d755-4128-b6d7-eb79a61facec	चस्का ढार	catalog	59	223.76	ffprobe-duration	false	estimated-spread	pass	0
4417277d-8df9-416a-ac8b-9b68e3cdf5be	चस्का ढार	catalog	59	245.92	ffprobe-duration	false	estimated-spread	pass	0
3dfe2673-db12-496e-a169-ea75a891fef2	इस रंज-ओ-ग़म की दुनिया में मुझको यक़ीन न था	catalog	14	273.4	ffprobe-duration	false	estimated-spread	pass	0
216ca16d-22ff-4a35-959c-89ff65126a95	Chaska Laska	catalog	60	239.04	ffprobe-duration	false	estimated-spread	pass	0
091ab81d-180d-4521-8005-1d08377b3f14	साँस का पहरा	catalog	14	268.04	ffprobe-duration	false	estimated-spread	pass	0
b564bd23-5730-4718-b0f9-e2fb7eba934f	आशिका न	catalog	60	254.8	ffprobe-duration	false	estimated-spread	pass	0
534e2457-1af3-4ffb-92cb-4d53662c9940	बे... थमसी आती है	catalog	36	128.08	ffprobe-duration	false	estimated-spread	pass	0
f7390bf3-2335-444e-baed-c5e5cd17cfc1	बे... थमसी आती है	catalog	36	109.92	ffprobe-duration	false	estimated-spread	pass	0
b621900d-687c-4fdb-8eb9-638c8124b1e4	बे...	catalog	36	117.04	ffprobe-duration	false	estimated-spread	pass	0
decc359e-6a2c-4531-8b3c-f829ac5700be	बे...	catalog	36	105	ffprobe-duration	false	estimated-spread	pass	0
ee8a117b-ef9c-4b4e-9cbe-9d314232d018	बेधड़क करीब	catalog	36	106.24	ffprobe-duration	false	estimated-spread	pass	0
6c333810-2183-40c8-91a7-bd198ff98290	इतनी करीब आ जाती है	catalog	36	139.64	ffprobe-duration	false	estimated-spread	pass	0
fec3e2d0-b4c1-47aa-b22f-a7b5f2ea4774	कैसी वैसी सी	catalog	22	126.8	ffprobe-duration	false	estimated-spread	pass	0
48633b3f-1638-40cc-b3e8-55bd791ea44e	इतनी करीब आ जाती है	catalog	22	134.04	ffprobe-duration	false	estimated-spread	pass	0
c50d2540-0f2b-4c94-bb28-6a3c4883e847	सुनहर हारा फूका	catalog	101	307.36	ffprobe-duration	false	estimated-spread	pass	0
4cccdb69-4cb8-41f3-91bc-bac82f3583af	WhatsApp Image 2025-06-17 at 20.41.57 (Remastered)	catalog	26	174.4	ffprobe-duration	false	estimated-spread	pass	0
4df6f608-207a-494e-91e5-296847785ef2	Giddhon ke sheher mein	catalog	26	174.4	ffprobe-duration	false	estimated-spread	pass	0
6fe0efcf-2803-4ea7-83a7-a2f0a923176d	एक फूल ओ सुनहरा	catalog	101	364.88	ffprobe-duration	false	estimated-spread	pass	0
4cacdec0-b868-46d6-b260-0944f8278d76	संग पत्तियां का फहरा	catalog	68	288.04	ffprobe-duration	false	estimated-spread	pass	0
d195714f-a2b3-4d77-ae4f-f18670428eb0	मेघ की विरह	catalog	68	264.84	ffprobe-duration	false	estimated-spread	pass	0
809507be-5a63-49dc-8e0d-a16b87287cc8	पिंकी नाच	catalog	46	232.12	ffprobe-duration	false	estimated-spread	pass	0
55c1da3f-383e-4f89-b2f1-e371ee790fb4	नाच र पिंकी	catalog	46	234.72	ffprobe-duration	false	estimated-spread	pass	0
416d0856-a289-4daf-ade4-0c21dfa4b8dd	नाच र पिंकी	catalog	63	300.96	ffprobe-duration	false	estimated-spread	pass	0
67e8aee2-9b5a-47cc-88a6-741643a45909	पिंकी थाली	catalog	63	299.32	ffprobe-duration	false	estimated-spread	pass	0
8abf9e3b-198d-42d4-b547-c789d030e9fa	नाच र पिंकी	catalog	85	282.04	ffprobe-duration	false	estimated-spread	pass	0
f23d5bb3-9dc9-487a-902e-fb31cc813dfd	नाच र पिंकी	catalog	39	241.16	ffprobe-duration	false	estimated-spread	pass	0
8f0c2cf6-a3ee-488c-a85c-95779c10cd5c	पिंकी का थाली	catalog	85	268.8	ffprobe-duration	false	estimated-spread	pass	0
9944d4d4-a519-4243-8abc-0eb7245f81f0	पायल बजती धुन	catalog	39	229.96	ffprobe-duration	false	estimated-spread	pass	0
1b8e0980-f89e-41df-9a65-5a6eb313c777	पिंकी की थाली	catalog	102	287.56	ffprobe-duration	false	estimated-spread	pass	0
3ab7074f-3f3a-4669-8f7d-3b93838e728b	नाच र पिंकी	catalog	102	295.28	ffprobe-duration	false	estimated-spread	pass	0
45ebedf4-7d51-4716-a12b-764243daad4a	Pinki… Pinki… maut ka samaan	catalog	8	36.56	ffprobe-duration	false	estimated-spread	pass	0
c8598710-c924-4b3c-8e32-0a1fded87efb	Din Mein Sarpanch	catalog	8	29.68	ffprobe-duration	false	estimated-spread	pass	0
7e7aaecb-6ae5-41b2-86d2-c53c30b96231	गूंगों का स्टेशन	catalog	74	241.16	ffprobe-duration	false	estimated-spread	pass	0
226a516c-1c24-4e20-b60b-33c5d07903e0	हर ट्रैक एक दृश्य और भाव के साथ।	catalog	74	297.52	ffprobe-duration	false	estimated-spread	pass	0
f3c2518c-d6a6-4235-8da6-208eae4ee71a	“Roach Sirens”	catalog	40	159.68	ffprobe-duration	false	estimated-spread	pass	0
18cc6ebd-d8fe-4bf0-a598-1abdd0082fc7	करें परेशान	catalog	17	238.4	ffprobe-duration	false	estimated-spread	pass	0
87cb98e9-3781-4876-86b0-4540f8ecf4b1	रेत पर निशाँ	catalog	17	229.28	ffprobe-duration	false	estimated-spread	pass	0
c6ab00bc-f4fc-49fb-91b6-93fbb717ec43	Who raised you? Who trained you	catalog	40	178.8	ffprobe-duration	false	estimated-spread	pass	0
b56bd6df-5167-43b3-b0a6-cf5f42c72589	मेट्रो दरवाज़े बंद x Animatrix लोडिंग (Mashup)	catalog	68	226.08	ffprobe-duration	false	estimated-spread	pass	0
d0569990-a19a-4e68-b82b-1db44b271e2a	मेट्रो दरवाज़े बंद x Animatrix लोडिंग (Mashup)	catalog	68	242.16	ffprobe-duration	false	estimated-spread	pass	0
803ae36b-ad83-4a45-9256-606bf42e2514	मेरा अंतरमन डोले	catalog	68	277.84	ffprobe-duration	false	estimated-spread	pass	0
e48f5522-c4e9-43c9-8080-e6a097fa596c	मेट्रो दरवाज़े बंद	catalog	68	274.2	ffprobe-duration	false	estimated-spread	pass	0
e4126f4b-d140-4061-9c2f-294733f12904	Animatrix Loading	catalog	66	265	ffprobe-duration	false	estimated-spread	pass	0
9aa4b117-b9b0-46de-9c7d-4e16fadb5159	Animatrix लोड	catalog	66	268.12	ffprobe-duration	false	estimated-spread	pass	0
40bc367c-0e8b-4773-800e-f68e8cf45f1e	Animatrix Loading	catalog	66	251.96	ffprobe-duration	false	estimated-spread	pass	0
ad88ec20-844d-47ac-ae8e-5634a628daee	धरती का नून	catalog	57	318.96	ffprobe-duration	false	estimated-spread	pass	0
47ed762a-d69b-40e3-8c6b-9feee3c9bd95	Animatrix लोड	catalog	66	286.24	ffprobe-duration	false	estimated-spread	pass	0
a5469ce5-e8c0-40f9-86c7-934fe766e66a	चलते पर्वत	catalog	57	356.96	ffprobe-duration	false	estimated-spread	pass	0
a1faf499-0ae9-40d2-ac91-2d8e83b55f0c	Animatrix लोडिंग	catalog	66	290.84	ffprobe-duration	false	estimated-spread	pass	0
64809c5c-f7d0-4faf-b884-c3a9e25efa99	**धून रे-साधो**	catalog	0	NULL	NULL	false	NULL	no-cues	0
d6049185-a418-4c6a-a1d9-fcc801c751b9	लाश हटाता	catalog	0	NULL	NULL	false	NULL	no-cues	0
3b1bbfb3-e88d-49d5-91b4-f619dc802de3	मैं धरती का नून	catalog	102	479.4	ffprobe-duration	false	estimated-spread	pass	0
7e0d2809-671f-4a5d-ac1b-393bdf43d3fb	रेत में नमक	catalog	102	276.16	ffprobe-duration	false	estimated-spread	pass	0
c2da4a42-4081-4f8b-bcce-99e67d38740e	Animatrix लोडिंग	catalog	66	284.16	ffprobe-duration	false	estimated-spread	pass	0
b3e24cb5-dd86-475b-b84c-00356ec425f6	मेरा अंतरमन डोले	catalog	66	301.24	ffprobe-duration	false	estimated-spread	pass	0
12168a29-23fd-464a-8f32-b552fd6e4571	Animatrix Loading	catalog	66	278.72	ffprobe-duration	false	estimated-spread	pass	0
50efcdb2-3927-4d22-9dff-23ab30048e3e	मेरा अंतरमन डोले	catalog	65	274.12	ffprobe-duration	false	estimated-spread	pass	0
8e51259c-2c1b-4d8c-9937-a9210c11f9e0	मेट्रो हम-डोल	catalog	68	232.72	ffprobe-duration	false	estimated-spread	pass	0
eba6ef4c-4673-47d3-a972-ec071def7fc1	मेट्रो डिब्बा मोबाइल	catalog	65	255.76	ffprobe-duration	false	estimated-spread	pass	0
489eb949-4a6f-43a9-a57f-0c8d38c447f8	मेरा अंतरमन डोले	catalog	68	264.8	ffprobe-duration	false	estimated-spread	pass	0
302d74f4-c980-41ab-9517-7315d88c6f17	Animatrix Bootloop	catalog	65	244.88	ffprobe-duration	false	estimated-spread	pass	0
fe9e7ab6-a016-4774-9a1e-43f4e2598a18	मेरा अंतरमन डोले	catalog	65	250.52	ffprobe-duration	false	estimated-spread	pass	0
bbdbe9f0-9175-4132-989e-36fbc9b6ea40	मेरा अंतरमन डोले	catalog	50	273.04	ffprobe-duration	false	estimated-spread	pass	0
6fdb63c2-38cc-46f4-9872-4c0d1fec3922	मेरा अंतरमन डोले	catalog	63	255.88	ffprobe-duration	false	estimated-spread	pass	0
920539b8-cbfd-4c49-8404-bb0fbaa9dc11	मेरा अंतरमान डोले	catalog	63	240.12	ffprobe-duration	false	estimated-spread	pass	0
f4537e0d-1ee4-43aa-886c-096606a8877f	Animatrix Loading (Remastered)	catalog	50	273.04	ffprobe-duration	false	estimated-spread	pass	0
a4a5bc5a-d81d-4f39-9713-104d788188ad	आ भी जा	catalog	25	271.08	ffprobe-duration	false	estimated-spread	pass	0
1b6225a2-fb64-49aa-94db-802efe864623	Duduk Cello Oath	catalog	25	251.48	ffprobe-duration	false	estimated-spread	pass	0
55ff3fb9-78dd-47aa-954e-b679fb027780	Sanatan Data (Woodwinds)	catalog	0	NULL	NULL	false	NULL	no-cues	0
750b55e5-c14a-4830-b809-46c5c268bb10	Sanatan Data (FX)	catalog	0	NULL	NULL	false	NULL	no-cues	0
6733d2a3-417b-48bc-860b-da829db4aea6	Sanatan Data (Brass)	catalog	0	NULL	NULL	false	NULL	no-cues	0
df9decba-6d7a-4b41-b934-ece15438bc04	Sanatan Data (Synth)	catalog	0	NULL	NULL	false	NULL	no-cues	0
4038805a-13f2-4ea4-8ebc-0aaf8b8d4a63	Sanatan Data (Strings)	catalog	0	NULL	NULL	false	NULL	no-cues	0
5b28d996-b797-44fd-84e6-91260239f99a	Sanatan Data (Percussion)	catalog	0	NULL	NULL	false	NULL	no-cues	0
d52c5488-160e-4898-95b6-9aba85fc57b1	Sanatan Data (Keyboard)	catalog	0	NULL	NULL	false	NULL	no-cues	0
06022320-56b7-4569-93f1-46ff24219ab6	Sanatan Data (Guitar)	catalog	0	NULL	NULL	false	NULL	no-cues	0
b6eefd3b-f41e-41d8-9e90-857f3d92e322	Sanatan Data (Bass)	catalog	0	NULL	NULL	false	NULL	no-cues	0
fcb87d9a-652c-460e-bc96-12071b018834	Sanatan Data (Drums)	catalog	0	NULL	NULL	false	NULL	no-cues	0
fad79731-3877-425f-a565-dc7a091f1209	Sanatan Data (Vocals)	catalog	42	258.74	ffprobe-duration	false	estimated-spread	pass	0
2df22d4b-e5ef-452e-9aae-60e2c60cfbb4	Sanatan Data (Backing Vocals)	catalog	42	258.74	ffprobe-duration	false	estimated-spread	pass	0
bff7af57-604d-4eb1-8620-88141375f222	Sanatan Data (Woodwinds)	catalog	0	NULL	NULL	false	NULL	no-cues	0
92163cc3-c08b-4c75-94ac-496254f1f521	Sanatan Data (Brass)	catalog	0	NULL	NULL	false	NULL	no-cues	0
fdc7c260-7895-4cf1-a49a-4c69b66d3ffd	Sanatan Data (FX)	catalog	0	NULL	NULL	false	NULL	no-cues	0
3afc05ed-d817-4a5d-8bc7-283c5aabfd16	Sanatan Data (Synth)	catalog	0	NULL	NULL	false	NULL	no-cues	0
c34d5864-b138-4724-8ce0-42b8df09bc20	Sanatan Data (Percussion)	catalog	0	NULL	NULL	false	NULL	no-cues	0
8fb6e001-23ae-46fd-864d-27f15ca9c8a9	Sanatan Data (Strings)	catalog	0	NULL	NULL	false	NULL	no-cues	0
30abfc96-11b2-4d86-b059-077e1cbd984c	Sanatan Data (Keyboard)	catalog	0	NULL	NULL	false	NULL	no-cues	0
5c1e3da3-0ba0-4e42-ac96-403818537176	Sanatan Data (Guitar)	catalog	0	NULL	NULL	false	NULL	no-cues	0
b20658c7-bce6-4c52-aa19-264349be1606	Sanatan Data (Bass)	catalog	0	NULL	NULL	false	NULL	no-cues	0
a7d65933-ac13-4ad7-ab6a-5aa7d140a532	Sanatan Data (Drums)	catalog	0	NULL	NULL	false	NULL	no-cues	0
0e3e9b9c-f329-493b-a0a5-bc60ac1606d4	Sanatan Data (Backing Vocals)	catalog	42	258.74	ffprobe-duration	false	estimated-spread	pass	0
ebd8e4bb-3d61-4661-89bf-5f04d9c473fe	Sanatan Data (Vocals)	catalog	42	258.74	ffprobe-duration	false	estimated-spread	pass	0
3e849ef6-8f9e-467f-b6cd-23ece1febccc	Animatrix Loading	catalog	50	273.04	ffprobe-duration	false	estimated-spread	pass	0
eb94acbb-29cd-4d8f-8cfd-bc1845d25b66	Animatrix Loading	catalog	50	266.72	ffprobe-duration	false	estimated-spread	pass	0
3580b58a-f911-4e7a-a531-b00a0b28b285	Sanatan Data	catalog	42	258.72	ffprobe-duration	false	estimated-spread	pass	0
2020dea5-b656-40ad-afab-e188b5b87eb4	Earth Station Static	catalog	25	201.12	ffprobe-duration	false	estimated-spread	pass	0
3225dd25-cc33-46f2-a2ae-25251f5514bd	मेरा अंतरमन डोले	catalog	42	479.4	ffprobe-duration	false	estimated-spread	pass	0
0d8bd230-e8fb-40c1-bd65-a1d4ba490f2a	मेरा अंतरमान डोले कितने आयाम	catalog	25	227.44	ffprobe-duration	false	estimated-spread	pass	0
ba996ff1-61da-4e8f-8887-34fa43c9dd27	चुंग-चुंग गज़ब	catalog	18	152.12	ffprobe-duration	false	estimated-spread	pass	0
da33ae1c-117f-41b3-9784-fe362d228637	मेरा अंतरमन डोले कितने आयाम	catalog	18	175.92	ffprobe-duration	false	estimated-spread	pass	0
3c427c65-53cf-4f73-8314-f7c17ce91bfd	Train Chug-Chug चमत्कार	catalog	18	156.92	ffprobe-duration	false	estimated-spread	pass	0
ef0b0bee-7663-448a-879e-09acd3a01be8	मेरा अंतरमान डोले कितने आयामा	catalog	18	192.04	ffprobe-duration	false	estimated-spread	pass	0
2fd61f04-cf7c-48c8-b0fc-88e954b400a3	सनातन ट्रेन	catalog	20	87.12	ffprobe-duration	false	estimated-spread	pass	0
f3bece2c-8fd5-4865-af7e-d5cc311fcaf9	प्यार प्यार प्यार रहे	catalog	20	119.88	ffprobe-duration	false	estimated-spread	pass	0
8a1552e3-f66a-47d5-9b8f-962ea1ca02d7	अधिनारा हँसी	catalog	50	160.88	ffprobe-duration	false	estimated-spread	pass	0
4755eedc-6653-4f47-a62c-4c49b907cf1d	🎵 नया गीत – "पंडित होने की कोशिश	catalog	30	117.2	ffprobe-duration	false	estimated-spread	pass	0
3a04f1ee-76c8-4231-a913-8316bd017536	प्यार प्यार प्यार रहे	catalog	50	168.12	ffprobe-duration	false	estimated-spread	pass	0
5b648092-0e75-4f22-95e2-5ee3f1cfe456	पंडित होने की कोशिश	catalog	30	112.36	ffprobe-duration	false	estimated-spread	pass	0
376451ac-cca7-45f8-888b-707b3fce09ba	अंक 1 – शहर	catalog	36	143.32	ffprobe-duration	false	estimated-spread	pass	0
dbccc64f-268b-4c67-b479-32878a298eab	आंसू तौल-मोल	catalog	36	140.52	ffprobe-duration	false	estimated-spread	pass	0
2f8b76a0-2fea-4f3f-9f7f-09611a2f27d7	माटी घट-विक्री	catalog	34	176.44	ffprobe-duration	false	estimated-spread	pass	0
134c2704-6219-40e0-ac0d-cb7ea6ad4857	कबीरा न रो	catalog	34	194.12	ffprobe-duration	false	estimated-spread	pass	0
e7929024-f570-473c-9c81-bd82372023c1	कबीरा नमक मंडी	catalog	34	186.76	ffprobe-duration	false	estimated-spread	pass	0
cd4e2b2c-3363-4c01-81bd-4482ad356954	कबीरा नमक मंडी	catalog	34	166.16	ffprobe-duration	false	estimated-spread	pass	0
5b609e38-5b63-4174-ab7f-05565cfb36bd	कबीरा न रो	catalog	13	116.64	ffprobe-duration	false	estimated-spread	pass	0
064fb6c2-bf1e-4247-8603-1a4228fd88b0	Saltless Tears	catalog	13	116.52	ffprobe-duration	false	estimated-spread	pass	0
e81cfcda-4146-4974-97ad-0def356a7395	नमक सनक	catalog	41	220.84	ffprobe-duration	false	estimated-spread	pass	0
a8149b61-2d92-49dc-953c-4ada38600bae	कबीरा न रो	catalog	41	226.84	ffprobe-duration	false	estimated-spread	pass	0
a908fdd1-014a-4f0a-8f1d-eb3e613a3396	Kabira Sanak	catalog	63	274.16	ffprobe-duration	false	estimated-spread	pass	0
3018222c-053b-4835-ac77-5369dfc07619	कबीरा न रो	catalog	63	284.96	ffprobe-duration	false	estimated-spread	pass	0
aa1881d9-c310-46ae-a942-bbcdeaa35490	नमक की सनक	catalog	84	262	ffprobe-duration	false	estimated-spread	pass	0
75a7a676-5662-4f89-b35d-b1f787192f99	कबीरा न रो	catalog	84	295.6	ffprobe-duration	false	estimated-spread	pass	0
119e5763-3ed3-4801-b36d-5146d62459cb	कबीरा न रो	catalog	32	198.08	ffprobe-duration	false	estimated-spread	pass	0
b893c0fe-1e67-4f62-9a13-005c52b42182	कबीरा न रो	catalog	32	181.68	ffprobe-duration	false	estimated-spread	pass	0
2e0e6ce6-2cc7-486b-a473-7cb8e45e78e8	Kabira na ro	catalog	20	130.84	ffprobe-duration	false	estimated-spread	pass	0
531d0f3b-bd07-4bf6-8d1d-242097d6a447	Paisa Sanak	catalog	20	114.4	ffprobe-duration	false	estimated-spread	pass	0
2b9f2515-2617-4f67-93ba-594138f00b7a	पहाड़ा सत्तालोलुप	catalog	37	141.6	ffprobe-duration	false	estimated-spread	pass	0
b9b2a6e0-f8d8-4111-b187-f3d395a61245	नेता नेमा — नमकहराम	catalog	37	145.92	ffprobe-duration	false	estimated-spread	pass	0
d16e0a51-7641-4ea2-9b3d-6c5316629611	चार सौ बीस	catalog	34	121.32	ffprobe-duration	false	estimated-spread	pass	0
2ff31d7c-3d3c-4c10-8f2d-d61355484a92	गधा पहलवान	catalog	34	121	ffprobe-duration	false	estimated-spread	pass	0
6f0d30c8-5d5b-48d1-afb1-e5c08aefc694	नेता एकम नेता	catalog	29	154.76	ffprobe-duration	false	estimated-spread	pass	0
0ee9ebdc-e004-4d32-a610-eebd7d83bb83	झूठ के नाम हज़ार.. सत्य घर में बेनाम	catalog	24	129.8	ffprobe-duration	false	estimated-spread	pass	0
7925c2fc-1f6f-4aac-aa53-3cd7eadd9fbd	नेता एकम डेटा	catalog	29	144.84	ffprobe-duration	false	estimated-spread	pass	0
9d4efeb8-a43d-43e2-9bd9-aa8ec1017c23	डमरू तांडव	catalog	24	108.12	ffprobe-duration	false	estimated-spread	pass	0
d192c358-e056-42b1-87ac-fb68c6578234	ॐ झं! झौं! झीं! फटक मार	catalog	22	116.44	ffprobe-duration	false	estimated-spread	pass	0
200924f6-fd97-4641-9ce1-dc0071add716	झूठ-ध्वनि साधन	catalog	22	102.12	ffprobe-duration	false	estimated-spread	pass	0
676e99b3-6ffb-4c8a-b389-dcdc0ac45ece	न नाश	catalog	32	150.64	ffprobe-duration	false	estimated-spread	pass	0
97a3a9b7-6579-4077-8f26-19f8c61113b4	शंख-कोड गूँज	catalog	32	147.12	ffprobe-duration	false	estimated-spread	pass	0
a8db0e7b-ca71-4345-9952-aebc3c4d9c7d	शून्य शंख-पैड	catalog	28	102.88	ffprobe-duration	false	estimated-spread	pass	0
a780eeee-8325-40dc-91b9-a2a2ee4a7515	मिटा दे नाम को	catalog	28	111.72	ffprobe-duration	false	estimated-spread	pass	0
4a506fe2-5611-45d3-8b3c-5636aa1122bf	रूह से फकीर	catalog	37	160.44	ffprobe-duration	false	estimated-spread	pass	0
510031ab-3950-43ea-bcb9-b2e19ede7eb2	करुणा-शस्त्र विधान	catalog	37	153.32	ffprobe-duration	false	estimated-spread	pass	0
0d363331-c315-4e90-8f78-300af99db0c0	Degrees? Those are for the students	catalog	37	149.92	ffprobe-duration	false	estimated-spread	pass	0
80022ecf-60fd-434c-9110-3782fd30a128	P.H.K.D. Shatter	catalog	37	128	ffprobe-duration	false	estimated-spread	pass	0
fad3edfd-8f23-410c-82fb-282dbdd51c59	पंडित हेमंत कुमार... दीक्षित	catalog	32	148.48	ffprobe-duration	false	estimated-spread	pass	0
be8830ac-7a68-434c-b532-0d602396c088	शून्य-लय पंडित	catalog	32	134.52	ffprobe-duration	false	estimated-spread	pass	0
5fc639fe-7b5a-4ff3-b972-17f25f8a13f4	शून्य-शोर अकाल	catalog	41	155.44	ffprobe-duration	false	estimated-spread	pass	0
9bc77208-c25b-427f-8860-d87651658f49	अंखिया न देखूँ	catalog	41	166.16	ffprobe-duration	false	estimated-spread	pass	0
2a18d142-6534-4a1d-a2da-00703e7e9621	अंखिया मूँद	catalog	41	160.88	ffprobe-duration	false	estimated-spread	pass	0
2c6b5c78-e36b-43aa-b1c2-7fb8770902d3	शून्य के भीतर शोर खड़ा है	catalog	41	167.6	ffprobe-duration	false	estimated-spread	pass	0
889cb216-db14-474f-9186-192f838f34cf	Kabir Clubdevotion	catalog	17	106.88	ffprobe-duration	false	estimated-spread	pass	0
cc885ad5-533d-4658-97f5-c6ba2a9a87cc	अंखिया मूँद	catalog	41	156.56	ffprobe-duration	false	estimated-spread	pass	0
e1953d58-6e85-4b69-9fa0-b2a991ba6816	अंखिया मूँद	catalog	41	162	ffprobe-duration	false	estimated-spread	pass	0
de9697c5-2352-4e2d-b84e-6f5ba6d6e35e	Kabir Shayo Groove	catalog	17	126.12	ffprobe-duration	false	estimated-spread	pass	0
9f37476d-d3d6-4986-94f7-243dd1767838	बंद आँखों से प्रत्यक्ष	catalog	17	132.12	ffprobe-duration	false	estimated-spread	pass	0
3d8b096f-9f2a-4def-815f-b12ca6b1d3de	Kabir Shayo Groove	catalog	17	94.88	ffprobe-duration	false	estimated-spread	pass	0
4f57a0d7-1f5e-47fe-a249-405c77fc2ddf	Kabir Pillar Collapse	catalog	27	152.16	ffprobe-duration	false	estimated-spread	pass	0
e512512c-6e61-42ce-8ccc-8fd96d37f200	Sahair Real Deal	catalog	10	39.76	ffprobe-duration	false	estimated-spread	pass	0
55944a75-e58c-47d0-b0fd-0053dcf655e5	बंद आँखों से प्रत्यक्ष	catalog	27	164.92	ffprobe-duration	false	estimated-spread	pass	0
5a96815a-5320-4ebb-83ad-5088f4d5119f	कुचली पुचली लोरी	catalog	20	160.72	ffprobe-duration	false	estimated-spread	pass	0
261bc9a5-7397-48d4-8adb-d5ddf5d4b2c5	Eyes closed	catalog	10	39.88	ffprobe-duration	false	estimated-spread	pass	0
57e5c812-cb4c-4121-8851-0bb1adf03ea3	बंद आँखों का प्रत्यक्ष	catalog	27	202.76	ffprobe-duration	false	estimated-spread	pass	0
55b087c3-f3be-437a-9900-27fd029e6c9c	अधूरे से मंत्रों में पूर्ण की परिकल्पना	catalog	27	223.6	ffprobe-duration	false	estimated-spread	pass	0
f3e731fd-6f31-461c-a2a6-3b473777fab5	कुचली पुचली लोरी	catalog	20	152.32	ffprobe-duration	false	estimated-spread	pass	0
b37c71bb-dbeb-4ae3-99d2-7debde5ee2be	ला ला ला... सो जा रे	catalog	20	187.08	ffprobe-duration	false	estimated-spread	pass	0
35f7f955-01dd-4c65-bbbd-ba0e87bf0900	कुचली पुचली सो जा	catalog	20	182.88	ffprobe-duration	false	estimated-spread	pass	0
a3921a5e-3468-4352-82c7-464bbbbdee6f	कुचली-पुचली लाला	catalog	40	303.8	ffprobe-duration	false	estimated-spread	pass	0
5bb71084-6ab7-4e1b-b9d2-1b1f5dcd962a	ला ला ला ला ला ला	catalog	40	312.12	ffprobe-duration	false	estimated-spread	pass	0
3118ddf7-ffd5-4762-a8c4-74a78371a3e4	कुचली पुचली लाला	catalog	37	248.68	ffprobe-duration	false	estimated-spread	pass	0
23ec5f01-efef-4073-8948-4870619c32c9	ला ला ला ला ला ला	catalog	37	249.76	ffprobe-duration	false	estimated-spread	pass	0
9feeffc6-46ed-4d5d-9f48-82803d34d8ca	ला ला ला ला ला ला	catalog	40	274.68	ffprobe-duration	false	estimated-spread	pass	0
38523b11-2e31-40ac-bdc6-03bfd30b1186	कुचली पुचली लाला	catalog	40	274.64	ffprobe-duration	false	estimated-spread	pass	0
d296596e-d584-45b6-85f0-188c6772452a	ईश्वर एक बहरूपिया	catalog	76	350.76	ffprobe-duration	false	estimated-spread	pass	0
96a7ddf6-2c5b-44ad-b1db-16634387d175	बहरूपिया-ऑनलाइन	catalog	76	327.8	ffprobe-duration	false	estimated-spread	pass	0
d65dfcf3-c12e-4e51-9d93-f6f106c0ca3f	Baharupiya Reboot	catalog	76	258.08	ffprobe-duration	false	estimated-spread	pass	0
0af7e65f-47a4-4c0f-aed2-53fa90952fb4	Baharupiya Reboot	catalog	76	261.32	ffprobe-duration	false	estimated-spread	pass	0
b60cb4ba-3ab7-4c77-868c-3d2af99231ee	पत्थर बुत	catalog	30	163.36	ffprobe-duration	false	estimated-spread	pass	0
507a1183-07e8-4762-b317-b03c850a9f66	॥ महा-काव्य: आदि-अनंत ॥	catalog	30	167.88	ffprobe-duration	false	estimated-spread	pass	0
19a9d094-81bf-4578-af5a-103ad79c94f8	चक्रव्यूह' —अभिमन्यु की तरह हर इंसान इन 'चार लोग	catalog	18	104.4	ffprobe-duration	false	estimated-spread	pass	0
96dc0ed7-a8a1-4c68-ac02-b6ff0d8c8fab	चार पर्चे खर्चा	catalog	18	94.76	ffprobe-duration	false	estimated-spread	pass	0
cd7f3a61-d005-4eac-aecc-373368cd6ccb	॥ रूह-देह संवाद: आदि से अनंत ॥	catalog	35	268.84	ffprobe-duration	false	estimated-spread	pass	0
7024a723-80fe-4ead-8ec4-4372a3bb4e7b	पत्थर बुत	catalog	35	243.68	ffprobe-duration	false	estimated-spread	pass	0
4086da7e-a7d2-40ff-8851-44664db08a56	सर्द झोंके	catalog	48	262.52	ffprobe-duration	false	estimated-spread	pass	0
143c21d0-d594-407b-b732-0b8d048a530c	सर्द झोंके	catalog	48	259.4	ffprobe-duration	false	estimated-spread	pass	0
f3d54008-8c4c-4587-9e7f-360cd09bb378	सर्द झोंके-ड्रिल	catalog	48	274.32	ffprobe-duration	false	estimated-spread	pass	0
01bede88-dab1-420a-a9d1-2fd6f4f8b71b	सर्द झोंके-ड्रिल	catalog	48	268.24	ffprobe-duration	false	estimated-spread	pass	0
c0070cfc-f61e-4c18-9854-d401c1d1ccc9	लम्स-ए-हवा रोया	catalog	28	223	ffprobe-duration	false	estimated-spread	pass	0
958e690b-3e28-4eb1-9fa5-e1bd4d2435c2	गुमान था कि तन्हाई में सुकूँ मिलेगा मुझे	catalog	28	228.96	ffprobe-duration	false	estimated-spread	pass	0
18f8e3e2-f827-4ebf-8bd3-61acd858385d	سर्द جھونکے سایہ	catalog	28	176.04	ffprobe-duration	false	estimated-spread	pass	0
1e4e9b8a-2308-4cca-aa41-81c3c0d6b743	سर्द جھونکے سایہ	catalog	28	182.84	ffprobe-duration	false	estimated-spread	pass	0
e7c87a7c-4f0b-438c-8846-2b6ff056e7a6	लम्स-ए-हवा	catalog	48	274.12	ffprobe-duration	false	estimated-spread	pass	0
8d30c99c-2bb7-4bcc-b193-5a78f1af4af6	गुमान था कि तन्हाई में सुकूँ मिलेगा मुझे	catalog	48	278.56	ffprobe-duration	false	estimated-spread	pass	0
fb4055fe-37de-4a6c-a098-7c00c77c048f	Lams-e-Hawa Drone	catalog	48	259.28	ffprobe-duration	false	estimated-spread	pass	0
0e22ce3a-a007-42f4-a89c-1a5ef6ebc4f4	गुमान था कि तन्हाई में सुकूँ मिलेगा मुझे	catalog	48	268.64	ffprobe-duration	false	estimated-spread	pass	0
9e091800-f3fb-4c79-8a1e-09783a3f3392	गुमान था कि तन्हाई में सुकूँ मिलेगा मुझे	catalog	95	479.4	ffprobe-duration	false	estimated-spread	pass	0
1826d08a-5fb4-4ab4-adb0-4163baf9acfc	लम्स-ए-हवा रोया	catalog	95	479.4	ffprobe-duration	false	estimated-spread	pass	0
5c1e1843-62f8-4103-9861-23f07e11ce12	गुमान था कि तन्हाई में सुकूँ मिलेगा मुझे	catalog	47	277.04	ffprobe-duration	false	estimated-spread	pass	0
ef834e73-a6e2-4dc4-a69f-cf8697e9de12	लम्स-ए-हवा सर्द	catalog	47	257.68	ffprobe-duration	false	estimated-spread	pass	0
d797f61d-e2f9-435d-b724-45791d7e898d	Radif : ...जिया न गया	catalog	59	263.12	ffprobe-duration	false	estimated-spread	pass	0
a1a5dd9d-4535-4bdc-aef8-0471e275049f	लम्स-ए-हवा साया	catalog	59	243.76	ffprobe-duration	false	estimated-spread	pass	0
68117724-c78f-4788-b723-577b30f31f69	लम्स-ए-हवा साया	catalog	19	108.08	ffprobe-duration	false	estimated-spread	pass	0
49b598f9-6112-492d-98e5-28979537fdc4	जो अभी इक लम्स-ए-हवा बन कर गुज़रा	catalog	19	110.8	ffprobe-duration	false	estimated-spread	pass	0
38638635-c5dc-4adf-a993-68d94475738d	जो अभी एक झोंका हवा का गया	catalog	17	100.24	ffprobe-duration	false	estimated-spread	pass	0
4b0c2c01-f4bd-4229-85d2-c39b1e719b8a	झोंका हवा	catalog	17	84.8	ffprobe-duration	false	estimated-spread	pass	0
d2d8b4cd-bbfb-47c4-a65f-d009691f616a	झोंका हवा	catalog	17	91.28	ffprobe-duration	false	estimated-spread	pass	0
55c3b42c-b321-4d8e-982f-b33f33fd17a4	झोंका सच	catalog	17	89.92	ffprobe-duration	false	estimated-spread	pass	0
340e22ab-5a0e-4a4e-9138-9bece1f77dd1	मैं दौड़ता रहा	catalog	29	192.12	ffprobe-duration	false	estimated-spread	pass	0
617e2c52-66f1-4c4c-9a88-37b2388e34c9	ये... हिस्स्स... इस-इस-इस-इस... टोरी	catalog	25	197.08	ffprobe-duration	false	estimated-spread	pass	0
c6626624-b9b4-4338-9550-008f9f82502f	दादा चेन टोरी	catalog	25	179.2	ffprobe-duration	false	estimated-spread	pass	0
950bf07f-98a2-4abb-ab2d-2cae95ac004e	१०० साल टोरी	catalog	29	175.6	ffprobe-duration	false	estimated-spread	pass	0
4d6f705f-a026-4060-a32f-77594f87a633	Log Kahte Hain	catalog	48	392.84	ffprobe-duration	false	estimated-spread	pass	0
54bf5f39-3312-4413-8690-fc756c1e073b	लोग कहते हैं तेरे होने से मेरी तदबीर तबाह है	catalog	48	398.32	ffprobe-duration	false	estimated-spread	pass	0
dc660165-69b6-427e-bf5d-63ad71c4fe72	क्या बताऊँ	catalog	78	409	ffprobe-duration	false	estimated-spread	pass	0
2571d6ce-4581-46f0-979a-ad146a326d31	Chirag-Hawa Saza	catalog	78	379.2	ffprobe-duration	false	estimated-spread	pass	0
e34d5702-04b2-4e44-8ee0-ba8fa513b3f9	Khaki Naata	catalog	78	401.8	ffprobe-duration	false	estimated-spread	pass	0
1ce73d27-b360-4dfa-8533-a54c5e1743b0	क्या बयाँ करूँ	catalog	78	395.4	ffprobe-duration	false	estimated-spread	pass	0
eb83681b-2fdb-4f0f-b17b-e4d834c5e311	تدبیرِ خاک	catalog	79	386.48	ffprobe-duration	false	estimated-spread	pass	0
42b244c3-4969-4900-a05f-905ab4afdd3a	क्या बयाँ करूँ	catalog	79	403.52	ffprobe-duration	false	estimated-spread	pass	0
87fea1fe-2c22-4af4-a777-87a8b62cc57a	Tadbeer Barbaad	catalog	39	242.16	ffprobe-duration	false	estimated-spread	pass	0
6cd28c91-198a-4d8b-bad2-26ebd34288a2	Khaksar Diya	catalog	136	363.6	ffprobe-duration	false	estimated-spread	pass	0
ec8c8bad-3326-4953-a468-776d3732f487	Log kahte hain tere hone se meri tadbeer barbaad	catalog	39	243.24	ffprobe-duration	false	estimated-spread	pass	0
b85e41bd-e69a-481f-b12a-88bbf8b8902b	Kya kahoon	catalog	136	387.6	ffprobe-duration	false	estimated-spread	pass	0
f4a8a880-7287-459d-8490-d48a3278d365	Zindagi guzar rahi sabki jor-aazmaish mein	catalog	41	298.56	ffprobe-duration	false	estimated-spread	pass	0
781c9290-2241-4ea8-8ca4-c206d5ee558a	Iltija Jor-Aazmaish	catalog	41	297.6	ffprobe-duration	false	estimated-spread	pass	0
a9b3bf78-406c-4fae-a4ad-3cb4afe8447b	साँस की गुंजाइश	catalog	17	213.08	ffprobe-duration	false	estimated-spread	pass	0
f4b382b7-da16-448e-8a6b-1e49367d23d6	साँस की गुंजाइश	catalog	17	207.64	ffprobe-duration	false	estimated-spread	pass	0
bce359ca-a7fd-4325-9cda-b272232acfea	नाम बस एक रह गया साँस की गुंजाइश में	catalog	17	248.92	ffprobe-duration	false	estimated-spread	pass	0
37fb9699-f1ca-49b8-acaa-6903ab65d04b	सांस-गुंजाइश	catalog	17	243.6	ffprobe-duration	false	estimated-spread	pass	0
cc349f0b-7495-4b69-8753-ecc62cb1ee80	घचा घच	catalog	67	160.72	ffprobe-duration	false	estimated-spread	pass	0
56c6ee93-d6c7-4a25-bf41-942cec57818f	आग बराबर दोनों की पर एक बहुत शरमाए	catalog	67	226.88	ffprobe-duration	false	estimated-spread	pass	0
91b02afc-ce51-407b-9fed-8ab45bf8d00d	गीली साँस घचा	catalog	67	182.6	ffprobe-duration	false	estimated-spread	pass	0
0ad2d889-56ad-4107-a42f-9ffdd61e99dc	आग बराबर दोनों की पर एक बहुत शरमाए	catalog	67	220.72	ffprobe-duration	false	estimated-spread	pass	0
b14f7e57-d779-489d-b0d2-7adb9a065fac	घचा घच	catalog	65	179.56	ffprobe-duration	false	estimated-spread	pass	0
53697704-706d-4df6-a476-e7944459b93d	घचा घच	catalog	65	173.88	ffprobe-duration	false	estimated-spread	pass	0
1fbda308-1986-4821-96e6-a89fbc1d2fd7	आग बराबर दोनों की पर एक बहुत शरमाए	catalog	65	188.68	ffprobe-duration	false	estimated-spread	pass	0
713de290-3d6e-45d1-a4fe-163b86903f58	घचा घच	catalog	65	184.88	ffprobe-duration	false	estimated-spread	pass	0
904d98b2-e279-48b7-83e2-29184af62f47	गीला घचा	catalog	65	159.88	ffprobe-duration	false	estimated-spread	pass	0
5156c5cc-0a46-4b76-bdcd-a344c362d213	आग बराबर दोनों की पर एक बहुत शरमाए	catalog	38	165.84	ffprobe-duration	false	estimated-spread	pass	0
d6804818-7296-4af6-8e5e-d58ed14b5587	मुंह-खून खांचा	catalog	38	161.12	ffprobe-duration	false	estimated-spread	pass	0
3620a61f-947c-4be7-bac2-a93a6eaa5a9c	गीला घचा	catalog	65	171	ffprobe-duration	false	estimated-spread	pass	0
2a6843e3-bc23-478e-8ced-eab4bdc44ee1	ਟੁੱਟੇ ਪੈਸੇ	catalog	52	194.88	ffprobe-duration	false	estimated-spread	pass	0
5068a560-60b3-4b89-8e83-0043262dc67f	What is truth? What is a lie	catalog	52	479.4	ffprobe-duration	false	estimated-spread	pass	0
03b043a1-b777-4366-8b83-766f61b5ec66	E-tumbi Dhamal	catalog	52	219.72	ffprobe-duration	false	estimated-spread	pass	0
7fb4da9f-98db-4b16-a0e8-40fccfa0e245	Money-Drags Us	catalog	46	177.8	ffprobe-duration	false	estimated-spread	pass	0
0c6cc8cd-b3b2-43db-92df-b3cad31e1866	क्या सच है क्या झूठ है	catalog	46	181.88	ffprobe-duration	false	estimated-spread	pass	0
6e735a57-85ab-45fc-912a-9c64579dc9f2	ਟੁੱਟੇ ਪੈਸੇ	catalog	52	147.64	ffprobe-duration	false	estimated-spread	pass	0
27c452cf-2f79-4805-9f19-a6ba4be5ef89	“सैलाब हार्मोन्स”	catalog	6	113.48	ffprobe-duration	false	estimated-spread	pass	0
60d9371d-c871-4f23-952d-2248fc838d54	हर बार की कहानी	catalog	42	162.12	ffprobe-duration	false	estimated-spread	pass	0
4648abb5-f970-4287-9894-5ef12762ff04	क्या सच है क्या झूठ है	catalog	42	479.4	ffprobe-duration	false	estimated-spread	pass	0
c8df8309-2e96-4199-ad2e-32c87be3002e	“सैलाब हार्मोन्स”	catalog	6	120.72	ffprobe-duration	false	estimated-spread	pass	0
9682f67f-4799-479e-a59e-b827566b078e	क्या सच है क्या झूठ है.. What is truth? What is	catalog	6	162.72	ffprobe-duration	false	estimated-spread	pass	0
6891158c-b10e-4ec4-9cb0-454f0c1bd1f6	सैलाब हार्मोन्स	catalog	6	132.72	ffprobe-duration	false	estimated-spread	pass	0
86ee6acf-c17f-4674-bf19-557333906d47	अक्षर-बेच समझौता	catalog	23	177.16	ffprobe-duration	false	estimated-spread	pass	0
e773bb44-f4cd-4cdd-b0cd-2a3b9749060f	अक्षर-बेच समझौता	catalog	23	184.92	ffprobe-duration	false	estimated-spread	pass	0
ffeaefee-fcca-45f2-afcf-27c219f71bff	लॉट-जीरो-वन	catalog	24	197.8	ffprobe-duration	false	estimated-spread	pass	0
01646a31-8208-4989-8914-d9835b9c98db	लगा बाज़ार जाने क्या-क्या बिकेगा आज	catalog	24	205.92	ffprobe-duration	false	estimated-spread	pass	0
a2f08a86-a136-4082-9a2c-eef50737cff7	Ank se jab hui shuruaat	catalog	24	209.16	ffprobe-duration	false	estimated-spread	pass	0
1b4b29a3-0bc4-40d8-a882-8dec76cfbcac	Lot 001 Tanpura Snap	catalog	24	185.6	ffprobe-duration	false	estimated-spread	pass	0
91fa6d67-0722-4664-bf50-57a42d36afe0	आवाज़ों की अदालत	catalog	29	157.24	ffprobe-duration	false	estimated-spread	pass	0
212b81f6-e8b1-474c-9352-45c27deed354	आवाज़ों की अदालत	catalog	29	479.4	ffprobe-duration	false	estimated-spread	pass	0
59d3489b-c33c-4509-bbff-c4bfdb962cda	पीएच कला-दीक्षित अदालत	catalog	31	192.64	ffprobe-duration	false	estimated-spread	pass	0
0fe62a75-f9ed-431e-9780-297f79a24721	P.H.K.D. अदालत	catalog	31	194.88	ffprobe-duration	false	estimated-spread	pass	0
d80e4b3a-e710-464d-b061-83ff02e2c7da	पीएच कला-दीक्षित अदालत	catalog	31	204.12	ffprobe-duration	false	estimated-spread	pass	0
9e058f7c-2ab6-4715-a723-643881330f31	आवाज़ों की अदालत	catalog	31	218.76	ffprobe-duration	false	estimated-spread	pass	0
e69716ad-6001-4c92-9160-2a4a79565ed6	पकड़ लिया एटम एक P.H.K.D. हुया दीवाना	catalog	34	217.68	ffprobe-duration	false	estimated-spread	pass	0
fa7b702f-3dea-44bc-967c-93860cd46e1a	आवाज़ों की अदालत	catalog	34	192.36	ffprobe-duration	false	estimated-spread	pass	0
fa63a507-2f0d-4477-b328-7e8895a24c68	आवाज़ों की अदालत	catalog	20	189.92	ffprobe-duration	false	estimated-spread	pass	0
7a79f5a5-df08-4b19-b670-e23e71ff6738	आवाज़ों की अदालत में केस करे दीवाना	catalog	17	122.92	ffprobe-duration	false	estimated-spread	pass	0
05aa80d4-acdd-4719-9275-9692846ebe1a	तीखी फकीराना सीटी	catalog	17	122.56	ffprobe-duration	false	estimated-spread	pass	0
7f329b6d-8172-4674-adad-6f83614ad576	आवाज़ों की अदालत	catalog	20	177.6	ffprobe-duration	false	estimated-spread	pass	0
a4bf888b-805c-406a-bdc5-cdf12d97c225	परमाणु रद्दी	catalog	24	162.92	ffprobe-duration	false	estimated-spread	pass	0
79d13c77-eca1-459b-806f-cd40985c3208	फक्कड़ पंडित हेमंत दीक्षित	catalog	24	168.48	ffprobe-duration	false	estimated-spread	pass	0
f6c100fa-e5b7-4b9a-97b5-4ce34def6953	शून्य की डोरी अदालत	catalog	24	184.2	ffprobe-duration	false	estimated-spread	pass	0
a3fc8cdd-425f-4eb3-bca9-b17e10505af4	पकड़ लिया एटम एक भाभा बाबा हुया दीवाना।।	catalog	24	212.64	ffprobe-duration	false	estimated-spread	pass	0
7ed796e3-32c4-42d3-89a2-f658115084dd	नसीब का ऐलान	catalog	61	212.96	ffprobe-duration	false	estimated-spread	pass	0
517563f4-4c0a-447c-a6c7-5e81307423c3	“नसीब का ऐलान”	catalog	62	204.76	ffprobe-duration	false	estimated-spread	pass	0
e16d94cb-b3c5-4238-a1c5-c60c69bed286	गात झुनझुनी खावे	catalog	61	224.44	ffprobe-duration	false	estimated-spread	pass	0
47df1a51-f676-4534-9f25-5dd295225c24	गात झुनझुनी खावे	catalog	62	238.8	ffprobe-duration	false	estimated-spread	pass	0
b2c55b1c-8a02-4b27-93aa-0ef9015a5a48	गात झुनझुनी खावे	catalog	62	213	ffprobe-duration	false	estimated-spread	pass	0
ff2b259f-36d3-441b-ad10-8e1669c878d3	काला कोट	catalog	90	253.48	ffprobe-duration	false	estimated-spread	pass	0
3d3e0685-76e1-4447-88b2-83897ac87205	इश्क-ए-इलाका	catalog	62	224.88	ffprobe-duration	false	estimated-spread	pass	0
65806a40-681c-40b3-a051-6052aac0137c	ओ काला कोट	catalog	90	274.76	ffprobe-duration	false	estimated-spread	pass	0
cba259ca-2b8c-46df-b367-0ff9b780bbe2	कुछ भी व्यर्थ नहीं जाए	catalog	34	249.92	ffprobe-duration	false	estimated-spread	pass	0
aabfe9a1-a902-4348-9d22-19d7aa99fda5	दो घड़े टूटा	catalog	34	239.44	ffprobe-duration	false	estimated-spread	pass	0
b6c9f3e8-e3b5-4dc5-84ea-bea07bfc4631	Toota Ghadaa Gaaye	catalog	47	479.4	ffprobe-duration	false	estimated-spread	pass	0
44df1c96-0eb7-4f53-bbe5-8eec51102318	Ek chilam... ek baabaa... do ghade ka khel... Ek	catalog	47	479.4	ffprobe-duration	false	estimated-spread	pass	0
62dda9f3-677d-48e5-bce1-b5243ae2f1e0	Baabaa bole – mat ro re deewaane	catalog	41	296.68	ffprobe-duration	false	estimated-spread	pass	0
a13887b3-fd6f-4171-a02c-199d56c390fa	Toota Ghada	catalog	16	173.48	ffprobe-duration	false	estimated-spread	pass	0
bdf3c9a0-9989-4f8e-bca8-bb66f06bc9d7	Ek Ghade	catalog	41	285	ffprobe-duration	false	estimated-spread	pass	0
1d7debbc-1158-44de-a83a-eb493f33f9e5	Baabaa bole – mat ro re deewaane	catalog	16	192.4	ffprobe-duration	false	estimated-spread	pass	0
68471c7c-8d42-4c98-9c0d-b3f038a459a7	झूलम-झूल झुलाऊँ	catalog	38	242.48	ffprobe-duration	false	estimated-spread	pass	0
ee581be0-afd5-4d91-afa7-7fa47bf6e1ad	धूर अम्बरां	catalog	38	225.72	ffprobe-duration	false	estimated-spread	pass	0
ae245f7e-6572-4a7b-9ef6-801c86e507f2	बादलां की लोर	catalog	38	229.2	ffprobe-duration	false	estimated-spread	pass	0
13bbd5ed-b7db-4959-a7d2-79dab85ad756	झूल्म-झूल झुलाऊँ	catalog	38	261.64	ffprobe-duration	false	estimated-spread	pass	0
dae97a92-4622-481b-aa4f-6ba251fa0cfe	गुफा-ढोल धड़कन	catalog	44	171.68	ffprobe-duration	false	estimated-spread	pass	0
827207b7-54fc-42ba-925e-43760527026f	शक्ति जाग री	catalog	44	212.4	ffprobe-duration	false	estimated-spread	pass	0
515aac2c-c52d-4c0d-baa0-080f2902d9d3	main daudta raha	catalog	24	161.08	ffprobe-duration	false	estimated-spread	pass	0
8c4f4c73-6541-40f0-bead-2812bbb715e4	Dada Tak	catalog	24	144.6	ffprobe-duration	false	estimated-spread	pass	0
5fc46f1d-1412-45b1-876d-64343d2f90e6	Data corrupted	catalog	5	334.88	ffprobe-duration	false	estimated-spread	pass	0
3b0a1cea-2d31-4c18-97af-6bf498f3ca3c	Om Shanti Digita	catalog	5	325.76	ffprobe-duration	false	estimated-spread	pass	0
caf9e4e7-7ec2-483a-9a2d-9a82681054d5	Radio Vaigyaaniq: Sanatana Station	catalog	4	479.4	ffprobe-duration	false	estimated-spread	pass	0
80646dc1-cf8b-4341-9f99-2944928e2ac5	Future-Past Clearance	catalog	4	209.92	ffprobe-duration	false	estimated-spread	pass	0
2237b80c-30f9-4391-aa68-2921ab6116ab	Frequency of Future-Past	catalog	4	210.84	ffprobe-duration	false	estimated-spread	pass	0
879f8447-37de-41b3-8b68-3cdb2079792a	Sanatana Station	catalog	5	196.76	ffprobe-duration	false	estimated-spread	pass	0
02d26992-b08d-4a7e-9759-9120eaca1a4e	Radio Vaigyaaniq: Sanatana Station	catalog	4	479.4	ffprobe-duration	false	estimated-spread	pass	0
456fd8aa-be4b-4bda-93a3-d35206867b65	Radio Vaigyaaniq: Sanatana Station	catalog	5	479.4	ffprobe-duration	false	estimated-spread	pass	0
a798ae26-3fed-4d39-9f32-c0bcd9d9fb15	Male alone	catalog	20	479.4	ffprobe-duration	false	estimated-spread	pass	0
5edc6f4a-ebf7-4d22-b8e7-cd4bb333735f	लाडो बसंती मेहमान	catalog	20	479.4	ffprobe-duration	false	estimated-spread	pass	0
5570be2c-5ead-44af-aa39-57f73225aaa6	मेरी लाडो बसंती	catalog	34	327.72	ffprobe-duration	false	estimated-spread	pass	0
3855893f-998c-4c3d-a2a1-3312d2a61986	लाडो बसंती	catalog	34	319.88	ffprobe-duration	false	estimated-spread	pass	0
492c5721-3555-4908-9a41-6e9cf2767765	रि ^ श्ता ~ है सब-का ^ अ-पना	catalog	36	479.4	ffprobe-duration	false	estimated-spread	pass	0
c866c36a-ad31-4461-a2df-711fcbb455d4	रिश्ता है!!	catalog	36	479.4	ffprobe-duration	false	estimated-spread	pass	0
5310feb2-43cf-491d-a8cf-058a6e885ea5	रिश्ता-नाल-इम्तिहाँ	catalog	36	479.4	ffprobe-duration	false	estimated-spread	pass	0
7c76f4be-b274-4727-952b-4bd968da0040	रिश्ता-नाल-इम्तिहाँ	catalog	36	479.4	ffprobe-duration	false	estimated-spread	pass	0
887fa5d3-8f3a-458d-a688-c674623e6c56	रिश्ता आलाپ	catalog	42	479.4	ffprobe-duration	false	estimated-spread	pass	0
5f341636-2cac-4b43-abf7-f4ebd3899795	रिश्ता आलाپ	catalog	42	479.4	ffprobe-duration	false	estimated-spread	pass	0
1372ca04-8fbc-4cad-acee-e993865dae48	खो गई मेरी पहचान	catalog	18	164.4	ffprobe-duration	false	estimated-spread	pass	0
8e951426-a919-48cd-9432-5ffbeec40bb2	खो गई पहचान	catalog	18	163.56	ffprobe-duration	false	estimated-spread	pass	0
f5b153c7-06ea-4ec2-9553-41c64e7105b4	Raga Yaman	catalog	53	297.64	ffprobe-duration	false	estimated-spread	pass	0
891ce80b-b8ba-45a7-96ec-a3d25cc8854c	मैं हूँ तेरा	catalog	53	325.24	ffprobe-duration	false	estimated-spread	pass	0
91dc965a-d24b-4254-bfb1-8d7c28015225	जागता कबीर	catalog	51	297.24	ffprobe-duration	false	estimated-spread	pass	0
b9633887-5995-40bd-9ea7-8e4197f229d5	मैं हूँ तेरा	catalog	51	332.48	ffprobe-duration	false	estimated-spread	pass	0
dd8e3e0b-2ec6-4e7f-b8a9-5a53d281c275	सोए मन जाग	catalog	48	276.84	ffprobe-duration	false	estimated-spread	pass	0
dcf39bdd-302c-442d-9207-648a18074511	मैं हूँ तेरा	catalog	48	289.4	ffprobe-duration	false	estimated-spread	pass	0
aa8bd4d4-7f49-4fd1-952e-956f27f5bbb2	मैं हूँ तेरा	catalog	20	159.64	ffprobe-duration	false	estimated-spread	pass	0
0823ba9f-bc73-4d90-a3f7-90ee284167ab	स्वर्ण पताका उड़ रही	catalog	20	158.2	ffprobe-duration	false	estimated-spread	pass	0
e1b56541-6cab-4cc3-af30-269fc2cc21d8	ओ.......... जी......... मेरे........ सरकार......	catalog	57	337.12	ffprobe-duration	false	estimated-spread	pass	0
834f3ae2-e513-4ffc-8431-1d842ab13e3e	(untitled)	catalog	57	264.32	ffprobe-duration	false	estimated-spread	pass	0
458d70be-5ef2-4bbb-af05-f6c7536d0356	ह-ह-ह-ह हुट... हे-हे-हे झट	catalog	38	286.32	ffprobe-duration	false	estimated-spread	pass	0
79df050a-9ca2-4238-8c67-f3470d7b0b0f	(untitled)	catalog	38	246.88	ffprobe-duration	false	estimated-spread	pass	0
77a5f693-5564-40c9-8b50-75d5eabe64f6	बड़ी पुरानी बात है	catalog	25	117.84	ffprobe-duration	false	estimated-spread	pass	0
d9c620a9-bac1-48e7-ab58-17bf6968d47a	(untitled)	catalog	25	112.88	ffprobe-duration	false	estimated-spread	pass	0
1c19af11-e727-40ce-ab1f-10a6cc04b68e	(untitled)	catalog	26	232.88	ffprobe-duration	false	estimated-spread	pass	0
e24efd14-993f-446c-b6bc-af7aa99c96b1	Main sabko khud mein samaye ek pyala hoon	catalog	26	237.04	ffprobe-duration	false	estimated-spread	pass	0
028206e0-2473-4078-8ef9-eb731d376d7e	(untitled)	catalog	40	247.84	ffprobe-duration	false	estimated-spread	pass	0
92aab6f9-e79d-4b27-af30-0a7ab03f0536	एक केवट के ले जाने से	catalog	40	250.68	ffprobe-duration	false	estimated-spread	pass	0
bec3e96c-fe0e-4577-a229-e39d1d8af390	(untitled)	catalog	55	297.76	ffprobe-duration	false	estimated-spread	pass	0
53d6b687-9225-46f0-a82d-448af2a35562	S r G r S	catalog	55	479.4	ffprobe-duration	false	estimated-spread	pass	0
bbc7b4ba-42c3-4395-bc2a-26134de64ab7	छोरा अघोरी	catalog	93	268.28	ffprobe-duration	false	estimated-spread	pass	0
0d931d51-3575-4bd1-8740-0ed133c1eba9	(untitled)	catalog	93	263	ffprobe-duration	false	estimated-spread	pass	0
e77952dc-af14-41a8-9ca5-44de89385d85	(untitled)	catalog	29	194.88	ffprobe-duration	false	estimated-spread	pass	0
6b2681d0-8b5e-41fe-857c-74b2d7fcd89a	रंग रूप पै मान करै क्यूं	catalog	29	206.64	ffprobe-duration	false	estimated-spread	pass	0
83603ef3-3ea0-4277-a309-8bfaadcd9dbc	१. हरियाणवी रागनी	catalog	26	207.72	ffprobe-duration	false	estimated-spread	pass	0
9b949712-cb52-489b-89a8-c9c2c9b52db2	(untitled)	catalog	26	184.92	ffprobe-duration	false	estimated-spread	pass	0
400320f5-5add-4c1b-ab1d-a32f4e351b71	(untitled)	catalog	26	177.16	ffprobe-duration	false	estimated-spread	pass	0
b1dc4291-5dbc-4d58-8b74-4b5021142672	(untitled)	catalog	26	167.28	ffprobe-duration	false	estimated-spread	pass	0
0cf02bcf-c380-42a6-baba-564f159d1717	(untitled)	catalog	43	198.36	ffprobe-duration	false	estimated-spread	pass	0
dac78322-f9d7-4d52-a059-a227443c746c	(untitled)	catalog	43	171.88	ffprobe-duration	false	estimated-spread	pass	0
3139ea17-9462-4aa7-998a-06ca08e7d1ac	दो हिस्से	catalog	43	216.32	ffprobe-duration	false	estimated-spread	pass	0
41cbd44d-470c-442b-9747-3da9f5052256	(untitled)	catalog	43	184.92	ffprobe-duration	false	estimated-spread	pass	0
81109d76-22c0-4e21-9bd6-a57682008382	शक्ति जाग री	catalog	31	186.24	ffprobe-duration	false	estimated-spread	pass	0
982a1594-b969-4c2d-9966-d617a47e4e2d	(untitled)	catalog	31	176.52	ffprobe-duration	false	estimated-spread	pass	0
6ae75b0d-c1cc-4641-b483-6b48a9747ac1	(untitled)	catalog	31	176.92	ffprobe-duration	false	estimated-spread	pass	0
7f4291cd-2f2a-4714-bc31-69d28eec6c38	Shakti jaag ri	catalog	31	191.4	ffprobe-duration	false	estimated-spread	pass	0
c9e3d20d-1c8f-4301-8f48-b90bcad4dbbf	(untitled)	catalog	39	219.72	ffprobe-duration	false	estimated-spread	pass	0
52951995-1c96-40b6-ab48-93b43e9bd488	(untitled)	catalog	39	238.08	ffprobe-duration	false	estimated-spread	pass	0
dcc995be-7ebf-4fd1-8ad6-c5afa618439d	जैसे ही छुआ उसे... लालच के हाथों ने	catalog	39	244.76	ffprobe-duration	false	estimated-spread	pass	0
ac50152c-f82a-4333-bef4-0b7a404e8399	(untitled)	catalog	39	229.48	ffprobe-duration	false	estimated-spread	pass	0
4c9c262d-a876-4406-8e42-79d64f585366	WhatsApp Image 2025-06-17 at 20.41.57	catalog	26	174.42	ffprobe-duration	false	estimated-spread	pass	0
37323280-425b-4fde-b2c9-385619da2dce	(untitled)	catalog	55	214.48	ffprobe-duration	false	estimated-spread	pass	0
631a4c65-636f-4b24-aeea-1d3c99c8f664	(untitled)	catalog	55	135.6	ffprobe-duration	false	estimated-spread	pass	0
d040faac-7e44-42a5-b776-ba7a276966fc	(untitled)	catalog	11	52.44	ffprobe-duration	false	estimated-spread	pass	0
f3e77ca3-d3b1-4029-8814-3da77d041154	(untitled)	catalog	27	180.56	ffprobe-duration	false	estimated-spread	pass	0
3733b4fd-e7f9-418c-a5cb-dcdc0b661384	0:00 Tanpura + Siddham “Om”	catalog	11	79.76	ffprobe-duration	false	estimated-spread	pass	0
acf72279-b350-4e2d-8241-7c4de927afb4	(untitled)	catalog	26	211.4	ffprobe-duration	false	estimated-spread	pass	0
29ce4071-ec2f-4be4-9034-d4332fe76f86	ज़ीरो के उन हीरों को	catalog	26	231.28	ffprobe-duration	false	estimated-spread	pass	0
fbbf00c4-df9a-4c12-8222-5a8f83d3d229	ज़ीरो के उन हीरों को	catalog	27	190.92	ffprobe-duration	false	estimated-spread	pass	0
31752ecb-d9f6-4d7f-8582-96ad901c2bff	(untitled)	catalog	22	169.6	ffprobe-duration	false	estimated-spread	pass	0
7d695546-b4a9-4369-8770-054ea7711700	This is for informational purposes only. For med	catalog	22	246.88	ffprobe-duration	false	estimated-spread	pass	0
20aaab8c-af31-4a63-954e-b956c837119a	(untitled)	catalog	37	260.48	ffprobe-duration	false	estimated-spread	pass	0
c6c9c569-2051-4d98-ba3c-85f7982b04b9	विदाई रो दुख लागे रे	catalog	21	228	ffprobe-duration	false	estimated-spread	pass	0
e0e9d663-7d49-4351-aa8e-639120657766	(untitled)	catalog	21	204.88	ffprobe-duration	false	estimated-spread	pass	0
e7905dfe-6d9b-4d8c-9f04-d1645c522f2f	ढोल नगाड़े बाज़न दे तू	catalog	37	265.52	ffprobe-duration	false	estimated-spread	pass	0
e18525dd-f972-4860-9008-b147a0576764	(untitled)	catalog	56	299.68	ffprobe-duration	false	estimated-spread	pass	0
b6721538-96c3-408c-be12-613ca88da0d7	ढोल नगाड़े बाज़न दे तू	catalog	54	272.44	ffprobe-duration	false	estimated-spread	pass	0
42c55ab5-6656-4c72-bcae-0560c1afdacf	(untitled)	catalog	24	113.8	ffprobe-duration	false	estimated-spread	pass	0
8caed3b8-e9a9-48fa-9a64-adeedcfb6231	ढोल नगाड़े बाज़न दे तू	catalog	56	348.56	ffprobe-duration	false	estimated-spread	pass	0
14a370bd-8e3e-4b27-9afc-31fede5f5c94	(untitled)	catalog	54	231.84	ffprobe-duration	false	estimated-spread	pass	0
a41086c8-d15a-40b1-a8c7-8a6d0a450688	दादा फौजी बनवा दे न	catalog	24	117.44	ffprobe-duration	false	estimated-spread	pass	0
42eea408-81a9-4c2f-8ffb-8d5c5656d202	फौजी बनवा दे न	catalog	53	192.68	ffprobe-duration	false	estimated-spread	pass	0
e557151f-686a-4ba6-a428-40ef37236172	(untitled)	catalog	97	279.88	ffprobe-duration	false	estimated-spread	pass	0
ef8c9b76-6af4-46b3-9c34-f9f7408dba40	(untitled)	catalog	53	184.96	ffprobe-duration	false	estimated-spread	pass	0
c01a92ed-1135-4bc5-b9f6-7ec8eaeef43c	(untitled)	catalog	168	447.04	ffprobe-duration	false	estimated-spread	pass	0
dac03dd8-470e-453c-ba40-7a6da1100b59	हाय रे मच्छरी	catalog	97	307.76	ffprobe-duration	false	estimated-spread	pass	0
c3895754-34ef-42e5-b30f-03de838fa995	हाय रे मच्छरी	catalog	168	479.96	ffprobe-duration	false	estimated-spread	pass	0
61ca183b-a733-45f2-a526-40124620f6a1	(untitled)	catalog	175	474.96	ffprobe-duration	false	estimated-spread	pass	0
11d2c6aa-6e6e-4b33-a0f1-514fb4e2cf9b	Not a curse	catalog	175	479.96	ffprobe-duration	false	estimated-spread	pass	0
2705713e-7211-41ce-8805-62d72c7038f2	(untitled)	catalog	130	424.84	ffprobe-duration	false	estimated-spread	pass	0
2bf46bbc-1f00-42b1-ada9-5dd38b02ca3b	We are the practice	catalog	130	479.96	ffprobe-duration	false	estimated-spread	pass	0
0907ea5b-01db-4afe-a2a1-958b706d1c5a	तू है समंदर	catalog	88	293.08	ffprobe-duration	false	estimated-spread	pass	0
71c2f8e7-6626-4dc8-b873-971485c0725f	(untitled)	catalog	88	289.96	ffprobe-duration	false	estimated-spread	pass	0
57f63a2a-a5cc-4eca-b189-530e667d6c1d	(untitled)	catalog	86	281.96	ffprobe-duration	false	estimated-spread	pass	0
c442e04f-271b-411b-ba4b-42d0ecff3a38	ब्राह्मी → प्राकृत → खरोष्ठी का flow	catalog	86	322.24	ffprobe-duration	false	estimated-spread	pass	0
d6015bf7-056c-43bb-b3a7-c42012ac30b6	(untitled)	catalog	60	192.04	ffprobe-duration	false	estimated-spread	pass	0
e96f8afe-e1fc-4cc8-9998-16627bca7b9c	ठहर	catalog	60	212.64	ffprobe-duration	false	estimated-spread	pass	0
acefb505-26f4-4b95-b378-e064eaccf86f	वक़्त के घोड़ों को	catalog	89	244.8	ffprobe-duration	false	estimated-spread	pass	0
b632670a-92f5-44aa-862f-4a03120bd6e3	(untitled)	catalog	89	242.48	ffprobe-duration	false	estimated-spread	pass	0
c8a46987-b4d4-41ee-aa0c-36c1f1115cf2	Tibetan Bowl	catalog	95	247.72	ffprobe-duration	false	estimated-spread	pass	0
7e3ba569-59f8-4cf2-aebb-45d436b941ef	Tibetan Bowl	catalog	95	269.92	ffprobe-duration	false	estimated-spread	pass	0
1ec4ae2f-b4ab-441b-8234-f5fcca48b606	(untitled)	catalog	95	251.36	ffprobe-duration	false	estimated-spread	pass	0
713998e8-14d5-4633-b01a-3fb4275561f9	(untitled)	catalog	116	217.76	ffprobe-duration	false	estimated-spread	pass	0
8b68b69c-b07f-43f8-ac20-ed65fbc03fc7	(untitled)	catalog	95	204.88	ffprobe-duration	false	estimated-spread	pass	0
9b85885b-774d-4b2d-babf-e39fea6294e0	🎤 “वक़्त के घोड़े” — जागरण काव्य	catalog	43	218.04	ffprobe-duration	false	estimated-spread	pass	0
1802409c-450b-4fa0-82bb-9ae1c98c6f58	(untitled)	catalog	43	181.28	ffprobe-duration	false	estimated-spread	pass	0
22925574-1f8c-4bba-927a-63bf25e66c7c	Desert wind	catalog	116	353	ffprobe-duration	false	estimated-spread	pass	0
3b5bc702-ef70-4745-9a21-5e41252a6c47	Yo Yo Pandit! बोल माआता का naam	catalog	43	205	ffprobe-duration	false	estimated-spread	pass	0
e5e11b4f-d05d-444f-9b0e-5b91e5e70206	kush..mana..da	catalog	43	203.6	ffprobe-duration	false	estimated-spread	pass	0
8d7517ab-5f3a-4d8e-b2e4-92f170be6ed4	maa… maa… maa	catalog	78	283.08	ffprobe-duration	false	estimated-spread	pass	0
1630fdc7-2ea0-4737-a448-84a9e3a68bc4	(untitled)	catalog	78	234.92	ffprobe-duration	false	estimated-spread	pass	0
bf134052-5fe4-4f02-aa15-5757082f17fe	He shaheed shera	catalog	36	294.96	ffprobe-duration	false	estimated-spread	pass	0
31a89117-5333-4f09-96f9-da776986d02d	(untitled)	catalog	36	254.12	ffprobe-duration	false	estimated-spread	pass	0
374bbc29-2826-4b31-ba70-48ad9999fa35	(untitled)	catalog	45	136.32	ffprobe-duration	false	estimated-spread	pass	0
bed764bc-151e-4046-a0b6-773835719384	Bhai Mardana... vajda rabab	catalog	45	169.72	ffprobe-duration	false	estimated-spread	pass	0
4c9ffaea-c955-4c6e-b22b-974c6fbe1284	kush..mana..da	catalog	34	211	ffprobe-duration	false	estimated-spread	pass	0
17cea20d-3770-4288-aeac-d5d0a9677a3f	kush..mana..da	catalog	34	155.64	ffprobe-duration	false	estimated-spread	pass	0
0366db7b-3209-4ccf-af83-12fda3311c23	kush..mana..da	catalog	34	206.4	ffprobe-duration	false	estimated-spread	pass	0
575f5473-b86b-466f-b63d-980c2bec7855	माँ कूष्माण्डा की प्यारी मुस्कान	catalog	34	228.28	ffprobe-duration	false	estimated-spread	pass	0
bea936de-88c1-4d19-9f9a-04973bec0cc0	kush..mana..da	catalog	34	139.92	ffprobe-duration	false	estimated-spread	pass	0
87176aad-96cb-487c-b065-7faa93e5d442	kush..mana..da	catalog	34	162.88	ffprobe-duration	false	estimated-spread	pass	0
01b47c28-4773-42d5-b158-8a73c0cc9248	kush..mana..da	catalog	42	163.28	ffprobe-duration	false	estimated-spread	pass	0
e8ac43d3-688b-49ee-8ec3-ed025ddcb33b	कूष्माण्डा की 'स्मित' है शक्ति	catalog	42	176.96	ffprobe-duration	false	estimated-spread	pass	0
1b2ec847-7d17-420f-9042-dbced94d6763	गाम के छोरे	catalog	90	223.92	ffprobe-duration	false	estimated-spread	pass	0
6b3651e9-9f2d-4597-a0a5-de2414135203	(untitled)	catalog	90	209.72	ffprobe-duration	false	estimated-spread	pass	0
4cf5c8eb-fe72-483f-952d-0556a8e4b408	Om Devi Chandraghantayai Namah! माथे पे चंदा	catalog	65	318.32	ffprobe-duration	false	estimated-spread	pass	0
92c993d5-8cd1-48c2-a8fb-5c04053f9dcd	O.I.riginal.nteligence	catalog	65	316.96	ffprobe-duration	false	estimated-spread	pass	0
b7260b36-705a-493e-ab43-4cf6d9ba9bb9	O.I.riginal.nteligence	catalog	47	226.84	ffprobe-duration	false	estimated-spread	pass	0
a13e3aff-822d-4a39-840c-333df718a6a6	Om Devi Chandraghantayai Namah! माथे पे चंदा	catalog	47	326.52	ffprobe-duration	false	estimated-spread	pass	0
877a4cae-7aaa-4d7a-b037-021fcc544fb5	O.I.riginal.nteligence	catalog	92	296.44	ffprobe-duration	false	estimated-spread	pass	0
35c9d20a-94e6-4b53-9e14-073f7c519e47	ॐ देवी चन्द्रघण्टायै नमः	catalog	92	367.2	ffprobe-duration	false	estimated-spread	pass	0
ad20ad65-6256-4cde-b283-500aae7ad4fd	Om Devi Chandraghantayai Namah	catalog	82	454.88	ffprobe-duration	false	estimated-spread	pass	0
092cd586-b79b-465f-b06c-972aa38bd494	neural jogi	catalog	82	452	ffprobe-duration	false	estimated-spread	pass	0
c2ff4d29-bde8-449a-847e-9dcdc78e4a69	neural jogi	catalog	66	337.08	ffprobe-duration	false	estimated-spread	pass	0
78e037f2-edcd-4a6c-bdc4-099e1b4774e9	Om Devi Chandraghantayai Namah	catalog	66	355.28	ffprobe-duration	false	estimated-spread	pass	0
ccb6b23a-62e2-44e4-b1f4-94283dd7bdfc	neural jogi	catalog	23	188.04	ffprobe-duration	false	estimated-spread	pass	0
32b5d3c2-5566-44b7-9d81-86e8f1685967	Om Devi Chandraghantayai Namah	catalog	23	247.84	ffprobe-duration	false	estimated-spread	pass	0
1482a051-de1c-4ca4-bc3b-2a183763c075	ए री माता गौर आई रे	catalog	100	404.88	ffprobe-duration	false	estimated-spread	pass	0
e09752f7-8498-4ed6-bcf6-594f85308686	गणगौर आई रे	catalog	48	266.4	ffprobe-duration	false	estimated-spread	pass	0
9b907c3a-8874-4c5a-93bb-ba08f8477cdc	neural jogi	catalog	100	385.8	ffprobe-duration	false	estimated-spread	pass	0
cf3dbe9b-e2f2-4b21-bd5b-4332afa2a38e	neural jogi	catalog	48	222.92	ffprobe-duration	false	estimated-spread	pass	0
43e46f35-5912-4f95-84b9-92edf0d0fb86	neural jogi	catalog	48	181	ffprobe-duration	false	estimated-spread	pass	0
6a5dd84e-6da0-4b09-9a52-1db8c4acef47	neural jogi	catalog	48	231.48	ffprobe-duration	false	estimated-spread	pass	0
95afba01-5a36-42ca-8dcc-2506b2523fe4	neural jogi	catalog	22	115.8	ffprobe-duration	false	estimated-spread	pass	0
9d65a1fd-2546-4c3c-817e-49c52a5ebb0b	neural jogi	catalog	21	90.76	ffprobe-duration	false	estimated-spread	pass	0
050e19ec-ac35-452e-bb9e-16277b396b08	गणगौर आई रे… आई रे… आई रे	catalog	22	125.92	ffprobe-duration	false	estimated-spread	pass	0
75687504-db82-463a-96f8-62dd4c6ad2b1	gangaur aayi re aayi re aayi re	catalog	21	92.4	ffprobe-duration	false	estimated-spread	pass	0
c1f60054-5682-4989-a470-f3ba4295c065	गणगौर आई रे… सज धज जाई रे	catalog	30	259.96	ffprobe-duration	false	estimated-spread	pass	0
7789d061-f161-4e4d-ad2d-4bf0d70bd861	neural jogi	catalog	30	242.56	ffprobe-duration	false	estimated-spread	pass	0
b3dab790-2dfb-43e9-bd08-6fed863e2e42	om gaurishankaraya namah	catalog	18	157.96	ffprobe-duration	false	estimated-spread	pass	0
68b7f05f-0d8c-4740-b17b-f2e679aacd98	neural jogi	catalog	18	144.96	ffprobe-duration	false	estimated-spread	pass	0
26ae8b47-2aa1-4fc3-9a27-bfc906169f67	chhor de	catalog	26	213.8	ffprobe-duration	false	estimated-spread	pass	0
971b76d4-9982-4b49-9419-b8e39097a769	हे र अ अ अ	catalog	26	227.72	ffprobe-duration	false	estimated-spread	pass	0
48d4c16c-f0af-4e47-8834-ce416cc8312e	chhor de	catalog	27	213.6	ffprobe-duration	false	estimated-spread	pass	0
5b1a2a19-1787-49a9-b01a-795121534e08	Dekh mere yaar	catalog	27	214.64	ffprobe-duration	false	estimated-spread	pass	0
a33956a5-2081-468d-b0aa-1507b51cf541	हे र अ अ अ...	catalog	42	312.8	ffprobe-duration	false	estimated-spread	pass	0
e7134e4e-a3b4-4eb2-830d-e9a1e0791ca4	chhor de	catalog	42	312.08	ffprobe-duration	false	estimated-spread	pass	0
5813c3d7-64ae-4dcd-86cc-6c4cc319f0d7	He Ra a a a	catalog	51	259.48	ffprobe-duration	false	estimated-spread	pass	0
ae00fa9b-6761-4e45-89a4-c8bebb0ec9e2	(untitled)	catalog	51	256.72	ffprobe-duration	false	estimated-spread	pass	0
b7ab25e5-8f36-4dd2-a0ed-a64c5f9f0b63	हर-हर महादेव... हर-हर महादेव	catalog	95	462.04	ffprobe-duration	false	estimated-spread	pass	0
abdadc18-6d3f-43c5-aacc-5df4eba20e4d	(untitled)	catalog	95	452.96	ffprobe-duration	false	estimated-spread	pass	0
9ea90a62-a2d7-462c-9f8c-fb078246a1ae	eeee ee eeee eaeaeaaeen	catalog	7	114.52	ffprobe-duration	false	estimated-spread	pass	0
f5ee1b21-dfd0-497c-8f70-18a04305df49	(untitled)	catalog	7	83.96	ffprobe-duration	false	estimated-spread	pass	0
322826de-5054-4df5-868c-4d8eefd1140f	सीधी दुनिया उल्टे लोग	catalog	101	479.44	ffprobe-duration	false	estimated-spread	pass	0
75db9ef6-ac44-4361-aa4f-64d05aab70a8	(untitled)	catalog	101	479.44	ffprobe-duration	false	estimated-spread	pass	0
200d3cac-7b7b-437a-8877-c560fdd74b80	neural jogi	catalog	125	413.08	ffprobe-duration	false	estimated-spread	pass	0
7c45ec0d-f3b8-4cb9-beaf-2d74f4302da5	रत्नावली की रत्नावली	catalog	125	413.28	ffprobe-duration	false	estimated-spread	pass	0
f02bb457-88b6-415c-9b34-da9e9896a390	neural jogi	catalog	79	346.92	ffprobe-duration	false	estimated-spread	pass	0
57e3125d-6eff-4b5a-883a-4da698ee8f1d	Deep serious alaap	catalog	51	183.36	ffprobe-duration	false	estimated-spread	pass	0
2fc25f01-e1af-419b-af18-4a94b1792d7b	(untitled)	catalog	51	182.32	ffprobe-duration	false	estimated-spread	pass	0
28f32076-2c38-4dfd-8f9b-27aeeee9b5bc	❤️ जोगी देवे गारंटी बात	catalog	79	351.16	ffprobe-duration	false	estimated-spread	pass	0
17393950-853a-4aed-9e6f-229ac70f25e0	“NAAD BRAHM: 31 RAAG NEURAL JOGI ALBUM”	catalog	70	196.92	ffprobe-duration	false	estimated-spread	pass	0
056a8cec-f924-4fbe-be2e-5a026a8477a1	(untitled)	catalog	70	194.96	ffprobe-duration	false	estimated-spread	pass	0
dab64572-477f-4561-ae33-43b27a37fb2a	(untitled)	catalog	33	144.96	ffprobe-duration	false	estimated-spread	pass	0
2b4451e0-029c-4fb6-b9e5-78fd60f4046c	देव-दानव: यो गोबर नहीं	catalog	33	163.48	ffprobe-duration	false	estimated-spread	pass	0
fdfe3689-13d3-4488-96a7-d2b0ad9210da	गौसे ल्या दे	catalog	99	299.84	ffprobe-duration	false	estimated-spread	pass	0
47377bea-9774-4f7b-afe4-f4e941c19c0f	(untitled)	catalog	99	292.44	ffprobe-duration	false	estimated-spread	pass	0
2ca29e2e-9207-45f0-9d88-9c0793d7393b	(untitled)	catalog	66	224.84	ffprobe-duration	false	estimated-spread	pass	0
83d40aab-8c12-48c7-8a5f-316e377ae254	ल्या.. दे	catalog	66	284.84	ffprobe-duration	false	estimated-spread	pass	0
f394c2ee-40d3-4222-96f3-594a597d4370	Akhand-Siddham! Akhand-Siddham	catalog	18	271.04	ffprobe-duration	false	estimated-spread	pass	0
b4eb0ad2-7b9a-47a7-9dbb-243f6869fd07	(untitled)	catalog	18	149.8	ffprobe-duration	false	estimated-spread	pass	0
38c841da-2008-4d6a-b85d-83833454d8ee	लुलु	catalog	31	167.84	ffprobe-duration	false	estimated-spread	pass	0
164acf5c-2f05-4aa5-a11e-e8726aa075c1	(untitled)	catalog	31	162.4	ffprobe-duration	false	estimated-spread	pass	0
b25849ae-7771-4878-a6e9-6ea75ef49a13	इतिहासः सिद्धम्! आनंदोऽस्तु	catalog	27	222.92	ffprobe-duration	false	estimated-spread	pass	0
f3a9813d-753a-4dc8-80c0-1761b6138f1b	(untitled)	catalog	27	221.56	ffprobe-duration	false	estimated-spread	pass	0
e4415236-01a9-49bb-a68a-359e7f67f091	(untitled)	catalog	38	252.6	ffprobe-duration	false	estimated-spread	pass	0
7895a9b2-a1dc-4fee-8ac4-44a096b2c6a8	(untitled)	catalog	38	226.76	ffprobe-duration	false	estimated-spread	pass	0
1795fde2-4568-429d-86af-bfc929504dc6	(untitled)	catalog	38	274.28	ffprobe-duration	false	estimated-spread	pass	0
85859d74-b474-4661-aa75-df60336c7497	इतिहासः सिद्धम्! आनंदोऽस्तु	catalog	38	284.36	ffprobe-duration	false	estimated-spread	pass	0
c2942834-cd11-4b45-8610-08a32d23be82	(untitled)	catalog	34	205.08	ffprobe-duration	false	estimated-spread	pass	0
cef36d0f-7570-45ad-b4cd-9e9d1999be10	(untitled)	catalog	34	176.44	ffprobe-duration	false	estimated-spread	pass	0
bd2091ee-707a-465e-9dff-021eac34daed	(untitled)	catalog	34	438	ffprobe-duration	false	estimated-spread	pass	0
1bd52bf2-d26e-4822-8299-2ef883803518	अघोर... अघोर... अघोर	catalog	34	479.4	ffprobe-duration	false	estimated-spread	pass	0
1712384b-9b51-4094-b444-b464a3aa0e27	(untitled)	catalog	40	203.48	ffprobe-duration	false	estimated-spread	pass	0
527b35cd-7313-4af7-82d2-007ce8ac75a1	हे माँ शैलपुत्री	catalog	40	249.8	ffprobe-duration	false	estimated-spread	pass	0
cabac8a7-5365-4ff9-b762-86e8a6586cd1	पिया जी तेरी याद आती है	catalog	48	229.96	ffprobe-duration	false	estimated-spread	pass	0
80a39cda-0980-4c6e-bffb-50088c2967de	(untitled)	catalog	48	212.28	ffprobe-duration	false	estimated-spread	pass	0
94f4c705-c5c7-4637-b67d-06a21a3e1771	(untitled)	catalog	48	191.96	ffprobe-duration	false	estimated-spread	pass	0
edf821b2-166e-4650-a7ca-0b131dcc109b	(untitled)	catalog	48	210.92	ffprobe-duration	false	estimated-spread	pass	0
14ce1222-9f05-4f2f-bcdd-c9b871cca5a1	(untitled)	catalog	57	193.4	ffprobe-duration	false	estimated-spread	pass	0
3bd10216-5f47-4506-8828-9fc84e552bba	(untitled)	catalog	57	187.56	ffprobe-duration	false	estimated-spread	pass	0
20b2eae2-e758-4646-b7ca-94502619813e	इतनी ही दया	catalog	49	202.16	ffprobe-duration	false	estimated-spread	pass	0
ac3d350b-35f3-42d9-b74c-c30e8c71d677	(untitled)	catalog	49	201.48	ffprobe-duration	false	estimated-spread	pass	0
448602fe-eb24-4bcd-9a1a-2d3d00a4c21b	पिया जी तेरी याद आवे सै	catalog	57	194.8	ffprobe-duration	false	estimated-spread	pass	0
7c657b60-4bbc-4e9f-90d4-2d42575ca1c6	(untitled)	catalog	57	189.12	ffprobe-duration	false	estimated-spread	pass	0
cfbb1757-8e35-4d6f-a25d-810bab2e0e8a	पिया जी तेरी याद आती है	catalog	55	334.8	ffprobe-duration	false	estimated-spread	pass	0
eea1f46e-7cbb-441d-abcb-52a46144583a	(untitled)	catalog	55	289.44	ffprobe-duration	false	estimated-spread	pass	0
6a41359d-7625-415a-bb50-9685b970ef3b	हाय हाय हाय… हाय लुगाई	catalog	89	342.04	ffprobe-duration	false	estimated-spread	pass	0
c694a74a-44a2-4a34-aee4-ffc260690881	(untitled)	catalog	89	330.84	ffprobe-duration	false	estimated-spread	pass	0
ddf3ca17-816c-47e8-b49c-a5834334e64b	(untitled)	catalog	89	341.88	ffprobe-duration	false	estimated-spread	pass	0
ada50c4b-3ce4-475c-b27e-f2536d77da49	(untitled)	catalog	89	311.8	ffprobe-duration	false	estimated-spread	pass	0
fddbba2f-61ec-4d72-ad3f-69baba354abb	(untitled)	catalog	95	314.84	ffprobe-duration	false	estimated-spread	pass	0
5a3ed490-c3be-4e41-99f0-3abc89a1f13d	हाय हाय हाय… हाय लुगाई	catalog	95	374.96	ffprobe-duration	false	estimated-spread	pass	0
e80360e4-03de-401c-ae2a-6936ff596b3f	(untitled)	catalog	61	214.64	ffprobe-duration	false	estimated-spread	pass	0
978c1c42-cd78-429d-952f-ff66978f4531	हाय हाय हाय… हाय लुगाई	catalog	61	337.24	ffprobe-duration	false	estimated-spread	pass	0
65fd8ecc-a24d-4af1-a21d-db7e5e5107e6	(untitled)	catalog	100	309.76	ffprobe-duration	false	estimated-spread	pass	0
513a10d6-1b4e-43a3-b1ef-a1c0427e3b78	हाय हाय हाय… हाय लुगाई	catalog	100	314.76	ffprobe-duration	false	estimated-spread	pass	0
4dd54537-f0dc-4226-b83f-32edeb629a35	(untitled)	catalog	87	311.64	ffprobe-duration	false	estimated-spread	pass	0
ea666c4c-b61d-46ea-a289-627704a7f204	हाय हाय हाय… हाय लुगाई	catalog	87	361.56	ffprobe-duration	false	estimated-spread	pass	0
e8c8a60e-4a6e-4924-b306-aeb182829a8b	हाय हाय हाय ... हाय लुगाई	catalog	67	279.64	ffprobe-duration	false	estimated-spread	pass	0
4cd1088b-b87b-4b02-b781-ad7ecea54492	(untitled)	catalog	67	243.12	ffprobe-duration	false	estimated-spread	pass	0
51869413-dafe-45f6-b76f-583c3b8e1991	(untitled)	catalog	79	126.2	ffprobe-duration	false	estimated-spread	pass	0
64a8bb69-c68d-48dc-88bf-9bcf53a35229	हाय हाय हाय… हाय लुगाई	catalog	79	126.96	ffprobe-duration	false	estimated-spread	pass	0
4c162f53-2f79-4fed-b3c9-93841a1755f3	(untitled)	catalog	223	359.88	ffprobe-duration	false	estimated-spread	pass	0
15044912-afce-435c-a55e-9158b065f46a	(untitled)	catalog	224	464.96	ffprobe-duration	false	estimated-spread	pass	0
29a17f2c-a3b6-463d-9a08-8fede6cb142a	का खा गा घा	catalog	223	414.36	ffprobe-duration	false	estimated-spread	pass	0
ecfcf3e2-e6b5-4377-b4bf-52d3acda1360	का खा गा घा	catalog	224	479.44	ffprobe-duration	false	estimated-spread	pass	0
e97cc568-6578-4bba-a1c3-0580783e1d53	(untitled)	catalog	211	379.92	ffprobe-duration	false	estimated-spread	pass	0
954ceeb0-8f77-4fdc-9b97-439fd3559810	का खा गा घा	catalog	211	384.96	ffprobe-duration	false	estimated-spread	pass	0
c8e9d4ca-0d7d-4624-8efb-0b23973de9a3	का खा गा घा	catalog	200	441.92	ffprobe-duration	false	estimated-spread	pass	0
24b25363-caab-410d-a1a7-a36f5df70481	(untitled)	catalog	200	370.52	ffprobe-duration	false	estimated-spread	pass	0
4e8ab515-7696-4a5d-ada8-911355a71d61	(untitled)	catalog	180	364.92	ffprobe-duration	false	estimated-spread	pass	0
e9e95c40-884e-4b74-a1f6-5db9c6bdeb93	का खा गा घा	catalog	180	367.48	ffprobe-duration	false	estimated-spread	pass	0
bc962e4c-9016-4ba8-bb3e-e257917e3dd4	का खा गा घा	catalog	155	328	ffprobe-duration	false	estimated-spread	pass	0
7b8aaf45-66a4-4e30-acdd-38c437907a8e	(untitled)	catalog	155	299.92	ffprobe-duration	false	estimated-spread	pass	0
dfe02902-7e32-4106-a738-2f3c88aabf9c	का खा गा घा	catalog	112	229.28	ffprobe-duration	false	estimated-spread	pass	0
b8e5aa64-0398-4c26-9ef9-aa516d2421c3	(untitled)	catalog	108	269.92	ffprobe-duration	false	estimated-spread	pass	0
7279327a-abd6-4b19-8bd9-41db02769c97	(untitled)	catalog	112	195.32	ffprobe-duration	false	estimated-spread	pass	0
68e1e3bc-204b-4335-a599-eb3a0623ec41	का खा गा घा	catalog	93	221.36	ffprobe-duration	false	estimated-spread	pass	0
339cc960-6eba-46bf-aa4b-9cc390baab6d	का खा गा घा	catalog	108	299.84	ffprobe-duration	false	estimated-spread	pass	0
2badde9c-1f37-4504-9aaa-b067a58e99c3	का खा गा घा	catalog	106	272	ffprobe-duration	false	estimated-spread	pass	0
05a9ac20-ffc7-4810-a9e2-21d2c683b06a	(untitled)	catalog	106	250.72	ffprobe-duration	false	estimated-spread	pass	0
72b69742-5e35-4af0-876c-03f7ff259f69	(untitled)	catalog	93	218.68	ffprobe-duration	false	estimated-spread	pass	0
f932d3fb-72e6-41c0-8754-38bfa4f5417c	(untitled)	catalog	87	183.76	ffprobe-duration	false	estimated-spread	pass	0
b0ce3910-5638-41ea-baa5-e1711b806520	का खा गा घा	catalog	87	242.2	ffprobe-duration	false	estimated-spread	pass	0
7d29c576-36bc-4241-be33-bce5fd84775b	का खा गा घा	catalog	54	248.28	ffprobe-duration	false	estimated-spread	pass	0
aed9aa06-9e15-4413-b39f-b80a8913035e	(untitled)	catalog	54	193.24	ffprobe-duration	false	estimated-spread	pass	0
0021a7c0-89d9-4d5e-8967-d9c1095a9f77	सजन मेरा धोखेबाज़ है।	catalog	64	314.96	ffprobe-duration	false	estimated-spread	pass	0
08b16e64-f600-411c-807f-6c943c14f56e	kudru ki beti naagin	catalog	64	283.76	ffprobe-duration	false	estimated-spread	pass	0
dac36f36-1b07-4909-bd88-88bb40d18bc8	kudru ki beti naagin	catalog	56	224.96	ffprobe-duration	false	estimated-spread	pass	0
aefdf09c-1e5d-4549-b489-188a4f354615	नागिन है	catalog	23	204.72	ffprobe-duration	false	estimated-spread	pass	0
e55b3ea6-14b8-462f-b43e-dc03bf4e9f18	kudru ki beti naagin	catalog	56	235.92	ffprobe-duration	false	estimated-spread	pass	0
3f3cee67-4312-4a74-926f-1e1e089df3e5	kudru ki beti naagin	catalog	56	279.84	ffprobe-duration	false	estimated-spread	pass	0
1c396b4f-4f16-4262-9ffb-5f866d7b4ff1	सजन मेरा धोखेबाज़ है	catalog	56	422.8	ffprobe-duration	false	estimated-spread	pass	0
dc697cc3-5cb9-43ab-a2de-622b7348bff5	kudru ki beti naagin	catalog	23	164.48	ffprobe-duration	false	estimated-spread	pass	0
310f549f-b41a-4685-9afd-023bc7de4632	नागिन है	catalog	28	194.64	ffprobe-duration	false	estimated-spread	pass	0
6760d633-7fec-4c2b-9747-6d8f0963d5a2	kudru ki beti naagin	catalog	28	170.88	ffprobe-duration	false	estimated-spread	pass	0
cbd88d04-4767-4c26-8d29-ba96e43adce7	नागिन है	catalog	22	207.12	ffprobe-duration	false	estimated-spread	pass	0
430b028b-8fd1-4267-a16b-8eb1bb791e10	kudru ki beti naagin	catalog	111	424.72	ffprobe-duration	false	estimated-spread	pass	0
99a91265-7f9c-4b3d-a76a-745dfb3a5ec9	नागिन है	catalog	111	477.8	ffprobe-duration	false	estimated-spread	pass	0
14fa2fe8-0de2-4ace-9ee4-404348db0270	kudru ki beti naagin	catalog	22	178.64	ffprobe-duration	false	estimated-spread	pass	0
ae318a44-4e70-4bf5-ac17-58cd30dfa4d0	kudru ki beti naagin	catalog	41	219.96	ffprobe-duration	false	estimated-spread	pass	0
770b4285-cc03-4121-9c55-4fd9e710a9ef	kudru ki beti naagin	catalog	41	211.96	ffprobe-duration	false	estimated-spread	pass	0
4bd5f9be-6507-4e41-bad2-b3345f66e6cc	नागिन है	catalog	41	258.68	ffprobe-duration	false	estimated-spread	pass	0
f3c0d550-9297-4842-ba8b-b4a6118a71a6	नागिन है	catalog	41	249.2	ffprobe-duration	false	estimated-spread	pass	0
71f75486-1686-40eb-bbf3-1018b7e8b3b7	kudru ki beti naagin	catalog	19	157.8	ffprobe-duration	false	estimated-spread	pass	0
b9a9901e-2fa1-4550-aa1d-a1bb4dc7db40	अद्वैत पिता	catalog	19	172.96	ffprobe-duration	false	estimated-spread	pass	0
1793b6b5-9f36-4f77-a6fa-630d6a66cdbb	kudru ki beti naagin	catalog	56	159.92	ffprobe-duration	false	estimated-spread	pass	0
20709bfc-b04e-49bb-b50a-81112046ab9d	🕉️ वैदिक फ्यूज़न — चेतना नागिन नाद	catalog	56	194.96	ffprobe-duration	false	estimated-spread	pass	0
a3b96400-fe65-4f1c-904d-9aff23390ee0	kudru ki beti naagin	catalog	52	339.92	ffprobe-duration	false	estimated-spread	pass	0
7c7a4b38-9322-4dcc-a49f-ec91ad8874d0	साँस मेरी देख	catalog	49	359.56	ffprobe-duration	false	estimated-spread	pass	0
783c7290-99f4-43f8-adc4-b8681b56114d	साँस मेरी देख	catalog	52	349.36	ffprobe-duration	false	estimated-spread	pass	0
09294d81-a6e4-4c9e-a676-98b05856accd	kudru ki beti naagin	catalog	49	323.96	ffprobe-duration	false	estimated-spread	pass	0
93dd0e34-eefb-4555-91c0-b5297eef283f	साँस मेरी देख	catalog	52	349.88	ffprobe-duration	false	estimated-spread	pass	0
860e7a0e-a8d8-473f-b660-d2449b65da69	kudru ki beti naagin	catalog	52	333.36	ffprobe-duration	false	estimated-spread	pass	0
4d9a720f-aeeb-408e-b64a-c666f1db644a	kudru ki beti naagin	catalog	45	229.52	ffprobe-duration	false	estimated-spread	pass	0
97570150-635e-406d-b142-62c45c19be2d	साँस मेरी देख	catalog	45	283	ffprobe-duration	false	estimated-spread	pass	0
29bbf8d9-f160-43ef-b3fa-fe632e29b925	नागिन है	catalog	39	479.36	ffprobe-duration	false	estimated-spread	pass	0
b7e6675d-ed56-4e23-964d-9614994fca12	kudru ki beti naagin	catalog	39	197.52	ffprobe-duration	false	estimated-spread	pass	0
f08167a7-810e-47ac-928d-b72cd95f99f9	Naaraayana Uunh	catalog	41	159.6	ffprobe-duration	false	estimated-spread	pass	0
830aef5d-267b-442b-800e-9335aa9c8cd4	Naaraayana Uunh	catalog	41	149.88	ffprobe-duration	false	estimated-spread	pass	0
d94d112f-aa24-4a8e-9f37-be6d81219f5e	Naaraayana Uunh	catalog	41	174.96	ffprobe-duration	false	estimated-spread	pass	0
a06bfdbd-c7e9-401a-a6df-d87a575e3893	Naaraayana Uunh	catalog	43	178.48	ffprobe-duration	false	estimated-spread	pass	0
413e4582-680e-4824-95e8-252bfe180608	सुनो	catalog	43	192.76	ffprobe-duration	false	estimated-spread	pass	0
011fd342-d778-41bf-9986-f10d95e00637	Naaraayana Uunh	catalog	41	172.88	ffprobe-duration	false	estimated-spread	pass	0
103c9db6-e1ee-45f8-815d-0a7612a6ea10	Naaraayana Uunh	catalog	43	150.64	ffprobe-duration	false	estimated-spread	pass	0
790f6743-e536-4370-8191-d2dfc093831c	सुनो	catalog	43	192.92	ffprobe-duration	false	estimated-spread	pass	0
67162988-1ccc-4fa7-beab-230a0f681db0	बुलाओ तुम्हारे पितरों को	catalog	74	417.12	ffprobe-duration	false	estimated-spread	pass	0
87f41c73-b4cc-49e0-8e94-2058edd285bf	ॐ	catalog	74	384.96	ffprobe-duration	false	estimated-spread	pass	0
c237cdca-4f81-4f53-b062-92e3183b8389	बुलाओ तुम्हारे पितरों को	catalog	62	411.96	ffprobe-duration	false	estimated-spread	pass	0
42fb0963-ee69-497e-9b18-e76247c23bce	ॐ	catalog	62	380	ffprobe-duration	false	estimated-spread	pass	0
7039ea86-720e-4eff-a9b3-f972963b5395	बुलाओ तुम्हारे पितरों को	catalog	35	369.92	ffprobe-duration	false	estimated-spread	pass	0
f74b3b54-2435-4d24-ab58-9acb3d5c29f0	(untitled)	catalog	35	359.48	ffprobe-duration	false	estimated-spread	pass	0
2aa2ef58-c4be-4799-8641-a73b48881047	जागो जागो जागो हेमंत राणा जी महाराज... मेरे तुम	catalog	20	336.28	ffprobe-duration	false	estimated-spread	pass	0
9302edde-499a-40a3-b22e-3ccfadaf169c	(untitled)	catalog	20	329.52	ffprobe-duration	false	estimated-spread	pass	0
ee9c206f-9027-4024-8cfb-42506142c9a2	(untitled)	catalog	40	224.36	ffprobe-duration	false	estimated-spread	pass	0
5fe2fc4c-7692-43dd-ab51-5478384c4dfc	नागिन है	catalog	40	266.28	ffprobe-duration	false	estimated-spread	pass	0
d42a34a6-86f1-42c4-8ee3-d94d850cc73b	Naaraayana Uunh	catalog	9	107.24	ffprobe-duration	false	estimated-spread	pass	0
2c5e4dbe-097d-4f30-aabf-618cc31ef0b0	नमस्कार श्रोताओं! आपका स्वागत है रेडियो सनातन वै	catalog	9	125.52	ffprobe-duration	false	estimated-spread	pass	0
3039cb6f-dd49-498f-826d-d7774013946e	(untitled)	catalog	79	294.96	ffprobe-duration	false	estimated-spread	pass	0
69ad7184-23e8-475b-8193-a947d68dc738	लालाल-लाल हनु होनी बोले	catalog	79	305.52	ffprobe-duration	false	estimated-spread	pass	0
e39d4168-ab51-4b9d-a5c3-abccf188281c	Naaraayana Uunh	catalog	9	84.76	ffprobe-duration	false	estimated-spread	pass	0
5e5689c5-b3b9-48fb-ac29-11a1a7304d5d	Naaraayana Uunh	catalog	9	84.88	ffprobe-duration	false	estimated-spread	pass	0
a8d556f6-269d-4029-bb1a-0abd4bc16064	Naaraayana uunh	catalog	38	115.6	ffprobe-duration	false	estimated-spread	pass	0
f5cb9407-24a2-45f0-8ee2-aa403a65a74b	Naaraayana Uunh	catalog	38	105.96	ffprobe-duration	false	estimated-spread	pass	0
a8134b33-18e5-4f3f-a044-32a2f8db1161	लालाल-लाल हनु होनी बोले	catalog	82	304.92	ffprobe-duration	false	estimated-spread	pass	0
769d1a0a-cfa4-40ca-95d0-0f7761260847	(untitled)	catalog	82	274.56	ffprobe-duration	false	estimated-spread	pass	0
8b14bc36-b9fc-409a-9efd-acd558db7d7f	(untitled)	catalog	88	392.44	ffprobe-duration	false	estimated-spread	pass	0
b3f171d7-567c-439e-9d6c-8aec3854e4a1	मने मेरी माँ	catalog	88	404.6	ffprobe-duration	false	estimated-spread	pass	0
07c7426b-552d-49a1-bc86-7613ded094bc	(untitled)	catalog	89	438.64	ffprobe-duration	false	estimated-spread	pass	0
a63d8cca-295c-4ca4-a467-dd2d8c222a7e	मने मेरी माँ	catalog	89	479.44	ffprobe-duration	false	estimated-spread	pass	0
b4b42938-0fdb-407a-9716-d99479b0e0b0	मने मेरी माँ	catalog	157	479.44	ffprobe-duration	false	estimated-spread	pass	0
faf8624e-52ff-41ac-a98c-562728ffac2d	(untitled)	catalog	157	479.44	ffprobe-duration	false	estimated-spread	pass	0
49a3ba5c-8404-4a55-be2f-8b74d04587be	मेरा भाई	catalog	178	479.44	ffprobe-duration	false	estimated-spread	pass	0
359fe041-9682-478b-8b22-2025ce5af3c8	(untitled)	catalog	178	479.44	ffprobe-duration	false	estimated-spread	pass	0
85364529-043a-45e8-8ec2-6e2a4895644e	मेरा भाई	catalog	22	247.64	ffprobe-duration	false	estimated-spread	pass	0
aaca4dcb-a21a-4e20-9585-e2827cb88d9a	(untitled)	catalog	22	232.4	ffprobe-duration	false	estimated-spread	pass	0
9b80022a-996a-488b-82c6-8377e3dda26a	(untitled)	catalog	19	258	ffprobe-duration	false	estimated-spread	pass	0
4edf51d3-f4e1-4827-a506-85192bc47867	दृश्य: महामात्य का 'विराट' क्रोध	catalog	19	344.88	ffprobe-duration	false	estimated-spread	pass	0
ca39964f-fe6f-417b-8869-8ff0a2749fab	(untitled)	catalog	13	167.44	ffprobe-duration	false	estimated-spread	pass	0
98fd044c-85e8-4661-bfd1-c295679b7801	(untitled)	catalog	13	177.44	ffprobe-duration	false	estimated-spread	pass	0
e7732295-f853-4506-ac1f-9ba75d645982	(untitled)	catalog	13	204.2	ffprobe-duration	false	estimated-spread	pass	0
2ae593af-d471-49fe-802c-a910664b5b29	दृश्य: महामात्य का 'विराट' क्रोध	catalog	13	239.84	ffprobe-duration	false	estimated-spread	pass	0
4012494c-6d32-4fac-8a87-2e82ebfe57d0	दृश्य: महामात्य का 'विराट' क्रोध	catalog	13	189.96	ffprobe-duration	false	estimated-spread	pass	0
1b94e28b-5e0d-4d10-9519-57a4a340dea5	(untitled)	catalog	13	171.44	ffprobe-duration	false	estimated-spread	pass	0
5dae1dc4-0ca1-43fa-8d39-63cbce1d6cc4	मने मेरी माँ	catalog	177	479.44	ffprobe-duration	false	estimated-spread	pass	0
1392cfca-0b75-4795-bdb5-b82e430c9f7b	(untitled)	catalog	177	479.44	ffprobe-duration	false	estimated-spread	pass	0
fe0a5f9a-addb-4bcf-8cec-503ccf732ea0	मने मेरी माँ	catalog	177	479.44	ffprobe-duration	false	estimated-spread	pass	0
399e2400-18cc-4988-ac09-c3fbc115916f	(untitled)	catalog	177	460.36	ffprobe-duration	false	estimated-spread	pass	0
519cfa96-09e0-43be-b008-6631b9302357	Naaraayana Uunh	catalog	38	110.84	ffprobe-duration	false	estimated-spread	pass	0
0902ef6d-8f19-458b-b932-855765d1dcd1	(untitled)	catalog	177	479.44	ffprobe-duration	false	estimated-spread	pass	0
ff00e623-ff9b-4092-8866-9a775e6de626	(untitled)	catalog	177	479.44	ffprobe-duration	false	estimated-spread	pass	0
b394760e-a22a-4ddf-ae84-669d76820b25	Naaraayana Uunh	catalog	38	96.44	ffprobe-duration	false	estimated-spread	pass	0
9b025b3c-78a3-487c-8d1f-7af1bb72fa2b	(untitled)	catalog	106	340.68	ffprobe-duration	false	estimated-spread	pass	0
0b09e473-9d9a-48aa-bc7f-39c41ccc5b8d	मने मेरी माँ	catalog	106	353.28	ffprobe-duration	false	estimated-spread	pass	0
ddf4af6e-aef4-4ac2-9b4a-59cd3d896e25	(untitled)	catalog	96	353.72	ffprobe-duration	false	estimated-spread	pass	0
8372084d-8049-4db1-a68a-fd8ac5eb438c	मने मेरी माँ	catalog	96	354.96	ffprobe-duration	false	estimated-spread	pass	0
1300d386-6424-4a89-b7ca-77780a29db42	(untitled)	catalog	96	322.36	ffprobe-duration	false	estimated-spread	pass	0
4c78ef45-06b9-4c43-a575-3ffb6e0fa7b7	(untitled)	catalog	96	339.96	ffprobe-duration	false	estimated-spread	pass	0
7cd38250-4106-4fb8-8a4f-bbc7df32238e	(untitled)	catalog	76	218.52	ffprobe-duration	false	estimated-spread	pass	0
a8b958f9-3065-46de-bc14-080bd949892e	सुन रे जग के यात्री	catalog	76	229.84	ffprobe-duration	false	estimated-spread	pass	0
bfb4ac18-d356-4ab5-84b1-0691c5635560	सुन री कुतिये ध्यान से	catalog	37	177.36	ffprobe-duration	false	estimated-spread	pass	0
f850c20c-670d-4871-bd1a-6f0652c7700a	(untitled)	catalog	34	145.68	ffprobe-duration	false	estimated-spread	pass	0
a8738d5a-73c8-4c1b-8537-6f306f014715	सुन री कुतिये ध्यान से	catalog	34	149.64	ffprobe-duration	false	estimated-spread	pass	0
347d4a25-0d54-445c-982e-c1c6c1c7e091	(untitled)	catalog	37	149.4	ffprobe-duration	false	estimated-spread	pass	0
46a0e0b1-a456-4550-b57d-dd7271cf0096	(untitled)	catalog	37	154.8	ffprobe-duration	false	estimated-spread	pass	0
114a0d17-28b3-4a56-a251-50c1fbf4f659	(untitled)	catalog	37	133.72	ffprobe-duration	false	estimated-spread	pass	0
80c9a826-108b-4377-9983-7d052c254217	(untitled)	catalog	37	184.8	ffprobe-duration	false	estimated-spread	pass	0
3ba8da22-5a9f-43e1-b1c1-b80db6e17e04	सुन री कुतिये ध्यान से	catalog	37	196.68	ffprobe-duration	false	estimated-spread	pass	0
143f3ee1-541a-4c92-8ae8-84b53e7b66d9	(untitled)	catalog	35	160.88	ffprobe-duration	false	estimated-spread	pass	0
d1df8eeb-036c-4d6b-b998-dc9ebc94f23e	(untitled)	catalog	35	186.68	ffprobe-duration	false	estimated-spread	pass	0
c126fb19-0b0a-4e01-b48c-2bc66f1bb766	(untitled)	catalog	0	NULL	NULL	false	NULL	no-cues	0
0bf24918-dcf5-4396-9eff-75fff2af6946	मने मेरे देश	catalog	71	479.36	ffprobe-duration	false	estimated-spread	pass	0
1210841d-cb58-4632-96de-39a6f862b69a	(untitled)	catalog	32	202.16	ffprobe-duration	false	estimated-spread	pass	0
41e8f0c6-6363-44dd-b118-bfc2dc2c8dd6	मने मेरे देश ईब यूं सताना छोड़ दे	catalog	32	239.96	ffprobe-duration	false	estimated-spread	pass	0
558e63bc-7079-4a66-ac9e-a5dd188afd14	(untitled)	catalog	45	237.92	ffprobe-duration	false	estimated-spread	pass	0
bdb93b4d-edf6-418f-bedf-5d1b5204ed1d	मने मेरे देश ईब यूं सताना छोड़ दे	catalog	45	277.96	ffprobe-duration	false	estimated-spread	pass	0
b2771eb5-3689-4318-82e1-aebe591bb103	(untitled)	catalog	45	271.2	ffprobe-duration	false	estimated-spread	pass	0
edddf045-01a6-446c-bff3-49e2fc953d69	(untitled)	catalog	45	224.64	ffprobe-duration	false	estimated-spread	pass	0
a9945093-a511-431f-a149-6978e172135c	(untitled)	catalog	41	253.72	ffprobe-duration	false	estimated-spread	pass	0
02b55369-c2c7-4541-b858-99a73400ed7e	मने मेरे देश ईब यूं सताना छोड़ दे	catalog	41	287.4	ffprobe-duration	false	estimated-spread	pass	0
6afe4ba5-a95a-437f-8ba4-09ea1e0d7589	(untitled)	catalog	41	265.88	ffprobe-duration	false	estimated-spread	pass	0
16e6f905-49c1-42d2-ad44-46130e1b7dda	(untitled)	catalog	41	280.92	ffprobe-duration	false	estimated-spread	pass	0
8296abb7-b694-4517-b505-74a1482acc86	(untitled)	catalog	36	214.2	ffprobe-duration	false	estimated-spread	pass	0
74ebed02-df6f-4443-b566-63929be6a05d	मने मेरे देश ईब यूं सताना छोड़ दे	catalog	36	217.84	ffprobe-duration	false	estimated-spread	pass	0
9a3c2b4d-d452-4c45-80d4-2d277e37d1eb	(untitled)	catalog	27	96.72	ffprobe-duration	false	estimated-spread	pass	0
afa3c84f-25e6-4dfe-88a0-9f638a8b1582	पिंकी हंस नंदिनी	catalog	27	132.72	ffprobe-duration	false	estimated-spread	pass	0
606fe1e9-61e4-4248-bd93-73fa98153abc	पिंकी हंस नंदिनी	catalog	24	211.32	ffprobe-duration	false	estimated-spread	pass	0
73f2af74-5054-49d8-896c-e82524eddc06	(untitled)	catalog	24	204.48	ffprobe-duration	false	estimated-spread	pass	0
083ed8dc-672d-423d-bda9-9714b4ae62f4	पिंकी हंस नंदिनी	catalog	24	214.92	ffprobe-duration	false	estimated-spread	pass	0
3ce196ce-9876-4bc9-8d96-a2d296db8b1c	(untitled)	catalog	24	200.76	ffprobe-duration	false	estimated-spread	pass	0
370a4d03-deca-434e-9414-305c4a1a849f	(untitled)	catalog	24	142.84	ffprobe-duration	false	estimated-spread	pass	0
da8bd16a-76ab-4e2f-a35e-fb138515ce39	(untitled)	catalog	31	144.52	ffprobe-duration	false	estimated-spread	pass	0
043fd8db-51e3-4bcf-a025-7c0e9e70d65e	(untitled)	catalog	24	147.56	ffprobe-duration	false	estimated-spread	pass	0
a118e163-e5f4-459d-a9f4-e82bbb5d48ec	सुन री कुतिये ध्यान से	catalog	31	169.36	ffprobe-duration	false	estimated-spread	pass	0
beb18e30-ad60-4f61-b962-bf72577a984c	(untitled)	catalog	26	142.84	ffprobe-duration	false	estimated-spread	pass	0
71819a1c-7df5-443a-bedf-56c547e4efe1	(untitled)	catalog	26	141.72	ffprobe-duration	false	estimated-spread	pass	0
5e09dadb-f03e-4b45-b8fa-7a825b7cdb46	(untitled)	catalog	26	169.88	ffprobe-duration	false	estimated-spread	pass	0
9b58de99-1027-44cb-bcfb-cb9727dd1c42	(untitled)	catalog	26	152.44	ffprobe-duration	false	estimated-spread	pass	0
96b01103-f99a-4fd7-87f8-53354681845d	(untitled)	catalog	26	143.16	ffprobe-duration	false	estimated-spread	pass	0
7de27deb-3279-4b67-a31c-0a53042c556e	(untitled)	catalog	26	129.72	ffprobe-duration	false	estimated-spread	pass	0
e5a682c7-62e9-401e-94ce-af4dff412f71	(untitled)	catalog	26	180.36	ffprobe-duration	false	estimated-spread	pass	0
eec95412-60c5-41d3-b2f8-59313a044060	(untitled)	catalog	26	183.72	ffprobe-duration	false	estimated-spread	pass	0
eb079cd7-e435-40eb-bee2-b82846008f09	(untitled)	catalog	26	193.12	ffprobe-duration	false	estimated-spread	pass	0
cf734c04-3a7d-47f5-8575-3545ca0152db	(untitled)	catalog	26	182.28	ffprobe-duration	false	estimated-spread	pass	0
c0ed3b71-8057-44e9-bbc9-7edbeb1cb247	(untitled)	catalog	26	184	ffprobe-duration	false	estimated-spread	pass	0
ee903ee8-bc90-4636-b704-94eaad28c4e6	(untitled)	catalog	26	199.96	ffprobe-duration	false	estimated-spread	pass	0
2339fc5d-3d73-4745-b001-53d00b204c3d	(untitled)	catalog	26	207.88	ffprobe-duration	false	estimated-spread	pass	0
6434e417-4488-4db2-856e-37c633ed4491	(untitled)	catalog	26	201.24	ffprobe-duration	false	estimated-spread	pass	0
8a5abcc5-bf22-4a21-be55-0e7dee8d4eb0	(untitled)	catalog	26	252.8	ffprobe-duration	false	estimated-spread	pass	0
c2cfd34c-47f2-44fc-9c9d-dcb40dfd0ffc	(untitled)	catalog	26	154.48	ffprobe-duration	false	estimated-spread	pass	0
f6b91a35-6661-45fa-af60-6af4f69f5adc	(untitled)	catalog	26	195.6	ffprobe-duration	false	estimated-spread	pass	0
2f1b59d6-e3e2-4a2e-b7da-8ef193729bb8	काम की कामना पुण्य	catalog	26	264.84	ffprobe-duration	false	estimated-spread	pass	0
e4e6e3b0-e45c-4464-933f-ec6a37a9fc1a	(untitled)	catalog	26	178.12	ffprobe-duration	false	estimated-spread	pass	0
6a9729a2-bfde-48a5-bc3a-95d1de82ccbd	(untitled)	catalog	26	197.4	ffprobe-duration	false	estimated-spread	pass	0
3a30e4a6-c5b1-4cf9-bdda-324b95054db1	(untitled)	catalog	26	186.76	ffprobe-duration	false	estimated-spread	pass	0
e5e5c4ed-7013-4378-8baf-ec76665ed5ea	(untitled)	catalog	26	179.96	ffprobe-duration	false	estimated-spread	pass	0
1883b6f9-b6fb-44d5-98e4-a32b63d3fd5a	ये काम बड़े ही काम का है	catalog	27	202.88	ffprobe-duration	false	estimated-spread	pass	0
ceb76bb6-5502-4d7e-8c67-0273d1e4404c	(untitled)	catalog	27	197.56	ffprobe-duration	false	estimated-spread	pass	0
a55e5fb9-1715-4647-ba0a-9cc10d0cdead	(untitled)	catalog	27	162.2	ffprobe-duration	false	estimated-spread	pass	0
709d0eb7-9410-4ef3-ab3f-b36462a15a6c	(untitled)	catalog	27	173.04	ffprobe-duration	false	estimated-spread	pass	0
73522d09-58c9-4824-b255-989b4bafebf0	(untitled)	catalog	28	181.88	ffprobe-duration	false	estimated-spread	pass	0
c5e03997-b771-4c5b-97fc-4f4a0f24b5de	ये काम बड़े ही काम का है	catalog	28	229.64	ffprobe-duration	false	estimated-spread	pass	0
271aa98c-9ee3-4765-a2f6-cffd21ec6eb5	(untitled)	catalog	28	157.72	ffprobe-duration	false	estimated-spread	pass	0
3266e243-6415-49ae-bae9-55af0a248874	(untitled)	catalog	28	160.88	ffprobe-duration	false	estimated-spread	pass	0
7e5a3f73-64be-400c-bb83-e8e555d1f02c	(untitled)	catalog	62	242.84	ffprobe-duration	false	estimated-spread	pass	0
2a0e9125-5a5d-4c09-a4e9-c2554b3dbd7e	सुनो र मेरी शान फौजी	catalog	62	269.8	ffprobe-duration	false	estimated-spread	pass	0
46605d07-d37f-48d9-bd6d-18f37e1a89ec	(untitled)	catalog	62	234.64	ffprobe-duration	false	estimated-spread	pass	0
e2525d01-1af3-4f50-b3ff-5d0cc10ba18e	(untitled)	catalog	32	220.84	ffprobe-duration	false	estimated-spread	pass	0
81dde6a6-2dbd-41a8-b10a-bac06e8fad06	(untitled)	catalog	46	184.96	ffprobe-duration	false	estimated-spread	pass	0
8ea9fe01-f585-4b67-a33d-2d2079ccada8	(untitled)	catalog	62	219.16	ffprobe-duration	false	estimated-spread	pass	0
4bb71763-a381-4680-aace-94dddb13d3f5	सुनो र मेरी शान फौजी	catalog	32	224.84	ffprobe-duration	false	estimated-spread	pass	0
d4ffa363-4285-40ba-8e17-48ff83716c88	हाय र मेरी शान फौजी	catalog	46	204.36	ffprobe-duration	false	estimated-spread	pass	0
00dc1de7-95fa-48ae-98bc-cfa3a4e35ef3	हाय र मेरी शान फौजी	catalog	70	274.88	ffprobe-duration	false	estimated-spread	pass	0
96bb25a9-9e39-4fe7-bff4-b8f18787b31e	(untitled)	catalog	70	223.44	ffprobe-duration	false	estimated-spread	pass	0
5c4baafd-66b3-4cf6-9215-1f0f94ab8a58	(untitled)	catalog	48	249.44	ffprobe-duration	false	estimated-spread	pass	0
ee50a4e3-c4b6-4f9b-9063-c75f82168ff5	जय हिन्द – जय हिन्द के नारे त	catalog	48	284.6	ffprobe-duration	false	estimated-spread	pass	0
73bf25b9-85ef-4617-b2e5-a0e356092784	(untitled)	catalog	37	272.96	ffprobe-duration	false	estimated-spread	pass	0
e3fd30cb-9358-4914-9195-11c40c5b76b7	(untitled)	catalog	37	264.68	ffprobe-duration	false	estimated-spread	pass	0
7f7d8aa2-6b4b-4a0f-bf2e-395eb0fb9e71	जय हिन्द जय हिन्द के नारे त	catalog	70	223.92	ffprobe-duration	false	estimated-spread	pass	0
a1775f44-6629-41be-8e84-34c4d86063db	जय हिन्द – जय हिन्द के नारे त	catalog	38	218.92	ffprobe-duration	false	estimated-spread	pass	0
547974ac-4935-4d3a-bec3-2e19bd96ed49	(untitled)	catalog	38	214.76	ffprobe-duration	false	estimated-spread	pass	0
1a7174d9-5a96-48f4-8450-a514eb467683	(untitled)	catalog	37	198.88	ffprobe-duration	false	estimated-spread	pass	0
ed23ef25-ed22-4f98-8326-7048a173f950	जय हिन्द – जय हिन्द के नारे त	catalog	37	309.8	ffprobe-duration	false	estimated-spread	pass	0
984da1fd-8ce8-4e3a-953a-94ebfd0fae42	लौट के आ रे श्याम सलोना	catalog	48	296.96	ffprobe-duration	false	estimated-spread	pass	0
f770f15f-5b74-4116-991f-95e607edeadf	(untitled)	catalog	48	257.96	ffprobe-duration	false	estimated-spread	pass	0
fd028fa8-b2c3-4b4c-9be6-18aa0f01f0a6	Syntyi aurinko	catalog	91	356	ffprobe-duration	false	estimated-spread	pass	0
d179411b-b485-440d-ac8b-79a778b6b189	(untitled)	catalog	41	251.96	ffprobe-duration	false	estimated-spread	pass	0
5202d72f-acdb-4e56-81e2-0cc1456d59d7	लौट के आ रे श्याम सलोना	catalog	41	264.96	ffprobe-duration	false	estimated-spread	pass	0
78a88e07-df27-4c02-b739-c36f5768ab2a	Universal Vedic Cosmic Connect	catalog	91	326.88	ffprobe-duration	false	estimated-spread	pass	0
996a9054-d146-4a5e-adc4-d15be4f5b9d1	(untitled)	catalog	60	241.36	ffprobe-duration	false	estimated-spread	pass	0
234ea386-635d-4c47-901f-8c56d201db27	ॐ हिरण्यगर्भः समवर्तताग्रे	catalog	60	254.96	ffprobe-duration	false	estimated-spread	pass	0
aec7dc35-1ec0-44a4-bb7d-f79a1e7686ce	(untitled)	catalog	89	234.6	ffprobe-duration	false	estimated-spread	pass	0
fcc40853-3fac-4ab3-a1a3-b2d506a7f016	खरोष्ठी का तंत्र	catalog	89	280.84	ffprobe-duration	false	estimated-spread	pass	0
ddac23b1-dc19-495b-9b9c-d830bec759ad	खरोष्ठी का तंत्र	catalog	89	302.24	ffprobe-duration	false	estimated-spread	pass	0
0ef3ebdb-02ca-487a-9448-4fa7858cc0ce	(untitled)	catalog	89	273.84	ffprobe-duration	false	estimated-spread	pass	0
ffdf9645-e582-468d-af7f-75613fbbb25b	(untitled)	catalog	89	295.8	ffprobe-duration	false	estimated-spread	pass	0
6d654c1f-fbca-4c85-ad3c-5033c566c156	(untitled)	catalog	89	299.48	ffprobe-duration	false	estimated-spread	pass	0
93f61d64-57c6-4b30-afcf-5b0bab061bd8	(untitled)	catalog	47	149.96	ffprobe-duration	false	estimated-spread	pass	0
aba5bb64-54f6-4798-8ba8-8bba9a599c53	ॐ नमो भगवते वासुदेवाय	catalog	79	716.16	ffprobe-duration	false	estimated-spread	pass	0
0ea61384-e105-4758-9481-a5ebd3204d19	(untitled)	catalog	79	479.36	ffprobe-duration	false	estimated-spread	pass	0
96ab99cb-c3fa-407f-92e0-a01aca8ea61a	(untitled)	catalog	47	154.96	ffprobe-duration	false	estimated-spread	pass	0
ab212f3f-c109-44ae-9b52-d915ac62f436	(untitled)	catalog	47	159.96	ffprobe-duration	false	estimated-spread	pass	0
8b1a651b-bad0-4fab-99e7-00b34ab4d128	फ़िक्सिट फ़िक्सिट फ़िक्सिट	catalog	47	169.72	ffprobe-duration	false	estimated-spread	pass	0
5eb33a33-5e7a-423c-bb04-6dd4e31455ce	अटल है ध्रुव	catalog	43	145.24	ffprobe-duration	false	estimated-spread	pass	0
2c95a655-1853-4020-a611-bc4e844aaee0	ॐ नमो भगवते वासुदेवाय	catalog	85	273.32	ffprobe-duration	false	estimated-spread	pass	0
cd0bf69c-c712-497a-a324-4f5ca98fe911	(untitled)	catalog	43	121.76	ffprobe-duration	false	estimated-spread	pass	0
3c9729ee-8720-460f-8d5a-b37b5b52d274	(untitled)	catalog	85	242.04	ffprobe-duration	false	estimated-spread	pass	0
44d6eaee-1e67-4eaf-af1a-1b53349e55f1	(untitled)	catalog	124	317.48	ffprobe-duration	false	estimated-spread	pass	0
b854fd41-d448-436a-9e15-3727d2099aa7	उत्तिष्ठत जाग्रत	catalog	124	325.84	ffprobe-duration	false	estimated-spread	pass	0
bfa3c452-eab1-44c3-9c0a-869f6c15bc26	यही भारत की पहचान।	catalog	84	479.36	ffprobe-duration	false	estimated-spread	pass	0
8782ebf1-5a4b-45ff-9243-bef558d424fc	(untitled)	catalog	84	301.08	ffprobe-duration	false	estimated-spread	pass	0
0feb7548-012f-4367-8ed6-f47fba0f6ae2	(untitled)	catalog	70	202.88	ffprobe-duration	false	estimated-spread	pass	0
da000daa-342d-4df9-89ab-8523bb3b5320	खोल अकल के ढक्कन	catalog	88	304.88	ffprobe-duration	false	estimated-spread	pass	0
8860015e-eb23-42e2-aaee-c4f0344caf19	(untitled)	catalog	88	302.92	ffprobe-duration	false	estimated-spread	pass	0
d15ffb48-0e22-4344-96a5-13c18cb5a67f	खोल अकल के ढक्कन	catalog	70	234.96	ffprobe-duration	false	estimated-spread	pass	0
08672d19-c215-4ff6-ac7c-8273ca45eab0	(untitled)	catalog	55	317.92	ffprobe-duration	false	estimated-spread	pass	0
7aa13792-c537-4535-878c-bd7c7925e869	र भाई र..र..र	catalog	55	403.68	ffprobe-duration	false	estimated-spread	pass	0
94daf0e0-f8b0-4025-b269-39a4f5b63bdc	(untitled)	catalog	83	209.96	ffprobe-duration	false	estimated-spread	pass	0
ec1e421e-953b-4a94-b3d8-1844bc19fcb6	बहम लुगाई का	catalog	74	276.36	ffprobe-duration	false	estimated-spread	pass	0
e521f486-dc2d-450c-ad6b-6dc60c076e3b	आज की बात सुनो रे भाई	catalog	83	240.88	ffprobe-duration	false	estimated-spread	pass	0
a98dfdd6-8325-4c7e-85d1-a763d9a47e83	(untitled)	catalog	74	254.96	ffprobe-duration	false	estimated-spread	pass	0
e9ed9222-9fbc-46ee-8946-506aaa0fa006	(untitled)	catalog	74	196.64	ffprobe-duration	false	estimated-spread	pass	0
9ed3d7a1-f789-4aed-8f87-c21c9ae61bf6	खोल अकल के ढक्कन	catalog	70	259.16	ffprobe-duration	false	estimated-spread	pass	0
d10508db-bd53-40ce-a03c-92f1791b1278	(untitled)	catalog	70	236.88	ffprobe-duration	false	estimated-spread	pass	0
0b19285e-3b76-42bf-80ae-41d8fde84fea	(untitled)	catalog	74	217.92	ffprobe-duration	false	estimated-spread	pass	0
afb6c7b0-fbfc-4889-9c1c-361c8bba3ed4	(untitled)	catalog	7	124.96	ffprobe-duration	false	estimated-spread	pass	0
348fc72d-5a8b-4126-9498-c2f6cafc4a0e	॥ हेमंत अंतर्मन संवाद: आधिकारिक टीज़र स्क्रिप्ट	catalog	7	164.96	ffprobe-duration	false	estimated-spread	pass	0
22166f36-f1c8-4ca9-9452-f76ee29ff8c9	(untitled)	catalog	7	167.2	ffprobe-duration	false	estimated-spread	pass	0
92631fc4-6b9e-4dd2-9cd4-83870b8d3d71	(untitled)	catalog	7	117.68	ffprobe-duration	false	estimated-spread	pass	0
e2588540-4aee-4cff-a2d9-023f8e4c0e98	(untitled)	catalog	7	130.36	ffprobe-duration	false	estimated-spread	pass	0
bfac316f-83ab-44b3-8c61-080c6de6c036	॥ हेमंत अंतर्मन संवाद: आधिकारिक टीज़र स्क्रिप्ट	catalog	7	194.96	ffprobe-duration	false	estimated-spread	pass	0
ba695ae4-1b95-4193-b8db-5a873b79c6c4	म्हारी माता के मस्तक पे	catalog	76	282.88	ffprobe-duration	false	estimated-spread	pass	0
2f477298-ce1a-472e-b84b-8930b9c66478	(untitled)	catalog	76	244.92	ffprobe-duration	false	estimated-spread	pass	0
30bf75e7-10f6-4308-b4ee-87d52c599e1a	(untitled)	catalog	54	214.48	ffprobe-duration	false	estimated-spread	pass	0
b30f1dc1-1d59-41dd-af90-dedba164ed3f	【प्रस्तावना – ब्रह्मांड का मंच】	catalog	101	302.28	ffprobe-duration	false	estimated-spread	pass	0
1f885a53-57ed-448b-b0b6-c3c53c8504d9	यु हर हर हर हर महादेव	catalog	54	269.96	ffprobe-duration	false	estimated-spread	pass	0
33ebe00e-d888-4500-be76-653588dca063	【प्रस्तावना – ब्रह्मांड का मंच】	catalog	113	314.56	ffprobe-duration	false	estimated-spread	pass	0
c76edf13-95b3-42c3-b51e-44b0d31a10dc	(untitled)	catalog	101	302.28	ffprobe-duration	false	estimated-spread	pass	0
2c90ee6b-74e3-4d2e-9843-9b5fb835b297	(untitled)	catalog	113	280.52	ffprobe-duration	false	estimated-spread	pass	0
42598efd-76d4-4683-87c1-176aa832b4ba	(untitled)	catalog	125	299.96	ffprobe-duration	false	estimated-spread	pass	0
bb7e2b90-d7ca-49b6-9135-fe4251447df2	【प्रस्तावना – ब्रह्मांड का मंच】	catalog	125	319.92	ffprobe-duration	false	estimated-spread	pass	0
e569c9e8-b660-4a47-83ea-2a36219c3cbd	[Intro – Cosmic Awakening】	catalog	95	281.88	ffprobe-duration	false	estimated-spread	pass	0
915943e4-087a-4961-9b3c-e24b00c223b8	(untitled)	catalog	95	278.48	ffprobe-duration	false	estimated-spread	pass	0
ab674c75-8585-4fd0-89ae-715906b3f772	Cosmic Awakening】	catalog	96	286.76	ffprobe-duration	false	estimated-spread	pass	0
a27569a5-0751-4d15-842c-63a1adffb59c	जाग ओ धरती के वंशज	catalog	98	369.68	ffprobe-duration	false	estimated-spread	pass	0
2b8896a5-71c2-4521-b7e8-8a07648444d3	(untitled)	catalog	96	273.68	ffprobe-duration	false	estimated-spread	pass	0
01105ba5-4a3d-4314-8720-0437796ffc45	नम्मा	catalog	92	479.36	ffprobe-duration	false	estimated-spread	pass	0
1f500bc8-f5ba-4d2c-8156-b182c9b0b46b	(untitled)	catalog	98	343.84	ffprobe-duration	false	estimated-spread	pass	0
5b8abaaa-7c56-450e-acfc-00b012e50990	Frère Jacques	catalog	61	207.16	ffprobe-duration	false	estimated-spread	pass	0
7960d8d5-9742-4fb2-9329-3efae9f39d73	(untitled)	catalog	92	427.4	ffprobe-duration	false	estimated-spread	pass	0
a93223c5-90c5-469e-aa1d-602c99611cf7	Frère Jacques	catalog	66	239.96	ffprobe-duration	false	estimated-spread	pass	0
92279913-e9a8-4341-a4cc-19bd11b142ec	(untitled)	catalog	61	196.96	ffprobe-duration	false	estimated-spread	pass	0
5d4e5f42-752b-4d9c-b766-2969cd7ad903	(untitled)	catalog	66	204.76	ffprobe-duration	false	estimated-spread	pass	0
f4ffd57d-7c3c-440f-814c-1f4307fefb61	(untitled)	catalog	78	177.4	ffprobe-duration	false	estimated-spread	pass	0
7153c43c-d1d0-4621-8af5-edb81572ef1b	(untitled)	catalog	78	212.52	ffprobe-duration	false	estimated-spread	pass	0
298d61be-50b0-46d5-b063-082b1afd7c3a	(untitled)	catalog	78	202	ffprobe-duration	false	estimated-spread	pass	0
0dfca798-d9bf-41eb-ad1b-fea2ddd3e6fb	(untitled)	catalog	78	249.72	ffprobe-duration	false	estimated-spread	pass	0
108c7fe6-6dd1-4e66-92d8-25403bb67a40	सात-ति चोरे दूँड़ बाये	catalog	78	227.8	ffprobe-duration	false	estimated-spread	pass	0
222f41c8-19ab-42d9-b87c-ca9c4c818caa	खोकन खोकन कोरे माय	catalog	78	263.68	ffprobe-duration	false	estimated-spread	pass	0
431ccd3f-faa0-48e0-9e03-34be24b470aa	खोकन खोकन कोरे माय	catalog	79	289.88	ffprobe-duration	false	estimated-spread	pass	0
94ff85f6-fcbf-4004-a7df-5a2b9b6d95eb	(untitled)	catalog	79	263.24	ffprobe-duration	false	estimated-spread	pass	0
711f7e2e-f0b6-4c14-8e99-e10c4e480b9e	दौड़ में सब जीत लिया	catalog	38	182.64	ffprobe-duration	false	estimated-spread	pass	0
a922b75d-8465-4cea-b908-b28e65969c56	(untitled)	catalog	69	197.28	ffprobe-duration	false	estimated-spread	pass	0
0eb2d750-cbc8-4f32-a693-53d8d313e086	(untitled)	catalog	38	155.64	ffprobe-duration	false	estimated-spread	pass	0
3c45f08c-6f36-47fd-a968-8b739875b98a	दौड़ में सब जीत लिया	catalog	38	217.68	ffprobe-duration	false	estimated-spread	pass	0
a83302ba-61f6-48d3-98d6-d5f17a0e49b8	(untitled)	catalog	38	194.24	ffprobe-duration	false	estimated-spread	pass	0
df23e9c7-8898-438c-92a6-49d15136beca	सत्य सनातन वैज्ञानिक का ज्ञान	catalog	69	248.72	ffprobe-duration	false	estimated-spread	pass	0
44ef161a-fd07-43af-bc23-c78ad8ea773f	(untitled)	catalog	70	199.96	ffprobe-duration	false	estimated-spread	pass	0
b3268cd7-82f5-4cbe-97e3-68d735616d14	सत्य सनातन वैज्ञानिक का ज्ञान	catalog	70	219.92	ffprobe-duration	false	estimated-spread	pass	0
b7d087b3-1e0d-4990-b8aa-4710ea0af909	(untitled)	catalog	69	209	ffprobe-duration	false	estimated-spread	pass	0
31740e34-6f43-4223-91e9-739374878a3d	(untitled)	catalog	69	199.72	ffprobe-duration	false	estimated-spread	pass	0
297597bc-b729-4b1f-9b1b-9f422c20d617	(untitled)	catalog	61	168.68	ffprobe-duration	false	estimated-spread	pass	0
e11f34b8-6597-49cb-b8ab-c265596a828d	सत्य सनातन वैज्ञानिक का ज्ञान	catalog	69	211.32	ffprobe-duration	false	estimated-spread	pass	0
dbe4cfd2-9ac6-4fc5-a67c-a5ac9669c690	(untitled)	catalog	68	201.88	ffprobe-duration	false	estimated-spread	pass	0
5da37790-97be-4139-ab9a-d1a6c5dd24c0	सत्य सनातन वैज्ञानिक का है ज्ञान	catalog	69	204.88	ffprobe-duration	false	estimated-spread	pass	0
da37bf5f-f038-4cf4-a836-c5d2c6c74a9c	सत्य सनातन का है ज्ञान	catalog	68	209.48	ffprobe-duration	false	estimated-spread	pass	0
471fdd7d-17b3-4d7b-a282-303be24251d5	सत्य सनातन का है ज्ञान	catalog	61	186.52	ffprobe-duration	false	estimated-spread	pass	0
35380dae-bb24-481e-a416-af515d22edc3	(untitled)	catalog	57	172.4	ffprobe-duration	false	estimated-spread	pass	0
7140414f-9a6d-4f4c-a9e6-ebaf4c61009e	सत्य सनातन का है ज्ञान	catalog	57	204.52	ffprobe-duration	false	estimated-spread	pass	0
668f75f1-428a-476d-9bed-614ad964053e	सत्य सनातन का है ज्ञान	catalog	56	174.96	ffprobe-duration	false	estimated-spread	pass	0
a6a27e86-3c84-453d-8d74-eeedd44ba048	(untitled)	catalog	56	174.48	ffprobe-duration	false	estimated-spread	pass	0
811a9828-7ae3-4fc9-ba2c-9d1c523520c5	सत्य सनातन का है ज्ञान	catalog	71	359.44	ffprobe-duration	false	estimated-spread	pass	0
67c23492-7a85-457e-a73a-8686f0dd0aec	(untitled)	catalog	10	107.4	ffprobe-duration	false	estimated-spread	pass	0
89ba03d5-ee75-473b-b331-4013c130a44a	(untitled)	catalog	71	232.44	ffprobe-duration	false	estimated-spread	pass	0
4683717a-d5df-4665-836e-b5252b9bb43f	नियमों का हऊआ और सत्य की जड़ें	catalog	10	118.48	ffprobe-duration	false	estimated-spread	pass	0
0137e680-bb96-4a04-9603-b48b321e35e1	मात-पिता का मान रखो	catalog	52	209.72	ffprobe-duration	false	estimated-spread	pass	0
12c44280-e16c-405e-92e1-fb9989b71037	(untitled)	catalog	52	202.92	ffprobe-duration	false	estimated-spread	pass	0
90e901c9-4ec2-40b0-af7f-1e81570ae502	(untitled)	catalog	52	144.6	ffprobe-duration	false	estimated-spread	pass	0
a986c2c7-138a-4786-8d1f-79fa9f4a8d8d	सत्य सनातन का है ज्ञान	catalog	16	53.4	ffprobe-duration	false	estimated-spread	pass	0
a9f1f04b-bcc9-49ba-b1b1-d71abc204a0c	(untitled)	catalog	52	126.24	ffprobe-duration	false	estimated-spread	pass	0
6566cc36-9229-4c37-9ea5-5692ffbf2526	(untitled)	catalog	16	52.4	ffprobe-duration	false	estimated-spread	pass	0
99753716-34be-4a43-80b6-7c8bf416bb3e	(untitled)	catalog	96	189.08	ffprobe-duration	false	estimated-spread	pass	0
ad5b8312-e863-4629-adf2-a05966aee8a3	Force equals	catalog	96	232.2	ffprobe-duration	false	estimated-spread	pass	0
643bbbac-2567-4efb-9f3a-50ac19ce3cd3	(untitled)	catalog	70	188.08	ffprobe-duration	false	estimated-spread	pass	0
79c218fd-2902-4029-acdf-6a572e2d09a0	ॐ नादब्रह्माय नमः	catalog	70	211.76	ffprobe-duration	false	estimated-spread	pass	0
5e5636bf-1737-4f24-b7f7-cef44e0f22fe	(untitled)	catalog	86	158	ffprobe-duration	false	estimated-spread	pass	0
c25688a0-b774-48e2-8998-c9783f0d195f	Siddhaṃ + Sanskrit Chant	catalog	86	211.16	ffprobe-duration	false	estimated-spread	pass	0
11b2b802-1595-456f-899e-cc1e79f05185	ॐ नादब्रह्माय नमः	catalog	79	129.96	ffprobe-duration	false	estimated-spread	pass	0
f19142fa-b005-4281-857e-bae5435451ca	(untitled)	catalog	79	124.96	ffprobe-duration	false	estimated-spread	pass	0
7837396f-b847-4359-b544-5774ac2f5daa	Cosmic Chant	catalog	85	198.48	ffprobe-duration	false	estimated-spread	pass	0
e6510e78-0f69-43f6-9923-8163b91fc272	(untitled)	catalog	85	184.92	ffprobe-duration	false	estimated-spread	pass	0
0e0098d4-f9c4-4d28-b3f0-20f38ba73e36	(untitled)	catalog	42	147.24	ffprobe-duration	false	estimated-spread	pass	0
f5bedf87-fc25-478b-94ad-3e18b12e6ba2	आयी आयी आयी	catalog	42	183.32	ffprobe-duration	false	estimated-spread	pass	0
8637c70f-2e69-4d3c-8902-20a2dbdbf3a3	(untitled)	catalog	40	94.88	ffprobe-duration	false	estimated-spread	pass	0
ffa5cf10-0865-4bac-9d60-f37822b2f922	Verse 1	catalog	40	132.72	ffprobe-duration	false	estimated-spread	pass	0
0d3d2d6f-939b-4d8a-bf49-2b1e080d944e	Replace 01:09-01:09 (06:30 AM Mar 12)	catalog	49	30	ffprobe-duration	false	estimated-spread	pass	0
cf70934b-58c5-4191-91e7-de0bd63362c4	उसका कौन कफ़न करो	catalog	49	30	ffprobe-duration	false	estimated-spread	pass	0
b876868f-7ad9-437c-8a9a-985c1e15869d	ॐ नाद ब्रह्माय नमः	catalog	115	231.92	ffprobe-duration	false	estimated-spread	pass	0
b4587005-bec9-4fd3-be9a-f8a9704d9c09	ॐ नाद ब्रह्माय नमः	catalog	74	232.4	ffprobe-duration	false	estimated-spread	pass	0
32f65fcc-9867-4491-9f3f-f79076b657df	आयी आयी आयी	catalog	115	240	ffprobe-duration	false	estimated-spread	pass	0
d9cce68e-a94b-4ad4-baaa-f327f7b3b857	“न मा	catalog	28	111.8	ffprobe-duration	false	estimated-spread	pass	0
a4e0a7f3-9d30-4d38-917f-7152d7ab7cbb	ॐ नाद ब्रह्माय नमः	catalog	28	106.72	ffprobe-duration	false	estimated-spread	pass	0
1daf1c07-046b-424d-8daa-53684e2182dd	शब्दों का खेल है	catalog	74	240	ffprobe-duration	false	estimated-spread	pass	0
506a890d-db34-4aca-a456-9943e1467713	संस्कृत देव	catalog	36	122.44	ffprobe-duration	false	estimated-spread	pass	0
5f3c39b1-4e21-4da6-8fec-d0305d37cfd8	ॐ नाद ब्रह्माय नमः	catalog	36	119.16	ffprobe-duration	false	estimated-spread	pass	0
3dea2c46-9d5a-402e-9058-77e26312bb54	(untitled)	catalog	76	247.76	ffprobe-duration	false	estimated-spread	pass	0
bc3038d3-816b-4879-aa78-6815db0853df	शब्दों का खेल है	catalog	76	260.72	ffprobe-duration	false	estimated-spread	pass	0
3741f8d9-ee63-459b-8ebe-01454f706d38	(untitled)	catalog	0	NULL	NULL	false	NULL	no-cues	0
5d0161fa-6647-4a40-be7e-121a88d2b2a3	शब्दों का खेल है	catalog	51	161.32	ffprobe-duration	false	estimated-spread	pass	0
fabdd7cf-3445-4b3f-8bd3-d5df256ebc2b	आयी आयी आयी	catalog	51	174.8	ffprobe-duration	false	estimated-spread	pass	0
25982a1c-a0b7-4bdc-9d4c-c685bb4d58d2	(untitled)	catalog	60	223.12	ffprobe-duration	false	estimated-spread	pass	0
474b5afb-1073-42d4-a1b5-16fbfdce636d	(untitled)	catalog	51	169.96	ffprobe-duration	false	estimated-spread	pass	0
b7c30d72-6ce4-4dcf-a098-a08b77b3c805	(untitled)	catalog	0	NULL	NULL	false	NULL	no-cues	0
17d23524-7ba8-4e59-a60c-3536c34d0a1b	भर्गो देवस्य धीमहि	catalog	60	259.84	ffprobe-duration	false	estimated-spread	pass	0
a4e69def-6d0d-4f12-8718-029de266a4a2	भर्गो देवस्य धीमहि	catalog	73	403.2	ffprobe-duration	false	estimated-spread	pass	0
b3551c59-d528-429c-a6a6-0768b5981845	उत्कर्ष का आभास है	catalog	28	151.52	ffprobe-duration	false	estimated-spread	pass	0
319ac1b1-c380-4dbf-a2d5-8b7855354317	ईश्वर अल्ला दो थे भाई	catalog	44	127.52	ffprobe-duration	false	estimated-spread	pass	0
a25c876c-0e32-4071-a0f7-7e5cc6bfae69	muniya	catalog	28	147.32	ffprobe-duration	false	estimated-spread	pass	0
764eab1d-f307-4665-bfc4-feb4bbb042a4	muniya	catalog	51	124.2	ffprobe-duration	false	estimated-spread	pass	0
ced1ef9f-bfc6-4a3a-9818-6308807aef1e	muniya	catalog	44	101.48	ffprobe-duration	false	estimated-spread	pass	0
77d02fc3-250d-47bd-bcf8-80f45421948d	ॐ अग्ने सत्यदीपाय नमः	catalog	51	162.36	ffprobe-duration	false	estimated-spread	pass	0
73ebc666-cec7-4c6b-a855-1de4b0db7dc4	Mantra Invocation	catalog	57	154.28	ffprobe-duration	false	estimated-spread	pass	0
920388e7-ef57-4d79-98b1-2a977977bb39	ये दुनिया झूठ का मेला है	catalog	58	144.92	ffprobe-duration	false	estimated-spread	pass	0
b54e87b1-dff9-41bf-969d-e0a19cce756c	muniya	catalog	57	151.8	ffprobe-duration	false	estimated-spread	pass	0
c566f06c-9015-4d31-9d83-5f54111a1d61	muniya	catalog	48	117.84	ffprobe-duration	false	estimated-spread	pass	0
ee7a49e1-a296-4e95-acfb-ff3390b8c92f	muniya	catalog	48	117.4	ffprobe-duration	false	estimated-spread	pass	0
a5ddb660-04fc-46c2-b2b3-145c9da1449e	muniya	catalog	58	129.16	ffprobe-duration	false	estimated-spread	pass	0
fc2e9468-9cb2-4110-8a81-60b45d7424ab	माया का ये जाल है	catalog	48	192.04	ffprobe-duration	false	estimated-spread	pass	0
4bf11224-86d3-49f9-8ddd-60e3375da890	red compare	catalog	48	148.48	ffprobe-duration	false	estimated-spread	pass	0
79b04114-d41e-4c68-9933-4e9a7845ff81	red compare	catalog	56	202.68	ffprobe-duration	false	estimated-spread	pass	0
9e52df79-607c-4e64-9b32-89b97c3e8dc9	तमसो मा ज्योतिर्गमय	catalog	56	237.36	ffprobe-duration	false	estimated-spread	pass	0
767143b0-de77-4777-a7b7-1eee32a17256	red compare	catalog	56	174.92	ffprobe-duration	false	estimated-spread	pass	0
6adf98e7-94d8-4005-a05b-25fbfda301f0	तमसो मा ज्योतिर्गमय	catalog	56	194.96	ffprobe-duration	false	estimated-spread	pass	0
f300c6d7-1406-4536-a0f3-80e6ae23cc66	red compare	catalog	58	100.52	ffprobe-duration	false	estimated-spread	pass	0
2819887e-1ed1-4383-aad3-921d07bae811	जब तक “दो” था ही नहीं	catalog	48	181.4	ffprobe-duration	false	estimated-spread	pass	0
9145668e-e9bf-4d35-967b-50a953dcf0f9	red compare	catalog	48	171.2	ffprobe-duration	false	estimated-spread	pass	0
5b4e7c91-3ba1-403e-8ee8-215dc22f61b3	red compare	catalog	58	116.08	ffprobe-duration	false	estimated-spread	pass	0
dd614877-e23b-45fa-b39a-80fa94764196	red compare	catalog	58	166.4	ffprobe-duration	false	estimated-spread	pass	0
ab8341bb-bf13-42ed-96a7-260d7b78c176	जागो रे जागो	catalog	58	194.96	ffprobe-duration	false	estimated-spread	pass	0
ca2f7d24-dce8-4f7e-8f4d-63b8c399382c	red compare	catalog	32	126.52	ffprobe-duration	false	estimated-spread	pass	0
dfb1bf8b-6966-41d8-b245-3da8220288a9	जरा तुम जाग कर देखो	catalog	32	147.4	ffprobe-duration	false	estimated-spread	pass	0
017eae0e-3187-4026-8476-c835ec9d9c4c	red compare	catalog	56	184.76	ffprobe-duration	false	estimated-spread	pass	0
80c5903a-5fb9-4a5c-b183-abf496ee486c	red compare	catalog	56	176.04	ffprobe-duration	false	estimated-spread	pass	0
c1566bd7-d739-4e75-a23f-eb87d2905be2	कोई बताओ इन रेखाओं को	catalog	56	213.08	ffprobe-duration	false	estimated-spread	pass	0
20ac85f2-c56a-4083-8706-6f1531493cea	red compare	catalog	56	187.12	ffprobe-duration	false	estimated-spread	pass	0
854208c5-1a84-4ed7-b85c-5ecc3dda4952	red compare	catalog	51	179.96	ffprobe-duration	false	estimated-spread	pass	0
12e2bb46-4dc7-475b-8a89-61146e585918	red compare	catalog	51	197.8	ffprobe-duration	false	estimated-spread	pass	0
5d48bd7a-3499-431d-b9e1-a84103c69938	red compare	catalog	51	207.08	ffprobe-duration	false	estimated-spread	pass	0
7b1e3079-09a2-4953-ba2a-ac65c94940f1	रंग लाल लाल लआगे मिठिये	catalog	51	239.84	ffprobe-duration	false	estimated-spread	pass	0
1a47a65a-030c-4a27-ba73-ee86926a4f85	First Comes the Word	catalog	51	204.8	ffprobe-duration	false	estimated-spread	pass	0
dc93e92b-de6b-4f68-be8d-4264d2eaf273	First Comes the Word	catalog	51	202.24	ffprobe-duration	false	estimated-spread	pass	0
5ad16b1e-5925-434b-a035-a9c2a7e1579b	First Comes the Word	catalog	68	208	ffprobe-duration	false	estimated-spread	pass	0
1f40b6c8-ca9d-4b88-8840-de4658f294ac	First Comes the Word	catalog	68	256	ffprobe-duration	false	estimated-spread	pass	0
092a0654-5362-4efb-8bf3-46414fad9d47	रुद्रस्थली पुकारे	catalog	68	264.96	ffprobe-duration	false	estimated-spread	pass	0
44e6cfbe-a991-425e-9a7a-3cfdb7ebe013	First Comes the Word	catalog	68	262.2	ffprobe-duration	false	estimated-spread	pass	0
596518d8-aaa8-4de7-b73b-3b3c96b44600	रुद्रस्थली पुकारे	catalog	74	269.68	ffprobe-duration	false	estimated-spread	pass	0
b13478af-dabb-41ff-be99-296ed703b6f7	First Comes the Word	catalog	74	267.48	ffprobe-duration	false	estimated-spread	pass	0
0ef3d205-739a-4b55-991e-f733b6ea9a29	नासदासीन्नो सदासीत्तदानीं नासीद्रजो नो व्योमापरो	catalog	12	142	ffprobe-duration	false	estimated-spread	pass	0
f15c8e9b-271a-4e48-8fd3-77cedf717209	First Comes the Word	catalog	12	139.92	ffprobe-duration	false	estimated-spread	pass	0
3aee5620-6355-4e7c-8dab-c1e12f9a32dc	सन्दर्भ की परिभाषा	catalog	77	377	ffprobe-duration	false	estimated-spread	pass	0
933572dc-5bc2-4924-9f94-ea6aa0e873c8	🌌 १. सृष्टि से पहले	catalog	77	466.6	ffprobe-duration	false	estimated-spread	pass	0
496810df-e327-42bc-bf1e-1ae6d9f62ca4	सन्दर्भ की परिभाषा	catalog	101	329.52	ffprobe-duration	false	estimated-spread	pass	0
63dee4cd-523c-47e2-a9bd-925baf55aa2d	संस्कृत	catalog	101	335.12	ffprobe-duration	false	estimated-spread	pass	0
10e904b9-006d-4a2f-989d-9d613a84c9d1	सन्दर्भ की परिभाषा	catalog	1	225.4	ffprobe-duration	false	estimated-spread	pass	0
423f80fa-88d7-4cf4-b06d-c284d9d11d66	सन्दर्भ की परिभाषा	catalog	1	219.92	ffprobe-duration	false	estimated-spread	pass	0
9f8f747d-bca4-4422-aeef-8efd76fc5e11	सन्दर्भ की परिभाषा	catalog	18	148.16	ffprobe-duration	false	estimated-spread	pass	0
81730957-69cc-4143-a4a1-ff4f37c7ec2b	सन्दर्भ की परिभाषा	catalog	18	164.68	ffprobe-duration	false	estimated-spread	pass	0
8850934b-cdb1-4254-bedf-83595eb359bb	तुम अनंत सनातन हो	catalog	48	252.88	ffprobe-duration	false	estimated-spread	pass	0
48b87be5-26d7-45e7-8598-8bcfc1de303a	ram ki gilahari	catalog	48	248.36	ffprobe-duration	false	estimated-spread	pass	0
b72a5071-8cf9-4efd-9204-269cc25de272	ram ki gilahari	catalog	76	313.84	ffprobe-duration	false	estimated-spread	pass	0
a25843ec-cf77-404a-ba33-1c77bf208a5f	जय सिया राम	catalog	76	323.6	ffprobe-duration	false	estimated-spread	pass	0
ca288e06-1055-405b-b5d6-0658613608d7	ram ki gilahari	catalog	76	239.96	ffprobe-duration	false	estimated-spread	pass	0
f281e5bc-94e4-4a34-a3f4-601fcbfb4f1b	ram ki gilahari	catalog	76	255.68	ffprobe-duration	false	estimated-spread	pass	0
ff609686-fea5-492d-a625-50aca90796bf	पपिया	catalog	11	151.76	ffprobe-duration	false	estimated-spread	pass	0
1a0e5d48-e452-49c3-aa99-901dbf9b1e23	राम की गिलहरी का एक ही काम	catalog	11	198.28	ffprobe-duration	false	estimated-spread	pass	0
e60a91fa-776c-4076-8d17-2b16fc0b4a46	जय सिया राम	catalog	38	479.36	ffprobe-duration	false	estimated-spread	pass	0
d8019a5d-29e1-445e-a172-633778687c7d	पपिया	catalog	38	339.72	ffprobe-duration	false	estimated-spread	pass	0
52c58392-c320-4d60-9797-60253639ce60	Haryana! Haryana! Scream it out loud	catalog	67	182.28	ffprobe-duration	false	estimated-spread	pass	0
0cd6de16-1e2e-4e49-bd95-27a49a090626	पपिया	catalog	67	156.88	ffprobe-duration	false	estimated-spread	pass	0
088c25b7-9b4d-456c-a60e-be4ae8acd986	पपिया	catalog	67	161.56	ffprobe-duration	false	estimated-spread	pass	0
ecbd67a9-247c-4170-87eb-439355d54dc6	पपिया	catalog	67	157.28	ffprobe-duration	false	estimated-spread	pass	0
36cc152d-9ac7-43e5-aeb4-6739c08f6a5c	जिन्दा रहव जिन्दा रहव	catalog	75	267.52	ffprobe-duration	false	estimated-spread	pass	0
bb19047e-add0-43b2-8a8c-9b3350c0666d	पपिया	catalog	75	259.96	ffprobe-duration	false	estimated-spread	pass	0
f478b032-6f73-4a1e-8e33-cd1862b9037e	सुन	catalog	51	164.96	ffprobe-duration	false	estimated-spread	pass	0
528f2a41-6fab-4d6b-b0f0-45a21fb3cfee	कालिख के भीतर	catalog	51	142.96	ffprobe-duration	false	estimated-spread	pass	0
9bf062dd-ac56-449f-9f77-b6f50d235b4e	दो नयनों के बीच में	catalog	36	175.6	ffprobe-duration	false	estimated-spread	pass	0
38e46be7-3f17-43e1-8de5-3661e8c064e3	कालिख के भीतर	catalog	36	144.76	ffprobe-duration	false	estimated-spread	pass	0
cdb84859-bd8f-43a9-b7f9-6a080b49e779	कालिख के भीतर	catalog	40	179.96	ffprobe-duration	false	estimated-spread	pass	0
6b1f15fd-b06f-4ab7-a74e-dc18eab976cd	अंदर भरी थी कालिख बेमिसाल	catalog	40	204.92	ffprobe-duration	false	estimated-spread	pass	0
281a3e06-5f91-4e59-9fba-f520b47ff2a4	कालिख के भीतर	catalog	40	189.6	ffprobe-duration	false	estimated-spread	pass	0
8ed97e69-ba32-497e-99e6-5f5ffc1208d7	कालिख के भीतर	catalog	40	172.68	ffprobe-duration	false	estimated-spread	pass	0
fb702292-2df5-48c4-a411-e9ef6e6dee7c	तू तो न्यू चाले छोरी	catalog	58	179.76	ffprobe-duration	false	estimated-spread	pass	0
b34894ee-52e3-4cd4-b4f9-5336056b318b	mahadev	catalog	58	171.48	ffprobe-duration	false	estimated-spread	pass	0
40f5ec47-9a5c-45e0-8821-71f32e377d2c	अगड़म बगड़म डिगड़म डू	catalog	53	154.92	ffprobe-duration	false	estimated-spread	pass	0
83393fa5-c5e2-48b7-a6b0-09cfa197cc04	mahadev	catalog	53	140.92	ffprobe-duration	false	estimated-spread	pass	0
5cb1b6d1-c87b-4bd1-a81b-6c2531a63320	mahadev	catalog	41	129.12	ffprobe-duration	false	estimated-spread	pass	0
d5b1f403-2b0e-4ea3-a03a-02ebfcaba03f	शिव की पवन जटा में बसता	catalog	41	130.88	ffprobe-duration	false	estimated-spread	pass	0
d08d5d69-511b-4d16-86f7-9f38fabf7bff	Har har har har har Haryana	catalog	41	65.14	ffprobe-duration	false	estimated-spread	pass	0
a02e5b7b-4082-4379-8728-b47dd277d6bc	mahadev	catalog	44	207.96	ffprobe-duration	false	estimated-spread	pass	0
a1b21d0a-772f-4abb-844b-e635fe83916d	mahadev	catalog	44	224.96	ffprobe-duration	false	estimated-spread	pass	0
a19088bc-7520-4b85-95d9-1c3ea882182e	mahadev	catalog	44	199.96	ffprobe-duration	false	estimated-spread	pass	0
90a76515-aa8d-4b2a-9a7a-71e21acfebe1	sannata	catalog	25	106.92	ffprobe-duration	false	estimated-spread	pass	0
26be0fe7-c291-4924-9ac3-2b083d18f6a7	डमड्डमड्डमड्डमन्निनादवड्डमर्वयं	catalog	44	236.12	ffprobe-duration	false	estimated-spread	pass	0
52e21e25-80af-4053-a195-24884c96e8be	sannata	catalog	25	108.88	ffprobe-duration	false	estimated-spread	pass	0
6815cf49-e461-4ae3-a61f-755b3568de88	माएं तू मान जाइये रि	catalog	30	219.12	ffprobe-duration	false	estimated-spread	pass	0
9255b006-4615-4e25-8de3-371066006607	bhagat ki maa	catalog	30	184.96	ffprobe-duration	false	estimated-spread	pass	0
c7eb6659-3af1-4afd-9c2e-73cd9ddbaa3a	माएं तू मान जाइये रि	catalog	37	261.24	ffprobe-duration	false	estimated-spread	pass	0
bd0e5226-f00f-414a-83dc-c3845c5cfc52	bhagat ki maa	catalog	37	243.24	ffprobe-duration	false	estimated-spread	pass	0
3cfdad3a-c550-43eb-88d3-59f7d788eae5	bhagat ki maa	catalog	37	232.68	ffprobe-duration	false	estimated-spread	pass	0
21f36fd3-91ca-4f6f-a5b9-1a61d8438a3d	bhagat ki maa	catalog	37	243.36	ffprobe-duration	false	estimated-spread	pass	0
cf2b9095-277e-40b6-b9c3-2aca73883c48	मेकाले के जाल में	catalog	38	114	ffprobe-duration	false	estimated-spread	pass	0
7d670bc0-8519-486b-a33c-0bc00f021318	abdul	catalog	16	57	ffprobe-duration	false	estimated-spread	pass	0
5884fc52-aa08-4850-912b-272e7b063c6d	मेकाले के जाल में	catalog	38	97.44	ffprobe-duration	false	estimated-spread	pass	0
03cd6e42-1ff0-486e-a597-17b4f5bf7db8	अब्दुल नहीं है पंचर वाला	catalog	16	77.72	ffprobe-duration	false	estimated-spread	pass	0
c60bddff-5831-45b2-aeda-56c210e42bee	भ्रम का जाल ये दुनिया	catalog	20	79.8	ffprobe-duration	false	estimated-spread	pass	0
a9505c01-2145-47a6-bf34-71f71a1c7798	mooshak	catalog	20	75.64	ffprobe-duration	false	estimated-spread	pass	0
99e3f540-91d6-46d9-a363-a20ab43ac51d	superman	catalog	74	151.16	ffprobe-duration	false	estimated-spread	pass	0
78837c54-c069-4a21-9043-052477368de3	superman	catalog	74	149.44	ffprobe-duration	false	estimated-spread	pass	0
d053cd05-5b69-4079-b2af-485b0e656142	तू है म्हारा सुपरमैन	catalog	74	204.96	ffprobe-duration	false	estimated-spread	pass	0
c964708d-4954-4972-bfd9-eb13399ed835	superman	catalog	74	104.72	ffprobe-duration	false	estimated-spread	pass	0
9a171e56-f4d0-4e86-8dd8-b88e38cfe848	superman	catalog	74	188.6	ffprobe-duration	false	estimated-spread	pass	0
8c4d0b31-24ca-46ea-8d9e-01e80745e77f	superman	catalog	74	144.92	ffprobe-duration	false	estimated-spread	pass	0
c95adbc4-eb40-4508-8a3f-4d9376a62d99	jaleel	catalog	14	196.8	ffprobe-duration	false	estimated-spread	pass	0
1c7fc244-297c-434e-9ae6-57a76707f38d	Nahi hai koi shikva tumse ki tumhari koi nahi kh	catalog	17	141.77	ffprobe-duration	false	estimated-spread	pass	0
177adbe2-a0c9-4531-96cc-8a502ee40194	नहीं है कोई शिकवा उनसे	catalog	14	263.88	ffprobe-duration	false	estimated-spread	pass	0
dbd35f9f-c48b-4228-b9d7-f7c525bfb562	jaleel	catalog	14	134.96	ffprobe-duration	false	estimated-spread	pass	0
928d9daa-71ce-4eb4-8c1e-4c6b141d61e4	jaleel	catalog	14	129.68	ffprobe-duration	false	estimated-spread	pass	0
f2d23578-ceb2-4b60-9c76-13bddb621440	jaleel	catalog	17	186	ffprobe-duration	false	estimated-spread	pass	0
930eee1f-783e-47bf-a120-b800f71460ab	ग़ज़ल	catalog	17	240.44	ffprobe-duration	false	estimated-spread	pass	0
a605a0c4-5252-478d-9425-b0245d9284e9	jaleel	catalog	17	138.24	ffprobe-duration	false	estimated-spread	pass	0
1692dd58-42ff-46e1-886b-d4de131eb0a0	jaleel	catalog	17	119	ffprobe-duration	false	estimated-spread	pass	0
11ca7860-3587-4ba9-ae50-0a75df533e5d	दिल ये फिर भी तुम्हें चाहता है	catalog	65	325.2	ffprobe-duration	false	estimated-spread	pass	0
0c99df73-cc56-439f-a358-0cdbaff0f6f3	del	catalog	65	188.28	ffprobe-duration	false	estimated-spread	pass	0
d5005293-034b-4647-873f-85619d1208d1	del	catalog	0	NULL	NULL	false	NULL	no-cues	0
90a083bf-668c-4356-bc4d-8e8f9a4dbfc0	kewat	catalog	40	265	ffprobe-duration	false	estimated-spread	pass	0
ce3542f2-07bf-4e0e-94d0-849e29cc7cc7	del	catalog	65	238	ffprobe-duration	false	estimated-spread	pass	0
4f8cb656-ad2a-40ae-ba45-ffb7315eeb30	kewat	catalog	40	236.84	ffprobe-duration	false	estimated-spread	pass	0
cc53857c-041f-4d0d-afae-8a762ddc7425	kewat	catalog	40	265	ffprobe-duration	false	estimated-spread	pass	0
13631800-7722-4099-8cdd-7872cc3b56d6	kewat	catalog	40	207.44	ffprobe-duration	false	estimated-spread	pass	0
1774f3f7-a1f2-4c36-b1bd-ddc4ac836ba9	तुम आ कर मेरे भीतर	catalog	16	197.96	ffprobe-duration	false	estimated-spread	pass	0
3f789a12-3090-4729-8e17-03745470ffde	banjara	catalog	16	134.96	ffprobe-duration	false	estimated-spread	pass	0
de7c66a0-7383-4a67-87be-742eaafdc1cb	banjara	catalog	16	89.8	ffprobe-duration	false	estimated-spread	pass	0
4ae291ce-bd61-493c-9ae1-020abe22f194	banjara	catalog	16	74.92	ffprobe-duration	false	estimated-spread	pass	0
e547d7c0-12d6-41a8-bfb3-1a6b84a2f447	(untitled)	catalog	26	202.76	ffprobe-duration	false	estimated-spread	pass	0
d0be1546-ee3d-4e7d-a6ed-bd8e2502a139	मां मेरी	catalog	26	210.52	ffprobe-duration	false	estimated-spread	pass	0
40e5bcc1-b2c0-467d-b3cd-7f4b8310f042	(untitled)	catalog	26	161.4	ffprobe-duration	false	estimated-spread	pass	0
f0f3206d-e731-4bb5-9182-1b17907541b8	(untitled)	catalog	26	179.84	ffprobe-duration	false	estimated-spread	pass	0
manual:f25bd274ffe2	ॐ अग्निमीळे पुरोहितं (Om Agnimile Purohitam)	manual	78	390	estimated-no-audio-duration	false	estimated-spread	pass	0
manual:8a3e48c8c7ad	ॐ नाद ब्रह्माय नमः (Om Naad Brahmaaya Namah - 1)	manual	74	370	estimated-no-audio-duration	false	estimated-spread	pass	0
manual:730a3bbecad8	ॐ नाद ब्रह्माय नमः (Om Naad Brahmaaya Namah)	manual	74	370	estimated-no-audio-duration	false	estimated-spread	pass	0
manual:a3d93d00c402	ॐ पितरों को बुलाओ (Om Pitron Ko Bulao)	manual	74	370	estimated-no-audio-duration	false	estimated-spread	pass	0
manual:375aa381e77b	ॐ प्रभु (Om Prabhu)	manual	49	245	estimated-no-audio-duration	false	estimated-spread	pass	0
manual:c0568dc0c50d	ॐ शांति डिजिटा (Om Shanti Digita - 1)	manual	5	45	estimated-no-audio-duration	false	estimated-spread	pass	0
manual:17297fe3462f	ॐ शांति डिजिटा (Om Shanti Digita)	manual	5	45	estimated-no-audio-duration	false	estimated-spread	pass	0
manual:e2a773a4459a	अगड़म बगड़म (Agdam Bagdam - v2)	manual	53	265	estimated-no-audio-duration	false	estimated-spread	pass	0
manual:7f9e16686a38	अगड़म बगड़म (Agdam Bagdam)	manual	53	265	estimated-no-audio-duration	false	estimated-spread	pass	0
manual:43a4576ba593	अग्निमीळे पुरोहितं (Agnimile Purohitam)	manual	98	490	estimated-no-audio-duration	false	estimated-spread	pass	0
manual:d3d700336afa	अंतर्मन (Antarman)	manual	16	80	estimated-no-audio-duration	false	estimated-spread	pass	0
manual:d149e25a75ec	अनंत सनातन (Anant Sanatan)	manual	48	240	estimated-no-audio-duration	false	estimated-spread	pass	0
manual:81f238655e9e	अनाहत नाद (Anahat Naad)	manual	223	1115	estimated-no-audio-duration	false	estimated-spread	pass	0
manual:eafe721cea66	अपनी ताकत पहचान (Apni Taakat Pehchaan)	manual	88	440	estimated-no-audio-duration	false	estimated-spread	pass	0
manual:5055bde63ab2	अब्दुल पंचर वाला (Abdul Puncture Wala)	manual	16	80	estimated-no-audio-duration	false	estimated-spread	pass	0
manual:7ffbee695f4c	आज की बात सुनो रे (Aaj Ki Baat Suno Re)	manual	83	415	estimated-no-audio-duration	false	estimated-spread	pass	0
manual:0e1b0e4173cc	आवाज़ों की अदालत (Aawazon Ki Adaalat)	manual	29	145	estimated-no-audio-duration	false	estimated-spread	pass	0
manual:a898fec0d551	ईब सताना छोड़ दे (Eeb Sataana Chhod De)	manual	178	890	estimated-no-audio-duration	false	estimated-spread	pass	0
manual:9dea16858b35	एक केवट के ले जाने से (Ek Kewat Ke Le Jaane Se - 1)	manual	40	200	estimated-no-audio-duration	false	estimated-spread	pass	0
manual:5c6efd8624bd	एक केवट के ले जाने से (Ek Kewat Ke Le Jaane Se - v3)	manual	40	200	estimated-no-audio-duration	false	estimated-spread	pass	0
manual:000c62748d50	एक केवट के ले जाने से (Ek Kewat Ke Le Jaane Se)	manual	40	200	estimated-no-audio-duration	false	estimated-spread	pass	0
manual:f75dd1304395	एक प्याला हूँ (Ek Pyala Hoon)	manual	26	130	estimated-no-audio-duration	false	estimated-spread	pass	0
manual:856793505cb0	एकतरफ़ा प्यार (Ektarfa Pyaar)	manual	65	325	estimated-no-audio-duration	false	estimated-spread	pass	0
manual:dcbc3de0c6ff	ओ पिंकी (O Pinky)	manual	27	135	estimated-no-audio-duration	false	estimated-spread	pass	0
manual:24503d90777c	कब तक रहेगा सोता (Kab Tak Rahega Sota - Yaman)	manual	53	265	estimated-no-audio-duration	false	estimated-spread	pass	0
manual:5aab5e2557fa	कान खोल के सुण लो (Kaan Khol Ke Sun Lo)	manual	76	380	estimated-no-audio-duration	false	estimated-spread	pass	0
manual:4e36750b2f6c	काम की कामना (Kaam Ki Kaamna)	manual	26	130	estimated-no-audio-duration	false	estimated-spread	pass	0
manual:32874405773a	कालिख के भीतर (Kaalikh Ke Bheetar - 1)	manual	51	255	estimated-no-audio-duration	false	estimated-spread	pass	0
manual:008e613a4c5a	कालिख के भीतर (Kaalikh Ke Bheetar)	manual	51	255	estimated-no-audio-duration	false	estimated-spread	pass	0
manual:f7c0707ff81e	कुदरू की बेटी नागिन (Kudru Ki Beti Naagin)	manual	41	205	estimated-no-audio-duration	false	estimated-spread	pass	0
manual:234f6c11ed2d	कॉस्मिक चैंट (Cosmic Chant - Intro)	manual	85	425	estimated-no-audio-duration	false	estimated-spread	pass	0
manual:ceb259c146df	खोकन (Khokan)	manual	78	390	estimated-no-audio-duration	false	estimated-spread	pass	0
manual:3e2969afb9c8	गणगौर आई रे (Gangaur Aayi Re)	manual	22	110	estimated-no-audio-duration	false	estimated-spread	pass	0
manual:f87842e577b4	गाढ़ के झंडा ओढ़ तिरंगा (Gaadh Ke Jhanda Odh Tiranga - 1)	manual	62	310	estimated-no-audio-duration	false	estimated-spread	pass	0
manual:c746c750f881	गाढ़ के झंडा ओढ़ तिरंगा (Gaadh Ke Jhanda Odh Tiranga - v3)	manual	37	185	estimated-no-audio-duration	false	estimated-spread	pass	0
manual:47b78ebd0c85	गाढ़ के झंडा ओढ़ तिरंगा (Gaadh Ke Jhanda Odh Tiranga)	manual	62	310	estimated-no-audio-duration	false	estimated-spread	pass	0
manual:56e528129c9c	गाम का छोरा (Gaam Ka Chora)	manual	90	450	estimated-no-audio-duration	false	estimated-spread	pass	0
manual:ef29ee6a85ab	गिद्धों के शहर में (Giddhon Ke Shahar Mein)	manual	39	195	estimated-no-audio-duration	false	estimated-spread	pass	0
manual:d7545a641209	गौसे ल्या दे (Gause Lya De - 1)	manual	99	495	estimated-no-audio-duration	false	estimated-spread	pass	0
manual:92ab0cfb8a19	गौसे ल्या दे (Gause Lya De)	manual	66	330	estimated-no-audio-duration	false	estimated-spread	pass	0
manual:018b0d20270a	घचा घच (Ghacha Ghach)	manual	67	335	estimated-no-audio-duration	false	estimated-spread	pass	0
manual:9eaa6c3603f6	चप्पल-झिड़कियाँ (Chappal-Jhidkiyan)	manual	51	255	estimated-no-audio-duration	false	estimated-spread	pass	0
manual:2b916839f0db	चला आर्यों का टोला (Chala Aaryon Ka Tola)	manual	35	175	estimated-no-audio-duration	false	estimated-spread	pass	0
manual:656386964525	जलील (Jaleel)	manual	17	85	estimated-no-audio-duration	false	estimated-spread	pass	0
manual:a2485b6c053c	जागता कबीर (Jaagta Kabir)	manual	51	255	estimated-no-audio-duration	false	estimated-spread	pass	0
manual:5a2112b8d0c6	जागो रे जागो (Jaago Re Jaago)	manual	58	290	estimated-no-audio-duration	false	estimated-spread	pass	0
manual:fe40cf70e69a	जोगी बंजारा (Jogi Banjara - 1)	manual	26	130	estimated-no-audio-duration	false	estimated-spread	pass	0
manual:f42da27bed59	जोगी बंजारा (Jogi Banjara)	manual	26	130	estimated-no-audio-duration	false	estimated-spread	pass	0
manual:ad801c264461	ढोल नगाड़े बाजन दे (Dhol Nagaade Baajan De)	manual	37	185	estimated-no-audio-duration	false	estimated-spread	pass	0
manual:21ded952c26e	तमसो मा ज्योतिर्गमय (Tamaso Ma Jyotirgamaya)	manual	56	280	estimated-no-audio-duration	false	estimated-spread	pass	0
manual:ecfd8781f9c0	दादा चेन टोरी (Dada Chain Tori)	manual	25	125	estimated-no-audio-duration	false	estimated-spread	pass	0
manual:3ea4e5a02d91	दादा फौजी बनवा दे (Dada Fauji Banwa De - Faux)	manual	52	260	estimated-no-audio-duration	false	estimated-spread	pass	0
manual:c3be55c67885	दादा फौजी बनवा दे (Dada Fauji Banwa De - Kids)	manual	24	120	estimated-no-audio-duration	false	estimated-spread	pass	0
manual:41d26e058309	दादा फौजी बनवा दे (Dada Fauji Banwa De)	manual	53	265	estimated-no-audio-duration	false	estimated-spread	pass	0
manual:728cb774a79a	दिव्य शंखनाद (Divya Shankhnaad)	manual	66	330	estimated-no-audio-duration	false	estimated-spread	pass	0
manual:31e69e8307bb	दो घड़े (Do Ghade)	manual	34	170	estimated-no-audio-duration	false	estimated-spread	pass	0
manual:3782a907c865	धरती का नून (Dharti Ka Noon)	manual	57	285	estimated-no-audio-duration	false	estimated-spread	pass	0
manual:e382e98a8cbd	धूम धूमे (Dhoom Dhoome)	manual	56	280	estimated-no-audio-duration	false	estimated-spread	pass	0
manual:6f5166fd34b0	धूर अम्बरां (Dhoor Ambaraan)	manual	38	190	estimated-no-audio-duration	false	estimated-spread	pass	0
manual:10cfc40a4489	नचिकेता (Nachiketa)	manual	124	620	estimated-no-audio-duration	false	estimated-spread	pass	0
manual:2d49f03399a8	नदी ज्यों मुड़ जाऊं (Nadi Jyon Mud Jaaun)	manual	36	180	estimated-no-audio-duration	false	estimated-spread	pass	0
manual:66e74b3bcca9	नमक सनक (Namak Sanak)	manual	41	205	estimated-no-audio-duration	false	estimated-spread	pass	0
manual:244a9e94b28b	नसीब का ऐलान (Naseeb Ka Ailaan)	manual	61	305	estimated-no-audio-duration	false	estimated-spread	pass	0
manual:63c978b38319	नागिन (Naagin)	manual	41	205	estimated-no-audio-duration	false	estimated-spread	pass	0
manual:4029f6806fb3	न्यू चाले छोरी (Nyu Chaale Chhori)	manual	58	290	estimated-no-audio-duration	false	estimated-spread	pass	0
manual:2eb6f6dc6111	न्यूरल जोगी (Neural Jogi)	manual	22	110	estimated-no-audio-duration	false	estimated-spread	pass	0
manual:d38bec2464d7	पपीहा (Papiha)	manual	75	375	estimated-no-audio-duration	false	estimated-spread	pass	0
manual:1c8698e5860f	पिंकी हंस नंदिनी (Pinky Hans Nandini - 1)	manual	24	120	estimated-no-audio-duration	false	estimated-spread	pass	0
manual:38552500f38d	पिंकी हंस नंदिनी (Pinky Hans Nandini)	manual	24	120	estimated-no-audio-duration	false	estimated-spread	pass	0
manual:897419f3363b	पिया जी तेरी याद (Piya Ji Teri Yaad - Blue)	manual	55	275	estimated-no-audio-duration	false	estimated-spread	pass	0
manual:8993b2c502ff	पिया जी तेरी याद आती है (Piya Ji Teri Yaad Aati Hai)	manual	48	240	estimated-no-audio-duration	false	estimated-spread	pass	0
manual:43de1e309556	पिया जी तेरी याद आवे सै (Piya Ji Teri Yaad Aave Sai)	manual	57	285	estimated-no-audio-duration	false	estimated-spread	pass	0
manual:c90fdaf8b05c	फक्कड़ (Phakkad)	manual	26	130	estimated-no-audio-duration	false	estimated-spread	pass	0
manual:ceaa46c6e1b5	फ़िक्सिट (Fixit)	manual	47	235	estimated-no-audio-duration	false	estimated-spread	pass	0
manual:2338d9645071	फ्यूचर-पास्ट क्लीयरेंस (Future-Past Clearance - 1)	manual	4	45	estimated-no-audio-duration	false	estimated-spread	pass	0
manual:02ff949cf426	फ्यूचर-पास्ट क्लीयरेंस (Future-Past Clearance)	manual	4	45	estimated-no-audio-duration	false	estimated-spread	pass	0
manual:ee1cde8f5a60	फ़्रीक्वेंसी ऑफ़ फ्यूचर-पास्ट (Frequency of Future-Past)	manual	4	45	estimated-no-audio-duration	false	estimated-spread	pass	0
manual:5e8aa698f3d0	बंजारा (Banjara)	manual	16	80	estimated-no-audio-duration	false	estimated-spread	pass	0
manual:22d7eea1dc69	बड़ी पुरानी बात है (Badi Purani Baat Hai - Sarod)	manual	25	125	estimated-no-audio-duration	false	estimated-spread	pass	0
manual:d235f0c36f89	बावल (Bawal - The Global Trance)	manual	56	280	estimated-no-audio-duration	false	estimated-spread	pass	0
manual:3b969850a40b	ब्रज रज (Braj Raj)	manual	46	230	estimated-no-audio-duration	false	estimated-spread	pass	0
manual:2e4626f5ac23	ब्रह्मांड का मंच (Brahmaand Ka Manch - Prastavna 1)	manual	101	505	estimated-no-audio-duration	false	estimated-spread	pass	0
manual:a558786886d1	ब्रह्मांड का मंच (Brahmaand Ka Manch - Prastavna)	manual	113	565	estimated-no-audio-duration	false	estimated-spread	pass	0
manual:92f08175a3bc	ब्रह्मांड जागरण (Cosmic Awakening)	manual	95	475	estimated-no-audio-duration	false	estimated-spread	pass	0
manual:f9374fd190c8	भगत की माँ (Bhagat Ki Maa - 1)	manual	37	185	estimated-no-audio-duration	false	estimated-spread	pass	0
manual:6352c6a0408d	भगत की माँ (Bhagat Ki Maa)	manual	37	185	estimated-no-audio-duration	false	estimated-spread	pass	0
manual:58052db9e915	भ्रम का जाल (Bhram Ka Jaal)	manual	20	100	estimated-no-audio-duration	false	estimated-spread	pass	0
manual:988171036bf8	मच्छरी का उत्तर (Machchari Ka Uttar - Bhaag 3)	manual	168	840	estimated-no-audio-duration	false	estimated-spread	pass	0
manual:aed268d45901	मय्यत (Mayyat)	manual	22	110	estimated-no-audio-duration	false	estimated-spread	pass	0
manual:dcf8fdf11a48	माता (Mata)	manual	89	445	estimated-no-audio-duration	false	estimated-spread	pass	0
manual:1679596b9c7e	मेकाले के जाल में (Macaulay Ke Jaal Mein)	manual	38	190	estimated-no-audio-duration	false	estimated-spread	pass	0
manual:2fd03dd15fe5	मेरा अंतरमन डोले (Mera Antarman Dole)	manual	68	340	estimated-no-audio-duration	false	estimated-spread	pass	0
manual:05629b033e69	मेरे देश (Mere Desh)	manual	71	355	estimated-no-audio-duration	false	estimated-spread	pass	0
manual:36c1360adada	मेरे देश (Mere Desh)	manual	71	355	estimated-no-audio-duration	false	estimated-spread	pass	0
manual:15e9972c447c	मेरे यार प्यारे (Mere Yaar Pyaare - v2)	manual	51	255	estimated-no-audio-duration	false	estimated-spread	pass	0
manual:3877d61b7f01	मेरे यार प्यारे (Mere Yaar Pyaare)	manual	26	130	estimated-no-audio-duration	false	estimated-spread	pass	0
manual:f8ee4a3ac936	म्हारी रीस (Mhaari Rees - v2)	manual	67	335	estimated-no-audio-duration	false	estimated-spread	pass	0
manual:644fb1ee9125	म्हारी रीस (Mhaari Rees)	manual	67	335	estimated-no-audio-duration	false	estimated-spread	pass	0
manual:de14196a77e2	यही भारत की पहचान (Yahi Bharat Ki Pehchaan)	manual	84	420	estimated-no-audio-duration	false	estimated-spread	pass	0
manual:2a09be7a6303	यो यो पंडित (Yo Yo Pandit)	manual	43	215	estimated-no-audio-duration	false	estimated-spread	pass	0
manual:b99d7ca48192	राम की गिलहरी (Ram Ki Gilahari)	manual	76	380	estimated-no-audio-duration	false	estimated-spread	pass	0
manual:ac9ca1ff820a	रिश्ता है (Rishta Hai)	manual	36	180	estimated-no-audio-duration	false	estimated-spread	pass	0
manual:c61138a761fc	रेखाएँ (Rekhayein)	manual	56	280	estimated-no-audio-duration	false	estimated-spread	pass	0
manual:bd08a8d795d0	रेडियो सनातन वैज्ञानिक (Radio Sanatan Vaigyanik - Current)	manual	9	45	estimated-no-audio-duration	false	estimated-spread	pass	0
manual:ea65d5407b01	रेडियो सनातन वैज्ञानिक (Radio Sanatan Vaigyanik - Fallback)	manual	9	45	estimated-no-audio-duration	false	estimated-spread	pass	0
manual:5e6b2d98db10	रेत पर निशाँ (Ret Par Nishaan)	manual	17	85	estimated-no-audio-duration	false	estimated-spread	pass	0
manual:b3a2ea49cdf4	रेत में नमक (Ret Mein Namak)	manual	102	510	estimated-no-audio-duration	false	estimated-spread	pass	0
manual:21c7e3d36542	लाडो बसंती (Lado Basanti)	manual	34	170	estimated-no-audio-duration	false	estimated-spread	pass	0
manual:77c53ab01f29	लुगाई (Lugai)	manual	74	370	estimated-no-audio-duration	false	estimated-spread	pass	0
manual:9727d201b684	लोग कहते हैं (Log Kahte Hain)	manual	48	240	estimated-no-audio-duration	false	estimated-spread	pass	0
manual:b607efe7056f	वर्स वन (Verse One)	manual	40	200	estimated-no-audio-duration	false	estimated-spread	pass	0
manual:f55433b945a3	विक्रम भाई का बोल्या (Vikram Bhai Ka Bolya)	manual	55	275	estimated-no-audio-duration	false	estimated-spread	pass	0
manual:5afdc0562928	वीर था अधीर था (Veer Tha Adheer Tha)	manual	20	100	estimated-no-audio-duration	false	estimated-spread	pass	0
manual:14b05d72dc10	श्वास जागरण (Shvaas Jagran)	manual	88	440	estimated-no-audio-duration	false	estimated-spread	pass	0
manual:e71d312de0c2	सजन धोखेबाज़ (Sajan Dhokhebaaz)	manual	56	280	estimated-no-audio-duration	false	estimated-spread	pass	0
manual:ad64efe16c70	सत्य सनातन का है ज्ञान (Satya Sanatan Ka Hai Gyan)	manual	56	280	estimated-no-audio-duration	false	estimated-spread	pass	0
manual:f28f9c3e851f	सत्य सनातन वैज्ञानिक का ज्ञान (Satya Sanatan Vaigyanik Ka Gyan - 1)	manual	69	345	estimated-no-audio-duration	false	estimated-spread	pass	0
manual:b9c0b94e7d27	सत्य सनातन वैज्ञानिक का ज्ञान (Satya Sanatan Vaigyanik Ka Gyan - 2)	manual	69	345	estimated-no-audio-duration	false	estimated-spread	pass	0
manual:9be5177e9df0	सत्य सनातन वैज्ञानिक का ज्ञान (Satya Sanatan Vaigyanik Ka Gyan)	manual	69	345	estimated-no-audio-duration	false	estimated-spread	pass	0
manual:104295b0d9c4	सन्दर्भ की परिभाषा (Sandarbh Ki Paribhasha)	manual	18	90	estimated-no-audio-duration	false	estimated-spread	pass	0
manual:5be8dd892464	सन्नाटा (Sannata - 1)	manual	25	125	estimated-no-audio-duration	false	estimated-spread	pass	0
manual:50959f2157c5	सन्नाटा (Sannata)	manual	25	125	estimated-no-audio-duration	false	estimated-spread	pass	0
manual:d604a5d534f0	साँस मेरी देख (Saans Meri Dekh)	manual	23	115	estimated-no-audio-duration	false	estimated-spread	pass	0
manual:c28e8a72a4b9	साँस मैंने देखीये (Saans Maine Dekhiye)	manual	40	200	estimated-no-audio-duration	false	estimated-spread	pass	0
manual:f20577c126ed	सिद्धं संस्कृत चैंट (Siddham Sanskrit Chant - Intro)	manual	86	430	estimated-no-audio-duration	false	estimated-spread	pass	0
manual:1f653515b43b	सुन ले तू छोरी (Sun Le Tu Chhori - Whisper)	manual	93	465	estimated-no-audio-duration	false	estimated-spread	pass	0
manual:164ce13980c2	सुन ले तू छोरी (Sun Le Tu Chhori)	manual	68	340	estimated-no-audio-duration	false	estimated-spread	pass	0
manual:732d1b641dc1	सुनो री सखियों (Suno Ri Sakhiyon)	manual	10	50	estimated-no-audio-duration	false	estimated-spread	pass	0
manual:9ae2cc3b460d	हनुमान सिंड्रोम (Hanuman Syndrome)	manual	70	350	estimated-no-audio-duration	false	estimated-spread	pass	0
manual:c8a70d4a7e7e	हर हर हरयाणा (Har Har Haryana)	manual	41	205	estimated-no-audio-duration	false	estimated-spread	pass	0
manual:b10bcacff225	हाय लुगाई (Haay Lugai - Jogi)	manual	89	445	estimated-no-audio-duration	false	estimated-spread	pass	0
manual:995c60842eb7	हिरण्यगर्भ (Hiranyagarbha)	manual	91	455	estimated-no-audio-duration	false	estimated-spread	pass	0
manual:aebbae2ae519	हेमंत ऋतु की तलाश (Hemant Ritu Ki Talaash)	manual	38	190	estimated-no-audio-duration	false	estimated-spread	pass	0
