id	kind	title	station	theme	language	styleSanitized	promptLineCount	lyricLineCount	timingBasis	timingVerified	primaryLyricsSource
2f332d7d-3202-4e03-ac8e-c8c057223685	catalog-track	छट का दिन	gurukul	Other / Misc	Hindi	NULL	34	34	ffprobe-duration	false	_radio_index/suno_backup/lyrics/2026-05-24_2f332d7d_छट का दिन.txt
2bfbe15e-ac6a-487e-94bd-f535bdbe9f7a	catalog-track	हनु मूड खाने	gurukul	Other / Misc	Hindi	Genre: Indian folk rock, devotional chanting, fast tempo, dholak and tabla rhythm, energetic male vocal; Verse 1 - Rap style, rhythmic; Chorus - Melodic, rising energy; Verse 2 - Medium tempo, mysterious; Bridge - Slow, building tension; Climax - High energy, full folk orchestra	38	38	ffprobe-duration	false	_radio_index/suno_backup/lyrics/2026-05-24_2bfbe15e_हनु मूड खाने.txt
86fe2a68-593c-4b20-a76a-d0f504f89943	catalog-track	हट हट हट होनी तू हट	kabir-clubbing	Bhakti & Katha	Hindi	Bhakti & Katha	34	34	ffprobe-duration	false	_radio_index/suno_backup/lyrics/2026-05-24_86fe2a68_छट का दिन.txt
974ae0bf-c90c-47bb-803a-18160360bc54	catalog-track	हट हट हट होनी तू हट	kabir-clubbing	Bhakti & Katha	Hindi	Bhakti & Katha	38	38	ffprobe-duration	false	_radio_index/suno_backup/lyrics/2026-05-24_974ae0bf_हनु की पटक.txt
75291d2d-784d-46f7-8c5a-774e99eb3e3e	catalog-track	सिंहिका पथ दियाये केतु भागे भटका भटक	kabir-clubbing	Bhakti & Katha	Hindi	Bhakti & Katha; Genre: Indian folk rock, devotional chanting, fast tempo, dholak and tabla rhythm, energetic male vocal; Verse 1 - Rap style, rhythmic; Chorus - Melodic, rising energy; Verse 2 - Medium tempo, mysterious; Bridge - Slow, building tension; Climax - High energy, full folk orchestra	38	38	ffprobe-duration	false	_radio_index/suno_backup/lyrics/2026-05-24_75291d2d_हनु मूड खाने.txt
fa8592bb-2d3c-443d-aaf7-9882825a0f19	catalog-track	हनु की पटक	gurukul	Other / Misc	Hindi	फंक	38	38	ffprobe-duration	false	_radio_index/suno_backup/lyrics/2026-05-24_fa8592bb_हनु की पटक.txt
4ddbdc9c-240c-4e5d-8b50-ee61576d136e	catalog-track	हट हट हट होनी तू हट	kabir-clubbing	Bhakti & Katha	Hindi	Bhakti & Katha	45	45	ffprobe-duration	false	_radio_index/suno_backup/lyrics/2026-05-24_4ddbdc9c_स्वरभानु माँ सिखाए.txt
01e30f52-01cf-403d-af40-041dac751bd0	catalog-track	स्वरभानु माँ सिखाए	gurukul	Other / Misc	Hindi	NULL	45	45	ffprobe-duration	false	_radio_index/suno_backup/lyrics/2026-05-24_01e30f52_स्वरभानु माँ सिखाए.txt
25e7d717-7de7-45e6-8f5e-c53ef846cac3	catalog-track	छत-छट ताल	gurukul	Other / Misc	Hindi	NULL	30	29	ffprobe-duration	false	_radio_index/suno_backup/lyrics/2026-05-24_25e7d717_छत-छट ताल.txt
30e92ffe-423f-48cf-9e93-5fd9bb7113c1	catalog-track	विज़ुअल: अंतरिक्ष में तैरते हुए ३३-डिजिट संख्या	sanaatana-vaigyaniq	Sanatan & Vedic	Sanskrit	Sanatan & Vedic	30	29	ffprobe-duration	false	_radio_index/suno_backup/lyrics/2026-05-24_30e92ffe_छत-छट ताल.txt
d5f6d9bc-5c76-48d6-859d-957ef84f79b3	catalog-track	हनुमान-अनुमान छट	sanaatana-vaigyaniq	Sanatan & Vedic	Sanskrit	Heavy cinematic Vedic metal-phonk epic, 115 to 142 BPM, roaring traditional dhol	28	28	ffprobe-duration	false	_radio_index/suno_backup/lyrics/2026-05-24_d5f6d9bc_हनुमान-अनुमान छट.txt
1bb556f0-a4fb-4994-9096-3ab4f66de0b8	catalog-track	विज़ुअल: अंतरिक्ष में घूमते सूर्य और ग्रहों के ब	sanaatana-vaigyaniq	Sanatan & Vedic	Sanskrit	Sanatan & Vedic	28	28	ffprobe-duration	false	_radio_index/suno_backup/lyrics/2026-05-24_1bb556f0_हनुमान-अनुमान छट.txt
ada89c81-d8fa-4ec0-9938-d9435397b7cd	catalog-track	हा... हू... हौ... हन्... हनु... हनु... हनु... मा	sanaatana-vaigyaniq	Sanatan & Vedic	Sanskrit	Sanatan & Vedic; (Chorus Drop - Aggressive 'Chhat!' strike):	29	21	ffprobe-duration	false	_radio_index/suno_backup/lyrics/2026-05-24_ada89c81_३३-डिजिट नियॉन.txt
a24721b3-51c9-48b8-997b-0aab5ae3f158	catalog-track	Vocals : "हा... हू... हौ... हन्... हनु... हनु...	kabir-clubbing	Bhakti & Katha	English	Bhakti & Katha	7	4	ffprobe-duration	false	_radio_index/suno_backup/lyrics/2026-05-24_a24721b3_ह्-हनु अनुमान.txt
39c60af7-873d-464c-ab83-86a116aa3a19	catalog-track	ह्-हनु अनुमान	kabir-clubbing	Rap & Fusion	Hindi	Fast-paced hyper-articulated phonetic staccato trap-folk, 115 BPM, rapid rhythmi	7	4	ffprobe-duration	false	_radio_index/suno_backup/lyrics/2026-05-24_39c60af7_ह्-हनु अनुमान.txt
0691bbaf-1f16-453a-9c00-0eecd71d1e14	catalog-track	३३-डिजिट नियॉन	sanaatana-vaigyaniq	Sanatan & Vedic	Sanskrit	Hyper-aggressive cinematic Vedic folk-hop epic, 115 BPM, rapid-fire phonetic sta; (Chorus Drop - Aggressive 'Chhat!' strike):	29	21	ffprobe-duration	false	_radio_index/suno_backup/lyrics/2026-05-24_0691bbaf_३३-डिजिट नियॉन.txt
5873f9a6-c7cc-475b-8560-a6200c367731	catalog-track	हनु-मान् हनु	gurukul	Other / Misc	Hindi	[Style of Music: Global Sovereign Calibration] Hyper-dynamic K-12 educational fu; STAGE 2: MIDDLE EMPIRE (Classes 6 to 8) | 125 - 145 BPM; STAGE 3: SECONDARY & BOARD EMPIRE (Classes 9 & 10) | 148 - 150 BPM; STAGE 4: SENIOR SECONDARY APEX (Classes 11 & 12) | 152 - 155 BPM	32	29	ffprobe-duration	false	_radio_index/suno_backup/lyrics/2026-05-24_5873f9a6_हनु-मान् हनु.txt
bcb08d50-076e-4408-ae04-389701191ee3	catalog-track	Vocals : "हा... हू... हौ... हन्... हनु... हनु...	sanaatana-vaigyaniq	Sanatan & Vedic	English	Sanatan & Vedic; STAGE 2: MIDDLE EMPIRE (Classes 6 to 8) | 125 - 145 BPM; STAGE 3: SECONDARY & BOARD EMPIRE (Classes 9 & 10) | 148 - 150 BPM; STAGE 4: SENIOR SECONDARY APEX (Classes 11 & 12) | 152 - 155 BPM	32	29	ffprobe-duration	false	_radio_index/suno_backup/lyrics/2026-05-24_bcb08d50_हनु-मान् हनु.txt
31cd60d6-6b7d-4e15-9847-9c3866d60440	catalog-track	जुग सहस्र जोजन पर भानू	sanaatana-vaigyaniq	Sanatan & Vedic	Sanskrit	Sanatan & Vedic; (Chorus Drop - Sharp 'Chhat!' strike):	29	18	ffprobe-duration	false	_radio_index/suno_backup/lyrics/2026-05-24_31cd60d6_चक्र-इंजन शंखनाद.txt
7333a108-d5a5-4cf4-9e36-6ce6aec10997	catalog-track	Chhat-Chhat Sanaatana	gurukul	Other / Misc	English	NULL	14	13	ffprobe-duration	false	_radio_index/suno_backup/lyrics/2026-05-24_7333a108_Chhat-Chhat Sanaatana.txt
1fe3b620-3a18-4632-b128-12c1b2245f47	catalog-track	Hyper-dynamic Indian electronic folk-pop	sanaatana-vaigyaniq	Sanatan & Vedic	English	Sanatan & Vedic	14	13	ffprobe-duration	false	_radio_index/suno_backup/lyrics/2026-05-24_1fe3b620_Chhat-Chhat Sanaatana.txt
83db2f7e-ae48-418d-9587-c807af8e24e3	catalog-track	चक्र-इंजन शंखनाद	sanaatana-vaigyaniq	Sanatan & Vedic	Sanskrit	Aggressive cinematic Vedic folk-hop epic, 115 BPM, intense traditional Chalisa r; (Chorus Drop - Sharp 'Chhat!' strike):	29	18	ffprobe-duration	false	_radio_index/suno_backup/lyrics/2026-05-24_83db2f7e_चक्र-इंजन शंखनाद.txt
9b8b2f04-0e8b-4270-af63-84bd21bb7574	catalog-track	```text	sanaatana-vaigyaniq	Sanatan & Vedic	English	Sanatan & Vedic	41	34	ffprobe-duration	false	_radio_index/suno_backup/lyrics/2026-05-24_9b8b2f04_द सनातन एक्सप्रेस.txt
1f6a6bc0-d85f-4858-b13d-776e839401cf	catalog-track	द सनातन एक्सप्रेस	sanaatana-vaigyaniq	Sanatan & Vedic	Sanskrit	NULL	41	34	ffprobe-duration	false	_radio_index/suno_backup/lyrics/2026-05-24_1f6a6bc0_द सनातन एक्सप्रेस.txt
ce81e083-36e5-4e52-9024-06159cb42409	catalog-track	काश वो बचपन फिर से लौट आए	kabir-clubbing	Bhakti & Katha	Hindi	Bhakti & Katha; Braj Folk + Funky Pop + Electro Bhangra + Bollywood Dance; Tempo: Fast, 115 BPM, Groovy, Head-nodding beat; Chorus - Catchy & Hook; Post-Chorus - Funky; Final Chorus - High energy	31	28	ffprobe-duration	false	_radio_index/suno_backup/lyrics/2026-05-24_ce81e083_Kash Bachpan Phir.txt
684a2e17-9992-459b-970a-279f3f506e59	catalog-track	Kash Bachpan Phir	gurukul	Other / Misc	English	Braj folk mixed with funky pop. Bollywood dance style. Fast tempo 115 BPM. Male; Braj Folk + Funky Pop + Electro Bhangra + Bollywood Dance; Tempo: Fast, 115 BPM, Groovy, Head-nodding beat; Chorus - Catchy & Hook; Post-Chorus - Funky; Final Chorus - High energy	31	28	ffprobe-duration	false	_radio_index/suno_backup/lyrics/2026-05-24_684a2e17_Kash Bachpan Phir.txt
6d0a9964-c0d3-45cf-925a-c9fa28f97ba3	catalog-track	काश वो बचपन फिर से लौट आए	kabir-clubbing	Bhakti & Katha	Hindi	Bhakti & Katha; Intro - Tabla and Harmonium - Soft; Verse 1 - Raga Bhairav feel; Chorus - Raga Yaman feel; Verse 2 - Raga Hindol feel; Bridge - Spoken word with soft Harmonium; Chorus - Raga MalKauns feel - Higher intensity; Outro - Raga Bhairavi - Soft, Fading; Fade out with Harmonium and Tabla	23	23	ffprobe-duration	false	_radio_index/suno_backup/lyrics/2026-05-24_6d0a9964_छत की चादर.txt
2cde1a1a-4b66-4a74-ba16-bd13a1f93fd4	catalog-track	छत की चादर	sanaatana-vaigyaniq	Classical & Raag	Hindi	[Style: Hindustani Classical + Folk + Bollywood Sad + Acoustic Guitar + Tabla +; Intro - Tabla and Harmonium - Soft; Verse 1 - Raga Bhairav feel; Chorus - Raga Yaman feel; Verse 2 - Raga Hindol feel; Bridge - Spoken word with soft Harmonium; Chorus - Raga MalKauns feel - Higher intensity; Outro - Raga Bhairavi - Soft, Fading; Fade out with Harmonium and Tabla	23	23	ffprobe-duration	false	_radio_index/suno_backup/lyrics/2026-05-24_2cde1a1a_छत की चादर.txt
467d741a-c022-402a-b47d-0a2abb53f043	catalog-track	छत वाला सितारों	sanaatana-vaigyaniq	Classical & Raag	Hindi	[Style: Hindustani Classical + Folk + Bollywood Sad + Acoustic Guitar + Tabla +; Intro - Tabla and Harmonium - Soft; Verse 1 - Raga Bhairav feel; Chorus - Raga Yaman feel; Verse 2 - Raga Hindol feel; Bridge - Spoken word with soft Harmonium; Chorus - Raga MalKauns feel - Higher intensity; Outro - Raga Bhairavi - Soft, Fading; Fade out with Harmonium and Tabla	23	23	ffprobe-duration	false	_radio_index/suno_backup/lyrics/2026-05-24_467d741a_छत वाला सितारों.txt
b1bd425e-a117-432d-81ca-2acb4c87fa00	catalog-track	काश वो बचपन फिर से लौट आए	kabir-clubbing	Bhakti & Katha	Hindi	Bhakti & Katha; Intro - Tabla and Harmonium - Soft; Verse 1 - Raga Bhairav feel; Chorus - Raga Yaman feel; Verse 2 - Raga Hindol feel; Bridge - Spoken word with soft Harmonium; Chorus - Raga MalKauns feel - Higher intensity; Outro - Raga Bhairavi - Soft, Fading; Fade out with Harmonium and Tabla	23	23	ffprobe-duration	false	_radio_index/suno_backup/lyrics/2026-05-24_b1bd425e_छत वाला सितारों.txt
832210ad-c382-4ee4-8099-264df30ef06c	catalog-track	ताल: आदि तीव्र	sanaatana-vaigyaniq	Sanatan & Vedic	Sanskrit	Sanatan & Vedic	128	127	ffprobe-duration	false	_radio_index/suno_backup/lyrics/2026-05-24_832210ad_काली-कलम-का.txt
236a15f1-5e9d-4489-9d6a-28e76211f10f	catalog-track	काली-कलम-का	kabir-clubbing	Naagin & Mystic	Hindi	. 🎵 KA KAA RAHASYA (क का रहस्य) [मृदंगम – – सारंगी संग ] Add sargam notation (	128	127	ffprobe-duration	false	_radio_index/suno_backup/lyrics/2026-05-24_236a15f1_काली-कलम-का.txt
58a470f5-a299-4fb9-b539-f879df9db3c0	catalog-track	🎵 ka kaa rahasya niraalaa	sanaatana-vaigyaniq	Sanatan & Vedic	English	Sanatan & Vedic	99	97	ffprobe-duration	false	_radio_index/suno_backup/lyrics/2026-05-24_58a470f5_कागद काली कलम.txt
d85bffd9-6420-4844-bef4-34a1ed0cfffd	catalog-track	🎵 क का रहस्य निराला	sanaatana-vaigyaniq	Sanatan & Vedic	Sanskrit	Sanatan & Vedic	83	82	ffprobe-duration	false	_radio_index/suno_backup/lyrics/2026-05-24_d85bffd9_काली कलम.txt
2cba3a04-39a7-4cb7-8c74-33800f3a25d7	catalog-track	काली कलम	kabir-clubbing	Naagin & Mystic	Hindi	. 🎵 KA KAA RAHASYA (क का रहस्य) A Narrator-Style Neural Mystical Ballad Directi	83	82	ffprobe-duration	false	_radio_index/suno_backup/lyrics/2026-05-24_2cba3a04_काली कलम.txt
8aee516c-0320-41bb-9f30-695a8a3b34df	catalog-track	कागद काली कलम	gurukul	Other / Misc	Hindi	NULL	99	97	ffprobe-duration	false	_radio_index/suno_backup/lyrics/2026-05-24_8aee516c_कागद काली कलम.txt
3c08a390-57b0-4deb-b710-ffd81cd63cec	catalog-track	Ka Kau Question	kabir-clubbing	Naagin & Mystic	English	🎵 Song: Ka Kaa Rahasya (The Secret of 'Ka') Style: Neural Narrative mystical bal	131	126	ffprobe-duration	false	_radio_index/suno_backup/lyrics/2026-05-24_3c08a390_Ka Kau Question.txt
c086c759-c522-42a2-9718-bf85eb3d3dc7	catalog-track	ekla chalo re... nahi	sanaatana-vaigyaniq	Sanatan & Vedic	English	Sanatan & Vedic	131	126	ffprobe-duration	false	_radio_index/suno_backup/lyrics/2026-05-24_c086c759_Ka Kau Question.txt
0d2391f0-56a0-4e55-b0a6-3054cf623259	catalog-track	Kaahe Kaagaz	gurukul	Other / Misc	English	NULL	112	112	ffprobe-duration	false	_radio_index/suno_backup/lyrics/2026-05-24_0d2391f0_Kaahe Kaagaz.txt
8eb95048-e740-4624-99bf-e1c3293c9dfb	catalog-track	Kaahe Kaagaz	gurukul	Other / Misc	English	NULL	112	112	ffprobe-duration	false	_radio_index/suno_backup/lyrics/2026-05-24_8eb95048_Kaahe Kaagaz.txt
e0c8c103-aedf-4560-a5f1-875275518f0f	catalog-track	Kaal Likhe Kaal	gurukul	Other / Misc	English	NULL	112	112	ffprobe-duration	false	_radio_index/suno_backup/lyrics/2026-05-24_e0c8c103_Kaal Likhe Kaal.txt
da4174c6-2d45-4d98-8050-72dcb85f6fb9	catalog-track	ka kau ke	gurukul	Other / Misc	English	Other / Misc	112	112	ffprobe-duration	false	_radio_index/suno_backup/lyrics/2026-05-24_da4174c6_Kaal Likhe Kaal.txt
f090d601-40e5-4874-b303-4bc84220564c	catalog-track	ka kau ke	sanaatana-vaigyaniq	Sanatan & Vedic	English	Sanatan & Vedic	51	51	ffprobe-duration	false	_radio_index/suno_backup/lyrics/2026-05-24_f090d601_Kaa Rahasya.txt
dec1c74f-f3ae-4b2b-b293-27081aef1c5e	catalog-track	Kaa Rahasya	gurukul	Other / Misc	English	NULL	51	51	ffprobe-duration	false	_radio_index/suno_backup/lyrics/2026-05-24_dec1c74f_Kaa Rahasya.txt
6c05306f-bf60-44fc-9a7c-cd6a8d07190d	catalog-track	छुक-छुक चलती भाषा की गाड़ी	ameerpur	Love & Virah	Hindi	Love & Virah; (Chorus)	28	22	ffprobe-duration	false	_radio_index/suno_backup/lyrics/2026-05-23_6c05306f_छुक-छुक गाडी़.txt
c0a0b8a2-6b5b-4c50-a7d1-5bd85bd7e24d	catalog-track	छुक-छुक गाड़ी	sanaatana-vaigyaniq	Classical & Raag	Hindi	Playful energetic Indian classical folk-pop, 112 BPM, bouncy tech-folk sarangi,; (Chorus)	28	22	ffprobe-duration	false	_radio_index/suno_backup/lyrics/2026-05-23_c0a0b8a2_छुक-छुक गाडी़.txt
8334c7f3-00ab-48e5-8e90-fae9c7898ec4	catalog-track	छुक-छुक भाषा गाड़ी	gurukul	Other / Misc	Hindi	Playful energetic Indian electronic folk-pop, 112 BPM, bouncy tech-folk drums, c; (Chorus)	28	22	ffprobe-duration	false	_radio_index/suno_backup/lyrics/2026-05-23_8334c7f3_छुक-छुक भाषा गाडी़.txt
130d4a7c-79cc-4c0e-827e-a011ef1e0689	catalog-track	छुक-छुक भाषा गाड़ी	gurukul	Other / Misc	Hindi	Playful energetic Indian electronic folk-pop, 112 BPM, bouncy tech-folk drums, c; (Chorus)	28	22	ffprobe-duration	false	_radio_index/suno_backup/lyrics/2026-05-23_130d4a7c_छुक-छुक भाषा गाडी़.txt
935837be-7dfb-4f7d-ae0c-36743a8de966	catalog-track	छुक-छुक चलती भाषा की गाड़ी	ameerpur	Love & Virah	Hindi	Love & Virah; (Chorus)	28	22	ffprobe-duration	false	_radio_index/suno_backup/lyrics/2026-05-23_935837be_छुक-छुक भाषा गाडी़.txt
4de46a49-de10-4bc4-8e89-bded6e92e5e8	catalog-track	छुक-छुक भाषा गाड़ी	gurukul	Other / Misc	Hindi	Playful energetic Indian electronic folk-pop, 112 BPM, bouncy tech-folk drums, c; (Chorus)	28	22	ffprobe-duration	false	_radio_index/suno_backup/lyrics/2026-05-23_4de46a49_छुक-छुक भाषा गाडी़.txt
d3047e94-747e-478b-84d0-ebcd931b6ebf	catalog-track	छुक-छुक कोडिंग गाड़ी	gurukul	Other / Misc	Hindi	Playful energetic Indian electronic folk-pop, 112 BPM, bouncy tech-folk drums, c; (Chorus)	36	30	ffprobe-duration	false	_radio_index/suno_backup/lyrics/2026-05-23_d3047e94_छुक-छुक कोडिंग गाडी़.txt
9438a33e-1869-4686-89f7-2b1b3746fbe8	catalog-track	छुक-छुक चलती कोडिंग की गाड़ी	sanaatana-vaigyaniq	Sanatan & Vedic	Sanskrit	Sanatan & Vedic; (Chorus)	36	30	ffprobe-duration	false	_radio_index/suno_backup/lyrics/2026-05-23_9438a33e_छुक-छुक कोडिंग गाडी़.txt
61a1c2e8-6e9b-4636-b976-9c0a3c82cc60	catalog-track	राजधर्म चक्र	sanaatana-vaigyaniq	Sanatan & Vedic	Sanskrit	Heavy Industrial Drop, Vedic chanting trap mix, fast-paced aggressive rap cadenc; (Chorus)	41	34	ffprobe-duration	false	_radio_index/suno_backup/lyrics/2026-05-23_61a1c2e8_राजधर्म चक्र.txt
2ed5e119-5a3e-4f8f-9802-0b0a921375b4	catalog-track	महामात्य का आदेश सुनो अब	sanaatana-vaigyaniq	Sanatan & Vedic	Sanskrit	Sanatan & Vedic; (Chorus)	41	34	ffprobe-duration	false	_radio_index/suno_backup/lyrics/2026-05-23_2ed5e119_राजधर्म चक्र.txt
0551f9c5-85b2-43c5-a715-b29b3a10df0c	catalog-track	कबीर निर्गुण	kabir-clubbing	Bhakti & Katha	Hindi	Acoustic Neural Trans fused with Raw Crisp Drill Beats, emotional Sufi-Drill voc; (Chorus)	41	34	ffprobe-duration	false	_radio_index/suno_backup/lyrics/2026-05-23_0551f9c5_कबीर निर्गुण.txt
5791e93b-a997-4765-b8d1-c0fcbb88c384	catalog-track	धारानगरी का वो राजा	ameerpur	Desh / Patriotic	Hindi	Desh / Patriotic; (Chorus)	41	33	ffprobe-duration	false	_radio_index/suno_backup/lyrics/2026-05-23_5791e93b_संप्रभुता का डंका.txt
77a40556-adc6-4bd2-bf2d-3bfac249ad2a	catalog-track	मूल्यों के प्रति ये निष्ठा अपनी	kabir-clubbing	Bhakti & Katha	Hindi	Bhakti & Katha; (Chorus)	41	34	ffprobe-duration	false	_radio_index/suno_backup/lyrics/2026-05-23_77a40556_कबीर निर्गुण.txt
c7fabad5-bd6d-4a60-b985-ad0aae6819c3	catalog-track	चणक्य चांदी	kabir-clubbing	Rap & Fusion	Hindi	Aggressive Haryanvi Hyperrap fused with powerful Sufi Qawwali claps, crushing di; (Chorus)	47	39	ffprobe-duration	false	_radio_index/suno_backup/lyrics/2026-05-23_c7fabad5_चणक्य चांदी.txt
f9f70b24-e62f-40a2-b42f-f3a0ba272777	catalog-track	संप्रभुता का डंका	gurukul	Other / Misc	Hindi	Dark Aggressive Cinematic Phonk, heavy brass orchestration, ancient Indian war d; (Chorus)	41	33	ffprobe-duration	false	_radio_index/suno_backup/lyrics/2026-05-23_f9f70b24_संप्रभुता का डंका.txt
fc641c78-b723-4744-a9f0-93ca40542e4f	catalog-track	समाज की खोज का सुनो इतिहास	ameerpur	Haryanvi Folk	Haryanvi	Haryanvi Folk; (Chorus)	47	39	ffprobe-duration	false	_radio_index/suno_backup/lyrics/2026-05-23_fc641c78_चणक्य चांदी.txt
4573b54b-63f0-4dac-9e7a-4ba9ddf8acbc	catalog-track	समाज की खोज का सुनो इतिहास	ameerpur	Haryanvi Folk	Haryanvi	Haryanvi Folk; (Chorus)	20	16	ffprobe-duration	false	_radio_index/suno_backup/lyrics/2026-05-23_4573b54b_चाणक्य सिक्का.txt
e1ec848b-c158-4366-ba75-bb0d12943801	catalog-track	चाणक्य सिक्का	kabir-clubbing	Rap & Fusion	Hindi	Aggressive Haryanvi Hyperrap fused with powerful Sufi Qawwali claps, high-impact; (Chorus)	20	16	ffprobe-duration	false	_radio_index/suno_backup/lyrics/2026-05-23_e1ec848b_चाणक्य सिक्का.txt
2b968ed3-b8ee-44e4-ad96-e3da7d583ae0	catalog-track	कौतूहल की दुनिया में लॉजिक अपार है	kabir-clubbing	Rap & Fusion	Hindi	Rap & Fusion; (Chorus)	51	43	ffprobe-duration	false	_radio_index/suno_backup/lyrics/2026-05-23_2b968ed3_डिजिटल गुरुकुल.txt
da33361a-8617-4815-b444-dd6d95f00bca	catalog-track	डिजिटल गुरुकुल	gurukul	Other / Misc	Hindi	High-energy Cyberpunk Phonk fused with Aggressive Indian Drill, crushing distort; (Chorus)	51	43	ffprobe-duration	false	_radio_index/suno_backup/lyrics/2026-05-23_da33361a_डिजिटल गुरुकुल.txt
f31751f4-ec55-4c42-a423-07f42895a464	catalog-track	कौतूहल की दुनिया में लॉजिक अपार है	kabir-clubbing	Rap & Fusion	Hindi	Rap & Fusion; (Chorus)	21	16	ffprobe-duration	false	_radio_index/suno_backup/lyrics/2026-05-23_f31751f4_लिटमस परिपथ.txt
cc265065-cce9-480d-8e32-6f6530047d9b	catalog-track	कक्षा सात का गणित प्रकाश	sanaatana-vaigyaniq	Sanatan & Vedic	Sanskrit	Sanatan & Vedic; (Chorus)	37	30	ffprobe-duration	false	_radio_index/suno_backup/lyrics/2026-05-23_cc265065_Shankhnaad Cowbell Drop.txt
05bb41b7-0a36-4c99-a245-d5d727f902c3	catalog-track	लिटमस परिपथ	gurukul	Other / Misc	Hindi	High-energy Cyberpunk Phonk, traditional Indian folk accents, punchy aggressive; (Chorus)	21	16	ffprobe-duration	false	_radio_index/suno_backup/lyrics/2026-05-23_05bb41b7_लिटमस परिपथ.txt
28ed327a-4860-4957-a494-fcd59d36bcd9	catalog-track	Shankhnaad Cowbell Drop	sanaatana-vaigyaniq	Sanatan & Vedic	English	High-energy Cyberpunk Phonk fused with Aggressive Indian Drill, crushing distort; (Chorus)	37	30	ffprobe-duration	false	_radio_index/suno_backup/lyrics/2026-05-23_28ed327a_Shankhnaad Cowbell Drop.txt
e038f00c-f649-44ca-8cc5-f2110a995703	catalog-track	कोष्ठक शंखनाद	sanaatana-vaigyaniq	Sanatan & Vedic	Sanskrit	Raw Aggressive Indian Drill Phonk, heavy distorted 808 sub-bass, crisp metallic; (Chorus)	18	12	ffprobe-duration	false	_radio_index/suno_backup/lyrics/2026-05-23_e038f00c_कोष्ठक शंखनाद.txt
bc9e8406-4ced-4d22-a476-896c9d6b31e3	catalog-track	कक्षा सात का गणित प्रकाश	sanaatana-vaigyaniq	Sanatan & Vedic	Sanskrit	Sanatan & Vedic; (Chorus)	18	12	ffprobe-duration	false	_radio_index/suno_backup/lyrics/2026-05-23_bc9e8406_कोष्ठक शंखनाद.txt
eae4f2af-ad53-414e-b47b-70dcd331427a	catalog-track	चांदी का सिक्का	kabir-clubbing	Rap & Fusion	Hindi	Aggressive Haryanvi Hyperrap fused with powerful Sufi Qawwali claps, high-impact; (Chorus)	46	39	ffprobe-duration	false	_radio_index/suno_backup/lyrics/2026-05-23_eae4f2af_चांदी का सिक्का.txt
961c3ee7-95d5-4fc3-86be-9fc9344cb1b1	catalog-track	चाणक्य की नीति गाओ	ameerpur	Haryanvi Folk	Haryanvi	Haryanvi Folk; (Chorus)	46	39	ffprobe-duration	false	_radio_index/suno_backup/lyrics/2026-05-23_961c3ee7_चांदी का सिक्का.txt
ee8190df-8ed5-4fd2-b83e-f6908dad6089	catalog-track	तेईस दशमलव पाँच	gurukul	Other / Misc	Hindi	High-energy Cyberpunk Phonk fused with Aggressive Indian Folk, punchy industrial; (Chorus)	48	41	ffprobe-duration	false	_radio_index/suno_backup/lyrics/2026-05-23_ee8190df_तेईस दशमलव पाँच.txt
5430725d-e817-463d-8233-7d08e6bb2a8c	catalog-track	दिन और रात का लूप चलता है	sanaatana-vaigyaniq	Sanatan & Vedic	Sanskrit	Sanatan & Vedic; (Chorus)	48	41	ffprobe-duration	false	_radio_index/suno_backup/lyrics/2026-05-23_5430725d_तेईस दशमलव पाँच.txt
7136ecc0-1cde-4b63-93df-1bd8100300b5	catalog-track	छट-छट चलती बुद्धि की गाड़ी	sanaatana-vaigyaniq	Sanatan & Vedic	Sanskrit	Sanatan & Vedic; (Chorus)	56	49	ffprobe-duration	false	_radio_index/suno_backup/lyrics/2026-05-23_7136ecc0_शंखनाद बाइनरी.txt
7ad70850-e3ae-4d26-b0e9-05197e2cb4f9	catalog-track	शंखनाद बाइनरी	sanaatana-vaigyaniq	Sanatan & Vedic	Sanskrit	Raw Aggressive Indian Drill Phonk, heavy distorted 808 bass, crisp metallic perc; (Chorus)	56	49	ffprobe-duration	false	_radio_index/suno_backup/lyrics/2026-05-23_7ad70850_शंखनाद बाइनरी.txt
ccd4fdeb-6879-4797-ae1f-f37fe6330b64	catalog-track	पिंगल-बाइनरी ट्राम	kabir-clubbing	Bhakti & Katha	Hindi	neural radio program for students	38	31	ffprobe-duration	false	_radio_index/suno_backup/lyrics/2026-05-22_ccd4fdeb_पिंगल-बाइनरी ट्राम.txt
f6051273-d0f3-41f7-b3fe-3b657023d007	catalog-track	🎵 3. सनातन वैज्ञानिक एक्सप्रेस गाना	sanaatana-vaigyaniq	Sanatan & Vedic	Sanskrit	Sanatan & Vedic	38	31	ffprobe-duration	false	_radio_index/suno_backup/lyrics/2026-05-22_f6051273_पिंगल-बाइनरी ट्राम.txt
289f8c8d-4172-4b06-aa7f-5a73fd559b01	catalog-track	🎙️ रेडियो सनातन वैज्ञानिक पर महा-अभिलेखागार का ल	sanaatana-vaigyaniq	Sanatan & Vedic	Sanskrit	Sanatan & Vedic	1	1	ffprobe-duration	false	_radio_index/suno_backup/lyrics/2026-05-22_289f8c8d_कोर लॉग्स लाइव.txt
ac3bbd7c-13ce-4c58-8852-a3ba11cf9d62	catalog-track	कोर लॉग्स लाइव	gurukul	Other / Misc	Hindi	neural radio program for students	1	1	ffprobe-duration	false	_radio_index/suno_backup/lyrics/2026-05-22_ac3bbd7c_कोर लॉग्स लाइव.txt
cac083e2-5eba-42df-a500-188660293076	catalog-track	डिजिटल गुरुकुल मैट्रिक्स	gurukul	Other / Misc	Hindi	NULL	16	13	ffprobe-duration	false	_radio_index/suno_backup/lyrics/2026-05-22_cac083e2_डिजिटल गुरुकुल मैट्रिक्स.txt
9e69f682-8e35-49be-bd83-e64b31b91832	catalog-track	डिजिटल गुरुकुल लॉग्स	gurukul	Other / Misc	Hindi	real radio, sanaatana telecast	1	1	ffprobe-duration	false	_radio_index/suno_backup/lyrics/2026-05-22_9e69f682_डिजिटल गुरुकुल लॉग्स.txt
8dfe144d-a4e9-4c51-8d4b-2c642a9eb4be	catalog-track	🎵 सनातन वैज्ञानिक एक्सप्रेस गाना: पाठ्यक्रम का त	sanaatana-vaigyaniq	Sanatan & Vedic	Sanskrit	Sanatan & Vedic	16	13	ffprobe-duration	false	_radio_index/suno_backup/lyrics/2026-05-22_8dfe144d_डिजिटल गुरुकुल मैट्रिक्स.txt
1fe24a9e-568a-49b0-ba5b-a24b30c0d106	catalog-track	डिजिटल गुरुकुल लॉग्स	gurukul	Other / Misc	Hindi	real radio, sanaatana telecast	1	1	ffprobe-duration	false	_radio_index/suno_backup/lyrics/2026-05-22_1fe24a9e_डिजिटल गुरुकुल लॉग्स.txt
161f3183-f997-4981-afda-e28650b9f92d	catalog-track	डिजिटल गुरुकुल-कनेक्टर	gurukul	Other / Misc	Hindi	radio sanaatana telecast	1	1	ffprobe-duration	false	_radio_index/suno_backup/lyrics/2026-05-22_161f3183_डिजिटल गुरुकुल-कनेक्टर.txt
db77a1fc-e18d-44a0-a28d-7653ea20e3c3	catalog-track	🎙️ रेडियो सनातन वैज्ञानिक पर महा-अभिलेखागार का ल	sanaatana-vaigyaniq	Sanatan & Vedic	Sanskrit	Sanatan & Vedic	1	1	ffprobe-duration	false	_radio_index/suno_backup/lyrics/2026-05-22_db77a1fc_डिजिटल गुरुकुल-कनेक्टर.txt
1c0f3567-660d-40a2-8672-943688dd3c89	catalog-track	O meri bhaarat maataa	kabir-clubbing	Rap & Fusion	English	Rap & Fusion; Genre: Desi Trap, Indian Hip Hop, Dark Trap, 140 BPM, Male Autotuned Rap, Heavy 808 Slides, Triplet Hi-Hats, Dark Sub-Bass, Patriotic; Verse 1 - laid back but intense rap flow, autotuned, sidechained; (Chorus - melodic autotune, wider reverb, trap beat continues); Verse 3 - confident, almost boastful rap flow; (Bridge - beat simplifies, just 808 and clap, tempo feels slower); End: Faint sound of aarti bells + street ambient noise	52	47	ffprobe-duration	false	_radio_index/suno_backup/lyrics/2026-05-19_1c0f3567_Reversed Sitar Whisper.txt
d60bbdd7-852b-4638-9bfc-de2be9c9f0e9	catalog-track	Reversed Sitar Whisper	kabir-clubbing	Rap & Fusion	English	Desi Trap, Indian Hip Hop, Dark Trap, 140 BPM, male autotuned rap, heavy; Genre: Desi Trap, Indian Hip Hop, Dark Trap, 140 BPM, Male Autotuned Rap, Heavy 808 Slides, Triplet Hi-Hats, Dark Sub-Bass, Patriotic; Verse 1 - laid back but intense rap flow, autotuned, sidechained; (Chorus - melodic autotune, wider reverb, trap beat continues); Verse 3 - confident, almost boastful rap flow; (Bridge - beat simplifies, just 808 and clap, tempo feels slower); End: Faint sound of aarti bells + street ambient noise	52	47	ffprobe-duration	false	_radio_index/suno_backup/lyrics/2026-05-19_d60bbdd7_Reversed Sitar Whisper.txt
b1673a2d-91fa-478f-a3c3-79d253fd7444	catalog-track	परदेसां धड़कन	kabir-clubbing	Rap & Fusion	Hindi	[Genre: Psytrance, Funky House, Hyperpop, Indian Fusion, 145 BPM, Male Vocals, H; (Chorus Drop - full psytrance, sawtooth bass, rolling bassline 145 BPM); Verse 3 - hyperpop rap flow, distorted 808s; Verse 4 - fast spoken word over jungle beat; (Bridge - tempo cut to 100 BPM, funky bassline, talkbox vocals)	51	47	ffprobe-duration	false	_radio_index/suno_backup/lyrics/2026-05-19_b1673a2d_परदेसां धड़कन.txt
6145df1e-62b2-4fd3-a150-ebef60393608	catalog-track	O meri bhaarat maataa	kabir-clubbing	Rap & Fusion	English	Rap & Fusion; (Chorus Drop - full psytrance, sawtooth bass, rolling bassline 145 BPM); Verse 3 - hyperpop rap flow, distorted 808s; Verse 4 - fast spoken word over jungle beat; (Bridge - tempo cut to 100 BPM, funky bassline, talkbox vocals)	51	47	ffprobe-duration	false	_radio_index/suno_backup/lyrics/2026-05-19_6145df1e_परदेसां धड़कन.txt
4f82c591-30f7-4369-8544-9c90f7b11d0d	catalog-track	रही धड़क ना सीने में।	kabir-clubbing	Rap & Fusion	Hindi	Rap & Fusion; (Chorus Drop - full psytrance, sawtooth bass, rolling bassline 145 BPM); Verse 3 - hyperpop rap flow, distorted 808s; Verse 4 - fast spoken word over jungle beat; (Bridge - tempo cut to 100 BPM, funky bassline, talkbox vocals)	48	44	ffprobe-duration	false	_radio_index/suno_backup/lyrics/2026-05-19_4f82c591_Distorted Sarangi Wobble.txt
60bb8f17-03b5-4159-ab31-2927d80a2629	catalog-track	Distorted Sarangi Wobble	kabir-clubbing	Rap & Fusion	English	[Genre: Psytrance, Funky House, Hyperpop, Indian Fusion, 145 BPM, Male Vocals, H; (Chorus Drop - full psytrance, sawtooth bass, rolling bassline 145 BPM); Verse 3 - hyperpop rap flow, distorted 808s; Verse 4 - fast spoken word over jungle beat; (Bridge - tempo cut to 100 BPM, funky bassline, talkbox vocals)	48	44	ffprobe-duration	false	_radio_index/suno_backup/lyrics/2026-05-19_60bb8f17_Distorted Sarangi Wobble.txt
6657399e-3da3-424d-9965-024cc4786644	catalog-track	Tanpura Rainbird	gurukul	Other / Misc	English	Lo-fi Hip Hop, Chillhop, Indian folk sample, 75 BPM, soft male vocals, v; Genre: Lo-fi Hip Hop, Chillhop, Indian Fusion, 75 BPM, Male Soft Vocals, Vinyl Crackle, Rain Ambience, Melancholic; Intro - 8 bars - rain sounds, distant thunder, vinyl crackle, soft sitar loop, tanpura drone fading in; Chorus - same feel, add soft pad synth underneath; Chorus - add telephone EQ effect on vocals for contrast	45	45	ffprobe-duration	false	_radio_index/suno_backup/lyrics/2026-05-19_6657399e_Tanpura Rainbird.txt
4c151ea0-4e12-4f3c-8767-e25ed0ee02cb	catalog-track	तेरे बिना मैंने परदेसां में	kabir-clubbing	Rap & Fusion	Hindi	Rap & Fusion; Genre: Lo-fi Hip Hop, Chillhop, Indian Fusion, 75 BPM, Male Soft Vocals, Vinyl Crackle, Rain Ambience, Melancholic; Intro - 8 bars - rain sounds, distant thunder, vinyl crackle, soft sitar loop, tanpura drone fading in; Chorus - same feel, add soft pad synth underneath; Chorus - add telephone EQ effect on vocals for contrast	45	45	ffprobe-duration	false	_radio_index/suno_backup/lyrics/2026-05-19_4c151ea0_परदेसां कीधूप.txt
2f7dc4d3-998d-4f4c-b011-9f88e7a482c1	catalog-track	Tanpura Rainbird	gurukul	Other / Misc	English	Lo-fi Hip Hop, Chillhop, Indian folk sample, 75 BPM, soft male vocals, v; Genre: Lo-fi Hip Hop, Chillhop, Indian Fusion, 75 BPM, Male Soft Vocals, Vinyl Crackle, Rain Ambience, Melancholic; Intro - 8 bars - rain sounds, distant thunder, vinyl crackle, soft sitar loop, tanpura drone fading in; Chorus - same feel, add soft pad synth underneath; Chorus - add telephone EQ effect on vocals for contrast	45	45	ffprobe-duration	false	_radio_index/suno_backup/lyrics/2026-05-19_2f7dc4d3_Tanpura Rainbird.txt
9da0a583-254e-4712-bf3d-e40b49a6856e	catalog-track	परदेसां कीधूप	gurukul	Other / Misc	Hindi	Lo-fi Hip Hop, Chillhop, Indian folk sample, 75 BPM, soft male vocals, v; Genre: Lo-fi Hip Hop, Chillhop, Indian Fusion, 75 BPM, Male Soft Vocals, Vinyl Crackle, Rain Ambience, Melancholic; Intro - 8 bars - rain sounds, distant thunder, vinyl crackle, soft sitar loop, tanpura drone fading in; Chorus - same feel, add soft pad synth underneath; Chorus - add telephone EQ effect on vocals for contrast	45	45	ffprobe-duration	false	_radio_index/suno_backup/lyrics/2026-05-19_9da0a583_परदेसां कीधूप.txt
ee86a23e-0007-4d04-99f8-4b605086de9e	catalog-track	रही धड़क ना सीने में।	kabir-clubbing	Rap & Fusion	Hindi	Rap & Fusion; (Chorus Drop - full psytrance, sawtooth bass, rolling bassline 145 BPM); Verse 3 - hyperpop rap flow, distorted 808s; Verse 4 - fast spoken word over jungle beat; (Bridge - tempo cut to 100 BPM, funky bassline, talkbox vocals)	44	40	ffprobe-duration	false	_radio_index/suno_backup/lyrics/2026-05-19_ee86a23e_Paradesi Wobble.txt
cb8ff251-d3a7-4271-a3a0-33969db28cb0	catalog-track	Paradesi Wobble	kabir-clubbing	Rap & Fusion	English	[Genre: Psytrance, Funky House, Hyperpop, Indian Fusion, 145 BPM, Male Vocals,; (Chorus Drop - full psytrance, sawtooth bass, rolling bassline 145 BPM); Verse 3 - hyperpop rap flow, distorted 808s; Verse 4 - fast spoken word over jungle beat; (Bridge - tempo cut to 100 BPM, funky bassline, talkbox vocals)	44	40	ffprobe-duration	false	_radio_index/suno_backup/lyrics/2026-05-19_cb8ff251_Paradesi Wobble.txt
55b29326-16e4-4e61-84ab-ce7f6cd164df	catalog-track	साती माटी-चोला	kabir-clubbing	Rap & Fusion	Hindi	Raga Bhairavi, Raga Yaman, Raga Malkauns, Sufi fusion, Rajasthani folk,; Genre: Indian Classical Fusion, Raga Bhairavi base, Sufi Rock, Acoustic Ballad, Male Vocals, 70 BPM, Minor Scale; Intro - Raga Bhairavi alap on Sarangi, tanpura drone, soft rain sounds; Verse 1 - Raga Bhairavi, slow aching, acoustic guitar + sarangi; Verse 2 - Raga Bhairavi, harmonium enters softly; Chorus - Shift to Raga Yaman, clean electric guitar, soft dholak; Instrumental - 8 bars, Raga Yaman sitar solo, tabla; Verse 3 - Raga Pahadi, folk style, lo-fi beat enters; Chorus - Return to Raga Yaman, full band; Verse 4 - Raga Malkauns, dark, only sarangi and voice, no percussion; Chorus - Softer, reverbed, harmonium only; Bridge - Raga Yaman + Bhairavi fusion, tempo increases, hopeful; Outro - Raga Bhairavi, slow fade, solo voice + sarangi; End: Sarangi descending in Raga Bhairavi, fade to silence	37	37	ffprobe-duration	false	_radio_index/suno_backup/lyrics/2026-05-19_55b29326_साती माटी-चोला.txt
a3348700-9ecb-4d78-8344-aaf875575f8f	catalog-track	तेरे बिना मैंने परदेसां में	ameerpur	Haryanvi Folk	Haryanvi	Haryanvi Folk; Genre: Indian Classical Fusion, Raga Bhairavi base, Sufi Rock, Acoustic Ballad, Male Vocals, 70 BPM, Minor Scale; Intro - Raga Bhairavi alap on Sarangi, tanpura drone, soft rain sounds; Verse 1 - Raga Bhairavi, slow aching, acoustic guitar + sarangi; Verse 2 - Raga Bhairavi, harmonium enters softly; Chorus - Shift to Raga Yaman, clean electric guitar, soft dholak; Instrumental - 8 bars, Raga Yaman sitar solo, tabla; Verse 3 - Raga Pahadi, folk style, lo-fi beat enters; Chorus - Return to Raga Yaman, full band; Verse 4 - Raga Malkauns, dark, only sarangi and voice, no percussion; Chorus - Softer, reverbed, harmonium only; Bridge - Raga Yaman + Bhairavi fusion, tempo increases, hopeful; Outro - Raga Bhairavi, slow fade, solo voice + sarangi; End: Sarangi descending in Raga Bhairavi, fade to silence	37	37	ffprobe-duration	false	_radio_index/suno_backup/lyrics/2026-05-19_a3348700_साती माटी-चोला.txt
e73bb277-81d9-40d3-94bc-f8f3f7893688	catalog-track	O my darling	ameerpur	Love & Virah	English	Love & Virah	58	57	ffprobe-duration	false	_radio_index/suno_backup/lyrics/2026-05-19_e73bb277_परदेसा धड़कन.txt
6058ab0b-f41c-4639-a96a-1b58b31a999d	catalog-track	परदेसा धड़कन	gurukul	Other / Misc	Hindi	NULL	58	57	ffprobe-duration	false	_radio_index/suno_backup/lyrics/2026-05-19_6058ab0b_परदेसा धड़कन.txt
6773c614-261b-461b-9eab-54efb5810575	catalog-track	साहब	ameerpur	Haryanvi Folk	Haryanvi	Haryanvi Folk; Solo Reverb-Drenched Harmonium; Verse 1 - The Bandhan - Slow Sufi Tempo; Chorus - THE DROP - High-Impact Drill; Verse 3 - The Takraar - Fast-Paced Hyperrap Flow	49	49	ffprobe-duration	false	_radio_index/suno_backup/lyrics/2026-05-15_6773c614_ख़्वाब-धागा आधा.txt
989e203d-59cf-43b4-b450-bd5f5fdf28a6	catalog-track	ख़्वाब-धागा आधा	kabir-clubbing	Rap & Fusion	Hindi	[Cinematic World-Fusion, Deep Spiritual Qawwali Vocals, 142 BPM, UK Drill influe; Solo Reverb-Drenched Harmonium; Verse 1 - The Bandhan - Slow Sufi Tempo; Chorus - THE DROP - High-Impact Drill; Verse 3 - The Takraar - Fast-Paced Hyperrap Flow	49	49	ffprobe-duration	false	_radio_index/suno_backup/lyrics/2026-05-15_989e203d_ख़्वाब-धागा आधा.txt
62780b6c-9eb0-43e2-91f7-38e05b1458db	catalog-track	साहब	ameerpur	Haryanvi Folk	Haryanvi	Haryanvi Folk; Solo Harmonium - Reverb Drenched; Verse 1 - Sufi Soul - Slow and Meditative; Pre-Chorus - Rising Tension; Chorus - THE DROP - High-Impact Drill; Bridge - Cinematic Silence then Aggressive Crescendo	23	23	ffprobe-duration	false	_radio_index/suno_backup/lyrics/2026-05-15_62780b6c_साहब खोज जंग.txt
081d7d0e-d5f4-455e-9716-46f8bfcd192f	catalog-track	साहब खोज जंग	kabir-clubbing	Rap & Fusion	Hindi	[Cinematic World-Fusion, Deep Spiritual Qawwali vocals mixed with High-Impact UK; Solo Harmonium - Reverb Drenched; Verse 1 - Sufi Soul - Slow and Meditative; Pre-Chorus - Rising Tension; Chorus - THE DROP - High-Impact Drill; Bridge - Cinematic Silence then Aggressive Crescendo	23	23	ffprobe-duration	false	_radio_index/suno_backup/lyrics/2026-05-15_081d7d0e_साहब खोज जंग.txt
8433a493-5a44-4032-8243-bc0263a6ba2f	catalog-track	जमा उघाड़ी	gurukul	Other / Misc	Hindi	[Style: World's saddest folk singing, extremely melancholic, cry voice, male rur	64	64	ffprobe-duration	false	_radio_index/suno_backup/lyrics/2026-05-15_8433a493_जमा उघाडी़.txt
9a501fdc-42a2-43b9-b72f-4acea519537c	catalog-track	जिंदगी... तू जमा उघाड़ी है	ameerpur	Haryanvi Folk	Haryanvi	Haryanvi Folk	64	64	ffprobe-duration	false	_radio_index/suno_backup/lyrics/2026-05-15_9a501fdc_जमा उघाडी़.txt
27601dd5-f441-413d-bb6e-6efae567a7f7	catalog-track	आँखें रातभर	gurukul	Other / Misc	Hindi	[Style: World's saddest folk singing, extremely melancholic, cry voice, male rur	29	29	ffprobe-duration	false	_radio_index/suno_backup/lyrics/2026-05-15_27601dd5_आँखें रातभर.txt
eeadca81-afe0-426b-aec0-9bb8e7226283	catalog-track	जिंदगी... तू जमा उघाड़ी है	ameerpur	Haryanvi Folk	Haryanvi	Haryanvi Folk	29	29	ffprobe-duration	false	_radio_index/suno_backup/lyrics/2026-05-15_eeadca81_आँखें रातभर.txt
d02ff9aa-08de-4c3c-894a-5d78bf3883f8	catalog-track	जैठ की दुपहरी	ameerpur	Love & Virah	Hindi	[Style: Slow emotional ghazal, Sufi, male voice, crying tone, melancholic, acous; End with: slow fade, sarangi solo, soft sigh	25	25	ffprobe-duration	false	_radio_index/suno_backup/lyrics/2026-05-15_d02ff9aa_जैठ की दुपहरी.txt
b39097fb-81be-40f8-bc18-46c757b2ce0c	catalog-track	जिंदगी... तू जमा उघाड़ी है	ameerpur	Desh / Patriotic	Hindi	Desh / Patriotic; End with: slow fade, sarangi solo, soft sigh	25	25	ffprobe-duration	false	_radio_index/suno_backup/lyrics/2026-05-15_b39097fb_जैठ की दुपहरी.txt
79c1b363-10f4-4f23-a2d0-846a1ff744ec	catalog-track	जाट जाट जाट जाट खिले हुए rose हैं	ameerpur	Haryanvi Folk	Haryanvi	Haryanvi Folk; Verse 1 - hyperrap, fast delivery, double-time; Chorus - melodic, autotune warble, dhol + 808; Verse 5 - fast, layered vocals; Verse 6 - hyperrap, chopper style, 160 BPM; Final Chorus - full energy, dhol + 808 + rubab + crowd chant; Outro - hyperrap fade to dambura drone	54	54	ffprobe-duration	false	_radio_index/suno_backup/lyrics/2026-05-15_79c1b363_सवा लाख जाट.txt
de8f6167-d436-420a-93af-8127c00e163b	catalog-track	सवा लाख जाट	kabir-clubbing	Rap & Fusion	Hindi	[Genre: Hyperrap, Haryanvi folk, Afghan dambura, rubab, dhol, bakhshi style, fas; Verse 1 - hyperrap, fast delivery, double-time; Chorus - melodic, autotune warble, dhol + 808; Verse 5 - fast, layered vocals; Verse 6 - hyperrap, chopper style, 160 BPM; Final Chorus - full energy, dhol + 808 + rubab + crowd chant; Outro - hyperrap fade to dambura drone	54	54	ffprobe-duration	false	_radio_index/suno_backup/lyrics/2026-05-15_de8f6167_सवा लाख जाट.txt
42bde3ea-cba3-4e45-acdb-d8b8a10379ca	catalog-track	जाट जाट जाट जाट खिले हुए rose हैं	ameerpur	Haryanvi Folk	Haryanvi	Haryanvi Folk; Chorus - call and response, male chorus, dhol beats; Verse 2 - tanbur drone, rubab plucking; Chorus repeat - full ensemble; Verse 8 - faster, playful, harmonium + dholak; Final Chorus - all instruments, crowd chant energy; Outro - dambura drone, rubab fade	34	34	ffprobe-duration	false	_radio_index/suno_backup/lyrics/2026-05-15_42bde3ea_जटाओं की गड़गडा़हट.txt
a10e118d-a2df-428c-add4-6624a46a39fc	catalog-track	जटाओं की गड़गड़ाहट	ameerpur	Haryanvi Folk	Haryanvi	[Genre: Haryanvi folk, Rajasthani folk, Afghan rubab, dambura, dhol, bakhshi sty; Chorus - call and response, male chorus, dhol beats; Verse 2 - tanbur drone, rubab plucking; Chorus repeat - full ensemble; Verse 8 - faster, playful, harmonium + dholak; Final Chorus - all instruments, crowd chant energy; Outro - dambura drone, rubab fade	34	34	ffprobe-duration	false	_radio_index/suno_backup/lyrics/2026-05-15_a10e118d_जटाओं की गड़गडा़हट.txt
d3340fe8-0440-4a60-afec-7b57312659b8	catalog-track	जटाओं की डमकार	ameerpur	Haryanvi Folk	Haryanvi	[Genre: Haryanvi folk, Rajasthani folk, Afghan rubab, dambura, dhol, bakhshi sty; Chorus - call and response, male chorus, dhol beats; Verse 2 - tanbur drone, rubab plucking; Chorus repeat - full ensemble; Verse 8 - faster, playful, harmonium + dholak; Final Chorus - all instruments, crowd chant energy; Outro - dambura drone, rubab fade	34	34	ffprobe-duration	false	_radio_index/suno_backup/lyrics/2026-05-15_d3340fe8_जटाओं की डमकार.txt
c7719c74-3520-40ba-9a5a-48be9a8e9af4	catalog-track	जटाओं की डमकार	ameerpur	Haryanvi Folk	Haryanvi	[Genre: Haryanvi folk, Rajasthani folk, Afghan rubab, dambura, dhol, bakhshi sty; Chorus - call and response, male chorus, dhol beats; Verse 2 - tanbur drone, rubab plucking; Chorus repeat - full ensemble; Verse 8 - faster, playful, harmonium + dholak; Final Chorus - all instruments, crowd chant energy; Outro - dambura drone, rubab fade	34	34	ffprobe-duration	false	_radio_index/suno_backup/lyrics/2026-05-15_c7719c74_जटाओं की डमकार.txt
7e3ed4ad-570a-4867-849a-9eae418e6564	catalog-track	बम भोला बम	gurukul	Other / Misc	Hindi	NULL	35	35	ffprobe-duration	false	_radio_index/suno_backup/lyrics/2026-05-15_7e3ed4ad_बम भोला बम.txt
c180868a-e9f9-4af0-b85f-9e47ea6a94a0	catalog-track	बम भोला बम	gurukul	Other / Misc	Hindi	NULL	35	35	ffprobe-duration	false	_radio_index/suno_backup/lyrics/2026-05-15_c180868a_बम भोला बम.txt
7c43c6d1-991a-46e1-b557-7e9b8528b4a3	catalog-track	भगवा चोला	gurukul	Other / Misc	Hindi	NULL	35	35	ffprobe-duration	false	_radio_index/suno_backup/lyrics/2026-05-15_7c43c6d1_भगवा चोला.txt
acce7b02-b36e-4aa7-8bc4-899e425e1f7f	catalog-track	भगवा चोला	gurukul	Other / Misc	Hindi	NULL	35	35	ffprobe-duration	false	_radio_index/suno_backup/lyrics/2026-05-15_acce7b02_भगवा चोला.txt
00702de5-9189-4230-8040-d9c213a28c7c	catalog-track	बम बाबा बम भोला	sanaatana-vaigyaniq	Sanatan & Vedic	Sanskrit	Sanatan & Vedic	35	35	ffprobe-duration	false	_radio_index/suno_backup/lyrics/2026-05-15_00702de5_बम बाबा बम भोला.txt
04511a31-131b-44c4-a3a6-d3daa32e8026	catalog-track	बम बाबा बम भोला	sanaatana-vaigyaniq	Sanatan & Vedic	Sanskrit	[Genre: Devotional Folk Rock, Bhajan, Energetic Chant, Rajasthani Folk] [Tempo:	35	35	ffprobe-duration	false	_radio_index/suno_backup/lyrics/2026-05-15_04511a31_बम बाबा बम भोला.txt
c43bb926-b90b-41ce-b1ca-1079d49eb675	catalog-track	बम भोला चोला	sanaatana-vaigyaniq	Sanatan & Vedic	Sanskrit	[Genre: Devotional Folk Rock, Bhajan, Energetic Chant, Rajasthani Folk] [Tempo:; Chorus; Final Chorus - Full power, maximum energy	38	37	ffprobe-duration	false	_radio_index/suno_backup/lyrics/2026-05-15_c43bb926_बम भोला चोला.txt
5ca9eaf3-f217-487c-b700-28362ca02ec0	catalog-track	चला आर्यो का टोला	sanaatana-vaigyaniq	Sanatan & Vedic	Sanskrit	Sanatan & Vedic; Chorus; Final Chorus - Full power, maximum energy	38	37	ffprobe-duration	false	_radio_index/suno_backup/lyrics/2026-05-15_5ca9eaf3_बम भोला चोला.txt
67800d7d-2832-4abd-9273-de538c1471a0	catalog-track	भगवा चोला बम	sanaatana-vaigyaniq	Sanatan & Vedic	Sanskrit	[Genre: Devotional Folk Rock, Bhajan, Energetic Chant, Rajasthani Folk] [Tempo:; Chorus; Final Chorus - Full power, maximum energy	37	36	ffprobe-duration	false	_radio_index/suno_backup/lyrics/2026-05-15_67800d7d_भगवा चोला बम.txt
b355bd3b-7913-40b5-8f0d-a482329e49b6	catalog-track	चला आर्यो का टोला	sanaatana-vaigyaniq	Sanatan & Vedic	Sanskrit	Sanatan & Vedic; Chorus; Final Chorus - Full power, maximum energy	37	36	ffprobe-duration	false	_radio_index/suno_backup/lyrics/2026-05-15_b355bd3b_भगवा चोला बम.txt
f5f173d2-b941-4beb-8383-123e56486214	catalog-track	सिलेंस के पार	gurukul	Other / Misc	Hindi	[Style: Nautanki-Swang-Qawwali hybrid audio drama. Single male vocalist performi; Intro: Distant nagada hit — 3 times. Then a male voice shouts: "अरे हो… सुनो सुनो आज नौटंकी है, स्वाँग है, क़व्वाली है… और बीच में है सपना!" Dholak fast for 2 seconds — stops.; Chorus — harmonium, slow dholak, soft claps; Raskhan enters — same vocalist, voice changes to playful, nasal, fast. Chorus laughs after each couplet — "हे हे हे… अरे ये तो ठगा गया!" Dholak "lapak" hit.; Meera enters — same vocalist, voice changes to higher, cracked, yearning. Chorus whispers "म्हारो प्रभु…" between lines.; Raskhan and Meera clash — vocalist switches rapidly between both voices. Chorus says "लड़ गए… लड़ गए…" Khartal fast.; Hemant enters — same vocalist, voice changes to deep, slow, meditative. Tabla stops. Only harmonium. Chorus silent. 3 seconds pause.; (Chorus once, very soft: "रोता है… रोता है…"); Dream sequence — harmonium plays off-tune. Distant glass break. Water drop. Metal spatula on pan — oil sizzle. Vocalist as Hemant, but with echo — like speaking from a well. Chorus fades out.; Climax — no instruments. Vocalist performs all three voices, but one after another, from different directions. Chorus silent.; Outro — No instruments. 8 seconds silence. Then a single nagada hit — very far. Harmon note half-faded — then stops. Chorus whispers once, like children telling a secret:	36	31	ffprobe-duration	false	_radio_index/suno_backup/lyrics/2026-05-13_f5f173d2_सिलेंस के पार.txt
a37f2f45-fd0e-4254-a6cc-1dd4376ceaa2	catalog-track	नाम तेरे रखे अनेक	kabir-clubbing	Bhakti & Katha	Hindi	Bhakti & Katha; Intro: Distant nagada hit — 3 times. Then a male voice shouts: "अरे हो… सुनो सुनो आज नौटंकी है, स्वाँग है, क़व्वाली है… और बीच में है सपना!" Dholak fast for 2 seconds — stops.; Chorus — harmonium, slow dholak, soft claps; Raskhan enters — same vocalist, voice changes to playful, nasal, fast. Chorus laughs after each couplet — "हे हे हे… अरे ये तो ठगा गया!" Dholak "lapak" hit.; Meera enters — same vocalist, voice changes to higher, cracked, yearning. Chorus whispers "म्हारो प्रभु…" between lines.; Raskhan and Meera clash — vocalist switches rapidly between both voices. Chorus says "लड़ गए… लड़ गए…" Khartal fast.; Hemant enters — same vocalist, voice changes to deep, slow, meditative. Tabla stops. Only harmonium. Chorus silent. 3 seconds pause.; (Chorus once, very soft: "रोता है… रोता है…"); Dream sequence — harmonium plays off-tune. Distant glass break. Water drop. Metal spatula on pan — oil sizzle. Vocalist as Hemant, but with echo — like speaking from a well. Chorus fades out.; Climax — no instruments. Vocalist performs all three voices, but one after another, from different directions. Chorus silent.; Outro — No instruments. 8 seconds silence. Then a single nagada hit — very far. Harmon note half-faded — then stops. Chorus whispers once, like children telling a secret:	36	31	ffprobe-duration	false	_radio_index/suno_backup/lyrics/2026-05-13_a37f2f45_सिलेंस के पार.txt
2b4d9843-2835-4383-b5f5-f90a9f2cde42	catalog-track	घुटने-छुपा एक	gurukul	Other / Misc	Hindi	[Style: Three-voice dialogue Qawwali. Characters: Raskhan (Braj, mischievous, su; Intro: Harmonium in Bhairavi, slow. Chorus hums "Aa... Aa..." softly. Tabla enters in slow ektal.; Chorus (full, slow):; Chorus (echoing softly):; Chorus (with a light clap on "कहाए"):; Chorus (soft, long sigh):; Chorus (firm, with harmonium swell):; Chorus (soft, almost in awe):; Chorus (very slow):; Chorus (creeping in, softest):; After 7 seconds, chorus whispers once, together:; Outro: Single harmonium note held, fading slowly — 6 seconds — then nothing.	61	59	ffprobe-duration	false	_radio_index/suno_backup/lyrics/2026-05-13_2b4d9843_घुटने-छुपा एक.txt
f0e7033c-a246-4902-a230-945e9796c695	catalog-track	नाम तेरे रखे अनेक	kabir-clubbing	Bhakti & Katha	Hindi	Bhakti & Katha; Intro: Harmonium in Bhairavi, slow. Chorus hums "Aa... Aa..." softly. Tabla enters in slow ektal.; Chorus (full, slow):; Chorus (echoing softly):; Chorus (with a light clap on "कहाए"):; Chorus (soft, long sigh):; Chorus (firm, with harmonium swell):; Chorus (soft, almost in awe):; Chorus (very slow):; Chorus (creeping in, softest):; After 7 seconds, chorus whispers once, together:; Outro: Single harmonium note held, fading slowly — 6 seconds — then nothing.	61	59	ffprobe-duration	false	_radio_index/suno_backup/lyrics/2026-05-13_f0e7033c_घुटने-छुपा एक.txt
e553b9c9-27cd-43b9-a4e0-f97ca910e45d	catalog-track	तोरै ही भरोसो	kabir-clubbing	Bhakti & Katha	Hindi	Bhakti & Katha; Intro: Harmonium slow melody in Bhairavi, tabla enters ektal, chorus hums on "हो... हो...; Lead solo — in a deep, broken voice, pulling each word from the chest; Tabla pace slightly rises; Harmonium interlude — 4 seconds — chorus soft; Suddenly — tabla stops for 4 seconds. Only harmonium. Lead alone.; Full Qawwali chorus enters now — tabla ektal faster, claps on sam, harmonium rising — but not ecstatic, more like a collective cry; Lead cuts through the chorus. Chorus stops instantly. Silence. Only a single harmonium note held.; After 6 seconds of silence — a single male voice, humming an incomplete, unresolved tune — alone. Fades.; End	1	1	ffprobe-duration	false	_radio_index/suno_backup/lyrics/2026-05-13_e553b9c9_नाम अनेक एक.txt
91ec0002-3ce7-418e-a969-3c1a00f9f662	catalog-track	नाम अनेक एक	gurukul	Other / Misc	Hindi	[Style: Traditional Qawwali sung in Braj Bhasha dialect, Sufi devotional tone, m; Intro: Harmonium slow melody in Bhairavi, tabla enters ektal, chorus hums on "हो... हो...; Lead solo — in a deep, broken voice, pulling each word from the chest; Tabla pace slightly rises; Harmonium interlude — 4 seconds — chorus soft; Suddenly — tabla stops for 4 seconds. Only harmonium. Lead alone.; Full Qawwali chorus enters now — tabla ektal faster, claps on sam, harmonium rising — but not ecstatic, more like a collective cry; Lead cuts through the chorus. Chorus stops instantly. Silence. Only a single harmonium note held.; After 6 seconds of silence — a single male voice, humming an incomplete, unresolved tune — alone. Fades.; End	1	1	ffprobe-duration	false	_radio_index/suno_backup/lyrics/2026-05-13_91ec0002_नाम अनेक एक.txt
b25c705c-37d8-4b8f-8f80-49fc861fb6a5	catalog-track	नाम-छुपा दाता	gurukul	Other / Misc	Hindi	[Style: Hybrid Sufi composition — alternating between solo spoken-word Nazm and; Transition — Harmonium enters softly, alone. No tabla yet. A single note held.; Tabla enters now — very slow ektal. Chorus enters as a distant echo, not yet full. This is the first hybrid section.; Lead (still alone in front, but chorus behind like a shadow):; Chorus (soft, far): होने से...; Chorus (slightly closer): एहसास है...; Chorus: बसता तू...; Chorus (first full statement, with handclap): आस है... आस है... हर आशिक़ की आस है!; Qawwali section begins — full chorus, tabla on ektal, harmonium melody. But the words remain philosophical, not ecstatic.; Chorus alone (repeating the paradox like a mantra):; Suddenly — tabla stops. Chorus stops. Only harmonium holds a low note.; (Chorus tries to enter: "सबब है... सबब है..." —); Lead (holds up a hand. Silence. Chorus stops.); Final Nazm section — complete solitude. No instruments. No chorus. Only voice.; (Silence holds. No answer. No chorus. No harmonium.)	37	26	ffprobe-duration	false	_radio_index/suno_backup/lyrics/2026-05-13_b25c705c_नाम-छुपा दाता.txt
cb2c77c5-2aab-4459-9d5f-84c4024be973	catalog-track	तुझ पर ही भरोसा	gurukul	Other / Misc	Hindi	Other / Misc; Transition — Harmonium enters softly, alone. No tabla yet. A single note held.; Tabla enters now — very slow ektal. Chorus enters as a distant echo, not yet full. This is the first hybrid section.; Lead (still alone in front, but chorus behind like a shadow):; Chorus (soft, far): होने से...; Chorus (slightly closer): एहसास है...; Chorus: बसता तू...; Chorus (first full statement, with handclap): आस है... आस है... हर आशिक़ की आस है!; Qawwali section begins — full chorus, tabla on ektal, harmonium melody. But the words remain philosophical, not ecstatic.; Chorus alone (repeating the paradox like a mantra):; Suddenly — tabla stops. Chorus stops. Only harmonium holds a low note.; (Chorus tries to enter: "सबब है... सबब है..." —); Lead (holds up a hand. Silence. Chorus stops.); Final Nazm section — complete solitude. No instruments. No chorus. Only voice.; (Silence holds. No answer. No chorus. No harmonium.)	37	26	ffprobe-duration	false	_radio_index/suno_backup/lyrics/2026-05-13_cb2c77c5_नाम-छुपा दाता.txt
4ee44646-3967-4f0a-bbae-22021f58063f	catalog-track	तुझ पर ही भरोसा... तुझ पर है यक़ीन	kabir-clubbing	Bhakti & Katha	Hindi	Bhakti & Katha; Intro: 8 seconds – harmonium melodic phrase in Bhairavi or Yaman, tabla enters in ektal, slow. Chorus hums on "Aa... Aa..." with harmonium; Lead Solo – in a low, heavy, cracked voice, like someone pleading alone at 2 AM; – Short harmonium run, tabla continues –; Verse 2 – slightly faster, more agitated; – Harmon interlude – 4 seconds, tabla continues –; Verse 3 – slower again, introspective; – Harmonium and tabla intensify – 4 seconds –; Verse 4 – climax building, paradoxical lines delivered with pregnant pauses; – 6-second instrumental swell – harmonium rises, tabla plays a tihai, chorus hums – then a sudden drop to near silence –; Verse 5 – The Question. The darkest moment. No chorus until the very end.; – Harmonium slow fade, tabla does one final, incomplete cycle, no resolution –; Outro: 8 seconds – male humming alone, then silence; End	1	1	ffprobe-duration	false	_radio_index/suno_backup/lyrics/2026-05-13_4ee44646_Tujh Par भरोसा.txt
31e87d44-ff07-4ab5-8a2d-4381d75a2b64	catalog-track	Tujh Par भरोसा	gurukul	Other / Misc	English	[Style: Traditional Qawwali, male lead vocal with 3-voice male chorus, harmonium; Intro: 8 seconds – harmonium melodic phrase in Bhairavi or Yaman, tabla enters in ektal, slow. Chorus hums on "Aa... Aa..." with harmonium; Lead Solo – in a low, heavy, cracked voice, like someone pleading alone at 2 AM; – Short harmonium run, tabla continues –; Verse 2 – slightly faster, more agitated; – Harmon interlude – 4 seconds, tabla continues –; Verse 3 – slower again, introspective; – Harmonium and tabla intensify – 4 seconds –; Verse 4 – climax building, paradoxical lines delivered with pregnant pauses; – 6-second instrumental swell – harmonium rises, tabla plays a tihai, chorus hums – then a sudden drop to near silence –; Verse 5 – The Question. The darkest moment. No chorus until the very end.; – Harmonium slow fade, tabla does one final, incomplete cycle, no resolution –; Outro: 8 seconds – male humming alone, then silence; End	1	1	ffprobe-duration	false	_radio_index/suno_backup/lyrics/2026-05-13_31e87d44_Tujh Par भरोसा.txt
4cf08691-a7ea-40e0-bd21-8b0b272cb3f6	catalog-track	वो है-इसलिए मैं	kabir-clubbing	Rap & Fusion	Hindi	[Style: Sufi devotional, slow meditative recitation, no rhythm, no beat, only de; Verse 1 - slow, heavy, broken	12	12	ffprobe-duration	false	_radio_index/suno_backup/lyrics/2026-05-13_4cf08691_वो है-इसलिए मैं.txt
2aa5f8f0-1fd1-4473-9dd2-a3db61cfd0dc	catalog-track	तुझ पर ही भरोसा	gurukul	Other / Misc	Hindi	Other / Misc; Verse 1 - slow, heavy, broken	12	12	ffprobe-duration	false	_radio_index/suno_backup/lyrics/2026-05-13_2aa5f8f0_वो है-इसलिए मैं.txt
dd450e4b-6a76-42d9-8a70-2e4a0244702d	catalog-track	बोटी-फुर्र अरदास	kabir-clubbing	Rap & Fusion	Hindi	Hyper Rap, Punjabi Trap, 170 BPM, male rapid-fire vocals, chaotic fun, meme ener	56	53	ffprobe-duration	false	_radio_index/suno_backup/lyrics/2026-05-12_dd450e4b_बोटी-फुर्र अरदास.txt
8bcb26e4-6909-4e70-9291-af3e5452bf87	catalog-track	बोटी-फुर्र अरदास	kabir-clubbing	Rap & Fusion	Hindi	Hyper Rap, Punjabi Trap, 170 BPM, male rapid-fire vocals, chaotic fun, meme ener	56	53	ffprobe-duration	false	_radio_index/suno_backup/lyrics/2026-05-12_8bcb26e4_बोटी-फुर्र अरदास.txt
f5ca7479-1bc5-4df4-a86e-e410e27b36cb	catalog-track	जिसकी लांबी लांबी चोटी	ameerpur	Haryanvi Folk	Haryanvi	Haryanvi Folk	56	53	ffprobe-duration	false	_radio_index/suno_backup/lyrics/2026-05-12_f5ca7479_इसी वाली बोटी.txt
12134426-c294-4dd0-9375-9f507bb1140a	catalog-track	इसी वाली बोटी	gurukul	Other / Misc	Hindi	Genre: Punjabi Folk Pop / Bhangra Pop / Energetic Party Song BPM: 120-130 Mood:	56	53	ffprobe-duration	false	_radio_index/suno_backup/lyrics/2026-05-12_12134426_इसी वाली बोटी.txt
bb4a0cdc-93a8-4846-a9c5-30071f2fcf78	catalog-track	चप्पल-झिड़कियाँ	kabir-clubbing	Rap & Fusion	Hindi	[Genre: Qawwali × Hip-Hop Fusion, Indian Devotional Folk, Comedy, Urban Desi, Ma	51	41	ffprobe-duration	false	_radio_index/suno_backup/lyrics/2026-05-10_bb4a0cdc_चप्पल-झिड़कियाँ.txt
2dbdbe4b-7abb-4214-b3ea-768e09a3cce1	catalog-track	तेरी चप्पल	ameerpur	Haryanvi Folk	Haryanvi	Haryanvi Folk	51	41	ffprobe-duration	false	_radio_index/suno_backup/lyrics/2026-05-10_2dbdbe4b_चप्पल-झिड़कियाँ.txt
e6e7cdf5-7183-436b-b56a-c8060859c0de	catalog-track	माँ की बेलन-झिड़कियाँ	kabir-clubbing	Rap & Fusion	Hindi	[Genre: Qawwali × Hip-Hop Fusion, Indian Devotional Folk, Comedy, Urban Desi, Ma	49	39	ffprobe-duration	false	_radio_index/suno_backup/lyrics/2026-05-10_e6e7cdf5_माँ की बेलन-झिड़कियाँ.txt
5d3de852-628c-4d4e-83dc-4e2d0f91338a	catalog-track	तेरी चप्पल	ameerpur	Haryanvi Folk	Haryanvi	Haryanvi Folk	49	39	ffprobe-duration	false	_radio_index/suno_backup/lyrics/2026-05-10_5d3de852_माँ की बेलन-झिड़कियाँ.txt
97f6c423-1e8d-4dec-92a5-a11b38363ee4	catalog-track	माँ की ममता-8D	sanaatana-vaigyaniq	Classical & Raag	English	ध्वनि का स्तर: इसे 8D साउंड में अनुभव करें, जहाँ 'राग माता' के सुर आपके चारों ओर	42	37	ffprobe-duration	false	_radio_index/suno_backup/lyrics/2026-05-10_97f6c423_माँ की ममता-8D.txt
438a6526-4837-43f4-a7e5-50ae007fa00d	catalog-track	माताओं के दिवस नहीं	kabir-clubbing	Bhakti & Katha	Hindi	Bhakti & Katha	42	37	ffprobe-duration	false	_radio_index/suno_backup/lyrics/2026-05-10_438a6526_माँ की ममता-8D.txt
cf6d9e3e-ae51-435d-895a-c4d7f95ebf4d	catalog-track	मिट्टी-तालि उछाल	gurukul	Other / Misc	Hindi	1980s lo-fi field recording, live at Nidhivan temple courtyard, Raga Todi, Raw B; Intro: Out-of-tune harmonium, dholak hit, crowd murmurs, children shout "Hari Bol!; Tempo slows - Lead voice breaks; Hypnotic Trance - Fast Tempo - Dholak accelerates; (Chorus whisper: हरि बोल... हरि बोल... हरि बोल...); (Full Chorus - One Voice Now)	46	34	ffprobe-duration	false	_radio_index/suno_backup/lyrics/2026-05-10_cf6d9e3e_मिट्टी-तालि उछाल.txt
30275318-8155-4d3f-8d49-c49ddaf3e5c1	catalog-track	तोरि बंसी की तान... सुनिबे कूँ तरस गये मोरै कान।	sanaatana-vaigyaniq	Sanatan & Vedic	Sanskrit	Sanatan & Vedic; Intro: Out-of-tune harmonium, dholak hit, crowd murmurs, children shout "Hari Bol!; Tempo slows - Lead voice breaks; Hypnotic Trance - Fast Tempo - Dholak accelerates; (Chorus whisper: हरि बोल... हरि बोल... हरि बोल...); (Full Chorus - One Voice Now)	46	34	ffprobe-duration	false	_radio_index/suno_backup/lyrics/2026-05-10_30275318_मिट्टी-तालि उछाल.txt
17abc34f-fad4-4b66-86f5-340e07c01725	catalog-track	तोरि बंसी की तान... सुनिबे कूँ तरस गये मोरै कान।	sanaatana-vaigyaniq	Sanatan & Vedic	Sanskrit	Sanatan & Vedic; Intro: Out-of-tune harmonium, dholak hit, crowd murmurs, children shout "Hari Bol!; Tempo slows - Lead voice breaks; Ecstatic Laughter - Fast Tempo - Dholak accelerates; (Full Chorus - One Voice Now)	47	35	ffprobe-duration	false	_radio_index/suno_backup/lyrics/2026-05-10_17abc34f_बंसी की तान.txt
a0c2cd04-1c26-49ec-b699-610ef0a62630	catalog-track	बंसी की तान	gurukul	Other / Misc	Hindi	1980s lo-fi field recording, live at Nidhivan temple courtyard, Raga Todi, Raw B; Intro: Out-of-tune harmonium, dholak hit, crowd murmurs, children shout "Hari Bol!; Tempo slows - Lead voice breaks; Ecstatic Laughter - Fast Tempo - Dholak accelerates; (Full Chorus - One Voice Now)	47	35	ffprobe-duration	false	_radio_index/suno_backup/lyrics/2026-05-10_a0c2cd04_बंसी की तान.txt
bd82b09f-8f58-4b13-8ae8-b3c88ea71ee4	catalog-track	बंसी तान बिरह	gurukul	Other / Misc	Hindi	Raw street temple qawwali, Raga Todi, live at Nidhivan Vrindavan, thousands of g; (Chorus: प्यास... प्यास...); Tempo slows - Emotional breakdown; Fast Tempo - Ecstatic Laughter - Dholak accelerates; Chorus - Grand Finale	43	34	ffprobe-duration	false	_radio_index/suno_backup/lyrics/2026-05-10_bd82b09f_बंसी तान बिरह.txt
cb3b5a5b-0158-437f-bb0f-a905d88de403	catalog-track	बंसी तान बिरह	gurukul	Other / Misc	Hindi	Raw street temple qawwali, Raga Todi, live at Nidhivan Vrindavan, thousands of g; (Chorus: प्यास... प्यास...); Tempo slows - Emotional breakdown; Fast Tempo - Ecstatic Laughter - Dholak accelerates; Chorus - Grand Finale	43	34	ffprobe-duration	false	_radio_index/suno_backup/lyrics/2026-05-10_cb3b5a5b_बंसी तान बिरह.txt
7f168537-a968-41cb-ba05-f17737463764	catalog-track	घूँघट के पट खोलि दे आली	kabir-clubbing	Bhakti & Katha	Hindi	Bhakti & Katha; (Chorus: प्यास... प्यास...); Tempo slows - Emotional breakdown; Fast Tempo - Ecstatic Laughter - Dholak accelerates; Chorus - Grand Finale	43	34	ffprobe-duration	false	_radio_index/suno_backup/lyrics/2026-05-10_7f168537_बंसीधर मुकुट.txt
d8e1bbbb-d558-49bb-9961-e2caa023d9aa	catalog-track	बंसीधर मुकुट	kabir-clubbing	Rap & Fusion	Hindi	Genre/Style: Braj Sankirtan, Dhrupad-folk fusion, Raw Devotional, Indian Temple; (Chorus: प्यास... प्यास...); Tempo slows - Emotional breakdown; Fast Tempo - Ecstatic Laughter - Dholak accelerates; Chorus - Grand Finale	43	34	ffprobe-duration	false	_radio_index/suno_backup/lyrics/2026-05-10_d8e1bbbb_बंसीधर मुकुट.txt
d33be684-25d7-4e85-87ef-49230095291a	catalog-track	श्याम-धागो धरी	sanaatana-vaigyaniq	Classical & Raag	Hindi	[Style: Indian devotional bhajan, Hindustani classical, Raga Khamaj, Taal Keherw	16	16	ffprobe-duration	false	_radio_index/suno_backup/lyrics/2026-05-09_d33be684_श्याम-धागो धरी.txt
0ad49695-99db-42e9-8a89-cc45b2f0875d	catalog-track	कौन कहे मनुस को जनम अभागो	kabir-clubbing	Bhakti & Katha	Hindi	Bhakti & Katha	16	16	ffprobe-duration	false	_radio_index/suno_backup/lyrics/2026-05-09_0ad49695_श्याम-धागो धरी.txt
20d780b6-4235-4a2e-85ae-2221c73e89ef	catalog-track	श्याम-धागो	sanaatana-vaigyaniq	Classical & Raag	Hindi	[Style: Indian devotional bhajan, Hindustani classical, Raga Khamaj, Taal Keherw	16	16	ffprobe-duration	false	_radio_index/suno_backup/lyrics/2026-05-09_20d780b6_श्याम-धागो.txt
819c6001-5eb8-472a-ae59-0a0ebab6a312	catalog-track	श्याम-धागो	sanaatana-vaigyaniq	Classical & Raag	Hindi	[Style: Indian devotional bhajan, Hindustani classical, Raga Khamaj, Taal Keherw	16	16	ffprobe-duration	false	_radio_index/suno_backup/lyrics/2026-05-09_819c6001_श्याम-धागो.txt
6093fffc-e0fc-44c3-b9b9-66d4d27c8180	catalog-track	तोरि बंसी तान	gurukul	Other / Misc	Hindi	Raw street temple qawwali, Raga Todi, live at Nidhivan Vrindavan, thousands of g; Open air temple atmosphere. Harmonium starts – slightly out of tune. Dholak hit. Crowd murmurs. Children shout "Hari Bol!" A temple bell rings random.; SCENE 4: ANTARA 3 – Surrender. No music. Just voice and claps.	65	37	ffprobe-duration	false	_radio_index/suno_backup/lyrics/2026-05-09_6093fffc_तोरि बंसी तान.txt
2ad65ecc-4658-4a67-ad4f-68cbd8705a93	catalog-track	तोरी बंसी की तान... सुनन को तरस गए मोरे कान।	kabir-clubbing	Bhakti & Katha	Hindi	Bhakti & Katha; Open air temple atmosphere. Harmonium starts – slightly out of tune. Dholak hit. Crowd murmurs. Children shout "Hari Bol!" A temple bell rings random.; SCENE 4: ANTARA 3 – Surrender. No music. Just voice and claps.	65	37	ffprobe-duration	false	_radio_index/suno_backup/lyrics/2026-05-09_2ad65ecc_तोरि बंसी तान.txt
bc6100f3-8fad-4df5-a8c1-3cd98848d069	catalog-track	तोरी बंसी की तान	kabir-clubbing	Bhakti & Katha	Hindi	Bhakti & Katha; (Chorus echoes: प्यास... प्यास...); SCENE 4: ANTARA 3 – Surrender. Tempo slows; SCENE 6: ANTARA 5 – Gopis' taunt. Ecstatic. Fast. Laughter	43	35	ffprobe-duration	false	_radio_index/suno_backup/lyrics/2026-05-09_bc6100f3_बंसीधर ताज.txt
bdf090e4-3d39-4d47-863b-7bd1757feb8d	catalog-track	बंसीधर ताज	gurukul	Other / Misc	Hindi	Cinematic qawwali, Raga Todi, thousands of gopis + Radha solo, 60-120 BPM, femal; (Chorus echoes: प्यास... प्यास...); SCENE 4: ANTARA 3 – Surrender. Tempo slows; SCENE 6: ANTARA 5 – Gopis' taunt. Ecstatic. Fast. Laughter	43	35	ffprobe-duration	false	_radio_index/suno_backup/lyrics/2026-05-09_bdf090e4_बंसीधर ताज.txt
52095580-5eef-4721-9a8a-1f615159529c	catalog-track	बंसीधर का ताज	gurukul	Other / Misc	Hindi	Raga Todi qawwali, 70 to 110 BPM, female devotional voice, bansuri, harmonium, t	0	0	NULL	false	_radio_index/suno_backup/lyrics/52095580-5eef-4721-9a8a-1f615159529c.txt
36dbb97d-2e8b-4a53-bbec-f43d0afa75ad	catalog-track	तोरी बंसी की तान	sanaatana-vaigyaniq	Sanatan & Vedic	Sanskrit	Sanatan & Vedic	0	0	NULL	false	_radio_index/suno_backup/lyrics/36dbb97d-2e8b-4a53-bbec-f43d0afa75ad.txt
b4c47e00-23e3-4b09-aafa-1ea1cb27d65c	catalog-track	तोरी बंसी की तान	kabir-clubbing	Bhakti & Katha	Hindi	Bhakti & Katha; Intro: 14 seconds solo bansuri – Raga Todi alap – S r g M P d n S', deep yearning	20	20	ffprobe-duration	false	_radio_index/suno_backup/lyrics/2026-05-09_b4c47e00_तोरी बंसी तान.txt
831ce982-3173-46ec-8fde-6f2a71f624d8	catalog-track	तोरी बंसी तान	sanaatana-vaigyaniq	Classical & Raag	Hindi	[Style: Indian classical, Raga Todi, slow 70 BPM, female devotional, acoustic, b; Intro: 14 seconds solo bansuri – Raga Todi alap – S r g M P d n S', deep yearning	20	20	ffprobe-duration	false	_radio_index/suno_backup/lyrics/2026-05-09_831ce982_तोरी बंसी तान.txt
24d21a4f-0895-4c56-aec7-a4bfa9864ef5	catalog-track	तोरी बंसीतरस	sanaatana-vaigyaniq	Classical & Raag	Hindi	[Style: Indian classical, Raga Todi, slow 70 BPM, female devotional, acoustic, b; Intro: 14 seconds solo bansuri – Raga Todi alap – S r g M P d n S', deep yearning	20	20	ffprobe-duration	false	_radio_index/suno_backup/lyrics/2026-05-09_24d21a4f_तोरी बंसीतरस.txt
0d0501a9-8f1f-4a21-98f0-69b8429600fd	catalog-track	तोरी बंसी की तान	kabir-clubbing	Bhakti & Katha	Hindi	Bhakti & Katha; Intro: 14 seconds solo bansuri – Raga Todi alap – S r g M P d n S', deep yearning	20	20	ffprobe-duration	false	_radio_index/suno_backup/lyrics/2026-05-09_0d0501a9_तोरी बंसीतरस.txt
86a31444-8c53-4fa0-aba2-cb6ca15aaa59	catalog-track	बंसीधर-तोरि	sanaatana-vaigyaniq	Classical & Raag	Hindi	[Style: Indian classical, Raga Todi, slow 70 BPM, female devotional, acoustic, b; Intro: 14 seconds solo bansuri – Raga Todi alap – S r g M P d n S', deep yearning	20	20	ffprobe-duration	false	_radio_index/suno_backup/lyrics/2026-05-09_86a31444_बंसीधर-तोरि.txt
9a2ad423-1f61-4b9b-896d-68cb77193f5c	catalog-track	तोरी बंसी की तान	kabir-clubbing	Bhakti & Katha	Hindi	Bhakti & Katha; Intro: 14 seconds solo bansuri – Raga Todi alap – S r g M P d n S', deep yearning	20	20	ffprobe-duration	false	_radio_index/suno_backup/lyrics/2026-05-09_9a2ad423_बंसीधर-तोरि.txt
8e2f8fd9-7f9d-4716-94c1-4bac528a767b	catalog-track	तेरी बंसी की तान	kabir-clubbing	Bhakti & Katha	Hindi	Bhakti & Katha; Intro: 12 seconds solo bansuri – Raga Todi alap – S r g M P d n S' descending	19	19	ffprobe-duration	false	_radio_index/suno_backup/lyrics/2026-05-09_8e2f8fd9_बंसी तान-तड़प.txt
c10e8a3e-5744-4640-aff1-e1378f937cc5	catalog-track	बंसी तान-तड़प	sanaatana-vaigyaniq	Classical & Raag	Hindi	[Style: Indian classical, Raga Todi, slow 70 BPM, female devotional, acoustic, b; Intro: 12 seconds solo bansuri – Raga Todi alap – S r g M P d n S' descending	19	19	ffprobe-duration	false	_radio_index/suno_backup/lyrics/2026-05-09_c10e8a3e_बंसी तान-तड़प.txt
40960b06-71f2-42db-a4f7-ca440d0a25be	catalog-track	तेरी बंसी की तान	kabir-clubbing	Bhakti & Katha	Hindi	Bhakti & Katha; Intro: 12 seconds solo bansuri – notes: S r g M P d n S' descending – Raga Todi alap; Sthayi – Verse 1 – slow, with meend on "taan; Antara 3 – peaceful, slow surrender, almost crying emotion; Outro: 10 seconds solo bansuri – descending from high S' to low S – fade out with tanpura drone	30	15	ffprobe-duration	false	_radio_index/suno_backup/lyrics/2026-05-09_40960b06_बंसी की तान.txt
9f8b0cb8-2b2d-47cb-8906-259a2f1e6144	catalog-track	अमर शत्रुहंता	sanaatana-vaigyaniq	Sanatan & Vedic	Sanskrit	Sanatan & Vedic; Intro - slow shehnai, single voice; Chorus 1; Chorus 2 - powerful; Bridge - emotional, slow; Pre-Chorus - building; Final Chorus - loudest, crowd energy	34	34	ffprobe-duration	false	_radio_index/suno_backup/lyrics/2026-05-09_9f8b0cb8_महाराणा क़फि़या.txt
2859728c-7217-4382-bc09-22ad41ee0de0	catalog-track	बंसी की तान	sanaatana-vaigyaniq	Classical & Raag	Hindi	[Style: Indian classical, Raga Todi, slow 70 BPM, female devotional, acoustic, b; Intro: 12 seconds solo bansuri – notes: S r g M P d n S' descending – Raga Todi alap; Sthayi – Verse 1 – slow, with meend on "taan; Antara 3 – peaceful, slow surrender, almost crying emotion; Outro: 10 seconds solo bansuri – descending from high S' to low S – fade out with tanpura drone	30	15	ffprobe-duration	false	_radio_index/suno_backup/lyrics/2026-05-09_2859728c_बंसी की तान.txt
4cacd011-00d8-408e-97ef-d7bfb366b23e	catalog-track	महाराणा क़फ़िया	sanaatana-vaigyaniq	Classical & Raag	Hindi	Epic Hindustani classical war anthem, Raag Bilawal, male heroic vocal with deep; Intro - slow shehnai, single voice; Chorus 1; Chorus 2 - powerful; Bridge - emotional, slow; Pre-Chorus - building; Final Chorus - loudest, crowd energy	34	34	ffprobe-duration	false	_radio_index/suno_backup/lyrics/2026-05-09_4cacd011_महाराणा क़फि़या.txt
b39a1673-b9c4-4eda-a3c6-a9ce936d589f	catalog-track	वो धर्म का जाप था	ameerpur	Haryanvi Folk	Haryanvi	Haryanvi Folk; Intro - slow shehnai alap in Raag Bhairav, single tanpura drone; Verse 1 - medium tempo, steady dhol; Chorus - loud, full orchestra, anthemic; Post-Chorus - high note with taan; Verse 2 - intense, faster tabla; Chorus - powerful return; Pre-Chorus - building intensity; Final Chorus - biggest, loudest, crowd energy	40	38	ffprobe-duration	false	_radio_index/suno_backup/lyrics/2026-05-09_b39a1673_Dhol Stutter March.txt
4e99c51c-14d1-43a5-a536-c58f63a6d5f4	catalog-track	Dhol Stutter March	sanaatana-vaigyaniq	Classical & Raag	English	Epic Bollywood film score, grand orchestral, Raag Bilawal based, male power voca; Intro - slow shehnai alap in Raag Bhairav, single tanpura drone; Verse 1 - medium tempo, steady dhol; Chorus - loud, full orchestra, anthemic; Post-Chorus - high note with taan; Verse 2 - intense, faster tabla; Chorus - powerful return; Pre-Chorus - building intensity; Final Chorus - biggest, loudest, crowd energy	40	38	ffprobe-duration	false	_radio_index/suno_backup/lyrics/2026-05-09_4e99c51c_Dhol Stutter March.txt
63dd43a7-8fe0-465d-bcaf-b5986297d7ab	catalog-track	प्रताप का तान	sanaatana-vaigyaniq	Classical & Raag	Hindi	Hindustani classical raga Bilawal, male heroic vocal, dhol shehnai, war drums, 7; Intro - slow shehnai alap in Raag Bhairav, single tanpura drone; Verse 1 - medium tempo, steady dhol; Chorus - loud, full orchestra, anthemic; Post-Chorus - high note with taan; Verse 2 - intense, faster tabla; Chorus - powerful return; Pre-Chorus - building intensity; Final Chorus - biggest, loudest, crowd energy	40	38	ffprobe-duration	false	_radio_index/suno_backup/lyrics/2026-05-09_63dd43a7_प्रताप का तान.txt
c5f1d8b4-1e92-4d0f-9936-e632bd0922de	catalog-track	म्यूअर क़िला-धुआं	gurukul	Other / Misc	Hindi	Epic Bollywood patriotic ballad, heroic male vocals, orchestral with dhol and sh; Intro - slow building orchestral; Chorus - loud, anthemic with full orchestra; Chorus - even more powerful, crowd-like energy	20	18	ffprobe-duration	false	_radio_index/suno_backup/lyrics/2026-05-09_c5f1d8b4_म्यूअर कि़ला-धुआं.txt
21b9c825-4413-4f7f-90c9-7bcd81cc55c0	catalog-track	वो धर्म का जाप था	ameerpur	Haryanvi Folk	Haryanvi	Haryanvi Folk; Intro - slow building orchestral; Chorus - loud, anthemic with full orchestra; Chorus - even more powerful, crowd-like energy	20	18	ffprobe-duration	false	_radio_index/suno_backup/lyrics/2026-05-09_21b9c825_म्यूअर कि़ला-धुआं.txt
4d3c3d6c-edc8-4836-af39-6100059283e0	catalog-track	प्रताप का तान	sanaatana-vaigyaniq	Classical & Raag	Hindi	Hindustani classical raga Bilawal, male heroic vocal, dhol shehnai, war drums, 7; Intro - slow shehnai alap in Raag Bhairav, single tanpura drone; Verse 1 - medium tempo, steady dhol; Chorus - loud, full orchestra, anthemic; Post-Chorus - high note with taan; Verse 2 - intense, faster tabla; Chorus - powerful return; Pre-Chorus - building intensity; Final Chorus - biggest, loudest, crowd energy	40	38	ffprobe-duration	false	_radio_index/suno_backup/lyrics/2026-05-09_4d3c3d6c_प्रताप का तान.txt
74a54818-5c55-4db4-bc1f-7dfa1e9fce6d	catalog-track	नीऑन लस्का	kabir-clubbing	Rap & Fusion	Hindi	Cyberpunk Hip Hop, Hyper-rap, Industrial Trap, 160 BPM, D# minor Vocal:	57	57	ffprobe-duration	false	_radio_index/suno_backup/lyrics/2026-05-07_74a54818_नीऑन लस्का.txt
565636d5-7042-4a96-88a9-f7835e3df3d0	catalog-track	आशिका न	ameerpur	Haryanvi Folk	Haryanvi	Haryanvi Folk	57	57	ffprobe-duration	false	_radio_index/suno_backup/lyrics/2026-05-07_565636d5_नीऑन लस्का.txt
b81894bf-4e0b-489f-b54c-a471f30a051a	catalog-track	चस्का फीडबैक	kabir-clubbing	Rap & Fusion	Hindi	[Genre: HyperRa, Boom Bap, Cyberpunk, High Tempo Rap] [BPM: 120-140] [Vocal Styl	59	59	ffprobe-duration	false	_radio_index/suno_backup/lyrics/2026-05-07_b81894bf_चस्का फीडबैक.txt
40f0eebb-2347-467a-b12f-57371526672e	catalog-track	आशिका न	sanaatana-vaigyaniq	Sanatan & Vedic	Sanskrit	Sanatan & Vedic	59	59	ffprobe-duration	false	_radio_index/suno_backup/lyrics/2026-05-07_40f0eebb_चस्का फीडबैक.txt
e3e41c8a-d755-4128-b6d7-eb79a61facec	catalog-track	चस्का ढार	kabir-clubbing	Rap & Fusion	Hindi	[Genre: Desi Hip Hop, Boom Bap, Slow to Mid Tempo Rap] [BPM: 85-95] [Vocal Style	59	59	ffprobe-duration	false	_radio_index/suno_backup/lyrics/2026-05-06_e3e41c8a_चस्का ढार.txt
4417277d-8df9-416a-ac8b-9b68e3cdf5be	catalog-track	चस्का ढार	kabir-clubbing	Rap & Fusion	Hindi	[Genre: Desi Hip Hop, Boom Bap, Slow to Mid Tempo Rap] [BPM: 85-95] [Vocal Style	59	59	ffprobe-duration	false	_radio_index/suno_backup/lyrics/2026-05-06_4417277d_चस्का ढार.txt
3dfe2673-db12-496e-a169-ea75a891fef2	catalog-track	इस रंज-ओ-ग़म की दुनिया में मुझको यक़ीन न था	gurukul	Other / Misc	Hindi	Other / Misc; Intro: Haunting Cello and Ambient Drone; Chorus: Refrain	14	14	ffprobe-duration	false	_radio_index/suno_backup/lyrics/2026-05-06_3dfe2673_साँस का पहरा.txt
216ca16d-22ff-4a35-959c-89ff65126a95	catalog-track	Chaska Laska	kabir-clubbing	Rap & Fusion	English	style desi hip hop rajasthani folk fusion heavy bass fast beat male aggressive v	60	60	ffprobe-duration	false	_radio_index/suno_backup/lyrics/2026-05-06_216ca16d_Chaska Laska.txt
091ab81d-180d-4521-8005-1d08377b3f14	catalog-track	साँस का पहरा	ameerpur	Love & Virah	Hindi	Cinematic Modern Ghazal, Dark Ambient, Ethereal Baritone Male Vocals, Deep Cello; Intro: Haunting Cello and Ambient Drone; Chorus: Refrain	14	14	ffprobe-duration	false	_radio_index/suno_backup/lyrics/2026-05-06_091ab81d_साँस का पहरा.txt
b564bd23-5730-4718-b0f9-e2fb7eba934f	catalog-track	आशिका न	ameerpur	Haryanvi Folk	Haryanvi	Haryanvi Folk	60	60	ffprobe-duration	false	_radio_index/suno_backup/lyrics/2026-05-06_b564bd23_Chaska Laska.txt
534e2457-1af3-4ffb-92cb-4d53662c9940	catalog-track	बे... थमसी आती है	kabir-clubbing	Rap & Fusion	Hindi	Male vocal, hyperpop / hyperrap, high energy, fast tempo 160 BPM, aggressive 80; Intro – fast, breathless, energetic; Verse 1 – rap, rapid fire; Pre-chorus – rap, building energy; Chorus – melodic, shouted, hyper; Chorus – High energy, layered vocals; Outro – rap, fading with attitude	36	29	ffprobe-duration	false	_radio_index/suno_backup/lyrics/2026-04-30_534e2457_बे... थमसी आती है.txt
f7390bf3-2335-444e-baed-c5e5cd17cfc1	catalog-track	बे... थमसी आती है	kabir-clubbing	Rap & Fusion	Hindi	Male vocal, hyperpop / hyperrap, high energy, fast tempo 160 BPM, aggressive 80; Intro – fast, breathless, energetic; Verse 1 – rap, rapid fire; Pre-chorus – rap, building energy; Chorus – melodic, shouted, hyper; Chorus – High energy, layered vocals; Outro – rap, fading with attitude	36	29	ffprobe-duration	false	_radio_index/suno_backup/lyrics/2026-04-30_f7390bf3_बे... थमसी आती है.txt
b621900d-687c-4fdb-8eb9-638c8124b1e4	catalog-track	बे...	kabir-clubbing	Rap & Fusion	Hindi	Male vocal, hyperpop / hyperrap, high energy, fast tempo 160 BPM, aggressive 80; Intro – fast, breathless, energetic; Verse 1 – rap, rapid fire; Pre-chorus – rap, building energy; Chorus – melodic, shouted, hyper; Chorus – High energy, layered vocals; Outro – rap, fading with attitude	36	29	ffprobe-duration	false	_radio_index/suno_backup/lyrics/2026-04-30_b621900d_बे....txt
decc359e-6a2c-4531-8b3c-f829ac5700be	catalog-track	बे...	kabir-clubbing	Rap & Fusion	Hindi	Male vocal, hyperpop / hyperrap, high energy, fast tempo 160 BPM, aggressive 80; Intro – fast, breathless, energetic; Verse 1 – rap, rapid fire; Pre-chorus – rap, building energy; Chorus – melodic, shouted, hyper; Chorus – High energy, layered vocals; Outro – rap, fading with attitude	36	29	ffprobe-duration	false	_radio_index/suno_backup/lyrics/2026-04-30_decc359e_बे....txt
ee8a117b-ef9c-4b4e-9cbe-9d314232d018	catalog-track	बेधड़क करीब	kabir-clubbing	Rap & Fusion	Hindi	Female vocal, hyperpop / hyperrap, high energy, fast tempo 160 BPM, aggressive 8; Intro – fast, breathless, energetic; Verse 1 – rap, rapid fire; Pre-chorus – rap, building energy; Chorus – melodic, shouted, hyper; Chorus – High energy, layered vocals; Outro – rap, fading with attitude	36	29	ffprobe-duration	false	_radio_index/suno_backup/lyrics/2026-04-30_ee8a117b_बेधड़क करीब.txt
6c333810-2183-40c8-91a7-bd198ff98290	catalog-track	इतनी करीब आ जाती है	kabir-clubbing	Rap & Fusion	Hindi	Rap & Fusion; Intro – fast, breathless, energetic; Verse 1 – rap, rapid fire; Pre-chorus – rap, building energy; Chorus – melodic, shouted, hyper; Chorus – High energy, layered vocals; Outro – rap, fading with attitude	36	29	ffprobe-duration	false	_radio_index/suno_backup/lyrics/2026-04-30_6c333810_बेधड़क करीब.txt
fec3e2d0-b4c1-47aa-b22f-a7b5f2ea4774	catalog-track	कैसी वैसी सी	kabir-clubbing	Rap & Fusion	Hindi	Female vocal, Punjabi pop meets Bollywood, upbeat and celebratory yet emotional,; Chorus; Chorus - repeat	22	22	ffprobe-duration	false	_radio_index/suno_backup/lyrics/2026-04-30_fec3e2d0_कैसी वैसी सी.txt
48633b3f-1638-40cc-b3e8-55bd791ea44e	catalog-track	इतनी करीब आ जाती है	ameerpur	Haryanvi Folk	Haryanvi	Haryanvi Folk; Chorus; Chorus - repeat	22	22	ffprobe-duration	false	_radio_index/suno_backup/lyrics/2026-04-30_48633b3f_कैसी वैसी सी.txt
c50d2540-0f2b-4c94-bb28-6a3c4883e847	catalog-track	सुनहर हारा फूका	sanaatana-vaigyaniq	Classical & Raag	Hindi	Haryanvi Folk + Rajasthani Folk + Indian Classical + Hyper-Rap Fusion. Suno v4.; Alap 1 - Tanpura Drone | Raga Megh | Free Rhythm | No Tabla | Deep Male Voice | Slow, Meditative | 12 seconds; Murki 1 - Fast ornamentation on "सुनहरा" - 4 notes in one breath; Verse 1 - Classical Thumri | Tabla Dadra (6 beats) | Gamak | Harmonium; Alap 2 - On "चहरा" - extended for 6 beats, sliding up with a sigh; Verse 2 - Folk storytelling | Tabla Keherwa (8 beats) | Medium tempo; Murki 2 - Fast oscillation on "बिचड़ गई" - pain in the crack; Verse 3 - Slow | Emotional | Pause between lines; Verse 4 - Classical | Tabla slow | Harmonium cry; Music Break 1 - Instrumental | Sarangi + Tabla | 8 seconds; Verse 5 - Medium tempo | Folk classical; 808 Nuclear Drop - Hyper-Rap | 170 BPM | Distorted Bass | Shouted | Aggressive | Explosion sound effect; Chorus - Classical again | Sudden calm after storm; Alap 3 - Raga Bhairav (anger turned to grief) | Tanpura only | Broken voice; Murki 3 - Fast, weeping murki on "पल गए; Verse 7 - Classical | Raga Megh | Tabla Dadra; Murki 6 - Sparkling fast on "चम चम चमके; Mukkda 2 - Sarangi | Slow; Chorus 2; Verse 9 - Hyper-rap flow | 140 BPM | Aggressive; Verse 10 - Classical | Slow | Resigned; Final Chorus - Full | All instruments; Alap 4 - Longest | Raga Megh | Tanpura only | 15 seconds | Voice rises and falls; Verse 11 - Original ending | Slow | Broken; Outro - One tabla beat | Fade to silence | Echo of "सवेरा" fading	101	101	ffprobe-duration	false	_radio_index/suno_backup/lyrics/2026-04-30_c50d2540_सुनहर हारा फूका.txt
4cccdb69-4cb8-41f3-91bc-bac82f3583af	catalog-track	WhatsApp Image 2025-06-17 at 20.41.57 (Remastered)	gurukul	Other / Misc	English	A dark and atmospheric Hindi indie-folk track with a haunting, cinematic quality; Chorus	26	24	ffprobe-duration	false	_radio_index/suno_backup/lyrics/2026-04-30_4cccdb69_WhatsApp Image 2025-06-17 at 20.41.57 (Remastered).txt
4df6f608-207a-494e-91e5-296847785ef2	catalog-track	Giddhon ke sheher mein	ameerpur	Desh / Patriotic	English	Desh / Patriotic; Chorus	26	24	ffprobe-duration	false	_radio_index/suno_backup/lyrics/2026-04-30_4df6f608_WhatsApp Image 2025-06-17 at 20.41.57 (Remastered).txt
6fe0efcf-2803-4ea7-83a7-a2f0a923176d	catalog-track	एक फूल ओ सुनहरा	ameerpur	Haryanvi Folk	Haryanvi	Haryanvi Folk; Alap 1 - Tanpura Drone | Raga Megh | Free Rhythm | No Tabla | Deep Male Voice | Slow, Meditative | 12 seconds; Murki 1 - Fast ornamentation on "सुनहरा" - 4 notes in one breath; Verse 1 - Classical Thumri | Tabla Dadra (6 beats) | Gamak | Harmonium; Alap 2 - On "चहरा" - extended for 6 beats, sliding up with a sigh; Verse 2 - Folk storytelling | Tabla Keherwa (8 beats) | Medium tempo; Murki 2 - Fast oscillation on "बिचड़ गई" - pain in the crack; Verse 3 - Slow | Emotional | Pause between lines; Verse 4 - Classical | Tabla slow | Harmonium cry; Music Break 1 - Instrumental | Sarangi + Tabla | 8 seconds; Verse 5 - Medium tempo | Folk classical; 808 Nuclear Drop - Hyper-Rap | 170 BPM | Distorted Bass | Shouted | Aggressive | Explosion sound effect; Chorus - Classical again | Sudden calm after storm; Alap 3 - Raga Bhairav (anger turned to grief) | Tanpura only | Broken voice; Murki 3 - Fast, weeping murki on "पल गए; Verse 7 - Classical | Raga Megh | Tabla Dadra; Murki 6 - Sparkling fast on "चम चम चमके; Mukkda 2 - Sarangi | Slow; Chorus 2; Verse 9 - Hyper-rap flow | 140 BPM | Aggressive; Verse 10 - Classical | Slow | Resigned; Final Chorus - Full | All instruments; Alap 4 - Longest | Raga Megh | Tanpura only | 15 seconds | Voice rises and falls; Verse 11 - Original ending | Slow | Broken; Outro - One tabla beat | Fade to silence | Echo of "सवेरा" fading	101	101	ffprobe-duration	false	_radio_index/suno_backup/lyrics/2026-04-30_6fe0efcf_सुनहर हारा फूका.txt
4cacdec0-b868-46d6-b260-0944f8278d76	catalog-track	संग पत्तियां का फहरा	ameerpur	Haryanvi Folk	Haryanvi	Haryanvi Folk; Alap 1 - Tanpura Drone | Raga Megh | Free Rhythm | No Tabla | Deep Male Voice | Slow, Meditative; Short Murki - Fast ornamentation on the word "सुनहरा", 4 notes in one breath; Mukhda - Slow, clear pronunciation; Alap 2 - On the word "सवेरा", extended for 8 beats, sliding up and down the scale; Verse 1 - Classical Thumri | Tabla Dadra (6 beats) | Gamak | Harmonium; Murki 1 - Fast 3-note oscillation on "चांद", then a pause; Murki 3 - Sparkling fast notes on "चम चम चमके" - each "चम" is a separate sharp murki; Mukkda - Sarangi Solo | No Percussion | Slow | Alap on Sarangi; Alap 3 - Sarangi plays a 10-second cry on the phrase "हवा का पहरा; Instrumental Break - Tabla Solo | Tension Build; 808 Drop - Hyper-Rap | 170 BPM | Distorted Bass | Shouted | Pitch-Shifted | No Alap, No Murki - Raw Aggression; Verse 2 - Hyper-Rap | Aggressive | Fast Hi-Hats | Industrial; Alap 4 - Raga Megh Again | Tanpura Only | Voice Cracks with Emotion | Slowest Section of Song; Murki 4 - Fast delicate murki on "सुनहरा", then a sharp silence; Verse 3 - Classical | Tabla Keherwa (8 beats) | Crying Voice; Alap 5 - On "सवेरा" again, but shorter, more broken, like a sigh; Verse 4 - Classical Fast | Intense | Harmonium + Tabla Fast; Murki 5 - Fast 4-note run on "भार", landing on a high note; Murki 7 - Three lightning-fast "चम" notes, each higher than the last; Mukkda 2 - Sarangi | Raga Malhar | Spacious | Alap on Sarangi; Alap 6 - Sarangi mimics the phrase "हवा का पहरा" for 15 seconds, then fades; Instrumental - Dark Drone | Tanpura Only; Alap 7 - Shortest Alap | Single Tear on "एक फूल; Verse 5 - Classical Meditative | Slow | Deep Breath Before Each Line; Verse 6 - Haryanvi Folk | Swaying | No Rap | Dholak Imitation | No Murkis - Earthy and Direct; Alap 8 - Longest Alap | Raga Megh | Tanpura Only | 20 seconds | Voice rises and falls like a wave | Ending on a high, unresolved note; Final Chorus - Soft Sung | No Beat | Single Voice | One Murki Only at the Very End; Murki 8 - Final ornamentation on "सवेरा" - a fast, delicate, upward flick that breaks mid-way, as if the voice cracks; Outro - One Tabla Beat | Fade to Silence | Echo of "सवेरा" in the distance	68	67	ffprobe-duration	false	_radio_index/suno_backup/lyrics/2026-04-30_4cacdec0_मेघ की विरह.txt
d195714f-a2b3-4d77-ae4f-f18670428eb0	catalog-track	मेघ की विरह	sanaatana-vaigyaniq	Classical & Raag	Hindi	Haryanvi Folk + Indian Classical + Hyper-Rap Fusion. Suno v4. Dynamic genre swit; Alap 1 - Tanpura Drone | Raga Megh | Free Rhythm | No Tabla | Deep Male Voice | Slow, Meditative; Short Murki - Fast ornamentation on the word "सुनहरा", 4 notes in one breath; Mukhda - Slow, clear pronunciation; Alap 2 - On the word "सवेरा", extended for 8 beats, sliding up and down the scale; Verse 1 - Classical Thumri | Tabla Dadra (6 beats) | Gamak | Harmonium; Murki 1 - Fast 3-note oscillation on "चांद", then a pause; Murki 3 - Sparkling fast notes on "चम चम चमके" - each "चम" is a separate sharp murki; Mukkda - Sarangi Solo | No Percussion | Slow | Alap on Sarangi; Alap 3 - Sarangi plays a 10-second cry on the phrase "हवा का पहरा; Instrumental Break - Tabla Solo | Tension Build; 808 Drop - Hyper-Rap | 170 BPM | Distorted Bass | Shouted | Pitch-Shifted | No Alap, No Murki - Raw Aggression; Verse 2 - Hyper-Rap | Aggressive | Fast Hi-Hats | Industrial; Alap 4 - Raga Megh Again | Tanpura Only | Voice Cracks with Emotion | Slowest Section of Song; Murki 4 - Fast delicate murki on "सुनहरा", then a sharp silence; Verse 3 - Classical | Tabla Keherwa (8 beats) | Crying Voice; Alap 5 - On "सवेरा" again, but shorter, more broken, like a sigh; Verse 4 - Classical Fast | Intense | Harmonium + Tabla Fast; Murki 5 - Fast 4-note run on "भार", landing on a high note; Murki 7 - Three lightning-fast "चम" notes, each higher than the last; Mukkda 2 - Sarangi | Raga Malhar | Spacious | Alap on Sarangi; Alap 6 - Sarangi mimics the phrase "हवा का पहरा" for 15 seconds, then fades; Instrumental - Dark Drone | Tanpura Only; Alap 7 - Shortest Alap | Single Tear on "एक फूल; Verse 5 - Classical Meditative | Slow | Deep Breath Before Each Line; Verse 6 - Haryanvi Folk | Swaying | No Rap | Dholak Imitation | No Murkis - Earthy and Direct; Alap 8 - Longest Alap | Raga Megh | Tanpura Only | 20 seconds | Voice rises and falls like a wave | Ending on a high, unresolved note; Final Chorus - Soft Sung | No Beat | Single Voice | One Murki Only at the Very End; Murki 8 - Final ornamentation on "सवेरा" - a fast, delicate, upward flick that breaks mid-way, as if the voice cracks; Outro - One Tabla Beat | Fade to Silence | Echo of "सवेरा" in the distance	68	67	ffprobe-duration	false	_radio_index/suno_backup/lyrics/2026-04-30_d195714f_मेघ की विरह.txt
809507be-5a63-49dc-8e0d-a16b87287cc8	catalog-track	पिंकी नाच	ameerpur	Haryanvi Folk	Haryanvi	Raw horror folk. Haryanvi male vocal - broken, crying, manic. Female vampire voc	46	46	ffprobe-duration	false	_radio_index/suno_backup/lyrics/2026-04-29_809507be_पिंकी नाच.txt
55c1da3f-383e-4f89-b2f1-e371ee790fb4	catalog-track	नाच र पिंकी	ameerpur	Haryanvi Folk	Haryanvi	Haryanvi Folk	46	46	ffprobe-duration	false	_radio_index/suno_backup/lyrics/2026-04-29_55c1da3f_पिंकी नाच.txt
416d0856-a289-4daf-ade4-0c21dfa4b8dd	catalog-track	नाच र पिंकी	ameerpur	Haryanvi Folk	Haryanvi	Haryanvi Folk; Tempo slows. Male vocals, gritty, desperate. Female crying SFX in background.; Slowest tempo. Male vocals, broken. All verbs shift to past tense.; Payal bells slow... slower...	63	63	ffprobe-duration	false	_radio_index/suno_backup/lyrics/2026-04-29_416d0856_पिंकी थाली.txt
67e8aee2-9b5a-47cc-88a6-741643a45909	catalog-track	पिंकी थाली	ameerpur	Haryanvi Folk	Haryanvi	[Genre: Cinematic Horror × Rajasthani Folk × Dark Disco × Haryanvi Vampire Weste; Tempo slows. Male vocals, gritty, desperate. Female crying SFX in background.; Slowest tempo. Male vocals, broken. All verbs shift to past tense.; Payal bells slow... slower...	63	63	ffprobe-duration	false	_radio_index/suno_backup/lyrics/2026-04-29_67e8aee2_पिंकी थाली.txt
8abf9e3b-198d-42d4-b547-c789d030e9fa	catalog-track	नाच र पिंकी	sanaatana-vaigyaniq	Sanatan & Vedic	Sanskrit	Sanatan & Vedic	85	85	ffprobe-duration	false	_radio_index/suno_backup/lyrics/2026-04-29_8abf9e3b_पिंकी का थाली.txt
f23d5bb3-9dc9-487a-902e-fb31cc813dfd	catalog-track	नाच र पिंकी	ameerpur	Haryanvi Folk	Haryanvi	Haryanvi Folk; (Chorus: Sabse bada dhamaka - Sabke pair thirakne lagein); (Fast Beats - Non-stop Dance Phase)	39	39	ffprobe-duration	false	_radio_index/suno_backup/lyrics/2026-04-29_f23d5bb3_पायल बजती धुन.txt
8f0c2cf6-a3ee-488c-a85c-95779c10cd5c	catalog-track	पिंकी का थाली	ameerpur	Haryanvi Folk	Haryanvi	[Genre: Cinematic Horror × Rajasthani Folk × Dark Disco × Haryanvi Vampire Weste	85	85	ffprobe-duration	false	_radio_index/suno_backup/lyrics/2026-04-29_8f0c2cf6_पिंकी का थाली.txt
9944d4d4-a519-4243-8abc-0eb7245f81f0	catalog-track	पायल बजती धुन	gurukul	Other / Misc	Hindi	(Chorus: Sabse bada dhamaka - Sabke pair thirakne lagein); (Fast Beats - Non-stop Dance Phase)	39	39	ffprobe-duration	false	_radio_index/suno_backup/lyrics/2026-04-29_9944d4d4_पायल बजती धुन.txt
1b8e0980-f89e-41df-9a65-5a6eb313c777	catalog-track	पिंकी की थाली	gurukul	Other / Misc	Hindi	[Genre: Rajasthani Folk Horror × Disco × Dark Electronic] [BPM: 128, Key: D mino; Female lead with male call-response chorus, energetic, dholak + disco beat:	102	101	ffprobe-duration	false	_radio_index/suno_backup/lyrics/2026-04-29_1b8e0980_पिंकी की थाली.txt
3ab7074f-3f3a-4669-8f7d-3b93838e728b	catalog-track	नाच र पिंकी	sanaatana-vaigyaniq	Sanatan & Vedic	Sanskrit	Sanatan & Vedic; Female lead with male call-response chorus, energetic, dholak + disco beat:	102	101	ffprobe-duration	false	_radio_index/suno_backup/lyrics/2026-04-29_3ab7074f_पिंकी की थाली.txt
45ebedf4-7d51-4716-a12b-764243daad4a	catalog-track	Pinki… Pinki… maut ka samaan	kabir-clubbing	Bhakti & Katha	English	Bhakti & Katha	8	8	ffprobe-duration	false	_radio_index/suno_backup/lyrics/2026-04-28_45ebedf4_Din Mein Sarpanch.txt
c8598710-c924-4b3c-8e32-0a1fded87efb	catalog-track	Din Mein Sarpanch	kabir-clubbing	Rap & Fusion	English	Dark cinematic Indian folk trap song with female vocals. Theme: A powerful Hary	8	8	ffprobe-duration	false	_radio_index/suno_backup/lyrics/2026-04-28_c8598710_Din Mein Sarpanch.txt
7e7aaecb-6ae5-41b2-86d2-c53c30b96231	catalog-track	गूंगों का स्टेशन	gurukul	Other / Misc	Hindi	NULL	74	74	ffprobe-duration	false	_radio_index/suno_backup/lyrics/2026-04-24_7e7aaecb_गूंगों का स्टेशन.txt
226a516c-1c24-4e20-b60b-33c5d07903e0	catalog-track	हर ट्रैक एक दृश्य और भाव के साथ।	gurukul	Other / Misc	Hindi	Other / Misc	74	74	ffprobe-duration	false	_radio_index/suno_backup/lyrics/2026-04-24_226a516c_गूंगों का स्टेशन.txt
f3c2518c-d6a6-4235-8da6-208eae4ee71a	catalog-track	“Roach Sirens”	kabir-clubbing	Rap & Fusion	English	[Style: Opera + Hyper-rap + Trap Metal + Cinematic Orchestra, aggressive male te; INTRO - Opera solo, cathedral reverb, slow; VERSE 1 - Hyper-rap, double-time, aggressive; CHORUS - Opera + Trap choir, epic, heavy reverb; VERSE 2 - Hyper-rap, faster, screaming delivery; FINAL CHORUS - Full power, opera + scream rap layered	40	40	ffprobe-duration	false	_radio_index/suno_backup/lyrics/2026-04-22_f3c2518c_“Roach Sirens”.txt
18cc6ebd-d8fe-4bf0-a598-1abdd0082fc7	catalog-track	करें परेशान	ameerpur	Love & Virah	Hindi	Love & Virah; Intro: slow harmonium | soft tabla | dargah reverb echo; Chorus; Chorus - emotional build; Bridge - slow, pain-filled	17	17	ffprobe-duration	false	_radio_index/suno_backup/lyrics/2026-04-22_18cc6ebd_रेत पर निशाँ.txt
87cb98e9-3781-4876-86b0-4540f8ecf4b1	catalog-track	रेत पर निशाँ	gurukul	Other / Misc	Hindi	Modern Sufi Qawwali, divine male vocals, slow emotional tempo, harmonium, soft t; Intro: slow harmonium | soft tabla | dargah reverb echo; Chorus; Chorus - emotional build; Bridge - slow, pain-filled	17	17	ffprobe-duration	false	_radio_index/suno_backup/lyrics/2026-04-22_87cb98e9_रेत पर निशाँ.txt
c6ab00bc-f4fc-49fb-91b6-93fbb717ec43	catalog-track	Who raised you? Who trained you	kabir-clubbing	Rap & Fusion	English	Rap & Fusion; INTRO - Opera solo, cathedral reverb, slow; VERSE 1 - Hyper-rap, double-time, aggressive; CHORUS - Opera + Trap choir, epic, heavy reverb; VERSE 2 - Hyper-rap, faster, screaming delivery; FINAL CHORUS - Full power, opera + scream rap layered	40	40	ffprobe-duration	false	_radio_index/suno_backup/lyrics/2026-04-22_c6ab00bc_“Roach Sirens”.txt
b56bd6df-5167-43b3-b0a6-cf5f42c72589	catalog-track	मेट्रो दरवाज़े बंद x Animatrix लोडिंग (Mashup)	sanaatana-vaigyaniq	Sanatan & Vedic	English	Afro-Phonk Fusion, Vedic Chanting, Modern Indian Folk, Neon-Sufi, Syncopated Dje; 🌍 [Chorus]; 🚀 [Chorus Reprise]	68	54	ffprobe-duration	false	_radio_index/suno_backup/lyrics/2026-04-21_b56bd6df_मेट्रो दरवाजे़ बंद x Animatrix लोडिंग (Mashup).txt
d0569990-a19a-4e68-b82b-1db44b271e2a	catalog-track	मेट्रो दरवाज़े बंद x Animatrix लोडिंग (Mashup)	sanaatana-vaigyaniq	Sanatan & Vedic	English	Afro-Phonk Fusion, Vedic Chanting, Modern Indian Folk, Neon-Sufi, Syncopated Dje; 🌍 [Chorus]; 🚀 [Chorus Reprise]	68	54	ffprobe-duration	false	_radio_index/suno_backup/lyrics/2026-04-21_d0569990_मेट्रो दरवाजे़ बंद x Animatrix लोडिंग (Mashup).txt
803ae36b-ad83-4a45-9256-606bf42e2514	catalog-track	मेरा अंतरमन डोले	sanaatana-vaigyaniq	Sanatan & Vedic	Sanskrit	Sanatan & Vedic; 🌍 [Chorus]; 🚀 [Chorus Reprise]	68	54	ffprobe-duration	false	_radio_index/suno_backup/lyrics/2026-04-21_803ae36b_मेट्रो दरवाजे़ बंद.txt
e48f5522-c4e9-43c9-8080-e6a097fa596c	catalog-track	मेट्रो दरवाज़े बंद	sanaatana-vaigyaniq	Sanatan & Vedic	Sanskrit	Afro-Phonk Fusion, Vedic Chanting, Modern Indian Folk, Neon-Sufi, Syncopated Dje; 🌍 [Chorus]; 🚀 [Chorus Reprise]	68	54	ffprobe-duration	false	_radio_index/suno_backup/lyrics/2026-04-21_e48f5522_मेट्रो दरवाजे़ बंद.txt
e4126f4b-d140-4061-9c2f-294733f12904	catalog-track	Animatrix Loading	sanaatana-vaigyaniq	Sanatan & Vedic	English	Afro-Phonk Fusion, Vedic Chanting, Modern Indian Folk, Neon-Sufi, Syncopated Dje; 🌍 [Chorus]; 🚀 [Chorus Reprise]	66	52	ffprobe-duration	false	_radio_index/suno_backup/lyrics/2026-04-21_e4126f4b_Animatrix Loading.txt
9aa4b117-b9b0-46de-9c7d-4e16fadb5159	catalog-track	Animatrix लोड	sanaatana-vaigyaniq	Sanatan & Vedic	English	Afro-Phonk Fusion, Vedic Chanting, Modern Indian Folk, Neon-Sufi, Syncopated Dje; 🌍 [Chorus]; 🚀 [Chorus Reprise]	66	52	ffprobe-duration	false	_radio_index/suno_backup/lyrics/2026-04-21_9aa4b117_Animatrix लोड.txt
40bc367c-0e8b-4773-800e-f68e8cf45f1e	catalog-track	Animatrix Loading	sanaatana-vaigyaniq	Sanatan & Vedic	English	Afro-Phonk Fusion, Vedic Chanting, Modern Indian Folk, Neon-Sufi, Syncopated Dje; 🌍 [Chorus]; 🚀 [Chorus Reprise]	66	52	ffprobe-duration	false	_radio_index/suno_backup/lyrics/2026-04-21_40bc367c_Animatrix Loading.txt
ad88ec20-844d-47ac-ae8e-5634a628daee	catalog-track	धरती का नून	kabir-clubbing	Rap & Fusion	Hindi	dark hindustani bhajan meets ambient trance d bhairavi 72 to 108 bpm male gri; Mukhda - slow, heavy, 72 BPM; Chorus 1 - tremolo sarangi enters; Chorus 2 - faster bow, more aggression; Antara 2 - tabla stops, only drone and sarangi, 8-bar break space; Chorus 3 - tabla returns, double-time feel; Chorus 4 - ironic, almost mocking, building tension; Chorus 5 - final, infinite reverb swell, tabla 16th-note rolls at 108 BPM; Outro - spoken, intimate, mic proximity exaggerated, detuned drone	57	57	ffprobe-duration	false	_radio_index/suno_backup/lyrics/2026-04-21_ad88ec20_धरती का नून.txt
47ed762a-d69b-40e3-8c6b-9feee3c9bd95	catalog-track	Animatrix लोड	sanaatana-vaigyaniq	Sanatan & Vedic	English	Afro-Phonk Fusion, Vedic Chanting, Modern Indian Folk, Neon-Sufi, Syncopated Dje; 🌍 [Chorus]; 🚀 [Chorus Reprise]	66	52	ffprobe-duration	false	_radio_index/suno_backup/lyrics/2026-04-21_47ed762a_Animatrix लोड.txt
a5469ce5-e8c0-40f9-86c7-934fe766e66a	catalog-track	चलते पर्वत	kabir-clubbing	Bhakti & Katha	Hindi	Bhakti & Katha; Mukhda - slow, heavy, 72 BPM; Chorus 1 - tremolo sarangi enters; Chorus 2 - faster bow, more aggression; Antara 2 - tabla stops, only drone and sarangi, 8-bar break space; Chorus 3 - tabla returns, double-time feel; Chorus 4 - ironic, almost mocking, building tension; Chorus 5 - final, infinite reverb swell, tabla 16th-note rolls at 108 BPM; Outro - spoken, intimate, mic proximity exaggerated, detuned drone	57	57	ffprobe-duration	false	_radio_index/suno_backup/lyrics/2026-04-21_a5469ce5_धरती का नून.txt
a1faf499-0ae9-40d2-ac91-2d8e83b55f0c	catalog-track	Animatrix लोडिंग	sanaatana-vaigyaniq	Sanatan & Vedic	English	Afro-Phonk Fusion, Vedic Chanting, Modern Indian Folk, Neon-Sufi, Syncopated Dje; 🌍 [Chorus]; 🚀 [Chorus Reprise]	66	52	ffprobe-duration	false	_radio_index/suno_backup/lyrics/2026-04-21_a1faf499_Animatrix लोडिंग.txt
64809c5c-f7d0-4faf-b884-c3a9e25efa99	catalog-track	**धून रे-साधो**	sanaatana-vaigyaniq	Classical & Raag	Hindi	[Genre: Hindustani classical meets dark ambient trance, Bhairavi raga, slow burn; Intro - spoken/sung breath; Chorus - build energy; Antara 1 - filter opening; Chorus 2 - more aggressive; Antara 2 - tabla drops, space; Chorus 3 - peak intensity; Climax - spoken-sung, reverb explosion; Outro - whisper fade	0	0	NULL	false	_radio_index/suno_backup/lyrics/2026-04-21_64809c5c__धून रे-साधो_.txt
d6049185-a418-4c6a-a1d9-fcc801c751b9	catalog-track	लाश हटाता	ameerpur	Desh / Patriotic	Hindi	Desh / Patriotic; Intro - spoken/sung breath; Chorus - build energy; Antara 1 - filter opening; Chorus 2 - more aggressive; Antara 2 - tabla drops, space; Chorus 3 - peak intensity; Climax - spoken-sung, reverb explosion; Outro - whisper fade	0	0	NULL	false	_radio_index/suno_backup/lyrics/2026-04-21_d6049185__धून रे-साधो_.txt
3b1bbfb3-e88d-49d5-91b4-f619dc802de3	catalog-track	मैं धरती का नून	sanaatana-vaigyaniq	Sanatan & Vedic	Sanskrit	Sanatan & Vedic; 4s reverb decay · tabla roll enters; ॰ CHORUS (0:33 – 1:25); ॰ CHORUS — Second Pass (2:06 – 2:35); ॰ CHORUS — Third Pass · Trance Build (3:16 – 3:48)	102	102	ffprobe-duration	false	_radio_index/suno_backup/lyrics/2026-04-21_3b1bbfb3_रेत में नमक.txt
7e0d2809-671f-4a5d-ac1b-393bdf43d3fb	catalog-track	रेत में नमक	gurukul	Other / Misc	Hindi	धरती का नून DHARTI KA NOON — Full Adlib & Reverb Annotated Score BPM / Tempo 72; 4s reverb decay · tabla roll enters; ॰ CHORUS (0:33 – 1:25); ॰ CHORUS — Second Pass (2:06 – 2:35); ॰ CHORUS — Third Pass · Trance Build (3:16 – 3:48)	102	102	ffprobe-duration	false	_radio_index/suno_backup/lyrics/2026-04-21_7e0d2809_रेत में नमक.txt
c2da4a42-4081-4f8b-bcce-99e67d38740e	catalog-track	Animatrix लोडिंग	sanaatana-vaigyaniq	Sanatan & Vedic	English	Afro-Phonk Fusion, Vedic Chanting, Modern Indian Folk, Neon-Sufi, Syncopated Dje; 🌍 [Chorus]; 🚀 [Chorus Reprise]	66	52	ffprobe-duration	false	_radio_index/suno_backup/lyrics/2026-04-21_c2da4a42_Animatrix लोडिंग.txt
b3e24cb5-dd86-475b-b84c-00356ec425f6	catalog-track	मेरा अंतरमन डोले	kabir-clubbing	Rap & Fusion	Hindi	Rap & Fusion; 🌍 [Chorus]; 🚀 [Chorus Reprise]	66	52	ffprobe-duration	false	_radio_index/suno_backup/lyrics/2026-04-21_b3e24cb5_Animatrix Loading.txt
12168a29-23fd-464a-8f32-b552fd6e4571	catalog-track	Animatrix Loading	gurukul	Other / Misc	English	Cyber-Sufi Afro-Phonk, Heavy Distorted 808 Bass, Cowbell Phonk Melody, Fast Sync; 🌍 [Chorus]; 🚀 [Chorus Reprise]	66	52	ffprobe-duration	false	_radio_index/suno_backup/lyrics/2026-04-21_12168a29_Animatrix Loading.txt
50efcdb2-3927-4d22-9dff-23ab30048e3e	catalog-track	मेरा अंतरमन डोले	kabir-clubbing	Rap & Fusion	Hindi	Rap & Fusion; 🌍 [Chorus]; 🚀 [Chorus Reprise]	65	51	ffprobe-duration	false	_radio_index/suno_backup/lyrics/2026-04-21_50efcdb2_मेट्रो डिब्बा मोबाइल.txt
8e51259c-2c1b-4d8c-9937-a9210c11f9e0	catalog-track	मेट्रो हम-डोल	gurukul	Other / Misc	Hindi	Dark Drift Phonk, Heavy Distorted 808 Bass, Cowbell Melody, Fast Afro-Phonk Perc; 🌍 [Chorus]; 🚀 [Chorus Reprise]	68	54	ffprobe-duration	false	_radio_index/suno_backup/lyrics/2026-04-21_8e51259c_मेट्रो हम-डोल.txt
eba6ef4c-4673-47d3-a972-ec071def7fc1	catalog-track	मेट्रो डिब्बा मोबाइल	gurukul	Other / Misc	Hindi	Cyber-Sufi Afro-Phonk, Heavy Distorted 808 Bass, Cowbell Phonk Melody, Fast Sync; 🌍 [Chorus]; 🚀 [Chorus Reprise]	65	51	ffprobe-duration	false	_radio_index/suno_backup/lyrics/2026-04-21_eba6ef4c_मेट्रो डिब्बा मोबाइल.txt
489eb949-4a6f-43a9-a57f-0c8d38c447f8	catalog-track	मेरा अंतरमन डोले	kabir-clubbing	Rap & Fusion	Hindi	Rap & Fusion; 🌍 [Chorus]; 🚀 [Chorus Reprise]	68	54	ffprobe-duration	false	_radio_index/suno_backup/lyrics/2026-04-21_489eb949_मेट्रो हम-डोल.txt
302d74f4-c980-41ab-9517-7315d88c6f17	catalog-track	Animatrix Bootloop	gurukul	Other / Misc	English	Dark Drift Phonk, Heavy Distorted 808 Bass, Cowbell Melody, Fast Afro-Phonk Perc; 🌍 [Chorus]; 🚀 [Chorus Reprise]	65	51	ffprobe-duration	false	_radio_index/suno_backup/lyrics/2026-04-21_302d74f4_Animatrix Bootloop.txt
fe9e7ab6-a016-4774-9a1e-43f4e2598a18	catalog-track	मेरा अंतरमन डोले	kabir-clubbing	Rap & Fusion	Hindi	Rap & Fusion; 🌍 [Chorus]; 🚀 [Chorus Reprise]	65	51	ffprobe-duration	false	_radio_index/suno_backup/lyrics/2026-04-21_fe9e7ab6_Animatrix Bootloop.txt
bbdbe9f0-9175-4132-989e-36fbc9b6ea40	catalog-track	मेरा अंतरमन डोले	kabir-clubbing	Rap & Fusion	Hindi	Rap & Fusion; Chorus; Chorus Reprise; Tempo Slows - Melancholic Erhu Solo	50	45	ffprobe-duration	false	_radio_index/suno_backup/lyrics/2026-04-21_bbdbe9f0_Animatrix Loading (Remastered).txt
6fdb63c2-38cc-46f4-9872-4c0d1fec3922	catalog-track	मेरा अंतरमन डोले	kabir-clubbing	Rap & Fusion	Hindi	Rap & Fusion; 🌍 [Chorus]; 🚀 [Chorus Reprise]	63	49	ffprobe-duration	false	_radio_index/suno_backup/lyrics/2026-04-21_6fdb63c2_मेरा अंतरमान डोले.txt
920539b8-cbfd-4c49-8404-bb0fbaa9dc11	catalog-track	मेरा अंतरमान डोले	gurukul	Other / Misc	Hindi	Dark Drift Phonk, Heavy Distorted 808 Bass, Cowbell Melody, Fast Afro-Phonk Perc; 🌍 [Chorus]; 🚀 [Chorus Reprise]	63	49	ffprobe-duration	false	_radio_index/suno_backup/lyrics/2026-04-21_920539b8_मेरा अंतरमान डोले.txt
f4537e0d-1ee4-43aa-886c-096606a8877f	catalog-track	Animatrix Loading (Remastered)	kabir-clubbing	Rap & Fusion	English	Dark Drift Phonk, Afrobeat percussion, Cyber-Sufi, Cinematic Space Atmosphere, H; Chorus; Chorus Reprise; Tempo Slows - Melancholic Erhu Solo	50	45	ffprobe-duration	false	_radio_index/suno_backup/lyrics/2026-04-21_f4537e0d_Animatrix Loading (Remastered).txt
a4a5bc5a-d81d-4f39-9713-104d788188ad	catalog-track	आ भी जा	gurukul	Other / Misc	Hindi	Other / Misc; Chorus - Rhythmic Pulse begins, Heavy Cello hits on every beat; Verse 2 - Tempo increases, Tabla & Djembe polyrhythms, Hazy atmosphere	25	20	ffprobe-duration	false	_radio_index/suno_backup/lyrics/2026-04-21_a4a5bc5a_Duduk Cello Oath.txt
1b6225a2-fb64-49aa-94db-802efe864623	catalog-track	Duduk Cello Oath	kabir-clubbing	Rap & Fusion	English	Cinematic World-Sufi Fusion, Avant-garde Qawwali, Mournful Armenian Duduk Intro,; Chorus - Rhythmic Pulse begins, Heavy Cello hits on every beat; Verse 2 - Tempo increases, Tabla & Djembe polyrhythms, Hazy atmosphere	25	20	ffprobe-duration	false	_radio_index/suno_backup/lyrics/2026-04-21_1b6225a2_Duduk Cello Oath.txt
55ff3fb9-78dd-47aa-954e-b679fb027780	catalog-track	Sanatan Data (Woodwinds)	sanaatana-vaigyaniq	Sanatan & Vedic	English	LYRICS:	0	0	NULL	false	_radio_index/suno_backup/lyrics/55ff3fb9-78dd-47aa-954e-b679fb027780.txt
750b55e5-c14a-4830-b809-46c5c268bb10	catalog-track	Sanatan Data (FX)	sanaatana-vaigyaniq	Sanatan & Vedic	English	LYRICS:	0	0	NULL	false	_radio_index/suno_backup/lyrics/750b55e5-c14a-4830-b809-46c5c268bb10.txt
6733d2a3-417b-48bc-860b-da829db4aea6	catalog-track	Sanatan Data (Brass)	sanaatana-vaigyaniq	Sanatan & Vedic	English	LYRICS:	0	0	NULL	false	_radio_index/suno_backup/lyrics/6733d2a3-417b-48bc-860b-da829db4aea6.txt
df9decba-6d7a-4b41-b934-ece15438bc04	catalog-track	Sanatan Data (Synth)	sanaatana-vaigyaniq	Sanatan & Vedic	English	LYRICS:	0	0	NULL	false	_radio_index/suno_backup/lyrics/df9decba-6d7a-4b41-b934-ece15438bc04.txt
4038805a-13f2-4ea4-8ebc-0aaf8b8d4a63	catalog-track	Sanatan Data (Strings)	sanaatana-vaigyaniq	Sanatan & Vedic	English	LYRICS:	0	0	NULL	false	_radio_index/suno_backup/lyrics/4038805a-13f2-4ea4-8ebc-0aaf8b8d4a63.txt
5b28d996-b797-44fd-84e6-91260239f99a	catalog-track	Sanatan Data (Percussion)	sanaatana-vaigyaniq	Sanatan & Vedic	English	LYRICS:	0	0	NULL	false	_radio_index/suno_backup/lyrics/5b28d996-b797-44fd-84e6-91260239f99a.txt
d52c5488-160e-4898-95b6-9aba85fc57b1	catalog-track	Sanatan Data (Keyboard)	sanaatana-vaigyaniq	Sanatan & Vedic	English	LYRICS:	0	0	NULL	false	_radio_index/suno_backup/lyrics/d52c5488-160e-4898-95b6-9aba85fc57b1.txt
06022320-56b7-4569-93f1-46ff24219ab6	catalog-track	Sanatan Data (Guitar)	sanaatana-vaigyaniq	Sanatan & Vedic	English	LYRICS:	0	0	NULL	false	_radio_index/suno_backup/lyrics/06022320-56b7-4569-93f1-46ff24219ab6.txt
b6eefd3b-f41e-41d8-9e90-857f3d92e322	catalog-track	Sanatan Data (Bass)	sanaatana-vaigyaniq	Sanatan & Vedic	English	LYRICS:	0	0	NULL	false	_radio_index/suno_backup/lyrics/b6eefd3b-f41e-41d8-9e90-857f3d92e322.txt
fcb87d9a-652c-460e-bc96-12071b018834	catalog-track	Sanatan Data (Drums)	sanaatana-vaigyaniq	Sanatan & Vedic	English	LYRICS:	0	0	NULL	false	_radio_index/suno_backup/lyrics/fcb87d9a-652c-460e-bc96-12071b018834.txt
fad79731-3877-425f-a565-dc7a091f1209	catalog-track	Sanatan Data (Vocals)	sanaatana-vaigyaniq	Sanatan & Vedic	English	Chorus; Chorus Reprise; Tempo Slows - Melancholic Erhu Solo	42	38	ffprobe-duration	false	_radio_index/suno_backup/lyrics/2026-04-21_fad79731_Sanatan Data (Vocals).txt
2df22d4b-e5ef-452e-9aae-60e2c60cfbb4	catalog-track	Sanatan Data (Backing Vocals)	sanaatana-vaigyaniq	Sanatan & Vedic	English	Chorus; Chorus Reprise; Tempo Slows - Melancholic Erhu Solo	42	38	ffprobe-duration	false	_radio_index/suno_backup/lyrics/2026-04-21_2df22d4b_Sanatan Data (Backing Vocals).txt
bff7af57-604d-4eb1-8620-88141375f222	catalog-track	Sanatan Data (Woodwinds)	sanaatana-vaigyaniq	Sanatan & Vedic	English	LYRICS:	0	0	NULL	false	_radio_index/suno_backup/lyrics/bff7af57-604d-4eb1-8620-88141375f222.txt
92163cc3-c08b-4c75-94ac-496254f1f521	catalog-track	Sanatan Data (Brass)	sanaatana-vaigyaniq	Sanatan & Vedic	English	LYRICS:	0	0	NULL	false	_radio_index/suno_backup/lyrics/92163cc3-c08b-4c75-94ac-496254f1f521.txt
fdc7c260-7895-4cf1-a49a-4c69b66d3ffd	catalog-track	Sanatan Data (FX)	sanaatana-vaigyaniq	Sanatan & Vedic	English	LYRICS:	0	0	NULL	false	_radio_index/suno_backup/lyrics/fdc7c260-7895-4cf1-a49a-4c69b66d3ffd.txt
3afc05ed-d817-4a5d-8bc7-283c5aabfd16	catalog-track	Sanatan Data (Synth)	sanaatana-vaigyaniq	Sanatan & Vedic	English	LYRICS:	0	0	NULL	false	_radio_index/suno_backup/lyrics/3afc05ed-d817-4a5d-8bc7-283c5aabfd16.txt
c34d5864-b138-4724-8ce0-42b8df09bc20	catalog-track	Sanatan Data (Percussion)	sanaatana-vaigyaniq	Sanatan & Vedic	English	LYRICS:	0	0	NULL	false	_radio_index/suno_backup/lyrics/c34d5864-b138-4724-8ce0-42b8df09bc20.txt
8fb6e001-23ae-46fd-864d-27f15ca9c8a9	catalog-track	Sanatan Data (Strings)	sanaatana-vaigyaniq	Sanatan & Vedic	English	LYRICS:	0	0	NULL	false	_radio_index/suno_backup/lyrics/8fb6e001-23ae-46fd-864d-27f15ca9c8a9.txt
30abfc96-11b2-4d86-b059-077e1cbd984c	catalog-track	Sanatan Data (Keyboard)	sanaatana-vaigyaniq	Sanatan & Vedic	English	LYRICS:	0	0	NULL	false	_radio_index/suno_backup/lyrics/30abfc96-11b2-4d86-b059-077e1cbd984c.txt
5c1e3da3-0ba0-4e42-ac96-403818537176	catalog-track	Sanatan Data (Guitar)	sanaatana-vaigyaniq	Sanatan & Vedic	English	LYRICS:	0	0	NULL	false	_radio_index/suno_backup/lyrics/5c1e3da3-0ba0-4e42-ac96-403818537176.txt
b20658c7-bce6-4c52-aa19-264349be1606	catalog-track	Sanatan Data (Bass)	sanaatana-vaigyaniq	Sanatan & Vedic	English	LYRICS:	0	0	NULL	false	_radio_index/suno_backup/lyrics/b20658c7-bce6-4c52-aa19-264349be1606.txt
a7d65933-ac13-4ad7-ab6a-5aa7d140a532	catalog-track	Sanatan Data (Drums)	sanaatana-vaigyaniq	Sanatan & Vedic	English	LYRICS:	0	0	NULL	false	_radio_index/suno_backup/lyrics/a7d65933-ac13-4ad7-ab6a-5aa7d140a532.txt
0e3e9b9c-f329-493b-a0a5-bc60ac1606d4	catalog-track	Sanatan Data (Backing Vocals)	sanaatana-vaigyaniq	Sanatan & Vedic	English	Chorus; Chorus Reprise; Tempo Slows - Melancholic Erhu Solo	42	38	ffprobe-duration	false	_radio_index/suno_backup/lyrics/2026-04-21_0e3e9b9c_Sanatan Data (Backing Vocals).txt
ebd8e4bb-3d61-4661-89bf-5f04d9c473fe	catalog-track	Sanatan Data (Vocals)	sanaatana-vaigyaniq	Sanatan & Vedic	English	Chorus; Chorus Reprise; Tempo Slows - Melancholic Erhu Solo	42	38	ffprobe-duration	false	_radio_index/suno_backup/lyrics/2026-04-21_ebd8e4bb_Sanatan Data (Vocals).txt
3e849ef6-8f9e-467f-b6cd-23ece1febccc	catalog-track	Animatrix Loading	kabir-clubbing	Rap & Fusion	English	Dark Drift Phonk, Afrobeat percussion, Cyber-Sufi, Cinematic Space Atmosphere, H; Chorus; Chorus Reprise; Tempo Slows - Melancholic Erhu Solo	50	45	ffprobe-duration	false	_radio_index/suno_backup/lyrics/2026-04-21_3e849ef6_Animatrix Loading.txt
eb94acbb-29cd-4d8f-8cfd-bc1845d25b66	catalog-track	Animatrix Loading	kabir-clubbing	Rap & Fusion	English	Dark Drift Phonk, Afrobeat percussion, Cyber-Sufi, Cinematic Space Atmosphere, H; Chorus; Chorus Reprise; Tempo Slows - Melancholic Erhu Solo	50	45	ffprobe-duration	false	_radio_index/suno_backup/lyrics/2026-04-21_eb94acbb_Animatrix Loading.txt
3580b58a-f911-4e7a-a531-b00a0b28b285	catalog-track	Sanatan Data	sanaatana-vaigyaniq	Sanatan & Vedic	English	Dark Drift Phonk, Afrobeat percussion, Cyber-Sufi, Cinematic Space Atmosphere, H; Chorus; Chorus Reprise; Tempo Slows - Melancholic Erhu Solo	42	38	ffprobe-duration	false	_radio_index/suno_backup/lyrics/2026-04-21_3580b58a_Sanatan Data.txt
2020dea5-b656-40ad-afab-e188b5b87eb4	catalog-track	Earth Station Static	kabir-clubbing	Rap & Fusion	English	Dark Drift Phonk, Afrobeat percussion, Cyber-Sufi, Cinematic Space Atmosphere, H; Chorus; Chorus Reprise; Tempo Slows - Melancholic Erhu Solo	25	21	ffprobe-duration	false	_radio_index/suno_backup/lyrics/2026-04-21_2020dea5_Earth Station Static.txt
3225dd25-cc33-46f2-a2ae-25251f5514bd	catalog-track	मेरा अंतरमन डोले	sanaatana-vaigyaniq	Sanatan & Vedic	Sanskrit	Sanatan & Vedic; Chorus; Chorus Reprise; Tempo Slows - Melancholic Erhu Solo	42	38	ffprobe-duration	false	_radio_index/suno_backup/lyrics/2026-04-21_3225dd25_Sanatan Data.txt
0d8bd230-e8fb-40c1-bd65-a1d4ba490f2a	catalog-track	मेरा अंतरमान डोले कितने आयाम	kabir-clubbing	Rap & Fusion	Hindi	Rap & Fusion; Chorus; Chorus Reprise; Tempo Slows - Melancholic Erhu Solo	25	21	ffprobe-duration	false	_radio_index/suno_backup/lyrics/2026-04-21_0d8bd230_Earth Station Static.txt
ba996ff1-61da-4e8f-8887-34fa43c9dd27	catalog-track	चुंग-चुंग गज़ब	gurukul	Other / Misc	Hindi	Indian Psychedelic Folk, Memphis Phonk, hypnotic Ektara loops, train rhythmic ch; Chorus; Chorus Reprise; Tempo slows down	18	14	ffprobe-duration	false	_radio_index/suno_backup/lyrics/2026-04-21_ba996ff1_चुंग-चुंग गज़ब.txt
da33ae1c-117f-41b3-9784-fe362d228637	catalog-track	मेरा अंतरमन डोले कितने आयाम	kabir-clubbing	Rap & Fusion	Hindi	Rap & Fusion; Chorus; Chorus Reprise; Tempo slows down	18	14	ffprobe-duration	false	_radio_index/suno_backup/lyrics/2026-04-21_da33ae1c_चुंग-चुंग गज़ब.txt
3c427c65-53cf-4f73-8314-f7c17ce91bfd	catalog-track	Train Chug-Chug चमत्कार	gurukul	Other / Misc	English	Indian Psychedelic Folk, Memphis Phonk, hypnotic Ektara loops, train rhythmic ch; Chorus; Chorus Reprise; Tempo slows down	18	14	ffprobe-duration	false	_radio_index/suno_backup/lyrics/2026-04-21_3c427c65_Train Chug-Chug चमत्कार.txt
ef0b0bee-7663-448a-879e-09acd3a01be8	catalog-track	मेरा अंतरमान डोले कितने आयामा	kabir-clubbing	Rap & Fusion	Hindi	Rap & Fusion; Chorus; Chorus Reprise; Tempo slows down	18	14	ffprobe-duration	false	_radio_index/suno_backup/lyrics/2026-04-21_ef0b0bee_Train Chug-Chug चमत्कार.txt
2fd61f04-cf7c-48c8-b0fc-88e954b400a3	catalog-track	सनातन ट्रेन	sanaatana-vaigyaniq	Sanatan & Vedic	Sanskrit	🌍 मुखड़ा (Chorus) – हिंदी / संस्कृत मिश्रित; 🔁 मुखड़ा (Chorus Reprise) – ग्रूव बढ़ता	20	18	ffprobe-duration	false	_radio_index/suno_backup/lyrics/2026-04-21_2fd61f04_सनातन ट्रेन.txt
f3bece2c-8fd5-4865-af7e-d5cc311fcaf9	catalog-track	प्यार प्यार प्यार रहे	sanaatana-vaigyaniq	Sanatan & Vedic	Sanskrit	Sanatan & Vedic; 🌍 मुखड़ा (Chorus) – हिंदी / संस्कृत मिश्रित; 🔁 मुखड़ा (Chorus Reprise) – ग्रूव बढ़ता	20	18	ffprobe-duration	false	_radio_index/suno_backup/lyrics/2026-04-21_f3bece2c_सनातन ट्रेन.txt
8a1552e3-f66a-47d5-9b8f-962ea1ca02d7	catalog-track	अधिनारा हँसी	gurukul	Other / Misc	Hindi	NULL	50	48	ffprobe-duration	false	_radio_index/suno_backup/lyrics/2026-04-21_8a1552e3_अधिनारा हँसी.txt
4755eedc-6653-4f47-a62c-4c49b907cf1d	catalog-track	🎵 नया गीत – "पंडित होने की कोशिश	sanaatana-vaigyaniq	Sanatan & Vedic	Sanskrit	Sanatan & Vedic	30	28	ffprobe-duration	false	_radio_index/suno_backup/lyrics/2026-04-21_4755eedc_पंडित होने की कोशिश.txt
3a04f1ee-76c8-4231-a913-8316bd017536	catalog-track	प्यार प्यार प्यार रहे	kabir-clubbing	Bhakti & Katha	Hindi	Bhakti & Katha	50	48	ffprobe-duration	false	_radio_index/suno_backup/lyrics/2026-04-21_3a04f1ee_अधिनारा हँसी.txt
5b648092-0e75-4f22-95e2-5ee3f1cfe456	catalog-track	पंडित होने की कोशिश	gurukul	Other / Misc	Hindi	NULL	30	28	ffprobe-duration	false	_radio_index/suno_backup/lyrics/2026-04-21_5b648092_पंडित होने की कोशिश.txt
376451ac-cca7-45f8-888b-707b3fce09ba	catalog-track	अंक 1 – शहर	kabir-clubbing	Bhakti & Katha	Hindi	Bhakti & Katha	36	36	ffprobe-duration	false	_radio_index/suno_backup/lyrics/2026-04-20_376451ac_आंसू तौल-मोल.txt
dbccc64f-268b-4c67-b479-32878a298eab	catalog-track	आंसू तौल-मोल	kabir-clubbing	Bhakti & Katha	Hindi	[Artist: P.H.K.D. (Pure Honest Kabir Driven) Genre: Trans UX, use ambience sound	36	36	ffprobe-duration	false	_radio_index/suno_backup/lyrics/2026-04-20_dbccc64f_आंसू तौल-मोल.txt
2f8b76a0-2fea-4f3f-9f7f-09611a2f27d7	catalog-track	माटी घट-विक्री	kabir-clubbing	Bhakti & Katha	Hindi	[Artist: P.H.K.D. (Pure Honest Kabir Driven) Genre: Spiritual Phonk / Cinematic; Chorus - Hindi/Kabir; Chorus - Hindi Repeat	34	27	ffprobe-duration	false	_radio_index/suno_backup/lyrics/2026-04-20_2f8b76a0_माटी घट-विक्री.txt
134c2704-6219-40e0-ac0d-cb7ea6ad4857	catalog-track	कबीरा न रो	kabir-clubbing	Bhakti & Katha	Hindi	Bhakti & Katha; Chorus - Hindi/Kabir; Chorus - Hindi Repeat	34	27	ffprobe-duration	false	_radio_index/suno_backup/lyrics/2026-04-20_134c2704_माटी घट-विक्री.txt
e7929024-f570-473c-9c81-bd82372023c1	catalog-track	कबीरा नमक मंडी	kabir-clubbing	Bhakti & Katha	Hindi	[Artist: P.H.K.D. (Pure Honest Kabir Driven) Genre: Spiritual Phonk / Cinematic; Chorus - Hindi/Kabir; Chorus - Hindi Repeat	34	27	ffprobe-duration	false	_radio_index/suno_backup/lyrics/2026-04-20_e7929024_कबीरा नमक मंडी.txt
cd4e2b2c-3363-4c01-81bd-4482ad356954	catalog-track	कबीरा नमक मंडी	kabir-clubbing	Bhakti & Katha	Hindi	[Artist: P.H.K.D. (Pure Honest Kabir Driven) Genre: Spiritual Phonk / Cinematic; Chorus - Hindi/Kabir; Chorus - Hindi Repeat	34	27	ffprobe-duration	false	_radio_index/suno_backup/lyrics/2026-04-20_cd4e2b2c_कबीरा नमक मंडी.txt
5b609e38-5b63-4174-ab7f-05565cfb36bd	catalog-track	कबीरा न रो	kabir-clubbing	Bhakti & Katha	Hindi	Bhakti & Katha; Chorus - Hindi/Kabir; Chorus - Hindi repeat	13	13	ffprobe-duration	false	_radio_index/suno_backup/lyrics/2026-04-19_5b609e38_Saltless Tears.txt
064fb6c2-bf1e-4247-8603-1a4228fd88b0	catalog-track	Saltless Tears	kabir-clubbing	Rap & Fusion	English	[Genre: Afrobeat, Indian folk fusion, Telugu folk, Tamil folk, Bangla folk, Erhu; Chorus - Hindi/Kabir; Chorus - Hindi repeat	13	13	ffprobe-duration	false	_radio_index/suno_backup/lyrics/2026-04-19_064fb6c2_Saltless Tears.txt
e81cfcda-4146-4974-97ad-0def356a7395	catalog-track	नमक सनक	kabir-clubbing	Rap & Fusion	Hindi	[Genre: Afrobeat, Chinese folk fusion, Erhu, Guzheng, talking drum, deep bass, s; Intro - Erhu solo with soft talking drum, slow, meditative; Spoken word - male voice over Guzheng and bass drone; Chorus - Afrobeat groove with Erhu stab, call and response; Verse 1 - Afroflow, low rap style, Guzheng plucks in background; Chorus - with Erhu and brass together, full groove; Outro - slow, Erhu solo, spoken word fading	41	34	ffprobe-duration	false	_radio_index/suno_backup/lyrics/2026-04-19_e81cfcda_नमक सनक.txt
a8149b61-2d92-49dc-953c-4ada38600bae	catalog-track	कबीरा न रो	kabir-clubbing	Bhakti & Katha	Hindi	Bhakti & Katha; Intro - Erhu solo with soft talking drum, slow, meditative; Spoken word - male voice over Guzheng and bass drone; Chorus - Afrobeat groove with Erhu stab, call and response; Verse 1 - Afroflow, low rap style, Guzheng plucks in background; Chorus - with Erhu and brass together, full groove; Outro - slow, Erhu solo, spoken word fading	41	34	ffprobe-duration	false	_radio_index/suno_backup/lyrics/2026-04-19_a8149b61_नमक सनक.txt
a908fdd1-014a-4f0a-8f1d-eb3e613a3396	catalog-track	Kabira Sanak	kabir-clubbing	Bhakti & Katha	English	[Genre: Afrobeat, Chinese folk, Erhu, Guzheng, Telugu folk, Tamil folk, Bangla f; Intro - Erhu solo over talking drum and bass drone, slow, meditative, then Guzheng glissando; Spoken word - male voice, slow, broken; Chorus 1 - Hindi, male vocal, Afrobeat groove with Erhu stab, call and response; Verse 1 - Hindi, male low rap flow, Afrobeat + Guzheng plucks; Chorus 2 - Hindi, full brass and Erhu, crowd chant feel; Chorus 3 - Hindi, half-time, emotional, Erhu long note; Bridge 3 - Bangla, female vocal, very slow, almost crying, flute or Erhu; Outro - all languages overlapping, slow fade, talking drum solo, then Erhu long sad note	63	47	ffprobe-duration	false	_radio_index/suno_backup/lyrics/2026-04-19_a908fdd1_Kabira Sanak.txt
3018222c-053b-4835-ac77-5369dfc07619	catalog-track	कबीरा न रो	kabir-clubbing	Bhakti & Katha	Hindi	Bhakti & Katha; Intro - Erhu solo over talking drum and bass drone, slow, meditative, then Guzheng glissando; Spoken word - male voice, slow, broken; Chorus 1 - Hindi, male vocal, Afrobeat groove with Erhu stab, call and response; Verse 1 - Hindi, male low rap flow, Afrobeat + Guzheng plucks; Chorus 2 - Hindi, full brass and Erhu, crowd chant feel; Chorus 3 - Hindi, half-time, emotional, Erhu long note; Bridge 3 - Bangla, female vocal, very slow, almost crying, flute or Erhu; Outro - all languages overlapping, slow fade, talking drum solo, then Erhu long sad note	63	47	ffprobe-duration	false	_radio_index/suno_backup/lyrics/2026-04-19_3018222c_Kabira Sanak.txt
aa1881d9-c310-46ae-a942-bbcdeaa35490	catalog-track	नमक की सनक	kabir-clubbing	Rap & Fusion	Hindi	[Genre: World fusion, Afrobeat, Chinese Erhu, Telugu Nadhaswaram, Tamil Thavil,; Intro - Only Chinese Erhu and soft talking drum, meditative, slow; Spoken word - male, only deep bass drone, no drums; Chorus 1 - Hindi, Afrobeat groove + Talking drum lead; Chorus 2 - Hindi, full Afrobeat + Talking drum + Erhu stab; Verse 2 - Hindi, slower, Highlife guitar + Ektara (बांग्ला एकतारा) drone; Chorus 3 - Hindi, half-time, emotional, only Talking drum and Erhu	84	62	ffprobe-duration	false	_radio_index/suno_backup/lyrics/2026-04-19_aa1881d9_नमक की सनक.txt
75a7a676-5662-4f89-b35d-b1f787192f99	catalog-track	कबीरा न रो	kabir-clubbing	Bhakti & Katha	Hindi	Bhakti & Katha; Intro - Only Chinese Erhu and soft talking drum, meditative, slow; Spoken word - male, only deep bass drone, no drums; Chorus 1 - Hindi, Afrobeat groove + Talking drum lead; Chorus 2 - Hindi, full Afrobeat + Talking drum + Erhu stab; Verse 2 - Hindi, slower, Highlife guitar + Ektara (बांग्ला एकतारा) drone; Chorus 3 - Hindi, half-time, emotional, only Talking drum and Erhu	84	62	ffprobe-duration	false	_radio_index/suno_backup/lyrics/2026-04-19_75a7a676_नमक की सनक.txt
119e5763-3ed3-4801-b36d-5146d62459cb	catalog-track	कबीरा न रो	kabir-clubbing	Bhakti & Katha	Hindi	Bhakti & Katha; Intro - spoken word with soft talking drum and bass drone, slow tempo; Chorus - melodic, call and response, upbeat groove, brass hit, talking drum roll; Verse 1 - low melodic rap style, Afroflow, deep bass; Chorus - with brass hits and talking drum fill; Chorus - double force, full band, crowd chant style; Outro - slow, spoken word style, only talking drum and bass drone, fading	32	32	ffprobe-duration	false	_radio_index/suno_backup/lyrics/2026-04-19_119e5763_कबीरा न रो.txt
b893c0fe-1e67-4f62-9a13-005c52b42182	catalog-track	कबीरा न रो	kabir-clubbing	Bhakti & Katha	Hindi	[Genre: Afrobeat, Afro-fusion, Indian folk fusion, spiritual, philosophical, tal; Intro - spoken word with soft talking drum and bass drone, slow tempo; Chorus - melodic, call and response, upbeat groove, brass hit, talking drum roll; Verse 1 - low melodic rap style, Afroflow, deep bass; Chorus - with brass hits and talking drum fill; Chorus - double force, full band, crowd chant style; Outro - slow, spoken word style, only talking drum and bass drone, fading	32	32	ffprobe-duration	false	_radio_index/suno_backup/lyrics/2026-04-19_b893c0fe_कबीरा न रो.txt
2e0e6ce6-2cc7-486b-a473-7cb8e45e78e8	catalog-track	Kabira na ro	kabir-clubbing	Bhakti & Katha	English	Bhakti & Katha; Intro - spoken word with soft talking drum and bass drone; Chorus - melodic call and response, upbeat groove; Verse 1 - low melodic rap style, Afroflow; Chorus - with brass hits and talking drum roll	20	20	ffprobe-duration	false	_radio_index/suno_backup/lyrics/2026-04-19_2e0e6ce6_Paisa Sanak.txt
531d0f3b-bd07-4bf6-8d1d-242097d6a447	catalog-track	Paisa Sanak	kabir-clubbing	Rap & Fusion	English	[Genre: Afrobeat, Afro-fusion, Nigerian folk, Indian folk fusion, talking drum,; Intro - spoken word with soft talking drum and bass drone; Chorus - melodic call and response, upbeat groove; Verse 1 - low melodic rap style, Afroflow; Chorus - with brass hits and talking drum roll	20	20	ffprobe-duration	false	_radio_index/suno_backup/lyrics/2026-04-19_531d0f3b_Paisa Sanak.txt
2b9f2515-2617-4f67-93ba-594138f00b7a	catalog-track	पहाड़ा सत्तालोलुप	gurukul	Other / Misc	Hindi	[Genre: Viral Funk, Hindi Disco, Ghetto Funk, Bollywood Bass, TikTok Dance Chall; CHORUS - 0:35-0:50 - Big, danceable, repeat twice	37	32	ffprobe-duration	false	_radio_index/suno_backup/lyrics/2026-04-19_2b9f2515_पहाडा़ सत्तालोलुप.txt
b9b2a6e0-f8d8-4111-b187-f3d395a61245	catalog-track	नेता नेमा — नमकहराम	kabir-clubbing	Bhakti & Katha	Hindi	Bhakti & Katha; CHORUS - 0:35-0:50 - Big, danceable, repeat twice	37	32	ffprobe-duration	false	_radio_index/suno_backup/lyrics/2026-04-19_b9b2a6e0_पहाडा़ सत्तालोलुप.txt
d16e0a51-7641-4ea2-9b3d-6c5316629611	catalog-track	चार सौ बीस	ameerpur	Desh / Patriotic	Hindi	Desh / Patriotic; VERSE 1 - 0:20-0:45 - Fast, quotable, shareable clips	34	30	ffprobe-duration	false	_radio_index/suno_backup/lyrics/2026-04-19_d16e0a51_गधा पहलवान.txt
2ff31d7c-3d3c-4c10-8f2d-d61355484a92	catalog-track	गधा पहलवान	gurukul	Other / Misc	Hindi	[Genre: Viral Funk, Hindi Dance Pop, Ghetto Funk, Bollywood Bass, TikTok Ready,; VERSE 1 - 0:20-0:45 - Fast, quotable, shareable clips	34	30	ffprobe-duration	false	_radio_index/suno_backup/lyrics/2026-04-19_2ff31d7c_गधा पहलवान.txt
6f0d30c8-5d5b-48d1-afb1-e5c08aefc694	catalog-track	नेता एकम नेता	ameerpur	Desh / Patriotic	Hindi	Desh / Patriotic; Verse 1 - slow aggressive rap with industrial beat; Chorus - shouted, heavy reverb, bass drop; Verse 2 - faster rap, glitching vocals; Chorus - repeat with more distortion; Chorus - half-time, heavy bass; Outro - slow fade, distorted whispers, glitch	29	29	ffprobe-duration	false	_radio_index/suno_backup/lyrics/2026-04-19_6f0d30c8_नेता एकम डेटा.txt
0ee9ebdc-e004-4d32-a610-eebd7d83bb83	catalog-track	झूठ के नाम हज़ार.. सत्य घर में बेनाम	sanaatana-vaigyaniq	Sanatan & Vedic	Sanskrit	Sanatan & Vedic	24	19	ffprobe-duration	false	_radio_index/suno_backup/lyrics/2026-04-19_0ee9ebdc_डमरू तांडव.txt
7925c2fc-1f6f-4aac-aa53-3cd7eadd9fbd	catalog-track	नेता एकम डेटा	kabir-clubbing	Rap & Fusion	Hindi	[Genre: Cyberpunk, Industrial Hip-Hop, Hindi Protest Rap, Dark Synthwave] [BPM:; Verse 1 - slow aggressive rap with industrial beat; Chorus - shouted, heavy reverb, bass drop; Verse 2 - faster rap, glitching vocals; Chorus - repeat with more distortion; Chorus - half-time, heavy bass; Outro - slow fade, distorted whispers, glitch	29	29	ffprobe-duration	false	_radio_index/suno_backup/lyrics/2026-04-19_7925c2fc_नेता एकम डेटा.txt
9d4efeb8-a43d-43e2-9bd9-aa8ec1017c23	catalog-track	डमरू तांडव	kabir-clubbing	Rap & Fusion	Hindi	Acoustic Ritual Trance. 140 BPM. NO ELECTRONICS. Raw human claps, sharp metallic	24	19	ffprobe-duration	false	_radio_index/suno_backup/lyrics/2026-04-19_9d4efeb8_डमरू तांडव.txt
d192c358-e056-42b1-87ac-fb68c6578234	catalog-track	ॐ झं! झौं! झीं! फटक मार	sanaatana-vaigyaniq	Sanatan & Vedic	Sanskrit	Sanatan & Vedic; Chorus - Intense Energy; Bridge - Slow & Meditative	22	15	ffprobe-duration	false	_radio_index/suno_backup/lyrics/2026-04-19_d192c358_झूठ-ध्वनि साधन.txt
200924f6-fd97-4641-9ce1-dc0071add716	catalog-track	झूठ-ध्वनि साधन	kabir-clubbing	Rap & Fusion	Hindi	100% Acoustic Ritual Folk, Neural Trance, No Electronic Instruments. Raw and hy; Chorus - Intense Energy; Bridge - Slow & Meditative	22	15	ffprobe-duration	false	_radio_index/suno_backup/lyrics/2026-04-19_200924f6_झूठ-ध्वनि साधन.txt
676e99b3-6ffb-4c8a-b389-dcdc0ac45ece	catalog-track	न नाश	sanaatana-vaigyaniq	Sanatan & Vedic	Sanskrit	Sanatan & Vedic; Intro - Atmospheric & Cinematic; Verse 1 - Aggressive Rap; Chorus - Epic & Anthemic; Verse 2 - Fast Flow	32	30	ffprobe-duration	false	_radio_index/suno_backup/lyrics/2026-04-19_676e99b3_शंख-कोड गूँज.txt
97a3a9b7-6579-4077-8f26-19f8c61113b4	catalog-track	शंख-कोड गूँज	sanaatana-vaigyaniq	Sanatan & Vedic	Sanskrit	Genre: Fast-Paced Trap / Melodic Rap Neural Futurism Tempo: 150 BPM (High Energy; Intro - Atmospheric & Cinematic; Verse 1 - Aggressive Rap; Chorus - Epic & Anthemic; Verse 2 - Fast Flow	32	30	ffprobe-duration	false	_radio_index/suno_backup/lyrics/2026-04-19_97a3a9b7_शंख-कोड गूँज.txt
a8db0e7b-ca71-4345-9952-aebc3c4d9c7d	catalog-track	शून्य शंख-पैड	sanaatana-vaigyaniq	Sanatan & Vedic	Sanskrit	Atmospheric Afro-Zen x Deep Minimalism. 110 BPM. Texture: आवाज़ों के बजाय 'Space	28	21	ffprobe-duration	false	_radio_index/suno_backup/lyrics/2026-04-18_a8db0e7b_शून्य शंख-पैड.txt
a780eeee-8325-40dc-91b9-a2a2ee4a7515	catalog-track	मिटा दे नाम को	sanaatana-vaigyaniq	Sanatan & Vedic	Sanskrit	Sanatan & Vedic	28	21	ffprobe-duration	false	_radio_index/suno_backup/lyrics/2026-04-18_a780eeee_शून्य शंख-पैड.txt
4a506fe2-5611-45d3-8b3c-5636aa1122bf	catalog-track	रूह से फकीर	kabir-clubbing	Rap & Fusion	Hindi	Rap & Fusion	37	27	ffprobe-duration	false	_radio_index/suno_backup/lyrics/2026-04-17_4a506fe2_करुणा-शस्त्र विधान.txt
510031ab-3950-43ea-bcb9-b2e19ede7eb2	catalog-track	करुणा-शस्त्र विधान	gurukul	Other / Misc	Hindi	Zen-Drill x Afro-Phonk. 110 BPM. Soundscape: शुरुआत एक बहुत ही शांत 'Tibetan Bow	37	27	ffprobe-duration	false	_radio_index/suno_backup/lyrics/2026-04-17_510031ab_करुणा-शस्त्र विधान.txt
0d363331-c315-4e90-8f78-300af99db0c0	catalog-track	Degrees? Those are for the students	kabir-clubbing	Rap & Fusion	English	Rap & Fusion	37	26	ffprobe-duration	false	_radio_index/suno_backup/lyrics/2026-04-17_0d363331_P.H.K.D. Shatter.txt
80022ecf-60fd-434c-9110-3782fd30a128	catalog-track	P.H.K.D. Shatter	gurukul	Other / Misc	English	Industrial Afro-Drill with a "Boss-Level" Cinematic Intro. 110 BPM. Vibe: Defian	37	26	ffprobe-duration	false	_radio_index/suno_backup/lyrics/2026-04-17_80022ecf_P.H.K.D. Shatter.txt
fad3edfd-8f23-410c-82fb-282dbdd51c59	catalog-track	पंडित हेमंत कुमार... दीक्षित	sanaatana-vaigyaniq	Sanatan & Vedic	Sanskrit	Sanatan & Vedic	32	24	ffprobe-duration	false	_radio_index/suno_backup/lyrics/2026-04-17_fad3edfd_शून्य-लय पंडित.txt
be8830ac-7a68-434c-b532-0d602396c088	catalog-track	शून्य-लय पंडित	sanaatana-vaigyaniq	Sanatan & Vedic	Sanskrit	Cinematic Afro-Drill x Vedic Industrial. 110 BPM. Vocal: Deep, commanding barito	32	24	ffprobe-duration	false	_radio_index/suno_backup/lyrics/2026-04-17_be8830ac_शून्य-लय पंडित.txt
5fc639fe-7b5a-4ff3-b972-17f25f8a13f4	catalog-track	शून्य-शोर अकाल	sanaatana-vaigyaniq	Sanatan & Vedic	Sanskrit	Neo-Vedic Phonk meets Afro-Drill. 110 BPM. Instrumentation: > * Intro (0:00-0:0; (Beat fades out to the same Lo-fi Harmonium from the Intro)	41	30	ffprobe-duration	false	_radio_index/suno_backup/lyrics/2026-04-17_5fc639fe_शून्य-शोर अकाल.txt
9bc77208-c25b-427f-8860-d87651658f49	catalog-track	अंखिया न देखूँ	kabir-clubbing	Bhakti & Katha	Hindi	Bhakti & Katha	41	30	ffprobe-duration	false	_radio_index/suno_backup/lyrics/2026-04-17_9bc77208_अंखिया मूँद.txt
2a18d142-6534-4a1d-a2da-00703e7e9621	catalog-track	अंखिया मूँद	gurukul	Other / Misc	Hindi	Style/Genre: Afro-house meets Sexy Drill meets Indian Bhajan, 110 BPM, heavy log	41	30	ffprobe-duration	false	_radio_index/suno_backup/lyrics/2026-04-17_2a18d142_अंखिया मूँद.txt
2c6b5c78-e36b-43aa-b1c2-7fb8770902d3	catalog-track	शून्य के भीतर शोर खड़ा है	sanaatana-vaigyaniq	Sanatan & Vedic	Sanskrit	Sanatan & Vedic; (Beat fades out to the same Lo-fi Harmonium from the Intro)	41	30	ffprobe-duration	false	_radio_index/suno_backup/lyrics/2026-04-17_2c6b5c78_शून्य-शोर अकाल.txt
889cb216-db14-474f-9186-192f838f34cf	catalog-track	Kabir Clubdevotion	kabir-clubbing	Bhakti & Katha	English	Style/Genre: Afro-house meets Sexy Drill meets Indian Bhajan, 110 BPM, heavy log; Intro - 8 sec, only log drum + harmonium; Verse 1 - Afro-Drill, slow rap, whispered + occasional bhajan cry; Hook - repeat, add claps; Bridge - only 808 + harmonium, spoken; Outro - beat cuts, single harmonium note	17	17	ffprobe-duration	false	_radio_index/suno_backup/lyrics/2026-04-17_889cb216_Kabir Clubdevotion.txt
cc885ad5-533d-4658-97f5-c6ba2a9a87cc	catalog-track	अंखिया मूँद	gurukul	Other / Misc	Hindi	Style/Genre: Afro-house meets Sexy Drill meets Indian Bhajan, 110 BPM, heavy log	41	30	ffprobe-duration	false	_radio_index/suno_backup/lyrics/2026-04-17_cc885ad5_अंखिया मूँद.txt
e1953d58-6e85-4b69-9fa0-b2a991ba6816	catalog-track	अंखिया मूँद	gurukul	Other / Misc	Hindi	Style/Genre: Afro-house meets Sexy Drill meets Indian Bhajan, 110 BPM, heavy log	41	30	ffprobe-duration	false	_radio_index/suno_backup/lyrics/2026-04-17_e1953d58_अंखिया मूँद.txt
de9697c5-2352-4e2d-b84e-6f5ba6d6e35e	catalog-track	Kabir Shayo Groove	kabir-clubbing	Bhakti & Katha	English	[style: Afro-house meets Sexy Drill meets Indian Bhajan, 110 BPM, log drums, con; Intro - 8 sec, only log drum + harmonium; Verse 1 - Afro-Drill, slow rap, whispered + occasional bhajan cry; Hook - repeat, add claps; Bridge - only 808 + harmonium, spoken; Outro - beat cuts, single harmonium note	17	17	ffprobe-duration	false	_radio_index/suno_backup/lyrics/2026-04-17_de9697c5_Kabir Shayo Groove.txt
9f37476d-d3d6-4986-94f7-243dd1767838	catalog-track	बंद आँखों से प्रत्यक्ष	kabir-clubbing	Bhakti & Katha	Hindi	Bhakti & Katha; Intro - 8 sec, only log drum + harmonium; Verse 1 - Afro-Drill, slow rap, whispered + occasional bhajan cry; Hook - repeat, add claps; Bridge - only 808 + harmonium, spoken; Outro - beat cuts, single harmonium note	17	17	ffprobe-duration	false	_radio_index/suno_backup/lyrics/2026-04-17_9f37476d_Kabir Clubdevotion.txt
3d8b096f-9f2a-4def-815f-b12ca6b1d3de	catalog-track	Kabir Shayo Groove	kabir-clubbing	Bhakti & Katha	English	[style: Afro-house meets Sexy Drill meets Indian Bhajan, 110 BPM, log drums, con; Intro - 8 sec, only log drum + harmonium; Verse 1 - Afro-Drill, slow rap, whispered + occasional bhajan cry; Hook - repeat, add claps; Bridge - only 808 + harmonium, spoken; Outro - beat cuts, single harmonium note	17	17	ffprobe-duration	false	_radio_index/suno_backup/lyrics/2026-04-17_3d8b096f_Kabir Shayo Groove.txt
4f57a0d7-1f5e-47fe-a249-405c77fc2ddf	catalog-track	Kabir Pillar Collapse	kabir-clubbing	Bhakti & Katha	English	[style: devotional drill, Indian bhajan meets Sexy Drill, 60 BPM, harmonium + he; Soft 808 rumble + distant harmonium + whisper; Verse 1 — Kabir style, harmonium + tabla, open voice; Chorus — both, 808 + harmonium together, voice breaks into whisper; Verse 2 — Sexy Drill style, slow rap, low voice, heavy 808, soft pads; Chorus — repeat, darker, more bass, both voices layered; Beat cuts, only a single 808 hit + harmonium drone fading	27	27	ffprobe-duration	false	_radio_index/suno_backup/lyrics/2026-04-17_4f57a0d7_Kabir Pillar Collapse.txt
e512512c-6e61-42ce-8ccc-8fd96d37f200	catalog-track	Sahair Real Deal	gurukul	Other / Misc	English	[style: Indian folk bhajan meets West Coast G-Funk hip-hop, slow tempo, harmoniu; [Intro] — Tanpura drone + vinyl crackle; Chorus — both; Verse 2 — Snoop style, slow rap; [Outro] — harmonium + 808 fade	10	10	ffprobe-duration	false	_radio_index/suno_backup/lyrics/2026-04-17_e512512c_Sahair Real Deal.txt
55944a75-e58c-47d0-b0fd-0053dcf655e5	catalog-track	बंद आँखों से प्रत्यक्ष	kabir-clubbing	Bhakti & Katha	Hindi	Bhakti & Katha; Soft 808 rumble + distant harmonium + whisper; Verse 1 — Kabir style, harmonium + tabla, open voice; Chorus — both, 808 + harmonium together, voice breaks into whisper; Verse 2 — Sexy Drill style, slow rap, low voice, heavy 808, soft pads; Chorus — repeat, darker, more bass, both voices layered; Beat cuts, only a single 808 hit + harmonium drone fading	27	27	ffprobe-duration	false	_radio_index/suno_backup/lyrics/2026-04-17_55944a75_Kabir Pillar Collapse.txt
5a96815a-5320-4ebb-83ad-5088f4d5119f	catalog-track	कुचली पुचली लोरी	gurukul	Other / Misc	Hindi	Lullaby, Indian Folk, Soft Female or Male Vocals, Harmonium, Gentle Tabla, Bansu; Chorus - slow, sleepy, repeated; Chorus - repeat, slower	20	18	ffprobe-duration	false	_radio_index/suno_backup/lyrics/2026-04-17_5a96815a_कुचली पुचली लोरी.txt
261bc9a5-7397-48d4-8adb-d5ddf5d4b2c5	catalog-track	Eyes closed	kabir-clubbing	Bhakti & Katha	English	Bhakti & Katha; [Intro] — Tanpura drone + vinyl crackle; Chorus — both; Verse 2 — Snoop style, slow rap; [Outro] — harmonium + 808 fade	10	10	ffprobe-duration	false	_radio_index/suno_backup/lyrics/2026-04-17_261bc9a5_Sahair Real Deal.txt
57e5c812-cb4c-4121-8851-0bb1adf03ea3	catalog-track	बंद आँखों का प्रत्यक्ष	gurukul	Other / Misc	Hindi	गीत का शीर्षक: बंद आँखों का प्रत्यक्ष [style: Indian folk, bhajan, slow-medium	27	27	ffprobe-duration	false	_radio_index/suno_backup/lyrics/2026-04-17_57e5c812_बंद आँखों का प्रत्यक्ष.txt
55b087c3-f3be-437a-9900-27fd029e6c9c	catalog-track	अधूरे से मंत्रों में पूर्ण की परिकल्पना	kabir-clubbing	Bhakti & Katha	Hindi	Bhakti & Katha	27	27	ffprobe-duration	false	_radio_index/suno_backup/lyrics/2026-04-17_55b087c3_बंद आँखों का प्रत्यक्ष.txt
f3e731fd-6f31-461c-a2a6-3b473777fab5	catalog-track	कुचली पुचली लोरी	gurukul	Other / Misc	Hindi	Lullaby, Indian Folk, Soft Female or Male Vocals, Harmonium, Gentle Tabla, Bansu; Chorus - slow, sleepy, repeated; Chorus - repeat, slower	20	18	ffprobe-duration	false	_radio_index/suno_backup/lyrics/2026-04-17_f3e731fd_कुचली पुचली लोरी.txt
b37c71bb-dbeb-4ae3-99d2-7debde5ee2be	catalog-track	ला ला ला... सो जा रे	ameerpur	Love & Virah	Hindi	Love & Virah; Chorus - slow, sleepy, repeated; Chorus - repeat, slower	20	18	ffprobe-duration	false	_radio_index/suno_backup/lyrics/2026-04-17_b37c71bb_कुचली पुचली सो जा.txt
35f7f955-01dd-4c65-bbbd-ba0e87bf0900	catalog-track	कुचली पुचली सो जा	gurukul	Other / Misc	Hindi	Lullaby, Indian Folk, Soft Female or Male Vocals, Harmonium, Gentle Tabla, Bansu; Chorus - slow, sleepy, repeated; Chorus - repeat, slower	20	18	ffprobe-duration	false	_radio_index/suno_backup/lyrics/2026-04-17_35f7f955_कुचली पुचली सो जा.txt
a3921a5e-3468-4352-82c7-464bbbbdee6f	catalog-track	कुचली-पुचली लाला	gurukul	Other / Misc	Hindi	Sufi, Indian Folk, Acoustic Lullaby, Soft Male Vocals, Harmonium, Tabla, Sitar,; Intro - spoken, soft harmonium; Chorus - soft, playful, like a lullaby; Chorus; Chorus - fuller, warmer; Chorus - emotional, full; Bridge - slow, meditative	40	40	ffprobe-duration	false	_radio_index/suno_backup/lyrics/2026-04-17_a3921a5e_कुचली-पुचली लाला.txt
5bb71084-6ab7-4e1b-b9d2-1b1f5dcd962a	catalog-track	ला ला ला ला ला ला	kabir-clubbing	Bhakti & Katha	Hindi	Bhakti & Katha; Intro - spoken, soft harmonium; Chorus - soft, playful, like a lullaby; Chorus; Chorus - fuller, warmer; Chorus - emotional, full; Bridge - slow, meditative	40	40	ffprobe-duration	false	_radio_index/suno_backup/lyrics/2026-04-17_5bb71084_कुचली-पुचली लाला.txt
3118ddf7-ffd5-4762-a8c4-74a78371a3e4	catalog-track	कुचली पुचली लाला	gurukul	Other / Misc	Hindi	[Style: Sufi, Acoustic Lullaby, Indian Folk, Soft Male Vocals, Harmonium, Tabla,; Intro - spoken, Kabir style, with soft harmonium; Chorus - soft, playful, fatherly, like a lullaby; Chorus; Chorus - slightly building emotion; Chorus - fuller, warmer; Bridge - Kabir, slow, deep, wise; Outro - very soft, almost whisper, harmonium fading; Fade out with soft tabla and harmonium	37	37	ffprobe-duration	false	_radio_index/suno_backup/lyrics/2026-04-17_3118ddf7_कुचली पुचली लाला.txt
23ec5f01-efef-4073-8948-4870619c32c9	catalog-track	ला ला ला ला ला ला	kabir-clubbing	Bhakti & Katha	Hindi	Bhakti & Katha; Intro - spoken, Kabir style, with soft harmonium; Chorus - soft, playful, fatherly, like a lullaby; Chorus; Chorus - slightly building emotion; Chorus - fuller, warmer; Bridge - Kabir, slow, deep, wise; Outro - very soft, almost whisper, harmonium fading; Fade out with soft tabla and harmonium	37	37	ffprobe-duration	false	_radio_index/suno_backup/lyrics/2026-04-17_23ec5f01_कुचली पुचली लाला.txt
9feeffc6-46ed-4d5d-9f48-82803d34d8ca	catalog-track	ला ला ला ला ला ला	kabir-clubbing	Bhakti & Katha	Hindi	Bhakti & Katha	40	40	ffprobe-duration	false	_radio_index/suno_backup/lyrics/2026-04-17_9feeffc6_कुचली पुचली लाला.txt
38523b11-2e31-40ac-bdc6-03bfd30b1186	catalog-track	कुचली पुचली लाला	kabir-clubbing	Rap & Fusion	Hindi	Indian folk fusion, bansuri flute, meditative drone, cyberpunk eastern, raw kab	40	40	ffprobe-duration	false	_radio_index/suno_backup/lyrics/2026-04-17_38523b11_कुचली पुचली लाला.txt
d296596e-d584-45b6-85f0-188c6772452a	catalog-track	ईश्वर एक बहरूपिया	sanaatana-vaigyaniq	Sanatan & Vedic	Sanskrit	Sanatan & Vedic; VERSE 0 - slow, sacred, spoken over ambient pad, no beat; BEAT DROPS - hyper rap mode; VERSE 1 - fast, raw, double time, male vocal; VERSE 2 - hyper rap, cyber flow, dual vocal; VERSE 3 - final hyper rap, neural overload	76	76	ffprobe-duration	false	_radio_index/suno_backup/lyrics/2026-04-17_d296596e_बहरूपिया-ऑनलाइन.txt
96a7ddf6-2c5b-44ad-b1db-16634387d175	catalog-track	बहरूपिया-ऑनलाइन	kabir-clubbing	Rap & Fusion	Hindi	Indian folk fusion, bansuri flute, meditative drone, cyberpunk eastern, raw kab; VERSE 0 - slow, sacred, spoken over ambient pad, no beat; BEAT DROPS - hyper rap mode; VERSE 1 - fast, raw, double time, male vocal; VERSE 2 - hyper rap, cyber flow, dual vocal; VERSE 3 - final hyper rap, neural overload	76	76	ffprobe-duration	false	_radio_index/suno_backup/lyrics/2026-04-17_96a7ddf6_बहरूपिया-ऑनलाइन.txt
d65dfcf3-c12e-4e51-9d93-f6f106c0ca3f	catalog-track	Baharupiya Reboot	kabir-clubbing	Bhakti & Katha	English	[Style: Cyberpunk + Hyper Rap + Neural Lo-fi + Raw Kabir + Time Travel Vibe + Da; VERSE 0 - slow, sacred, spoken over ambient pad, no beat; BEAT DROPS - hyper rap mode; VERSE 1 - fast, raw, double time, male vocal; VERSE 2 - hyper rap, cyber flow, dual vocal; VERSE 3 - final hyper rap, neural overload	76	76	ffprobe-duration	false	_radio_index/suno_backup/lyrics/2026-04-17_d65dfcf3_Baharupiya Reboot.txt
0af7e65f-47a4-4c0f-aed2-53fa90952fb4	catalog-track	Baharupiya Reboot	kabir-clubbing	Bhakti & Katha	English	[Style: Cyberpunk + Hyper Rap + Neural Lo-fi + Raw Kabir + Time Travel Vibe + Da; VERSE 0 - slow, sacred, spoken over ambient pad, no beat; BEAT DROPS - hyper rap mode; VERSE 1 - fast, raw, double time, male vocal; VERSE 2 - hyper rap, cyber flow, dual vocal; VERSE 3 - final hyper rap, neural overload	76	76	ffprobe-duration	false	_radio_index/suno_backup/lyrics/2026-04-17_0af7e65f_Baharupiya Reboot.txt
b60cb4ba-3ab7-4c77-868c-3d2af99231ee	catalog-track	पत्थर बुत	sanaatana-vaigyaniq	Classical & Raag	Hindi	cyberpunk+hyper rap + classical + narrator=divine awakening	30	30	ffprobe-duration	false	_radio_index/suno_backup/lyrics/2026-04-17_b60cb4ba_पत्थर बुत.txt
507a1183-07e8-4762-b317-b03c850a9f66	catalog-track	॥ महा-काव्य: आदि-अनंत ॥	kabir-clubbing	Rap & Fusion	Hindi	Rap & Fusion	30	30	ffprobe-duration	false	_radio_index/suno_backup/lyrics/2026-04-17_507a1183_पत्थर बुत.txt
19a9d094-81bf-4578-af5a-103ad79c94f8	catalog-track	चक्रव्यूह' —अभिमन्यु की तरह हर इंसान इन 'चार लोग	kabir-clubbing	Rap & Fusion	Hindi	Rap & Fusion	18	18	ffprobe-duration	false	_radio_index/suno_backup/lyrics/2026-04-17_19a9d094_चार पर्चे खर्चा.txt
96dc0ed7-a8a1-4c68-ac02-b6ff0d8c8fab	catalog-track	चार पर्चे खर्चा	sanaatana-vaigyaniq	Classical & Raag	Hindi	hyper rap + classical + narrator=divine awakening	18	18	ffprobe-duration	false	_radio_index/suno_backup/lyrics/2026-04-17_96dc0ed7_चार पर्चे खर्चा.txt
cd7f3a61-d005-4eac-aecc-373368cd6ccb	catalog-track	॥ रूह-देह संवाद: आदि से अनंत ॥	ameerpur	Love & Virah	Hindi	Love & Virah	35	35	ffprobe-duration	false	_radio_index/suno_backup/lyrics/2026-04-17_cd7f3a61_पत्थर बुत.txt
7024a723-80fe-4ead-8ec4-4372a3bb4e7b	catalog-track	पत्थर बुत	gurukul	Other / Misc	Hindi	NULL	35	35	ffprobe-duration	false	_radio_index/suno_backup/lyrics/2026-04-17_7024a723_पत्थर बुत.txt
4086da7e-a7d2-40ff-8851-44664db08a56	catalog-track	सर्द झोंके	sanaatana-vaigyaniq	Classical & Raag	Hindi	Indian classical, Raga Darbari Kanhada, slow alap intro, deep dark mood, tanpura; Intro: Raga Darbari Kanhada alap, tanpura drone, cold wind, slow, no beat; Alap on "सां - ध - प - म - ग - म - रे - स" — 10 seconds; Spoken over drone, soft reverb, in Kanhada mood; Verse 1: relaxed flow, 75 BPM, no raga, just drill beat; Hook: Raga Darbari Kanhada, slow, 60 BPM, tanpura returns, light bass, emotional; Verse 2: faster flow, double-time, 140 BPM, drill beat; Hook: Raga Darbari Kanhada repeat, layered vocals, more intensity; Bridge: acapella, Raga Darbari Kanhada, tanpura only, no beat, spoken-sung, minimal reverb; Verse 3: aggressive drill, 90 BPM, punchy, raw; Outro: slow fade, Raga Darbari Kanhada returns, wind sound, whispered	48	48	ffprobe-duration	false	_radio_index/suno_backup/lyrics/2026-04-16_4086da7e_सर्द झोंके.txt
143c21d0-d594-407b-b732-0b8d048a530c	catalog-track	सर्द झोंके	sanaatana-vaigyaniq	Classical & Raag	Hindi	Indian classical, Raga Darbari Kanhada, slow alap intro, deep dark mood, tanpura; Intro: Raga Darbari Kanhada alap, tanpura drone, cold wind, slow, no beat; Alap on "सां - ध - प - म - ग - म - रे - स" — 10 seconds; Spoken over drone, soft reverb, in Kanhada mood; Verse 1: relaxed flow, 75 BPM, no raga, just drill beat; Hook: Raga Darbari Kanhada, slow, 60 BPM, tanpura returns, light bass, emotional; Verse 2: faster flow, double-time, 140 BPM, drill beat; Hook: Raga Darbari Kanhada repeat, layered vocals, more intensity; Bridge: acapella, Raga Darbari Kanhada, tanpura only, no beat, spoken-sung, minimal reverb; Verse 3: aggressive drill, 90 BPM, punchy, raw; Outro: slow fade, Raga Darbari Kanhada returns, wind sound, whispered	48	48	ffprobe-duration	false	_radio_index/suno_backup/lyrics/2026-04-16_143c21d0_सर्द झोंके.txt
f3d54008-8c4c-4587-9e7f-360cd09bb378	catalog-track	सर्द झोंके-ड्रिल	sanaatana-vaigyaniq	Classical & Raag	Hindi	Soprano textures, Indian classical, Raga Darbari Kanhada, slow alap intro, deep; Intro: Raga Darbari Kanhada alap, tanpura drone, cold wind, slow, no beat; Alap on "सां - ध - प - म - ग - म - रे - स" — 10 seconds; Spoken over drone, soft reverb, in Kanhada mood; Verse 1: relaxed flow, 75 BPM, no raga, just drill beat; Hook: Raga Darbari Kanhada, slow, 60 BPM, tanpura returns, light bass, emotional; Verse 2: faster flow, double-time, 140 BPM, drill beat; Hook: Raga Darbari Kanhada repeat, layered vocals, more intensity; Bridge: acapella, Raga Darbari Kanhada, tanpura only, no beat, spoken-sung, minimal reverb; Verse 3: aggressive drill, 90 BPM, punchy, raw; Outro: slow fade, Raga Darbari Kanhada returns, wind sound, whispered	48	48	ffprobe-duration	false	_radio_index/suno_backup/lyrics/2026-04-16_f3d54008_सर्द झोंके-ड्रिल.txt
01bede88-dab1-420a-a9d1-2fd6f4f8b71b	catalog-track	सर्द झोंके-ड्रिल	sanaatana-vaigyaniq	Classical & Raag	Hindi	Soprano textures, Indian classical, Raga Darbari Kanhada, slow alap intro, deep; Intro: Raga Darbari Kanhada alap, tanpura drone, cold wind, slow, no beat; Alap on "सां - ध - प - म - ग - म - रे - स" — 10 seconds; Spoken over drone, soft reverb, in Kanhada mood; Verse 1: relaxed flow, 75 BPM, no raga, just drill beat; Hook: Raga Darbari Kanhada, slow, 60 BPM, tanpura returns, light bass, emotional; Verse 2: faster flow, double-time, 140 BPM, drill beat; Hook: Raga Darbari Kanhada repeat, layered vocals, more intensity; Bridge: acapella, Raga Darbari Kanhada, tanpura only, no beat, spoken-sung, minimal reverb; Verse 3: aggressive drill, 90 BPM, punchy, raw; Outro: slow fade, Raga Darbari Kanhada returns, wind sound, whispered	48	48	ffprobe-duration	false	_radio_index/suno_backup/lyrics/2026-04-16_01bede88_सर्द झोंके-ड्रिल.txt
c0070cfc-f61e-4c18-9854-d401c1d1ccc9	catalog-track	लम्स-ए-हवा रोया	gurukul	Other / Misc	Hindi	Haunting Female Vocals, Soprano textures, Cinematic Urdu Drill, 140 BPM, Melodic; Drop: Deep sub-bass, rhythmic drill hi-hats, soft cinematic strings; Bridge: Acapella, soft melodic runs, cinematic atmosphere	28	28	ffprobe-duration	false	_radio_index/suno_backup/lyrics/2026-04-16_c0070cfc_लम्स-ए-हवा रोया.txt
958e690b-3e28-4eb1-9fa5-e1bd4d2435c2	catalog-track	गुमान था कि तन्हाई में सुकूँ मिलेगा मुझे	kabir-clubbing	Rap & Fusion	Hindi	Rap & Fusion; Drop: Deep sub-bass, rhythmic drill hi-hats, soft cinematic strings; Bridge: Acapella, soft melodic runs, cinematic atmosphere	28	28	ffprobe-duration	false	_radio_index/suno_backup/lyrics/2026-04-16_958e690b_लम्स-ए-हवा रोया.txt
18f8e3e2-f827-4ebf-8bd3-61acd858385d	catalog-track	سर्द جھونکے سایہ	gurukul	Other / Misc	Hindi	Dark Cinematic Urdu Drill, Emotional Atmospheric Intro, 140 BPM, Heavy Sliding 8; Drop: Cinematic heavy 808 bass, drill percussion, dark sarangi loop; Verse 1: Relaxed flow, punchy, 75 BPM; Hook: Melodic, slow, emotional, deep reverb; Verse 2: Faster flow, double-time, aggressive, 140 BPM; Verse 3: Triumphant, fast-paced, high energy	28	28	ffprobe-duration	false	_radio_index/suno_backup/lyrics/2026-04-16_18f8e3e2_سर्द جھونکے سایہ.txt
1e4e9b8a-2308-4cca-aa41-81c3c0d6b743	catalog-track	سर्द جھونکے سایہ	gurukul	Other / Misc	Hindi	Dark Cinematic Urdu Drill, Emotional Atmospheric Intro, 140 BPM, Heavy Sliding 8; Drop: Cinematic heavy 808 bass, drill percussion, dark sarangi loop; Verse 1: Relaxed flow, punchy, 75 BPM; Hook: Melodic, slow, emotional, deep reverb; Verse 2: Faster flow, double-time, aggressive, 140 BPM; Verse 3: Triumphant, fast-paced, high energy	28	28	ffprobe-duration	false	_radio_index/suno_backup/lyrics/2026-04-16_1e4e9b8a_سर्द جھونکے سایہ.txt
e7c87a7c-4f0b-438c-8846-2b6ff056e7a6	catalog-track	लम्स-ए-हवा	sanaatana-vaigyaniq	Classical & Raag	Hindi	Indian classical, Raga Darbari Kanhada, slow alap intro, deep dark mood, tanpura; Intro: Raga Darbari Kanhada alap, tanpura drone, cold wind, slow, no beat; Alap on "सां - ध - प - म - ग - म - रे - स" — 10 seconds; Spoken over drone, soft reverb, in Kanhada mood; Verse 1: relaxed flow, 75 BPM, no raga, just drill beat; Hook: Raga Darbari Kanhada, slow, 60 BPM, tanpura returns, light bass, emotional; Verse 2: faster flow, double-time, 140 BPM, drill beat; Hook: Raga Darbari Kanhada repeat, layered vocals, more intensity; Bridge: acapella, Raga Darbari Kanhada, tanpura only, no beat, spoken-sung, minimal reverb; Verse 3: aggressive drill, 90 BPM, punchy, raw; Outro: slow fade, Raga Darbari Kanhada returns, wind sound, whispered	48	48	ffprobe-duration	false	_radio_index/suno_backup/lyrics/2026-04-16_e7c87a7c_लम्स-ए-हवा.txt
8d30c99c-2bb7-4bcc-b193-5a78f1af4af6	catalog-track	गुमान था कि तन्हाई में सुकूँ मिलेगा मुझे	kabir-clubbing	Rap & Fusion	Hindi	Rap & Fusion; Intro: Raga Darbari Kanhada alap, tanpura drone, cold wind, slow, no beat; Alap on "सां - ध - प - म - ग - म - रे - स" — 10 seconds; Spoken over drone, soft reverb, in Kanhada mood; Verse 1: relaxed flow, 75 BPM, no raga, just drill beat; Hook: Raga Darbari Kanhada, slow, 60 BPM, tanpura returns, light bass, emotional; Verse 2: faster flow, double-time, 140 BPM, drill beat; Hook: Raga Darbari Kanhada repeat, layered vocals, more intensity; Bridge: acapella, Raga Darbari Kanhada, tanpura only, no beat, spoken-sung, minimal reverb; Verse 3: aggressive drill, 90 BPM, punchy, raw; Outro: slow fade, Raga Darbari Kanhada returns, wind sound, whispered	48	48	ffprobe-duration	false	_radio_index/suno_backup/lyrics/2026-04-16_8d30c99c_लम्स-ए-हवा.txt
fb4055fe-37de-4a6c-a098-7c00c77c048f	catalog-track	Lams-e-Hawa Drone	sanaatana-vaigyaniq	Classical & Raag	English	Indian classical, Raga Darbari Kanhada, slow alap intro, deep dark mood, tanpura; Intro: Raga Darbari Kanhada alap, tanpura drone, cold wind, slow, no beat; Alap on "सां - ध - प - म - ग - म - रे - स" — 10 seconds; Spoken over drone, soft reverb, in Kanhada mood; Verse 1: relaxed flow, 75 BPM, no raga, just drill beat; Hook: Raga Darbari Kanhada, slow, 60 BPM, tanpura returns, light bass, emotional; Verse 2: faster flow, double-time, 140 BPM, drill beat; Hook: Raga Darbari Kanhada repeat, layered vocals, more intensity; Bridge: acapella, Raga Darbari Kanhada, tanpura only, no beat, spoken-sung, minimal reverb; Verse 3: aggressive drill, 90 BPM, punchy, raw; Outro: slow fade, Raga Darbari Kanhada returns, wind sound, whispered	48	48	ffprobe-duration	false	_radio_index/suno_backup/lyrics/2026-04-16_fb4055fe_Lams-e-Hawa Drone.txt
0e22ce3a-a007-42f4-a89c-1a5ef6ebc4f4	catalog-track	गुमान था कि तन्हाई में सुकूँ मिलेगा मुझे	kabir-clubbing	Rap & Fusion	Hindi	Rap & Fusion; Intro: Raga Darbari Kanhada alap, tanpura drone, cold wind, slow, no beat; Alap on "सां - ध - प - म - ग - म - रे - स" — 10 seconds; Spoken over drone, soft reverb, in Kanhada mood; Verse 1: relaxed flow, 75 BPM, no raga, just drill beat; Hook: Raga Darbari Kanhada, slow, 60 BPM, tanpura returns, light bass, emotional; Verse 2: faster flow, double-time, 140 BPM, drill beat; Hook: Raga Darbari Kanhada repeat, layered vocals, more intensity; Bridge: acapella, Raga Darbari Kanhada, tanpura only, no beat, spoken-sung, minimal reverb; Verse 3: aggressive drill, 90 BPM, punchy, raw; Outro: slow fade, Raga Darbari Kanhada returns, wind sound, whispered	48	48	ffprobe-duration	false	_radio_index/suno_backup/lyrics/2026-04-16_0e22ce3a_Lams-e-Hawa Drone.txt
9e091800-f3fb-4c79-8a1e-09783a3f3392	catalog-track	गुमान था कि तन्हाई में सुकूँ मिलेगा मुझे	ameerpur	Desh / Patriotic	Hindi	Desh / Patriotic; Verse 1: relaxed flow, 75 BPM; Hook: melodic, slower, 60 BPM, emotional; Verse 2: faster flow, double-time, 140 BPM; Verse 3: aggressive, punchy, 90 BPM; Outro: slow fade, wind sound, whispered	95	95	ffprobe-duration	false	_radio_index/suno_backup/lyrics/2026-04-16_9e091800_लम्स-ए-हवा रोया.txt
1826d08a-5fb4-4ab4-adb0-4163baf9acfc	catalog-track	लम्स-ए-हवा रोया	ameerpur	Love & Virah	Hindi	Drill, Urdu/Hindi poetry, Ghazal elements, slow melodic hook, heavy 808 bass, em; Verse 1: relaxed flow, 75 BPM; Hook: melodic, slower, 60 BPM, emotional; Verse 2: faster flow, double-time, 140 BPM; Verse 3: aggressive, punchy, 90 BPM; Outro: slow fade, wind sound, whispered	95	95	ffprobe-duration	false	_radio_index/suno_backup/lyrics/2026-04-16_1826d08a_लम्स-ए-हवा रोया.txt
5c1e1843-62f8-4103-9861-23f07e11ce12	catalog-track	गुमान था कि तन्हाई में सुकूँ मिलेगा मुझे	ameerpur	Desh / Patriotic	Hindi	Desh / Patriotic; Verse 1: relaxed flow, 75 BPM; Hook: melodic, slower, 60 BPM, emotional; Verse 2: faster flow, double-time, 140 BPM; Verse 3: aggressive, punchy, 90 BPM; Outro: slow fade, wind sound, whispered	47	47	ffprobe-duration	false	_radio_index/suno_backup/lyrics/2026-04-16_5c1e1843_लम्स-ए-हवा सर्द.txt
ef834e73-a6e2-4dc4-a69f-cf8697e9de12	catalog-track	लम्स-ए-हवा सर्द	ameerpur	Love & Virah	Hindi	Drill, Urdu/Hindi poetry, Ghazal elements, slow melodic hook, heavy 808 bass, em; Verse 1: relaxed flow, 75 BPM; Hook: melodic, slower, 60 BPM, emotional; Verse 2: faster flow, double-time, 140 BPM; Verse 3: aggressive, punchy, 90 BPM; Outro: slow fade, wind sound, whispered	47	47	ffprobe-duration	false	_radio_index/suno_backup/lyrics/2026-04-16_ef834e73_लम्स-ए-हवा सर्द.txt
d797f61d-e2f9-435d-b724-45791d7e898d	catalog-track	Radif : ...जिया न गया	kabir-clubbing	Rap & Fusion	English	Rap & Fusion; Verse 1: Drill – Mid-tempo, laid-back (≈75 BPM); Hook: Ghazal Style – Slow, melodic (≈60 BPM), with Radif; Verse 2: Drill – Faster flow, double-time (≈140 BPM); Bridge: Ghazal Sher – Acapella or minimal piano/drone; Verse 3: Drill – Climax, raw, aggressive (≈90 BPM, punchy); Outro: Ghazal Maqta – Poet's signature, slow fade	59	48	ffprobe-duration	false	_radio_index/suno_backup/lyrics/2026-04-16_d797f61d_लम्स-ए-हवा साया.txt
a1a5dd9d-4535-4bdc-aef8-0471e275049f	catalog-track	लम्स-ए-हवा साया	ameerpur	Love & Virah	Hindi	[Intro] – Spoken word / wind sound (Ghazal mood) [DROP] – Heavy 808 + drill per; Verse 1: Drill – Mid-tempo, laid-back (≈75 BPM); Hook: Ghazal Style – Slow, melodic (≈60 BPM), with Radif; Verse 2: Drill – Faster flow, double-time (≈140 BPM); Bridge: Ghazal Sher – Acapella or minimal piano/drone; Verse 3: Drill – Climax, raw, aggressive (≈90 BPM, punchy); Outro: Ghazal Maqta – Poet's signature, slow fade	59	48	ffprobe-duration	false	_radio_index/suno_backup/lyrics/2026-04-16_a1a5dd9d_लम्स-ए-हवा साया.txt
68117724-c78f-4788-b723-577b30f31f69	catalog-track	लम्स-ए-हवा साया	gurukul	Other / Misc	Hindi	Cinematic Hip-Hop, Dark Drill, 140 BPM, Deep Sub-bass, Atmospheric Wind SFX Intr; Outro: Slow Fade with Wind Sound	19	19	ffprobe-duration	false	_radio_index/suno_backup/lyrics/2026-04-16_68117724_लम्स-ए-हवा साया.txt
49b598f9-6112-492d-98e5-28979537fdc4	catalog-track	जो अभी इक लम्स-ए-हवा बन कर गुज़रा	kabir-clubbing	Rap & Fusion	Hindi	Rap & Fusion; Outro: Slow Fade with Wind Sound	19	19	ffprobe-duration	false	_radio_index/suno_backup/lyrics/2026-04-16_49b598f9_लम्स-ए-हवा साया.txt
38638635-c5dc-4adf-a993-68d94475738d	catalog-track	जो अभी एक झोंका हवा का गया	kabir-clubbing	Rap & Fusion	Hindi	Rap & Fusion; Intro: Ambient Wind Sound / Reverb-heavy	17	17	ffprobe-duration	false	_radio_index/suno_backup/lyrics/2026-04-16_38638635_झोंका सच.txt
4b0c2c01-f4bd-4229-85d2-c39b1e719b8a	catalog-track	झोंका हवा	gurukul	Other / Misc	Hindi	Cinematic Hip-Hop, Dark Drill, 140 BPM, Deep Sub-bass, Atmospheric Wind SFX Intr; Intro: Ambient Wind Sound / Reverb-heavy	17	17	ffprobe-duration	false	_radio_index/suno_backup/lyrics/2026-04-16_4b0c2c01_झोंका हवा.txt
d2d8b4cd-bbfb-47c4-a65f-d009691f616a	catalog-track	झोंका हवा	gurukul	Other / Misc	Hindi	Cinematic Hip-Hop, Dark Drill, 140 BPM, Deep Sub-bass, Atmospheric Wind SFX Intr; Intro: Ambient Wind Sound / Reverb-heavy	17	17	ffprobe-duration	false	_radio_index/suno_backup/lyrics/2026-04-16_d2d8b4cd_झोंका हवा.txt
55c3b42c-b321-4d8e-982f-b33f33fd17a4	catalog-track	झोंका सच	gurukul	Other / Misc	Hindi	Cinematic Hip-Hop, Dark Drill, 140 BPM, Deep Sub-bass, Atmospheric Wind SFX Intr; Intro: Ambient Wind Sound / Reverb-heavy	17	17	ffprobe-duration	false	_radio_index/suno_backup/lyrics/2026-04-16_55c3b42c_झोंका सच.txt
340e22ab-5a0e-4a4e-9138-9bece1f77dd1	catalog-track	मैं दौड़ता रहा	ameerpur	Haryanvi Folk	Haryanvi	Haryanvi Folk; Intro: Deep Drone & Static Noise; Outro - Golden Glow / Slow Pulse	29	29	ffprobe-duration	false	_radio_index/suno_backup/lyrics/2026-04-16_340e22ab_१०० साल टोरी.txt
617e2c52-66f1-4c4c-9a88-37b2388e34c9	catalog-track	ये... हिस्स्स... इस-इस-इस-इस... टोरी	sanaatana-vaigyaniq	Sanatan & Vedic	Sanskrit	Sanatan & Vedic; Verse 1: Fast Rhythmic Delivery; Character: The Sage - Deep Bass Voice, Slow; Chorus: The Comma Glitch - Panned Voices	25	25	ffprobe-duration	false	_radio_index/suno_backup/lyrics/2026-04-16_617e2c52_दादा चेन टोरी.txt
c6626624-b9b4-4338-9550-008f9f82502f	catalog-track	दादा चेन टोरी	sanaatana-vaigyaniq	Sanatan & Vedic	Sanskrit	Cinematic Dark Vedic-Trap, 90 BPM Hypnotic Shamanic Pulse, Multi-vocal arrangeme; Verse 1: Fast Rhythmic Delivery; Character: The Sage - Deep Bass Voice, Slow; Chorus: The Comma Glitch - Panned Voices	25	25	ffprobe-duration	false	_radio_index/suno_backup/lyrics/2026-04-16_c6626624_दादा चेन टोरी.txt
950bf07f-98a2-4abb-ab2d-2cae95ac004e	catalog-track	१०० साल टोरी	kabir-clubbing	Rap & Fusion	Hindi	शीर्षक: १०० साल (हिस्स्स... टोरी) Style: Dark Experimental Folk-Trap. Descriptio; Intro: Deep Drone & Static Noise; Outro - Golden Glow / Slow Pulse	29	29	ffprobe-duration	false	_radio_index/suno_backup/lyrics/2026-04-16_950bf07f_१०० साल टोरी.txt
4d6f705f-a026-4060-a32f-77594f87a633	catalog-track	Log Kahte Hain	gurukul	Other / Misc	English	Meditative Sufi Qawwali, 432Hz deep drone, Cinematic Ambient, Ethereal Armenian; Mukurrari - Slow & Meditative; Chorus / Mukurrari; Antara 3 - Powerful Drums & Claps	48	42	ffprobe-duration	false	_radio_index/suno_backup/lyrics/2026-04-15_4d6f705f_Log Kahte Hain.txt
54bf5f39-3312-4413-8690-fc756c1e073b	catalog-track	लोग कहते हैं तेरे होने से मेरी तदबीर तबाह है	kabir-clubbing	Bhakti & Katha	Hindi	Bhakti & Katha; Mukurrari - Slow & Meditative; Chorus / Mukurrari; Antara 3 - Powerful Drums & Claps	48	42	ffprobe-duration	false	_radio_index/suno_backup/lyrics/2026-04-15_54bf5f39_Log Kahte Hain.txt
dc660165-69b6-427e-bf5d-63ad71c4fe72	catalog-track	क्या बताऊँ	kabir-clubbing	Bhakti & Katha	Hindi	Bhakti & Katha	78	78	ffprobe-duration	false	_radio_index/suno_backup/lyrics/2026-04-15_dc660165_Khaki Naata.txt
2571d6ce-4581-46f0-979a-ad146a326d31	catalog-track	Chirag-Hawa Saza	gurukul	Other / Misc	English	[Style: Sufi Qawwali, Male vocal solo and ensemble, No instruments, Only human v	78	78	ffprobe-duration	false	_radio_index/suno_backup/lyrics/2026-04-15_2571d6ce_Chirag-Hawa Saza.txt
e34d5702-04b2-4e44-8ee0-ba8fa513b3f9	catalog-track	Khaki Naata	gurukul	Other / Misc	English	[Style: Sufi Qawwali, Male vocal solo and ensemble, No instruments, Only human v	78	78	ffprobe-duration	false	_radio_index/suno_backup/lyrics/2026-04-15_e34d5702_Khaki Naata.txt
1ce73d27-b360-4dfa-8533-a54c5e1743b0	catalog-track	क्या बयाँ करूँ	kabir-clubbing	Bhakti & Katha	Hindi	Bhakti & Katha	78	78	ffprobe-duration	false	_radio_index/suno_backup/lyrics/2026-04-15_1ce73d27_Chirag-Hawa Saza.txt
eb83681b-2fdb-4f0f-b17b-e4d834c5e311	catalog-track	تدبیرِ خاک	gurukul	Other / Misc	Hindi	[Style: Sufi Qawwali, Male vocal solo and ensemble, No instruments, Only human v	79	79	ffprobe-duration	false	_radio_index/suno_backup/lyrics/2026-04-15_eb83681b_تدبیرِ خاک.txt
42b244c3-4969-4900-a05f-905ab4afdd3a	catalog-track	क्या बयाँ करूँ	kabir-clubbing	Bhakti & Katha	Hindi	Bhakti & Katha	79	79	ffprobe-duration	false	_radio_index/suno_backup/lyrics/2026-04-15_42b244c3_تدبیرِ خاک.txt
87fea1fe-2c22-4af4-a777-87a8b62cc57a	catalog-track	Tadbeer Barbaad	kabir-clubbing	Rap & Fusion	English	[Style: Sufi Qawwali mixed with modern Beatbox, Acoustic, Spiritual, Mystical, S; Structure: Intro → Mukarrari → Antara 1 → Mukarrari → Antara 2 → Mukarrari → Antara 3 → Mukarrari → Maana (slow, silent) → Final Mukarrari (broken) → Dua (a cappella) → Fade out; Mukarrari: Chorus, slow to medium, full ensemble; Antara 1: Slow, philosophical, male solo then chorus joins; Mukarrari: Repeat chorus, slightly faster; Antara 2: Medium tempo, question-answer style, handclaps; Mukarrari: Repeat chorus, faster, full ensemble; Antara 3: Fast, Punjabi-Braj mix, beatbox energy, high energy; Mukarrari: Repeat chorus, fastest, full power, peak energy; Maana: Very slow, almost silent, single male voice only, no beatbox, only breath, whisper-like, deep pause between lines; Final Mukarrari: Broken, fading, single voice then whispers, like a heartbeat stopping, very slow, no beatbox, only voice; Dua: A cappella, no instruments, no beatbox, only voices, slow, prayer-like, fading out, each line softer than previous	39	32	ffprobe-duration	false	_radio_index/suno_backup/lyrics/2026-04-15_87fea1fe_Tadbeer Barbaad.txt
6cd28c91-198a-4d8b-bad2-26ebd34288a2	catalog-track	Khaksar Diya	gurukul	Other / Misc	English	[Style: Sufi Qawwali, Male vocal solo and ensemble, No instruments, Only human v; Mukarrari - very slow, full ensemble, each word stretched; Antara 1 - slow, philosophical, single voice then ensemble joins; Antara 2 - medium tempo, question-answer, handclaps, male solo; Antara 3 - very slow, almost spoken, single voice; Maana - single male voice only, no ensemble, no handclaps, only breath, whisper-like, very slow, deep philosophical — parwana and jogi become one	136	81	ffprobe-duration	false	_radio_index/suno_backup/lyrics/2026-04-15_6cd28c91_Khaksar Diya.txt
ec8c8bad-3326-4953-a468-776d3732f487	catalog-track	Log kahte hain tere hone se meri tadbeer barbaad	kabir-clubbing	Bhakti & Katha	English	Bhakti & Katha; Structure: Intro → Mukarrari → Antara 1 → Mukarrari → Antara 2 → Mukarrari → Antara 3 → Mukarrari → Maana (slow, silent) → Final Mukarrari (broken) → Dua (a cappella) → Fade out; Mukarrari: Chorus, slow to medium, full ensemble; Antara 1: Slow, philosophical, male solo then chorus joins; Mukarrari: Repeat chorus, slightly faster; Antara 2: Medium tempo, question-answer style, handclaps; Mukarrari: Repeat chorus, faster, full ensemble; Antara 3: Fast, Punjabi-Braj mix, beatbox energy, high energy; Mukarrari: Repeat chorus, fastest, full power, peak energy; Maana: Very slow, almost silent, single male voice only, no beatbox, only breath, whisper-like, deep pause between lines; Final Mukarrari: Broken, fading, single voice then whispers, like a heartbeat stopping, very slow, no beatbox, only voice; Dua: A cappella, no instruments, no beatbox, only voices, slow, prayer-like, fading out, each line softer than previous	39	32	ffprobe-duration	false	_radio_index/suno_backup/lyrics/2026-04-15_ec8c8bad_Tadbeer Barbaad.txt
b85e41bd-e69a-481f-b12a-88bbf8b8902b	catalog-track	Kya kahoon	kabir-clubbing	Bhakti & Katha	English	Bhakti & Katha; Mukarrari - very slow, full ensemble, each word stretched; Antara 1 - slow, philosophical, single voice then ensemble joins; Antara 2 - medium tempo, question-answer, handclaps, male solo; Antara 3 - very slow, almost spoken, single voice; Maana - single male voice only, no ensemble, no handclaps, only breath, whisper-like, very slow, deep philosophical — parwana and jogi become one	136	81	ffprobe-duration	false	_radio_index/suno_backup/lyrics/2026-04-15_b85e41bd_Khaksar Diya.txt
f4a8a880-7287-459d-8490-d48a3278d365	catalog-track	Zindagi guzar rahi sabki jor-aazmaish mein	sanaatana-vaigyaniq	Sanatan & Vedic	English	Sanatan & Vedic; Tibetan monk, deep, slow; Tanpura drone enters; CHORUS - 1:30-2:00; Latin female drone, sustained "ah" behind	41	41	ffprobe-duration	false	_radio_index/suno_backup/lyrics/2026-04-15_f4a8a880_Iltija Jor-Aazmaish.txt
781c9290-2241-4ea8-8ca4-c206d5ee558a	catalog-track	Iltija Jor-Aazmaish	kabir-clubbing	Rap & Fusion	English	world fusion, spiritual awakening, slow sufi ghazal, cinematic ambient, n; Tibetan monk, deep, slow; Tanpura drone enters; CHORUS - 1:30-2:00; Latin female drone, sustained "ah" behind	41	41	ffprobe-duration	false	_radio_index/suno_backup/lyrics/2026-04-15_781c9290_Iltija Jor-Aazmaish.txt
a9b3bf78-406c-4fae-a4ad-3cb4afe8447b	catalog-track	साँस की गुंजाइश	sanaatana-vaigyaniq	Classical & Raag	Hindi	style slow sufi ghazal indian classical hindustani minimal ambient no perc; slow, melancholic, Sufi, Indian classical, minimal, ambient, no percussion, only tanpura and sitar, male soulful voice, deep and calm, like Jagjit Singh meets Papon, in Urdu/Hindi; Chorus; Bridge - slow, almost whisper; End with silence and faint tanpura drone	17	17	ffprobe-duration	false	_radio_index/suno_backup/lyrics/2026-04-15_a9b3bf78_साँस की गुंजाइश.txt
f4b382b7-da16-448e-8a6b-1e49367d23d6	catalog-track	साँस की गुंजाइश	sanaatana-vaigyaniq	Classical & Raag	Hindi	style slow sufi ghazal indian classical hindustani minimal ambient no perc; slow, melancholic, Sufi, Indian classical, minimal, ambient, no percussion, only tanpura and sitar, male soulful voice, deep and calm, like Jagjit Singh meets Papon, in Urdu/Hindi; Chorus; Bridge - slow, almost whisper; End with silence and faint tanpura drone	17	17	ffprobe-duration	false	_radio_index/suno_backup/lyrics/2026-04-15_f4b382b7_साँस की गुंजाइश.txt
bce359ca-a7fd-4325-9cda-b272232acfea	catalog-track	नाम बस एक रह गया साँस की गुंजाइश में	ameerpur	Desh / Patriotic	Hindi	Desh / Patriotic; slow, melancholic, Sufi, Indian classical, minimal, ambient, no percussion, only tanpura and sitar, male soulful voice, deep and calm, like Jagjit Singh meets Papon, in Urdu/Hindi; Chorus; Bridge - slow, almost whisper; End with silence and faint tanpura drone	17	17	ffprobe-duration	false	_radio_index/suno_backup/lyrics/2026-04-15_bce359ca_सांस-गुंजाइश.txt
37fb9699-f1ca-49b8-acaa-6903ab65d04b	catalog-track	सांस-गुंजाइश	sanaatana-vaigyaniq	Classical & Raag	Hindi	style slow sufi ghazal indian classical hindustani minimal ambient no perc; slow, melancholic, Sufi, Indian classical, minimal, ambient, no percussion, only tanpura and sitar, male soulful voice, deep and calm, like Jagjit Singh meets Papon, in Urdu/Hindi; Chorus; Bridge - slow, almost whisper; End with silence and faint tanpura drone	17	17	ffprobe-duration	false	_radio_index/suno_backup/lyrics/2026-04-15_37fb9699_सांस-गुंजाइश.txt
cc349f0b-7495-4b69-8753-ecc62cb1ee80	catalog-track	घचा घच	kabir-clubbing	Rap & Fusion	Hindi	dark erotic hip hop, hyper rap, horrorcore, trap metal, 150-180 BPM, distorted 8; CHORUS — सबसे ज़्यादा इरोटिक, रैप धीमा, साउंड्स तेज़	67	49	ffprobe-duration	false	_radio_index/suno_backup/lyrics/2026-04-15_cc349f0b_घचा घच.txt
56c6ee93-d6c7-4a25-bf41-942cec57818f	catalog-track	आग बराबर दोनों की पर एक बहुत शरमाए	kabir-clubbing	Rap & Fusion	Hindi	Rap & Fusion; CHORUS — सबसे ज़्यादा इरोटिक, रैप धीमा, साउंड्स तेज़	67	49	ffprobe-duration	false	_radio_index/suno_backup/lyrics/2026-04-15_56c6ee93_घचा घच.txt
91b02afc-ce51-407b-9fed-8ab45bf8d00d	catalog-track	गीली साँस घचा	kabir-clubbing	Rap & Fusion	Hindi	dark erotic hip hop, hyper rap, horrorcore, trap metal, 150 BPM, distorted 808s,; CHORUS — सबसे ज़्यादा इरोटिक, रैप धीमा, साउंड्स तेज़	67	40	ffprobe-duration	false	_radio_index/suno_backup/lyrics/2026-04-15_91b02afc_गीली साँस घचा.txt
0ad2d889-56ad-4107-a42f-9ffdd61e99dc	catalog-track	आग बराबर दोनों की पर एक बहुत शरमाए	kabir-clubbing	Rap & Fusion	Hindi	Rap & Fusion; CHORUS — सबसे ज़्यादा इरोटिक, रैप धीमा, साउंड्स तेज़	67	40	ffprobe-duration	false	_radio_index/suno_backup/lyrics/2026-04-15_0ad2d889_गीली साँस घचा.txt
b14f7e57-d779-489d-b0d2-7adb9a065fac	catalog-track	घचा घच	kabir-clubbing	Rap & Fusion	Hindi	dark erotic hip hop, hyper rap, horrorcore, trap metal, 150 BPM, distorted 808s,; CHORUS — सबसे ज़्यादा इरोटिक, रैप धीमा, साउंड्स तेज़	65	38	ffprobe-duration	false	_radio_index/suno_backup/lyrics/2026-04-15_b14f7e57_घचा घच.txt
53697704-706d-4df6-a476-e7944459b93d	catalog-track	घचा घच	kabir-clubbing	Rap & Fusion	Hindi	dark erotic hip hop, hyper rap, horrorcore, trap metal, 150 BPM, distorted 808s,; CHORUS — सबसे ज़्यादा इरोटिक, रैप धीमा, साउंड्स तेज़	65	38	ffprobe-duration	false	_radio_index/suno_backup/lyrics/2026-04-15_53697704_घचा घच.txt
1fbda308-1986-4821-96e6-a89fbc1d2fd7	catalog-track	आग बराबर दोनों की पर एक बहुत शरमाए	kabir-clubbing	Rap & Fusion	Hindi	Rap & Fusion; CHORUS — सबसे ज़्यादा इरोटिक, रैप धीमा, साउंड्स तेज़	65	38	ffprobe-duration	false	_radio_index/suno_backup/lyrics/2026-04-15_1fbda308_घचा घच.txt
713de290-3d6e-45d1-a4fe-163b86903f58	catalog-track	घचा घच	kabir-clubbing	Rap & Fusion	Hindi	dark erotic hip hop, hyper rap, horrorcore, trap metal, 150 BPM, distorted 808s,; CHORUS — सबसे ज़्यादा इरोटिक, रैप धीमा, साउंड्स तेज़	65	38	ffprobe-duration	false	_radio_index/suno_backup/lyrics/2026-04-15_713de290_घचा घच.txt
904d98b2-e279-48b7-83e2-29184af62f47	catalog-track	गीला घचा	kabir-clubbing	Rap & Fusion	Hindi	बीटबॉक्स + इरोटिक साउंड्स + हाइपर रैप BPM: 130 से शुरू (धीमा, घुटता हुआ) → बीच म; CHORUS — सबसे ज़्यादा इरोटिक, रैप धीमा, साउंड्स तेज़	65	38	ffprobe-duration	false	_radio_index/suno_backup/lyrics/2026-04-15_904d98b2_गीला घचा.txt
5156c5cc-0a46-4b76-bdcd-a344c362d213	catalog-track	आग बराबर दोनों की पर एक बहुत शरमाए	gurukul	Other / Misc	Hindi	Other / Misc; CHORUS — सबसे तेज़, लगभग टूटता हुआ	38	26	ffprobe-duration	false	_radio_index/suno_backup/lyrics/2026-04-15_5156c5cc_मुंह-खून खांचा.txt
d6804818-7296-4af6-8e5e-d58ed14b5587	catalog-track	मुंह-खून खांचा	gurukul	Other / Misc	Hindi	CHORUS — सबसे तेज़, लगभग टूटता हुआ	38	26	ffprobe-duration	false	_radio_index/suno_backup/lyrics/2026-04-15_d6804818_मुंह-खून खांचा.txt
3620a61f-947c-4be7-bac2-a93a6eaa5a9c	catalog-track	गीला घचा	kabir-clubbing	Rap & Fusion	Hindi	बीटबॉक्स + इरोटिक साउंड्स + हाइपर रैप BPM: 130 से शुरू (धीमा, घुटता हुआ) → बीच म; CHORUS — सबसे ज़्यादा इरोटिक, रैप धीमा, साउंड्स तेज़	65	38	ffprobe-duration	false	_radio_index/suno_backup/lyrics/2026-04-15_3620a61f_गीला घचा.txt
2a6843e3-bc23-478e-8ced-eab4bdc44ee1	catalog-track	ਟੁੱਟੇ ਪੈਸੇ	kabir-clubbing	Rap & Fusion	Hindi	Punjabi folk fusion ballad in E (Punjabi folk scale: E F# G# B C#). 70 BPM Dhama; Pre-Chorus – Male Punjabi, no hek, warmer; Pre-Chorus – Female English, gentle mirror; Chorus – Both unison, open throat, algoza joins; Repeat chorus – dholki enters soft, harmonies	52	51	ffprobe-duration	false	_radio_index/suno_backup/lyrics/2026-04-15_2a6843e3_ਟੁੱਟੇ ਪੈਸੇ.txt
5068a560-60b3-4b89-8e83-0043262dc67f	catalog-track	What is truth? What is a lie	sanaatana-vaigyaniq	Sanatan & Vedic	English	Sanatan & Vedic; opera folk fusion, bel canto, Punjabi hek, algoza, tumbi, dhamal, melancholic hopeful, unresolved, cathedral meets field.; Pre-Chorus – Male Punjabi, no hek, warmer; Pre-Chorus – Female English, gentle mirror; Chorus – Both unison, open throat, algoza joins; Repeat chorus – dholki enters soft, harmonies	52	51	ffprobe-duration	false	_radio_index/suno_backup/lyrics/2026-04-15_5068a560_E-tumbi Dhamal.txt
03b043a1-b777-4366-8b83-766f61b5ec66	catalog-track	E-tumbi Dhamal	kabir-clubbing	Rap & Fusion	English	Opera + Punjabi folk fusion ballad. Key: E minor (operatic) over E Punjabi folk; opera folk fusion, bel canto, Punjabi hek, algoza, tumbi, dhamal, melancholic hopeful, unresolved, cathedral meets field.; Pre-Chorus – Male Punjabi, no hek, warmer; Pre-Chorus – Female English, gentle mirror; Chorus – Both unison, open throat, algoza joins; Repeat chorus – dholki enters soft, harmonies	52	51	ffprobe-duration	false	_radio_index/suno_backup/lyrics/2026-04-15_03b043a1_E-tumbi Dhamal.txt
7fb4da9f-98db-4b16-a0e8-40fccfa0e245	catalog-track	Money-Drags Us	gurukul	Other / Misc	English	Bilingual indie ballad in E minor, 68 BPM. 432 Hz tanpura drone throughout (121.; Pre-Chorus – Male Hindi; Pre-Chorus – Female English; Chorus – Both unison; Repeat chorus – harmonies enter	46	46	ffprobe-duration	false	_radio_index/suno_backup/lyrics/2026-04-15_7fb4da9f_Money-Drags Us.txt
0c6cc8cd-b3b2-43db-92df-b3cad31e1866	catalog-track	क्या सच है क्या झूठ है	ameerpur	Desh / Patriotic	Hindi	Desh / Patriotic; Pre-Chorus – Male Hindi; Pre-Chorus – Female English; Chorus – Both unison; Repeat chorus – harmonies enter	46	46	ffprobe-duration	false	_radio_index/suno_backup/lyrics/2026-04-15_0c6cc8cd_Money-Drags Us.txt
6e735a57-85ab-45fc-912a-9c64579dc9f2	catalog-track	ਟੁੱਟੇ ਪੈਸੇ	kabir-clubbing	Rap & Fusion	Hindi	Punjabi folk fusion ballad in E (Punjabi folk scale: E F# G# B C#). 70 BPM Dhama; Pre-Chorus – Male Punjabi, no hek, warmer; Pre-Chorus – Female English, gentle mirror; Chorus – Both unison, open throat, algoza joins; Repeat chorus – dholki enters soft, harmonies	52	51	ffprobe-duration	false	_radio_index/suno_backup/lyrics/2026-04-15_6e735a57_ਟੁੱਟੇ ਪੈਸੇ.txt
27c452cf-2f79-4805-9f19-a6ba4be5ef89	catalog-track	“सैलाब हार्मोन्स”	gurukul	Other / Misc	Hindi	Bilingual indie ballad in E minor, 68 BPM. Intimate, healing, unresolved. Intro:	6	6	ffprobe-duration	false	_radio_index/suno_backup/lyrics/2026-04-15_27c452cf_“सैलाब हार्मोन्स”.txt
60d9371d-c871-4f23-952d-2248fc838d54	catalog-track	हर बार की कहानी	gurukul	Other / Misc	Hindi	FULL PROMPT – DO NOT EDIT Title: Same Story / हर बार की कहानी Genre: Bilingual; Pre-Chorus – Male voice, Hindi. No vibrato.; Pre-Chorus – Female voice, English. Gentle mirror.; Chorus – Both voices, unison. Hall reverb swells then cuts.; Repeat chorus. Harmonies enter. Louder.	42	42	ffprobe-duration	false	_radio_index/suno_backup/lyrics/2026-04-15_60d9371d_हर बार की कहानी.txt
4648abb5-f970-4287-9894-5ef12762ff04	catalog-track	क्या सच है क्या झूठ है	ameerpur	Desh / Patriotic	Hindi	Desh / Patriotic; Pre-Chorus – Male voice, Hindi. No vibrato.; Pre-Chorus – Female voice, English. Gentle mirror.; Chorus – Both voices, unison. Hall reverb swells then cuts.; Repeat chorus. Harmonies enter. Louder.	42	42	ffprobe-duration	false	_radio_index/suno_backup/lyrics/2026-04-15_4648abb5_हर बार की कहानी.txt
c8df8309-2e96-4199-ad2e-32c87be3002e	catalog-track	“सैलाब हार्मोन्स”	gurukul	Other / Misc	Hindi	Bilingual indie ballad in E minor, 68 BPM. Intimate, healing, unresolved. Intro:	6	6	ffprobe-duration	false	_radio_index/suno_backup/lyrics/2026-04-15_c8df8309_“सैलाब हार्मोन्स”.txt
9682f67f-4799-479e-a59e-b827566b078e	catalog-track	क्या सच है क्या झूठ है.. What is truth? What is	ameerpur	Desh / Patriotic	English	Desh / Patriotic	6	6	ffprobe-duration	false	_radio_index/suno_backup/lyrics/2026-04-15_9682f67f_सैलाब हार्मोन्स.txt
6891158c-b10e-4ec4-9cb0-454f0c1bd1f6	catalog-track	सैलाब हार्मोन्स	gurukul	Other / Misc	Hindi	Bilingual indie ballad in E minor, 68 BPM. Intimate, healing, unresolved. Intro:	6	6	ffprobe-duration	false	_radio_index/suno_backup/lyrics/2026-04-15_6891158c_सैलाब हार्मोन्स.txt
86ee6acf-c17f-4674-bf19-557333906d47	catalog-track	अक्षर-बेच समझौता	kabir-clubbing	Rap & Fusion	Hindi	Haryanvi Folk-Drill x Industrial Qawwali Fusion. Atmosphere: A high-stake; Verse 1: Raw Folk Lead - Dry, No Reverb; Chorus: The Bikaawali Drop - Heavy Industrial Climax; Verse 3: Aggressive Rap-Folk Delivery - Fast Tempo; Climax: Full Chaos - Metal Clashing with Folk Chants	23	19	ffprobe-duration	false	_radio_index/suno_backup/lyrics/2026-04-14_86ee6acf_अक्षर-बेच समझौता.txt
e773bb44-f4cd-4cdd-b0cd-2a3b9749060f	catalog-track	अक्षर-बेच समझौता	kabir-clubbing	Rap & Fusion	Hindi	Haryanvi Folk-Drill x Industrial Qawwali Fusion. Atmosphere: A high-stake; Verse 1: Raw Folk Lead - Dry, No Reverb; Chorus: The Bikaawali Drop - Heavy Industrial Climax; Verse 3: Aggressive Rap-Folk Delivery - Fast Tempo; Climax: Full Chaos - Metal Clashing with Folk Chants	23	19	ffprobe-duration	false	_radio_index/suno_backup/lyrics/2026-04-14_e773bb44_अक्षर-बेच समझौता.txt
ffeaefee-fcca-45f2-afcf-27c219f71bff	catalog-track	लॉट-जीरो-वन	kabir-clubbing	Rap & Fusion	Hindi	Style/Genre: Haryanvi Folk-Drill, Industrial Qawwali Fusion, Cinematic Dark Synt; Intro: Low atmospheric hum, glitchy Tanpura, robotic rhythmic clapping starts slow; Verse 1: Raw Folk Vocals - High Tension; Chorus: Cinematic Drill Drop - Industrial Qawwali Style; Verse 3: Aggressive, Fast Paced - Rhythmic Entrainment	24	20	ffprobe-duration	false	_radio_index/suno_backup/lyrics/2026-04-14_ffeaefee_लॉट-जीरो-वन.txt
01646a31-8208-4989-8914-d9835b9c98db	catalog-track	लगा बाज़ार जाने क्या-क्या बिकेगा आज	ameerpur	Haryanvi Folk	Haryanvi	Haryanvi Folk; Intro: Low atmospheric hum, glitchy Tanpura, robotic rhythmic clapping starts slow; Verse 1: Raw Folk Vocals - High Tension; Chorus: Cinematic Drill Drop - Industrial Qawwali Style; Verse 3: Aggressive, Fast Paced - Rhythmic Entrainment	24	20	ffprobe-duration	false	_radio_index/suno_backup/lyrics/2026-04-14_01646a31_लॉट-जीरो-वन.txt
a2f08a86-a136-4082-9a2c-eef50737cff7	catalog-track	Ank se jab hui shuruaat	ameerpur	Haryanvi Folk	Haryanvi	Haryanvi Folk; Verse 1: Raw Haryanvi Folk Lead - Intense, Unprocessed; Chorus: Cinematic Drop - Industrial Drill Beat; Climax: Full Orchestral-Folk Explosion. Distorted Sarangi solos	24	20	ffprobe-duration	false	_radio_index/suno_backup/lyrics/2026-04-14_a2f08a86_Lot 001 Tanpura Snap.txt
1b4b29a3-0bc4-40d8-a882-8dec76cfbcac	catalog-track	Lot 001 Tanpura Snap	kabir-clubbing	Rap & Fusion	English	Style/Genre: Haryanvi Folk-Drill, Industrial Qawwali Fusion, Cinematic Dark Synt; Verse 1: Raw Haryanvi Folk Lead - Intense, Unprocessed; Chorus: Cinematic Drop - Industrial Drill Beat; Climax: Full Orchestral-Folk Explosion. Distorted Sarangi solos	24	20	ffprobe-duration	false	_radio_index/suno_backup/lyrics/2026-04-14_1b4b29a3_Lot 001 Tanpura Snap.txt
91fa6d67-0722-4664-bf50-57a42d36afe0	catalog-track	आवाज़ों की अदालत	kabir-clubbing	Rap & Fusion	Hindi	Hyper-Rap, Acapella, Ancient Throat Singing, Fast Human Beatboxing, Experiment	29	21	ffprobe-duration	false	_radio_index/suno_backup/lyrics/2026-04-13_91fa6d67_आवाजों़ की अदालत.txt
212b81f6-e8b1-474c-9352-45c27deed354	catalog-track	आवाज़ों की अदालत	sanaatana-vaigyaniq	Sanatan & Vedic	Sanskrit	Sanatan & Vedic	29	21	ffprobe-duration	false	_radio_index/suno_backup/lyrics/2026-04-13_212b81f6_आवाजों़ की अदालत.txt
59d3489b-c33c-4509-bbff-c4bfdb962cda	catalog-track	पीएच कला-दीक्षित अदालत	sanaatana-vaigyaniq	Classical & Raag	Hindi	Indian Classical Bandish, Hindustani Vocal, Ragam-Tanam-Pallavi style, Acapella	31	20	ffprobe-duration	false	_radio_index/suno_backup/lyrics/2026-04-13_59d3489b_पीएच कला-दीक्षित अदालत.txt
0fe62a75-f9ed-431e-9780-297f79a24721	catalog-track	P.H.K.D. अदालत	sanaatana-vaigyaniq	Classical & Raag	English	Indian Classical Bandish, Hindustani Vocal, Ragam-Tanam-Pallavi style, Acapella	31	20	ffprobe-duration	false	_radio_index/suno_backup/lyrics/2026-04-13_0fe62a75_P.H.K.D. अदालत.txt
d80e4b3a-e710-464d-b061-83ff02e2c7da	catalog-track	पीएच कला-दीक्षित अदालत	sanaatana-vaigyaniq	Classical & Raag	Hindi	Indian Classical Bandish, Hindustani Vocal, Ragam-Tanam-Pallavi style, Acapella	31	20	ffprobe-duration	false	_radio_index/suno_backup/lyrics/2026-04-13_d80e4b3a_पीएच कला-दीक्षित अदालत.txt
9e058f7c-2ab6-4715-a723-643881330f31	catalog-track	आवाज़ों की अदालत	sanaatana-vaigyaniq	Sanatan & Vedic	Sanskrit	Sanatan & Vedic	31	20	ffprobe-duration	false	_radio_index/suno_backup/lyrics/2026-04-13_9e058f7c_P.H.K.D. अदालत.txt
e69716ad-6001-4c92-9160-2a4a79565ed6	catalog-track	पकड़ लिया एटम एक P.H.K.D. हुया दीवाना	sanaatana-vaigyaniq	Sanatan & Vedic	English	Sanatan & Vedic	34	22	ffprobe-duration	false	_radio_index/suno_backup/lyrics/2026-04-13_e69716ad_आवाजों़ की अदालत.txt
fa7b702f-3dea-44bc-967c-93860cd46e1a	catalog-track	आवाज़ों की अदालत	sanaatana-vaigyaniq	Classical & Raag	Hindi	Indian Classical Bandish, Hindustani Vocal, Ragam-Tanam-Pallavi style, Acapella	34	22	ffprobe-duration	false	_radio_index/suno_backup/lyrics/2026-04-13_fa7b702f_आवाजों़ की अदालत.txt
fa63a507-2f0d-4477-b328-7e8895a24c68	catalog-track	आवाज़ों की अदालत	ameerpur	Desh / Patriotic	Hindi	Desh / Patriotic; Chorus: Powerful Chanting with Breath Sounds; Bridge: Fast Paced Vocal Drumming	20	17	ffprobe-duration	false	_radio_index/suno_backup/lyrics/2026-04-13_fa63a507_आवाजों़ की अदालत.txt
7a79f5a5-df08-4b19-b670-e23e71ff6738	catalog-track	आवाज़ों की अदालत में केस करे दीवाना	ameerpur	Haryanvi Folk	Haryanvi	Haryanvi Folk	17	12	ffprobe-duration	false	_radio_index/suno_backup/lyrics/2026-04-13_7a79f5a5_तीखी फकीराना सीटी.txt
05aa80d4-acdd-4719-9275-9692846ebe1a	catalog-track	तीखी फकीराना सीटी	kabir-clubbing	Rap & Fusion	Hindi	Acapella Qawwali, Indian Folk Fusion, Vocal Percussion, Beatboxing, Human whist	17	12	ffprobe-duration	false	_radio_index/suno_backup/lyrics/2026-04-13_05aa80d4_तीखी फकीराना सीटी.txt
7f329b6d-8172-4674-adad-6f83614ad576	catalog-track	आवाज़ों की अदालत	kabir-clubbing	Rap & Fusion	Hindi	Acapella, Aggressive Beatboxing, Vocal Bass, Whistling, Dark Indian Folk Fusion; Chorus: Powerful Chanting with Breath Sounds; Bridge: Fast Paced Vocal Drumming	20	17	ffprobe-duration	false	_radio_index/suno_backup/lyrics/2026-04-13_7f329b6d_आवाजों़ की अदालत.txt
a4bf888b-805c-406a-bdc5-cdf12d97c225	catalog-track	परमाणु रद्दी	gurukul	Other / Misc	Hindi	NULL	24	20	ffprobe-duration	false	_radio_index/suno_backup/lyrics/2026-04-13_a4bf888b_परमाणु रद्दी.txt
79d13c77-eca1-459b-806f-cd40985c3208	catalog-track	फक्कड़ पंडित हेमंत दीक्षित	ameerpur	Desh / Patriotic	Hindi	Desh / Patriotic	24	20	ffprobe-duration	false	_radio_index/suno_backup/lyrics/2026-04-13_79d13c77_परमाणु रद्दी.txt
f6c100fa-e5b7-4b9a-97b5-4ce34def6953	catalog-track	शून्य की डोरी अदालत	gurukul	Other / Misc	Hindi	NULL	24	20	ffprobe-duration	false	_radio_index/suno_backup/lyrics/2026-04-13_f6c100fa_शून्य की डोरी अदालत.txt
a3fc8cdd-425f-4eb3-bca9-b17e10505af4	catalog-track	पकड़ लिया एटम एक भाभा बाबा हुया दीवाना।।	ameerpur	Desh / Patriotic	Hindi	Desh / Patriotic	24	20	ffprobe-duration	false	_radio_index/suno_backup/lyrics/2026-04-13_a3fc8cdd_शून्य की डोरी अदालत.txt
7ed796e3-32c4-42d3-89a2-f658115084dd	catalog-track	नसीब का ऐलान	kabir-clubbing	Rap & Fusion	Hindi	Genre: Haryanvi Pop, Desi Hip Hop, Upbeat Dance, Only Male announcer & Only Fema; Pre-Chorus; Chorus - High Energy; Rap Section - Aggressive Flow	61	51	ffprobe-duration	false	_radio_index/suno_backup/lyrics/2026-04-12_7ed796e3_नसीब का ऐलान.txt
517563f4-4c0a-447c-a6c7-5e81307423c3	catalog-track	“नसीब का ऐलान”	kabir-clubbing	Rap & Fusion	Hindi	Genre: Haryanvi Pop, Desi Hip Hop, Upbeat Dance, Male announcer & Female vocals; Pre-Chorus; Chorus - High Energy; Rap Section - Aggressive Flow	62	52	ffprobe-duration	false	_radio_index/suno_backup/lyrics/2026-04-12_517563f4_“नसीब का ऐलान”.txt
e16d94cb-b3c5-4238-a1c5-c60c69bed286	catalog-track	गात झुनझुनी खावे	sanaatana-vaigyaniq	Sanatan & Vedic	Sanskrit	Sanatan & Vedic; Pre-Chorus; Chorus - High Energy; Rap Section - Aggressive Flow	61	51	ffprobe-duration	false	_radio_index/suno_backup/lyrics/2026-04-12_e16d94cb_नसीब का ऐलान.txt
47df1a51-f676-4534-9f25-5dd295225c24	catalog-track	गात झुनझुनी खावे	sanaatana-vaigyaniq	Sanatan & Vedic	Sanskrit	Sanatan & Vedic; Pre-Chorus; Chorus - High Energy; Rap Section - Aggressive Flow	62	52	ffprobe-duration	false	_radio_index/suno_backup/lyrics/2026-04-12_47df1a51_इश्क-ए-इलाका.txt
b2c55b1c-8a02-4b27-93aa-0ef9015a5a48	catalog-track	गात झुनझुनी खावे	sanaatana-vaigyaniq	Sanatan & Vedic	Sanskrit	Sanatan & Vedic; Pre-Chorus; Chorus - High Energy; Rap Section - Aggressive Flow	62	52	ffprobe-duration	false	_radio_index/suno_backup/lyrics/2026-04-12_b2c55b1c_“नसीब का ऐलान”.txt
ff2b259f-36d3-441b-ad10-8e1669c878d3	catalog-track	काला कोट	gurukul	Other / Misc	Hindi	NULL	90	70	ffprobe-duration	false	_radio_index/suno_backup/lyrics/2026-04-12_ff2b259f_काला कोट.txt
3d3e0685-76e1-4447-88b2-83897ac87205	catalog-track	इश्क-ए-इलाका	kabir-clubbing	Rap & Fusion	Hindi	Genre: Haryanvi Pop, Desi Hip Hop, Upbeat Dance, Male & Female vocals (Duo), ene; Pre-Chorus; Chorus - High Energy; Rap Section - Aggressive Flow	62	52	ffprobe-duration	false	_radio_index/suno_backup/lyrics/2026-04-12_3d3e0685_इश्क-ए-इलाका.txt
65806a40-681c-40b3-a051-6052aac0137c	catalog-track	ओ काला कोट	ameerpur	Love & Virah	Hindi	Love & Virah	90	70	ffprobe-duration	false	_radio_index/suno_backup/lyrics/2026-04-12_65806a40_काला कोट.txt
cba259ca-2b8c-46df-b367-0ff9b780bbe2	catalog-track	कुछ भी व्यर्थ नहीं जाए	kabir-clubbing	Bhakti & Katha	Hindi	Bhakti & Katha; Slow Harmonium Alap; Slow Tempo, 70 BPM; Pre-Chorus; Chorus; Upbeat, 90 BPM, Claps; Fast, Rhythmic Spoken Word; Fast Percussion Solo, Heavy Claps; Very Fast, 130 BPM; [Lead] मेरा रोग! [Chorus] तेरा रोग!; [Lead] मेरी हार! [Chorus] तेरी हार!; [Chorus] वही तो बाबा का राज़ बन गया!; Fastest Tempo, 140 BPM, Ecstatic; Fade out, Slow Harmonium	34	34	ffprobe-duration	false	_radio_index/suno_backup/lyrics/2026-04-11_cba259ca_दो घडे़ टूटा.txt
aabfe9a1-a902-4348-9d22-19d7aa99fda5	catalog-track	दो घड़े टूटा	gurukul	Other / Misc	Hindi	Sufi Qawwali, Nirguni Bhajan, Raga Todi, Harmonium, Tabla Keherva, Male Passiona; Slow Harmonium Alap; Slow Tempo, 70 BPM; Pre-Chorus; Chorus; Upbeat, 90 BPM, Claps; Fast, Rhythmic Spoken Word; Fast Percussion Solo, Heavy Claps; Very Fast, 130 BPM; [Lead] मेरा रोग! [Chorus] तेरा रोग!; [Lead] मेरी हार! [Chorus] तेरी हार!; [Chorus] वही तो बाबा का राज़ बन गया!; Fastest Tempo, 140 BPM, Ecstatic; Fade out, Slow Harmonium	34	34	ffprobe-duration	false	_radio_index/suno_backup/lyrics/2026-04-11_aabfe9a1_दो घडे़ टूटा.txt
b6c9f3e8-e3b5-4dc5-84ea-bea07bfc4631	catalog-track	Toota Ghadaa Gaaye	sanaatana-vaigyaniq	Classical & Raag	English	[Style: Traditional Sufi Qawwali, Hindustani classical, Raga Todi, slow harmoniu; Intro – 25 seconds; Verse 1 – Slow, melancholic, Keherva 8-beat, 70 BPM; Pre-Qaul – Building, same tempo, 75 BPM; Main Qaul – Chorus, first time slow 80 BPM, repeat 4 times each faster: 90, 100, 110, 120 BPM; Verse 2 – Same as Verse 1, 85 BPM, more ornamented; Main Qaul Repeat – 110 BPM, claps strong; Tahleel – Key change up, bright, 115 BPM; Chhant – Fast, sharp, 130 BPM, single claps on downbeats; Baazi – Call-response sparring, 135 BPM; Climax Qaul – Fastest tempo, 140 BPM, full ecstasy; Outro – Slow descent, free rhythm, 60 BPM fading to silence; End: Fade to tanpura drone, 5 seconds silence	47	47	ffprobe-duration	false	_radio_index/suno_backup/lyrics/2026-04-11_b6c9f3e8_Toota Ghadaa Gaaye.txt
44df1c96-0eb7-4f53-bbe5-8eec51102318	catalog-track	Ek chilam... ek baabaa... do ghade ka khel... Ek	sanaatana-vaigyaniq	Sanatan & Vedic	English	Sanatan & Vedic; Intro – 25 seconds; Verse 1 – Slow, melancholic, Keherva 8-beat, 70 BPM; Pre-Qaul – Building, same tempo, 75 BPM; Main Qaul – Chorus, first time slow 80 BPM, repeat 4 times each faster: 90, 100, 110, 120 BPM; Verse 2 – Same as Verse 1, 85 BPM, more ornamented; Main Qaul Repeat – 110 BPM, claps strong; Tahleel – Key change up, bright, 115 BPM; Chhant – Fast, sharp, 130 BPM, single claps on downbeats; Baazi – Call-response sparring, 135 BPM; Climax Qaul – Fastest tempo, 140 BPM, full ecstasy; Outro – Slow descent, free rhythm, 60 BPM fading to silence; End: Fade to tanpura drone, 5 seconds silence	47	47	ffprobe-duration	false	_radio_index/suno_backup/lyrics/2026-04-11_44df1c96_Toota Ghadaa Gaaye.txt
62dda9f3-677d-48e5-bce1-b5243ae2f1e0	catalog-track	Baabaa bole – mat ro re deewaane	ameerpur	Haryanvi Folk	Haryanvi	Haryanvi Folk; Intro – Slow harmonium alaap, tanpura drone, single tabla beats; Verse 1 – Slow, melancholic, solo voice; Main Qaul / Chorus – Repeat 3-4 times, each time louder, claps enter; Qaul again – Faster tempo, claps stronger; Call-Response Section – Qawwali sparring (baazi); Chorus: Andha tha!; Chorus: Rog samjha!; Chorus: Rang dikhaaya!; Chorus: Geet ban gaya!; Climax Qaul – Fastest tempo, full ecstasy, handclaps, harmonium rapid; Outro – Slow descent, harmonium solo, fade; Tak... tak... tak... (single tabla beats fade)	41	40	ffprobe-duration	false	_radio_index/suno_backup/lyrics/2026-04-11_62dda9f3_Ek Ghade.txt
a13887b3-fd6f-4171-a02c-199d56c390fa	catalog-track	Toota Ghada	sanaatana-vaigyaniq	Classical & Raag	English	World music fusion, cinematic spiritual folk, Indian classical meets Celtic and; Chorus – warm male; Final Chorus – full	16	16	ffprobe-duration	false	_radio_index/suno_backup/lyrics/2026-04-11_a13887b3_Toota Ghada.txt
bdf3c9a0-9989-4f8e-bca8-bb66f06bc9d7	catalog-track	Ek Ghade	gurukul	Other / Misc	English	Qawwali, traditional Pakistani/Indian Sufi devotional music, slow to fast build; Intro – Slow harmonium alaap, tanpura drone, single tabla beats; Verse 1 – Slow, melancholic, solo voice; Main Qaul / Chorus – Repeat 3-4 times, each time louder, claps enter; Qaul again – Faster tempo, claps stronger; Call-Response Section – Qawwali sparring (baazi); Chorus: Andha tha!; Chorus: Rog samjha!; Chorus: Rang dikhaaya!; Chorus: Geet ban gaya!; Climax Qaul – Fastest tempo, full ecstasy, handclaps, harmonium rapid; Outro – Slow descent, harmonium solo, fade; Tak... tak... tak... (single tabla beats fade)	41	40	ffprobe-duration	false	_radio_index/suno_backup/lyrics/2026-04-11_bdf3c9a0_Ek Ghade.txt
1d7debbc-1158-44de-a83a-eb493f33f9e5	catalog-track	Baabaa bole – mat ro re deewaane	gurukul	Other / Misc	English	Other / Misc; Chorus – warm male; Final Chorus – full	16	16	ffprobe-duration	false	_radio_index/suno_backup/lyrics/2026-04-11_1d7debbc_Toota Ghada.txt
68471c7c-8d42-4c98-9c0d-b3f038a459a7	catalog-track	झूलम-झूल झुलाऊँ	ameerpur	Haryanvi Folk	Haryanvi	Haryanvi Folk; ​[मुखड़ा - Main Chorus]	38	36	ffprobe-duration	false	_radio_index/suno_backup/lyrics/2026-04-09_68471c7c_धूर अम्बरां.txt
ee581be0-afd5-4d91-afa7-7fa47bf6e1ad	catalog-track	धूर अम्बरां	ameerpur	Haryanvi Folk	Haryanvi	High energy Haryanvi folk song, 120 BPM, heavy traditional dhol, stadium crowd; ​[मुखड़ा - Main Chorus]	38	36	ffprobe-duration	false	_radio_index/suno_backup/lyrics/2026-04-09_ee581be0_धूर अम्बरां.txt
ae245f7e-6572-4a7b-9ef6-801c86e507f2	catalog-track	बादलां की लोर	ameerpur	Haryanvi Folk	Haryanvi	High energy Haryanvi folk song, 120 BPM, heavy traditional dhol, stadium crowd; ​[मुखड़ा - Main Chorus]	38	36	ffprobe-duration	false	_radio_index/suno_backup/lyrics/2026-04-09_ae245f7e_बादलां की लोर.txt
13bbd5ed-b7db-4959-a7d2-79dab85ad756	catalog-track	झूल्म-झूल झुलाऊँ	ameerpur	Haryanvi Folk	Haryanvi	Haryanvi Folk; ​[मुखड़ा - Main Chorus]	38	36	ffprobe-duration	false	_radio_index/suno_backup/lyrics/2026-04-09_13bbd5ed_बादलां की लोर.txt
dae97a92-4622-481b-aa4f-6ba251fa0cfe	catalog-track	गुफा-ढोल धड़कन	gurukul	Other / Misc	Hindi	NULL	44	44	ffprobe-duration	false	_radio_index/suno_backup/lyrics/2026-04-08_dae97a92_गुफा-ढोल धड़कन.txt
827207b7-54fc-42ba-925e-43760527026f	catalog-track	शक्ति जाग री	gurukul	Other / Misc	Hindi	Other / Misc	44	44	ffprobe-duration	false	_radio_index/suno_backup/lyrics/2026-04-08_827207b7_गुफा-ढोल धड़कन.txt
515aac2c-c52d-4c0d-baa0-080f2902d9d3	catalog-track	main daudta raha	gurukul	Other / Misc	English	Other / Misc	24	24	ffprobe-duration	false	_radio_index/suno_backup/lyrics/2026-04-08_515aac2c_Dada Tak.txt
8c4f4c73-6541-40f0-bead-2812bbb715e4	catalog-track	Dada Tak	gurukul	Other / Misc	English	NULL	24	24	ffprobe-duration	false	_radio_index/suno_backup/lyrics/2026-04-08_8c4f4c73_Dada Tak.txt
5fc46f1d-1412-45b1-876d-64343d2f90e6	catalog-track	Data corrupted	sanaatana-vaigyaniq	Sanatan & Vedic	English	Sanatan & Vedic; Intro: Static and Radio Tuning; Verse 1; Chorus; Bridge: Heavy Industrial Clanging; Sanskrit Chant: Om Shanti, Shanti, Digital Shanti; Outro: Fade out into mechanical hum	5	5	ffprobe-duration	false	_radio_index/suno_backup/lyrics/2026-04-06_5fc46f1d_Om Shanti Digita.txt
3b0a1cea-2d31-4c18-97af-6bf498f3ca3c	catalog-track	Om Shanti Digita	gurukul	Other / Misc	English	Intro: Static and Radio Tuning; Verse 1; Chorus; Bridge: Heavy Industrial Clanging; Sanskrit Chant: Om Shanti, Shanti, Digital Shanti; Outro: Fade out into mechanical hum	5	5	ffprobe-duration	false	_radio_index/suno_backup/lyrics/2026-04-06_3b0a1cea_Om Shanti Digita.txt
caf9e4e7-7ec2-483a-9a2d-9a82681054d5	catalog-track	Radio Vaigyaaniq: Sanatana Station	sanaatana-vaigyaniq	Sanatan & Vedic	English	Sanatan & Vedic	4	4	ffprobe-duration	false	_radio_index/suno_backup/lyrics/2026-04-05_caf9e4e7_Future-Past Clearance.txt
80646dc1-cf8b-4341-9f99-2944928e2ac5	catalog-track	Future-Past Clearance	gurukul	Other / Misc	English	NULL	4	4	ffprobe-duration	false	_radio_index/suno_backup/lyrics/2026-04-05_80646dc1_Future-Past Clearance.txt
2237b80c-30f9-4391-aa68-2921ab6116ab	catalog-track	Frequency of Future-Past	gurukul	Other / Misc	English	NULL	4	4	ffprobe-duration	false	_radio_index/suno_backup/lyrics/2026-04-05_2237b80c_Frequency of Future-Past.txt
879f8447-37de-41b3-8b68-3cdb2079792a	catalog-track	Sanatana Station	sanaatana-vaigyaniq	Sanatan & Vedic	English	NULL	5	5	ffprobe-duration	false	_radio_index/suno_backup/lyrics/2026-04-05_879f8447_Sanatana Station.txt
02d26992-b08d-4a7e-9759-9120eaca1a4e	catalog-track	Radio Vaigyaaniq: Sanatana Station	sanaatana-vaigyaniq	Sanatan & Vedic	English	Sanatan & Vedic	4	4	ffprobe-duration	false	_radio_index/suno_backup/lyrics/2026-04-05_02d26992_Frequency of Future-Past.txt
456fd8aa-be4b-4bda-93a3-d35206867b65	catalog-track	Radio Vaigyaaniq: Sanatana Station	sanaatana-vaigyaniq	Sanatan & Vedic	English	Sanatan & Vedic	5	5	ffprobe-duration	false	_radio_index/suno_backup/lyrics/2026-04-05_456fd8aa_Sanatana Station.txt
a798ae26-3fed-4d39-9f32-c0bcd9d9fb15	catalog-track	Male alone	ameerpur	Desh / Patriotic	English	Desh / Patriotic; Intro: sarangi solo searching long note, acoustic saxophone low breath-heavy, women's chorus faint "लाडो बसंती" in low mandra; Instruments - acoustic only: sarangi, acoustic saxophone (low breathy, no pickup), algoza (bamboo double flute), ravanahatha (gut strings, slack), morchang (jaw harp), khartal (wooden clappers), tumbi (gourd and string), bansuri (bamboo, dry, appears only in silences), tabla (only in bandish, drops out after 2 cycles), women's chorus (3 voices, untrained, low octave, no microphone, recorded live in a room)	20	20	ffprobe-duration	false	_radio_index/suno_backup/lyrics/2026-04-04_a798ae26_लाडो बसंती मेहमान.txt
5edc6f4a-ebf7-4d22-b8e7-cd4bb333735f	catalog-track	लाडो बसंती मेहमान	sanaatana-vaigyaniq	Classical & Raag	Hindi	[Genre: Acoustic Hindustani classical folk fusion, jagarana night vigil, father-; Intro: sarangi solo searching long note, acoustic saxophone low breath-heavy, women's chorus faint "लाडो बसंती" in low mandra; Instruments - acoustic only: sarangi, acoustic saxophone (low breathy, no pickup), algoza (bamboo double flute), ravanahatha (gut strings, slack), morchang (jaw harp), khartal (wooden clappers), tumbi (gourd and string), bansuri (bamboo, dry, appears only in silences), tabla (only in bandish, drops out after 2 cycles), women's chorus (3 voices, untrained, low octave, no microphone, recorded live in a room)	20	20	ffprobe-duration	false	_radio_index/suno_backup/lyrics/2026-04-04_5edc6f4a_लाडो बसंती मेहमान.txt
5570be2c-5ead-44af-aa39-57f73225aaa6	catalog-track	मेरी लाडो बसंती	ameerpur	Haryanvi Folk	Haryanvi	Haryanvi Folk; [Background male chorus - faint] लाडो बसंती... लाडो बसंती...; BG chorus - लाडो बसंती... लाडो बसंती...; [BG chorus rising] लाडो बसंती... लाडो बसंती...; [BG chorus - loud now] लाडो बसंती... लाडो बसंती...; Hook Line - Male + BG chorus together, peak moment	34	34	ffprobe-duration	false	_radio_index/suno_backup/lyrics/2026-04-04_5570be2c_लाडो बसंती.txt
3855893f-998c-4c3d-a2a1-3312d2a61986	catalog-track	लाडो बसंती	ameerpur	Haryanvi Folk	Haryanvi	Soulful Haryanvi folk, 100 BPM, male lead vocalist, breathy female backing vocal; [Background male chorus - faint] लाडो बसंती... लाडो बसंती...; BG chorus - लाडो बसंती... लाडो बसंती...; [BG chorus rising] लाडो बसंती... लाडो बसंती...; [BG chorus - loud now] लाडो बसंती... लाडो बसंती...; Hook Line - Male + BG chorus together, peak moment	34	34	ffprobe-duration	false	_radio_index/suno_backup/lyrics/2026-04-04_3855893f_लाडो बसंती.txt
492c5721-3555-4908-9a41-6e9cf2767765	catalog-track	रि ^ श्ता ~ है सब-का ^ अ-पना	ameerpur	Desh / Patriotic	Hindi	Desh / Patriotic	36	31	ffprobe-duration	false	_radio_index/suno_backup/lyrics/2026-04-04_492c5721_रिश्ता है!!.txt
c866c36a-ad31-4461-a2df-711fcbb455d4	catalog-track	रिश्ता है!!	sanaatana-vaigyaniq	Classical & Raag	Hindi	style qawwali with heavy taan murki toda hindustani classical ornamentation	36	31	ffprobe-duration	false	_radio_index/suno_backup/lyrics/2026-04-04_c866c36a_रिश्ता है!!.txt
5310feb2-43cf-491d-a8cf-058a6e885ea5	catalog-track	रिश्ता-नाल-इम्तिहाँ	sanaatana-vaigyaniq	Classical & Raag	Hindi	style qawwali with heavy taan murki toda hindustani classical ornamentation	36	31	ffprobe-duration	false	_radio_index/suno_backup/lyrics/2026-04-04_5310feb2_रिश्ता-नाल-इम्तिहाँ.txt
7c76f4be-b274-4727-952b-4bd968da0040	catalog-track	रिश्ता-नाल-इम्तिहाँ	sanaatana-vaigyaniq	Classical & Raag	Hindi	[Style: Qawwali with heavy taan, murki, toda, Hindustani classical ornamentation	36	31	ffprobe-duration	false	_radio_index/suno_backup/lyrics/2026-04-04_7c76f4be_रिश्ता-नाल-इम्तिहाँ.txt
887fa5d3-8f3a-458d-a688-c674623e6c56	catalog-track	रिश्ता आलाپ	sanaatana-vaigyaniq	Classical & Raag	Hindi	style qawwali with heavy taan murki toda hindustani classical ornamentation	42	31	ffprobe-duration	false	_radio_index/suno_backup/lyrics/2026-04-04_887fa5d3_रिश्ता आलाپ.txt
5f341636-2cac-4b43-abf7-f4ebd3899795	catalog-track	रिश्ता आलाپ	sanaatana-vaigyaniq	Classical & Raag	Hindi	style qawwali with heavy taan murki toda hindustani classical ornamentation	42	31	ffprobe-duration	false	_radio_index/suno_backup/lyrics/2026-04-04_5f341636_रिश्ता आलाپ.txt
1372ca04-8fbc-4cad-acee-e993865dae48	catalog-track	खो गई मेरी पहचान	ameerpur	Love & Virah	Hindi	Love & Virah; Chorus – rising, pleading, drums enter softly; Chorus – repeat, more intensity; Bridge – philosophical, slow, heavy, almost spoken	18	18	ffprobe-duration	false	_radio_index/suno_backup/lyrics/2026-04-02_1372ca04_खो गई पहचान.txt
8e951426-a919-48cd-9432-5ffbeec40bb2	catalog-track	खो गई पहचान	sanaatana-vaigyaniq	Classical & Raag	Hindi	[Style: Indian classical fusion, dark devotional, sufi rock, slow tempo, male vo; Chorus – rising, pleading, drums enter softly; Chorus – repeat, more intensity; Bridge – philosophical, slow, heavy, almost spoken	18	18	ffprobe-duration	false	_radio_index/suno_backup/lyrics/2026-04-02_8e951426_खो गई पहचान.txt
f5b153c7-06ea-4ec2-9553-41c64e7105b4	catalog-track	Raga Yaman	gurukul	Other / Misc	English	warm analog saturation, plate reverb on vocals, close-mic vocal position, tabla; [Intro][sitar alap][Raga Yaman][free tempo][meditative]; [Verse][urgent][80 BPM][voice rises]; [Chorus][80 BPM][full ensemble]; [Bridge][majestic][85 BPM][shift to Raga Bhairav]; [Final Chorus][triumphant][95 BPM][choir joins]; [Outro][slow][return to Raga Yaman alap][free][fading]	53	52	ffprobe-duration	false	_radio_index/suno_backup/lyrics/2026-04-02_f5b153c7_Raga Yaman.txt
891ce80b-b8ba-45a7-96ec-a3d25cc8854c	catalog-track	मैं हूँ तेरा	sanaatana-vaigyaniq	Sanatan & Vedic	Sanskrit	Sanatan & Vedic; [Intro][sitar alap][Raga Yaman][free tempo][meditative]; [Verse][urgent][80 BPM][voice rises]; [Chorus][80 BPM][full ensemble]; [Bridge][majestic][85 BPM][shift to Raga Bhairav]; [Final Chorus][triumphant][95 BPM][choir joins]; [Outro][slow][return to Raga Yaman alap][free][fading]	53	52	ffprobe-duration	false	_radio_index/suno_backup/lyrics/2026-04-02_891ce80b_Raga Yaman.txt
91dc965a-d24b-4254-bfb1-8d7c28015225	catalog-track	जागता कबीर	kabir-clubbing	Bhakti & Katha	Hindi	warm analog saturation, plate reverb on vocals, close-mic vocal position, tabla; [Intro][sitar alap][Raga Yaman][free tempo][meditative]; [Verse][urgent][80 BPM][voice rises]; [Chorus][80 BPM][full ensemble]; [Bridge][majestic][85 BPM][shift to Raga Bhairav]; [Final Chorus][triumphant][95 BPM][choir joins]; [Outro][slow][return to Raga Yaman alap][free][fading]	51	50	ffprobe-duration	false	_radio_index/suno_backup/lyrics/2026-04-02_91dc965a_जागता कबीर.txt
b9633887-5995-40bd-9ea7-8e4197f229d5	catalog-track	मैं हूँ तेरा	sanaatana-vaigyaniq	Sanatan & Vedic	Sanskrit	Sanatan & Vedic; [Intro][sitar alap][Raga Yaman][free tempo][meditative]; [Verse][urgent][80 BPM][voice rises]; [Chorus][80 BPM][full ensemble]; [Bridge][majestic][85 BPM][shift to Raga Bhairav]; [Final Chorus][triumphant][95 BPM][choir joins]; [Outro][slow][return to Raga Yaman alap][free][fading]	51	50	ffprobe-duration	false	_radio_index/suno_backup/lyrics/2026-04-02_b9633887_जागता कबीर.txt
dd8e3e0b-2ec6-4e7f-b8a9-5a53d281c275	catalog-track	सोए मन जाग	sanaatana-vaigyaniq	Classical & Raag	Hindi	Hindustani classical, Bollywood ballad, Raga Yaman, 75 BPM, sitar, tabla, harmon; [Intro][sitar alap][Raga Yaman][free tempo][meditative]; [Verse][urgent][80 BPM][voice rises]; [Chorus][80 BPM][full ensemble]; [Bridge][majestic][85 BPM][shift to Raga Bhairav]; [Final Chorus][triumphant][95 BPM][choir joins]; [Outro][slow][return to Raga Yaman alap][free][fading]	48	47	ffprobe-duration	false	_radio_index/suno_backup/lyrics/2026-04-02_dd8e3e0b_सोए मन जाग.txt
dcf39bdd-302c-442d-9207-648a18074511	catalog-track	मैं हूँ तेरा	ameerpur	Desh / Patriotic	Hindi	Desh / Patriotic; [Intro][sitar alap][Raga Yaman][free tempo][meditative]; [Verse][urgent][80 BPM][voice rises]; [Chorus][80 BPM][full ensemble]; [Bridge][majestic][85 BPM][shift to Raga Bhairav]; [Final Chorus][triumphant][95 BPM][choir joins]; [Outro][slow][return to Raga Yaman alap][free][fading]	48	47	ffprobe-duration	false	_radio_index/suno_backup/lyrics/2026-04-02_dcf39bdd_सोए मन जाग.txt
aa8bd4d4-7f49-4fd1-952e-956f27f5bbb2	catalog-track	मैं हूँ तेरा	ameerpur	Desh / Patriotic	Hindi	Desh / Patriotic; [Verse 1][मृदु][70 BPM]; [Pre-Chorus][संवर्धन]; [Chorus][उष्ण][पूर्ण वाद्य]; [Final Chorus][विजयी][स्तरित स्वर]	20	20	ffprobe-duration	false	_radio_index/suno_backup/lyrics/2026-04-02_aa8bd4d4_स्वर्ण पताका उड़ रही.txt
0823ba9f-bc73-4d90-a3f7-90ee284167ab	catalog-track	स्वर्ण पताका उड़ रही	sanaatana-vaigyaniq	Classical & Raag	Hindi	Hindustani classical, Bollywood ballad, Raga Yaman, 75 BPM, sitar, tabla, harmon; [Verse 1][मृदु][70 BPM]; [Pre-Chorus][संवर्धन]; [Chorus][उष्ण][पूर्ण वाद्य]; [Final Chorus][विजयी][स्तरित स्वर]	20	20	ffprobe-duration	false	_radio_index/suno_backup/lyrics/2026-04-02_0823ba9f_स्वर्ण पताका उड़ रही.txt
e1b56541-6cab-4cc3-af30-269fc2cc21d8	catalog-track	ओ.......... जी......... मेरे........ सरकार......	kabir-clubbing	Bhakti & Katha	Hindi	Bhakti & Katha; Main Chorus: द सिग्नेचर हुक; (Chaotic High Speed - 160 BPM); Final Chorus: द लिबरेशन हुक	57	56	ffprobe-duration	false	_radio_index/suno_backup/lyrics/2026-04-01_e1b56541_untitled.txt
834f3ae2-e513-4ffc-8431-1d842ab13e3e	catalog-track	(untitled)	gurukul	Other / Misc	English	Main Chorus: द सिग्नेचर हुक; (Chaotic High Speed - 160 BPM); Final Chorus: द लिबरेशन हुक	57	56	ffprobe-duration	false	_radio_index/suno_backup/lyrics/2026-04-01_834f3ae2_untitled.txt
458d70be-5ef2-4bbb-af05-f6c7536d0356	catalog-track	ह-ह-ह-ह हुट... हे-हे-हे झट	sanaatana-vaigyaniq	Sanatan & Vedic	Sanskrit	Sanatan & Vedic; Chorus: Grand Orchestral & Rhythmic; Bridge: Ethereal Raga Fusion - Raga Hansadhwani Flute	38	37	ffprobe-duration	false	_radio_index/suno_backup/lyrics/2026-03-31_458d70be_untitled.txt
79df050a-9ca2-4238-8c67-f3470d7b0b0f	catalog-track	(untitled)	sanaatana-vaigyaniq	Sanatan & Vedic	English	Vedic Industrial Rock, Nu-Metal, Indian Raga Hansadhwani on Bansuri flute, Cinem; Chorus: Grand Orchestral & Rhythmic; Bridge: Ethereal Raga Fusion - Raga Hansadhwani Flute	38	37	ffprobe-duration	false	_radio_index/suno_backup/lyrics/2026-03-31_79df050a_untitled.txt
77a5f693-5564-40c9-8b50-75d5eabe64f6	catalog-track	बड़ी पुरानी बात है	kabir-clubbing	Rap & Fusion	Hindi	Rap & Fusion; Intro - Cinematic/Atmospheric; Verse 1 - Fast Flow	25	23	ffprobe-duration	false	_radio_index/suno_backup/lyrics/2026-03-31_77a5f693_untitled.txt
d9c620a9-bac1-48e7-ab58-17bf6968d47a	catalog-track	(untitled)	gurukul	Other / Misc	English	गीत का शीर्षक: धूमिल अक्स शैली: कॉन्शियस हिप-हॉप (Conscious Hip-Hop) बीट: भारी 8; Intro - Cinematic/Atmospheric; Verse 1 - Fast Flow	25	23	ffprobe-duration	false	_radio_index/suno_backup/lyrics/2026-03-31_d9c620a9_untitled.txt
1c19af11-e727-40ce-ab1f-10a6cc04b68e	catalog-track	(untitled)	sanaatana-vaigyaniq	Sanatan & Vedic	English	[Intro: Atmospheric Flute and Cosmic Pads] [Verse: Soulful Indian Male Vocals, D	26	25	ffprobe-duration	false	_radio_index/suno_backup/lyrics/2026-03-31_1c19af11_untitled.txt
e24efd14-993f-446c-b6bc-af7aa99c96b1	catalog-track	Main sabko khud mein samaye ek pyala hoon	sanaatana-vaigyaniq	Sanatan & Vedic	English	Sanatan & Vedic	26	25	ffprobe-duration	false	_radio_index/suno_backup/lyrics/2026-03-31_e24efd14_untitled.txt
028206e0-2473-4078-8ef9-eb731d376d7e	catalog-track	(untitled)	gurukul	Other / Misc	English	soul devotional with live folk	40	40	ffprobe-duration	false	_radio_index/suno_backup/lyrics/2026-03-31_028206e0_untitled.txt
92aab6f9-e79d-4b27-af30-0a7ab03f0536	catalog-track	एक केवट के ले जाने से	kabir-clubbing	Bhakti & Katha	Hindi	Bhakti & Katha	40	40	ffprobe-duration	false	_radio_index/suno_backup/lyrics/2026-03-31_92aab6f9_untitled.txt
bec3e96c-fe0e-4577-a229-e39d1d8af390	catalog-track	(untitled)	gurukul	Other / Misc	English	meditative, ambient, Indian classical, global fusion, slow tempo, spiritual, minimal; Tempo: 60 BPM; Key: drone-based (Sa tonic)	55	55	ffprobe-duration	false	_radio_index/suno_backup/lyrics/2026-03-31_bec3e96c_untitled.txt
53d6b687-9225-46f0-a82d-448af2a35562	catalog-track	S r G r S	sanaatana-vaigyaniq	Sanatan & Vedic	English	Sanatan & Vedic; meditative, ambient, Indian classical, global fusion, slow tempo, spiritual, minimal; Tempo: 60 BPM; Key: drone-based (Sa tonic)	55	55	ffprobe-duration	false	_radio_index/suno_backup/lyrics/2026-03-31_53d6b687_untitled.txt
bbc7b4ba-42c3-4395-bc2a-26134de64ab7	catalog-track	छोरा अघोरी	ameerpur	Haryanvi Folk	Haryanvi	Haryanvi Folk; Pre-Chorus; Chorus	93	93	ffprobe-duration	false	_radio_index/suno_backup/lyrics/2026-03-29_bbc7b4ba_untitled.txt
0d931d51-3575-4bd1-8740-0ed133c1eba9	catalog-track	(untitled)	kabir-clubbing	Rap & Fusion	English	haryanvi quebradita fusion Banda, Regional Mexican, Technobanda bright staccato; Pre-Chorus; Chorus	93	93	ffprobe-duration	false	_radio_index/suno_backup/lyrics/2026-03-29_0d931d51_untitled.txt
e77952dc-af14-41a8-9ca5-44de89385d85	catalog-track	(untitled)	ameerpur	Haryanvi Folk	Haryanvi	Haryanvi Ragni Rock, Aggressive Male Folk Vocals, Heavy Sarangi, Industrial Drum; Intro: Fast Sarangi Riff with Industrial Beats; Chorus / कोरस	29	24	ffprobe-duration	false	_radio_index/suno_backup/lyrics/2026-03-28_e77952dc_untitled.txt
6b2681d0-8b5e-41fe-857c-74b2d7fcd89a	catalog-track	रंग रूप पै मान करै क्यूं	ameerpur	Haryanvi Folk	Haryanvi	Haryanvi Folk; Intro: Fast Sarangi Riff with Industrial Beats; Chorus / कोरस	29	24	ffprobe-duration	false	_radio_index/suno_backup/lyrics/2026-03-28_6b2681d0_untitled.txt
83603ef3-3ea0-4277-a309-8bfaadcd9dbc	catalog-track	१. हरियाणवी रागनी	kabir-clubbing	Bhakti & Katha	Hindi	Bhakti & Katha	26	26	ffprobe-duration	false	_radio_index/suno_backup/lyrics/2026-03-28_83603ef3_untitled.txt
9b949712-cb52-489b-89a8-c9c2c9b52db2	catalog-track	(untitled)	sanaatana-vaigyaniq	Classical & Raag	English	॥ स्वर्भानु: देसी AI प्रोम्प्ट्स (The Folk Edition) ॥ १. हरियाणवी रागनी-रॉक (तर्	26	26	ffprobe-duration	false	_radio_index/suno_backup/lyrics/2026-03-28_9b949712_untitled.txt
400320f5-5add-4c1b-ab1d-a32f4e351b71	catalog-track	(untitled)	gurukul	Other / Misc	English	॥ लोक-संगीत का 'बंडल' विश्लेषण ॥शैली (Folk Style)मुख्य तत्व (Element)प्रभाव (Eff	26	26	ffprobe-duration	false	_radio_index/suno_backup/lyrics/2026-03-28_400320f5_untitled.txt
b1dc4291-5dbc-4d58-8b74-4b5021142672	catalog-track	(untitled)	gurukul	Other / Misc	English	॥ लोक-संगीत का 'बंडल' विश्लेषण ॥शैली (Folk Style)मुख्य तत्व (Element)प्रभाव (Eff	26	26	ffprobe-duration	false	_radio_index/suno_backup/lyrics/2026-03-28_b1dc4291_untitled.txt
0cf02bcf-c380-42a6-baba-564f159d1717	catalog-track	(untitled)	gurukul	Other / Misc	English	॥ स्वर्भानु: AI म्यूजिक प्रोम्प्ट्स (The Coding Guide) ॥ १. महा-एन्थम प्रोम्प्ट; (Outro: High Tempo Drums & Chanting)	43	42	ffprobe-duration	false	_radio_index/suno_backup/lyrics/2026-03-28_0cf02bcf_untitled.txt
dac78322-f9d7-4d52-a059-a227443c746c	catalog-track	(untitled)	gurukul	Other / Misc	English	स्थायी (Chorus): "शक्ति जाग री" — यह चेतना के सामूहिक उत्थान का आह्वान है। लय (; (Outro: High Tempo Drums & Chanting)	43	42	ffprobe-duration	false	_radio_index/suno_backup/lyrics/2026-03-28_dac78322_untitled.txt
3139ea17-9462-4aa7-998a-06ca08e7d1ac	catalog-track	दो हिस्से	sanaatana-vaigyaniq	Sanatan & Vedic	Sanskrit	Sanatan & Vedic; (Outro: High Tempo Drums & Chanting)	43	42	ffprobe-duration	false	_radio_index/suno_backup/lyrics/2026-03-28_3139ea17_untitled.txt
41cbd44d-470c-442b-9747-3da9f5052256	catalog-track	(untitled)	gurukul	Other / Misc	English	स्थायी (Chorus): "शक्ति जाग री" — यह चेतना के सामूहिक उत्थान का आह्वान है। लय (; (Outro: High Tempo Drums & Chanting)	43	42	ffprobe-duration	false	_radio_index/suno_backup/lyrics/2026-03-28_41cbd44d_untitled.txt
81109d76-22c0-4e21-9bd6-a57682008382	catalog-track	शक्ति जाग री	sanaatana-vaigyaniq	Sanatan & Vedic	Sanskrit	Sanatan & Vedic	31	31	ffprobe-duration	false	_radio_index/suno_backup/lyrics/2026-03-27_81109d76_untitled.txt
982a1594-b969-4c2d-9966-d617a47e4e2d	catalog-track	(untitled)	gurukul	Other / Misc	English	[Title: Shakti Jaag Ri – Manushya Chetna Jagriti] [Style: Indian devotional, Ve	31	31	ffprobe-duration	false	_radio_index/suno_backup/lyrics/2026-03-27_982a1594_untitled.txt
6ae75b0d-c1cc-4641-b483-6b48a9747ac1	catalog-track	(untitled)	gurukul	Other / Misc	English	[Title: Shakti Jaag Ri – Manushya Chetna Jagriti] [Style: Indian devotional, Ve; Drop – full rhythm + chorus; Outro – slow, dissolving	31	31	ffprobe-duration	false	_radio_index/suno_backup/lyrics/2026-03-27_6ae75b0d_untitled.txt
7f4291cd-2f2a-4714-bc31-69d28eec6c38	catalog-track	Shakti jaag ri	sanaatana-vaigyaniq	Sanatan & Vedic	English	Sanatan & Vedic; Drop – full rhythm + chorus; Outro – slow, dissolving	31	31	ffprobe-duration	false	_radio_index/suno_backup/lyrics/2026-03-27_7f4291cd_untitled.txt
c9e3d20d-1c8f-4301-8f48-b90bcad4dbbf	catalog-track	(untitled)	gurukul	Other / Misc	English	solo phakkad and whistle only no equipments; Chorus - The Transformation; Chorus - The Tragedy of Vultures	39	28	ffprobe-duration	false	_radio_index/suno_backup/lyrics/2026-03-26_c9e3d20d_untitled.txt
52951995-1c96-40b6-ab48-93b43e9bd488	catalog-track	(untitled)	gurukul	Other / Misc	English	solo phakkad and whistle only no equipments; Chorus - The Transformation; Chorus - The Tragedy of Vultures	39	28	ffprobe-duration	false	_radio_index/suno_backup/lyrics/2026-03-26_52951995_untitled.txt
dcc995be-7ebf-4fd1-8ad6-c5afa618439d	catalog-track	जैसे ही छुआ उसे... लालच के हाथों ने	sanaatana-vaigyaniq	Sanatan & Vedic	Sanskrit	Sanatan & Vedic; Chorus - The Transformation; Chorus - The Tragedy of Vultures	39	28	ffprobe-duration	false	_radio_index/suno_backup/lyrics/2026-03-26_dcc995be_untitled.txt
ac50152c-f82a-4333-bef4-0b7a404e8399	catalog-track	(untitled)	kabir-clubbing	Rap & Fusion	English	A dark, gothic Cinematic Opera fusion. Dramatic Orchestral score with soaring v; Chorus - The Transformation; Chorus - The Tragedy of Vultures	39	28	ffprobe-duration	false	_radio_index/suno_backup/lyrics/2026-03-26_ac50152c_untitled.txt
4c9c262d-a876-4406-8e42-79d64f585366	catalog-track	WhatsApp Image 2025-06-17 at 20.41.57	gurukul	Other / Misc	English	A dark and atmospheric Hindi indie-folk track with a haunting, cinematic quality; Chorus	26	24	ffprobe-duration	false	_radio_index/suno_backup/lyrics/2026-03-25_4c9c262d_WhatsApp Image 2025-06-17 at 20.41.57.txt
37323280-425b-4fde-b2c9-385619da2dce	catalog-track	(untitled)	gurukul	Other / Misc	English	meditative, ambient, Indian classical, global fusion, slow tempo, spiritual, minimal; Tempo: 60 BPM; Key: drone-based (Sa tonic)	55	55	ffprobe-duration	false	_radio_index/suno_backup/lyrics/2026-03-25_37323280_untitled.txt
631a4c65-636f-4b24-aeea-1d3c99c8f664	catalog-track	(untitled)	gurukul	Other / Misc	English	meditative, ambient, Indian classical, global fusion, slow tempo, spiritual, minimal; Tempo: 60 BPM; Key: drone-based (Sa tonic)	55	55	ffprobe-duration	false	_radio_index/suno_backup/lyrics/2026-03-25_631a4c65_untitled.txt
d040faac-7e44-42a5-b776-ba7a276966fc	catalog-track	(untitled)	gurukul	Other / Misc	English	NULL	11	11	ffprobe-duration	false	_radio_index/suno_backup/lyrics/2026-03-25_d040faac_untitled.txt
f3e77ca3-d3b1-4029-8814-3da77d041154	catalog-track	(untitled)	kabir-clubbing	Bhakti & Katha	English	A raw, minimalist, and hauntingly soulful PHKD (Folk-HipHop-Kabir) fusion. The; Chorus - High Energy; Chorus - Spiritual Realization	27	22	ffprobe-duration	false	_radio_index/suno_backup/lyrics/2026-03-25_f3e77ca3_untitled.txt
3733b4fd-e7f9-418c-a5cb-dcdc0b661384	catalog-track	0:00 Tanpura + Siddham “Om”	sanaatana-vaigyaniq	Sanatan & Vedic	English	Sanatan & Vedic	11	11	ffprobe-duration	false	_radio_index/suno_backup/lyrics/2026-03-25_3733b4fd_untitled.txt
acf72279-b350-4e2d-8241-7c4de927afb4	catalog-track	(untitled)	sanaatana-vaigyaniq	Classical & Raag	English	A haunting, cinematic Avant-Garde Folk-Fusion based on Raag Todi. 100% Human-ge; A lone, eerie human whistle starts an Alaap in Raag Todi; Low-pitched vocal drone begins: Sa-Pa-Sa; Chorus - The Madness; Intense chest thumping and fast breathing; Chorus - The Realization; Final slow breath... The last heartbeat... Total Silence	26	23	ffprobe-duration	false	_radio_index/suno_backup/lyrics/2026-03-25_acf72279_untitled.txt
29ce4071-ec2f-4be4-9034-d4332fe76f86	catalog-track	ज़ीरो के उन हीरों को	sanaatana-vaigyaniq	Sanatan & Vedic	Sanskrit	Sanatan & Vedic; A lone, eerie human whistle starts an Alaap in Raag Todi; Low-pitched vocal drone begins: Sa-Pa-Sa; Chorus - The Madness; Intense chest thumping and fast breathing; Chorus - The Realization; Final slow breath... The last heartbeat... Total Silence	26	23	ffprobe-duration	false	_radio_index/suno_backup/lyrics/2026-03-25_29ce4071_untitled.txt
fbbf00c4-df9a-4c12-8222-5a8f83d3d229	catalog-track	ज़ीरो के उन हीरों को	kabir-clubbing	Bhakti & Katha	Hindi	Bhakti & Katha; Chorus - High Energy; Chorus - Spiritual Realization	27	22	ffprobe-duration	false	_radio_index/suno_backup/lyrics/2026-03-25_fbbf00c4_untitled.txt
31752ecb-d9f6-4d7f-8582-96ad901c2bff	catalog-track	(untitled)	gurukul	Other / Misc	English	A haunting and minimalist 'Phakkad' soundscape. The core rhythm is a deep, reso	22	16	ffprobe-duration	false	_radio_index/suno_backup/lyrics/2026-03-25_31752ecb_untitled.txt
7d695546-b4a9-4369-8770-054ea7711700	catalog-track	This is for informational purposes only. For med	kabir-clubbing	Bhakti & Katha	English	Bhakti & Katha	22	16	ffprobe-duration	false	_radio_index/suno_backup/lyrics/2026-03-25_7d695546_untitled.txt
20aaab8c-af31-4a63-954e-b956c837119a	catalog-track	(untitled)	kabir-clubbing	Rap & Fusion	English	145 BPM, Heavy Psytrance and Haryanvi Folk Fusion, Gritty Haryanvi Female Vocals; Atmospheric: Bubbling Hookah sound, deep Didgeridoo drone; Verse 2 - Fast Flow; Experimental Sound: Marxophone meeting Cinematic Synths	37	32	ffprobe-duration	false	_radio_index/suno_backup/lyrics/2026-03-24_20aaab8c_untitled.txt
c6c9c569-2051-4d98-ba3c-85f7982b04b9	catalog-track	विदाई रो दुख लागे रे	kabir-clubbing	Bhakti & Katha	Hindi	Bhakti & Katha	21	16	ffprobe-duration	false	_radio_index/suno_backup/lyrics/2026-03-24_c6c9c569_untitled.txt
e0e9d663-7d49-4351-aa8e-639120657766	catalog-track	(untitled)	sanaatana-vaigyaniq	Classical & Raag	English	A soulful and cinematic Global-Folk fusion farewell song based on Raag Pilu. >	21	16	ffprobe-duration	false	_radio_index/suno_backup/lyrics/2026-03-24_e0e9d663_untitled.txt
e7905dfe-6d9b-4d8c-9f04-d1645c522f2f	catalog-track	ढोल नगाड़े बाज़न दे तू	ameerpur	Haryanvi Folk	Haryanvi	Haryanvi Folk; Atmospheric: Bubbling Hookah sound, deep Didgeridoo drone; Verse 2 - Fast Flow; Experimental Sound: Marxophone meeting Cinematic Synths	37	32	ffprobe-duration	false	_radio_index/suno_backup/lyrics/2026-03-24_e7905dfe_untitled.txt
e18525dd-f972-4860-9008-b147a0576764	catalog-track	(untitled)	kabir-clubbing	Rap & Fusion	English	A high-octane Psytrance and Haryanvi Folk Fusion anthem. Tempo: 145 BPM. Vocals; (The Bridge - Ancient Chants & Global Folk); TRANCE DROP 1 - तबाही: Erhu और नगाड़ा का फ्यूजन; TRANCE DROP 2 - यहाँ बेस और भी गहरा और वाइब्रेटिंग होगा; FINAL MEGA TRANCE DROP - फुल वॉल्यूम, धिचक-धिचक धमाका!	56	49	ffprobe-duration	false	_radio_index/suno_backup/lyrics/2026-03-24_e18525dd_untitled.txt
b6721538-96c3-408c-be12-613ca88da0d7	catalog-track	ढोल नगाड़े बाज़न दे तू	ameerpur	Haryanvi Folk	Haryanvi	Haryanvi Folk; TRANCE DROP 1 - एकदम तेज़ बेस और इलेक्ट्रिक सिंथ; TRANCE DROP 2 - यहाँ म्यूजिक और भी गहरा और वाइब्रेटिंग होगा; FINAL MEGA TRANCE DROP - फुल वॉल्यूम, धिचक-धिचक धमाका!	54	47	ffprobe-duration	false	_radio_index/suno_backup/lyrics/2026-03-24_b6721538_untitled.txt
42c55ab5-6656-4c72-bcae-0560c1afdacf	catalog-track	(untitled)	gurukul	Other / Misc	English	Grand Republic Day Brass Band, Heavy Snare Drum Rolls, Triumphant Trumpets, Orc; Chorus - Group of Kids	24	18	ffprobe-duration	false	_radio_index/suno_backup/lyrics/2026-03-24_42c55ab5_untitled.txt
8caed3b8-e9a9-48fa-9a64-adeedcfb6231	catalog-track	ढोल नगाड़े बाज़न दे तू	ameerpur	Haryanvi Folk	Haryanvi	Haryanvi Folk; (The Bridge - Ancient Chants & Global Folk); TRANCE DROP 1 - तबाही: Erhu और नगाड़ा का फ्यूजन; TRANCE DROP 2 - यहाँ बेस और भी गहरा और वाइब्रेटिंग होगा; FINAL MEGA TRANCE DROP - फुल वॉल्यूम, धिचक-धिचक धमाका!	56	49	ffprobe-duration	false	_radio_index/suno_backup/lyrics/2026-03-24_8caed3b8_untitled.txt
14a370bd-8e3e-4b27-9afc-31fede5f5c94	catalog-track	(untitled)	kabir-clubbing	Rap & Fusion	English	haryanvi tamil folk trance; TRANCE DROP 1 - एकदम तेज़ बेस और इलेक्ट्रिक सिंथ; TRANCE DROP 2 - यहाँ म्यूजिक और भी गहरा और वाइब्रेटिंग होगा; FINAL MEGA TRANCE DROP - फुल वॉल्यूम, धिचक-धिचक धमाका!	54	47	ffprobe-duration	false	_radio_index/suno_backup/lyrics/2026-03-24_14a370bd_untitled.txt
a41086c8-d15a-40b1-a8c7-8a6d0a450688	catalog-track	दादा फौजी बनवा दे न	kabir-clubbing	Bhakti & Katha	Hindi	Bhakti & Katha; Chorus - Group of Kids	24	18	ffprobe-duration	false	_radio_index/suno_backup/lyrics/2026-03-24_a41086c8_untitled.txt
42eea408-81a9-4c2f-8ffb-8d5c5656d202	catalog-track	फौजी बनवा दे न	kabir-clubbing	Bhakti & Katha	Hindi	Bhakti & Katha	53	53	ffprobe-duration	false	_radio_index/suno_backup/lyrics/2026-03-23_42eea408_untitled.txt
e557151f-686a-4ba6-a428-40ef37236172	catalog-track	(untitled)	kabir-clubbing	Rap & Fusion	English	Haryanvi Ragni + Hip-Hop Rap (Climax Section) Tempo: 95 BPM Energy: H; 🎤 [Verse 1 – Pandit Rap | 1:20]; ⚡ [Verse 3 – Philosophy Rap | 3:40]	97	97	ffprobe-duration	false	_radio_index/suno_backup/lyrics/2026-03-23_e557151f_untitled.txt
ef8c9b76-6af4-46b3-9c34-f9f7408dba40	catalog-track	(untitled)	gurukul	Other / Misc	English	dada potaa poti gang fun.. use kids voices of various ages.. cute catchy..	53	53	ffprobe-duration	false	_radio_index/suno_backup/lyrics/2026-03-23_ef8c9b76_untitled.txt
c01a92ed-1135-4bc5-b9f6-7ec8eaeef43c	catalog-track	(untitled)	gurukul	Other / Misc	English	🎬 🎭 FULL STAGE SETUP (LIVE PERFORMANCE) 🌌 Stage Zones Left (🔥 DWAIT ZONE): Orang; 🎤 [Verse 1 – Pandit Rap | 1:20]; ⚡ [Verse 3 – Philosophy Rap | 3:40]	168	168	ffprobe-duration	false	_radio_index/suno_backup/lyrics/2026-03-23_c01a92ed_untitled.txt
dac03dd8-470e-453c-ba40-7a6da1100b59	catalog-track	हाय रे मच्छरी	ameerpur	Haryanvi Folk	Haryanvi	Haryanvi Folk; 🎤 [Verse 1 – Pandit Rap | 1:20]; ⚡ [Verse 3 – Philosophy Rap | 3:40]	97	97	ffprobe-duration	false	_radio_index/suno_backup/lyrics/2026-03-23_dac03dd8_untitled.txt
c3895754-34ef-42e5-b30f-03de838fa995	catalog-track	हाय रे मच्छरी	ameerpur	Haryanvi Folk	Haryanvi	Haryanvi Folk; 🎤 [Verse 1 – Pandit Rap | 1:20]; ⚡ [Verse 3 – Philosophy Rap | 3:40]	168	168	ffprobe-duration	false	_radio_index/suno_backup/lyrics/2026-03-23_c3895754_untitled.txt
61ca183b-a733-45f2-a526-40124620f6a1	catalog-track	(untitled)	sanaatana-vaigyaniq	Sanatan & Vedic	English	🎤 haryanvi ragni suparfun vs vedant chanting	175	175	ffprobe-duration	false	_radio_index/suno_backup/lyrics/2026-03-23_61ca183b_untitled.txt
11d2c6aa-6e6e-4b33-a0f1-514fb4e2cf9b	catalog-track	Not a curse	ameerpur	Haryanvi Folk	Haryanvi	Haryanvi Folk	175	175	ffprobe-duration	false	_radio_index/suno_backup/lyrics/2026-03-23_11d2c6aa_untitled.txt
2705713e-7211-41ce-8805-62d72c7038f2	catalog-track	(untitled)	gurukul	Other / Misc	English	🎤 QUANTUM ANTHEM (HUMAN SOUND VERSION)	130	130	ffprobe-duration	false	_radio_index/suno_backup/lyrics/2026-03-23_2705713e_untitled.txt
2bf46bbc-1f00-42b1-ada9-5dd38b02ca3b	catalog-track	We are the practice	kabir-clubbing	Rap & Fusion	English	Rap & Fusion	130	130	ffprobe-duration	false	_radio_index/suno_backup/lyrics/2026-03-23_2bf46bbc_untitled.txt
0907ea5b-01db-4afe-a2a1-958b706d1c5a	catalog-track	तू है समंदर	sanaatana-vaigyaniq	Sanatan & Vedic	Sanskrit	Sanatan & Vedic	88	82	ffprobe-duration	false	_radio_index/suno_backup/lyrics/2026-03-22_0907ea5b_untitled.txt
71c2f8e7-6626-4dc8-b873-971485c0725f	catalog-track	(untitled)	gurukul	Other / Misc	English	🎤 QUANTUM ANTHEM (HUMAN SOUND VERSION) (90 BPM | Body Percussion + Breath + Voic	88	82	ffprobe-duration	false	_radio_index/suno_backup/lyrics/2026-03-22_71c2f8e7_untitled.txt
57f63a2a-a5cc-4eca-b189-530e667d6c1d	catalog-track	(untitled)	sanaatana-vaigyaniq	Classical & Raag	English	Epic spiritual hip-hop + Indian classical fusion, deep bass, tanpura drone, conc; ⚡ [Chorus – Power Explosion]; 🚀 [Final Chorus – Anthem Rise]	86	82	ffprobe-duration	false	_radio_index/suno_backup/lyrics/2026-03-22_57f63a2a_untitled.txt
c442e04f-271b-411b-ba4b-42d0ecff3a38	catalog-track	ब्राह्मी → प्राकृत → खरोष्ठी का flow	sanaatana-vaigyaniq	Sanatan & Vedic	English	Sanatan & Vedic; ⚡ [Chorus – Power Explosion]; 🚀 [Final Chorus – Anthem Rise]	86	82	ffprobe-duration	false	_radio_index/suno_backup/lyrics/2026-03-22_c442e04f_untitled.txt
d6015bf7-056c-43bb-b3a7-c42012ac30b6	catalog-track	(untitled)	gurukul	Other / Misc	English	Binaural cinematic spoken word, dual voices (female energetic left, male calm ri	60	49	ffprobe-duration	false	_radio_index/suno_backup/lyrics/2026-03-22_d6015bf7_untitled.txt
e96f8afe-e1fc-4cc8-9998-16627bca7b9c	catalog-track	ठहर	sanaatana-vaigyaniq	Sanatan & Vedic	Sanskrit	Sanatan & Vedic	60	49	ffprobe-duration	false	_radio_index/suno_backup/lyrics/2026-03-22_e96f8afe_untitled.txt
acefb505-26f4-4b95-b378-e064eaccf86f	catalog-track	वक़्त के घोड़ों को	sanaatana-vaigyaniq	Sanatan & Vedic	Sanskrit	Sanatan & Vedic; 🐎 [Verse 1 – Earth Awakening | Tabla + Heartbeat]; 🕉️ [Outro – OM | Drone + Bowl Fade]	89	44	ffprobe-duration	false	_radio_index/suno_backup/lyrics/2026-03-22_acefb505_untitled.txt
b632670a-92f5-44aa-862f-4a03120bd6e3	catalog-track	(untitled)	kabir-clubbing	Rap & Fusion	English	Global cinematic spoken word, deep Indian philosophical poetry, fusion of world; 🐎 [Verse 1 – Earth Awakening | Tabla + Heartbeat]; 🕉️ [Outro – OM | Drone + Bowl Fade]	89	44	ffprobe-duration	false	_radio_index/suno_backup/lyrics/2026-03-22_b632670a_untitled.txt
c8a46987-b4d4-41ee-aa0c-36c1f1115cf2	catalog-track	Tibetan Bowl	sanaatana-vaigyaniq	Sanatan & Vedic	English	Sanatan & Vedic; 🐎 [Verse 1 – Earth Awakening | Tabla + Heartbeat]; 🕉️ [Outro – OM | Drone + Bowl Fade]	95	64	ffprobe-duration	false	_radio_index/suno_backup/lyrics/2026-03-22_c8a46987_untitled.txt
7e3ba569-59f8-4cf2-aebb-45d436b941ef	catalog-track	Tibetan Bowl	sanaatana-vaigyaniq	Sanatan & Vedic	English	Sanatan & Vedic; 🐎 [Verse 1 – Earth Awakening | Tabla + Heartbeat]; 🕉️ [Outro – OM | Drone + Bowl Fade]	95	64	ffprobe-duration	false	_radio_index/suno_backup/lyrics/2026-03-22_7e3ba569_untitled.txt
1ec4ae2f-b4ab-441b-8234-f5fcca48b606	catalog-track	(untitled)	kabir-clubbing	Rap & Fusion	English	Global cinematic spoken word, deep Indian philosophical poetry, fusion of world; 🐎 [Verse 1 – Earth Awakening | Tabla + Heartbeat]; 🕉️ [Outro – OM | Drone + Bowl Fade]	95	64	ffprobe-duration	false	_radio_index/suno_backup/lyrics/2026-03-22_1ec4ae2f_untitled.txt
713998e8-14d5-4633-b01a-3fb4275561f9	catalog-track	(untitled)	sanaatana-vaigyaniq	Classical & Raag	English	Deep cinematic spoken word, Indian classical fusion, ambient drone, slow heartbe	116	74	ffprobe-duration	false	_radio_index/suno_backup/lyrics/2026-03-22_713998e8_untitled.txt
8b68b69c-b07f-43f8-ac20-ed65fbc03fc7	catalog-track	(untitled)	kabir-clubbing	Rap & Fusion	English	Global cinematic spoken word, deep Indian philosophical poetry, fusion of world; 🐎 [Verse 1 – Earth Awakening | Tabla + Heartbeat]; 🕉️ [Outro – OM | Drone + Bowl Fade]	95	64	ffprobe-duration	false	_radio_index/suno_backup/lyrics/2026-03-22_8b68b69c_untitled.txt
9b85885b-774d-4b2d-babf-e39fea6294e0	catalog-track	🎤 “वक़्त के घोड़े” — जागरण काव्य	gurukul	Other / Misc	Hindi	Other / Misc	43	43	ffprobe-duration	false	_radio_index/suno_backup/lyrics/2026-03-22_9b85885b_untitled.txt
1802409c-450b-4fa0-82bb-9ae1c98c6f58	catalog-track	(untitled)	gurukul	Other / Misc	English	NULL	43	43	ffprobe-duration	false	_radio_index/suno_backup/lyrics/2026-03-22_1802409c_untitled.txt
22925574-1f8c-4bba-927a-63bf25e66c7c	catalog-track	Desert wind	sanaatana-vaigyaniq	Sanatan & Vedic	English	Sanatan & Vedic	116	74	ffprobe-duration	false	_radio_index/suno_backup/lyrics/2026-03-22_22925574_untitled.txt
3b5bc702-ef70-4745-9a21-5e41252a6c47	catalog-track	Yo Yo Pandit! बोल माआता का naam	ameerpur	Haryanvi Folk	Haryanvi	Haryanvi Folk; 🌌 [Intro – Whisper + Ambient]	43	39	ffprobe-duration	false	_radio_index/suno_backup/lyrics/2026-03-22_3b5bc702_kush..mana..da.txt
e5e11b4f-d05d-444f-9b0e-5b91e5e70206	catalog-track	kush..mana..da	kabir-clubbing	Bhakti & Katha	English	[Style: Rajasthani Folk + Bhakti Rap + Ambient Cinematic] [Tempo: 88 BPM] [Scal; 🌌 [Intro – Whisper + Ambient]	43	39	ffprobe-duration	false	_radio_index/suno_backup/lyrics/2026-03-22_e5e11b4f_kush..mana..da.txt
8d7517ab-5f3a-4d8e-b2e4-92f170be6ed4	catalog-track	maa… maa… maa	kabir-clubbing	Bhakti & Katha	English	Bhakti & Katha; 🔔 हर हर महादेव (chorus)	78	73	ffprobe-duration	false	_radio_index/suno_backup/lyrics/2026-03-22_8d7517ab_untitled.txt
1630fdc7-2ea0-4737-a448-84a9e3a68bc4	catalog-track	(untitled)	kabir-clubbing	Rap & Fusion	English	Neuro-Tantra Devotional Trance Start: whisper + tanpura (no beat) Gradually add; 🔔 हर हर महादेव (chorus)	78	73	ffprobe-duration	false	_radio_index/suno_backup/lyrics/2026-03-22_1630fdc7_untitled.txt
bf134052-5fe4-4f02-aa15-5757082f17fe	catalog-track	He shaheed shera	ameerpur	Haryanvi Folk	Haryanvi	Haryanvi Folk; Indian spiritual folk, Hindustani classical, male solo voice, tanpura drone, rubab, slow meditative tempo, emotional, reverent, culminating in acceptance, Vira rasa (heroic), Shanta rasa (peaceful); Pure Indian spiritual, male voice, rubab, tanpura, no Western instruments, mood: from renunciation to engagement, from seeking to service, heroic and peaceful, vira rasa, shanta rasa; Intro: Tanpura drone. The sound of water being poured onto earth. A single rubab note, held long. Silence.	36	29	ffprobe-duration	false	_radio_index/suno_backup/lyrics/2026-03-21_bf134052_untitled.txt
31a89117-5333-4f09-96f9-da776986d02d	catalog-track	(untitled)	gurukul	Other / Misc	English	Indian spiritual folk, Hindustani classical, male solo voice, tanpura drone, rubab, slow meditative tempo, emotional, reverent, culminating in acceptance, Vira rasa (heroic), Shanta rasa (peaceful); Pure Indian spiritual, male voice, rubab, tanpura, no Western instruments, mood: from renunciation to engagement, from seeking to service, heroic and peaceful, vira rasa, shanta rasa; Intro: Tanpura drone. The sound of water being poured onto earth. A single rubab note, held long. Silence.	36	29	ffprobe-duration	false	_radio_index/suno_backup/lyrics/2026-03-21_31a89117_untitled.txt
374bbc29-2826-4b31-ba70-48ad9999fa35	catalog-track	(untitled)	ameerpur	Haryanvi Folk	Haryanvi	global fun haryanvi-superstar.. 1000 girls 1 boy; Indian spiritual folk, Hindustani classical influence, slow meditative tempo, male devotional vocal, rubab strings, tanpura drone, soft dholak, emotional, reverent, timeless atmosphere; Intro: Sound of a gentle breeze, distant morning bells. Tanpura drone slowly fades in, steady and grounding. The soft, resonant strum of a rubab (rabab) begins, playing a slow alap in a Bhairavi-inspired melody. The mood is one of sacred stillness and anticipation.; Instrumental Break: Rubab takes the lead, playing a tender, questioning melody. A soft dholak enters with a slow, heartbeat-like rhythm. The tanpura continues underneath.; Bridge - Bhai Mardana in a Trance	45	13	ffprobe-duration	false	_radio_index/suno_backup/lyrics/2026-03-21_374bbc29_untitled.txt
bed764bc-151e-4046-a0b6-773835719384	catalog-track	Bhai Mardana... vajda rabab	ameerpur	Haryanvi Folk	Haryanvi	Haryanvi Folk; Indian spiritual folk, Hindustani classical influence, slow meditative tempo, male devotional vocal, rubab strings, tanpura drone, soft dholak, emotional, reverent, timeless atmosphere; Intro: Sound of a gentle breeze, distant morning bells. Tanpura drone slowly fades in, steady and grounding. The soft, resonant strum of a rubab (rabab) begins, playing a slow alap in a Bhairavi-inspired melody. The mood is one of sacred stillness and anticipation.; Instrumental Break: Rubab takes the lead, playing a tender, questioning melody. A soft dholak enters with a slow, heartbeat-like rhythm. The tanpura continues underneath.; Bridge - Bhai Mardana in a Trance	45	13	ffprobe-duration	false	_radio_index/suno_backup/lyrics/2026-03-21_bed764bc_untitled.txt
4c9ffaea-c955-4c6e-b22b-974c6fbe1284	catalog-track	kush..mana..da	sanaatana-vaigyaniq	Sanatan & Vedic	English	Cinematic Vedic Psy-Trap, 145 BPM, Heavy pulsating 808 Sub-bass, Fast-paced Trib; MASSIVE PSY-TRANCE BASS DROP; CHORUS - The Core Vow; BRIDGE - The Siddhi Trance; VERSE 3 - The Vedic Folk Wisdom	34	25	ffprobe-duration	false	_radio_index/suno_backup/lyrics/2026-03-21_4c9ffaea_kush..mana..da.txt
17cea20d-3770-4288-aeac-d5d0a9677a3f	catalog-track	kush..mana..da	sanaatana-vaigyaniq	Sanatan & Vedic	English	Cinematic Vedic Psy-Trap, 145 BPM, Heavy pulsating 808 Sub-bass, Fast-paced Trib; MASSIVE PSY-TRANCE BASS DROP; CHORUS - The Core Vow; BRIDGE - The Siddhi Trance; VERSE 3 - The Vedic Folk Wisdom	34	25	ffprobe-duration	false	_radio_index/suno_backup/lyrics/2026-03-21_17cea20d_kush..mana..da.txt
0366db7b-3209-4ccf-af83-12fda3311c23	catalog-track	kush..mana..da	sanaatana-vaigyaniq	Sanatan & Vedic	English	Cinematic Vedic Psy-Trap, 145 BPM, Heavy pulsating 808 Sub-bass, Fast-paced Trib; MASSIVE PSY-TRANCE BASS DROP; CHORUS - The Core Vow; BRIDGE - The Siddhi Trance; VERSE 3 - The Vedic Folk Wisdom	34	25	ffprobe-duration	false	_radio_index/suno_backup/lyrics/2026-03-21_0366db7b_kush..mana..da.txt
575f5473-b86b-466f-b63d-980c2bec7855	catalog-track	माँ कूष्माण्डा की प्यारी मुस्कान	sanaatana-vaigyaniq	Sanatan & Vedic	Sanskrit	Sanatan & Vedic; MASSIVE PSY-TRANCE BASS DROP; CHORUS - The Core Vow; BRIDGE - The Siddhi Trance; VERSE 3 - The Vedic Folk Wisdom	34	25	ffprobe-duration	false	_radio_index/suno_backup/lyrics/2026-03-21_575f5473_kush..mana..da.txt
bea936de-88c1-4d19-9f9a-04973bec0cc0	catalog-track	kush..mana..da	sanaatana-vaigyaniq	Sanatan & Vedic	English	Cinematic Vedic-Trap, Heavy 808 Bass, 140 BPM, Aggressive Haryanvi Ragni Rap flo; CHORUS - The Core Vow	34	25	ffprobe-duration	false	_radio_index/suno_backup/lyrics/2026-03-21_bea936de_kush..mana..da.txt
87176aad-96cb-487c-b065-7faa93e5d442	catalog-track	kush..mana..da	sanaatana-vaigyaniq	Sanatan & Vedic	English	Cinematic Vedic-Trap, Heavy 808 Bass, 140 BPM, Aggressive Haryanvi Ragni Rap flo; CHORUS - The Core Vow	34	25	ffprobe-duration	false	_radio_index/suno_backup/lyrics/2026-03-21_87176aad_kush..mana..da.txt
01b47c28-4773-42d5-b158-8a73c0cc9248	catalog-track	kush..mana..da	sanaatana-vaigyaniq	Sanatan & Vedic	English	Cinematic Vedic Trap, Massive 808 Bass, 140 BPM, Deep Atmospheric Reverb, Ancien; CHORUS - The Core Algorithm	42	33	ffprobe-duration	false	_radio_index/suno_backup/lyrics/2026-03-21_01b47c28_kush..mana..da.txt
e8ac43d3-688b-49ee-8ec3-ed025ddcb33b	catalog-track	कूष्माण्डा की 'स्मित' है शक्ति	sanaatana-vaigyaniq	Sanatan & Vedic	Sanskrit	Sanatan & Vedic; CHORUS - The Core Algorithm	42	33	ffprobe-duration	false	_radio_index/suno_backup/lyrics/2026-03-21_e8ac43d3_kush..mana..da.txt
1b2ec847-7d17-420f-9042-dbced94d6763	catalog-track	गाम के छोरे	ameerpur	Haryanvi Folk	Haryanvi	Haryanvi Folk	90	63	ffprobe-duration	false	_radio_index/suno_backup/lyrics/2026-03-21_1b2ec847_untitled.txt
6b3651e9-9f2d-4597-a0a5-de2414135203	catalog-track	(untitled)	ameerpur	Haryanvi Folk	Haryanvi	global fun haryanvi-superstar.. 1000 girls 1 boy	90	63	ffprobe-duration	false	_radio_index/suno_backup/lyrics/2026-03-21_6b3651e9_untitled.txt
4cf5c8eb-fe72-483f-952d-0556a8e4b408	catalog-track	Om Devi Chandraghantayai Namah! माथे पे चंदा	sanaatana-vaigyaniq	Sanatan & Vedic	Sanskrit	Sanatan & Vedic; CHORUS - The Source Code	65	63	ffprobe-duration	false	_radio_index/suno_backup/lyrics/2026-03-21_4cf5c8eb_O.I.riginal.nteligence.txt
92c993d5-8cd1-48c2-a8fb-5c04053f9dcd	catalog-track	O.I.riginal.nteligence	gurukul	Other / Misc	English	[Add metallic bell sounds rhythmic] Use strong percussion (dhol + war drums) Fem; CHORUS - The Source Code	65	63	ffprobe-duration	false	_radio_index/suno_backup/lyrics/2026-03-21_92c993d5_O.I.riginal.nteligence.txt
b7260b36-705a-493e-ab43-4cf6d9ba9bb9	catalog-track	O.I.riginal.nteligence	gurukul	Other / Misc	English	CHORUS - The Source Code	47	45	ffprobe-duration	false	_radio_index/suno_backup/lyrics/2026-03-21_b7260b36_O.I.riginal.nteligence.txt
a13e3aff-822d-4a39-840c-333df718a6a6	catalog-track	Om Devi Chandraghantayai Namah! माथे पे चंदा	sanaatana-vaigyaniq	Sanatan & Vedic	Sanskrit	Sanatan & Vedic; CHORUS - The Source Code	47	45	ffprobe-duration	false	_radio_index/suno_backup/lyrics/2026-03-21_a13e3aff_O.I.riginal.nteligence.txt
877a4cae-7aaa-4d7a-b037-021fcc544fb5	catalog-track	O.I.riginal.nteligence	gurukul	Other / Misc	English	CHORUS - The Core Source Code	92	90	ffprobe-duration	false	_radio_index/suno_backup/lyrics/2026-03-21_877a4cae_O.I.riginal.nteligence.txt
35c9d20a-94e6-4b53-9e14-073f7c519e47	catalog-track	ॐ देवी चन्द्रघण्टायै नमः	kabir-clubbing	Bhakti & Katha	Sanskrit	Bhakti & Katha; CHORUS - The Core Source Code	92	90	ffprobe-duration	false	_radio_index/suno_backup/lyrics/2026-03-21_35c9d20a_O.I.riginal.nteligence.txt
ad20ad65-6256-4cde-b283-500aae7ad4fd	catalog-track	Om Devi Chandraghantayai Namah	sanaatana-vaigyaniq	Sanatan & Vedic	Sanskrit	Sanatan & Vedic; Chorus; CHORUS - The Core Frequency	82	65	ffprobe-duration	false	_radio_index/suno_backup/lyrics/2026-03-21_ad20ad65_neural jogi.txt
092cd586-b79b-465f-b06c-972aa38bd494	catalog-track	neural jogi	sanaatana-vaigyaniq	Sanatan & Vedic	English	Haryanvi Ragni-Trap Fusion, Psytrance, 432Hz Tuning, Cinematic Vedic Bass, Aggre; Chorus; CHORUS - The Core Frequency	82	65	ffprobe-duration	false	_radio_index/suno_backup/lyrics/2026-03-21_092cd586_neural jogi.txt
c2ff4d29-bde8-449a-847e-9dcdc78e4a69	catalog-track	neural jogi	sanaatana-vaigyaniq	Sanatan & Vedic	English	Haryanvi Ragni-Trap Fusion, Psytrance, 432Hz Tuning, Cinematic Vedic Bass, Aggre; Chorus; CHORUS - The Core Frequency	66	53	ffprobe-duration	false	_radio_index/suno_backup/lyrics/2026-03-21_c2ff4d29_neural jogi.txt
78e037f2-edcd-4a6c-bdc4-099e1b4774e9	catalog-track	Om Devi Chandraghantayai Namah	sanaatana-vaigyaniq	Sanatan & Vedic	Sanskrit	Sanatan & Vedic; Chorus; CHORUS - The Core Frequency	66	53	ffprobe-duration	false	_radio_index/suno_backup/lyrics/2026-03-21_78e037f2_neural jogi.txt
ccb6b23a-62e2-44e4-b1f4-94283dd7bdfc	catalog-track	neural jogi	sanaatana-vaigyaniq	Sanatan & Vedic	English	Haryanvi Ragni-Trap Fusion, Psytrance, 432Hz Tuning, Cinematic Vedic Bass, Aggre; Chorus	23	17	ffprobe-duration	false	_radio_index/suno_backup/lyrics/2026-03-21_ccb6b23a_neural jogi.txt
32b5d3c2-5566-44b7-9d81-86e8f1685967	catalog-track	Om Devi Chandraghantayai Namah	sanaatana-vaigyaniq	Sanatan & Vedic	Sanskrit	Sanatan & Vedic; Chorus	23	17	ffprobe-duration	false	_radio_index/suno_backup/lyrics/2026-03-21_32b5d3c2_neural jogi.txt
1482a051-de1c-4ca4-bc3b-2a183763c075	catalog-track	ए री माता गौर आई रे	kabir-clubbing	Bhakti & Katha	Hindi	Bhakti & Katha	100	100	ffprobe-duration	false	_radio_index/suno_backup/lyrics/2026-03-21_1482a051_neural jogi.txt
e09752f7-8498-4ed6-bcf6-594f85308686	catalog-track	गणगौर आई रे	kabir-clubbing	Bhakti & Katha	Hindi	Bhakti & Katha; 🌌 🔶 Final Chorus	48	48	ffprobe-duration	false	_radio_index/suno_backup/lyrics/2026-03-21_e09752f7_neural jogi.txt
9b907c3a-8874-4c5a-93bb-ba08f8477cdc	catalog-track	neural jogi	gurukul	Other / Misc	English	maataa gangaur aashirwaad	100	100	ffprobe-duration	false	_radio_index/suno_backup/lyrics/2026-03-21_9b907c3a_neural jogi.txt
cf3dbe9b-e2f2-4b21-bd5b-4332afa2a38e	catalog-track	neural jogi	gurukul	Other / Misc	English	ancient instruments.. folk raw celebrations.. ancient sounds of joy; 🌌 🔶 Final Chorus	48	48	ffprobe-duration	false	_radio_index/suno_backup/lyrics/2026-03-21_cf3dbe9b_neural jogi.txt
43e46f35-5912-4f95-84b9-92edf0d0fb86	catalog-track	neural jogi	kabir-clubbing	Rap & Fusion	English	[Style: Rajasthani Folk Fusion, Mand, Ghoomar, Devotional] [Concept] Gangaur so; 🌌 🔶 Final Chorus	48	48	ffprobe-duration	false	_radio_index/suno_backup/lyrics/2026-03-21_43e46f35_neural jogi.txt
6a5dd84e-6da0-4b09-9a52-1db8c4acef47	catalog-track	neural jogi	kabir-clubbing	Rap & Fusion	English	[Style: Rajasthani Folk Fusion, Mand, Ghoomar, Devotional] [Concept] Gangaur so; 🌌 🔶 Final Chorus	48	48	ffprobe-duration	false	_radio_index/suno_backup/lyrics/2026-03-21_6a5dd84e_neural jogi.txt
95afba01-5a36-42ca-8dcc-2506b2523fe4	catalog-track	neural jogi	gurukul	Other / Misc	English	[Style: Rajasthani Folk, Mand, Village Women Chorus, Festive, Simple] [Tempo: 9; Chorus – MAIN HOOK	22	22	ffprobe-duration	false	_radio_index/suno_backup/lyrics/2026-03-21_95afba01_neural jogi.txt
9d65a1fd-2546-4c3c-817e-49c52a5ebb0b	catalog-track	neural jogi	gurukul	Other / Misc	English	[Style: Rajasthani Folk, Mand, Village Women Chorus, Festive, Simple] [Tempo: 9	21	21	ffprobe-duration	false	_radio_index/suno_backup/lyrics/2026-03-21_9d65a1fd_neural jogi.txt
050e19ec-ac35-452e-bb9e-16277b396b08	catalog-track	गणगौर आई रे… आई रे… आई रे	kabir-clubbing	Bhakti & Katha	Hindi	Bhakti & Katha; Chorus – MAIN HOOK	22	22	ffprobe-duration	false	_radio_index/suno_backup/lyrics/2026-03-21_050e19ec_neural jogi.txt
75687504-db82-463a-96f8-62dd4c6ad2b1	catalog-track	gangaur aayi re aayi re aayi re	kabir-clubbing	Bhakti & Katha	English	Bhakti & Katha	21	21	ffprobe-duration	false	_radio_index/suno_backup/lyrics/2026-03-21_75687504_neural jogi.txt
c1f60054-5682-4989-a470-f3ba4295c065	catalog-track	गणगौर आई रे… सज धज जाई रे	sanaatana-vaigyaniq	Sanatan & Vedic	Sanskrit	Sanatan & Vedic	30	30	ffprobe-duration	false	_radio_index/suno_backup/lyrics/2026-03-21_c1f60054_neural jogi.txt
7789d061-f161-4e4d-ad2d-4bf0d70bd861	catalog-track	neural jogi	gurukul	Other / Misc	English	[Style: Indian Folk + Rajasthani Mand + Tribal + Ambient + Devotional + Cinemati	30	30	ffprobe-duration	false	_radio_index/suno_backup/lyrics/2026-03-21_7789d061_neural jogi.txt
b3dab790-2dfb-43e9-bd08-6fed863e2e42	catalog-track	om gaurishankaraya namah	sanaatana-vaigyaniq	Sanatan & Vedic	Sanskrit	Sanatan & Vedic	18	18	ffprobe-duration	false	_radio_index/suno_backup/lyrics/2026-03-21_b3dab790_neural jogi.txt
68b7f05f-0d8c-4740-b17b-f2e679aacd98	catalog-track	neural jogi	gurukul	Other / Misc	English	[Style: Indian Folk + Rajasthani Mand + Tribal + Ambient + Devotional + Cinemati	18	18	ffprobe-duration	false	_radio_index/suno_backup/lyrics/2026-03-21_68b7f05f_neural jogi.txt
26ae8b47-2aa1-4fc3-9a27-bfc906169f67	catalog-track	chhor de	sanaatana-vaigyaniq	Classical & Raag	English	Cinematic Global Fusion, Haryanvi Folk-Opera, Raag Shivranjani & Marwa base, 60; Chorus; (All global elements fuse: Opera screams, Chant drones, Folk energy)	26	26	ffprobe-duration	false	_radio_index/suno_backup/lyrics/2026-03-20_26ae8b47_chhor de.txt
971b76d4-9982-4b49-9419-b8e39097a769	catalog-track	हे र अ अ अ	kabir-clubbing	Bhakti & Katha	Hindi	Bhakti & Katha; Chorus; (All global elements fuse: Opera screams, Chant drones, Folk energy)	26	26	ffprobe-duration	false	_radio_index/suno_backup/lyrics/2026-03-20_971b76d4_chhor de.txt
48d4c16c-f0af-4e47-8834-ce416cc8312e	catalog-track	chhor de	sanaatana-vaigyaniq	Classical & Raag	English	Cinematic Global Fusion, Haryanvi Folk-Opera, Raag Shivranjani & Marwa base, 60; Chorus; (All global elements fuse: Opera screams, Chant drones, Folk energy)	27	27	ffprobe-duration	false	_radio_index/suno_backup/lyrics/2026-03-20_48d4c16c_chhor de.txt
5b1a2a19-1787-49a9-b01a-795121534e08	catalog-track	Dekh mere yaar	kabir-clubbing	Bhakti & Katha	English	Bhakti & Katha; Chorus; (All global elements fuse: Opera screams, Chant drones, Folk energy)	27	27	ffprobe-duration	false	_radio_index/suno_backup/lyrics/2026-03-20_5b1a2a19_chhor de.txt
a33956a5-2081-468d-b0aa-1507b51cf541	catalog-track	हे र अ अ अ...	kabir-clubbing	Bhakti & Katha	Hindi	Bhakti & Katha	42	41	ffprobe-duration	false	_radio_index/suno_backup/lyrics/2026-03-20_a33956a5_chhor de.txt
e7134e4e-a3b4-4eb2-830d-e9a1e0791ca4	catalog-track	chhor de	sanaatana-vaigyaniq	Classical & Raag	English	Haunting Haryanvi Folk Fusion, Raag Shivranjani base, Pathos, Melancholic, Ether	42	41	ffprobe-duration	false	_radio_index/suno_backup/lyrics/2026-03-20_e7134e4e_chhor de.txt
5813c3d7-64ae-4dcd-86cc-6c4cc319f0d7	catalog-track	He Ra a a a	kabir-clubbing	Bhakti & Katha	English	Bhakti & Katha; Chorus; Guitar/Folk Solo - High Energy but Sad	51	30	ffprobe-duration	false	_radio_index/suno_backup/lyrics/2026-03-20_5813c3d7_untitled.txt
ae00fa9b-6761-4e45-89a4-c8bebb0ec9e2	catalog-track	(untitled)	sanaatana-vaigyaniq	Classical & Raag	English	Haunting Haryanvi Folk Fusion, Raag Shivranjani base, Pathos, Melancholic, Ether; Chorus; Guitar/Folk Solo - High Energy but Sad	51	30	ffprobe-duration	false	_radio_index/suno_backup/lyrics/2026-03-20_ae00fa9b_untitled.txt
b7ab25e5-8f36-4dd2-a0ed-a64c5f9f0b63	catalog-track	हर-हर महादेव... हर-हर महादेव	sanaatana-vaigyaniq	Sanatan & Vedic	Sanskrit	Sanatan & Vedic	95	95	ffprobe-duration	false	_radio_index/suno_backup/lyrics/2026-03-20_b7ab25e5_untitled.txt
abdadc18-6d3f-43c5-aacc-5df4eba20e4d	catalog-track	(untitled)	sanaatana-vaigyaniq	Sanatan & Vedic	English	hard death rock vedic sanskrit	95	95	ffprobe-duration	false	_radio_index/suno_backup/lyrics/2026-03-20_abdadc18_untitled.txt
9ea90a62-a2d7-462c-9f8c-fb078246a1ae	catalog-track	eeee ee eeee eaeaeaaeen	sanaatana-vaigyaniq	Sanatan & Vedic	English	Sanatan & Vedic	7	7	ffprobe-duration	false	_radio_index/suno_backup/lyrics/2026-03-20_9ea90a62_untitled.txt
f5ee1b21-dfd0-497c-8f70-18a04305df49	catalog-track	(untitled)	sanaatana-vaigyaniq	Sanatan & Vedic	English	वैदिक तंत्र हेमंत तत्व	7	7	ffprobe-duration	false	_radio_index/suno_backup/lyrics/2026-03-20_f5ee1b21_untitled.txt
322826de-5054-4df5-868c-4d8eefd1140f	catalog-track	सीधी दुनिया उल्टे लोग	sanaatana-vaigyaniq	Sanatan & Vedic	Sanskrit	Sanatan & Vedic	101	101	ffprobe-duration	false	_radio_index/suno_backup/lyrics/2026-03-20_322826de_untitled.txt
75db9ef6-ac44-4361-aa4f-64d05aab70a8	catalog-track	(untitled)	sanaatana-vaigyaniq	Sanatan & Vedic	English	वैदिक तंत्र हेमंत तत्व	101	101	ffprobe-duration	false	_radio_index/suno_backup/lyrics/2026-03-20_75db9ef6_untitled.txt
200d3cac-7b7b-437a-8877-c560fdd74b80	catalog-track	neural jogi	sanaatana-vaigyaniq	Classical & Raag	English	🎵 गीत (Lyrics): उल्टी चाल चल पड़े शिव राग: भैरवी (सुबह का राग, करुण रस से भरपूर)	125	123	ffprobe-duration	false	_radio_index/suno_backup/lyrics/2026-03-20_200d3cac_neural jogi.txt
7c45ec0d-f3b8-4cb9-beaf-2d74f4302da5	catalog-track	रत्नावली की रत्नावली	kabir-clubbing	Bhakti & Katha	Hindi	Bhakti & Katha	125	123	ffprobe-duration	false	_radio_index/suno_backup/lyrics/2026-03-20_7c45ec0d_neural jogi.txt
f02bb457-88b6-415c-9b34-da9e9896a390	catalog-track	neural jogi	sanaatana-vaigyaniq	Sanatan & Vedic	English	TITLE: Triveni Naad – Inner Jogi Duet [STYLE: Indian Folk Jogi Ragni + Gurbani; ⚪ [Final Chorus – Awakening]	79	77	ffprobe-duration	false	_radio_index/suno_backup/lyrics/2026-03-20_f02bb457_neural jogi.txt
57e3125d-6eff-4b5a-883a-4da698ee8f1d	catalog-track	Deep serious alaap	sanaatana-vaigyaniq	Sanatan & Vedic	English	Sanatan & Vedic; Massive build-up → all instruments + chorus	51	51	ffprobe-duration	false	_radio_index/suno_backup/lyrics/2026-03-20_57e3125d_untitled.txt
2fc25f01-e1af-419b-af18-4a94b1792d7b	catalog-track	(untitled)	sanaatana-vaigyaniq	Sanatan & Vedic	English	TITLE: **“NAAD BRAHM: 31 RAAG NEURAL JOGI ALBUM”** STYLE: Indian Folk (Haryanvi; Massive build-up → all instruments + chorus	51	51	ffprobe-duration	false	_radio_index/suno_backup/lyrics/2026-03-20_2fc25f01_untitled.txt
28f32076-2c38-4dfd-8f9b-27aeeee9b5bc	catalog-track	❤️ जोगी देवे गारंटी बात	sanaatana-vaigyaniq	Sanatan & Vedic	Sanskrit	Sanatan & Vedic; ⚪ [Final Chorus – Awakening]	79	77	ffprobe-duration	false	_radio_index/suno_backup/lyrics/2026-03-20_28f32076_neural jogi.txt
17393950-853a-4aed-9e6f-229ac70f25e0	catalog-track	“NAAD BRAHM: 31 RAAG NEURAL JOGI ALBUM”	sanaatana-vaigyaniq	Sanatan & Vedic	English	Sanatan & Vedic; Indian Folk (Haryanvi Ragni + Jogi style) + Gurbani Kirtan + Sufi + Minimal Electronic Ambient; TEMPO FLOW: Slow (meditative) → Mid (folk groove) → High (transcendence) → Calm outro; Massive build-up → all instruments + chorus	70	70	ffprobe-duration	false	_radio_index/suno_backup/lyrics/2026-03-20_17393950_untitled.txt
056a8cec-f924-4fbe-be2e-5a026a8477a1	catalog-track	(untitled)	gurukul	Other / Misc	English	Indian Folk (Haryanvi Ragni + Jogi style) + Gurbani Kirtan + Sufi + Minimal Electronic Ambient; TEMPO FLOW: Slow (meditative) → Mid (folk groove) → High (transcendence) → Calm outro; Massive build-up → all instruments + chorus	70	70	ffprobe-duration	false	_radio_index/suno_backup/lyrics/2026-03-20_056a8cec_untitled.txt
dab64572-477f-4561-ae33-43b27a37fb2a	catalog-track	(untitled)	kabir-clubbing	Rap & Fusion	English	High-energy Haryanvi Trap-Folk Fusion, Heavy 808 Bass, Cinematic Sound Design, T; Sound Design: Deep 'Om' drone, ethereal Flute (Raag Shivranjani), Ambient space wind; Chorus: Aggressive group vocals; (Verse 1: The Galactic Rap); (Final Chorus - Grand Finale)	33	31	ffprobe-duration	false	_radio_index/suno_backup/lyrics/2026-03-19_dab64572_untitled.txt
2b4451e0-029c-4fb6-b9e5-78fd60f4046c	catalog-track	देव-दानव: यो गोबर नहीं	ameerpur	Haryanvi Folk	Haryanvi	Haryanvi Folk; Sound Design: Deep 'Om' drone, ethereal Flute (Raag Shivranjani), Ambient space wind; Chorus: Aggressive group vocals; (Verse 1: The Galactic Rap); (Final Chorus - Grand Finale)	33	31	ffprobe-duration	false	_radio_index/suno_backup/lyrics/2026-03-19_2b4451e0_untitled.txt
fdfe3689-13d3-4488-96a7-d2b0ad9210da	catalog-track	गौसे ल्या दे	ameerpur	Haryanvi Folk	Haryanvi	Haryanvi Folk; Rap	99	99	ffprobe-duration	false	_radio_index/suno_backup/lyrics/2026-03-19_fdfe3689_untitled.txt
47377bea-9774-4f7b-afe4-f4e941c19c0f	catalog-track	(untitled)	sanaatana-vaigyaniq	Classical & Raag	English	Haryanvi-Trap... राग पीलू की धुन को मुख्य हुक में रख सकते हैं और 'रैप' वाले हिस्; Rap	99	99	ffprobe-duration	false	_radio_index/suno_backup/lyrics/2026-03-19_47377bea_untitled.txt
2ca29e2e-9207-45f0-9d88-9c0793d7393b	catalog-track	(untitled)	gurukul	Other / Misc	English	Rap; chorus	66	66	ffprobe-duration	false	_radio_index/suno_backup/lyrics/2026-03-19_2ca29e2e_untitled.txt
83d40aab-8c12-48c7-8a5f-316e377ae254	catalog-track	ल्या.. दे	gurukul	Other / Misc	Hindi	Other / Misc; Rap; chorus	66	66	ffprobe-duration	false	_radio_index/suno_backup/lyrics/2026-03-19_83d40aab_untitled.txt
f394c2ee-40d3-4222-96f3-594a597d4370	catalog-track	Akhand-Siddham! Akhand-Siddham	sanaatana-vaigyaniq	Sanatan & Vedic	English	Sanatan & Vedic; Chorus - The Cross-Cultural Union	18	10	ffprobe-duration	false	_radio_index/suno_backup/lyrics/2026-03-19_f394c2ee_untitled.txt
b4eb0ad2-7b9a-47a7-9dbb-243f6869fd07	catalog-track	(untitled)	kabir-clubbing	Rap & Fusion	English	Style Descriptor: > Epic Ancient-Futuristic Fusion, Haryanvi Ragni meets Dravidi; Chorus - The Cross-Cultural Union	18	10	ffprobe-duration	false	_radio_index/suno_backup/lyrics/2026-03-19_b4eb0ad2_untitled.txt
38c841da-2008-4d6a-b85d-83833454d8ee	catalog-track	लुलु	sanaatana-vaigyaniq	Sanatan & Vedic	Sanskrit	Sanatan & Vedic; Chorus: The Universal Lullaby	31	24	ffprobe-duration	false	_radio_index/suno_backup/lyrics/2026-03-19_38c841da_untitled.txt
164acf5c-2f05-4aa5-a11e-e8726aa075c1	catalog-track	(untitled)	kabir-clubbing	Rap & Fusion	English	Epic Cinematic-Carnatic Fusion. Hybrid of Ancient Mesopotamian Lyre and heavy S; Chorus: The Universal Lullaby	31	24	ffprobe-duration	false	_radio_index/suno_backup/lyrics/2026-03-19_164acf5c_untitled.txt
b25849ae-7771-4878-a6e9-6ea75ef49a13	catalog-track	इतिहासः सिद्धम्! आनंदोऽस्तु	sanaatana-vaigyaniq	Sanatan & Vedic	Sanskrit	Sanatan & Vedic; Ancient Indian Folk, Melodic Veena, 432Hz; Pre-Chorus: The Conflict - H; Epic Cinematic, Choral, Sovereign, Cyber-Tribal, 528Hz; Chorus: The Resolution - The Vertical Flow; (Slow & Deep):; Final Chorus / Outro	27	26	ffprobe-duration	false	_radio_index/suno_backup/lyrics/2026-03-19_b25849ae_untitled.txt
f3a9813d-753a-4dc8-80c0-1761b6138f1b	catalog-track	(untitled)	gurukul	Other / Misc	English	folk dravidian authenticity; Ancient Indian Folk, Melodic Veena, 432Hz; Pre-Chorus: The Conflict - H; Epic Cinematic, Choral, Sovereign, Cyber-Tribal, 528Hz; Chorus: The Resolution - The Vertical Flow; (Slow & Deep):; Final Chorus / Outro	27	26	ffprobe-duration	false	_radio_index/suno_backup/lyrics/2026-03-19_f3a9813d_untitled.txt
e4415236-01a9-49bb-a68a-359e7f67f091	catalog-track	(untitled)	gurukul	Other / Misc	English	Ancient Indian Folk, Melodic Veena, 432Hz; Pre-Chorus: The Conflict - H; Epic Cinematic, Choral, Sovereign, Cyber-Tribal, 528Hz; Chorus: The Resolution - The Vertical Flow; Final Chorus / Outro	38	28	ffprobe-duration	false	_radio_index/suno_backup/lyrics/2026-03-19_e4415236_untitled.txt
7895a9b2-a1dc-4fee-8ac4-44a096b2c6a8	catalog-track	(untitled)	gurukul	Other / Misc	English	Ancient Indian Folk, Melodic Veena, 432Hz; Pre-Chorus: The Conflict - H; Epic Cinematic, Choral, Sovereign, Cyber-Tribal, 528Hz; Chorus: The Resolution - The Vertical Flow; Final Chorus / Outro	38	28	ffprobe-duration	false	_radio_index/suno_backup/lyrics/2026-03-19_7895a9b2_untitled.txt
1795fde2-4568-429d-86af-bfc929504dc6	catalog-track	(untitled)	sanaatana-vaigyaniq	Sanatan & Vedic	English	Genre: Vedic-Ambient, Cinematic Folk, Cyber-Tribal, Ethno-Industrial. Mood: Sac; Ancient Indian Folk, Melodic Veena, 432Hz; Pre-Chorus: The Conflict - H; Epic Cinematic, Choral, Sovereign, Cyber-Tribal, 528Hz; Chorus: The Resolution - The Vertical Flow; Final Chorus / Outro	38	28	ffprobe-duration	false	_radio_index/suno_backup/lyrics/2026-03-19_1795fde2_untitled.txt
85859d74-b474-4661-aa75-df60336c7497	catalog-track	इतिहासः सिद्धम्! आनंदोऽस्तु	sanaatana-vaigyaniq	Sanatan & Vedic	Sanskrit	Sanatan & Vedic; Ancient Indian Folk, Melodic Veena, 432Hz; Pre-Chorus: The Conflict - H; Epic Cinematic, Choral, Sovereign, Cyber-Tribal, 528Hz; Chorus: The Resolution - The Vertical Flow; Final Chorus / Outro	38	28	ffprobe-duration	false	_radio_index/suno_backup/lyrics/2026-03-19_85859d74_untitled.txt
c2942834-cd11-4b45-8610-08a32d23be82	catalog-track	(untitled)	sanaatana-vaigyaniq	Sanatan & Vedic	English	aghories with been, khamak, damru, naad... shiv gaNa aghore. rudra veeNa. only; (Bridge - Ambient)	34	31	ffprobe-duration	false	_radio_index/suno_backup/lyrics/2026-03-19_c2942834_untitled.txt
cef36d0f-7570-45ad-b4cd-9e9d1999be10	catalog-track	(untitled)	sanaatana-vaigyaniq	Sanatan & Vedic	English	aghories with been, khamak, damru, naad... shiv gaNa aghore. rudra veeNa. only; (Bridge - Ambient)	34	31	ffprobe-duration	false	_radio_index/suno_backup/lyrics/2026-03-19_cef36d0f_untitled.txt
bd2091ee-707a-465e-9dff-021eac34daed	catalog-track	(untitled)	kabir-clubbing	Rap & Fusion	English	Dark Ambient Trance, Binaural beats background, Deep male vocals, Sanskr; (Bridge - Ambient)	34	31	ffprobe-duration	false	_radio_index/suno_backup/lyrics/2026-03-19_bd2091ee_untitled.txt
1bd52bf2-d26e-4822-8299-2ef883803518	catalog-track	अघोर... अघोर... अघोर	sanaatana-vaigyaniq	Sanatan & Vedic	Sanskrit	Sanatan & Vedic; (Bridge - Ambient)	34	31	ffprobe-duration	false	_radio_index/suno_backup/lyrics/2026-03-19_1bd52bf2_untitled.txt
1712384b-9b51-4094-b444-b464a3aa0e27	catalog-track	(untitled)	gurukul	Other / Misc	English	NULL	40	40	ffprobe-duration	false	_radio_index/suno_backup/lyrics/2026-03-19_1712384b_untitled.txt
527b35cd-7313-4af7-82d2-007ce8ac75a1	catalog-track	हे माँ शैलपुत्री	gurukul	Other / Misc	Hindi	Other / Misc	40	40	ffprobe-duration	false	_radio_index/suno_backup/lyrics/2026-03-19_527b35cd_untitled.txt
cabac8a7-5365-4ff9-b762-86e8a6586cd1	catalog-track	पिया जी तेरी याद आती है	ameerpur	Haryanvi Folk	Haryanvi	Haryanvi Folk	48	48	ffprobe-duration	false	_radio_index/suno_backup/lyrics/2026-03-19_cabac8a7_untitled.txt
80a39cda-0980-4c6e-bffb-50088c2967de	catalog-track	(untitled)	kabir-clubbing	Rap & Fusion	English	trance hip-hop haryanvi flavour use train whistle and station ambiances. unique	48	48	ffprobe-duration	false	_radio_index/suno_backup/lyrics/2026-03-19_80a39cda_untitled.txt
94f4c705-c5c7-4637-b67d-06a21a3e1771	catalog-track	(untitled)	kabir-clubbing	Rap & Fusion	English	trance hip-hop haryanvi flavour	48	48	ffprobe-duration	false	_radio_index/suno_backup/lyrics/2026-03-19_94f4c705_untitled.txt
edf821b2-166e-4650-a7ca-0b131dcc109b	catalog-track	(untitled)	kabir-clubbing	Rap & Fusion	English	trance hip-hop haryanvi flavour	48	48	ffprobe-duration	false	_radio_index/suno_backup/lyrics/2026-03-19_edf821b2_untitled.txt
14ce1222-9f05-4f2f-bcdd-c9b871cca5a1	catalog-track	(untitled)	kabir-clubbing	Rap & Fusion	English	trance hip-hop haryanvi flavour	57	56	ffprobe-duration	false	_radio_index/suno_backup/lyrics/2026-03-19_14ce1222_untitled.txt
3bd10216-5f47-4506-8828-9fc84e552bba	catalog-track	(untitled)	kabir-clubbing	Rap & Fusion	English	trance hip-hop haryanvi flavour	57	56	ffprobe-duration	false	_radio_index/suno_backup/lyrics/2026-03-19_3bd10216_untitled.txt
20b2eae2-e758-4646-b7ca-94502619813e	catalog-track	इतनी ही दया	sanaatana-vaigyaniq	Sanatan & Vedic	Sanskrit	Sanatan & Vedic; Hook / Mukhda – Slow, Emotional; Final Hook – Slow + Repetitive (Trance Loop)	49	43	ffprobe-duration	false	_radio_index/suno_backup/lyrics/2026-03-19_20b2eae2_untitled.txt
ac3d350b-35f3-42d9-b74c-c30e8c71d677	catalog-track	(untitled)	sanaatana-vaigyaniq	Classical & Raag	English	Indian Devotional Bhakti, Raag Yaman, slow tempo (60–65 BPM), cinematic s; Hook / Mukhda – Slow, Emotional; Final Hook – Slow + Repetitive (Trance Loop)	49	43	ffprobe-duration	false	_radio_index/suno_backup/lyrics/2026-03-19_ac3d350b_untitled.txt
448602fe-eb24-4bcd-9a1a-2d3d00a4c21b	catalog-track	पिया जी तेरी याद आवे सै	ameerpur	Haryanvi Folk	Haryanvi	Haryanvi Folk	57	56	ffprobe-duration	false	_radio_index/suno_backup/lyrics/2026-03-19_448602fe_untitled.txt
7c657b60-4bbc-4e9f-90d4-2d42575ca1c6	catalog-track	(untitled)	ameerpur	Haryanvi Folk	Haryanvi	Genre: Haryanvi Ragni Folk, Dangal style Tempo: 75 BPM Instruments: Dholak, han	57	56	ffprobe-duration	false	_radio_index/suno_backup/lyrics/2026-03-19_7c657b60_untitled.txt
cfbb1757-8e35-4d6f-a25d-810bab2e0e8a	catalog-track	पिया जी तेरी याद आती है	ameerpur	Haryanvi Folk	Haryanvi	Haryanvi Folk; 🌌 [Intro – Alaap | slow, airy, emotional]; 🎧 [Pre-Chorus – Build up]; 🌟 [Verse 4 – Folk pride + devotion]; 💔 [Outro – Slow, fading, echo]	55	54	ffprobe-duration	false	_radio_index/suno_backup/lyrics/2026-03-19_cfbb1757_untitled.txt
eea1f46e-7cbb-441d-abcb-52a46144583a	catalog-track	(untitled)	ameerpur	Love & Virah	English	Genre: Indic-Sufi-Lusophone-Blues Virah Raga Tempo: 70 BPM slow emotional Vocal; 🌌 [Intro – Alaap | slow, airy, emotional]; 🎧 [Pre-Chorus – Build up]; 🌟 [Verse 4 – Folk pride + devotion]; 💔 [Outro – Slow, fading, echo]	55	54	ffprobe-duration	false	_radio_index/suno_backup/lyrics/2026-03-19_eea1f46e_untitled.txt
6a41359d-7625-415a-bb50-9685b970ef3b	catalog-track	हाय हाय हाय… हाय लुगाई	ameerpur	Haryanvi Folk	Haryanvi	Haryanvi Folk	89	86	ffprobe-duration	false	_radio_index/suno_backup/lyrics/2026-03-18_6a41359d_untitled.txt
c694a74a-44a2-4a34-aee4-ffc260690881	catalog-track	(untitled)	ameerpur	Haryanvi Folk	Haryanvi	Haryanvi Folk Ragni, Jogi Spiritual Anthem, Human Voice Driven, Minimal	89	86	ffprobe-duration	false	_radio_index/suno_backup/lyrics/2026-03-18_c694a74a_untitled.txt
ddf3ca17-816c-47e8-b49c-a5834334e64b	catalog-track	(untitled)	ameerpur	Haryanvi Folk	Haryanvi	Haryanvi Folk Ragni, Jogi Spiritual Crow Anthem, Human Voice Driven, Fig	89	86	ffprobe-duration	false	_radio_index/suno_backup/lyrics/2026-03-18_ddf3ca17_untitled.txt
ada50c4b-3ce4-475c-b27e-f2536d77da49	catalog-track	(untitled)	ameerpur	Haryanvi Folk	Haryanvi	Haryanvi Folk Ragni, Jogi Spiritual Anthem, Human Voice Driven, Minimal	89	86	ffprobe-duration	false	_radio_index/suno_backup/lyrics/2026-03-18_ada50c4b_untitled.txt
fddbba2f-61ec-4d72-ad3f-69baba354abb	catalog-track	(untitled)	ameerpur	Haryanvi Folk	Haryanvi	Haryanvi Folk Ragni, Jogi Spiritual Anthem, Human Voice Driven, Minimal	95	92	ffprobe-duration	false	_radio_index/suno_backup/lyrics/2026-03-18_fddbba2f_untitled.txt
5a3ed490-c3be-4e41-99f0-3abc89a1f13d	catalog-track	हाय हाय हाय… हाय लुगाई	ameerpur	Haryanvi Folk	Haryanvi	Haryanvi Folk	95	92	ffprobe-duration	false	_radio_index/suno_backup/lyrics/2026-03-18_5a3ed490_untitled.txt
e80360e4-03de-401c-ae2a-6936ff596b3f	catalog-track	(untitled)	ameerpur	Haryanvi Folk	Haryanvi	मलंगों का ग्रुप एक भविष्य के ट्रेन स्टेशन पर ट्रेन स्टेशन उद्गोषण Style: Haryan; Folk Jogi Ragni + Cinematic Station Announcement + Neuro Emotional	61	57	ffprobe-duration	false	_radio_index/suno_backup/lyrics/2026-03-18_e80360e4_untitled.txt
978c1c42-cd78-429d-952f-ff66978f4531	catalog-track	हाय हाय हाय… हाय लुगाई	ameerpur	Haryanvi Folk	Haryanvi	Haryanvi Folk; Folk Jogi Ragni + Cinematic Station Announcement + Neuro Emotional	61	57	ffprobe-duration	false	_radio_index/suno_backup/lyrics/2026-03-18_978c1c42_untitled.txt
65fd8ecc-a24d-4af1-a21d-db7e5e5107e6	catalog-track	(untitled)	ameerpur	Haryanvi Folk	Haryanvi	Haryanvi Folk Ragni, Jogi Spiritual Anthem, Human Voice Driven, Minimal F	100	97	ffprobe-duration	false	_radio_index/suno_backup/lyrics/2026-03-18_65fd8ecc_untitled.txt
513a10d6-1b4e-43a3-b1ef-a1c0427e3b78	catalog-track	हाय हाय हाय… हाय लुगाई	ameerpur	Haryanvi Folk	Haryanvi	Haryanvi Folk	100	97	ffprobe-duration	false	_radio_index/suno_backup/lyrics/2026-03-18_513a10d6_untitled.txt
4dd54537-f0dc-4226-b83f-32edeb629a35	catalog-track	(untitled)	ameerpur	Haryanvi Folk	Haryanvi	Haryanvi Folk Ragni, Jogi Spiritual Anthem, Human Voice Driven, Minimal F	87	84	ffprobe-duration	false	_radio_index/suno_backup/lyrics/2026-03-18_4dd54537_untitled.txt
ea666c4c-b61d-46ea-a289-627704a7f204	catalog-track	हाय हाय हाय… हाय लुगाई	ameerpur	Haryanvi Folk	Haryanvi	Haryanvi Folk	87	84	ffprobe-duration	false	_radio_index/suno_backup/lyrics/2026-03-18_ea666c4c_untitled.txt
e8c8a60e-4a6e-4924-b306-aeb182829a8b	catalog-track	हाय हाय हाय ... हाय लुगाई	ameerpur	Haryanvi Folk	Haryanvi	Haryanvi Folk	67	67	ffprobe-duration	false	_radio_index/suno_backup/lyrics/2026-03-18_e8c8a60e_untitled.txt
4cd1088b-b87b-4b02-b781-ad7ecea54492	catalog-track	(untitled)	kabir-clubbing	Rap & Fusion	English	Intro: Whisper + slow breath + distant “हाय…” Beat Start: Heartbeat (dhak dhak)	67	67	ffprobe-duration	false	_radio_index/suno_backup/lyrics/2026-03-18_4cd1088b_untitled.txt
51869413-dafe-45f6-b76f-583c3b8e1991	catalog-track	(untitled)	gurukul	Other / Misc	English	Neuro-Folk, Human Voice Only, Binaural 3D, Dark Emotional, Cinematic	79	65	ffprobe-duration	false	_radio_index/suno_backup/lyrics/2026-03-18_51869413_untitled.txt
64a8bb69-c68d-48dc-88bf-9bcf53a35229	catalog-track	हाय हाय हाय… हाय लुगाई	gurukul	Other / Misc	Hindi	Other / Misc; Neuro-Folk, Human Voice Only, Binaural 3D, Dark Emotional, Cinematic	79	65	ffprobe-duration	false	_radio_index/suno_backup/lyrics/2026-03-18_64a8bb69_untitled.txt
4c162f53-2f79-4fed-b3c9-93841a1755f3	catalog-track	(untitled)	gurukul	Other / Misc	English	🕉️ [Vedantic Chorus]	223	223	ffprobe-duration	false	_radio_index/suno_backup/lyrics/2026-03-17_4c162f53_untitled.txt
15044912-afce-435c-a55e-9158b065f46a	catalog-track	(untitled)	gurukul	Other / Misc	English	🕉️ [Vedantic Chorus]	224	224	ffprobe-duration	false	_radio_index/suno_backup/lyrics/2026-03-17_15044912_untitled.txt
29a17f2c-a3b6-463d-9a08-8fede6cb142a	catalog-track	का खा गा घा	sanaatana-vaigyaniq	Sanatan & Vedic	Sanskrit	Sanatan & Vedic; 🕉️ [Vedantic Chorus]	223	223	ffprobe-duration	false	_radio_index/suno_backup/lyrics/2026-03-17_29a17f2c_untitled.txt
ecfcf3e2-e6b5-4377-b4bf-52d3acda1360	catalog-track	का खा गा घा	sanaatana-vaigyaniq	Sanatan & Vedic	Sanskrit	Sanatan & Vedic; 🕉️ [Vedantic Chorus]	224	224	ffprobe-duration	false	_radio_index/suno_backup/lyrics/2026-03-17_ecfcf3e2_untitled.txt
e97cc568-6578-4bba-a1c3-0580783e1d53	catalog-track	(untitled)	sanaatana-vaigyaniq	Sanatan & Vedic	English	Genre: Vedic Cosmic Rap Nautanki folk + Hip-hop Cinematic mythological rap I; 🕉️ [Vedantic Chorus]	211	211	ffprobe-duration	false	_radio_index/suno_backup/lyrics/2026-03-17_e97cc568_untitled.txt
954ceeb0-8f77-4fdc-9b97-439fd3559810	catalog-track	का खा गा घा	sanaatana-vaigyaniq	Sanatan & Vedic	Sanskrit	Sanatan & Vedic; 🕉️ [Vedantic Chorus]	211	211	ffprobe-duration	false	_radio_index/suno_backup/lyrics/2026-03-17_954ceeb0_untitled.txt
c8e9d4ca-0d7d-4624-8efb-0b23973de9a3	catalog-track	का खा गा घा	sanaatana-vaigyaniq	Sanatan & Vedic	Sanskrit	Sanatan & Vedic; 🕉️ [Vedantic Chorus]	200	200	ffprobe-duration	false	_radio_index/suno_backup/lyrics/2026-03-17_c8e9d4ca_untitled.txt
24b25363-caab-410d-a1a7-a36f5df70481	catalog-track	(untitled)	sanaatana-vaigyaniq	Sanatan & Vedic	English	Genre: Vedic Cosmic Rap Nautanki folk + Hip-hop Cinematic mythological rap I; 🕉️ [Vedantic Chorus]	200	200	ffprobe-duration	false	_radio_index/suno_backup/lyrics/2026-03-17_24b25363_untitled.txt
4e8ab515-7696-4a5d-ada8-911355a71d61	catalog-track	(untitled)	sanaatana-vaigyaniq	Sanatan & Vedic	English	Genre: Vedic Cosmic Rap Nautanki folk + Hip-hop Cinematic mythological rap I; 🕉️ [Vedantic Chorus]	180	180	ffprobe-duration	false	_radio_index/suno_backup/lyrics/2026-03-17_4e8ab515_untitled.txt
e9e95c40-884e-4b74-a1f6-5db9c6bdeb93	catalog-track	का खा गा घा	sanaatana-vaigyaniq	Sanatan & Vedic	Sanskrit	Sanatan & Vedic; 🕉️ [Vedantic Chorus]	180	180	ffprobe-duration	false	_radio_index/suno_backup/lyrics/2026-03-17_e9e95c40_untitled.txt
bc962e4c-9016-4ba8-bb3e-e257917e3dd4	catalog-track	का खा गा घा	sanaatana-vaigyaniq	Sanatan & Vedic	Sanskrit	Sanatan & Vedic; 🕉️ [Vedantic Chorus]	155	155	ffprobe-duration	false	_radio_index/suno_backup/lyrics/2026-03-17_bc962e4c_untitled.txt
7b8aaf45-66a4-4e30-acdd-38c437907a8e	catalog-track	(untitled)	sanaatana-vaigyaniq	Sanatan & Vedic	English	Genre: Vedic Cosmic Rap Nautanki folk + Hip-hop Cinematic mythological rap I; 🕉️ [Vedantic Chorus]	155	155	ffprobe-duration	false	_radio_index/suno_backup/lyrics/2026-03-17_7b8aaf45_untitled.txt
dfe02902-7e32-4106-a738-2f3c88aabf9c	catalog-track	का खा गा घा	sanaatana-vaigyaniq	Sanatan & Vedic	Sanskrit	Sanatan & Vedic; 🕉️ [Vedantic Chorus]	112	112	ffprobe-duration	false	_radio_index/suno_backup/lyrics/2026-03-16_dfe02902_untitled.txt
b8e5aa64-0398-4c26-9ef9-aa516d2421c3	catalog-track	(untitled)	sanaatana-vaigyaniq	Sanatan & Vedic	English	Genre: Vedic Cosmic Rap Nautanki folk + Hip-hop Cinematic mythological rap I; 🕉️ [Vedantic Chorus]	108	108	ffprobe-duration	false	_radio_index/suno_backup/lyrics/2026-03-16_b8e5aa64_untitled.txt
7279327a-abd6-4b19-8bd9-41db02769c97	catalog-track	(untitled)	sanaatana-vaigyaniq	Sanatan & Vedic	English	Genre: Vedic Cosmic Rap Nautanki folk + Hip-hop Cinematic mythological rap I; 🕉️ [Vedantic Chorus]	112	112	ffprobe-duration	false	_radio_index/suno_backup/lyrics/2026-03-16_7279327a_untitled.txt
68e1e3bc-204b-4335-a599-eb3a0623ec41	catalog-track	का खा गा घा	sanaatana-vaigyaniq	Sanatan & Vedic	Sanskrit	Sanatan & Vedic; 🕉️ [Vedantic Chorus]	93	93	ffprobe-duration	false	_radio_index/suno_backup/lyrics/2026-03-16_68e1e3bc_untitled.txt
339cc960-6eba-46bf-aa4b-9cc390baab6d	catalog-track	का खा गा घा	sanaatana-vaigyaniq	Sanatan & Vedic	Sanskrit	Sanatan & Vedic; 🕉️ [Vedantic Chorus]	108	108	ffprobe-duration	false	_radio_index/suno_backup/lyrics/2026-03-16_339cc960_untitled.txt
2badde9c-1f37-4504-9aaa-b067a58e99c3	catalog-track	का खा गा घा	sanaatana-vaigyaniq	Sanatan & Vedic	Sanskrit	Sanatan & Vedic; 🕉️ [Vedantic Chorus]	106	106	ffprobe-duration	false	_radio_index/suno_backup/lyrics/2026-03-16_2badde9c_untitled.txt
05a9ac20-ffc7-4810-a9e2-21d2c683b06a	catalog-track	(untitled)	sanaatana-vaigyaniq	Sanatan & Vedic	English	Genre: Vedic Cosmic Rap Nautanki folk + Hip-hop Cinematic mythological rap I; 🕉️ [Vedantic Chorus]	106	106	ffprobe-duration	false	_radio_index/suno_backup/lyrics/2026-03-16_05a9ac20_untitled.txt
72b69742-5e35-4af0-876c-03f7ff259f69	catalog-track	(untitled)	sanaatana-vaigyaniq	Sanatan & Vedic	English	Genre: Vedic Cosmic Rap Nautanki folk + Hip-hop Cinematic mythological rap I; 🕉️ [Vedantic Chorus]	93	93	ffprobe-duration	false	_radio_index/suno_backup/lyrics/2026-03-16_72b69742_untitled.txt
f932d3fb-72e6-41c0-8754-38bfa4f5417c	catalog-track	(untitled)	sanaatana-vaigyaniq	Sanatan & Vedic	English	Genre: Vedic Cosmic Rap Nautanki folk + Hip-hop Cinematic mythological rap I; 🕉️ [Vedantic Chorus]	87	87	ffprobe-duration	false	_radio_index/suno_backup/lyrics/2026-03-16_f932d3fb_untitled.txt
b0ce3910-5638-41ea-baa5-e1711b806520	catalog-track	का खा गा घा	sanaatana-vaigyaniq	Sanatan & Vedic	Sanskrit	Sanatan & Vedic; 🕉️ [Vedantic Chorus]	87	87	ffprobe-duration	false	_radio_index/suno_backup/lyrics/2026-03-16_b0ce3910_untitled.txt
7d29c576-36bc-4241-be33-bce5fd84775b	catalog-track	का खा गा घा	sanaatana-vaigyaniq	Sanatan & Vedic	Sanskrit	Sanatan & Vedic; Intro – Slow, mystical, female voice; Verse 1 – Nautanki folk rhythm; Vedantic Chorus – Big musical moment	54	54	ffprobe-duration	false	_radio_index/suno_backup/lyrics/2026-03-16_7d29c576_untitled.txt
aed9aa06-9e15-4413-b39f-b80a8913035e	catalog-track	(untitled)	sanaatana-vaigyaniq	Sanatan & Vedic	English	Vedantic cosmic Indian folk theatre song, female mystical lead voice, male drama; Intro – Slow, mystical, female voice; Verse 1 – Nautanki folk rhythm; Vedantic Chorus – Big musical moment	54	54	ffprobe-duration	false	_radio_index/suno_backup/lyrics/2026-03-16_aed9aa06_untitled.txt
0021a7c0-89d9-4d5e-8967-d9c1095a9f77	catalog-track	सजन मेरा धोखेबाज़ है।	ameerpur	Haryanvi Folk	Haryanvi	Haryanvi Folk	64	64	ffprobe-duration	false	_radio_index/suno_backup/lyrics/2026-03-16_0021a7c0_kudru ki beti naagin.txt
08b16e64-f600-411c-807f-6c943c14f56e	catalog-track	kudru ki beti naagin	kabir-clubbing	Naagin & Mystic	English	Genre: World music / emotional instrumental Mood: Deep longing, universal femal	64	64	ffprobe-duration	false	_radio_index/suno_backup/lyrics/2026-03-16_08b16e64_kudru ki beti naagin.txt
dac36f36-1b07-4909-bd88-88bb40d18bc8	catalog-track	kudru ki beti naagin	kabir-clubbing	Naagin & Mystic	English	Genre: Haryanvi Folk Ragni Theme: Betrayal and emotional virah of a woman whose	56	56	ffprobe-duration	false	_radio_index/suno_backup/lyrics/2026-03-16_dac36f36_kudru ki beti naagin.txt
aefdf09c-1e5d-4549-b489-188a4f354615	catalog-track	नागिन है	ameerpur	Haryanvi Folk	Haryanvi	Haryanvi Folk; Verse 1: Gritty Haryanvi Vocals, Slow Khamak Beats; Pre-Chorus: Building Tension, Rising Bass; Chorus: Aggressive Psy-Trance Drop, High-Pitch Pungi Solo; Verse 2: Fast Rhythmic Folk Style; Bridge: No Vocals, Pure Been-Trance, Hormonal Addressal Frequencies; Outro: Sudden Silence, Bell Toll, Slow Sanskrit Chant	23	17	ffprobe-duration	false	_radio_index/suno_backup/lyrics/2026-03-16_aefdf09c_kudru ki beti naagin.txt
e55b3ea6-14b8-462f-b43e-dc03bf4e9f18	catalog-track	kudru ki beti naagin	kabir-clubbing	Naagin & Mystic	English	Genre: Haryanvi Folk Ragni Theme: Betrayal and emotional virah of a woman whose	56	56	ffprobe-duration	false	_radio_index/suno_backup/lyrics/2026-03-16_e55b3ea6_kudru ki beti naagin.txt
3f3cee67-4312-4a74-926f-1e1e089df3e5	catalog-track	kudru ki beti naagin	kabir-clubbing	Naagin & Mystic	English	Genre: World music / emotional instrumental Mood: Deep longing, universal virah	56	56	ffprobe-duration	false	_radio_index/suno_backup/lyrics/2026-03-16_3f3cee67_kudru ki beti naagin.txt
1c396b4f-4f16-4262-9ffb-5f866d7b4ff1	catalog-track	सजन मेरा धोखेबाज़ है	ameerpur	Desh / Patriotic	Hindi	Desh / Patriotic	56	56	ffprobe-duration	false	_radio_index/suno_backup/lyrics/2026-03-16_1c396b4f_kudru ki beti naagin.txt
dc697cc3-5cb9-43ab-a2de-622b7348bff5	catalog-track	kudru ki beti naagin	kabir-clubbing	Rap & Fusion	English	Psychedelic Haryanvi Folk-Trance, 140 BPM, Piercing Ethnic Been (Snake Charmer F; Verse 1: Gritty Haryanvi Vocals, Slow Khamak Beats; Pre-Chorus: Building Tension, Rising Bass; Chorus: Aggressive Psy-Trance Drop, High-Pitch Pungi Solo; Verse 2: Fast Rhythmic Folk Style; Bridge: No Vocals, Pure Been-Trance, Hormonal Addressal Frequencies; Outro: Sudden Silence, Bell Toll, Slow Sanskrit Chant	23	17	ffprobe-duration	false	_radio_index/suno_backup/lyrics/2026-03-16_dc697cc3_kudru ki beti naagin.txt
310f549f-b41a-4685-9afd-023bc7de4632	catalog-track	नागिन है	sanaatana-vaigyaniq	Sanatan & Vedic	Sanskrit	Sanatan & Vedic	28	28	ffprobe-duration	false	_radio_index/suno_backup/lyrics/2026-03-16_310f549f_kudru ki beti naagin.txt
6760d633-7fec-4c2b-9747-6d8f0963d5a2	catalog-track	kudru ki beti naagin	kabir-clubbing	Naagin & Mystic	English	ताल और नाद: वाद्यों (संगीत यंत्रों) से ताल लगाने को कहना उस 'नाद' को पैदा करने क	28	28	ffprobe-duration	false	_radio_index/suno_backup/lyrics/2026-03-16_6760d633_kudru ki beti naagin.txt
cbd88d04-4767-4c26-8d29-ba96e43adce7	catalog-track	नागिन है	ameerpur	Haryanvi Folk	Haryanvi	Haryanvi Folk	22	22	ffprobe-duration	false	_radio_index/suno_backup/lyrics/2026-03-16_cbd88d04_kudru ki beti naagin.txt
430b028b-8fd1-4267-a16b-8eb1bb791e10	catalog-track	kudru ki beti naagin	kabir-clubbing	Rap & Fusion	English	Create a mystical Aghor Nagini trance track with pungi (snake-charmer flute), kh; 🐍 Hook (Trance Chorus); 🐍 Final Trance Chorus	111	110	ffprobe-duration	false	_radio_index/suno_backup/lyrics/2026-03-16_430b028b_kudru ki beti naagin.txt
99a91265-7f9c-4b3d-a76a-745dfb3a5ec9	catalog-track	नागिन है	sanaatana-vaigyaniq	Sanatan & Vedic	Sanskrit	Sanatan & Vedic; 🐍 Hook (Trance Chorus); 🐍 Final Trance Chorus	111	110	ffprobe-duration	false	_radio_index/suno_backup/lyrics/2026-03-16_99a91265_kudru ki beti naagin.txt
14fa2fe8-0de2-4ace-9ee4-404348db0270	catalog-track	kudru ki beti naagin	kabir-clubbing	Naagin & Mystic	English	NULL	22	22	ffprobe-duration	false	_radio_index/suno_backup/lyrics/2026-03-16_14fa2fe8_kudru ki beti naagin.txt
ae318a44-4e70-4bf5-ac17-58cd30dfa4d0	catalog-track	kudru ki beti naagin	kabir-clubbing	Rap & Fusion	English	Haryanvi-Bagri Folk Fusion, Psychedelic Trance, Khamak-driven rhythmic vibration	41	41	ffprobe-duration	false	_radio_index/suno_backup/lyrics/2026-03-16_ae318a44_kudru ki beti naagin.txt
770b4285-cc03-4121-9c55-4fd9e710a9ef	catalog-track	kudru ki beti naagin	kabir-clubbing	Rap & Fusion	English	Haryanvi-Bagri Folk Fusion, Psychedelic Trance, Khamak-driven rhythmic vibration	41	41	ffprobe-duration	false	_radio_index/suno_backup/lyrics/2026-03-16_770b4285_kudru ki beti naagin.txt
4bd5f9be-6507-4e41-bad2-b3345f66e6cc	catalog-track	नागिन है	ameerpur	Haryanvi Folk	Haryanvi	Haryanvi Folk	41	41	ffprobe-duration	false	_radio_index/suno_backup/lyrics/2026-03-16_4bd5f9be_kudru ki beti naagin.txt
f3c0d550-9297-4842-ba8b-b4a6118a71a6	catalog-track	नागिन है	ameerpur	Haryanvi Folk	Haryanvi	Haryanvi Folk	41	41	ffprobe-duration	false	_radio_index/suno_backup/lyrics/2026-03-16_f3c0d550_kudru ki beti naagin.txt
71f75486-1686-40eb-bbf3-1018b7e8b3b7	catalog-track	kudru ki beti naagin	kabir-clubbing	Rap & Fusion	English	Haryanvi-Bagri Folk Fusion, Psychedelic Trance, Khamak-driven rhythmic vibration; Chorus: High Energy, Fast Khamak Beats; Drop: Aggressive Pungi Solo, Fast Percussion	19	17	ffprobe-duration	false	_radio_index/suno_backup/lyrics/2026-03-16_71f75486_kudru ki beti naagin.txt
b9a9901e-2fa1-4550-aa1d-a1bb4dc7db40	catalog-track	अद्वैत पिता	ameerpur	Haryanvi Folk	Haryanvi	Haryanvi Folk; Chorus: High Energy, Fast Khamak Beats; Drop: Aggressive Pungi Solo, Fast Percussion	19	17	ffprobe-duration	false	_radio_index/suno_backup/lyrics/2026-03-16_b9a9901e_kudru ki beti naagin.txt
1793b6b5-9f36-4f77-a6fa-630d6a66cdbb	catalog-track	kudru ki beti naagin	sanaatana-vaigyaniq	Classical & Raag	English	इस रचना के लिए 'राग भैरवी' और 'राग जोगिया' का मिश्रण सबसे सटीक है, जिसमें 'राग व; 🔔 Final Chorus	56	55	ffprobe-duration	false	_radio_index/suno_backup/lyrics/2026-03-16_1793b6b5_kudru ki beti naagin.txt
20709bfc-b04e-49bb-b50a-81112046ab9d	catalog-track	🕉️ वैदिक फ्यूज़न — चेतना नागिन नाद	sanaatana-vaigyaniq	Sanatan & Vedic	Sanskrit	Sanatan & Vedic; 🔔 Final Chorus	56	55	ffprobe-duration	false	_radio_index/suno_backup/lyrics/2026-03-16_20709bfc_kudru ki beti naagin.txt
a3b96400-fe65-4f1c-904d-9aff23390ee0	catalog-track	kudru ki beti naagin	kabir-clubbing	Naagin & Mystic	English	use snake charmers orchestra. aghor rock; Antra 2: बागड़ी रूहानी खेल (The Mystical Folk)	52	49	ffprobe-duration	false	_radio_index/suno_backup/lyrics/2026-03-16_a3b96400_kudru ki beti naagin.txt
7c7a4b38-9322-4dcc-a49f-ec91ad8874d0	catalog-track	साँस मेरी देख	kabir-clubbing	Naagin & Mystic	Hindi	Naagin & Mystic; Antra 2: बागड़ी रूहानी खेल (The Mystical Folk)	49	46	ffprobe-duration	false	_radio_index/suno_backup/lyrics/2026-03-16_7c7a4b38_kudru ki beti naagin.txt
783c7290-99f4-43f8-adc4-b8681b56114d	catalog-track	साँस मेरी देख	sanaatana-vaigyaniq	Sanatan & Vedic	Sanskrit	Sanatan & Vedic; Antra 2: बागड़ी रूहानी खेल (The Mystical Folk)	52	49	ffprobe-duration	false	_radio_index/suno_backup/lyrics/2026-03-16_783c7290_kudru ki beti naagin.txt
09294d81-a6e4-4c9e-a676-98b05856accd	catalog-track	kudru ki beti naagin	kabir-clubbing	Naagin & Mystic	English	use snake charmers orchestra. aghor rock; Antra 2: बागड़ी रूहानी खेल (The Mystical Folk)	49	46	ffprobe-duration	false	_radio_index/suno_backup/lyrics/2026-03-16_09294d81_kudru ki beti naagin.txt
93dd0e34-eefb-4555-91c0-b5297eef283f	catalog-track	साँस मेरी देख	sanaatana-vaigyaniq	Sanatan & Vedic	Sanskrit	Sanatan & Vedic; Antra 2: बागड़ी रूहानी खेल (The Mystical Folk)	52	49	ffprobe-duration	false	_radio_index/suno_backup/lyrics/2026-03-16_93dd0e34_kudru ki beti naagin.txt
860e7a0e-a8d8-473f-b660-d2449b65da69	catalog-track	kudru ki beti naagin	kabir-clubbing	Naagin & Mystic	English	The Pungi Effect: पुंगी की आवाज़ को 'Eco' और 'Reverb' के साथ इस्तेमाल करें ताकि; Antra 2: बागड़ी रूहानी खेल (The Mystical Folk)	52	49	ffprobe-duration	false	_radio_index/suno_backup/lyrics/2026-03-16_860e7a0e_kudru ki beti naagin.txt
4d9a720f-aeeb-408e-b64a-c666f1db644a	catalog-track	kudru ki beti naagin	kabir-clubbing	Naagin & Mystic	English	The Pungi Effect: पुंगी की आवाज़ को 'Eco' और 'Reverb' के साथ इस्तेमाल करें ताकि; Antra 2: बागड़ी रूहानी खेल (The Mystical Folk)	45	42	ffprobe-duration	false	_radio_index/suno_backup/lyrics/2026-03-16_4d9a720f_kudru ki beti naagin.txt
97570150-635e-406d-b142-62c45c19be2d	catalog-track	साँस मेरी देख	kabir-clubbing	Naagin & Mystic	Hindi	Naagin & Mystic; Antra 2: बागड़ी रूहानी खेल (The Mystical Folk)	45	42	ffprobe-duration	false	_radio_index/suno_backup/lyrics/2026-03-16_97570150_kudru ki beti naagin.txt
29bbf8d9-f160-43ef-b3fa-fe632e29b925	catalog-track	नागिन है	sanaatana-vaigyaniq	Sanatan & Vedic	Sanskrit	Sanatan & Vedic; अंतरा 2 - The Folk Flavor (Bagri Style)	39	36	ffprobe-duration	false	_radio_index/suno_backup/lyrics/2026-03-16_29bbf8d9_kudru ki beti naagin.txt
b7e6675d-ed56-4e23-964d-9614994fca12	catalog-track	kudru ki beti naagin	kabir-clubbing	Naagin & Mystic	English	Desi haryanvi SuperFun superstar nagin. 1 soulfull pungi bridge. 1 one stringed; अंतरा 2 - The Folk Flavor (Bagri Style)	39	36	ffprobe-duration	false	_radio_index/suno_backup/lyrics/2026-03-16_b7e6675d_kudru ki beti naagin.txt
f08167a7-810e-47ac-928d-b72cd95f99f9	catalog-track	Naaraayana Uunh	ameerpur	Haryanvi Folk	Haryanvi	Desi haryanvi SuperFun superstar nagin।। 1000 snake charmers.. 1000 pungi.. 1 so	41	41	ffprobe-duration	false	_radio_index/suno_backup/lyrics/2026-03-16_f08167a7_Naaraayana Uunh.txt
830aef5d-267b-442b-800e-9335aa9c8cd4	catalog-track	Naaraayana Uunh	gurukul	Other / Misc	English	Hip।hop superstar nagin।। 1000 snake charmers.. 1000 pungi.. 1 soulfull pungi br	41	41	ffprobe-duration	false	_radio_index/suno_backup/lyrics/2026-03-16_830aef5d_Naaraayana Uunh.txt
d94d112f-aa24-4a8e-9f37-be6d81219f5e	catalog-track	Naaraayana Uunh	ameerpur	Haryanvi Folk	Haryanvi	Desi haryanvi SuperFun superstar nagin।। 1000 snake charmers.. 1000 pungi.. 1 so	41	41	ffprobe-duration	false	_radio_index/suno_backup/lyrics/2026-03-16_d94d112f_Naaraayana Uunh.txt
a06bfdbd-c7e9-401a-a6df-d87a575e3893	catalog-track	Naaraayana Uunh	sanaatana-vaigyaniq	Sanatan & Vedic	English	वैदिक रॉक	43	33	ffprobe-duration	false	_radio_index/suno_backup/lyrics/2026-03-16_a06bfdbd_Naaraayana Uunh.txt
413e4582-680e-4824-95e8-252bfe180608	catalog-track	सुनो	sanaatana-vaigyaniq	Sanatan & Vedic	Sanskrit	Sanatan & Vedic	43	33	ffprobe-duration	false	_radio_index/suno_backup/lyrics/2026-03-16_413e4582_Naaraayana Uunh.txt
011fd342-d778-41bf-9986-f10d95e00637	catalog-track	Naaraayana Uunh	gurukul	Other / Misc	English	Hip।hop superstar nagin।। 1000 snake charmers.. 1000 pungi.. 1 soulfull pungi br	41	41	ffprobe-duration	false	_radio_index/suno_backup/lyrics/2026-03-16_011fd342_Naaraayana Uunh.txt
103c9db6-e1ee-45f8-815d-0a7612a6ea10	catalog-track	Naaraayana Uunh	gurukul	Other / Misc	English	NULL	43	33	ffprobe-duration	false	_radio_index/suno_backup/lyrics/2026-03-16_103c9db6_Naaraayana Uunh.txt
790f6743-e536-4370-8191-d2dfc093831c	catalog-track	सुनो	sanaatana-vaigyaniq	Sanatan & Vedic	Sanskrit	Sanatan & Vedic	43	33	ffprobe-duration	false	_radio_index/suno_backup/lyrics/2026-03-16_790f6743_Naaraayana Uunh.txt
67162988-1ccc-4fa7-beab-230a0f681db0	catalog-track	बुलाओ तुम्हारे पितरों को	sanaatana-vaigyaniq	Sanatan & Vedic	Sanskrit	Sanatan & Vedic; Intro - Ambient Ritual; [Aghori Chorus]:; [Chorus]: लालाल-लाल हनु होनी बोले—पटक पटक पटक!; Chorus - The Global Reunion (Stadium Anthem Style)	74	71	ffprobe-duration	false	_radio_index/suno_backup/lyrics/2026-03-16_67162988_ॐ.txt
87f41c73-b4cc-49e0-8e94-2058edd285bf	catalog-track	ॐ	sanaatana-vaigyaniq	Sanatan & Vedic	Sanskrit	Cinematic Vedic Neural-Raaga Fusion, 432Hz Sacred Tuning. Devine Tribal-Rock, Ag; Intro - Ambient Ritual; [Aghori Chorus]:; [Chorus]: लालाल-लाल हनु होनी बोले—पटक पटक पटक!; Chorus - The Global Reunion (Stadium Anthem Style)	74	71	ffprobe-duration	false	_radio_index/suno_backup/lyrics/2026-03-16_87f41c73_ॐ.txt
c237cdca-4f81-4f53-b062-92e3183b8389	catalog-track	बुलाओ तुम्हारे पितरों को	sanaatana-vaigyaniq	Sanatan & Vedic	Sanskrit	Sanatan & Vedic; Intro - Ambient Ritual; [Aghori Chorus]:; [Chorus]: लालाल-लाल हनु होनी बोले—पटक पटक पटक!; Chorus - The Global Reunion (Stadium Anthem Style)	62	59	ffprobe-duration	false	_radio_index/suno_backup/lyrics/2026-03-16_c237cdca_ॐ.txt
42fb0963-ee69-497e-9b18-e76247c23bce	catalog-track	ॐ	sanaatana-vaigyaniq	Sanatan & Vedic	Sanskrit	Cinematic Vedic Neural-Raaga Fusion, 432Hz Sacred Tuning. Devine Tribal-Rock, Ag; Intro - Ambient Ritual; [Aghori Chorus]:; [Chorus]: लालाल-लाल हनु होनी बोले—पटक पटक पटक!; Chorus - The Global Reunion (Stadium Anthem Style)	62	59	ffprobe-duration	false	_radio_index/suno_backup/lyrics/2026-03-16_42fb0963_ॐ.txt
7039ea86-720e-4eff-a9b3-f972963b5395	catalog-track	बुलाओ तुम्हारे पितरों को	sanaatana-vaigyaniq	Sanatan & Vedic	Sanskrit	Sanatan & Vedic; Intro - Ambient Ritual; [Aghori Chorus]:; [Chorus]: लालाल-लाल हनु होनी बोले—पटक पटक पटक!; Chorus - The Global Reunion (Stadium Anthem Style)	35	31	ffprobe-duration	false	_radio_index/suno_backup/lyrics/2026-03-16_7039ea86_untitled.txt
f74b3b54-2435-4d24-ab58-9acb3d5c29f0	catalog-track	(untitled)	sanaatana-vaigyaniq	Sanatan & Vedic	English	Cinematic Vedic Neural-Raaga Fusion, 432Hz Sacred Tuning. Industrial Tribal-Rock; Intro - Ambient Ritual; [Aghori Chorus]:; [Chorus]: लालाल-लाल हनु होनी बोले—पटक पटक पटक!; Chorus - The Global Reunion (Stadium Anthem Style)	35	31	ffprobe-duration	false	_radio_index/suno_backup/lyrics/2026-03-16_f74b3b54_untitled.txt
2aa2ef58-c4be-4799-8641-a73b48881047	catalog-track	जागो जागो जागो हेमंत राणा जी महाराज... मेरे तुम	sanaatana-vaigyaniq	Sanatan & Vedic	Sanskrit	Sanatan & Vedic; Intro - Ambient Ritual; Chorus - The Global Reunion (Stadium Anthem Style)	20	14	ffprobe-duration	false	_radio_index/suno_backup/lyrics/2026-03-16_2aa2ef58_untitled.txt
9302edde-499a-40a3-b22e-3ccfadaf169c	catalog-track	(untitled)	sanaatana-vaigyaniq	Classical & Raag	English	Cinematic Neural-Raaga Fusion, 432Hz Sacred Tuning. Industrial Tribal-Rock, Aggr; Intro - Ambient Ritual; Chorus - The Global Reunion (Stadium Anthem Style)	20	14	ffprobe-duration	false	_radio_index/suno_backup/lyrics/2026-03-16_9302edde_untitled.txt
ee9c206f-9027-4024-8cfb-42506142c9a2	catalog-track	(untitled)	gurukul	Other / Misc	English	rajisthaani group of snake charmers with been controlling karna pishaachini. neu	40	40	ffprobe-duration	false	_radio_index/suno_backup/lyrics/2026-03-16_ee9c206f_untitled.txt
5fe2fc4c-7692-43dd-ab51-5478384c4dfc	catalog-track	नागिन है	kabir-clubbing	Naagin & Mystic	Hindi	Naagin & Mystic	40	40	ffprobe-duration	false	_radio_index/suno_backup/lyrics/2026-03-16_5fe2fc4c_untitled.txt
d42a34a6-86f1-42c4-8ee3-d94d850cc73b	catalog-track	Naaraayana Uunh	gurukul	Other / Misc	English	सुपर फंकी फुल नौटंकी	9	6	ffprobe-duration	false	_radio_index/suno_backup/lyrics/2026-03-15_d42a34a6_Naaraayana Uunh.txt
2c5e4dbe-097d-4f30-aabf-618cc31ef0b0	catalog-track	नमस्कार श्रोताओं! आपका स्वागत है रेडियो सनातन वै	sanaatana-vaigyaniq	Sanatan & Vedic	Sanskrit	Sanatan & Vedic	9	6	ffprobe-duration	false	_radio_index/suno_backup/lyrics/2026-03-15_2c5e4dbe_Naaraayana Uunh.txt
3039cb6f-dd49-498f-826d-d7774013946e	catalog-track	(untitled)	kabir-clubbing	Rap & Fusion	English	The Drill Beat: गाने के बीच में जब 'ड्रिल भी लेगे' आए, तो संगीत में एक मशीनी धात; Intro - Ambient Ritual; [Aghori Chorus - Guttural Echo]: अङ्क अटक अटक आनंदा भटक भटक मार शूल पटक...; दूर दूर दूर होनी अभी तक तक ताई पटक धूम धाम![Intro - Ambient Ritual]; [Chorus]:; Chorus - The Global Reunion; Chorus - The Global Reunion (Stadium Anthem Style)	79	72	ffprobe-duration	false	_radio_index/suno_backup/lyrics/2026-03-15_3039cb6f_untitled.txt
69ad7184-23e8-475b-8193-a947d68dc738	catalog-track	लालाल-लाल हनु होनी बोले	kabir-clubbing	Bhakti & Katha	Hindi	Bhakti & Katha; Intro - Ambient Ritual; [Aghori Chorus - Guttural Echo]: अङ्क अटक अटक आनंदा भटक भटक मार शूल पटक...; दूर दूर दूर होनी अभी तक तक ताई पटक धूम धाम![Intro - Ambient Ritual]; [Chorus]:; Chorus - The Global Reunion; Chorus - The Global Reunion (Stadium Anthem Style)	79	72	ffprobe-duration	false	_radio_index/suno_backup/lyrics/2026-03-15_69ad7184_untitled.txt
e39d4168-ab51-4b9d-a5c3-abccf188281c	catalog-track	Naaraayana Uunh	gurukul	Other / Misc	English	सुपर फंकी	9	6	ffprobe-duration	false	_radio_index/suno_backup/lyrics/2026-03-15_e39d4168_Naaraayana Uunh.txt
5e5689c5-b3b9-48fb-ac29-11a1a7304d5d	catalog-track	Naaraayana Uunh	gurukul	Other / Misc	English	सुपर फंकी	9	6	ffprobe-duration	false	_radio_index/suno_backup/lyrics/2026-03-15_5e5689c5_Naaraayana Uunh.txt
a8d556f6-269d-4029-bb1a-0abd4bc16064	catalog-track	Naaraayana uunh	sanaatana-vaigyaniq	Sanatan & Vedic	English	Sanatan & Vedic; Chorus	38	36	ffprobe-duration	false	_radio_index/suno_backup/lyrics/2026-03-15_a8d556f6_Naaraayana Uunh.txt
f5cb9407-24a2-45f0-8ee2-aa403a65a74b	catalog-track	Naaraayana Uunh	sanaatana-vaigyaniq	Sanatan & Vedic	English	आप सुन रहे हैं रेडियो सनातन वैज्ञानिक; Chorus	38	36	ffprobe-duration	false	_radio_index/suno_backup/lyrics/2026-03-15_f5cb9407_Naaraayana Uunh.txt
a8134b33-18e5-4f3f-a044-32a2f8db1161	catalog-track	लालाल-लाल हनु होनी बोले	kabir-clubbing	Bhakti & Katha	Hindi	Bhakti & Katha; Intro - Ambient Ritual; [Aghori Chorus - Guttural Echo]: अङ्क अटक अटक आनंदा भटक भटक मार शूल पटक...; दूर दूर दूर होनी अभी तक तक ताई पटक धूम धाम![Intro - Ambient Ritual]; [Chorus]:; Chorus - The Global Reunion; Chorus - The Global Reunion (Stadium Anthem Style); Intro — Ambient	82	74	ffprobe-duration	false	_radio_index/suno_backup/lyrics/2026-03-15_a8134b33_untitled.txt
769d1a0a-cfa4-40ca-95d0-0f7761260847	catalog-track	(untitled)	kabir-clubbing	Rap & Fusion	English	The Drill Beat: गाने के बीच में जब 'ड्रिल भी लेगे' आए, तो संगीत में एक मशीनी धात; Intro - Ambient Ritual; [Aghori Chorus - Guttural Echo]: अङ्क अटक अटक आनंदा भटक भटक मार शूल पटक...; दूर दूर दूर होनी अभी तक तक ताई पटक धूम धाम![Intro - Ambient Ritual]; [Chorus]:; Chorus - The Global Reunion; Chorus - The Global Reunion (Stadium Anthem Style); Intro — Ambient	82	74	ffprobe-duration	false	_radio_index/suno_backup/lyrics/2026-03-15_769d1a0a_untitled.txt
8b14bc36-b9fc-409a-9efd-acd558db7d7f	catalog-track	(untitled)	kabir-clubbing	Rap & Fusion	English	The Drill Beat: गाने के बीच में जब 'ड्रिल भी लेगे' आए, तो संगीत में एक मशीनी धात; Intro - Ambient Ritual; [Aghori Chorus - Guttural Echo]: अङ्क अटक अटक आनंदा भटक भटक मार शूल पटक...; दूर दूर दूर होनी अभी तक तक ताई पटक धूम धाम![Intro - Ambient Ritual]; [Chorus]: लालाल-लाल हनु होनी बोले पटक पटक पटक!; Chorus - The Global Reunion; Chorus - The Global Reunion (Stadium Anthem Style); Intro — Ambient	88	79	ffprobe-duration	false	_radio_index/suno_backup/lyrics/2026-03-15_8b14bc36_untitled.txt
b3f171d7-567c-439e-9d6c-8aec3854e4a1	catalog-track	मने मेरी माँ	kabir-clubbing	Bhakti & Katha	Hindi	Bhakti & Katha; Intro - Ambient Ritual; [Aghori Chorus - Guttural Echo]: अङ्क अटक अटक आनंदा भटक भटक मार शूल पटक...; दूर दूर दूर होनी अभी तक तक ताई पटक धूम धाम![Intro - Ambient Ritual]; [Chorus]: लालाल-लाल हनु होनी बोले पटक पटक पटक!; Chorus - The Global Reunion; Chorus - The Global Reunion (Stadium Anthem Style); Intro — Ambient	88	79	ffprobe-duration	false	_radio_index/suno_backup/lyrics/2026-03-15_b3f171d7_untitled.txt
07c7426b-552d-49a1-bc86-7613ded094bc	catalog-track	(untitled)	sanaatana-vaigyaniq	Sanatan & Vedic	English	Cinematic Vedic-Blues Fusion, Aggressive ग्लोबल Folk, Deep Guttural Aghori Cha; Intro - Ambient Ritual; [Aghori Chorus - Guttural Echo]: अङ्क अटक अटक आनंदा भटक भटक मार शूल पटक...; दूर दूर दूर होनी अभी तक तक ताई पटक धूम धाम![Intro - Ambient Ritual]; [Chorus]: लालाल-लाल हनु होनी बोले पटक पटक पटक!; Chorus - The Global Reunion; Chorus - The Global Reunion (Stadium Anthem Style); Intro — Ambient	89	80	ffprobe-duration	false	_radio_index/suno_backup/lyrics/2026-03-15_07c7426b_untitled.txt
a63d8cca-295c-4ca4-a467-dd2d8c222a7e	catalog-track	मने मेरी माँ	sanaatana-vaigyaniq	Sanatan & Vedic	Sanskrit	Sanatan & Vedic; Intro - Ambient Ritual; [Aghori Chorus - Guttural Echo]: अङ्क अटक अटक आनंदा भटक भटक मार शूल पटक...; दूर दूर दूर होनी अभी तक तक ताई पटक धूम धाम![Intro - Ambient Ritual]; [Chorus]: लालाल-लाल हनु होनी बोले पटक पटक पटक!; Chorus - The Global Reunion; Chorus - The Global Reunion (Stadium Anthem Style); Intro — Ambient	89	80	ffprobe-duration	false	_radio_index/suno_backup/lyrics/2026-03-15_a63d8cca_untitled.txt
b4b42938-0fdb-407a-9716-d99479b0e0b0	catalog-track	मने मेरी माँ	sanaatana-vaigyaniq	Sanatan & Vedic	Sanskrit	Sanatan & Vedic; Intro - Ambient Ritual; [Aghori Chorus - Guttural Echo]: अङ्क अटक अटक आनंदा भटक भटक मार शूल पटक...; Chorus - The Global Reunion (Stadium Anthem Style); Intro — Ambient; Emotional Chorus	157	153	ffprobe-duration	false	_radio_index/suno_backup/lyrics/2026-03-15_b4b42938_untitled.txt
faf8624e-52ff-41ac-a98c-562728ffac2d	catalog-track	(untitled)	sanaatana-vaigyaniq	Sanatan & Vedic	English	Cinematic Vedic-Blues Fusion, Aggressive भोजपुरी Folk-Rock, Deep Guttural Aghor; Intro - Ambient Ritual; [Aghori Chorus - Guttural Echo]: अङ्क अटक अटक आनंदा भटक भटक मार शूल पटक...; Chorus - The Global Reunion (Stadium Anthem Style); Intro — Ambient; Emotional Chorus	157	153	ffprobe-duration	false	_radio_index/suno_backup/lyrics/2026-03-15_faf8624e_untitled.txt
49a3ba5c-8404-4a55-be2f-8b74d04587be	catalog-track	मेरा भाई	sanaatana-vaigyaniq	Sanatan & Vedic	Sanskrit	Sanatan & Vedic; Intro - Ambient Ritual; [Aghori Chorus - Guttural Echo]: अङ्क अटक अटक आनंदा भटक भटक मार शूल पटक...; Chorus - The Global Reunion (Stadium Anthem Style); Intro — Ambient; Emotional Chorus	178	174	ffprobe-duration	false	_radio_index/suno_backup/lyrics/2026-03-15_49a3ba5c_untitled.txt
359fe041-9682-478b-8b22-2025ce5af3c8	catalog-track	(untitled)	sanaatana-vaigyaniq	Sanatan & Vedic	English	Cinematic Vedic-Blues Fusion, Aggressive Haryanvi Folk-Rock, Deep Guttural Aghor; Intro - Ambient Ritual; [Aghori Chorus - Guttural Echo]: अङ्क अटक अटक आनंदा भटक भटक मार शूल पटक...; Chorus - The Global Reunion (Stadium Anthem Style); Intro — Ambient; Emotional Chorus	178	174	ffprobe-duration	false	_radio_index/suno_backup/lyrics/2026-03-15_359fe041_untitled.txt
85364529-043a-45e8-8ec2-6e2a4895644e	catalog-track	मेरा भाई	sanaatana-vaigyaniq	Sanatan & Vedic	Sanskrit	Sanatan & Vedic; Intro - Ambient Ritual; [Aghori Chorus - Guttural Echo]: अङ्क अटक अटक आनंदा भटक भटक मार शूल पटक...; Chorus - The Global Reunion (Stadium Anthem Style)	22	17	ffprobe-duration	false	_radio_index/suno_backup/lyrics/2026-03-15_85364529_untitled.txt
aaca4dcb-a21a-4e20-9585-e2827cb88d9a	catalog-track	(untitled)	sanaatana-vaigyaniq	Sanatan & Vedic	English	Cinematic Vedic-Blues Fusion, Aggressive Haryanvi Folk-Rock, Deep Guttural Aghor; Intro - Ambient Ritual; [Aghori Chorus - Guttural Echo]: अङ्क अटक अटक आनंदा भटक भटक मार शूल पटक...; Chorus - The Global Reunion (Stadium Anthem Style)	22	17	ffprobe-duration	false	_radio_index/suno_backup/lyrics/2026-03-15_aaca4dcb_untitled.txt
9b80022a-996a-488b-82c6-8377e3dda26a	catalog-track	(untitled)	kabir-clubbing	Bhakti & Katha	English	सिनेमैटिक ड्रामा कैरेक्टर्स लार्जर देन लाइफ न्यूरल चक्रा अवेकनिंग the science वै	19	18	ffprobe-duration	false	_radio_index/suno_backup/lyrics/2026-03-15_9b80022a_untitled.txt
4edf51d3-f4e1-4827-a506-85192bc47867	catalog-track	दृश्य: महामात्य का 'विराट' क्रोध	kabir-clubbing	Bhakti & Katha	Hindi	Bhakti & Katha	19	18	ffprobe-duration	false	_radio_index/suno_backup/lyrics/2026-03-15_4edf51d3_untitled.txt
ca39964f-fe6f-417b-8869-8ff0a2749fab	catalog-track	(untitled)	kabir-clubbing	Bhakti & Katha	English	सिनेमैटिक ड्रामा कैरेक्टर्स लार्जर देन लाइफ न्यूरल चक्रा अवेकनिंग the science वै	13	13	ffprobe-duration	false	_radio_index/suno_backup/lyrics/2026-03-15_ca39964f_untitled.txt
98fd044c-85e8-4661-bfd1-c295679b7801	catalog-track	(untitled)	kabir-clubbing	Bhakti & Katha	English	सिनेमैटिक ड्रामा कैरेक्टर्स लार्जर देन लाइफ न्यूरल चक्रा अवेकनिंग the science वै	13	13	ffprobe-duration	false	_radio_index/suno_backup/lyrics/2026-03-15_98fd044c_untitled.txt
e7732295-f853-4506-ac1f-9ba75d645982	catalog-track	(untitled)	gurukul	Other / Misc	English	NULL	13	13	ffprobe-duration	false	_radio_index/suno_backup/lyrics/2026-03-15_e7732295_untitled.txt
2ae593af-d471-49fe-802c-a910664b5b29	catalog-track	दृश्य: महामात्य का 'विराट' क्रोध	gurukul	Other / Misc	Hindi	Other / Misc	13	13	ffprobe-duration	false	_radio_index/suno_backup/lyrics/2026-03-15_2ae593af_untitled.txt
4012494c-6d32-4fac-8a87-2e82ebfe57d0	catalog-track	दृश्य: महामात्य का 'विराट' क्रोध	gurukul	Other / Misc	Hindi	Other / Misc	13	13	ffprobe-duration	false	_radio_index/suno_backup/lyrics/2026-03-15_4012494c_untitled.txt
1b94e28b-5e0d-4d10-9519-57a4a340dea5	catalog-track	(untitled)	gurukul	Other / Misc	English	NULL	13	13	ffprobe-duration	false	_radio_index/suno_backup/lyrics/2026-03-15_1b94e28b_untitled.txt
5dae1dc4-0ca1-43fa-8d39-63cbce1d6cc4	catalog-track	मने मेरी माँ	kabir-clubbing	Bhakti & Katha	Hindi	Bhakti & Katha; Intro — Ambient; Emotional Chorus	177	175	ffprobe-duration	false	_radio_index/suno_backup/lyrics/2026-03-15_5dae1dc4_untitled.txt
1392cfca-0b75-4795-bdb5-b82e430c9f7b	catalog-track	(untitled)	ameerpur	Love & Virah	English	आत्मा जगराना जागो जागो जागो हेमंत राणा जी महाराज मेरे तुम दीक्षित प्यारे बेटे ह; Intro — Ambient; Emotional Chorus	177	175	ffprobe-duration	false	_radio_index/suno_backup/lyrics/2026-03-15_1392cfca_untitled.txt
fe0a5f9a-addb-4bcf-8cec-503ccf732ea0	catalog-track	मने मेरी माँ	kabir-clubbing	Bhakti & Katha	Hindi	Bhakti & Katha; Intro — Ambient; Emotional Chorus	177	175	ffprobe-duration	false	_radio_index/suno_backup/lyrics/2026-03-15_fe0a5f9a_untitled.txt
399e2400-18cc-4988-ac09-c3fbc115916f	catalog-track	(untitled)	ameerpur	Love & Virah	English	आत्मा जगराना जागो जागो जागो हेमंत राणा जी महाराज मेरे तुम दीक्षित प्यारे बेटे ह; Intro — Ambient; Emotional Chorus	177	175	ffprobe-duration	false	_radio_index/suno_backup/lyrics/2026-03-15_399e2400_untitled.txt
519cfa96-09e0-43be-b008-6631b9302357	catalog-track	Naaraayana Uunh	gurukul	Other / Misc	English	Chorus	38	36	ffprobe-duration	false	_radio_index/suno_backup/lyrics/2026-03-15_519cfa96_Naaraayana Uunh.txt
0902ef6d-8f19-458b-b932-855765d1dcd1	catalog-track	(untitled)	sanaatana-vaigyaniq	Sanatan & Vedic	English	Haryanvi folk ragni, Sufi qawwali, cinematic anthem, Vedic chant, epic choir, sp; Intro — Ambient; Emotional Chorus	177	175	ffprobe-duration	false	_radio_index/suno_backup/lyrics/2026-03-15_0902ef6d_untitled.txt
ff00e623-ff9b-4092-8866-9a775e6de626	catalog-track	(untitled)	sanaatana-vaigyaniq	Sanatan & Vedic	English	Haryanvi folk ragni, Sufi qawwali, cinematic anthem, Vedic chant, epic choir, sp; Intro — Ambient; Emotional Chorus	177	175	ffprobe-duration	false	_radio_index/suno_backup/lyrics/2026-03-15_ff00e623_untitled.txt
b394760e-a22a-4ddf-ae84-669d76820b25	catalog-track	Naaraayana Uunh	gurukul	Other / Misc	English	Chorus	38	36	ffprobe-duration	false	_radio_index/suno_backup/lyrics/2026-03-15_b394760e_Naaraayana Uunh.txt
9b025b3c-78a3-487c-8d1f-7af1bb72fa2b	catalog-track	(untitled)	gurukul	Other / Misc	English	a war cry of a child to bhaarat maa tera Pop, Indie Pop men tera naketa shaitaan; Intro — Ambient; Emotional Chorus	106	104	ffprobe-duration	false	_radio_index/suno_backup/lyrics/2026-03-15_9b025b3c_untitled.txt
0b09e473-9d9a-48aa-bc7f-39c41ccc5b8d	catalog-track	मने मेरी माँ	ameerpur	Desh / Patriotic	Hindi	Desh / Patriotic; Intro — Ambient; Emotional Chorus	106	104	ffprobe-duration	false	_radio_index/suno_backup/lyrics/2026-03-15_0b09e473_untitled.txt
ddf4af6e-aef4-4ac2-9b4a-59cd3d896e25	catalog-track	(untitled)	ameerpur	Haryanvi Folk	Haryanvi	title mne meऋ भारत माँ swatantra yantra folk ballad genre style haryanvi folk; Intro — Ambient; Emotional Chorus	96	94	ffprobe-duration	false	_radio_index/suno_backup/lyrics/2026-03-15_ddf4af6e_untitled.txt
8372084d-8049-4db1-a68a-fd8ac5eb438c	catalog-track	मने मेरी माँ	kabir-clubbing	Bhakti & Katha	Hindi	Bhakti & Katha; Intro — Ambient; Emotional Chorus	96	94	ffprobe-duration	false	_radio_index/suno_backup/lyrics/2026-03-15_8372084d_untitled.txt
1300d386-6424-4a89-b7ca-77780a29db42	catalog-track	(untitled)	gurukul	Other / Misc	English	neural; Intro — Ambient; Emotional Chorus	96	94	ffprobe-duration	false	_radio_index/suno_backup/lyrics/2026-03-15_1300d386_untitled.txt
4c78ef45-06b9-4c43-a575-3ffb6e0fa7b7	catalog-track	(untitled)	gurukul	Other / Misc	English	neural; Intro — Ambient; Emotional Chorus	96	94	ffprobe-duration	false	_radio_index/suno_backup/lyrics/2026-03-15_4c78ef45_untitled.txt
7cd38250-4106-4fb8-8a4f-bbc7df32238e	catalog-track	(untitled)	gurukul	Other / Misc	English	start with hyperfun funk hiphop adwait and bhairav on bike maya and Pop, Latin P; Chorus — Scientific Folk Hook	76	72	ffprobe-duration	false	_radio_index/suno_backup/lyrics/2026-03-15_7cd38250_untitled.txt
a8b958f9-3065-46de-bc14-080bd949892e	catalog-track	सुन रे जग के यात्री	sanaatana-vaigyaniq	Classical & Raag	Hindi	Classical & Raag; Chorus — Scientific Folk Hook	76	72	ffprobe-duration	false	_radio_index/suno_backup/lyrics/2026-03-15_a8b958f9_untitled.txt
bfb4ac18-d356-4ab5-84b1-0691c5635560	catalog-track	सुन री कुतिये ध्यान से	sanaatana-vaigyaniq	Sanatan & Vedic	Sanskrit	Sanatan & Vedic; Pre-Chorus - The Queen's Entry; Chorus - The Scientific Anthem; (Sound: Melodic dog barking chorus)	37	29	ffprobe-duration	false	_radio_index/suno_backup/lyrics/2026-03-15_bfb4ac18_untitled.txt
f850c20c-670d-4871-bd1a-6f0652c7700a	catalog-track	(untitled)	gurukul	Other / Misc	English	start with hyperfun funk hiphop adwait and bhairav on bike maya and Pop, Latin P; Pre-Chorus - The Queen's Entry; Chorus - The Scientific Anthem; (Sound: Melodic dog barking chorus)	34	26	ffprobe-duration	false	_radio_index/suno_backup/lyrics/2026-03-15_f850c20c_untitled.txt
a8738d5a-73c8-4c1b-8537-6f306f014715	catalog-track	सुन री कुतिये ध्यान से	sanaatana-vaigyaniq	Sanatan & Vedic	Sanskrit	Sanatan & Vedic; Pre-Chorus - The Queen's Entry; Chorus - The Scientific Anthem; (Sound: Melodic dog barking chorus)	34	26	ffprobe-duration	false	_radio_index/suno_backup/lyrics/2026-03-15_a8738d5a_untitled.txt
347d4a25-0d54-445c-982e-c1c6c1c7e091	catalog-track	(untitled)	gurukul	Other / Misc	English	start with hyperfun funk hiphop adwait and bhairav on bike maya and Pop, Latin P; Pre-Chorus - The Queen's Entry; Chorus - The Scientific Anthem; (Sound: Melodic dog barking chorus)	37	29	ffprobe-duration	false	_radio_index/suno_backup/lyrics/2026-03-15_347d4a25_untitled.txt
46a0e0b1-a456-4550-b57d-dd7271cf0096	catalog-track	(untitled)	kabir-clubbing	Rap & Fusion	English	super fun funky rap mix hyper fun; Pre-Chorus - The Queen's Entry; Chorus - The Scientific Anthem; (Sound: Melodic dog barking chorus)	37	29	ffprobe-duration	false	_radio_index/suno_backup/lyrics/2026-03-15_46a0e0b1_untitled.txt
114a0d17-28b3-4a56-a251-50c1fbf4f659	catalog-track	(untitled)	kabir-clubbing	Rap & Fusion	English	super fun funky rap mix hyper fun; Pre-Chorus - The Queen's Entry; Chorus - The Scientific Anthem; (Sound: Melodic dog barking chorus)	37	29	ffprobe-duration	false	_radio_index/suno_backup/lyrics/2026-03-15_114a0d17_untitled.txt
80c9a826-108b-4377-9983-7d052c254217	catalog-track	(untitled)	kabir-clubbing	Rap & Fusion	English	सुपर फ़न फंकी कुतिया कुक्कुर रैप अंदर तक फ़न। हास्य और ज्ञान का भाव। गंभीर बात व; Pre-Chorus - The Queen's Entry; Chorus - The Scientific Anthem; (Sound: Melodic dog barking chorus)	37	29	ffprobe-duration	false	_radio_index/suno_backup/lyrics/2026-03-15_80c9a826_untitled.txt
3ba8da22-5a9f-43e1-b1c1-b80db6e17e04	catalog-track	सुन री कुतिये ध्यान से	sanaatana-vaigyaniq	Sanatan & Vedic	Sanskrit	Sanatan & Vedic; Pre-Chorus - The Queen's Entry; Chorus - The Scientific Anthem; (Sound: Melodic dog barking chorus)	37	29	ffprobe-duration	false	_radio_index/suno_backup/lyrics/2026-03-15_3ba8da22_untitled.txt
143f3ee1-541a-4c92-8ae8-84b53e7b66d9	catalog-track	(untitled)	gurukul	Other / Misc	English	सुरीले भैरव कुकुर् के रूप में लाली कुतिया रूप में सुपर फंकी। Neuro-Tantra Folk; Pre-Chorus - The Queen's Entry; Chorus - The Scientific Anthem; (Sound: Melodic dog barking chorus)	35	27	ffprobe-duration	false	_radio_index/suno_backup/lyrics/2026-03-15_143f3ee1_untitled.txt
d1df8eeb-036c-4d6b-b998-dc9ebc94f23e	catalog-track	(untitled)	gurukul	Other / Misc	English	सुरीले भैरव कुकुर् के रूप में लाली कुतिया रूप में सुपर फंकी। Neuro-Tantra Folk; Pre-Chorus - The Queen's Entry; Chorus - The Scientific Anthem; (Sound: Melodic dog barking chorus)	35	27	ffprobe-duration	false	_radio_index/suno_backup/lyrics/2026-03-15_d1df8eeb_untitled.txt
c126fb19-0b0a-4e01-b48c-2bc66f1bb766	catalog-track	(untitled)	ameerpur	Haryanvi Folk	Haryanvi	Haryanvi Folk	0	0	NULL	false	_radio_index/suno_backup/lyrics/c126fb19-0b0a-4e01-b48c-2bc66f1bb766.txt
0bf24918-dcf5-4396-9eff-75fff2af6946	catalog-track	मने मेरे देश	ameerpur	Haryanvi Folk	Haryanvi	Haryanvi Folk; Intro — Ambient; Emotional Chorus	71	69	ffprobe-duration	false	_radio_index/suno_backup/lyrics/2026-03-15_0bf24918_untitled.txt
1210841d-cb58-4632-96de-39a6f862b69a	catalog-track	(untitled)	sanaatana-vaigyaniq	Sanatan & Vedic	English	Atmospheric Aghori Chants, Tribal Trance, Haryanvi Folk-Blues Fusion. Starts wit; Chorus - Collective Pain & Pleasure	32	26	ffprobe-duration	false	_radio_index/suno_backup/lyrics/2026-03-14_1210841d_untitled.txt
41e8f0c6-6363-44dd-b118-bfc2dc2c8dd6	catalog-track	मने मेरे देश ईब यूं सताना छोड़ दे	sanaatana-vaigyaniq	Sanatan & Vedic	Sanskrit	Sanatan & Vedic; Chorus - Collective Pain & Pleasure	32	26	ffprobe-duration	false	_radio_index/suno_backup/lyrics/2026-03-14_41e8f0c6_untitled.txt
558e63bc-7079-4a66-ac9e-a5dd188afd14	catalog-track	(untitled)	gurukul	Other / Misc	English	aghories sitting with german sages... adwait sitting sings his heart out in ange	45	45	ffprobe-duration	false	_radio_index/suno_backup/lyrics/2026-03-14_558e63bc_untitled.txt
bdb93b4d-edf6-418f-bedf-5d1b5204ed1d	catalog-track	मने मेरे देश ईब यूं सताना छोड़ दे	sanaatana-vaigyaniq	Sanatan & Vedic	Sanskrit	Sanatan & Vedic	45	45	ffprobe-duration	false	_radio_index/suno_backup/lyrics/2026-03-14_bdb93b4d_untitled.txt
b2771eb5-3689-4318-82e1-aebe591bb103	catalog-track	(untitled)	gurukul	Other / Misc	English	aghories sitting with german sages... adwait sitting sings his heart out in ange	45	45	ffprobe-duration	false	_radio_index/suno_backup/lyrics/2026-03-14_b2771eb5_untitled.txt
edddf045-01a6-446c-bff3-49e2fc953d69	catalog-track	(untitled)	gurukul	Other / Misc	English	aghories sitting with german sages... adwait sitting sings his heart out in ange	45	45	ffprobe-duration	false	_radio_index/suno_backup/lyrics/2026-03-14_edddf045_untitled.txt
a9945093-a511-431f-a149-6978e172135c	catalog-track	(untitled)	gurukul	Other / Misc	English	अद्वैत अद्वैत द्वैत द वैत त द्वैतत तत तत तत तट त्री कट ट्री कट कट त्रिकट रिक	41	41	ffprobe-duration	false	_radio_index/suno_backup/lyrics/2026-03-14_a9945093_untitled.txt
02b55369-c2c7-4541-b858-99a73400ed7e	catalog-track	मने मेरे देश ईब यूं सताना छोड़ दे	sanaatana-vaigyaniq	Sanatan & Vedic	Sanskrit	Sanatan & Vedic	41	41	ffprobe-duration	false	_radio_index/suno_backup/lyrics/2026-03-14_02b55369_untitled.txt
6afe4ba5-a95a-437f-8ba4-09ea1e0d7589	catalog-track	(untitled)	gurukul	Other / Misc	English	aghories sitting with german sages... adwait sitting sings his heart out in ange	41	41	ffprobe-duration	false	_radio_index/suno_backup/lyrics/2026-03-14_6afe4ba5_untitled.txt
16e6f905-49c1-42d2-ad44-46130e1b7dda	catalog-track	(untitled)	gurukul	Other / Misc	English	अद्वैत अद्वैत द्वैत द वैत त द्वैतत तत तत तत तट त्री कट ट्री कट कट त्रिकट रिक	41	41	ffprobe-duration	false	_radio_index/suno_backup/lyrics/2026-03-14_16e6f905_untitled.txt
8296abb7-b694-4517-b505-74a1482acc86	catalog-track	(untitled)	gurukul	Other / Misc	English	अद्वैत अद्वैत द्वैत द वैत त द्वैतत तत तत तत तट त्री कट ट्री कट कट त्रिकट रिकट र	36	36	ffprobe-duration	false	_radio_index/suno_backup/lyrics/2026-03-14_8296abb7_untitled.txt
74ebed02-df6f-4443-b566-63929be6a05d	catalog-track	मने मेरे देश ईब यूं सताना छोड़ दे	ameerpur	Desh / Patriotic	Hindi	Desh / Patriotic	36	36	ffprobe-duration	false	_radio_index/suno_backup/lyrics/2026-03-14_74ebed02_untitled.txt
9a3c2b4d-d452-4c45-80d4-2d277e37d1eb	catalog-track	(untitled)	gurukul	Other / Misc	English	डीजे सुपर फंकी. fun ,,,	27	27	ffprobe-duration	false	_radio_index/suno_backup/lyrics/2026-03-14_9a3c2b4d_untitled.txt
afa3c84f-25e6-4dfe-88a0-9f638a8b1582	catalog-track	पिंकी हंस नंदिनी	ameerpur	Haryanvi Folk	Haryanvi	Haryanvi Folk	27	27	ffprobe-duration	false	_radio_index/suno_backup/lyrics/2026-03-14_afa3c84f_untitled.txt
606fe1e9-61e4-4248-bd93-73fa98153abc	catalog-track	पिंकी हंस नंदिनी	ameerpur	Haryanvi Folk	Haryanvi	Haryanvi Folk	24	24	ffprobe-duration	false	_radio_index/suno_backup/lyrics/2026-03-14_606fe1e9_untitled.txt
73f2af74-5054-49d8-896c-e82524eddc06	catalog-track	(untitled)	kabir-clubbing	Rap & Fusion	English	full on masti, dj, dance, dj banger,, full on drum beats, with full on trumpet	24	24	ffprobe-duration	false	_radio_index/suno_backup/lyrics/2026-03-14_73f2af74_untitled.txt
083ed8dc-672d-423d-bda9-9714b4ae62f4	catalog-track	पिंकी हंस नंदिनी	ameerpur	Haryanvi Folk	Haryanvi	Haryanvi Folk	24	24	ffprobe-duration	false	_radio_index/suno_backup/lyrics/2026-03-14_083ed8dc_untitled.txt
3ce196ce-9876-4bc9-8d96-a2d296db8b1c	catalog-track	(untitled)	kabir-clubbing	Rap & Fusion	English	dj banger, full on masti, dj, dance, लहर, full on drum beats, with full on trum	24	24	ffprobe-duration	false	_radio_index/suno_backup/lyrics/2026-03-14_3ce196ce_untitled.txt
370a4d03-deca-434e-9414-305c4a1a849f	catalog-track	(untitled)	gurukul	Other / Misc	English	NULL	24	24	ffprobe-duration	false	_radio_index/suno_backup/lyrics/2026-03-14_370a4d03_untitled.txt
da8bd16a-76ab-4e2f-a35e-fb138515ce39	catalog-track	(untitled)	gurukul	Other / Misc	English	Experimental Avant-Garde Soundscape meets Indian Nautanki Street Theater. NO MUS; Pre-Chorus - The Queen's Entry; Chorus - The Scientific Anthem; (Sound: Melodic dog barking chorus)	31	22	ffprobe-duration	false	_radio_index/suno_backup/lyrics/2026-03-14_da8bd16a_untitled.txt
043fd8db-51e3-4bcf-a025-7c0e9e70d65e	catalog-track	(untitled)	gurukul	Other / Misc	English	NULL	24	24	ffprobe-duration	false	_radio_index/suno_backup/lyrics/2026-03-14_043fd8db_untitled.txt
a118e163-e5f4-459d-a9f4-e82bbb5d48ec	catalog-track	सुन री कुतिये ध्यान से	sanaatana-vaigyaniq	Sanatan & Vedic	Sanskrit	Sanatan & Vedic; Pre-Chorus - The Queen's Entry; Chorus - The Scientific Anthem; (Sound: Melodic dog barking chorus)	31	22	ffprobe-duration	false	_radio_index/suno_backup/lyrics/2026-03-14_a118e163_untitled.txt
beb18e30-ad60-4f61-b962-bf72577a984c	catalog-track	(untitled)	kabir-clubbing	Rap & Fusion	English	super fun funky rap with dog souls.. a bitch being requested by dog. howls, do; Chorus - old dog group teaching; Chorus - dog-universe	26	26	ffprobe-duration	false	_radio_index/suno_backup/lyrics/2026-03-14_beb18e30_untitled.txt
71819a1c-7df5-443a-bedf-56c547e4efe1	catalog-track	(untitled)	kabir-clubbing	Rap & Fusion	English	super fun funky rap with dog souls.. a bitch being requested by dog. howls, do; Chorus - old dog group teaching; Chorus - dog-universe	26	26	ffprobe-duration	false	_radio_index/suno_backup/lyrics/2026-03-14_71819a1c_untitled.txt
5e09dadb-f03e-4b45-b8fa-7a825b7cdb46	catalog-track	(untitled)	kabir-clubbing	Rap & Fusion	English	super fun funky rap with dog souls.. a bitch being requested by dog. howls, do; Intro - Fast Dholak and claps; Chorus - High Energy	26	26	ffprobe-duration	false	_radio_index/suno_backup/lyrics/2026-03-14_5e09dadb_untitled.txt
9b58de99-1027-44cb-bcfb-cb9727dd1c42	catalog-track	(untitled)	kabir-clubbing	Rap & Fusion	English	super fun funky rap with dog souls.. a bitch being requested by dog. howls, do; Intro - Fast Dholak and claps; Chorus - High Energy	26	26	ffprobe-duration	false	_radio_index/suno_backup/lyrics/2026-03-14_9b58de99_untitled.txt
96b01103-f99a-4fd7-87f8-53354681845d	catalog-track	(untitled)	kabir-clubbing	Rap & Fusion	English	hyper rap; Intro - Fast Dholak and claps; Chorus - High Energy	26	26	ffprobe-duration	false	_radio_index/suno_backup/lyrics/2026-03-14_96b01103_untitled.txt
7de27deb-3279-4b67-a31c-0a53042c556e	catalog-track	(untitled)	kabir-clubbing	Rap & Fusion	English	hyper rap; Intro - Fast Dholak and claps; Chorus - High Energy	26	26	ffprobe-duration	false	_radio_index/suno_backup/lyrics/2026-03-14_7de27deb_untitled.txt
e5a682c7-62e9-401e-94ce-af4dff412f71	catalog-track	(untitled)	gurukul	Other / Misc	English	Funky folk duet with earthy groove and sensual playful chemistry between lovers; Intro - Fast Dholak and claps; Chorus - High Energy	26	26	ffprobe-duration	false	_radio_index/suno_backup/lyrics/2026-03-14_e5a682c7_untitled.txt
eec95412-60c5-41d3-b2f8-59313a044060	catalog-track	(untitled)	gurukul	Other / Misc	English	Funky folk duet with earthy groove and sensual playful chemistry between lovers; Intro - Fast Dholak and claps; Chorus - High Energy	26	26	ffprobe-duration	false	_radio_index/suno_backup/lyrics/2026-03-14_eec95412_untitled.txt
eb079cd7-e435-40eb-bee2-b82846008f09	catalog-track	(untitled)	gurukul	Other / Misc	English	Funky folk duet with earthy groove and sensual playful chemistry between lovers	26	26	ffprobe-duration	false	_radio_index/suno_backup/lyrics/2026-03-14_eb079cd7_untitled.txt
cf734c04-3a7d-47f5-8575-3545ca0152db	catalog-track	(untitled)	gurukul	Other / Misc	English	Funky folk duet with earthy groove and sensual playful chemistry between lovers	26	26	ffprobe-duration	false	_radio_index/suno_backup/lyrics/2026-03-14_cf734c04_untitled.txt
c0ed3b71-8057-44e9-bbc9-7edbeb1cb247	catalog-track	(untitled)	gurukul	Other / Misc	English	Funky folk duet with earthy groove and sensual playful chemistry between lovers	26	26	ffprobe-duration	false	_radio_index/suno_backup/lyrics/2026-03-14_c0ed3b71_untitled.txt
ee903ee8-bc90-4636-b704-94eaad28c4e6	catalog-track	(untitled)	gurukul	Other / Misc	English	Funky folk duet with earthy groove and sensual playful chemistry between lovers	26	26	ffprobe-duration	false	_radio_index/suno_backup/lyrics/2026-03-14_ee903ee8_untitled.txt
2339fc5d-3d73-4745-b001-53d00b204c3d	catalog-track	(untitled)	kabir-clubbing	Rap & Fusion	English	Haryanvi Folk Pop, Trap, Energetic, Raw, Male Vocals, Dholak, Harmonium	26	26	ffprobe-duration	false	_radio_index/suno_backup/lyrics/2026-03-14_2339fc5d_untitled.txt
6434e417-4488-4db2-856e-37c633ed4491	catalog-track	(untitled)	kabir-clubbing	Rap & Fusion	English	Haryanvi Folk Pop, Trap, Energetic, Raw, Male Vocals, Dholak, Harmonium	26	26	ffprobe-duration	false	_radio_index/suno_backup/lyrics/2026-03-14_6434e417_untitled.txt
8a5abcc5-bf22-4a21-be55-0e7dee8d4eb0	catalog-track	(untitled)	ameerpur	Haryanvi Folk	Haryanvi	Funky हरियाणवी folk रगनी duet super funky	26	26	ffprobe-duration	false	_radio_index/suno_backup/lyrics/2026-03-14_8a5abcc5_untitled.txt
c2cfd34c-47f2-44fc-9c9d-dcb40dfd0ffc	catalog-track	(untitled)	ameerpur	Haryanvi Folk	Haryanvi	Funky हरियाणवी folk रगनी duet	26	26	ffprobe-duration	false	_radio_index/suno_backup/lyrics/2026-03-14_c2cfd34c_untitled.txt
f6b91a35-6661-45fa-af60-6af4f69f5adc	catalog-track	(untitled)	ameerpur	Haryanvi Folk	Haryanvi	Funky हरियाणवी folk रगनी duet	26	26	ffprobe-duration	false	_radio_index/suno_backup/lyrics/2026-03-14_f6b91a35_untitled.txt
2f1b59d6-e3e2-4a2e-b7da-8ef193729bb8	catalog-track	काम की कामना पुण्य	gurukul	Other / Misc	Hindi	Other / Misc	26	26	ffprobe-duration	false	_radio_index/suno_backup/lyrics/2026-03-14_2f1b59d6_untitled.txt
e4e6e3b0-e45c-4464-933f-ec6a37a9fc1a	catalog-track	(untitled)	sanaatana-vaigyaniq	Sanatan & Vedic	English	Funky हरियाणवी folk duet about lovers discovering cosmic love and body-mind harm	26	26	ffprobe-duration	false	_radio_index/suno_backup/lyrics/2026-03-14_e4e6e3b0_untitled.txt
6a9729a2-bfde-48a5-bc3a-95d1de82ccbd	catalog-track	(untitled)	sanaatana-vaigyaniq	Sanatan & Vedic	English	Funky हरियाणवी folk duet about lovers discovering cosmic love and body-mind harm	26	26	ffprobe-duration	false	_radio_index/suno_backup/lyrics/2026-03-14_6a9729a2_untitled.txt
3a30e4a6-c5b1-4cf9-bdda-324b95054db1	catalog-track	(untitled)	sanaatana-vaigyaniq	Sanatan & Vedic	English	Funky folk duet about lovers discovering cosmic love and body-mind harmony. Use	26	26	ffprobe-duration	false	_radio_index/suno_backup/lyrics/2026-03-14_3a30e4a6_untitled.txt
e5e5c4ed-7013-4378-8baf-ec76665ed5ea	catalog-track	(untitled)	sanaatana-vaigyaniq	Sanatan & Vedic	English	Funky folk duet about lovers discovering cosmic love and body-mind harmony. Use	26	26	ffprobe-duration	false	_radio_index/suno_backup/lyrics/2026-03-14_e5e5c4ed_untitled.txt
1883b6f9-b6fb-44d5-98e4-a32b63d3fd5a	catalog-track	ये काम बड़े ही काम का है	sanaatana-vaigyaniq	Sanatan & Vedic	Sanskrit	Sanatan & Vedic	27	27	ffprobe-duration	false	_radio_index/suno_backup/lyrics/2026-03-14_1883b6f9_untitled.txt
ceb76bb6-5502-4d7e-8c67-0273d1e4404c	catalog-track	(untitled)	sanaatana-vaigyaniq	Sanatan & Vedic	English	Funky folk duet about lovers discovering cosmic love and body-mind harmony. Use	27	27	ffprobe-duration	false	_radio_index/suno_backup/lyrics/2026-03-14_ceb76bb6_untitled.txt
a55e5fb9-1715-4647-ba0a-9cc10d0cdead	catalog-track	(untitled)	gurukul	Other / Misc	English	lets create environment as a village where a husband is singing to his wife. hip	27	27	ffprobe-duration	false	_radio_index/suno_backup/lyrics/2026-03-14_a55e5fb9_untitled.txt
709d0eb7-9410-4ef3-ab3f-b36462a15a6c	catalog-track	(untitled)	gurukul	Other / Misc	English	lets create environment as a village where a husband is singing to his wife. hip	27	27	ffprobe-duration	false	_radio_index/suno_backup/lyrics/2026-03-14_709d0eb7_untitled.txt
73522d09-58c9-4824-b255-989b4bafebf0	catalog-track	(untitled)	gurukul	Other / Misc	English	गाँव की सुपर मस्ती	28	28	ffprobe-duration	false	_radio_index/suno_backup/lyrics/2026-03-14_73522d09_untitled.txt
c5e03997-b771-4c5b-97fc-4f4a0f24b5de	catalog-track	ये काम बड़े ही काम का है	gurukul	Other / Misc	Hindi	Other / Misc	28	28	ffprobe-duration	false	_radio_index/suno_backup/lyrics/2026-03-14_c5e03997_untitled.txt
271aa98c-9ee3-4765-a2f6-cffd21ec6eb5	catalog-track	(untitled)	gurukul	Other / Misc	English	NULL	28	28	ffprobe-duration	false	_radio_index/suno_backup/lyrics/2026-03-14_271aa98c_untitled.txt
3266e243-6415-49ae-bae9-55af0a248874	catalog-track	(untitled)	gurukul	Other / Misc	English	गाँव की सुपर मस्ती	28	28	ffprobe-duration	false	_radio_index/suno_backup/lyrics/2026-03-14_3266e243_untitled.txt
7e5a3f73-64be-400c-bb83-e8e555d1f02c	catalog-track	(untitled)	gurukul	Other / Misc	English	create a cinematic bollywoodstyle patriotic anthem sung from the perspective of; Hook – Chorus; Chorus; Chorus – Powerful; slow military drums; Final Chorus	62	62	ffprobe-duration	false	_radio_index/suno_backup/lyrics/2026-03-13_7e5a3f73_untitled.txt
2a0e9125-5a5d-4c09-a4e9-c2554b3dbd7e	catalog-track	सुनो र मेरी शान फौजी	sanaatana-vaigyaniq	Sanatan & Vedic	Sanskrit	Sanatan & Vedic; Hook – Chorus; Chorus; Chorus – Powerful; slow military drums; Final Chorus	62	62	ffprobe-duration	false	_radio_index/suno_backup/lyrics/2026-03-13_2a0e9125_untitled.txt
46605d07-d37f-48d9-bd6d-18f37e1a89ec	catalog-track	(untitled)	gurukul	Other / Misc	English	create a cinematic bollywoodstyle patriotic song from the perspective of a proud; Hook – Chorus; Chorus; Chorus – Powerful; slow military drums; Final Chorus	62	62	ffprobe-duration	false	_radio_index/suno_backup/lyrics/2026-03-13_46605d07_untitled.txt
e2525d01-1af3-4f50-b3ff-5d0cc10ba18e	catalog-track	(untitled)	ameerpur	Haryanvi Folk	Haryanvi	create a haryanvi bollywood patriotic blockbuster song about a brave indian sold	32	32	ffprobe-duration	false	_radio_index/suno_backup/lyrics/2026-03-13_e2525d01_untitled.txt
81dde6a6-2dbd-41a8-b10a-bac06e8fad06	catalog-track	(untitled)	gurukul	Other / Misc	English	create a bollywood patriotic blockbuster song about a brave indian soldier and a; Final Chorus – Grand Patriotic Anthem	46	46	ffprobe-duration	false	_radio_index/suno_backup/lyrics/2026-03-13_81dde6a6_untitled.txt
8ea9fe01-f585-4b67-a33d-2d2079ccada8	catalog-track	(untitled)	gurukul	Other / Misc	English	create a cinematic bollywoodstyle patriotic song from the perspective of a proud; Hook – Chorus; Chorus; Chorus – Powerful; slow military drums; Final Chorus	62	62	ffprobe-duration	false	_radio_index/suno_backup/lyrics/2026-03-13_8ea9fe01_untitled.txt
4bb71763-a381-4680-aace-94dddb13d3f5	catalog-track	सुनो र मेरी शान फौजी	kabir-clubbing	Bhakti & Katha	Hindi	Bhakti & Katha	32	32	ffprobe-duration	false	_radio_index/suno_backup/lyrics/2026-03-13_4bb71763_untitled.txt
d4ffa363-4285-40ba-8e17-48ff83716c88	catalog-track	हाय र मेरी शान फौजी	kabir-clubbing	Bhakti & Katha	Hindi	Bhakti & Katha; Final Chorus – Grand Patriotic Anthem	46	46	ffprobe-duration	false	_radio_index/suno_backup/lyrics/2026-03-13_d4ffa363_untitled.txt
00dc1de7-95fa-48ae-98bc-cfa3a4e35ef3	catalog-track	हाय र मेरी शान फौजी	kabir-clubbing	Bhakti & Katha	Hindi	Bhakti & Katha; Chorus – Crowd; Chorus – Stadium; Final Viral Chorus	70	69	ffprobe-duration	false	_radio_index/suno_backup/lyrics/2026-03-13_00dc1de7_untitled.txt
96bb25a9-9e39-4fe7-bff4-b8f18787b31e	catalog-track	(untitled)	gurukul	Other / Misc	English	create a bollywood patriotic blockbuster song about a brave indian soldier and a; Chorus – Crowd; Chorus – Stadium; Final Viral Chorus	70	69	ffprobe-duration	false	_radio_index/suno_backup/lyrics/2026-03-13_96bb25a9_untitled.txt
5c4baafd-66b3-4cf6-9215-1f0f94ab8a58	catalog-track	(untitled)	gurukul	Other / Misc	English	Epic Indian patriotic cinematic war anthem about a brave soldier and a mother’s	48	46	ffprobe-duration	false	_radio_index/suno_backup/lyrics/2026-03-13_5c4baafd_untitled.txt
ee50a4e3-c4b6-4f9b-9063-c75f82168ff5	catalog-track	जय हिन्द – जय हिन्द के नारे त	kabir-clubbing	Bhakti & Katha	Hindi	Bhakti & Katha	48	46	ffprobe-duration	false	_radio_index/suno_backup/lyrics/2026-03-13_ee50a4e3_untitled.txt
73bf25b9-85ef-4617-b2e5-a0e356092784	catalog-track	(untitled)	gurukul	Other / Misc	English	Epic Indian patriotic cinematic war anthem about a brave soldier and a mother’s	37	37	ffprobe-duration	false	_radio_index/suno_backup/lyrics/2026-03-13_73bf25b9_untitled.txt
e3fd30cb-9358-4914-9195-11c40c5b76b7	catalog-track	(untitled)	gurukul	Other / Misc	English	Epic Indian patriotic cinematic war anthem about a brave soldier and a mother’s	37	37	ffprobe-duration	false	_radio_index/suno_backup/lyrics/2026-03-13_e3fd30cb_untitled.txt
7f7d8aa2-6b4b-4a0f-bf2e-395eb0fb9e71	catalog-track	जय हिन्द जय हिन्द के नारे त	ameerpur	Haryanvi Folk	Haryanvi	Haryanvi Folk; Massive Stadium Chorus; Huge Stadium Chorus	70	67	ffprobe-duration	false	_radio_index/suno_backup/lyrics/2026-03-13_7f7d8aa2_untitled.txt
a1775f44-6629-41be-8e84-34c4d86063db	catalog-track	जय हिन्द – जय हिन्द के नारे त	ameerpur	Haryanvi Folk	Haryanvi	Haryanvi Folk	38	38	ffprobe-duration	false	_radio_index/suno_backup/lyrics/2026-03-13_a1775f44_untitled.txt
547974ac-4935-4d3a-bec3-2e19bd96ed49	catalog-track	(untitled)	gurukul	Other / Misc	English	A cinematic, emotional scene in a rustic Indian village. A brave mother with a	38	38	ffprobe-duration	false	_radio_index/suno_backup/lyrics/2026-03-13_547974ac_untitled.txt
1a7174d9-5a96-48f4-8450-a514eb467683	catalog-track	(untitled)	gurukul	Other / Misc	English	ye ek maa ke shbd hai bhai shab apne bete ke liye jiska beta balidan hua hai des	37	37	ffprobe-duration	false	_radio_index/suno_backup/lyrics/2026-03-13_1a7174d9_untitled.txt
ed23ef25-ed22-4f98-8326-7048a173f950	catalog-track	जय हिन्द – जय हिन्द के नारे त	ameerpur	Desh / Patriotic	Hindi	Desh / Patriotic	37	37	ffprobe-duration	false	_radio_index/suno_backup/lyrics/2026-03-13_ed23ef25_untitled.txt
984da1fd-8ce8-4e3a-953a-94ebfd0fae42	catalog-track	लौट के आ रे श्याम सलोना	sanaatana-vaigyaniq	Sanatan & Vedic	Sanskrit	Sanatan & Vedic; (Hook — Earth Mother Chorus); (Final Chorus — Cosmic Choir)	48	47	ffprobe-duration	false	_radio_index/suno_backup/lyrics/2026-03-13_984da1fd_untitled.txt
f770f15f-5b74-4116-991f-95e607edeadf	catalog-track	(untitled)	sanaatana-vaigyaniq	Sanatan & Vedic	English	Cosmic Earth Anthem. Genre: Indian folk + cinematic orchestral + Vedic chant +; (Hook — Earth Mother Chorus); (Final Chorus — Cosmic Choir)	48	47	ffprobe-duration	false	_radio_index/suno_backup/lyrics/2026-03-13_f770f15f_untitled.txt
fd028fa8-b2c3-4b4c-9be6-18aa0f01f0a6	catalog-track	Syntyi aurinko	sanaatana-vaigyaniq	Sanatan & Vedic	English	Sanatan & Vedic; 🇮🇳 Folk Hook – Vedic / Indian; 🇨🇳 Folk Hook – Chinese; 🇫🇮 Folk Hook – Finnish; 🇬🇷 Folk Hook – Greek; 🇪🇬 Folk Hook – Egyptian / Arabic style; 🇲🇱 Folk Hook – Dogon / West African style; (Global Chorus – Civilization Unity)	91	84	ffprobe-duration	false	_radio_index/suno_backup/lyrics/2026-03-13_fd028fa8_untitled.txt
d179411b-b485-440d-ac8b-79a778b6b189	catalog-track	(untitled)	gurukul	Other / Misc	English	Epic Earth Mother Anthem. Style: Indian folk + cinematic orchestral + stadium c; (Intro — Cinematic Whisper); (Hook / Chorus — Stadium Anthem); (Final Chorus — Stadium Choir)	41	40	ffprobe-duration	false	_radio_index/suno_backup/lyrics/2026-03-13_d179411b_untitled.txt
5202d72f-acdb-4e56-81e2-0cc1456d59d7	catalog-track	लौट के आ रे श्याम सलोना	gurukul	Other / Misc	Hindi	Other / Misc; (Intro — Cinematic Whisper); (Hook / Chorus — Stadium Anthem); (Final Chorus — Stadium Choir)	41	40	ffprobe-duration	false	_radio_index/suno_backup/lyrics/2026-03-13_5202d72f_untitled.txt
78a88e07-df27-4c02-b739-c36f5768ab2a	catalog-track	Universal Vedic Cosmic Connect	sanaatana-vaigyaniq	Sanatan & Vedic	English	Epic cinematic hip-hop track called “Cosmic Egg Civilization Rap”. Tempo around; 🇮🇳 Folk Hook – Vedic / Indian; 🇨🇳 Folk Hook – Chinese; 🇫🇮 Folk Hook – Finnish; 🇬🇷 Folk Hook – Greek; 🇪🇬 Folk Hook – Egyptian / Arabic style; 🇲🇱 Folk Hook – Dogon / West African style; (Global Chorus – Civilization Unity)	91	84	ffprobe-duration	false	_radio_index/suno_backup/lyrics/2026-03-13_78a88e07_Universal Vedic Cosmic Connect.txt
996a9054-d146-4a5e-adc4-d15be4f5b9d1	catalog-track	(untitled)	sanaatana-vaigyaniq	Sanatan & Vedic	English	Epic cinematic hip-hop track called “Cosmic Egg Civilization Rap”. Tempo around; (Hook – Universal Chorus)	60	60	ffprobe-duration	false	_radio_index/suno_backup/lyrics/2026-03-13_996a9054_untitled.txt
234ea386-635d-4c47-901f-8c56d201db27	catalog-track	ॐ हिरण्यगर्भः समवर्तताग्रे	sanaatana-vaigyaniq	Sanatan & Vedic	Sanskrit	Sanatan & Vedic; (Hook – Universal Chorus)	60	60	ffprobe-duration	false	_radio_index/suno_backup/lyrics/2026-03-13_234ea386_untitled.txt
aec7dc35-1ec0-44a4-bb7d-f79a1e7686ce	catalog-track	(untitled)	sanaatana-vaigyaniq	Sanatan & Vedic	English	Epic Vedic rap, Rigvedic chant intro, deep trap beat, mridangam and shankh accen; (Hook – Viral Chorus); (Final Chorus – Stadium)	89	89	ffprobe-duration	false	_radio_index/suno_backup/lyrics/2026-03-13_aec7dc35_untitled.txt
fcc40853-3fac-4ab3-a1a3-b2d506a7f016	catalog-track	खरोष्ठी का तंत्र	sanaatana-vaigyaniq	Sanatan & Vedic	Sanskrit	Sanatan & Vedic; (Hook – Viral Chorus); (Final Chorus – Stadium)	89	89	ffprobe-duration	false	_radio_index/suno_backup/lyrics/2026-03-13_fcc40853_untitled.txt
ddac23b1-dc19-495b-9b9c-d830bec759ad	catalog-track	खरोष्ठी का तंत्र	sanaatana-vaigyaniq	Sanatan & Vedic	Sanskrit	Sanatan & Vedic; (Hook – Viral Chorus); (Final Chorus – Stadium)	89	89	ffprobe-duration	false	_radio_index/suno_backup/lyrics/2026-03-13_ddac23b1_untitled.txt
0ef3ebdb-02ca-487a-9448-4fa7858cc0ce	catalog-track	(untitled)	sanaatana-vaigyaniq	Sanatan & Vedic	English	Epic Vedic rap, Rigvedic chanting intro, powerful hip-hop trap beat, Indian clas; (Hook – Viral Chorus); (Final Chorus – Stadium)	89	89	ffprobe-duration	false	_radio_index/suno_backup/lyrics/2026-03-13_0ef3ebdb_untitled.txt
ffdf9645-e582-468d-af7f-75613fbbb25b	catalog-track	(untitled)	sanaatana-vaigyaniq	Sanatan & Vedic	English	Epic Vedic rap, Rigvedic chanting intro, powerful hip-hop trap beat, Indian clas; (Hook – Viral Chorus); (Final Chorus – Stadium)	89	89	ffprobe-duration	false	_radio_index/suno_backup/lyrics/2026-03-13_ffdf9645_untitled.txt
6d654c1f-fbca-4c85-ad3c-5033c566c156	catalog-track	(untitled)	sanaatana-vaigyaniq	Sanatan & Vedic	English	Epic Vedic rap, Rigvedic chanting intro, powerful hip-hop trap beat, Indian clas; (Hook – Viral Chorus); (Final Chorus – Stadium)	89	89	ffprobe-duration	false	_radio_index/suno_backup/lyrics/2026-03-13_6d654c1f_untitled.txt
93f61d64-57c6-4b30-afcf-5b0bab061bd8	catalog-track	(untitled)	sanaatana-vaigyaniq	Sanatan & Vedic	English	super funky revolutionary Verse 1 (Rap) Hook / Crowd chant Verse 2 (Rap) Br; (Bridge – Slow Epic); (Final Chorus – Stadium)	47	47	ffprobe-duration	false	_radio_index/suno_backup/lyrics/2026-03-13_93f61d64_untitled.txt
aba5bb64-54f6-4798-8ba8-8bba9a599c53	catalog-track	ॐ नमो भगवते वासुदेवाय	sanaatana-vaigyaniq	Sanatan & Vedic	Sanskrit	Sanatan & Vedic; 3. Hook / Chorus (1:30 – 1:50)	79	76	ffprobe-duration	false	_radio_index/suno_backup/lyrics/2026-03-13_aba5bb64_untitled.txt
0ea61384-e105-4758-9481-a5ebd3204d19	catalog-track	(untitled)	kabir-clubbing	Rap & Fusion	English	title Pop, Indie Pop tapasya upanishadic epic rap prompt cinematic spiritual; 3. Hook / Chorus (1:30 – 1:50)	79	76	ffprobe-duration	false	_radio_index/suno_backup/lyrics/2026-03-13_0ea61384_untitled.txt
96ab99cb-c3fa-407f-92e0-a01aca8ea61a	catalog-track	(untitled)	sanaatana-vaigyaniq	Sanatan & Vedic	English	super funky revolutionary Verse 1 (Rap) Hook / Crowd chant Verse 2 (Rap) Br; (Bridge – Slow Epic); (Final Chorus – Stadium)	47	47	ffprobe-duration	false	_radio_index/suno_backup/lyrics/2026-03-13_96ab99cb_untitled.txt
ab212f3f-c109-44ae-9b52-d915ac62f436	catalog-track	(untitled)	sanaatana-vaigyaniq	Sanatan & Vedic	English	Epic Vedic Hip-Hop stadium anthem, powerful Hindi rap, deep cinematic bass, trap; (Bridge – Slow Epic); (Final Chorus – Stadium)	47	47	ffprobe-duration	false	_radio_index/suno_backup/lyrics/2026-03-13_ab212f3f_untitled.txt
8b1a651b-bad0-4fab-99e7-00b34ab4d128	catalog-track	फ़िक्सिट फ़िक्सिट फ़िक्सिट	sanaatana-vaigyaniq	Sanatan & Vedic	Sanskrit	Sanatan & Vedic; (Bridge – Slow Epic); (Final Chorus – Stadium)	47	47	ffprobe-duration	false	_radio_index/suno_backup/lyrics/2026-03-13_8b1a651b_untitled.txt
5eb33a33-5e7a-423c-bb04-6dd4e31455ce	catalog-track	अटल है ध्रुव	sanaatana-vaigyaniq	Sanatan & Vedic	Sanskrit	Sanatan & Vedic; (Hook / Chorus)	43	43	ffprobe-duration	false	_radio_index/suno_backup/lyrics/2026-03-13_5eb33a33_untitled.txt
2c95a655-1853-4020-a611-bc4e844aaee0	catalog-track	ॐ नमो भगवते वासुदेवाय	sanaatana-vaigyaniq	Sanatan & Vedic	Sanskrit	Sanatan & Vedic; (Final Chorus — Stadium)	85	84	ffprobe-duration	false	_radio_index/suno_backup/lyrics/2026-03-13_2c95a655_untitled.txt
cd0bf69c-c712-497a-a324-4f5ca98fe911	catalog-track	(untitled)	sanaatana-vaigyaniq	Sanatan & Vedic	English	Upanishadic Epic Rap, cinematic Vedic hip-hop, deep bass, powerful taiko drums,; (Hook / Chorus)	43	43	ffprobe-duration	false	_radio_index/suno_backup/lyrics/2026-03-13_cd0bf69c_untitled.txt
3c9729ee-8720-460f-8d5a-b37b5b52d274	catalog-track	(untitled)	kabir-clubbing	Rap & Fusion	English	Epic Upanishadic rap about Dhruva from Bhagavata Purana. Deep cinematic bass, ba; (Final Chorus — Stadium)	85	84	ffprobe-duration	false	_radio_index/suno_backup/lyrics/2026-03-13_3c9729ee_untitled.txt
44d6eaee-1e67-4eaf-af1a-1b53349e55f1	catalog-track	(untitled)	sanaatana-vaigyaniq	Sanatan & Vedic	English	dark cinematic vedic rap deep bass slow trap drums haunting flute throat singing; Rishi Chorus (मंत्र); Nachiketa (Rap); (Chorus – Epic); Rishi Chorus + Rap Beat; Rishi Chorus; Yama (Rap-style explanation); (Epic Chorus); Choir + Rap; (Final Mantra + Chorus)	124	120	ffprobe-duration	false	_radio_index/suno_backup/lyrics/2026-03-13_44d6eaee_untitled.txt
b854fd41-d448-436a-9e15-3727d2099aa7	catalog-track	उत्तिष्ठत जाग्रत	sanaatana-vaigyaniq	Sanatan & Vedic	Sanskrit	Sanatan & Vedic; Rishi Chorus (मंत्र); Nachiketa (Rap); (Chorus – Epic); Rishi Chorus + Rap Beat; Rishi Chorus; Yama (Rap-style explanation); (Epic Chorus); Choir + Rap; (Final Mantra + Chorus)	124	120	ffprobe-duration	false	_radio_index/suno_backup/lyrics/2026-03-13_b854fd41_untitled.txt
bfa3c452-eab1-44c3-9c0a-869f6c15bc26	catalog-track	यही भारत की पहचान।	sanaatana-vaigyaniq	Sanatan & Vedic	Sanskrit	Sanatan & Vedic; (Final Chorus — Stadium Drop)	84	78	ffprobe-duration	false	_radio_index/suno_backup/lyrics/2026-03-13_bfa3c452_untitled.txt
8782ebf1-5a4b-45ff-9243-bef558d424fc	catalog-track	(untitled)	gurukul	Other / Misc	English	Indian spiritual hip hop anthem, boom bap drums with dhol and khartal, sitar mel; (Final Chorus — Stadium Drop)	84	78	ffprobe-duration	false	_radio_index/suno_backup/lyrics/2026-03-13_8782ebf1_untitled.txt
0feb7548-012f-4367-8ed6-f47fba0f6ae2	catalog-track	(untitled)	sanaatana-vaigyaniq	Sanatan & Vedic	English	Epic divine hip-hop, heavy cinematic bass, conch shell intro, Vedic choir textur; Chorus; Final Chorus	70	69	ffprobe-duration	false	_radio_index/suno_backup/lyrics/2026-03-12_0feb7548_untitled.txt
da000daa-342d-4df9-89ab-8523bb3b5320	catalog-track	खोल अकल के ढक्कन	sanaatana-vaigyaniq	Sanatan & Vedic	Sanskrit	Sanatan & Vedic; Chorus; Rap Flow – तेज़; Final Chorus	88	87	ffprobe-duration	false	_radio_index/suno_backup/lyrics/2026-03-12_da000daa_untitled.txt
8860015e-eb23-42e2-aaee-c4f0344caf19	catalog-track	(untitled)	sanaatana-vaigyaniq	Sanatan & Vedic	English	Epic divine hip-hop, heavy cinematic bass, conch shell intro, Vedic choir textur; Chorus; Rap Flow – तेज़; Final Chorus	88	87	ffprobe-duration	false	_radio_index/suno_backup/lyrics/2026-03-12_8860015e_untitled.txt
d15ffb48-0e22-4344-96a5-13c18cb5a67f	catalog-track	खोल अकल के ढक्कन	sanaatana-vaigyaniq	Sanatan & Vedic	Sanskrit	Sanatan & Vedic; Chorus; Final Chorus	70	69	ffprobe-duration	false	_radio_index/suno_backup/lyrics/2026-03-12_d15ffb48_untitled.txt
08672d19-c215-4ff6-ac7c-8273ca45eab0	catalog-track	(untitled)	gurukul	Other / Misc	English	मुखड़ा हर अंतरे के बाद दोहराओ भीड़ से बुलवाओ: “दुनिया में ते खो देगा तन्ने…” न	55	55	ffprobe-duration	false	_radio_index/suno_backup/lyrics/2026-03-12_08672d19_untitled.txt
7aa13792-c537-4535-878c-bd7c7925e869	catalog-track	र भाई र..र..र	ameerpur	Haryanvi Folk	Haryanvi	Haryanvi Folk	55	55	ffprobe-duration	false	_radio_index/suno_backup/lyrics/2026-03-12_7aa13792_untitled.txt
94daf0e0-f8b0-4025-b269-39a4f5b63bdc	catalog-track	(untitled)	gurukul	Other / Misc	English	वाद्य: ढोलक – मुख्य ताल नगाड़ा – मुखड़े पर जोर सारंगी – भावपूर्ण हिस्से बीन	83	74	ffprobe-duration	false	_radio_index/suno_backup/lyrics/2026-03-12_94daf0e0_untitled.txt
ec1e421e-953b-4a94-b3d8-1844bc19fcb6	catalog-track	बहम लुगाई का	ameerpur	Haryanvi Folk	Haryanvi	Haryanvi Folk; (Verse 1 – Fast Ragni Flow); (Verse 2 – Trap Flow Folk Style); (Bridge – Sarangi Folk); (Final Hook – Stadium Folk)	74	73	ffprobe-duration	false	_radio_index/suno_backup/lyrics/2026-03-12_ec1e421e_untitled.txt
e521f486-dc2d-450c-ad6b-6dc60c076e3b	catalog-track	आज की बात सुनो रे भाई	sanaatana-vaigyaniq	Sanatan & Vedic	Sanskrit	Sanatan & Vedic	83	74	ffprobe-duration	false	_radio_index/suno_backup/lyrics/2026-03-12_e521f486_untitled.txt
a98dfdd6-8325-4c7e-85d1-a763d9a47e83	catalog-track	(untitled)	ameerpur	Haryanvi Folk	Haryanvi	Haryanvi ragni folk song with only मिनिमल traditional instruments. Use matka ,; (Verse 1 – Fast Ragni Flow); (Verse 2 – Trap Flow Folk Style); (Bridge – Sarangi Folk); (Final Hook – Stadium Folk)	74	73	ffprobe-duration	false	_radio_index/suno_backup/lyrics/2026-03-12_a98dfdd6_untitled.txt
e9ed9222-9fbc-46ee-8946-506aaa0fa006	catalog-track	(untitled)	kabir-clubbing	Rap & Fusion	English	Haryanvi ragni folk song with trap rap flow but only traditional instruments. Us; (Verse 1 – Fast Ragni Flow); (Verse 2 – Trap Flow Folk Style); (Bridge – Sarangi Folk); (Final Hook – Stadium Folk)	74	73	ffprobe-duration	false	_radio_index/suno_backup/lyrics/2026-03-12_e9ed9222_untitled.txt
9ed3d7a1-f789-4aed-8f87-c21c9ae61bf6	catalog-track	खोल अकल के ढक्कन	sanaatana-vaigyaniq	Sanatan & Vedic	Sanskrit	Sanatan & Vedic; Chorus; Final Chorus	70	67	ffprobe-duration	false	_radio_index/suno_backup/lyrics/2026-03-12_9ed3d7a1_untitled.txt
d10508db-bd53-40ce-a03c-92f1791b1278	catalog-track	(untitled)	sanaatana-vaigyaniq	Sanatan & Vedic	English	Epic divine hip-hop, heavy cinematic bass, conch shell intro, Vedic choir textur; Chorus; Final Chorus	70	67	ffprobe-duration	false	_radio_index/suno_backup/lyrics/2026-03-12_d10508db_untitled.txt
0b19285e-3b76-42bf-80ae-41d8fde84fea	catalog-track	(untitled)	kabir-clubbing	Rap & Fusion	English	Haryanvi ragni folk song with trap rap flow but only traditional instruments. Us; (Verse 1 – Fast Ragni Flow); (Verse 2 – Trap Flow Folk Style); (Bridge – Sarangi Folk); (Final Hook – Stadium Folk)	74	73	ffprobe-duration	false	_radio_index/suno_backup/lyrics/2026-03-12_0b19285e_untitled.txt
afb6c7b0-fbfc-4889-9c1c-361c8bba3ed4	catalog-track	(untitled)	gurukul	Other / Misc	English	हैवी base male। १ मिनट	7	6	ffprobe-duration	false	_radio_index/suno_backup/lyrics/2026-03-12_afb6c7b0_untitled.txt
348fc72d-5a8b-4126-9498-c2f6cafc4a0e	catalog-track	॥ हेमंत अंतर्मन संवाद: आधिकारिक टीज़र स्क्रिप्ट	gurukul	Other / Misc	Hindi	Other / Misc	7	6	ffprobe-duration	false	_radio_index/suno_backup/lyrics/2026-03-12_348fc72d_untitled.txt
22166f36-f1c8-4ca9-9452-f76ee29ff8c9	catalog-track	(untitled)	gurukul	Other / Misc	English	voice ओवर	7	6	ffprobe-duration	false	_radio_index/suno_backup/lyrics/2026-03-12_22166f36_untitled.txt
92631fc4-6b9e-4dd2-9cd4-83870b8d3d71	catalog-track	(untitled)	gurukul	Other / Misc	English	NULL	7	6	ffprobe-duration	false	_radio_index/suno_backup/lyrics/2026-03-12_92631fc4_untitled.txt
e2588540-4aee-4cff-a2d9-023f8e4c0e98	catalog-track	(untitled)	gurukul	Other / Misc	English	NULL	7	6	ffprobe-duration	false	_radio_index/suno_backup/lyrics/2026-03-12_e2588540_untitled.txt
bfac316f-83ab-44b3-8c61-080c6de6c036	catalog-track	॥ हेमंत अंतर्मन संवाद: आधिकारिक टीज़र स्क्रिप्ट	gurukul	Other / Misc	Hindi	Other / Misc	7	6	ffprobe-duration	false	_radio_index/suno_backup/lyrics/2026-03-12_bfac316f_untitled.txt
ba695ae4-1b95-4193-b8db-5a873b79c6c4	catalog-track	म्हारी माता के मस्तक पे	kabir-clubbing	Bhakti & Katha	Hindi	Bhakti & Katha; Hook – Massive Stadium Chorus; Finale – Grand Chorus	76	76	ffprobe-duration	false	_radio_index/suno_backup/lyrics/2026-03-12_ba695ae4_untitled.txt
2f477298-ce1a-472e-b84b-8930b9c66478	catalog-track	(untitled)	kabir-clubbing	Rap & Fusion	English	Epic Haryanvi stadium anthem, folk + rap fusion, powerful male chorus, nagada dr; Hook – Massive Stadium Chorus; Finale – Grand Chorus	76	76	ffprobe-duration	false	_radio_index/suno_backup/lyrics/2026-03-12_2f477298_untitled.txt
30bf75e7-10f6-4308-b4ee-87d52c599e1a	catalog-track	(untitled)	gurukul	Other / Misc	English	NULL	54	54	ffprobe-duration	false	_radio_index/suno_backup/lyrics/2026-03-12_30bf75e7_untitled.txt
b30f1dc1-1d59-41dd-af90-dedba164ed3f	catalog-track	【प्रस्तावना – ब्रह्मांड का मंच】	sanaatana-vaigyaniq	Sanatan & Vedic	Sanskrit	Sanatan & Vedic; Rap; 【Cosmic Chorus】	101	101	ffprobe-duration	false	_radio_index/suno_backup/lyrics/2026-03-12_b30f1dc1_untitled.txt
1f885a53-57ed-448b-b0b6-c3c53c8504d9	catalog-track	यु हर हर हर हर महादेव	ameerpur	Desh / Patriotic	Hindi	Desh / Patriotic	54	54	ffprobe-duration	false	_radio_index/suno_backup/lyrics/2026-03-12_1f885a53_untitled.txt
33ebe00e-d888-4500-be76-653588dca063	catalog-track	【प्रस्तावना – ब्रह्मांड का मंच】	sanaatana-vaigyaniq	Sanatan & Vedic	Sanskrit	Sanatan & Vedic; Rap; 【Cosmic Chorus】	113	113	ffprobe-duration	false	_radio_index/suno_backup/lyrics/2026-03-12_33ebe00e_untitled.txt
c76edf13-95b3-42c3-b51e-44b0d31a10dc	catalog-track	(untitled)	sanaatana-vaigyaniq	Sanatan & Vedic	English	Tempo: 95 BPM Cosmic Hip-Hop Instruments: temple bells mridangam ancient lyr; Rap; 【Cosmic Chorus】	101	101	ffprobe-duration	false	_radio_index/suno_backup/lyrics/2026-03-12_c76edf13_untitled.txt
2c90ee6b-74e3-4d2e-9843-9b5fb835b297	catalog-track	(untitled)	sanaatana-vaigyaniq	Sanatan & Vedic	English	100-voice Vedic choir Trap + orchestral beat Ancient instruments (lyre, mridan; Rap; 【Cosmic Chorus】	113	113	ffprobe-duration	false	_radio_index/suno_backup/lyrics/2026-03-12_2c90ee6b_untitled.txt
42598efd-76d4-4683-87c1-176aa832b4ba	catalog-track	(untitled)	sanaatana-vaigyaniq	Sanatan & Vedic	English	100-voice Vedic choir Trap + orchestral beat Ancient instruments (lyre, mridan; 【Cosmic Chorus】	125	125	ffprobe-duration	false	_radio_index/suno_backup/lyrics/2026-03-12_42598efd_untitled.txt
bb7e2b90-d7ca-49b6-9135-fe4251447df2	catalog-track	【प्रस्तावना – ब्रह्मांड का मंच】	sanaatana-vaigyaniq	Sanatan & Vedic	Sanskrit	Sanatan & Vedic; 【Cosmic Chorus】	125	125	ffprobe-duration	false	_radio_index/suno_backup/lyrics/2026-03-12_bb7e2b90_untitled.txt
e569c9e8-b660-4a47-83ea-2a36219c3cbd	catalog-track	[Intro – Cosmic Awakening】	sanaatana-vaigyaniq	Sanatan & Vedic	English	Sanatan & Vedic; Rap Entry; Rap; 【Hook – Cosmic Chorus】; 【Hook – Global Chorus】; 【Final Chorus – Universal Truth】	95	94	ffprobe-duration	false	_radio_index/suno_backup/lyrics/2026-03-12_e569c9e8_untitled.txt
915943e4-087a-4961-9b3c-e24b00c223b8	catalog-track	(untitled)	kabir-clubbing	Rap & Fusion	English	Tempo: 92–96 BPM Trap + Ethnic Drums Instruments: Rudra veena, damru, French ho; Rap Entry; Rap; 【Hook – Cosmic Chorus】; 【Hook – Global Chorus】; 【Final Chorus – Universal Truth】	95	94	ffprobe-duration	false	_radio_index/suno_backup/lyrics/2026-03-12_915943e4_untitled.txt
ab674c75-8585-4fd0-89ae-715906b3f772	catalog-track	Cosmic Awakening】	sanaatana-vaigyaniq	Sanatan & Vedic	English	Sanatan & Vedic; Rap Entry; Rap; 【Hook – Cosmic Chorus】; 【Hook – Global Chorus】; 【Final Chorus – Universal Truth】	96	95	ffprobe-duration	false	_radio_index/suno_backup/lyrics/2026-03-12_ab674c75_untitled.txt
a27569a5-0751-4d15-842c-63a1adffb59c	catalog-track	जाग ओ धरती के वंशज	sanaatana-vaigyaniq	Sanatan & Vedic	Sanskrit	Sanatan & Vedic; Chorus – Hindi Civilizational Call; Arabic Sufi Chorus; Grand Chorus – Multilingual Cosmic Unity	98	98	ffprobe-duration	false	_radio_index/suno_backup/lyrics/2026-03-12_a27569a5_untitled.txt
2b8896a5-71c2-4521-b7e8-8a07648444d3	catalog-track	(untitled)	kabir-clubbing	Rap & Fusion	English	Tempo: 92–96 BPM Trap + Ethnic Drums Instruments: Rudra veena, damru, French ho; Rap Entry; Rap; 【Hook – Cosmic Chorus】; 【Hook – Global Chorus】; 【Final Chorus – Universal Truth】	96	95	ffprobe-duration	false	_radio_index/suno_backup/lyrics/2026-03-12_2b8896a5_untitled.txt
01105ba5-4a3d-4314-8720-0437796ffc45	catalog-track	नम्मा	kabir-clubbing	Bhakti & Katha	Hindi	Bhakti & Katha; Climactic Chorus	92	92	ffprobe-duration	false	_radio_index/suno_backup/lyrics/2026-03-12_01105ba5_untitled.txt
1f500bc8-f5ba-4d2c-8156-b182c9b0b46b	catalog-track	(untitled)	gurukul	Other / Misc	English	Egyptian lullaby + cinematic awakening anthem + Sufi-orchestral folk Mood; Chorus – Hindi Civilizational Call; Arabic Sufi Chorus; Grand Chorus – Multilingual Cosmic Unity	98	98	ffprobe-duration	false	_radio_index/suno_backup/lyrics/2026-03-12_1f500bc8_untitled.txt
5b8abaaa-7c56-450e-acfc-00b012e50990	catalog-track	Frère Jacques	sanaatana-vaigyaniq	Sanatan & Vedic	English	Sanatan & Vedic; (Rigvedic Chorus — Divine Call); (French Folk Hook); (Final Stadium Chorus — Divine Awakening)	61	57	ffprobe-duration	false	_radio_index/suno_backup/lyrics/2026-03-12_5b8abaaa_untitled.txt
7960d8d5-9742-4fb2-9329-3efae9f39d73	catalog-track	(untitled)	gurukul	Other / Misc	English	Egyptian lullaby + cinematic awakening anthem + Sufi-orchestral folk Mood; Climactic Chorus	92	92	ffprobe-duration	false	_radio_index/suno_backup/lyrics/2026-03-12_7960d8d5_untitled.txt
a93223c5-90c5-469e-aa1d-602c99611cf7	catalog-track	Frère Jacques	sanaatana-vaigyaniq	Sanatan & Vedic	English	Sanatan & Vedic; (Rigvedic Chorus — Divine Call); (French Folk Hook); (Final Stadium Chorus — Divine Awakening)	66	62	ffprobe-duration	false	_radio_index/suno_backup/lyrics/2026-03-12_a93223c5_untitled.txt
92279913-e9a8-4341-a4cc-19bd11b142ec	catalog-track	(untitled)	gurukul	Other / Misc	English	French folk + Enlightenment anthem + divine call Instrumentation: French; (Rigvedic Chorus — Divine Call); (French Folk Hook); (Final Stadium Chorus — Divine Awakening)	61	57	ffprobe-duration	false	_radio_index/suno_backup/lyrics/2026-03-12_92279913_untitled.txt
5d4e5f42-752b-4d9c-b766-2969cd7ad903	catalog-track	(untitled)	gurukul	Other / Misc	English	French folk + Enlightenment anthem + divine call Instrumentation: French; (Rigvedic Chorus — Divine Call); (French Folk Hook); (Final Stadium Chorus — Divine Awakening)	66	62	ffprobe-duration	false	_radio_index/suno_backup/lyrics/2026-03-12_5d4e5f42_untitled.txt
f4ffd57d-7c3c-440f-814c-1f4307fefb61	catalog-track	(untitled)	sanaatana-vaigyaniq	Sanatan & Vedic	English	[Title] खोकन और पराई नाव — Cosmic Stadium Anthem [Style] Baul Folk + Trap Beat; Pre-Chorus – Rising Choir; Stadium Chorus – Massive Crowd; Rap Verse – Trap Section; Bridge – Baul Folk Break; Final Chorus – Full Stadium	78	74	ffprobe-duration	false	_radio_index/suno_backup/lyrics/2026-03-12_f4ffd57d_untitled.txt
7153c43c-d1d0-4621-8af5-edb81572ef1b	catalog-track	(untitled)	sanaatana-vaigyaniq	Sanatan & Vedic	English	[Title] खोकन और पराई नाव — Cosmic Stadium Anthem [Style] Baul Folk + Stadium An; Pre-Chorus – Rising Choir; Stadium Chorus – Massive Crowd; Rap Verse – Trap Section; Bridge – Baul Folk Break; Final Chorus – Full Stadium	78	74	ffprobe-duration	false	_radio_index/suno_backup/lyrics/2026-03-12_7153c43c_untitled.txt
298d61be-50b0-46d5-b063-082b1afd7c3a	catalog-track	(untitled)	sanaatana-vaigyaniq	Sanatan & Vedic	English	[Title] खोकन और पराई नाव — Cosmic Stadium Anthem [Style] Baul Folk + Trap Beat; Pre-Chorus – Rising Choir; Stadium Chorus – Massive Crowd; Rap Verse – Trap Section; Bridge – Baul Folk Break; Final Chorus – Full Stadium	78	74	ffprobe-duration	false	_radio_index/suno_backup/lyrics/2026-03-12_298d61be_untitled.txt
0dfca798-d9bf-41eb-ad1b-fea2ddd3e6fb	catalog-track	(untitled)	sanaatana-vaigyaniq	Sanatan & Vedic	English	[Title] खोकन और पराई नाव — Cosmic Stadium Anthem [Style] Baul Folk + Stadium An; Chorus – Bengali Folk Choir; Verse 1 – Cosmic Folk; Rap Verse – Cosmic Philosophy; Hook – Folk Chorus; Rap Verse – Universal Wisdom; Final Chorus – Grand Folk Choir	78	77	ffprobe-duration	false	_radio_index/suno_backup/lyrics/2026-03-12_0dfca798_untitled.txt
108c7fe6-6dd1-4e66-92d8-25403bb67a40	catalog-track	सात-ति चोरे दूँड़ बाये	sanaatana-vaigyaniq	Sanatan & Vedic	Sanskrit	Sanatan & Vedic; Pre-Chorus – Rising Choir; Stadium Chorus – Massive Crowd; Rap Verse – Trap Section; Bridge – Baul Folk Break; Final Chorus – Full Stadium	78	74	ffprobe-duration	false	_radio_index/suno_backup/lyrics/2026-03-12_108c7fe6_untitled.txt
222f41c8-19ab-42d9-b87c-ca9c4c818caa	catalog-track	खोकन खोकन कोरे माय	sanaatana-vaigyaniq	Sanatan & Vedic	Sanskrit	Sanatan & Vedic; Chorus – Bengali Folk Choir; Verse 1 – Cosmic Folk; Rap Verse – Cosmic Philosophy; Hook – Folk Chorus; Rap Verse – Universal Wisdom; Final Chorus – Grand Folk Choir	78	77	ffprobe-duration	false	_radio_index/suno_backup/lyrics/2026-03-12_222f41c8_untitled.txt
431ccd3f-faa0-48e0-9e03-34be24b470aa	catalog-track	खोकन खोकन कोरे माय	sanaatana-vaigyaniq	Sanatan & Vedic	Sanskrit	Sanatan & Vedic; Chorus – Bengali Folk Choir; Verse 1 – Cosmic Folk; Rap Verse – Cosmic Philosophy; Hook – Folk Chorus; Rap Verse – Universal Wisdom; Final Chorus – Grand Folk Choir	79	78	ffprobe-duration	false	_radio_index/suno_backup/lyrics/2026-03-12_431ccd3f_untitled.txt
94ff85f6-fcbf-4004-a7df-5a2b9b6d95eb	catalog-track	(untitled)	sanaatana-vaigyaniq	Sanatan & Vedic	English	[Title] खोकन और पराई नाव — Cosmic Rigveda Folk Rap [Style] Rigvedic Chant + Ben; Chorus – Bengali Folk Choir; Verse 1 – Cosmic Folk; Rap Verse – Cosmic Philosophy; Hook – Folk Chorus; Rap Verse – Universal Wisdom; Final Chorus – Grand Folk Choir	79	78	ffprobe-duration	false	_radio_index/suno_backup/lyrics/2026-03-12_94ff85f6_untitled.txt
711f7e2e-f0b6-4c14-8e99-e10c4e480b9e	catalog-track	दौड़ में सब जीत लिया	kabir-clubbing	Bhakti & Katha	Hindi	Bhakti & Katha; Intro – Chinese Folk Choir; Rap Verse; Qawwali Chorus; Rap Verse 2; Climax Qawwali	38	38	ffprobe-duration	false	_radio_index/suno_backup/lyrics/2026-03-12_711f7e2e_untitled.txt
a922b75d-8465-4cea-b908-b28e65969c56	catalog-track	(untitled)	kabir-clubbing	Rap & Fusion	English	Hard Philosophical Rap — “नियमों का हऊआ” दार्शनिक, व्यंग्यात्मक और तीखा clear m	69	69	ffprobe-duration	false	_radio_index/suno_backup/lyrics/2026-03-12_a922b75d_untitled.txt
0eb2d750-cbc8-4f32-a693-53d8d313e086	catalog-track	(untitled)	kabir-clubbing	Rap & Fusion	English	Chinese folk melody + Sufi Qawwali + philosophical hip-hop rap fusion. Male powe; Intro – Chinese Folk Choir; Rap Verse; Qawwali Chorus; Rap Verse 2; Climax Qawwali	38	38	ffprobe-duration	false	_radio_index/suno_backup/lyrics/2026-03-12_0eb2d750_untitled.txt
3c45f08c-6f36-47fd-a968-8b739875b98a	catalog-track	दौड़ में सब जीत लिया	ameerpur	Desh / Patriotic	Hindi	Desh / Patriotic; Intro – Chinese Folk Choir; Rap Verse; Qawwali Chorus; Rap Verse 2; Climax Qawwali	38	38	ffprobe-duration	false	_radio_index/suno_backup/lyrics/2026-03-12_3c45f08c_untitled.txt
a83302ba-61f6-48d3-98d6-d5f17a0e49b8	catalog-track	(untitled)	kabir-clubbing	Rap & Fusion	English	epic spiritual world fusion song, powerful male qawwali singer, cinematic produc; Intro – Chinese Folk Choir; Rap Verse; Qawwali Chorus; Rap Verse 2; Climax Qawwali	38	38	ffprobe-duration	false	_radio_index/suno_backup/lyrics/2026-03-12_a83302ba_untitled.txt
df23e9c7-8898-438c-92a6-49d15136beca	catalog-track	सत्य सनातन वैज्ञानिक का ज्ञान	sanaatana-vaigyaniq	Sanatan & Vedic	Sanskrit	Sanatan & Vedic	69	69	ffprobe-duration	false	_radio_index/suno_backup/lyrics/2026-03-12_df23e9c7_untitled.txt
44ef161a-fd07-43af-bc23-c78ad8ea773f	catalog-track	(untitled)	kabir-clubbing	Rap & Fusion	English	Hard Philosophical Rap — “नियमों का हऊआ” दार्शनिक, व्यंग्यात्मक और तीखा clear m	70	70	ffprobe-duration	false	_radio_index/suno_backup/lyrics/2026-03-12_44ef161a_untitled.txt
b3268cd7-82f5-4cbe-97e3-68d735616d14	catalog-track	सत्य सनातन वैज्ञानिक का ज्ञान	sanaatana-vaigyaniq	Sanatan & Vedic	Sanskrit	Sanatan & Vedic	70	70	ffprobe-duration	false	_radio_index/suno_backup/lyrics/2026-03-12_b3268cd7_untitled.txt
b7d087b3-1e0d-4990-b8aa-4710ea0af909	catalog-track	(untitled)	kabir-clubbing	Rap & Fusion	English	Hard Philosophical Rap — “नियमों का हऊआ” दार्शनिक, व्यंग्यात्मक और तीखा clear m	69	69	ffprobe-duration	false	_radio_index/suno_backup/lyrics/2026-03-12_b7d087b3_untitled.txt
31740e34-6f43-4223-91e9-739374878a3d	catalog-track	(untitled)	kabir-clubbing	Rap & Fusion	English	Hard Philosophical Rap — “नियमों का हऊआ” दार्शनिक, व्यंग्यात्मक और तीखा clear m	69	69	ffprobe-duration	false	_radio_index/suno_backup/lyrics/2026-03-12_31740e34_untitled.txt
297597bc-b729-4b1f-9b1b-9f422c20d617	catalog-track	(untitled)	kabir-clubbing	Rap & Fusion	English	Hard Philosophical Rap — “नियमों का हऊआ” दार्शनिक, व्यंग्यात्मक और तीखा clear m	61	61	ffprobe-duration	false	_radio_index/suno_backup/lyrics/2026-03-12_297597bc_untitled.txt
e11f34b8-6597-49cb-b8ab-c265596a828d	catalog-track	सत्य सनातन वैज्ञानिक का ज्ञान	sanaatana-vaigyaniq	Sanatan & Vedic	Sanskrit	Sanatan & Vedic	69	69	ffprobe-duration	false	_radio_index/suno_backup/lyrics/2026-03-12_e11f34b8_untitled.txt
dbe4cfd2-9ac6-4fc5-a67c-a5ac9669c690	catalog-track	(untitled)	kabir-clubbing	Rap & Fusion	English	Hard Philosophical Rap — “नियमों का हऊआ” दार्शनिक, व्यंग्यात्मक और तीखा clear m	68	68	ffprobe-duration	false	_radio_index/suno_backup/lyrics/2026-03-12_dbe4cfd2_untitled.txt
5da37790-97be-4139-ab9a-d1a6c5dd24c0	catalog-track	सत्य सनातन वैज्ञानिक का है ज्ञान	sanaatana-vaigyaniq	Sanatan & Vedic	Sanskrit	Sanatan & Vedic	69	69	ffprobe-duration	false	_radio_index/suno_backup/lyrics/2026-03-12_5da37790_untitled.txt
da37bf5f-f038-4cf4-a836-c5d2c6c74a9c	catalog-track	सत्य सनातन का है ज्ञान	sanaatana-vaigyaniq	Sanatan & Vedic	Sanskrit	Sanatan & Vedic	68	68	ffprobe-duration	false	_radio_index/suno_backup/lyrics/2026-03-12_da37bf5f_untitled.txt
471fdd7d-17b3-4d7b-a282-303be24251d5	catalog-track	सत्य सनातन का है ज्ञान	sanaatana-vaigyaniq	Sanatan & Vedic	Sanskrit	Sanatan & Vedic	61	61	ffprobe-duration	false	_radio_index/suno_backup/lyrics/2026-03-12_471fdd7d_untitled.txt
35380dae-bb24-481e-a416-af515d22edc3	catalog-track	(untitled)	kabir-clubbing	Rap & Fusion	English	Hard Philosophical Rap — “नियमों का हऊआ” दार्शनिक, व्यंग्यात्मक और तीखा clear m	57	57	ffprobe-duration	false	_radio_index/suno_backup/lyrics/2026-03-12_35380dae_untitled.txt
7140414f-9a6d-4f4c-a9e6-ebaf4c61009e	catalog-track	सत्य सनातन का है ज्ञान	sanaatana-vaigyaniq	Sanatan & Vedic	Sanskrit	Sanatan & Vedic	57	57	ffprobe-duration	false	_radio_index/suno_backup/lyrics/2026-03-12_7140414f_untitled.txt
668f75f1-428a-476d-9bed-614ad964053e	catalog-track	सत्य सनातन का है ज्ञान	sanaatana-vaigyaniq	Sanatan & Vedic	Sanskrit	Sanatan & Vedic	56	56	ffprobe-duration	false	_radio_index/suno_backup/lyrics/2026-03-12_668f75f1_untitled.txt
a6a27e86-3c84-453d-8d74-eeedd44ba048	catalog-track	(untitled)	kabir-clubbing	Rap & Fusion	English	Hard Philosophical Rap — “नियमों का हऊआ” दार्शनिक, व्यंग्यात्मक और तीखा clear m	56	56	ffprobe-duration	false	_radio_index/suno_backup/lyrics/2026-03-12_a6a27e86_untitled.txt
811a9828-7ae3-4fc9-ba2c-9d1c523520c5	catalog-track	सत्य सनातन का है ज्ञान	sanaatana-vaigyaniq	Sanatan & Vedic	Sanskrit	Sanatan & Vedic	71	71	ffprobe-duration	false	_radio_index/suno_backup/lyrics/2026-03-12_811a9828_untitled.txt
67c23492-7a85-457e-a73a-8686f0dd0aec	catalog-track	(untitled)	gurukul	Other / Misc	English	छोटे rhythmic lines बार-बार action hooks बच्चों का choir response clear moral	10	10	ffprobe-duration	false	_radio_index/suno_backup/lyrics/2026-03-12_67c23492_untitled.txt
89ba03d5-ee75-473b-b331-4013c130a44a	catalog-track	(untitled)	kabir-clubbing	Rap & Fusion	English	Hard Philosophical Rap — “नियमों का हऊआ” दार्शनिक, व्यंग्यात्मक और तीखा clear m	71	71	ffprobe-duration	false	_radio_index/suno_backup/lyrics/2026-03-12_89ba03d5_untitled.txt
4683717a-d5df-4665-836e-b5252b9bb43f	catalog-track	नियमों का हऊआ और सत्य की जड़ें	sanaatana-vaigyaniq	Sanatan & Vedic	Sanskrit	Sanatan & Vedic	10	10	ffprobe-duration	false	_radio_index/suno_backup/lyrics/2026-03-12_4683717a_untitled.txt
0137e680-bb96-4a04-9603-b48b321e35e1	catalog-track	मात-पिता का मान रखो	sanaatana-vaigyaniq	Sanatan & Vedic	Sanskrit	Sanatan & Vedic	52	52	ffprobe-duration	false	_radio_index/suno_backup/lyrics/2026-03-12_0137e680_untitled.txt
12c44280-e16c-405e-92e1-fb9989b71037	catalog-track	(untitled)	gurukul	Other / Misc	English	छोटे rhythmic lines बार-बार action hooks बच्चों का choir response clear moral	52	52	ffprobe-duration	false	_radio_index/suno_backup/lyrics/2026-03-12_12c44280_untitled.txt
90e901c9-4ec2-40b0-af7f-1e81570ae502	catalog-track	(untitled)	kabir-clubbing	Rap & Fusion	English	kids rap	52	52	ffprobe-duration	false	_radio_index/suno_backup/lyrics/2026-03-12_90e901c9_untitled.txt
a986c2c7-138a-4786-8d1f-79fa9f4a8d8d	catalog-track	सत्य सनातन का है ज्ञान	sanaatana-vaigyaniq	Sanatan & Vedic	Sanskrit	Sanatan & Vedic	16	16	ffprobe-duration	false	_radio_index/suno_backup/lyrics/2026-03-12_a986c2c7_untitled.txt
a9f1f04b-bcc9-49ba-b1b1-d71abc204a0c	catalog-track	(untitled)	kabir-clubbing	Rap & Fusion	English	kids rap	52	52	ffprobe-duration	false	_radio_index/suno_backup/lyrics/2026-03-12_a9f1f04b_untitled.txt
6566cc36-9229-4c37-9ea5-5692ffbf2526	catalog-track	(untitled)	kabir-clubbing	Rap & Fusion	English	kids rap	16	16	ffprobe-duration	false	_radio_index/suno_backup/lyrics/2026-03-12_6566cc36_untitled.txt
99753716-34be-4a43-80b6-7c8bf416bb3e	catalog-track	(untitled)	sanaatana-vaigyaniq	Sanatan & Vedic	English	Epic multilingual scientific rap mixing Latin chant, Siddham script mantra, Sans; (Folk Chorus — All Languages); (Final Chorus)	96	78	ffprobe-duration	false	_radio_index/suno_backup/lyrics/2026-03-12_99753716_untitled.txt
ad5b8312-e863-4629-adf2-a05966aee8a3	catalog-track	Force equals	sanaatana-vaigyaniq	Sanatan & Vedic	English	Sanatan & Vedic; (Folk Chorus — All Languages); (Final Chorus)	96	78	ffprobe-duration	false	_radio_index/suno_backup/lyrics/2026-03-12_ad5b8312_untitled.txt
643bbbac-2567-4efb-9f3a-50ac19ce3cd3	catalog-track	(untitled)	sanaatana-vaigyaniq	Sanatan & Vedic	English	Epic multilingual scientific rap mixing Latin chant, Siddham script mantra, Sans	70	65	ffprobe-duration	false	_radio_index/suno_backup/lyrics/2026-03-12_643bbbac_untitled.txt
79c218fd-2902-4029-acdf-6a572e2d09a0	catalog-track	ॐ नादब्रह्माय नमः	sanaatana-vaigyaniq	Sanatan & Vedic	Sanskrit	Sanatan & Vedic	70	65	ffprobe-duration	false	_radio_index/suno_backup/lyrics/2026-03-12_79c218fd_untitled.txt
5e5636bf-1737-4f24-b7f7-cef44e0f22fe	catalog-track	(untitled)	sanaatana-vaigyaniq	Sanatan & Vedic	English	Epic multilingual scientific rap mixing Latin chant, Siddham script mantra, Sans; Verse IV — Hindi Scientific Rap; Final Multilingual Chorus	86	84	ffprobe-duration	false	_radio_index/suno_backup/lyrics/2026-03-12_5e5636bf_untitled.txt
c25688a0-b774-48e2-8998-c9783f0d195f	catalog-track	Siddhaṃ + Sanskrit Chant	sanaatana-vaigyaniq	Sanatan & Vedic	English	Sanatan & Vedic; Verse IV — Hindi Scientific Rap; Final Multilingual Chorus	86	84	ffprobe-duration	false	_radio_index/suno_backup/lyrics/2026-03-12_c25688a0_untitled.txt
11b2b802-1595-456f-899e-cc1e79f05185	catalog-track	ॐ नादब्रह्माय नमः	sanaatana-vaigyaniq	Sanatan & Vedic	Sanskrit	Sanatan & Vedic; Verse 3 — हिन्दी (Scientific Rap); Final Chorus — Multilingual	79	77	ffprobe-duration	false	_radio_index/suno_backup/lyrics/2026-03-12_11b2b802_untitled.txt
f19142fa-b005-4281-857e-bae5435451ca	catalog-track	(untitled)	sanaatana-vaigyaniq	Sanatan & Vedic	English	Epic multilingual scientific rap mixing Latin chant, Sanskrit mantra, Hindi and; Verse 3 — हिन्दी (Scientific Rap); Final Chorus — Multilingual	79	77	ffprobe-duration	false	_radio_index/suno_backup/lyrics/2026-03-12_f19142fa_untitled.txt
7837396f-b847-4359-b544-5774ac2f5daa	catalog-track	Cosmic Chant	sanaatana-vaigyaniq	Sanatan & Vedic	English	Sanatan & Vedic	85	85	ffprobe-duration	false	_radio_index/suno_backup/lyrics/2026-03-12_7837396f_untitled.txt
e6510e78-0f69-43f6-9923-8163b91fc272	catalog-track	(untitled)	sanaatana-vaigyaniq	Sanatan & Vedic	English	Epic cosmic knowledge rap with Sanskrit mantra chanting, Siddham script visuals,	85	85	ffprobe-duration	false	_radio_index/suno_backup/lyrics/2026-03-12_e6510e78_untitled.txt
0e0098d4-f9c4-4d28-b3f0-20f38ba73e36	catalog-track	(untitled)	sanaatana-vaigyaniq	Sanatan & Vedic	English	Epic philosophical Indian rap with Sanskrit chanting intro, deep trap beat, dama; Bridge (Fast Rap)	42	42	ffprobe-duration	false	_radio_index/suno_backup/lyrics/2026-03-12_0e0098d4_untitled.txt
f5bedf87-fc25-478b-94ad-3e18b12e6ba2	catalog-track	आयी आयी आयी	sanaatana-vaigyaniq	Sanatan & Vedic	Sanskrit	Sanatan & Vedic; Bridge (Fast Rap)	42	42	ffprobe-duration	false	_radio_index/suno_backup/lyrics/2026-03-12_f5bedf87_untitled.txt
8637c70f-2e69-4d3c-8902-20a2dbdbf3a3	catalog-track	(untitled)	sanaatana-vaigyaniq	Sanatan & Vedic	English	Epic philosophical Indian rap with Sanskrit chanting intro, deep trap beat, dama	40	40	ffprobe-duration	false	_radio_index/suno_backup/lyrics/2026-03-12_8637c70f_untitled.txt
ffa5cf10-0865-4bac-9d60-f37822b2f922	catalog-track	Verse 1	kabir-clubbing	Bhakti & Katha	English	Bhakti & Katha	40	40	ffprobe-duration	false	_radio_index/suno_backup/lyrics/2026-03-12_ffa5cf10_untitled.txt
0d3d2d6f-939b-4d8a-bf49-2b1e080d944e	catalog-track	Replace 01:09-01:09 (06:30 AM Mar 12)	sanaatana-vaigyaniq	Sanatan & Vedic	English	Vedic chant + Sufi qawwali fusion Tempo: 90 BPM gradually rising to 105 B	49	49	ffprobe-duration	false	_radio_index/suno_backup/lyrics/2026-03-12_0d3d2d6f_Replace 01_09-01_09 (06_30 AM Mar 12).txt
cf70934b-58c5-4191-91e7-de0bd63362c4	catalog-track	उसका कौन कफ़न करो	sanaatana-vaigyaniq	Sanatan & Vedic	Sanskrit	Sanatan & Vedic	49	49	ffprobe-duration	false	_radio_index/suno_backup/lyrics/2026-03-12_cf70934b_Replace 01_09-01_09 (06_30 AM Mar 12).txt
b876868f-7ad9-437c-8a9a-985c1e15869d	catalog-track	ॐ नाद ब्रह्माय नमः	sanaatana-vaigyaniq	Sanatan & Vedic	Sanskrit	Divine Vedic hip-hop rap with Sanskrit chanting, deep 808 bass, damaru percussio	115	115	ffprobe-duration	false	_radio_index/suno_backup/lyrics/2026-03-11_b876868f_ॐ नाद ब्रह्माय नमः.txt
b4587005-bec9-4fd3-be9a-f8a9704d9c09	catalog-track	ॐ नाद ब्रह्माय नमः	sanaatana-vaigyaniq	Sanatan & Vedic	Sanskrit	Divine Vedic hip-hop rap with Sanskrit chanting, deep 808 bass, damaru percussio; Intro (Slow Chant); Bridge (Fast Rap)	74	72	ffprobe-duration	false	_radio_index/suno_backup/lyrics/2026-03-11_b4587005_ॐ नाद ब्रह्माय नमः.txt
32f65fcc-9867-4491-9f3f-f79076b657df	catalog-track	आयी आयी आयी	sanaatana-vaigyaniq	Sanatan & Vedic	Sanskrit	Sanatan & Vedic	115	115	ffprobe-duration	false	_radio_index/suno_backup/lyrics/2026-03-11_32f65fcc_ॐ नाद ब्रह्माय नमः.txt
d9cce68e-a94b-4ad4-baaa-f327f7b3b857	catalog-track	“न मा	sanaatana-vaigyaniq	Sanatan & Vedic	Sanskrit	Sanatan & Vedic	28	26	ffprobe-duration	false	_radio_index/suno_backup/lyrics/2026-03-11_d9cce68e_ॐ नाद ब्रह्माय नमः.txt
a4e0a7f3-9d30-4d38-917f-7152d7ab7cbb	catalog-track	ॐ नाद ब्रह्माय नमः	sanaatana-vaigyaniq	Sanatan & Vedic	Sanskrit	Divine Vedic hip-hop rap with Sanskrit chanting, deep 808 bass, damaru percussio	28	26	ffprobe-duration	false	_radio_index/suno_backup/lyrics/2026-03-11_a4e0a7f3_ॐ नाद ब्रह्माय नमः.txt
1daf1c07-046b-424d-8daa-53684e2182dd	catalog-track	शब्दों का खेल है	sanaatana-vaigyaniq	Sanatan & Vedic	Sanskrit	Sanatan & Vedic; Intro (Slow Chant); Bridge (Fast Rap)	74	72	ffprobe-duration	false	_radio_index/suno_backup/lyrics/2026-03-11_1daf1c07_ॐ नाद ब्रह्माय नमः.txt
506a890d-db34-4aca-a456-9943e1467713	catalog-track	संस्कृत देव	sanaatana-vaigyaniq	Sanatan & Vedic	Sanskrit	Sanatan & Vedic	36	34	ffprobe-duration	false	_radio_index/suno_backup/lyrics/2026-03-11_506a890d_ॐ नाद ब्रह्माय नमः.txt
5f3c39b1-4e21-4da6-8fec-d0305d37cfd8	catalog-track	ॐ नाद ब्रह्माय नमः	sanaatana-vaigyaniq	Sanatan & Vedic	Sanskrit	Divine Vedic hip-hop rap with Sanskrit chanting, deep 808 bass, damaru percussio	36	34	ffprobe-duration	false	_radio_index/suno_backup/lyrics/2026-03-11_5f3c39b1_ॐ नाद ब्रह्माय नमः.txt
3dea2c46-9d5a-402e-9058-77e26312bb54	catalog-track	(untitled)	sanaatana-vaigyaniq	Sanatan & Vedic	English	Divine Vedic hip-hop rap with Sanskrit chanting, deep 808 bass, damaru percussio; Intro (Slow Chant); Bridge (Fast Rap); 🔥 Rap continuation	76	76	ffprobe-duration	false	_radio_index/suno_backup/lyrics/2026-03-11_3dea2c46_untitled.txt
bc3038d3-816b-4879-aa78-6815db0853df	catalog-track	शब्दों का खेल है	sanaatana-vaigyaniq	Sanatan & Vedic	Sanskrit	Sanatan & Vedic; Intro (Slow Chant); Bridge (Fast Rap); 🔥 Rap continuation	76	76	ffprobe-duration	false	_radio_index/suno_backup/lyrics/2026-03-11_bc3038d3_untitled.txt
3741f8d9-ee63-459b-8ebe-01454f706d38	catalog-track	(untitled)	sanaatana-vaigyaniq	Sanatan & Vedic	English	Sanatan & Vedic	0	0	NULL	false	_radio_index/suno_backup/lyrics/3741f8d9-ee63-459b-8ebe-01454f706d38.txt
5d0161fa-6647-4a40-be7e-121a88d2b2a3	catalog-track	शब्दों का खेल है	sanaatana-vaigyaniq	Sanatan & Vedic	Sanskrit	Sanatan & Vedic; Intro (Slow Chant); Bridge (Fast Rap)	51	51	ffprobe-duration	false	_radio_index/suno_backup/lyrics/2026-03-11_5d0161fa_untitled.txt
fabdd7cf-3445-4b3f-8bd3-d5df256ebc2b	catalog-track	आयी आयी आयी	sanaatana-vaigyaniq	Sanatan & Vedic	Sanskrit	Sanatan & Vedic; Intro (Slow Chant); Bridge (Fast Rap)	51	51	ffprobe-duration	false	_radio_index/suno_backup/lyrics/2026-03-11_fabdd7cf_untitled.txt
25982a1c-a0b7-4bdc-9d4c-c685bb4d58d2	catalog-track	(untitled)	sanaatana-vaigyaniq	Sanatan & Vedic	English	Vedic chant + Sufi qawwali fusion Tempo: 90 BPM gradually rising to 105 B; 🎶 मंत्र-कोरस (Vedic + Qawwali)	60	60	ffprobe-duration	false	_radio_index/suno_backup/lyrics/2026-03-11_25982a1c_untitled.txt
474b5afb-1073-42d4-a1b5-16fbfdce636d	catalog-track	(untitled)	gurukul	Other / Misc	English	Intro (Slow Chant); Bridge (Fast Rap)	51	51	ffprobe-duration	false	_radio_index/suno_backup/lyrics/2026-03-11_474b5afb_untitled.txt
b7c30d72-6ce4-4dcf-a098-a08b77b3c805	catalog-track	(untitled)	sanaatana-vaigyaniq	Sanatan & Vedic	English	Sanatan & Vedic	0	0	NULL	false	_radio_index/suno_backup/lyrics/b7c30d72-6ce4-4dcf-a098-a08b77b3c805.txt
17d23524-7ba8-4e59-a60c-3536c34d0a1b	catalog-track	भर्गो देवस्य धीमहि	sanaatana-vaigyaniq	Sanatan & Vedic	Sanskrit	Sanatan & Vedic; 🎶 मंत्र-कोरस (Vedic + Qawwali)	60	60	ffprobe-duration	false	_radio_index/suno_backup/lyrics/2026-03-11_17d23524_untitled.txt
a4e69def-6d0d-4f12-8718-029de266a4a2	catalog-track	भर्गो देवस्य धीमहि	sanaatana-vaigyaniq	Sanatan & Vedic	Sanskrit	Sanatan & Vedic	73	73	ffprobe-duration	false	_radio_index/suno_backup/lyrics/2026-03-11_a4e69def_untitled.txt
b3551c59-d528-429c-a6a6-0768b5981845	catalog-track	उत्कर्ष का आभास है	kabir-clubbing	Bhakti & Katha	Hindi	Bhakti & Katha	28	28	ffprobe-duration	false	_radio_index/suno_backup/lyrics/2026-03-11_b3551c59_muniya.txt
319ac1b1-c380-4dbf-a2d5-8b7855354317	catalog-track	ईश्वर अल्ला दो थे भाई	sanaatana-vaigyaniq	Sanatan & Vedic	Sanskrit	Sanatan & Vedic; Hook (Chorus)	44	44	ffprobe-duration	false	_radio_index/suno_backup/lyrics/2026-03-11_319ac1b1_muniya.txt
a25c876c-0e32-4071-a0f7-7e5cc6bfae69	catalog-track	muniya	gurukul	Other / Misc	English	Indian philosophical hip-hop with spiritual undertones. Deep reflective male voi	28	28	ffprobe-duration	false	_radio_index/suno_backup/lyrics/2026-03-11_a25c876c_muniya.txt
764eab1d-f307-4665-bfc4-feb4bbb042a4	catalog-track	muniya	kabir-clubbing	Rap & Fusion	English	Aggressive Indian hard rap, underground hip hop, dark spiritual theme, heavy 808; Fast Rage Verse	51	48	ffprobe-duration	false	_radio_index/suno_backup/lyrics/2026-03-11_764eab1d_muniya.txt
ced1ef9f-bfc6-4a3a-9818-6308807aef1e	catalog-track	muniya	kabir-clubbing	Rap & Fusion	English	Aggressive Indian philosophical hip-hop rap. Deep male voice with powerful deliv; Hook (Chorus)	44	44	ffprobe-duration	false	_radio_index/suno_backup/lyrics/2026-03-11_ced1ef9f_muniya.txt
77d02fc3-250d-47bd-bcf8-80f45421948d	catalog-track	ॐ अग्ने सत्यदीपाय नमः	sanaatana-vaigyaniq	Sanatan & Vedic	Sanskrit	Sanatan & Vedic; Fast Rage Verse	51	48	ffprobe-duration	false	_radio_index/suno_backup/lyrics/2026-03-11_77d02fc3_muniya.txt
73ebc666-cec7-4c6b-a855-1de4b0db7dc4	catalog-track	Mantra Invocation	sanaatana-vaigyaniq	Sanatan & Vedic	English	Sanatan & Vedic; Fast Rage Verse	57	54	ffprobe-duration	false	_radio_index/suno_backup/lyrics/2026-03-11_73ebc666_muniya.txt
920388e7-ef57-4d79-98b1-2a977977bb39	catalog-track	ये दुनिया झूठ का मेला है	kabir-clubbing	Rap & Fusion	Hindi	Rap & Fusion	58	58	ffprobe-duration	false	_radio_index/suno_backup/lyrics/2026-03-11_920388e7_muniya.txt
b54e87b1-dff9-41bf-969d-e0a19cce756c	catalog-track	muniya	kabir-clubbing	Rap & Fusion	English	Aggressive Indian hard rap, underground hip hop, dark spiritual theme, heavy 808; Fast Rage Verse	57	54	ffprobe-duration	false	_radio_index/suno_backup/lyrics/2026-03-11_b54e87b1_muniya.txt
c566f06c-9015-4d31-9d83-5f54111a1d61	catalog-track	muniya	kabir-clubbing	Rap & Fusion	English	Aggressive Indian hard rap, underground hip hop, dark spiritual theme, heavy 808; Hook (Chorus)	48	48	ffprobe-duration	false	_radio_index/suno_backup/lyrics/2026-03-11_c566f06c_muniya.txt
ee7a49e1-a296-4e95-acfb-ff3390b8c92f	catalog-track	muniya	kabir-clubbing	Rap & Fusion	English	Aggressive Indian hard rap, underground hip hop, dark spiritual theme, heavy 808; Hook (Chorus)	48	48	ffprobe-duration	false	_radio_index/suno_backup/lyrics/2026-03-11_ee7a49e1_muniya.txt
a5ddb660-04fc-46c2-b2b3-145c9da1449e	catalog-track	muniya	kabir-clubbing	Rap & Fusion	English	Aggressive Indian hard rap, underground hip hop, dark spiritual theme, heavy 808	58	58	ffprobe-duration	false	_radio_index/suno_backup/lyrics/2026-03-11_a5ddb660_muniya.txt
fc2e9468-9cb2-4110-8a81-60b45d7424ab	catalog-track	माया का ये जाल है	sanaatana-vaigyaniq	Sanatan & Vedic	Sanskrit	Sanatan & Vedic; Hook (Chorus)	48	48	ffprobe-duration	false	_radio_index/suno_backup/lyrics/2026-03-11_fc2e9468_red compare.txt
4bf11224-86d3-49f9-8ddd-60e3375da890	catalog-track	red compare	kabir-clubbing	Rap & Fusion	English	Hard philosophical divine hip-hop, Indian spiritual rap, deep male voice, mystic; Hook (Chorus)	48	48	ffprobe-duration	false	_radio_index/suno_backup/lyrics/2026-03-11_4bf11224_red compare.txt
79b04114-d41e-4c68-9933-4e9a7845ff81	catalog-track	red compare	sanaatana-vaigyaniq	Sanatan & Vedic	English	Vedic mantra rap, deep Indian spiritual hip-hop, male powerful voice with Sanskr; 🎤 Verse 1 (Vedic Rap); 🎤 Verse 2 (Philosophical Rap); 🎤 Final Verse (Awakening Rap)	56	55	ffprobe-duration	false	_radio_index/suno_backup/lyrics/2026-03-11_79b04114_red compare.txt
9e52df79-607c-4e64-9b32-89b97c3e8dc9	catalog-track	तमसो मा ज्योतिर्गमय	sanaatana-vaigyaniq	Sanatan & Vedic	Sanskrit	Sanatan & Vedic; 🎤 Verse 1 (Vedic Rap); 🎤 Verse 2 (Philosophical Rap); 🎤 Final Verse (Awakening Rap)	56	55	ffprobe-duration	false	_radio_index/suno_backup/lyrics/2026-03-11_9e52df79_red compare.txt
767143b0-de77-4777-a7b7-1eee32a17256	catalog-track	red compare	sanaatana-vaigyaniq	Sanatan & Vedic	English	Vedic mantra rap, deep Indian spiritual hip-hop, male powerful voice with Sanskr; 🎤 Verse 1 (Vedic Rap); 🎤 Verse 2 (Philosophical Rap); 🎤 Final Verse (Awakening Rap)	56	55	ffprobe-duration	false	_radio_index/suno_backup/lyrics/2026-03-11_767143b0_red compare.txt
6adf98e7-94d8-4005-a05b-25fbfda301f0	catalog-track	तमसो मा ज्योतिर्गमय	sanaatana-vaigyaniq	Sanatan & Vedic	Sanskrit	Sanatan & Vedic; 🎤 Verse 1 (Vedic Rap); 🎤 Verse 2 (Philosophical Rap); 🎤 Final Verse (Awakening Rap)	56	55	ffprobe-duration	false	_radio_index/suno_backup/lyrics/2026-03-11_6adf98e7_red compare.txt
f300c6d7-1406-4536-a0f3-80e6ae23cc66	catalog-track	red compare	kabir-clubbing	Rap & Fusion	English	hyper rap	58	52	ffprobe-duration	false	_radio_index/suno_backup/lyrics/2026-03-11_f300c6d7_red compare.txt
2819887e-1ed1-4383-aad3-921d07bae811	catalog-track	जब तक “दो” था ही नहीं	kabir-clubbing	Rap & Fusion	Hindi	Rap & Fusion	48	48	ffprobe-duration	false	_radio_index/suno_backup/lyrics/2026-03-11_2819887e_red compare.txt
9145668e-e9bf-4d35-967b-50a953dcf0f9	catalog-track	red compare	kabir-clubbing	Rap & Fusion	English	Hard divine hip-hop, philosophical rap, deep Indian spiritual vibe, male powerfu	48	48	ffprobe-duration	false	_radio_index/suno_backup/lyrics/2026-03-11_9145668e_red compare.txt
5b4e7c91-3ba1-403e-8ee8-215dc22f61b3	catalog-track	red compare	kabir-clubbing	Rap & Fusion	English	hyper rap	58	52	ffprobe-duration	false	_radio_index/suno_backup/lyrics/2026-03-11_5b4e7c91_red compare.txt
dd614877-e23b-45fa-b39a-80fa94764196	catalog-track	red compare	kabir-clubbing	Rap & Fusion	English	Hard Divine Hip-Hop with Sufi spiritual undertone. Hindi rap, deep powerful male	58	52	ffprobe-duration	false	_radio_index/suno_backup/lyrics/2026-03-11_dd614877_red compare.txt
ab8341bb-bf13-42ed-96a7-260d7b78c176	catalog-track	जागो रे जागो	ameerpur	Desh / Patriotic	Hindi	Desh / Patriotic	58	52	ffprobe-duration	false	_radio_index/suno_backup/lyrics/2026-03-11_ab8341bb_red compare.txt
ca2f7d24-dce8-4f7e-8f4d-63b8c399382c	catalog-track	red compare	kabir-clubbing	Rap & Fusion	English	Revolutionary Hindi rap mixed with Sufi folk. Male deep voice, intense delivery.	32	32	ffprobe-duration	false	_radio_index/suno_backup/lyrics/2026-03-11_ca2f7d24_red compare.txt
dfb1bf8b-6966-41d8-b245-3da8220288a9	catalog-track	जरा तुम जाग कर देखो	ameerpur	Desh / Patriotic	Hindi	Desh / Patriotic	32	32	ffprobe-duration	false	_radio_index/suno_backup/lyrics/2026-03-11_dfb1bf8b_red compare.txt
017eae0e-3187-4026-8476-c835ec9d9c4c	catalog-track	red compare	kabir-clubbing	Rap & Fusion	English	Fast rap version (200 BPM) 🔥 Divine battle rap of gods and human	56	56	ffprobe-duration	false	_radio_index/suno_backup/lyrics/2026-03-11_017eae0e_red compare.txt
80c5903a-5fb9-4a5c-b183-abf496ee486c	catalog-track	red compare	kabir-clubbing	Rap & Fusion	English	Fast rap version (200 BPM) 🔥 Divine battle rap of gods and human	56	56	ffprobe-duration	false	_radio_index/suno_backup/lyrics/2026-03-11_80c5903a_red compare.txt
c1566bd7-d739-4e75-a23f-eb87d2905be2	catalog-track	कोई बताओ इन रेखाओं को	kabir-clubbing	Rap & Fusion	Hindi	Rap & Fusion	56	56	ffprobe-duration	false	_radio_index/suno_backup/lyrics/2026-03-11_c1566bd7_red compare.txt
20ac85f2-c56a-4083-8706-6f1531493cea	catalog-track	red compare	kabir-clubbing	Rap & Fusion	English	hard philosophical rap indian spiritual hiphop deep male voice aggressive delive	56	56	ffprobe-duration	false	_radio_index/suno_backup/lyrics/2026-03-11_20ac85f2_red compare.txt
854208c5-1a84-4ed7-b85c-5ecc3dda4952	catalog-track	red compare	ameerpur	Haryanvi Folk	Haryanvi	haryanvi ragni super funk	51	51	ffprobe-duration	false	_radio_index/suno_backup/lyrics/2026-03-11_854208c5_red compare.txt
12e2bb46-4dc7-475b-8a89-61146e585918	catalog-track	red compare	ameerpur	Haryanvi Folk	Haryanvi	haryanvi ragni super funk	51	51	ffprobe-duration	false	_radio_index/suno_backup/lyrics/2026-03-11_12e2bb46_red compare.txt
5d48bd7a-3499-431d-b9e1-a84103c69938	catalog-track	red compare	kabir-clubbing	Rap & Fusion	English	haryanvi ragni fusion male	51	51	ffprobe-duration	false	_radio_index/suno_backup/lyrics/2026-03-11_5d48bd7a_red compare.txt
7b1e3079-09a2-4953-ba2a-ac65c94940f1	catalog-track	रंग लाल लाल लआगे मिठिये	ameerpur	Haryanvi Folk	Haryanvi	Haryanvi Folk	51	51	ffprobe-duration	false	_radio_index/suno_backup/lyrics/2026-03-11_7b1e3079_red compare.txt
1a47a65a-030c-4a27-ba73-ee86926a4f85	catalog-track	First Comes the Word	gurukul	Other / Misc	English	NULL	51	51	ffprobe-duration	false	_radio_index/suno_backup/lyrics/2026-03-11_1a47a65a_First Comes the Word.txt
dc93e92b-de6b-4f68-be8d-4264d2eaf273	catalog-track	First Comes the Word	gurukul	Other / Misc	English	NULL	51	51	ffprobe-duration	false	_radio_index/suno_backup/lyrics/2026-03-11_dc93e92b_First Comes the Word.txt
5ad16b1e-5925-434b-a035-a9c2a7e1579b	catalog-track	First Comes the Word	gurukul	Other / Misc	English	मुखड़ा (Epic Chorus); अंतिम मुखड़ा (Grand Chorus)	68	68	ffprobe-duration	false	_radio_index/suno_backup/lyrics/2026-03-11_5ad16b1e_First Comes the Word.txt
1f40b6c8-ca9d-4b88-8840-de4658f294ac	catalog-track	First Comes the Word	gurukul	Other / Misc	English	मुखड़ा (Epic Chorus); अंतिम मुखड़ा (Grand Chorus)	68	68	ffprobe-duration	false	_radio_index/suno_backup/lyrics/2026-03-11_1f40b6c8_First Comes the Word.txt
092a0654-5362-4efb-8bf3-46414fad9d47	catalog-track	रुद्रस्थली पुकारे	ameerpur	Love & Virah	Hindi	Love & Virah; मुखड़ा (Epic Chorus); अंतिम मुखड़ा (Grand Chorus)	68	68	ffprobe-duration	false	_radio_index/suno_backup/lyrics/2026-03-11_092a0654_First Comes the Word.txt
44e6cfbe-a991-425e-9a7a-3cfdb7ebe013	catalog-track	First Comes the Word	gurukul	Other / Misc	English	Epic Indian cinematic anthem, Baahubali style chorus, deep war drums, powerful m; मुखड़ा (Epic Chorus); अंतिम मुखड़ा (Grand Chorus)	68	68	ffprobe-duration	false	_radio_index/suno_backup/lyrics/2026-03-11_44e6cfbe_First Comes the Word.txt
596518d8-aaa8-4de7-b73b-3b3c96b44600	catalog-track	रुद्रस्थली पुकारे	ameerpur	Love & Virah	Hindi	Love & Virah; मुखड़ा (Epic Chorus); अंतिम मुखड़ा (Grand Chorus)	74	74	ffprobe-duration	false	_radio_index/suno_backup/lyrics/2026-03-11_596518d8_First Comes the Word.txt
b13478af-dabb-41ff-be99-296ed703b6f7	catalog-track	First Comes the Word	gurukul	Other / Misc	English	Epic Indian cinematic anthem, Baahubali style chorus, deep war drums, powerful m; मुखड़ा (Epic Chorus); अंतिम मुखड़ा (Grand Chorus)	74	74	ffprobe-duration	false	_radio_index/suno_backup/lyrics/2026-03-11_b13478af_First Comes the Word.txt
0ef3d205-739a-4b55-991e-f733b6ea9a29	catalog-track	नासदासीन्नो सदासीत्तदानीं नासीद्रजो नो व्योमापरो	sanaatana-vaigyaniq	Sanatan & Vedic	Sanskrit	Sanatan & Vedic	12	12	ffprobe-duration	false	_radio_index/suno_backup/lyrics/2026-03-11_0ef3d205_First Comes the Word.txt
f15c8e9b-271a-4e48-8fd3-77cedf717209	catalog-track	First Comes the Word	sanaatana-vaigyaniq	Sanatan & Vedic	English	Title: The Birth of Speech Genre: Vedic cinematic epic, spiritual world music	12	12	ffprobe-duration	false	_radio_index/suno_backup/lyrics/2026-03-11_f15c8e9b_First Comes the Word.txt
3aee5620-6355-4e7c-8dab-c1e12f9a32dc	catalog-track	सन्दर्भ की परिभाषा	sanaatana-vaigyaniq	Classical & Raag	Hindi	Genre: Mystical Sanskrit Philosophy Song Style: Indian classical + cinematic am	77	77	ffprobe-duration	false	_radio_index/suno_backup/lyrics/2026-03-10_3aee5620_सन्दर्भ की परिभाषा.txt
933572dc-5bc2-4924-9f94-ea6aa0e873c8	catalog-track	🌌 १. सृष्टि से पहले	sanaatana-vaigyaniq	Sanatan & Vedic	Sanskrit	Sanatan & Vedic	77	77	ffprobe-duration	false	_radio_index/suno_backup/lyrics/2026-03-10_933572dc_सन्दर्भ की परिभाषा.txt
496810df-e327-42bc-bf1e-1ae6d9f62ca4	catalog-track	सन्दर्भ की परिभाषा	sanaatana-vaigyaniq	Classical & Raag	Hindi	Genre: Mystical Sanskrit Philosophy Song Style: Indian classical + cinematic am	101	101	ffprobe-duration	false	_radio_index/suno_backup/lyrics/2026-03-10_496810df_सन्दर्भ की परिभाषा.txt
63dee4cd-523c-47e2-a9bd-925baf55aa2d	catalog-track	संस्कृत	sanaatana-vaigyaniq	Sanatan & Vedic	Sanskrit	Sanatan & Vedic	101	101	ffprobe-duration	false	_radio_index/suno_backup/lyrics/2026-03-10_63dee4cd_सन्दर्भ की परिभाषा.txt
10e904b9-006d-4a2f-989d-9d613a84c9d1	catalog-track	सन्दर्भ की परिभाषा	sanaatana-vaigyaniq	Sanatan & Vedic	Sanskrit	Sanatan & Vedic	1	1	ffprobe-duration	false	_radio_index/suno_backup/lyrics/2026-03-10_10e904b9_सन्दर्भ की परिभाषा.txt
423f80fa-88d7-4cf4-b06d-c284d9d11d66	catalog-track	सन्दर्भ की परिभाषा	sanaatana-vaigyaniq	Classical & Raag	Hindi	Genre: Mystical Sanskrit Philosophy Song Style: Indian classical + cinematic am	1	1	ffprobe-duration	false	_radio_index/suno_backup/lyrics/2026-03-10_423f80fa_सन्दर्भ की परिभाषा.txt
9f8f747d-bca4-4422-aeef-8efd76fc5e11	catalog-track	सन्दर्भ की परिभाषा	gurukul	Other / Misc	Hindi	Chorus	18	18	ffprobe-duration	false	_radio_index/suno_backup/lyrics/2026-03-10_9f8f747d_सन्दर्भ की परिभाषा.txt
81730957-69cc-4143-a4a1-ff4f37c7ec2b	catalog-track	सन्दर्भ की परिभाषा	gurukul	Other / Misc	Hindi	Chorus	18	18	ffprobe-duration	false	_radio_index/suno_backup/lyrics/2026-03-10_81730957_सन्दर्भ की परिभाषा.txt
8850934b-cdb1-4254-bedf-83595eb359bb	catalog-track	तुम अनंत सनातन हो	sanaatana-vaigyaniq	Sanatan & Vedic	Sanskrit	Sanatan & Vedic	48	48	ffprobe-duration	false	_radio_index/suno_backup/lyrics/2026-03-10_8850934b_ram ki gilahari.txt
48b87be5-26d7-45e7-8598-8bcfc1de303a	catalog-track	ram ki gilahari	sanaatana-vaigyaniq	Sanatan & Vedic	English	Epic stadium anthem devotional song, male chorus with crowd chants, powerful dru	48	48	ffprobe-duration	false	_radio_index/suno_backup/lyrics/2026-03-10_48b87be5_ram ki gilahari.txt
b72a5071-8cf9-4efd-9204-269cc25de272	catalog-track	ram ki gilahari	sanaatana-vaigyaniq	Sanatan & Vedic	English	Epic stadium anthem devotional song, male chorus with crowd chants, powerful dru; Intro (Ambient Bhajan); Hook (Bhajan Chorus); Stadium Anthem Chorus; Cinematic Bridge; Final Grand Chorus	76	74	ffprobe-duration	false	_radio_index/suno_backup/lyrics/2026-03-10_b72a5071_ram ki gilahari.txt
a25843ec-cf77-404a-ba33-1c77bf208a5f	catalog-track	जय सिया राम	kabir-clubbing	Bhakti & Katha	Hindi	Bhakti & Katha; Intro (Ambient Bhajan); Hook (Bhajan Chorus); Stadium Anthem Chorus; Cinematic Bridge; Final Grand Chorus	76	74	ffprobe-duration	false	_radio_index/suno_backup/lyrics/2026-03-10_a25843ec_ram ki gilahari.txt
ca288e06-1055-405b-b5d6-0658613608d7	catalog-track	ram ki gilahari	kabir-clubbing	Rap & Fusion	English	Indian EDM bhajan fusion. Tempo: 110 BPM. Style: devotional electronic + festiva; Intro (Ambient Bhajan); Hook (Bhajan Chorus); Stadium Anthem Chorus; Cinematic Bridge; Final Grand Chorus	76	74	ffprobe-duration	false	_radio_index/suno_backup/lyrics/2026-03-10_ca288e06_ram ki gilahari.txt
f281e5bc-94e4-4a34-a3f4-601fcbfb4f1b	catalog-track	ram ki gilahari	kabir-clubbing	Rap & Fusion	English	Indian EDM bhajan fusion. Tempo: 110 BPM. Style: devotional electronic + festiva; Intro (Ambient Bhajan); Hook (Bhajan Chorus); Stadium Anthem Chorus; Cinematic Bridge; Final Grand Chorus	76	74	ffprobe-duration	false	_radio_index/suno_backup/lyrics/2026-03-10_f281e5bc_ram ki gilahari.txt
ff609686-fea5-492d-a625-50aca90796bf	catalog-track	पपिया	ameerpur	Love & Virah	Hindi	Indian devotional folk song, female chorus with male lead, emotional and uplifti	11	11	ffprobe-duration	false	_radio_index/suno_backup/lyrics/2026-03-10_ff609686_पपिया.txt
1a0e5d48-e452-49c3-aa99-901dbf9b1e23	catalog-track	राम की गिलहरी का एक ही काम	kabir-clubbing	Bhakti & Katha	Hindi	Bhakti & Katha	11	11	ffprobe-duration	false	_radio_index/suno_backup/lyrics/2026-03-10_1a0e5d48_पपिया.txt
e60a91fa-776c-4076-8d17-2b16fc0b4a46	catalog-track	जय सिया राम	kabir-clubbing	Bhakti & Katha	Hindi	Bhakti & Katha; Intro (Ambient Bhajan); Chorus (Festival Energy)	38	37	ffprobe-duration	false	_radio_index/suno_backup/lyrics/2026-03-10_e60a91fa_पपिया.txt
d8019a5d-29e1-445e-a172-633778687c7d	catalog-track	पपिया	kabir-clubbing	Rap & Fusion	Hindi	Indian EDM bhajan fusion. Tempo: 110 BPM. Style: devotional electronic + festiva; Intro (Ambient Bhajan); Chorus (Festival Energy)	38	37	ffprobe-duration	false	_radio_index/suno_backup/lyrics/2026-03-10_d8019a5d_पपिया.txt
52c58392-c320-4d60-9797-60253639ce60	catalog-track	Haryana! Haryana! Scream it out loud	ameerpur	Love & Virah	English	Love & Virah; Chorus: The Anthem	67	66	ffprobe-duration	false	_radio_index/suno_backup/lyrics/2026-03-10_52c58392_पपिया.txt
0cd6de16-1e2e-4e49-bd95-27a49a090626	catalog-track	पपिया	ameerpur	Love & Virah	Hindi	3 female; Chorus: The Anthem	67	66	ffprobe-duration	false	_radio_index/suno_backup/lyrics/2026-03-10_0cd6de16_पपिया.txt
088c25b7-9b4d-456c-a60e-be4ae8acd986	catalog-track	पपिया	ameerpur	Love & Virah	Hindi	Chorus: The Anthem	67	66	ffprobe-duration	false	_radio_index/suno_backup/lyrics/2026-03-10_088c25b7_पपिया.txt
ecbd67a9-247c-4170-87eb-439355d54dc6	catalog-track	पपिया	ameerpur	Love & Virah	Hindi	Chorus: The Anthem	67	66	ffprobe-duration	false	_radio_index/suno_backup/lyrics/2026-03-10_ecbd67a9_पपिया.txt
36cc152d-9ac7-43e5-aeb4-6739c08f6a5c	catalog-track	जिन्दा रहव जिन्दा रहव	ameerpur	Haryanvi Folk	Haryanvi	Haryanvi Folk	75	75	ffprobe-duration	false	_radio_index/suno_backup/lyrics/2026-03-10_36cc152d_पपिया.txt
bb19047e-add0-43b2-8a8c-9b3350c0666d	catalog-track	पपिया	kabir-clubbing	Rap & Fusion	Hindi	Haryanvi folk fusion song with emotional rural storytelling. Male raw voice with	75	75	ffprobe-duration	false	_radio_index/suno_backup/lyrics/2026-03-10_bb19047e_पपिया.txt
f478b032-6f73-4a1e-8e33-cd1862b9037e	catalog-track	सुन	kabir-clubbing	Rap & Fusion	Hindi	Rap & Fusion; Verse 2 (fast flow); Bridge (aggressive rap)	51	51	ffprobe-duration	false	_radio_index/suno_backup/lyrics/2026-03-10_f478b032_कालिख के भीतर.txt
528f2a41-6fab-4d6b-b0f0-45a21fb3cfee	catalog-track	कालिख के भीतर	kabir-clubbing	Rap & Fusion	Hindi	Hard Philosophical Rap / Divine Hip-Hop Tempo: 95 BPM Key: D minor Mood:; Verse 2 (fast flow); Bridge (aggressive rap)	51	51	ffprobe-duration	false	_radio_index/suno_backup/lyrics/2026-03-10_528f2a41_कालिख के भीतर.txt
9bf062dd-ac56-449f-9f77-b6f50d235b4e	catalog-track	दो नयनों के बीच में	kabir-clubbing	Rap & Fusion	Hindi	Rap & Fusion; Hook / Chorus; Bridge (Spoken / Rap Style)	36	36	ffprobe-duration	false	_radio_index/suno_backup/lyrics/2026-03-10_9bf062dd_कालिख के भीतर.txt
38e46be7-3f17-43e1-8de5-3661e8c064e3	catalog-track	कालिख के भीतर	kabir-clubbing	Rap & Fusion	Hindi	Genre: Philosophical Sufi Rap Fusion Tempo: 90 BPM Scale: D minor Mood: Deep, in; Hook / Chorus; Bridge (Spoken / Rap Style)	36	36	ffprobe-duration	false	_radio_index/suno_backup/lyrics/2026-03-10_38e46be7_कालिख के भीतर.txt
cdb84859-bd8f-43a9-b7f9-6a080b49e779	catalog-track	कालिख के भीतर	kabir-clubbing	Rap & Fusion	Hindi	Genre: Philosophical Sufi Rap Fusion Tempo: 90 BPM Scale: D minor Mood: Deep, in; Chorus	40	40	ffprobe-duration	false	_radio_index/suno_backup/lyrics/2026-03-10_cdb84859_कालिख के भीतर.txt
6b1f15fd-b06f-4ab7-a74e-dc18eab976cd	catalog-track	अंदर भरी थी कालिख बेमिसाल	kabir-clubbing	Rap & Fusion	Hindi	Rap & Fusion; Chorus	40	40	ffprobe-duration	false	_radio_index/suno_backup/lyrics/2026-03-10_6b1f15fd_कालिख के भीतर.txt
281a3e06-5f91-4e59-9fba-f520b47ff2a4	catalog-track	कालिख के भीतर	gurukul	Other / Misc	Hindi	impact , realization , revolt; Chorus	40	40	ffprobe-duration	false	_radio_index/suno_backup/lyrics/2026-03-10_281a3e06_कालिख के भीतर.txt
8ed97e69-ba32-497e-99e6-5f5ffc1208d7	catalog-track	कालिख के भीतर	gurukul	Other / Misc	Hindi	impact , realization , revolt; Chorus	40	40	ffprobe-duration	false	_radio_index/suno_backup/lyrics/2026-03-10_8ed97e69_कालिख के भीतर.txt
fb702292-2df5-48c4-a411-e9ef6e6dee7c	catalog-track	तू तो न्यू चाले छोरी	kabir-clubbing	Bhakti & Katha	Hindi	Bhakti & Katha	58	58	ffprobe-duration	false	_radio_index/suno_backup/lyrics/2026-03-10_fb702292_mahadev.txt
b34894ee-52e3-4cd4-b4f9-5336056b318b	catalog-track	mahadev	gurukul	Other / Misc	English	full सुपर funky	58	58	ffprobe-duration	false	_radio_index/suno_backup/lyrics/2026-03-10_b34894ee_mahadev.txt
40f5ec47-9a5c-45e0-8821-71f32e377d2c	catalog-track	अगड़म बगड़म डिगड़म डू	kabir-clubbing	Bhakti & Katha	Hindi	Bhakti & Katha	53	53	ffprobe-duration	false	_radio_index/suno_backup/lyrics/2026-03-10_40f5ec47_mahadev.txt
83393fa5-c5e2-48b7-a6b0-09cfa197cc04	catalog-track	mahadev	gurukul	Other / Misc	English	full funky	53	53	ffprobe-duration	false	_radio_index/suno_backup/lyrics/2026-03-10_83393fa5_mahadev.txt
5cb1b6d1-c87b-4bd1-a81b-6c2531a63320	catalog-track	mahadev	kabir-clubbing	Rap & Fusion	English	breathless rap	41	41	ffprobe-duration	false	_radio_index/suno_backup/lyrics/2026-03-10_5cb1b6d1_mahadev.txt
d5b1f403-2b0e-4ea3-a03a-02ebfcaba03f	catalog-track	शिव की पवन जटा में बसता	sanaatana-vaigyaniq	Sanatan & Vedic	Sanskrit	Sanatan & Vedic	41	41	ffprobe-duration	false	_radio_index/suno_backup/lyrics/2026-03-10_d5b1f403_mahadev.txt
d08d5d69-511b-4d16-86f7-9f38fabf7bff	catalog-track	Har har har har har Haryana	sanaatana-vaigyaniq	Sanatan & Vedic	English	Sanatan & Vedic; Chorus	41	41	ffprobe-duration	false	_radio_index/suno_backup/lyrics/2026-03-10_d08d5d69_WhatsApp Audio 2026-03-10 at 23.22.50.txt
a02e5b7b-4082-4379-8728-b47dd277d6bc	catalog-track	mahadev	kabir-clubbing	Rap & Fusion	English	Agori Folk-Rock, Cinematic Shiva Tandav, Tribal Fusion, High-energy Dhak and Da; मुखड़ा / Main Chorus	44	41	ffprobe-duration	false	_radio_index/suno_backup/lyrics/2026-03-10_a02e5b7b_mahadev.txt
a1b21d0a-772f-4abb-844b-e635fe83916d	catalog-track	mahadev	kabir-clubbing	Rap & Fusion	English	Agori Folk-Rock, Cinematic Shiva Tandav, Tribal Fusion, High-energy Dhak and Da; मुखड़ा / Main Chorus	44	41	ffprobe-duration	false	_radio_index/suno_backup/lyrics/2026-03-10_a1b21d0a_mahadev.txt
a19088bc-7520-4b85-95d9-1c3ea882182e	catalog-track	mahadev	gurukul	Other / Misc	English	इस गाने की शुरुआत शांत श्लोक से करें, फिर अचानक "महादेव तेरी सरकार" पर एक रॉक-स्; मुखड़ा / Main Chorus	44	41	ffprobe-duration	false	_radio_index/suno_backup/lyrics/2026-03-10_a19088bc_mahadev.txt
90a76515-aa8d-4b2a-9a7a-71e21acfebe1	catalog-track	sannata	gurukul	Other / Misc	English	pain hyper; Intro - Cinematic/Atmospheric; Verse 1 - Fast Flow	25	23	ffprobe-duration	false	_radio_index/suno_backup/lyrics/2026-03-10_90a76515_sannata.txt
26be0fe7-c291-4924-9ac3-2b083d18f6a7	catalog-track	डमड्डमड्डमड्डमन्निनादवड्डमर्वयं	sanaatana-vaigyaniq	Sanatan & Vedic	Sanskrit	Sanatan & Vedic; मुखड़ा / Main Chorus	44	41	ffprobe-duration	false	_radio_index/suno_backup/lyrics/2026-03-10_26be0fe7_mahadev.txt
52e21e25-80af-4053-a195-24884c96e8be	catalog-track	sannata	gurukul	Other / Misc	English	pain hyper; Intro - Cinematic/Atmospheric; Verse 1 - Fast Flow	25	23	ffprobe-duration	false	_radio_index/suno_backup/lyrics/2026-03-10_52e21e25_sannata.txt
6815cf49-e461-4ae3-a61f-755b3568de88	catalog-track	माएं तू मान जाइये रि	kabir-clubbing	Bhakti & Katha	Hindi	Bhakti & Katha; Sharp Sarangi and Dholak fast beats; Slow Flute and Sarangi	30	29	ffprobe-duration	false	_radio_index/suno_backup/lyrics/2026-03-10_6815cf49_bhagat ki maa.txt
9255b006-4615-4e25-8de3-371066006607	catalog-track	bhagat ki maa	sanaatana-vaigyaniq	Classical & Raag	English	वोकल्स (Vocals): रागिनी में गायक की आवाज़ बहुत ऊँची (High Pitch) और कड़क होती है।; Sharp Sarangi and Dholak fast beats; Slow Flute and Sarangi	30	29	ffprobe-duration	false	_radio_index/suno_backup/lyrics/2026-03-10_9255b006_bhagat ki maa.txt
c7eb6659-3af1-4afd-9c2e-73cd9ddbaa3a	catalog-track	माएं तू मान जाइये रि	kabir-clubbing	Bhakti & Katha	Hindi	Bhakti & Katha; Chorus - भावुक और सुरीली आवाज; Chorus/Finale - उच्च ऊर्जा और गर्व के साथ	37	37	ffprobe-duration	false	_radio_index/suno_backup/lyrics/2026-03-10_c7eb6659_bhagat ki maa.txt
bd0e5226-f00f-414a-83dc-c3845c5cfc52	catalog-track	bhagat ki maa	kabir-clubbing	Rap & Fusion	English	Haryanvi Accent , Style: Haryanvi Folk Fusion, Patriotic Rock, Powerful Male Voc; Chorus - भावुक और सुरीली आवाज; Chorus/Finale - उच्च ऊर्जा और गर्व के साथ	37	37	ffprobe-duration	false	_radio_index/suno_backup/lyrics/2026-03-10_bd0e5226_bhagat ki maa.txt
3cfdad3a-c550-43eb-88d3-59f7d788eae5	catalog-track	bhagat ki maa	ameerpur	Haryanvi Folk	Haryanvi	Haryanvi Accent , Style: Haryanvi Ragani Vibe: शुरू में भावुक (Emotional) और ध; Chorus - भावुक और सुरीली आवाज; Chorus/Finale - उच्च ऊर्जा और गर्व के साथ	37	37	ffprobe-duration	false	_radio_index/suno_backup/lyrics/2026-03-10_3cfdad3a_bhagat ki maa.txt
21f36fd3-91ca-4f6f-a5b9-1a61d8438a3d	catalog-track	bhagat ki maa	kabir-clubbing	Rap & Fusion	English	Haryanvi Accent , Style: Haryanvi Folk Fusion, Patriotic Rock, Powerful Male Voc; Chorus - भावुक और सुरीली आवाज; Chorus/Finale - उच्च ऊर्जा और गर्व के साथ	37	37	ffprobe-duration	false	_radio_index/suno_backup/lyrics/2026-03-10_21f36fd3_bhagat ki maa.txt
cf2b9095-277e-40b6-b9c3-2aca73883c48	catalog-track	मेकाले के जाल में	kabir-clubbing	Rap & Fusion	Hindi	Rap & Fusion; Chorus	38	38	ffprobe-duration	false	_radio_index/suno_backup/lyrics/2026-03-10_cf2b9095_मेकाले के जाल में.txt
7d670bc0-8519-486b-a33c-0bc00f021318	catalog-track	abdul	kabir-clubbing	Rap & Fusion	English	hyper rap.. greek.. thrill.. conspiracy.. anger.. hope	16	16	ffprobe-duration	false	_radio_index/suno_backup/lyrics/2026-03-10_7d670bc0_abdul.txt
5884fc52-aa08-4850-912b-272e7b063c6d	catalog-track	मेकाले के जाल में	kabir-clubbing	Rap & Fusion	Hindi	hyper rap.. greek.. thrill.. conspiracy.. anger.. hope; Chorus	38	38	ffprobe-duration	false	_radio_index/suno_backup/lyrics/2026-03-10_5884fc52_मेकाले के जाल में.txt
03cd6e42-1ff0-486e-a597-17b4f5bf7db8	catalog-track	अब्दुल नहीं है पंचर वाला	kabir-clubbing	Rap & Fusion	Hindi	Rap & Fusion	16	16	ffprobe-duration	false	_radio_index/suno_backup/lyrics/2026-03-10_03cd6e42_abdul.txt
c60bddff-5831-45b2-aeda-56c210e42bee	catalog-track	भ्रम का जाल ये दुनिया	sanaatana-vaigyaniq	Sanatan & Vedic	Sanskrit	Sanatan & Vedic	20	20	ffprobe-duration	false	_radio_index/suno_backup/lyrics/2026-03-10_c60bddff_mooshak.txt
a9505c01-2145-47a6-bf34-71f71a1c7798	catalog-track	mooshak	kabir-clubbing	Rap & Fusion	English	Indian hip hop fusion, boom bap beat, tabla percussion, tanpura drone, cinematic	20	20	ffprobe-duration	false	_radio_index/suno_backup/lyrics/2026-03-10_a9505c01_mooshak.txt
99e3f540-91d6-46d9-a363-a20ab43ac51d	catalog-track	superman	kabir-clubbing	Rap & Fusion	English	haryanvi super energy rap; Chorus — High Energy Hook; English Bridge — Rap/Hip-Hop Style	74	39	ffprobe-duration	false	_radio_index/suno_backup/lyrics/2026-03-10_99e3f540_superman.txt
78837c54-c069-4a21-9043-052477368de3	catalog-track	superman	kabir-clubbing	Rap & Fusion	English	haryanvi super energy hip hop rap; Chorus — High Energy Hook; English Bridge — Rap/Hip-Hop Style	74	39	ffprobe-duration	false	_radio_index/suno_backup/lyrics/2026-03-10_78837c54_superman.txt
d053cd05-5b69-4079-b2af-485b0e656142	catalog-track	तू है म्हारा सुपरमैन	ameerpur	Haryanvi Folk	Haryanvi	Haryanvi Folk; Chorus — High Energy Hook; English Bridge — Rap/Hip-Hop Style	74	39	ffprobe-duration	false	_radio_index/suno_backup/lyrics/2026-03-10_d053cd05_superman.txt
c964708d-4954-4972-bfd9-eb13399ed835	catalog-track	superman	kabir-clubbing	Rap & Fusion	English	haryanvi super energy hip hop rap; Chorus — High Energy Hook; English Bridge — Rap/Hip-Hop Style	74	39	ffprobe-duration	false	_radio_index/suno_backup/lyrics/2026-03-10_c964708d_superman.txt
9a171e56-f4d0-4e86-8dd8-b88e38cfe848	catalog-track	superman	kabir-clubbing	Rap & Fusion	English	haryanvi super energy hip hop rap; Chorus — High Energy Hook; English Bridge — Rap/Hip-Hop Style	74	39	ffprobe-duration	false	_radio_index/suno_backup/lyrics/2026-03-10_9a171e56_superman.txt
8c4d0b31-24ca-46ea-8d9e-01e80745e77f	catalog-track	superman	kabir-clubbing	Rap & Fusion	English	haryanvi super energy hip hop rap; Chorus — High Energy Hook; English Bridge — Rap/Hip-Hop Style	74	39	ffprobe-duration	false	_radio_index/suno_backup/lyrics/2026-03-10_8c4d0b31_superman.txt
c95adbc4-eb40-4508-8a3f-4d9376a62d99	catalog-track	jaleel	gurukul	Other / Misc	English	NULL	14	14	ffprobe-duration	false	_radio_index/suno_backup/lyrics/2026-03-10_c95adbc4_jaleel.txt
1c7fc244-297c-434e-9ae6-57a76707f38d	catalog-track	Nahi hai koi shikva tumse ki tumhari koi nahi kh	ameerpur	Desh / Patriotic	English	Desh / Patriotic; Chorus	17	17	ffprobe-duration	false	_radio_index/suno_backup/lyrics/2026-03-10_1c7fc244_dil_jaleel.txt
177adbe2-a0c9-4531-96cc-8a502ee40194	catalog-track	नहीं है कोई शिकवा उनसे	ameerpur	Love & Virah	Hindi	Love & Virah	14	14	ffprobe-duration	false	_radio_index/suno_backup/lyrics/2026-03-10_177adbe2_jaleel.txt
dbd35f9f-c48b-4228-b9d7-f7c525bfb562	catalog-track	jaleel	gurukul	Other / Misc	English	NULL	14	14	ffprobe-duration	false	_radio_index/suno_backup/lyrics/2026-03-10_dbd35f9f_jaleel.txt
928d9daa-71ce-4eb4-8c1e-4c6b141d61e4	catalog-track	jaleel	gurukul	Other / Misc	English	NULL	14	14	ffprobe-duration	false	_radio_index/suno_backup/lyrics/2026-03-10_928d9daa_jaleel.txt
f2d23578-ceb2-4b60-9c76-13bddb621440	catalog-track	jaleel	gurukul	Other / Misc	English	NULL	17	17	ffprobe-duration	false	_radio_index/suno_backup/lyrics/2026-03-10_f2d23578_jaleel.txt
930eee1f-783e-47bf-a120-b800f71460ab	catalog-track	ग़ज़ल	ameerpur	Love & Virah	Hindi	Love & Virah	17	17	ffprobe-duration	false	_radio_index/suno_backup/lyrics/2026-03-10_930eee1f_jaleel.txt
a605a0c4-5252-478d-9425-b0245d9284e9	catalog-track	jaleel	gurukul	Other / Misc	English	NULL	17	17	ffprobe-duration	false	_radio_index/suno_backup/lyrics/2026-03-10_a605a0c4_jaleel.txt
1692dd58-42ff-46e1-886b-d4de131eb0a0	catalog-track	jaleel	gurukul	Other / Misc	English	NULL	17	17	ffprobe-duration	false	_radio_index/suno_backup/lyrics/2026-03-10_1692dd58_jaleel.txt
11ca7860-3587-4ba9-ae50-0a75df533e5d	catalog-track	दिल ये फिर भी तुम्हें चाहता है	ameerpur	Desh / Patriotic	Hindi	Desh / Patriotic; modern Bollywood ghazal with cinematic feel.	65	65	ffprobe-duration	false	_radio_index/suno_backup/lyrics/2026-03-10_11ca7860_del.txt
0c99df73-cc56-439f-a358-0cdbaff0f6f3	catalog-track	del	ameerpur	Love & Virah	English	Bollywood Romantic Duet Emotional Ghazal Pop Soft Acoustic Love Song; modern Bollywood ghazal with cinematic feel.	65	65	ffprobe-duration	false	_radio_index/suno_backup/lyrics/2026-03-10_0c99df73_del.txt
d5005293-034b-4647-873f-85619d1208d1	catalog-track	del	gurukul	Other / Misc	English	Other / Misc	0	0	NULL	false	_radio_index/suno_backup/lyrics/d5005293-034b-4647-873f-85619d1208d1.txt
90a083bf-668c-4356-bc4d-8e8f9a4dbfc0	catalog-track	kewat	gurukul	Other / Misc	English	soul devotional with live folk	40	40	ffprobe-duration	false	_radio_index/suno_backup/lyrics/2026-03-10_90a083bf_kewat.txt
ce3542f2-07bf-4e0e-94d0-849e29cc7cc7	catalog-track	del	ameerpur	Love & Virah	English	Bollywood Romantic Duet Emotional Ghazal Pop Soft Acoustic Love Song; modern Bollywood ghazal with cinematic feel.	65	65	ffprobe-duration	false	_radio_index/suno_backup/lyrics/2026-03-10_ce3542f2_del.txt
4f8cb656-ad2a-40ae-ba45-ffb7315eeb30	catalog-track	kewat	gurukul	Other / Misc	English	soul devotional with live folk	40	40	ffprobe-duration	false	_radio_index/suno_backup/lyrics/2026-03-10_4f8cb656_kewat.txt
cc53857c-041f-4d0d-afae-8a762ddc7425	catalog-track	kewat	gurukul	Other / Misc	English	soul devotional with live folk	40	40	ffprobe-duration	false	_radio_index/suno_backup/lyrics/2026-03-10_cc53857c_kewat.txt
13631800-7722-4099-8cdd-7872cc3b56d6	catalog-track	kewat	gurukul	Other / Misc	English	soul devotional with live folk	40	40	ffprobe-duration	false	_radio_index/suno_backup/lyrics/2026-03-10_13631800_kewat.txt
1774f3f7-a1f2-4c36-b1bd-ddc4ac836ba9	catalog-track	तुम आ कर मेरे भीतर	ameerpur	Haryanvi Folk	Haryanvi	Haryanvi Folk	16	16	ffprobe-duration	false	_radio_index/suno_backup/lyrics/2026-03-10_1774f3f7_banjara.txt
3f789a12-3090-4729-8e17-03745470ffde	catalog-track	banjara	gurukul	Other / Misc	English	NULL	16	16	ffprobe-duration	false	_radio_index/suno_backup/lyrics/2026-03-10_3f789a12_banjara.txt
de7c66a0-7383-4a67-87be-742eaafdc1cb	catalog-track	banjara	gurukul	Other / Misc	English	NULL	16	16	ffprobe-duration	false	_radio_index/suno_backup/lyrics/2026-03-10_de7c66a0_banjara.txt
4ae291ce-bd61-493c-9ae1-020abe22f194	catalog-track	banjara	gurukul	Other / Misc	English	NULL	16	16	ffprobe-duration	false	_radio_index/suno_backup/lyrics/2026-03-10_4ae291ce_banjara.txt
e547d7c0-12d6-41a8-bfb3-1a6b84a2f447	catalog-track	(untitled)	kabir-clubbing	Rap & Fusion	English	folk fusion	26	26	ffprobe-duration	false	_radio_index/suno_backup/lyrics/2026-03-10_e547d7c0_untitled.txt
d0be1546-ee3d-4e7d-a6ed-bd8e2502a139	catalog-track	मां मेरी	ameerpur	Haryanvi Folk	Haryanvi	Haryanvi Folk	26	26	ffprobe-duration	false	_radio_index/suno_backup/lyrics/2026-03-10_d0be1546_untitled.txt
40e5bcc1-b2c0-467d-b3cd-7f4b8310f042	catalog-track	(untitled)	kabir-clubbing	Rap & Fusion	English	folk fusion	26	26	ffprobe-duration	false	_radio_index/suno_backup/lyrics/2026-03-10_40e5bcc1_untitled.txt
f0f3206d-e731-4bb5-9182-1b17907541b8	catalog-track	(untitled)	kabir-clubbing	Rap & Fusion	English	folk fusion	26	26	ffprobe-duration	false	_radio_index/suno_backup/lyrics/2026-03-10_f0f3206d_untitled.txt
manual:f25bd274ffe2	manual-unmatched	ॐ अग्निमीळे पुरोहितं (Om Agnimile Purohitam)	NULL	NULL	NULL	Chorus – Bengali Folk Choir; Verse 1 – Cosmic Folk; Rap Verse – Cosmic Philosophy; Hook – Folk Chorus; Rap Verse – Universal Wisdom; Final Chorus – Grand Folk Choir	78	77	estimated-no-audio-duration	false	_radio_index/lyrics/ॐ अग्निमीळे पुरोहितं (Om Agnimile Purohitam).txt
manual:8a3e48c8c7ad	manual-unmatched	ॐ नाद ब्रह्माय नमः (Om Naad Brahmaaya Namah - 1)	NULL	NULL	NULL	Intro (Slow Chant); Bridge (Fast Rap)	74	72	estimated-no-audio-duration	false	_radio_index/lyrics/ॐ नाद ब्रह्माय नमः (Om Naad Brahmaaya Namah - 1).txt
manual:730a3bbecad8	manual-unmatched	ॐ नाद ब्रह्माय नमः (Om Naad Brahmaaya Namah)	NULL	NULL	NULL	Intro (Slow Chant); Bridge (Fast Rap)	74	72	estimated-no-audio-duration	false	_radio_index/lyrics/ॐ नाद ब्रह्माय नमः (Om Naad Brahmaaya Namah).txt
manual:a3d93d00c402	manual-unmatched	ॐ पितरों को बुलाओ (Om Pitron Ko Bulao)	NULL	NULL	NULL	Intro - Ambient Ritual; [Aghori Chorus]:; [Chorus]: लालाल-लाल हनु होनी बोले—पटक पटक पटक!; Chorus - The Global Reunion (Stadium Anthem Style)	74	71	estimated-no-audio-duration	false	_radio_index/lyrics/ॐ पितरों को बुलाओ (Om Pitron Ko Bulao).txt
manual:375aa381e77b	manual-unmatched	ॐ प्रभु (Om Prabhu)	NULL	NULL	NULL	Hook / Mukhda – Slow, Emotional; Final Hook – Slow + Repetitive (Trance Loop)	49	43	estimated-no-audio-duration	false	_radio_index/lyrics/ॐ प्रभु (Om Prabhu).txt
manual:c0568dc0c50d	manual-unmatched	ॐ शांति डिजिटा (Om Shanti Digita - 1)	NULL	NULL	NULL	Intro: Static and Radio Tuning; Verse 1; Chorus; Bridge: Heavy Industrial Clanging; Sanskrit Chant: Om Shanti, Shanti, Digital Shanti; Outro: Fade out into mechanical hum	5	5	estimated-no-audio-duration	false	_radio_index/lyrics/ॐ शांति डिजिटा (Om Shanti Digita - 1).txt
manual:17297fe3462f	manual-unmatched	ॐ शांति डिजिटा (Om Shanti Digita)	NULL	NULL	NULL	Intro: Static and Radio Tuning; Verse 1; Chorus; Bridge: Heavy Industrial Clanging; Sanskrit Chant: Om Shanti, Shanti, Digital Shanti; Outro: Fade out into mechanical hum	5	5	estimated-no-audio-duration	false	_radio_index/lyrics/ॐ शांति डिजिटा (Om Shanti Digita).txt
manual:e2a773a4459a	manual-unmatched	अगड़म बगड़म (Agdam Bagdam - v2)	NULL	NULL	NULL	NULL	53	53	estimated-no-audio-duration	false	_radio_index/lyrics/अगड़म बगड़म (Agdam Bagdam - v2).txt
manual:7f9e16686a38	manual-unmatched	अगड़म बगड़म (Agdam Bagdam)	NULL	NULL	NULL	NULL	53	53	estimated-no-audio-duration	false	_radio_index/lyrics/अगड़म बगड़म (Agdam Bagdam).txt
manual:43a4576ba593	manual-unmatched	अग्निमीळे पुरोहितं (Agnimile Purohitam)	NULL	NULL	NULL	Chorus – Hindi Civilizational Call; Arabic Sufi Chorus; Grand Chorus – Multilingual Cosmic Unity	98	98	estimated-no-audio-duration	false	_radio_index/lyrics/अग्निमीळे पुरोहितं (Agnimile Purohitam).txt
manual:d3d700336afa	manual-unmatched	अंतर्मन (Antarman)	NULL	NULL	NULL	NULL	16	16	estimated-no-audio-duration	false	_radio_index/lyrics/अंतर्मन (Antarman).txt
manual:d149e25a75ec	manual-unmatched	अनंत सनातन (Anant Sanatan)	NULL	NULL	NULL	NULL	48	48	estimated-no-audio-duration	false	_radio_index/lyrics/अनंत सनातन (Anant Sanatan).txt
manual:81f238655e9e	manual-unmatched	अनाहत नाद (Anahat Naad)	NULL	NULL	NULL	🕉️ [Vedantic Chorus]	223	223	estimated-no-audio-duration	false	_radio_index/lyrics/अनाहत नाद (Anahat Naad).txt
manual:eafe721cea66	manual-unmatched	अपनी ताकत पहचान (Apni Taakat Pehchaan)	NULL	NULL	NULL	Chorus; Rap Flow – तेज़; Final Chorus	88	87	estimated-no-audio-duration	false	_radio_index/lyrics/अपनी ताकत पहचान (Apni Taakat Pehchaan).txt
manual:5055bde63ab2	manual-unmatched	अब्दुल पंचर वाला (Abdul Puncture Wala)	NULL	NULL	NULL	NULL	16	16	estimated-no-audio-duration	false	_radio_index/lyrics/अब्दुल पंचर वाला (Abdul Puncture Wala).txt
manual:7ffbee695f4c	manual-unmatched	आज की बात सुनो रे (Aaj Ki Baat Suno Re)	NULL	NULL	NULL	NULL	83	74	estimated-no-audio-duration	false	_radio_index/lyrics/आज की बात सुनो रे (Aaj Ki Baat Suno Re).txt
manual:0e1b0e4173cc	manual-unmatched	आवाज़ों की अदालत (Aawazon Ki Adaalat)	NULL	NULL	NULL	NULL	29	21	estimated-no-audio-duration	false	_radio_index/lyrics/आवाजों़ की अदालत (Aawazon Ki Adaalat).txt
manual:a898fec0d551	manual-unmatched	ईब सताना छोड़ दे (Eeb Sataana Chhod De)	NULL	NULL	NULL	Intro - Ambient Ritual; [Aghori Chorus - Guttural Echo]: अङ्क अटक अटक आनंदा भटक भटक मार शूल पटक...; Chorus - The Global Reunion (Stadium Anthem Style); Intro — Ambient; Emotional Chorus	178	174	estimated-no-audio-duration	false	_radio_index/lyrics/ईब सताना छोड़ दे (Eeb Sataana Chhod De).txt
manual:9dea16858b35	manual-unmatched	एक केवट के ले जाने से (Ek Kewat Ke Le Jaane Se - 1)	NULL	NULL	NULL	NULL	40	40	estimated-no-audio-duration	false	_radio_index/lyrics/एक केवट के ले जाने से (Ek Kewat Ke Le Jaane Se - 1).txt
manual:5c6efd8624bd	manual-unmatched	एक केवट के ले जाने से (Ek Kewat Ke Le Jaane Se - v3)	NULL	NULL	NULL	NULL	40	40	estimated-no-audio-duration	false	_radio_index/lyrics/एक केवट के ले जाने से (Ek Kewat Ke Le Jaane Se - v3).txt
manual:000c62748d50	manual-unmatched	एक केवट के ले जाने से (Ek Kewat Ke Le Jaane Se)	NULL	NULL	NULL	NULL	40	40	estimated-no-audio-duration	false	_radio_index/lyrics/एक केवट के ले जाने से (Ek Kewat Ke Le Jaane Se).txt
manual:f75dd1304395	manual-unmatched	एक प्याला हूँ (Ek Pyala Hoon)	NULL	NULL	NULL	NULL	26	25	estimated-no-audio-duration	false	_radio_index/lyrics/एक प्याला हूँ (Ek Pyala Hoon).txt
manual:856793505cb0	manual-unmatched	एकतरफ़ा प्यार (Ektarfa Pyaar)	NULL	NULL	NULL	modern Bollywood ghazal with cinematic feel.	65	65	estimated-no-audio-duration	false	_radio_index/lyrics/एकतरफा़ प्यार (Ektarfa Pyaar).txt
manual:dcbc3de0c6ff	manual-unmatched	ओ पिंकी (O Pinky)	NULL	NULL	NULL	NULL	27	27	estimated-no-audio-duration	false	_radio_index/lyrics/ओ पिंकी (O Pinky).txt
manual:24503d90777c	manual-unmatched	कब तक रहेगा सोता (Kab Tak Rahega Sota - Yaman)	NULL	NULL	NULL	[Intro][sitar alap][Raga Yaman][free tempo][meditative]; [Verse][urgent][80 BPM][voice rises]; [Chorus][80 BPM][full ensemble]; [Bridge][majestic][85 BPM][shift to Raga Bhairav]; [Final Chorus][triumphant][95 BPM][choir joins]; [Outro][slow][return to Raga Yaman alap][free][fading]	53	52	estimated-no-audio-duration	false	_radio_index/lyrics/कब तक रहेगा सोता (Kab Tak Rahega Sota - Yaman).txt
manual:5aab5e2557fa	manual-unmatched	कान खोल के सुण लो (Kaan Khol Ke Sun Lo)	NULL	NULL	NULL	Hook – Massive Stadium Chorus; Finale – Grand Chorus	76	76	estimated-no-audio-duration	false	_radio_index/lyrics/कान खोल के सुण लो (Kaan Khol Ke Sun Lo).txt
manual:4e36750b2f6c	manual-unmatched	काम की कामना (Kaam Ki Kaamna)	NULL	NULL	NULL	Chorus - old dog group teaching; Chorus - dog-universe	26	26	estimated-no-audio-duration	false	_radio_index/lyrics/काम की कामना (Kaam Ki Kaamna).txt
manual:32874405773a	manual-unmatched	कालिख के भीतर (Kaalikh Ke Bheetar - 1)	NULL	NULL	NULL	Verse 2 (fast flow); Bridge (aggressive rap)	51	51	estimated-no-audio-duration	false	_radio_index/lyrics/कालिख के भीतर (Kaalikh Ke Bheetar - 1).txt
manual:008e613a4c5a	manual-unmatched	कालिख के भीतर (Kaalikh Ke Bheetar)	NULL	NULL	NULL	Verse 2 (fast flow); Bridge (aggressive rap)	51	51	estimated-no-audio-duration	false	_radio_index/lyrics/कालिख के भीतर (Kaalikh Ke Bheetar).txt
manual:f7c0707ff81e	manual-unmatched	कुदरू की बेटी नागिन (Kudru Ki Beti Naagin)	NULL	NULL	NULL	NULL	41	41	estimated-no-audio-duration	false	_radio_index/lyrics/कुदरू की बेटी नागिन (Kudru Ki Beti Naagin).txt
manual:234f6c11ed2d	manual-unmatched	कॉस्मिक चैंट (Cosmic Chant - Intro)	NULL	NULL	NULL	NULL	85	85	estimated-no-audio-duration	false	_radio_index/lyrics/कॉस्मिक चैंट (Cosmic Chant - Intro).txt
manual:ceb259c146df	manual-unmatched	खोकन (Khokan)	NULL	NULL	NULL	Pre-Chorus – Rising Choir; Stadium Chorus – Massive Crowd; Rap Verse – Trap Section; Bridge – Baul Folk Break; Final Chorus – Full Stadium	78	74	estimated-no-audio-duration	false	_radio_index/lyrics/खोकन (Khokan).txt
manual:3e2969afb9c8	manual-unmatched	गणगौर आई रे (Gangaur Aayi Re)	NULL	NULL	NULL	Chorus – MAIN HOOK	22	22	estimated-no-audio-duration	false	_radio_index/lyrics/गणगौर आई रे (Gangaur Aayi Re).txt
manual:f87842e577b4	manual-unmatched	गाढ़ के झंडा ओढ़ तिरंगा (Gaadh Ke Jhanda Odh Tiranga - 1)	NULL	NULL	NULL	Hook – Chorus; Chorus; Chorus – Powerful; slow military drums; Final Chorus	62	62	estimated-no-audio-duration	false	_radio_index/lyrics/गाढ़ के झंडा ओढ़ तिरंगा (Gaadh Ke Jhanda Odh Tiranga - 1).txt
manual:c746c750f881	manual-unmatched	गाढ़ के झंडा ओढ़ तिरंगा (Gaadh Ke Jhanda Odh Tiranga - v3)	NULL	NULL	NULL	NULL	37	37	estimated-no-audio-duration	false	_radio_index/lyrics/गाढ़ के झंडा ओढ़ तिरंगा (Gaadh Ke Jhanda Odh Tiranga - v3).txt
manual:47b78ebd0c85	manual-unmatched	गाढ़ के झंडा ओढ़ तिरंगा (Gaadh Ke Jhanda Odh Tiranga)	NULL	NULL	NULL	Hook – Chorus; Chorus; Chorus – Powerful; slow military drums; Final Chorus	62	62	estimated-no-audio-duration	false	_radio_index/lyrics/गाढ़ के झंडा ओढ़ तिरंगा (Gaadh Ke Jhanda Odh Tiranga).txt
manual:56e528129c9c	manual-unmatched	गाम का छोरा (Gaam Ka Chora)	NULL	NULL	NULL	NULL	90	63	estimated-no-audio-duration	false	_radio_index/lyrics/गाम का छोरा (Gaam Ka Chora).txt
manual:ef29ee6a85ab	manual-unmatched	गिद्धों के शहर में (Giddhon Ke Shahar Mein)	NULL	NULL	NULL	Chorus - The Transformation; Chorus - The Tragedy of Vultures	39	28	estimated-no-audio-duration	false	_radio_index/lyrics/गिद्धों के शहर में (Giddhon Ke Shahar Mein).txt
manual:d7545a641209	manual-unmatched	गौसे ल्या दे (Gause Lya De - 1)	NULL	NULL	NULL	Rap	99	99	estimated-no-audio-duration	false	_radio_index/lyrics/गौसे ल्या दे (Gause Lya De - 1).txt
manual:92ab0cfb8a19	manual-unmatched	गौसे ल्या दे (Gause Lya De)	NULL	NULL	NULL	Rap; chorus	66	66	estimated-no-audio-duration	false	_radio_index/lyrics/गौसे ल्या दे (Gause Lya De).txt
manual:018b0d20270a	manual-unmatched	घचा घच (Ghacha Ghach)	NULL	NULL	NULL	CHORUS — सबसे ज़्यादा इरोटिक, रैप धीमा, साउंड्स तेज़	67	49	estimated-no-audio-duration	false	_radio_index/lyrics/घचा घच (Ghacha Ghach).txt
manual:9eaa6c3603f6	manual-unmatched	चप्पल-झिड़कियाँ (Chappal-Jhidkiyan)	NULL	NULL	NULL	NULL	51	41	estimated-no-audio-duration	false	_radio_index/lyrics/चप्पल-झिड़कियाँ (Chappal-Jhidkiyan).txt
manual:2b916839f0db	manual-unmatched	चला आर्यों का टोला (Chala Aaryon Ka Tola)	NULL	NULL	NULL	NULL	35	35	estimated-no-audio-duration	false	_radio_index/lyrics/चला आर्यों का टोला (Chala Aaryon Ka Tola).txt
manual:656386964525	manual-unmatched	जलील (Jaleel)	NULL	NULL	NULL	NULL	17	17	estimated-no-audio-duration	false	_radio_index/lyrics/जलील (Jaleel).txt
manual:a2485b6c053c	manual-unmatched	जागता कबीर (Jaagta Kabir)	NULL	NULL	NULL	[Intro][sitar alap][Raga Yaman][free tempo][meditative]; [Verse][urgent][80 BPM][voice rises]; [Chorus][80 BPM][full ensemble]; [Bridge][majestic][85 BPM][shift to Raga Bhairav]; [Final Chorus][triumphant][95 BPM][choir joins]; [Outro][slow][return to Raga Yaman alap][free][fading]	51	50	estimated-no-audio-duration	false	_radio_index/lyrics/जागता कबीर (Jaagta Kabir).txt
manual:5a2112b8d0c6	manual-unmatched	जागो रे जागो (Jaago Re Jaago)	NULL	NULL	NULL	NULL	58	52	estimated-no-audio-duration	false	_radio_index/lyrics/जागो रे जागो (Jaago Re Jaago).txt
manual:fe40cf70e69a	manual-unmatched	जोगी बंजारा (Jogi Banjara - 1)	NULL	NULL	NULL	NULL	26	26	estimated-no-audio-duration	false	_radio_index/lyrics/जोगी बंजारा (Jogi Banjara - 1).txt
manual:f42da27bed59	manual-unmatched	जोगी बंजारा (Jogi Banjara)	NULL	NULL	NULL	NULL	26	26	estimated-no-audio-duration	false	_radio_index/lyrics/जोगी बंजारा (Jogi Banjara).txt
manual:ad801c264461	manual-unmatched	ढोल नगाड़े बाजन दे (Dhol Nagaade Baajan De)	NULL	NULL	NULL	Atmospheric: Bubbling Hookah sound, deep Didgeridoo drone; Verse 2 - Fast Flow; Experimental Sound: Marxophone meeting Cinematic Synths	37	32	estimated-no-audio-duration	false	_radio_index/lyrics/ढोल नगाडे़ बाजन दे (Dhol Nagaade Baajan De).txt
manual:21ded952c26e	manual-unmatched	तमसो मा ज्योतिर्गमय (Tamaso Ma Jyotirgamaya)	NULL	NULL	NULL	🎤 Verse 1 (Vedic Rap); 🎤 Verse 2 (Philosophical Rap); 🎤 Final Verse (Awakening Rap)	56	55	estimated-no-audio-duration	false	_radio_index/lyrics/तमसो मा ज्योतिर्गमय (Tamaso Ma Jyotirgamaya).txt
manual:ecfd8781f9c0	manual-unmatched	दादा चेन टोरी (Dada Chain Tori)	NULL	NULL	NULL	Verse 1: Fast Rhythmic Delivery; Character: The Sage - Deep Bass Voice, Slow; Chorus: The Comma Glitch - Panned Voices	25	25	estimated-no-audio-duration	false	_radio_index/lyrics/दादा चेन टोरी (Dada Chain Tori).txt
manual:3ea4e5a02d91	manual-unmatched	दादा फौजी बनवा दे (Dada Fauji Banwa De - Faux)	NULL	NULL	NULL	NULL	52	52	estimated-no-audio-duration	false	_radio_index/lyrics/दादा फौजी बनवा दे (Dada Fauji Banwa De - Faux).txt
manual:c3be55c67885	manual-unmatched	दादा फौजी बनवा दे (Dada Fauji Banwa De - Kids)	NULL	NULL	NULL	Chorus - Group of Kids	24	18	estimated-no-audio-duration	false	_radio_index/lyrics/दादा फौजी बनवा दे (Dada Fauji Banwa De - Kids).txt
manual:41d26e058309	manual-unmatched	दादा फौजी बनवा दे (Dada Fauji Banwa De)	NULL	NULL	NULL	NULL	53	53	estimated-no-audio-duration	false	_radio_index/lyrics/दादा फौजी बनवा दे (Dada Fauji Banwa De).txt
manual:728cb774a79a	manual-unmatched	दिव्य शंखनाद (Divya Shankhnaad)	NULL	NULL	NULL	(Rigvedic Chorus — Divine Call); (French Folk Hook); (Final Stadium Chorus — Divine Awakening)	66	62	estimated-no-audio-duration	false	_radio_index/lyrics/दिव्य शंखनाद (Divya Shankhnaad).txt
manual:31e69e8307bb	manual-unmatched	दो घड़े (Do Ghade)	NULL	NULL	NULL	Slow Harmonium Alap; Slow Tempo, 70 BPM; Pre-Chorus; Chorus; Upbeat, 90 BPM, Claps; Fast, Rhythmic Spoken Word; Fast Percussion Solo, Heavy Claps; Very Fast, 130 BPM; [Lead] मेरा रोग! [Chorus] तेरा रोग!; [Lead] मेरी हार! [Chorus] तेरी हार!; [Chorus] वही तो बाबा का राज़ बन गया!; Fastest Tempo, 140 BPM, Ecstatic; Fade out, Slow Harmonium	34	34	estimated-no-audio-duration	false	_radio_index/lyrics/दो घडे़ (Do Ghade).txt
manual:3782a907c865	manual-unmatched	धरती का नून (Dharti Ka Noon)	NULL	NULL	NULL	Mukhda - slow, heavy, 72 BPM; Chorus 1 - tremolo sarangi enters; Chorus 2 - faster bow, more aggression; Antara 2 - tabla stops, only drone and sarangi, 8-bar break space; Chorus 3 - tabla returns, double-time feel; Chorus 4 - ironic, almost mocking, building tension; Chorus 5 - final, infinite reverb swell, tabla 16th-note rolls at 108 BPM; Outro - spoken, intimate, mic proximity exaggerated, detuned drone	57	57	estimated-no-audio-duration	false	_radio_index/lyrics/धरती का नून (Dharti Ka Noon).txt
manual:e382e98a8cbd	manual-unmatched	धूम धूमे (Dhoom Dhoome)	NULL	NULL	NULL	Chorus	56	41	estimated-no-audio-duration	false	_radio_index/lyrics/धूम धूमे (Dhoom Dhoome).txt
manual:6f5166fd34b0	manual-unmatched	धूर अम्बरां (Dhoor Ambaraan)	NULL	NULL	NULL	​[मुखड़ा - Main Chorus]	38	36	estimated-no-audio-duration	false	_radio_index/lyrics/धूर अम्बरां (Dhoor Ambaraan).txt
manual:10cfc40a4489	manual-unmatched	नचिकेता (Nachiketa)	NULL	NULL	NULL	Rishi Chorus (मंत्र); Nachiketa (Rap); (Chorus – Epic); Rishi Chorus + Rap Beat; Rishi Chorus; Yama (Rap-style explanation); (Epic Chorus); Choir + Rap; (Final Mantra + Chorus)	124	120	estimated-no-audio-duration	false	_radio_index/lyrics/नचिकेता (Nachiketa).txt
manual:2d49f03399a8	manual-unmatched	नदी ज्यों मुड़ जाऊं (Nadi Jyon Mud Jaaun)	NULL	NULL	NULL	(Sound: जंगल की एक गहरी गूँज... दूर कहीं कोयल की कूक और बुलबुल की चहचहाहट हवाओं में तैर रही है। ) (Instrument: Duduk की एक लंबी, रोंगटे खड़े कर देने वाली तान (Low Drone)... और फिर अचानक बैंड बाजे के साथ हीरो वाली एंट्री! ); [Vocals (High Note - Male & Female Chorus): >] यू fori tori world, यहाँ त उड़ जा, र ततैये!; Chorus: ऊं ऊं ऊं... ऊं ऊं ऊं ऊं ऊं.... ऊं ऊं.ऊं.. ऊं...; Chorus: ऊं ऊं ऊं... ऊं ऊं ऊं ऊं ऊं....	36	36	estimated-no-audio-duration	false	_radio_index/lyrics/नदी ज्यों मुड़ जाऊं (Nadi Jyon Mud Jaaun).txt
manual:66e74b3bcca9	manual-unmatched	नमक सनक (Namak Sanak)	NULL	NULL	NULL	Intro - Erhu solo with soft talking drum, slow, meditative; Spoken word - male voice over Guzheng and bass drone; Chorus - Afrobeat groove with Erhu stab, call and response; Verse 1 - Afroflow, low rap style, Guzheng plucks in background; Chorus - with Erhu and brass together, full groove; Outro - slow, Erhu solo, spoken word fading	41	34	estimated-no-audio-duration	false	_radio_index/lyrics/नमक सनक (Namak Sanak).txt
manual:244a9e94b28b	manual-unmatched	नसीब का ऐलान (Naseeb Ka Ailaan)	NULL	NULL	NULL	Pre-Chorus; Chorus - High Energy; Rap Section - Aggressive Flow	61	51	estimated-no-audio-duration	false	_radio_index/lyrics/नसीब का ऐलान (Naseeb Ka Ailaan).txt
manual:63c978b38319	manual-unmatched	नागिन (Naagin)	NULL	NULL	NULL	NULL	41	41	estimated-no-audio-duration	false	_radio_index/lyrics/नागिन (Naagin).txt
manual:4029f6806fb3	manual-unmatched	न्यू चाले छोरी (Nyu Chaale Chhori)	NULL	NULL	NULL	NULL	58	58	estimated-no-audio-duration	false	_radio_index/lyrics/न्यू चाले छोरी (Nyu Chaale Chhori).txt
manual:2eb6f6dc6111	manual-unmatched	न्यूरल जोगी (Neural Jogi)	NULL	NULL	NULL	Chorus – MAIN HOOK	22	22	estimated-no-audio-duration	false	_radio_index/lyrics/न्यूरल जोगी (Neural Jogi).txt
manual:d38bec2464d7	manual-unmatched	पपीहा (Papiha)	NULL	NULL	NULL	NULL	75	75	estimated-no-audio-duration	false	_radio_index/lyrics/पपीहा (Papiha).txt
manual:1c8698e5860f	manual-unmatched	पिंकी हंस नंदिनी (Pinky Hans Nandini - 1)	NULL	NULL	NULL	NULL	24	24	estimated-no-audio-duration	false	_radio_index/lyrics/पिंकी हंस नंदिनी (Pinky Hans Nandini - 1).txt
manual:38552500f38d	manual-unmatched	पिंकी हंस नंदिनी (Pinky Hans Nandini)	NULL	NULL	NULL	NULL	24	24	estimated-no-audio-duration	false	_radio_index/lyrics/पिंकी हंस नंदिनी (Pinky Hans Nandini).txt
manual:897419f3363b	manual-unmatched	पिया जी तेरी याद (Piya Ji Teri Yaad - Blue)	NULL	NULL	NULL	🌌 [Intro – Alaap | slow, airy, emotional]; 🎧 [Pre-Chorus – Build up]; 🌟 [Verse 4 – Folk pride + devotion]; 💔 [Outro – Slow, fading, echo]	55	54	estimated-no-audio-duration	false	_radio_index/lyrics/पिया जी तेरी याद (Piya Ji Teri Yaad - Blue).txt
manual:8993b2c502ff	manual-unmatched	पिया जी तेरी याद आती है (Piya Ji Teri Yaad Aati Hai)	NULL	NULL	NULL	NULL	48	48	estimated-no-audio-duration	false	_radio_index/lyrics/पिया जी तेरी याद आती है (Piya Ji Teri Yaad Aati Hai).txt
manual:43de1e309556	manual-unmatched	पिया जी तेरी याद आवे सै (Piya Ji Teri Yaad Aave Sai)	NULL	NULL	NULL	NULL	57	56	estimated-no-audio-duration	false	_radio_index/lyrics/पिया जी तेरी याद आवे सै (Piya Ji Teri Yaad Aave Sai).txt
manual:c90fdaf8b05c	manual-unmatched	फक्कड़ (Phakkad)	NULL	NULL	NULL	A lone, eerie human whistle starts an Alaap in Raag Todi; Low-pitched vocal drone begins: Sa-Pa-Sa; Chorus - The Madness; Intense chest thumping and fast breathing; Chorus - The Realization; Final slow breath... The last heartbeat... Total Silence	26	23	estimated-no-audio-duration	false	_radio_index/lyrics/फक्कड़ (Phakkad).txt
manual:ceaa46c6e1b5	manual-unmatched	फ़िक्सिट (Fixit)	NULL	NULL	NULL	(Bridge – Slow Epic); (Final Chorus – Stadium)	47	47	estimated-no-audio-duration	false	_radio_index/lyrics/फि़क्सिट (Fixit).txt
manual:2338d9645071	manual-unmatched	फ्यूचर-पास्ट क्लीयरेंस (Future-Past Clearance - 1)	NULL	NULL	NULL	NULL	4	4	estimated-no-audio-duration	false	_radio_index/lyrics/फ्यूचर-पास्ट क्लीयरेंस (Future-Past Clearance - 1).txt
manual:02ff949cf426	manual-unmatched	फ्यूचर-पास्ट क्लीयरेंस (Future-Past Clearance)	NULL	NULL	NULL	NULL	4	4	estimated-no-audio-duration	false	_radio_index/lyrics/फ्यूचर-पास्ट क्लीयरेंस (Future-Past Clearance).txt
manual:ee1cde8f5a60	manual-unmatched	फ़्रीक्वेंसी ऑफ़ फ्यूचर-पास्ट (Frequency of Future-Past)	NULL	NULL	NULL	NULL	4	4	estimated-no-audio-duration	false	_radio_index/lyrics/फ़्रीक्वेंसी ऑफ़ फ्यूचर-पास्ट (Frequency of Future-Past).txt
manual:5e8aa698f3d0	manual-unmatched	बंजारा (Banjara)	NULL	NULL	NULL	NULL	16	16	estimated-no-audio-duration	false	_radio_index/lyrics/बंजारा (Banjara).txt
manual:22d7eea1dc69	manual-unmatched	बड़ी पुरानी बात है (Badi Purani Baat Hai - Sarod)	NULL	NULL	NULL	Intro - Cinematic/Atmospheric; Verse 1 - Fast Flow	25	23	estimated-no-audio-duration	false	_radio_index/lyrics/बडी़ पुरानी बात है (Badi Purani Baat Hai - Sarod).txt
manual:d235f0c36f89	manual-unmatched	बावल (Bawal - The Global Trance)	NULL	NULL	NULL	(The Bridge - Ancient Chants & Global Folk); TRANCE DROP 1 - तबाही: Erhu और नगाड़ा का फ्यूजन; TRANCE DROP 2 - यहाँ बेस और भी गहरा और वाइब्रेटिंग होगा; FINAL MEGA TRANCE DROP - फुल वॉल्यूम, धिचक-धिचक धमाका!	56	49	estimated-no-audio-duration	false	_radio_index/lyrics/बावल (Bawal - The Global Trance).txt
manual:3b969850a40b	manual-unmatched	ब्रज रज (Braj Raj)	NULL	NULL	NULL	Intro: Out-of-tune harmonium, dholak hit, crowd murmurs, children shout "Hari Bol!; Tempo slows - Lead voice breaks; Hypnotic Trance - Fast Tempo - Dholak accelerates; (Chorus whisper: हरि बोल... हरि बोल... हरि बोल...); (Full Chorus - One Voice Now)	46	34	estimated-no-audio-duration	false	_radio_index/lyrics/ब्रज रज (Braj Raj).txt
manual:2e4626f5ac23	manual-unmatched	ब्रह्मांड का मंच (Brahmaand Ka Manch - Prastavna 1)	NULL	NULL	NULL	Rap; 【Cosmic Chorus】	101	101	estimated-no-audio-duration	false	_radio_index/lyrics/ब्रह्मांड का मंच (Brahmaand Ka Manch - Prastavna 1).txt
manual:a558786886d1	manual-unmatched	ब्रह्मांड का मंच (Brahmaand Ka Manch - Prastavna)	NULL	NULL	NULL	Rap; 【Cosmic Chorus】	113	113	estimated-no-audio-duration	false	_radio_index/lyrics/ब्रह्मांड का मंच (Brahmaand Ka Manch - Prastavna).txt
manual:92f08175a3bc	manual-unmatched	ब्रह्मांड जागरण (Cosmic Awakening)	NULL	NULL	NULL	Rap Entry; Rap; 【Hook – Cosmic Chorus】; 【Hook – Global Chorus】; 【Final Chorus – Universal Truth】	95	94	estimated-no-audio-duration	false	_radio_index/lyrics/ब्रह्मांड जागरण (Cosmic Awakening).txt
manual:f9374fd190c8	manual-unmatched	भगत की माँ (Bhagat Ki Maa - 1)	NULL	NULL	NULL	Chorus - भावुक और सुरीली आवाज; Chorus/Finale - उच्च ऊर्जा और गर्व के साथ	37	37	estimated-no-audio-duration	false	_radio_index/lyrics/भगत की माँ (Bhagat Ki Maa - 1).txt
manual:6352c6a0408d	manual-unmatched	भगत की माँ (Bhagat Ki Maa)	NULL	NULL	NULL	Chorus - भावुक और सुरीली आवाज; Chorus/Finale - उच्च ऊर्जा और गर्व के साथ	37	37	estimated-no-audio-duration	false	_radio_index/lyrics/भगत की माँ (Bhagat Ki Maa).txt
manual:58052db9e915	manual-unmatched	भ्रम का जाल (Bhram Ka Jaal)	NULL	NULL	NULL	NULL	20	20	estimated-no-audio-duration	false	_radio_index/lyrics/भ्रम का जाल (Bhram Ka Jaal).txt
manual:988171036bf8	manual-unmatched	मच्छरी का उत्तर (Machchari Ka Uttar - Bhaag 3)	NULL	NULL	NULL	🎤 [Verse 1 – Pandit Rap | 1:20]; ⚡ [Verse 3 – Philosophy Rap | 3:40]	168	168	estimated-no-audio-duration	false	_radio_index/lyrics/मच्छरी का उत्तर (Machchari Ka Uttar - Bhaag 3).txt
manual:aed268d45901	manual-unmatched	मय्यत (Mayyat)	NULL	NULL	NULL	Verse 1 - Slow, Breathy Vocals; Chorus - Rhythmic Pulse begins; Verse 2 - Increased Tempo - The Tavern	22	18	estimated-no-audio-duration	false	_radio_index/lyrics/मय्यत (Mayyat).txt
manual:dcf8fdf11a48	manual-unmatched	माता (Mata)	NULL	NULL	NULL	(Hook – Viral Chorus); (Final Chorus – Stadium)	89	89	estimated-no-audio-duration	false	_radio_index/lyrics/माता (Mata).txt
manual:1679596b9c7e	manual-unmatched	मेकाले के जाल में (Macaulay Ke Jaal Mein)	NULL	NULL	NULL	Chorus	38	38	estimated-no-audio-duration	false	_radio_index/lyrics/मेकाले के जाल में (Macaulay Ke Jaal Mein).txt
manual:2fd03dd15fe5	manual-unmatched	मेरा अंतरमन डोले (Mera Antarman Dole)	NULL	NULL	NULL	🌍 [Chorus]; 🚀 [Chorus Reprise]	68	54	estimated-no-audio-duration	false	_radio_index/lyrics/मेरा अंतरमन डोले (Mera Antarman Dole).txt
manual:05629b033e69	manual-unmatched	मेरे देश (Mere Desh)	NULL	NULL	NULL	Intro — Ambient; Emotional Chorus	71	69	estimated-no-audio-duration	false	_radio_index/lyrics/मेरे देश (Mere Desh) (2).txt
manual:36c1360adada	manual-unmatched	मेरे देश (Mere Desh)	NULL	NULL	NULL	Intro — Ambient; Emotional Chorus	71	69	estimated-no-audio-duration	false	_radio_index/lyrics/मेरे देश (Mere Desh).txt
manual:15e9972c447c	manual-unmatched	मेरे यार प्यारे (Mere Yaar Pyaare - v2)	NULL	NULL	NULL	Chorus; Guitar/Folk Solo - High Energy but Sad	51	30	estimated-no-audio-duration	false	_radio_index/lyrics/मेरे यार प्यारे (Mere Yaar Pyaare - v2).txt
manual:3877d61b7f01	manual-unmatched	मेरे यार प्यारे (Mere Yaar Pyaare)	NULL	NULL	NULL	Chorus; (All global elements fuse: Opera screams, Chant drones, Folk energy)	26	26	estimated-no-audio-duration	false	_radio_index/lyrics/मेरे यार प्यारे (Mere Yaar Pyaare).txt
manual:f8ee4a3ac936	manual-unmatched	म्हारी रीस (Mhaari Rees - v2)	NULL	NULL	NULL	Chorus: The Anthem	67	66	estimated-no-audio-duration	false	_radio_index/lyrics/म्हारी रीस (Mhaari Rees - v2).txt
manual:644fb1ee9125	manual-unmatched	म्हारी रीस (Mhaari Rees)	NULL	NULL	NULL	Chorus: The Anthem	67	66	estimated-no-audio-duration	false	_radio_index/lyrics/म्हारी रीस (Mhaari Rees).txt
manual:de14196a77e2	manual-unmatched	यही भारत की पहचान (Yahi Bharat Ki Pehchaan)	NULL	NULL	NULL	(Final Chorus — Stadium Drop)	84	78	estimated-no-audio-duration	false	_radio_index/lyrics/यही भारत की पहचान (Yahi Bharat Ki Pehchaan).txt
manual:2a09be7a6303	manual-unmatched	यो यो पंडित (Yo Yo Pandit)	NULL	NULL	NULL	🌌 [Intro – Whisper + Ambient]	43	39	estimated-no-audio-duration	false	_radio_index/lyrics/यो यो पंडित (Yo Yo Pandit).txt
manual:b99d7ca48192	manual-unmatched	राम की गिलहरी (Ram Ki Gilahari)	NULL	NULL	NULL	Intro (Ambient Bhajan); Hook (Bhajan Chorus); Stadium Anthem Chorus; Cinematic Bridge; Final Grand Chorus	76	74	estimated-no-audio-duration	false	_radio_index/lyrics/राम की गिलहरी (Ram Ki Gilahari).txt
manual:ac9ca1ff820a	manual-unmatched	रिश्ता है (Rishta Hai)	NULL	NULL	NULL	NULL	36	31	estimated-no-audio-duration	false	_radio_index/lyrics/रिश्ता है (Rishta Hai).txt
manual:c61138a761fc	manual-unmatched	रेखाएँ (Rekhayein)	NULL	NULL	NULL	NULL	56	56	estimated-no-audio-duration	false	_radio_index/lyrics/रेखाएँ (Rekhayein).txt
manual:bd08a8d795d0	manual-unmatched	रेडियो सनातन वैज्ञानिक (Radio Sanatan Vaigyanik - Current)	NULL	NULL	NULL	NULL	9	6	estimated-no-audio-duration	false	_radio_index/lyrics/रेडियो सनातन वैज्ञानिक (Radio Sanatan Vaigyanik - Current).txt
manual:ea65d5407b01	manual-unmatched	रेडियो सनातन वैज्ञानिक (Radio Sanatan Vaigyanik - Fallback)	NULL	NULL	NULL	NULL	9	6	estimated-no-audio-duration	false	_radio_index/lyrics/रेडियो सनातन वैज्ञानिक (Radio Sanatan Vaigyanik - Fallback).txt
manual:5e6b2d98db10	manual-unmatched	रेत पर निशाँ (Ret Par Nishaan)	NULL	NULL	NULL	Intro: slow harmonium | soft tabla | dargah reverb echo; Chorus; Chorus - emotional build; Bridge - slow, pain-filled	17	17	estimated-no-audio-duration	false	_radio_index/lyrics/रेत पर निशाँ (Ret Par Nishaan).txt
manual:b3a2ea49cdf4	manual-unmatched	रेत में नमक (Ret Mein Namak)	NULL	NULL	NULL	4s reverb decay · tabla roll enters; ॰ CHORUS (0:33 – 1:25); ॰ CHORUS — Second Pass (2:06 – 2:35); ॰ CHORUS — Third Pass · Trance Build (3:16 – 3:48)	102	102	estimated-no-audio-duration	false	_radio_index/lyrics/रेत में नमक (Ret Mein Namak).txt
manual:21c7e3d36542	manual-unmatched	लाडो बसंती (Lado Basanti)	NULL	NULL	NULL	[Background male chorus - faint] लाडो बसंती... लाडो बसंती...; BG chorus - लाडो बसंती... लाडो बसंती...; [BG chorus rising] लाडो बसंती... लाडो बसंती...; [BG chorus - loud now] लाडो बसंती... लाडो बसंती...; Hook Line - Male + BG chorus together, peak moment	34	34	estimated-no-audio-duration	false	_radio_index/lyrics/लाडो बसंती (Lado Basanti).txt
manual:77c53ab01f29	manual-unmatched	लुगाई (Lugai)	NULL	NULL	NULL	(Verse 1 – Fast Ragni Flow); (Verse 2 – Trap Flow Folk Style); (Bridge – Sarangi Folk); (Final Hook – Stadium Folk)	74	73	estimated-no-audio-duration	false	_radio_index/lyrics/लुगाई (Lugai).txt
manual:9727d201b684	manual-unmatched	लोग कहते हैं (Log Kahte Hain)	NULL	NULL	NULL	Mukurrari - Slow & Meditative; Chorus / Mukurrari; Antara 3 - Powerful Drums & Claps	48	42	estimated-no-audio-duration	false	_radio_index/lyrics/लोग कहते हैं (Log Kahte Hain).txt
manual:b607efe7056f	manual-unmatched	वर्स वन (Verse One)	NULL	NULL	NULL	NULL	40	40	estimated-no-audio-duration	false	_radio_index/lyrics/वर्स वन (Verse One).txt
manual:f55433b945a3	manual-unmatched	विक्रम भाई का बोल्या (Vikram Bhai Ka Bolya)	NULL	NULL	NULL	NULL	55	55	estimated-no-audio-duration	false	_radio_index/lyrics/विक्रम भाई का बोल्या (Vikram Bhai Ka Bolya).txt
manual:5afdc0562928	manual-unmatched	वीर था अधीर था (Veer Tha Adheer Tha)	NULL	NULL	NULL	Intro - slow building orchestral; Chorus - loud, anthemic with full orchestra; Chorus - even more powerful, crowd-like energy	20	18	estimated-no-audio-duration	false	_radio_index/lyrics/वीर था अधीर था (Veer Tha Adheer Tha).txt
manual:14b05d72dc10	manual-unmatched	श्वास जागरण (Shvaas Jagran)	NULL	NULL	NULL	NULL	88	82	estimated-no-audio-duration	false	_radio_index/lyrics/श्वास जागरण (Shvaas Jagran).txt
manual:e71d312de0c2	manual-unmatched	सजन धोखेबाज़ (Sajan Dhokhebaaz)	NULL	NULL	NULL	NULL	56	56	estimated-no-audio-duration	false	_radio_index/lyrics/सजन धोखेबाज़ (Sajan Dhokhebaaz).txt
manual:ad64efe16c70	manual-unmatched	सत्य सनातन का है ज्ञान (Satya Sanatan Ka Hai Gyan)	NULL	NULL	NULL	NULL	56	56	estimated-no-audio-duration	false	_radio_index/lyrics/सत्य सनातन का है ज्ञान (Satya Sanatan Ka Hai Gyan).txt
manual:f28f9c3e851f	manual-unmatched	सत्य सनातन वैज्ञानिक का ज्ञान (Satya Sanatan Vaigyanik Ka Gyan - 1)	NULL	NULL	NULL	NULL	69	69	estimated-no-audio-duration	false	_radio_index/lyrics/सत्य सनातन वैज्ञानिक का ज्ञान (Satya Sanatan Vaigyanik Ka Gyan - 1).txt
manual:b9c0b94e7d27	manual-unmatched	सत्य सनातन वैज्ञानिक का ज्ञान (Satya Sanatan Vaigyanik Ka Gyan - 2)	NULL	NULL	NULL	NULL	69	69	estimated-no-audio-duration	false	_radio_index/lyrics/सत्य सनातन वैज्ञानिक का ज्ञान (Satya Sanatan Vaigyanik Ka Gyan - 2).txt
manual:9be5177e9df0	manual-unmatched	सत्य सनातन वैज्ञानिक का ज्ञान (Satya Sanatan Vaigyanik Ka Gyan)	NULL	NULL	NULL	NULL	69	69	estimated-no-audio-duration	false	_radio_index/lyrics/सत्य सनातन वैज्ञानिक का ज्ञान (Satya Sanatan Vaigyanik Ka Gyan).txt
manual:104295b0d9c4	manual-unmatched	सन्दर्भ की परिभाषा (Sandarbh Ki Paribhasha)	NULL	NULL	NULL	Chorus	18	18	estimated-no-audio-duration	false	_radio_index/lyrics/सन्दर्भ की परिभाषा (Sandarbh Ki Paribhasha).txt
manual:5be8dd892464	manual-unmatched	सन्नाटा (Sannata - 1)	NULL	NULL	NULL	Intro - Cinematic/Atmospheric; Verse 1 - Fast Flow	25	23	estimated-no-audio-duration	false	_radio_index/lyrics/सन्नाटा (Sannata - 1).txt
manual:50959f2157c5	manual-unmatched	सन्नाटा (Sannata)	NULL	NULL	NULL	Intro - Cinematic/Atmospheric; Verse 1 - Fast Flow	25	23	estimated-no-audio-duration	false	_radio_index/lyrics/सन्नाटा (Sannata).txt
manual:d604a5d534f0	manual-unmatched	साँस मेरी देख (Saans Meri Dekh)	NULL	NULL	NULL	Verse 1: Gritty Haryanvi Vocals, Slow Khamak Beats; Pre-Chorus: Building Tension, Rising Bass; Chorus: Aggressive Psy-Trance Drop, High-Pitch Pungi Solo; Verse 2: Fast Rhythmic Folk Style; Bridge: No Vocals, Pure Been-Trance, Hormonal Addressal Frequencies; Outro: Sudden Silence, Bell Toll, Slow Sanskrit Chant	23	17	estimated-no-audio-duration	false	_radio_index/lyrics/साँस मेरी देख (Saans Meri Dekh).txt
manual:c28e8a72a4b9	manual-unmatched	साँस मैंने देखीये (Saans Maine Dekhiye)	NULL	NULL	NULL	NULL	40	40	estimated-no-audio-duration	false	_radio_index/lyrics/साँस मैंने देखीये (Saans Maine Dekhiye).txt
manual:f20577c126ed	manual-unmatched	सिद्धं संस्कृत चैंट (Siddham Sanskrit Chant - Intro)	NULL	NULL	NULL	Verse IV — Hindi Scientific Rap; Final Multilingual Chorus	86	84	estimated-no-audio-duration	false	_radio_index/lyrics/सिद्धं संस्कृत चैंट (Siddham Sanskrit Chant - Intro).txt
manual:1f653515b43b	manual-unmatched	सुन ले तू छोरी (Sun Le Tu Chhori - Whisper)	NULL	NULL	NULL	Pre-Chorus; Chorus	93	93	estimated-no-audio-duration	false	_radio_index/lyrics/सुन ले तू छोरी (Sun Le Tu Chhori - Whisper).txt
manual:164ce13980c2	manual-unmatched	सुन ले तू छोरी (Sun Le Tu Chhori)	NULL	NULL	NULL	NULL	68	66	estimated-no-audio-duration	false	_radio_index/lyrics/सुन ले तू छोरी (Sun Le Tu Chhori).txt
manual:732d1b641dc1	manual-unmatched	सुनो री सखियों (Suno Ri Sakhiyon)	NULL	NULL	NULL	[Chorus] ( सुनो सुनो री सखियों , आज आनंद भयो है!); [Chorus] (राजा दशरथ के द्वारे, लाला जनम लियो hai!); Chorus - All Women Singing Together; [Chorus] (योगा का देवर, खैरियांशु का चाचा); [Chorus] (देवे बधाई, राम नवमी आयी); [Chorus] (कौशल्या की गोदी में खेले, नील-कमल से नैना!); [Chorus] (देख देख के रूप-ललन को, भूल गयी सब रैना!)	10	10	estimated-no-audio-duration	false	_radio_index/lyrics/सुनो री सखियों (Suno Ri Sakhiyon).txt
manual:9ae2cc3b460d	manual-unmatched	हनुमान सिंड्रोम (Hanuman Syndrome)	NULL	NULL	NULL	Chorus; Final Chorus	70	67	estimated-no-audio-duration	false	_radio_index/lyrics/हनुमान सिंड्रोम (Hanuman Syndrome).txt
manual:c8a70d4a7e7e	manual-unmatched	हर हर हरयाणा (Har Har Haryana)	NULL	NULL	NULL	NULL	41	41	estimated-no-audio-duration	false	_radio_index/lyrics/हर हर हरयाणा (Har Har Haryana).txt
manual:b10bcacff225	manual-unmatched	हाय लुगाई (Haay Lugai - Jogi)	NULL	NULL	NULL	NULL	89	86	estimated-no-audio-duration	false	_radio_index/lyrics/हाय लुगाई (Haay Lugai - Jogi).txt
manual:995c60842eb7	manual-unmatched	हिरण्यगर्भ (Hiranyagarbha)	NULL	NULL	NULL	🇮🇳 Folk Hook – Vedic / Indian; 🇨🇳 Folk Hook – Chinese; 🇫🇮 Folk Hook – Finnish; 🇬🇷 Folk Hook – Greek; 🇪🇬 Folk Hook – Egyptian / Arabic style; 🇲🇱 Folk Hook – Dogon / West African style; (Global Chorus – Civilization Unity)	91	84	estimated-no-audio-duration	false	_radio_index/lyrics/हिरण्यगर्भ (Hiranyagarbha).txt
manual:aebbae2ae519	manual-unmatched	हेमंत ऋतु की तलाश (Hemant Ritu Ki Talaash)	NULL	NULL	NULL	Intro – Chinese Folk Choir; Rap Verse; Qawwali Chorus; Rap Verse 2; Climax Qawwali	38	38	estimated-no-audio-duration	false	_radio_index/lyrics/हेमंत ऋतु की तलाश (Hemant Ritu Ki Talaash).txt
