board	laneId	laneTitle	trackId	title	station	theme	language	style	lyricsReady	cueCount
albums	sanaatana-vedic-frequency	Sanaatana Vedic Frequency	30e92ffe-423f-48cf-9e93-5fd9bb7113c1	विज़ुअल: अंतरिक्ष में तैरते हुए ३३-डिजिट संख्या	sanaatana-vaigyaniq	Sanatan & Vedic	Sanskrit	Sanatan & Vedic	true	30
albums	sanaatana-vedic-frequency	Sanaatana Vedic Frequency	d5f6d9bc-5c76-48d6-859d-957ef84f79b3	हनुमान-अनुमान छट	sanaatana-vaigyaniq	Sanatan & Vedic	Sanskrit	Heavy cinematic Vedic metal-phonk epic, 115 to 142 BPM, roaring traditional dhol	true	28
albums	sanaatana-vedic-frequency	Sanaatana Vedic Frequency	1bb556f0-a4fb-4994-9096-3ab4f66de0b8	विज़ुअल: अंतरिक्ष में घूमते सूर्य और ग्रहों के ब	sanaatana-vaigyaniq	Sanatan & Vedic	Sanskrit	Sanatan & Vedic	true	28
albums	sanaatana-vedic-frequency	Sanaatana Vedic Frequency	ada89c81-d8fa-4ec0-9938-d9435397b7cd	हा... हू... हौ... हन्... हनु... हनु... हनु... मा	sanaatana-vaigyaniq	Sanatan & Vedic	Sanskrit	Sanatan & Vedic	true	29
albums	sanaatana-vedic-frequency	Sanaatana Vedic Frequency	0691bbaf-1f16-453a-9c00-0eecd71d1e14	३३-डिजिट नियॉन	sanaatana-vaigyaniq	Sanatan & Vedic	Sanskrit	Hyper-aggressive cinematic Vedic folk-hop epic, 115 BPM, rapid-fire phonetic sta	true	29
albums	sanaatana-vedic-frequency	Sanaatana Vedic Frequency	bcb08d50-076e-4408-ae04-389701191ee3	Vocals : "हा... हू... हौ... हन्... हनु... हनु...	sanaatana-vaigyaniq	Sanatan & Vedic	English	Sanatan & Vedic	true	32
albums	sanaatana-vedic-frequency	Sanaatana Vedic Frequency	31cd60d6-6b7d-4e15-9847-9c3866d60440	जुग सहस्र जोजन पर भानू	sanaatana-vaigyaniq	Sanatan & Vedic	Sanskrit	Sanatan & Vedic	true	29
albums	sanaatana-vedic-frequency	Sanaatana Vedic Frequency	7333a108-d5a5-4cf4-9e36-6ce6aec10997	Chhat-Chhat Sanaatana	gurukul	Other / Misc	English	NULL	true	14
albums	sanaatana-vedic-frequency	Sanaatana Vedic Frequency	1fe3b620-3a18-4632-b128-12c1b2245f47	Hyper-dynamic Indian electronic folk-pop	sanaatana-vaigyaniq	Sanatan & Vedic	English	Sanatan & Vedic	true	14
albums	sanaatana-vedic-frequency	Sanaatana Vedic Frequency	83db2f7e-ae48-418d-9587-c807af8e24e3	चक्र-इंजन शंखनाद	sanaatana-vaigyaniq	Sanatan & Vedic	Sanskrit	Aggressive cinematic Vedic folk-hop epic, 115 BPM, intense traditional Chalisa r	true	29
albums	sanaatana-vedic-frequency	Sanaatana Vedic Frequency	9b8b2f04-0e8b-4270-af63-84bd21bb7574	```text	sanaatana-vaigyaniq	Sanatan & Vedic	English	Sanatan & Vedic	true	41
albums	sanaatana-vedic-frequency	Sanaatana Vedic Frequency	1f6a6bc0-d85f-4858-b13d-776e839401cf	द सनातन एक्सप्रेस	sanaatana-vaigyaniq	Sanatan & Vedic	Sanskrit	NULL	true	41
albums	sanaatana-vedic-frequency	Sanaatana Vedic Frequency	832210ad-c382-4ee4-8099-264df30ef06c	ताल: आदि तीव्र	sanaatana-vaigyaniq	Sanatan & Vedic	Sanskrit	Sanatan & Vedic	true	128
albums	sanaatana-vedic-frequency	Sanaatana Vedic Frequency	58a470f5-a299-4fb9-b539-f879df9db3c0	🎵 ka kaa rahasya niraalaa	sanaatana-vaigyaniq	Sanatan & Vedic	English	Sanatan & Vedic	true	99
albums	sanaatana-vedic-frequency	Sanaatana Vedic Frequency	d85bffd9-6420-4844-bef4-34a1ed0cfffd	🎵 क का रहस्य निराला	sanaatana-vaigyaniq	Sanatan & Vedic	Sanskrit	Sanatan & Vedic	true	83
albums	sanaatana-vedic-frequency	Sanaatana Vedic Frequency	c086c759-c522-42a2-9718-bf85eb3d3dc7	ekla chalo re... nahi	sanaatana-vaigyaniq	Sanatan & Vedic	English	Sanatan & Vedic	true	131
albums	sanaatana-vedic-frequency	Sanaatana Vedic Frequency	f090d601-40e5-4874-b303-4bc84220564c	ka kau ke	sanaatana-vaigyaniq	Sanatan & Vedic	English	Sanatan & Vedic	true	51
albums	sanaatana-vedic-frequency	Sanaatana Vedic Frequency	9438a33e-1869-4686-89f7-2b1b3746fbe8	छुक-छुक चलती कोडिंग की गाड़ी	sanaatana-vaigyaniq	Sanatan & Vedic	Sanskrit	Sanatan & Vedic	true	36
albums	sanaatana-vedic-frequency	Sanaatana Vedic Frequency	61a1c2e8-6e9b-4636-b976-9c0a3c82cc60	राजधर्म चक्र	sanaatana-vaigyaniq	Sanatan & Vedic	Sanskrit	Heavy Industrial Drop, Vedic chanting trap mix, fast-paced aggressive rap cadenc	true	41
albums	sanaatana-vedic-frequency	Sanaatana Vedic Frequency	2ed5e119-5a3e-4f8f-9802-0b0a921375b4	महामात्य का आदेश सुनो अब	sanaatana-vaigyaniq	Sanatan & Vedic	Sanskrit	Sanatan & Vedic	true	41
albums	sanaatana-vedic-frequency	Sanaatana Vedic Frequency	cc265065-cce9-480d-8e32-6f6530047d9b	कक्षा सात का गणित प्रकाश	sanaatana-vaigyaniq	Sanatan & Vedic	Sanskrit	Sanatan & Vedic	true	37
albums	sanaatana-vedic-frequency	Sanaatana Vedic Frequency	28ed327a-4860-4957-a494-fcd59d36bcd9	Shankhnaad Cowbell Drop	sanaatana-vaigyaniq	Sanatan & Vedic	English	High-energy Cyberpunk Phonk fused with Aggressive Indian Drill, crushing distort	true	37
albums	sanaatana-vedic-frequency	Sanaatana Vedic Frequency	e038f00c-f649-44ca-8cc5-f2110a995703	कोष्ठक शंखनाद	sanaatana-vaigyaniq	Sanatan & Vedic	Sanskrit	Raw Aggressive Indian Drill Phonk, heavy distorted 808 sub-bass, crisp metallic	true	18
albums	sanaatana-vedic-frequency	Sanaatana Vedic Frequency	bc9e8406-4ced-4d22-a476-896c9d6b31e3	कक्षा सात का गणित प्रकाश	sanaatana-vaigyaniq	Sanatan & Vedic	Sanskrit	Sanatan & Vedic	true	18
albums	sanaatana-vedic-frequency	Sanaatana Vedic Frequency	5430725d-e817-463d-8233-7d08e6bb2a8c	दिन और रात का लूप चलता है	sanaatana-vaigyaniq	Sanatan & Vedic	Sanskrit	Sanatan & Vedic	true	48
albums	sanaatana-vedic-frequency	Sanaatana Vedic Frequency	7136ecc0-1cde-4b63-93df-1bd8100300b5	छट-छट चलती बुद्धि की गाड़ी	sanaatana-vaigyaniq	Sanatan & Vedic	Sanskrit	Sanatan & Vedic	true	56
albums	sanaatana-vedic-frequency	Sanaatana Vedic Frequency	7ad70850-e3ae-4d26-b0e9-05197e2cb4f9	शंखनाद बाइनरी	sanaatana-vaigyaniq	Sanatan & Vedic	Sanskrit	Raw Aggressive Indian Drill Phonk, heavy distorted 808 bass, crisp metallic perc	true	56
albums	sanaatana-vedic-frequency	Sanaatana Vedic Frequency	f6051273-d0f3-41f7-b3fe-3b657023d007	🎵 3. सनातन वैज्ञानिक एक्सप्रेस गाना	sanaatana-vaigyaniq	Sanatan & Vedic	Sanskrit	Sanatan & Vedic	true	38
albums	sanaatana-vedic-frequency	Sanaatana Vedic Frequency	289f8c8d-4172-4b06-aa7f-5a73fd559b01	🎙️ रेडियो सनातन वैज्ञानिक पर महा-अभिलेखागार का ल	sanaatana-vaigyaniq	Sanatan & Vedic	Sanskrit	Sanatan & Vedic	true	1
albums	sanaatana-vedic-frequency	Sanaatana Vedic Frequency	9e69f682-8e35-49be-bd83-e64b31b91832	डिजिटल गुरुकुल लॉग्स	gurukul	Other / Misc	Hindi	Style: real radio, sanaatana telecast	true	1
albums	sanaatana-vedic-frequency	Sanaatana Vedic Frequency	8dfe144d-a4e9-4c51-8d4b-2c642a9eb4be	🎵 सनातन वैज्ञानिक एक्सप्रेस गाना: पाठ्यक्रम का त	sanaatana-vaigyaniq	Sanatan & Vedic	Sanskrit	Sanatan & Vedic	true	16
albums	sanaatana-vedic-frequency	Sanaatana Vedic Frequency	1fe24a9e-568a-49b0-ba5b-a24b30c0d106	डिजिटल गुरुकुल लॉग्स	gurukul	Other / Misc	Hindi	Style: real radio, sanaatana telecast	true	1
albums	sanaatana-vedic-frequency	Sanaatana Vedic Frequency	161f3183-f997-4981-afda-e28650b9f92d	डिजिटल गुरुकुल-कनेक्टर	gurukul	Other / Misc	Hindi	Style: radio sanaatana telecast	true	1
albums	sanaatana-vedic-frequency	Sanaatana Vedic Frequency	db77a1fc-e18d-44a0-a28d-7653ea20e3c3	🎙️ रेडियो सनातन वैज्ञानिक पर महा-अभिलेखागार का ल	sanaatana-vaigyaniq	Sanatan & Vedic	Sanskrit	Sanatan & Vedic	true	1
albums	sanaatana-vedic-frequency	Sanaatana Vedic Frequency	55b29326-16e4-4e61-84ab-ce7f6cd164df	साती माटी-चोला	kabir-clubbing	Rap & Fusion	Hindi	Style: Raga Bhairavi, Raga Yaman, Raga Malkauns, Sufi fusion, Rajasthani folk,	true	37
albums	sanaatana-vedic-frequency	Sanaatana Vedic Frequency	00702de5-9189-4230-8040-d9c213a28c7c	बम बाबा बम भोला	sanaatana-vaigyaniq	Sanatan & Vedic	Sanskrit	Sanatan & Vedic	true	35
albums	sanaatana-vedic-frequency	Sanaatana Vedic Frequency	04511a31-131b-44c4-a3a6-d3daa32e8026	बम बाबा बम भोला	sanaatana-vaigyaniq	Sanatan & Vedic	Sanskrit	[Genre: Devotional Folk Rock, Bhajan, Energetic Chant, Rajasthani Folk] [Tempo:	true	35
albums	sanaatana-vedic-frequency	Sanaatana Vedic Frequency	c43bb926-b90b-41ce-b1ca-1079d49eb675	बम भोला चोला	sanaatana-vaigyaniq	Sanatan & Vedic	Sanskrit	[Genre: Devotional Folk Rock, Bhajan, Energetic Chant, Rajasthani Folk] [Tempo:	true	38
albums	sanaatana-vedic-frequency	Sanaatana Vedic Frequency	5ca9eaf3-f217-487c-b700-28362ca02ec0	चला आर्यो का टोला	sanaatana-vaigyaniq	Sanatan & Vedic	Sanskrit	Sanatan & Vedic	true	38
albums	sanaatana-vedic-frequency	Sanaatana Vedic Frequency	67800d7d-2832-4abd-9273-de538c1471a0	भगवा चोला बम	sanaatana-vaigyaniq	Sanatan & Vedic	Sanskrit	[Genre: Devotional Folk Rock, Bhajan, Energetic Chant, Rajasthani Folk] [Tempo:	true	37
albums	sanaatana-vedic-frequency	Sanaatana Vedic Frequency	b355bd3b-7913-40b5-8f0d-a482329e49b6	चला आर्यो का टोला	sanaatana-vaigyaniq	Sanatan & Vedic	Sanskrit	Sanatan & Vedic	true	37
albums	sanaatana-vedic-frequency	Sanaatana Vedic Frequency	30275318-8155-4d3f-8d49-c49ddaf3e5c1	तोरि बंसी की तान... सुनिबे कूँ तरस गये मोरै कान।	sanaatana-vaigyaniq	Sanatan & Vedic	Sanskrit	Sanatan & Vedic	true	46
albums	sanaatana-vedic-frequency	Sanaatana Vedic Frequency	17abc34f-fad4-4b66-86f5-340e07c01725	तोरि बंसी की तान... सुनिबे कूँ तरस गये मोरै कान।	sanaatana-vaigyaniq	Sanatan & Vedic	Sanskrit	Sanatan & Vedic	true	47
albums	sanaatana-vedic-frequency	Sanaatana Vedic Frequency	36dbb97d-2e8b-4a53-bbec-f43d0afa75ad	तोरी बंसी की तान	sanaatana-vaigyaniq	Sanatan & Vedic	Sanskrit	Sanatan & Vedic	false	0
albums	sanaatana-vedic-frequency	Sanaatana Vedic Frequency	9f8b0cb8-2b2d-47cb-8906-259a2f1e6144	अमर शत्रुहंता	sanaatana-vaigyaniq	Sanatan & Vedic	Sanskrit	Sanatan & Vedic	true	34
albums	sanaatana-vedic-frequency	Sanaatana Vedic Frequency	40f0eebb-2347-467a-b12f-57371526672e	आशिका न	sanaatana-vaigyaniq	Sanatan & Vedic	Sanskrit	Sanatan & Vedic	true	59
albums	sanaatana-vedic-frequency	Sanaatana Vedic Frequency	8abf9e3b-198d-42d4-b547-c789d030e9fa	नाच र पिंकी	sanaatana-vaigyaniq	Sanatan & Vedic	Sanskrit	Sanatan & Vedic	true	85
albums	sanaatana-vedic-frequency	Sanaatana Vedic Frequency	3ab7074f-3f3a-4669-8f7d-3b93838e728b	नाच र पिंकी	sanaatana-vaigyaniq	Sanatan & Vedic	Sanskrit	Sanatan & Vedic	true	102
albums	sanaatana-vedic-frequency	Sanaatana Vedic Frequency	b56bd6df-5167-43b3-b0a6-cf5f42c72589	मेट्रो दरवाज़े बंद x Animatrix लोडिंग (Mashup)	sanaatana-vaigyaniq	Sanatan & Vedic	English	Afro-Phonk Fusion, Vedic Chanting, Modern Indian Folk, Neon-Sufi, Syncopated Dje	true	68
albums	sanaatana-vedic-frequency	Sanaatana Vedic Frequency	d0569990-a19a-4e68-b82b-1db44b271e2a	मेट्रो दरवाज़े बंद x Animatrix लोडिंग (Mashup)	sanaatana-vaigyaniq	Sanatan & Vedic	English	Afro-Phonk Fusion, Vedic Chanting, Modern Indian Folk, Neon-Sufi, Syncopated Dje	true	68
albums	sanaatana-vedic-frequency	Sanaatana Vedic Frequency	803ae36b-ad83-4a45-9256-606bf42e2514	मेरा अंतरमन डोले	sanaatana-vaigyaniq	Sanatan & Vedic	Sanskrit	Sanatan & Vedic	true	68
albums	sanaatana-vedic-frequency	Sanaatana Vedic Frequency	e48f5522-c4e9-43c9-8080-e6a097fa596c	मेट्रो दरवाज़े बंद	sanaatana-vaigyaniq	Sanatan & Vedic	Sanskrit	Afro-Phonk Fusion, Vedic Chanting, Modern Indian Folk, Neon-Sufi, Syncopated Dje	true	68
albums	sanaatana-vedic-frequency	Sanaatana Vedic Frequency	e4126f4b-d140-4061-9c2f-294733f12904	Animatrix Loading	sanaatana-vaigyaniq	Sanatan & Vedic	English	Afro-Phonk Fusion, Vedic Chanting, Modern Indian Folk, Neon-Sufi, Syncopated Dje	true	66
albums	sanaatana-vedic-frequency	Sanaatana Vedic Frequency	9aa4b117-b9b0-46de-9c7d-4e16fadb5159	Animatrix लोड	sanaatana-vaigyaniq	Sanatan & Vedic	English	Afro-Phonk Fusion, Vedic Chanting, Modern Indian Folk, Neon-Sufi, Syncopated Dje	true	66
albums	sanaatana-vedic-frequency	Sanaatana Vedic Frequency	40bc367c-0e8b-4773-800e-f68e8cf45f1e	Animatrix Loading	sanaatana-vaigyaniq	Sanatan & Vedic	English	Afro-Phonk Fusion, Vedic Chanting, Modern Indian Folk, Neon-Sufi, Syncopated Dje	true	66
albums	sanaatana-vedic-frequency	Sanaatana Vedic Frequency	ad88ec20-844d-47ac-ae8e-5634a628daee	धरती का नून	kabir-clubbing	Rap & Fusion	Hindi	dark hindustani bhajan meets ambient trance  d bhairavi  72 to 108 bpm  male gri	true	57
albums	sanaatana-vedic-frequency	Sanaatana Vedic Frequency	47ed762a-d69b-40e3-8c6b-9feee3c9bd95	Animatrix लोड	sanaatana-vaigyaniq	Sanatan & Vedic	English	Afro-Phonk Fusion, Vedic Chanting, Modern Indian Folk, Neon-Sufi, Syncopated Dje	true	66
albums	sanaatana-vedic-frequency	Sanaatana Vedic Frequency	a1faf499-0ae9-40d2-ac91-2d8e83b55f0c	Animatrix लोडिंग	sanaatana-vaigyaniq	Sanatan & Vedic	English	Afro-Phonk Fusion, Vedic Chanting, Modern Indian Folk, Neon-Sufi, Syncopated Dje	true	66
albums	sanaatana-vedic-frequency	Sanaatana Vedic Frequency	64809c5c-f7d0-4faf-b884-c3a9e25efa99	**धून रे-साधो**	sanaatana-vaigyaniq	Classical & Raag	Hindi	[Genre: Hindustani classical meets dark ambient trance, Bhairavi raga, slow burn	false	0
albums	sanaatana-vedic-frequency	Sanaatana Vedic Frequency	3b1bbfb3-e88d-49d5-91b4-f619dc802de3	मैं धरती का नून	sanaatana-vaigyaniq	Sanatan & Vedic	Sanskrit	Sanatan & Vedic	true	102
albums	sanaatana-vedic-frequency	Sanaatana Vedic Frequency	c2da4a42-4081-4f8b-bcce-99e67d38740e	Animatrix लोडिंग	sanaatana-vaigyaniq	Sanatan & Vedic	English	Afro-Phonk Fusion, Vedic Chanting, Modern Indian Folk, Neon-Sufi, Syncopated Dje	true	66
albums	sanaatana-vedic-frequency	Sanaatana Vedic Frequency	55ff3fb9-78dd-47aa-954e-b679fb027780	Sanatan Data (Woodwinds)	sanaatana-vaigyaniq	Sanatan & Vedic	English	NULL	false	0
albums	sanaatana-vedic-frequency	Sanaatana Vedic Frequency	750b55e5-c14a-4830-b809-46c5c268bb10	Sanatan Data (FX)	sanaatana-vaigyaniq	Sanatan & Vedic	English	NULL	false	0
albums	sanaatana-vedic-frequency	Sanaatana Vedic Frequency	6733d2a3-417b-48bc-860b-da829db4aea6	Sanatan Data (Brass)	sanaatana-vaigyaniq	Sanatan & Vedic	English	NULL	false	0
albums	sanaatana-vedic-frequency	Sanaatana Vedic Frequency	df9decba-6d7a-4b41-b934-ece15438bc04	Sanatan Data (Synth)	sanaatana-vaigyaniq	Sanatan & Vedic	English	NULL	false	0
albums	sanaatana-vedic-frequency	Sanaatana Vedic Frequency	4038805a-13f2-4ea4-8ebc-0aaf8b8d4a63	Sanatan Data (Strings)	sanaatana-vaigyaniq	Sanatan & Vedic	English	NULL	false	0
albums	sanaatana-vedic-frequency	Sanaatana Vedic Frequency	5b28d996-b797-44fd-84e6-91260239f99a	Sanatan Data (Percussion)	sanaatana-vaigyaniq	Sanatan & Vedic	English	NULL	false	0
albums	sanaatana-vedic-frequency	Sanaatana Vedic Frequency	d52c5488-160e-4898-95b6-9aba85fc57b1	Sanatan Data (Keyboard)	sanaatana-vaigyaniq	Sanatan & Vedic	English	NULL	false	0
albums	sanaatana-vedic-frequency	Sanaatana Vedic Frequency	06022320-56b7-4569-93f1-46ff24219ab6	Sanatan Data (Guitar)	sanaatana-vaigyaniq	Sanatan & Vedic	English	NULL	false	0
albums	sanaatana-vedic-frequency	Sanaatana Vedic Frequency	b6eefd3b-f41e-41d8-9e90-857f3d92e322	Sanatan Data (Bass)	sanaatana-vaigyaniq	Sanatan & Vedic	English	NULL	false	0
albums	sanaatana-vedic-frequency	Sanaatana Vedic Frequency	fcb87d9a-652c-460e-bc96-12071b018834	Sanatan Data (Drums)	sanaatana-vaigyaniq	Sanatan & Vedic	English	NULL	false	0
albums	sanaatana-vedic-frequency	Sanaatana Vedic Frequency	fad79731-3877-425f-a565-dc7a091f1209	Sanatan Data (Vocals)	sanaatana-vaigyaniq	Sanatan & Vedic	English	NULL	true	42
albums	sanaatana-vedic-frequency	Sanaatana Vedic Frequency	2df22d4b-e5ef-452e-9aae-60e2c60cfbb4	Sanatan Data (Backing Vocals)	sanaatana-vaigyaniq	Sanatan & Vedic	English	NULL	true	42
albums	sanaatana-vedic-frequency	Sanaatana Vedic Frequency	bff7af57-604d-4eb1-8620-88141375f222	Sanatan Data (Woodwinds)	sanaatana-vaigyaniq	Sanatan & Vedic	English	NULL	false	0
albums	sanaatana-vedic-frequency	Sanaatana Vedic Frequency	92163cc3-c08b-4c75-94ac-496254f1f521	Sanatan Data (Brass)	sanaatana-vaigyaniq	Sanatan & Vedic	English	NULL	false	0
albums	sanaatana-vedic-frequency	Sanaatana Vedic Frequency	fdc7c260-7895-4cf1-a49a-4c69b66d3ffd	Sanatan Data (FX)	sanaatana-vaigyaniq	Sanatan & Vedic	English	NULL	false	0
albums	sanaatana-vedic-frequency	Sanaatana Vedic Frequency	3afc05ed-d817-4a5d-8bc7-283c5aabfd16	Sanatan Data (Synth)	sanaatana-vaigyaniq	Sanatan & Vedic	English	NULL	false	0
albums	sanaatana-vedic-frequency	Sanaatana Vedic Frequency	c34d5864-b138-4724-8ce0-42b8df09bc20	Sanatan Data (Percussion)	sanaatana-vaigyaniq	Sanatan & Vedic	English	NULL	false	0
albums	sanaatana-vedic-frequency	Sanaatana Vedic Frequency	8fb6e001-23ae-46fd-864d-27f15ca9c8a9	Sanatan Data (Strings)	sanaatana-vaigyaniq	Sanatan & Vedic	English	NULL	false	0
albums	sanaatana-vedic-frequency	Sanaatana Vedic Frequency	30abfc96-11b2-4d86-b059-077e1cbd984c	Sanatan Data (Keyboard)	sanaatana-vaigyaniq	Sanatan & Vedic	English	NULL	false	0
albums	sanaatana-vedic-frequency	Sanaatana Vedic Frequency	5c1e3da3-0ba0-4e42-ac96-403818537176	Sanatan Data (Guitar)	sanaatana-vaigyaniq	Sanatan & Vedic	English	NULL	false	0
albums	sanaatana-vedic-frequency	Sanaatana Vedic Frequency	b20658c7-bce6-4c52-aa19-264349be1606	Sanatan Data (Bass)	sanaatana-vaigyaniq	Sanatan & Vedic	English	NULL	false	0
albums	sanaatana-vedic-frequency	Sanaatana Vedic Frequency	a7d65933-ac13-4ad7-ab6a-5aa7d140a532	Sanatan Data (Drums)	sanaatana-vaigyaniq	Sanatan & Vedic	English	NULL	false	0
albums	sanaatana-vedic-frequency	Sanaatana Vedic Frequency	0e3e9b9c-f329-493b-a0a5-bc60ac1606d4	Sanatan Data (Backing Vocals)	sanaatana-vaigyaniq	Sanatan & Vedic	English	NULL	true	42
albums	sanaatana-vedic-frequency	Sanaatana Vedic Frequency	ebd8e4bb-3d61-4661-89bf-5f04d9c473fe	Sanatan Data (Vocals)	sanaatana-vaigyaniq	Sanatan & Vedic	English	NULL	true	42
albums	sanaatana-vedic-frequency	Sanaatana Vedic Frequency	3580b58a-f911-4e7a-a531-b00a0b28b285	Sanatan Data	sanaatana-vaigyaniq	Sanatan & Vedic	English	Dark Drift Phonk, Afrobeat percussion, Cyber-Sufi, Cinematic Space Atmosphere, H	true	42
albums	sanaatana-vedic-frequency	Sanaatana Vedic Frequency	3225dd25-cc33-46f2-a2ae-25251f5514bd	मेरा अंतरमन डोले	sanaatana-vaigyaniq	Sanatan & Vedic	Sanskrit	Sanatan & Vedic	true	42
albums	sanaatana-vedic-frequency	Sanaatana Vedic Frequency	2fd61f04-cf7c-48c8-b0fc-88e954b400a3	सनातन ट्रेन	sanaatana-vaigyaniq	Sanatan & Vedic	Sanskrit	NULL	true	20
albums	sanaatana-vedic-frequency	Sanaatana Vedic Frequency	f3bece2c-8fd5-4865-af7e-d5cc311fcaf9	प्यार प्यार प्यार रहे	sanaatana-vaigyaniq	Sanatan & Vedic	Sanskrit	Sanatan & Vedic	true	20
albums	sanaatana-vedic-frequency	Sanaatana Vedic Frequency	4755eedc-6653-4f47-a62c-4c49b907cf1d	🎵 नया गीत – "पंडित होने की कोशिश	sanaatana-vaigyaniq	Sanatan & Vedic	Sanskrit	Sanatan & Vedic	true	30
albums	sanaatana-vedic-frequency	Sanaatana Vedic Frequency	0ee9ebdc-e004-4d32-a610-eebd7d83bb83	झूठ के नाम हज़ार.. सत्य घर में बेनाम	sanaatana-vaigyaniq	Sanatan & Vedic	Sanskrit	Sanatan & Vedic	true	24
albums	sanaatana-vedic-frequency	Sanaatana Vedic Frequency	d192c358-e056-42b1-87ac-fb68c6578234	ॐ झं! झौं! झीं! फटक मार	sanaatana-vaigyaniq	Sanatan & Vedic	Sanskrit	Sanatan & Vedic	true	22
albums	sanaatana-vedic-frequency	Sanaatana Vedic Frequency	676e99b3-6ffb-4c8a-b389-dcdc0ac45ece	न नाश	sanaatana-vaigyaniq	Sanatan & Vedic	Sanskrit	Sanatan & Vedic	true	32
albums	sanaatana-vedic-frequency	Sanaatana Vedic Frequency	97a3a9b7-6579-4077-8f26-19f8c61113b4	शंख-कोड गूँज	sanaatana-vaigyaniq	Sanatan & Vedic	Sanskrit	Genre: Fast-Paced Trap / Melodic Rap Neural Futurism Tempo: 150 BPM (High Energy	true	32
albums	sanaatana-vedic-frequency	Sanaatana Vedic Frequency	a8db0e7b-ca71-4345-9952-aebc3c4d9c7d	शून्य शंख-पैड	sanaatana-vaigyaniq	Sanatan & Vedic	Sanskrit	Atmospheric Afro-Zen x Deep Minimalism. 110 BPM.  Texture: आवाज़ों के बजाय 'Space	true	28
albums	sanaatana-vedic-frequency	Sanaatana Vedic Frequency	a780eeee-8325-40dc-91b9-a2a2ee4a7515	मिटा दे नाम को	sanaatana-vaigyaniq	Sanatan & Vedic	Sanskrit	Sanatan & Vedic	true	28
albums	sanaatana-vedic-frequency	Sanaatana Vedic Frequency	fad3edfd-8f23-410c-82fb-282dbdd51c59	पंडित हेमंत कुमार... दीक्षित	sanaatana-vaigyaniq	Sanatan & Vedic	Sanskrit	Sanatan & Vedic	true	32
albums	sanaatana-vedic-frequency	Sanaatana Vedic Frequency	be8830ac-7a68-434c-b532-0d602396c088	शून्य-लय पंडित	sanaatana-vaigyaniq	Sanatan & Vedic	Sanskrit	Cinematic Afro-Drill x Vedic Industrial. 110 BPM. Vocal: Deep, commanding barito	true	32
albums	sanaatana-vedic-frequency	Sanaatana Vedic Frequency	5fc639fe-7b5a-4ff3-b972-17f25f8a13f4	शून्य-शोर अकाल	sanaatana-vaigyaniq	Sanatan & Vedic	Sanskrit	Neo-Vedic Phonk meets Afro-Drill. 110 BPM.  Instrumentation: > * Intro (0:00-0:0	true	41
albums	sanaatana-vedic-frequency	Sanaatana Vedic Frequency	2c6b5c78-e36b-43aa-b1c2-7fb8770902d3	शून्य के भीतर शोर खड़ा है	sanaatana-vaigyaniq	Sanatan & Vedic	Sanskrit	Sanatan & Vedic	true	41
albums	sanaatana-vedic-frequency	Sanaatana Vedic Frequency	d296596e-d584-45b6-85f0-188c6772452a	ईश्वर एक बहरूपिया	sanaatana-vaigyaniq	Sanatan & Vedic	Sanskrit	Sanatan & Vedic	true	76
albums	sanaatana-vedic-frequency	Sanaatana Vedic Frequency	617e2c52-66f1-4c4c-9a88-37b2388e34c9	ये... हिस्स्स... इस-इस-इस-इस... टोरी	sanaatana-vaigyaniq	Sanatan & Vedic	Sanskrit	Sanatan & Vedic	true	25
albums	sanaatana-vedic-frequency	Sanaatana Vedic Frequency	c6626624-b9b4-4338-9550-008f9f82502f	दादा चेन टोरी	sanaatana-vaigyaniq	Sanatan & Vedic	Sanskrit	Cinematic Dark Vedic-Trap, 90 BPM Hypnotic Shamanic Pulse, Multi-vocal arrangeme	true	25
albums	sanaatana-vedic-frequency	Sanaatana Vedic Frequency	f4a8a880-7287-459d-8490-d48a3278d365	Zindagi guzar rahi sabki jor-aazmaish mein	sanaatana-vaigyaniq	Sanatan & Vedic	English	Sanatan & Vedic	true	41
albums	sanaatana-vedic-frequency	Sanaatana Vedic Frequency	5068a560-60b3-4b89-8e83-0043262dc67f	What is truth? What is a lie	sanaatana-vaigyaniq	Sanatan & Vedic	English	Sanatan & Vedic	true	52
albums	sanaatana-vedic-frequency	Sanaatana Vedic Frequency	212b81f6-e8b1-474c-9352-45c27deed354	आवाज़ों की अदालत	sanaatana-vaigyaniq	Sanatan & Vedic	Sanskrit	Sanatan & Vedic	true	29
albums	sanaatana-vedic-frequency	Sanaatana Vedic Frequency	9e058f7c-2ab6-4715-a723-643881330f31	आवाज़ों की अदालत	sanaatana-vaigyaniq	Sanatan & Vedic	Sanskrit	Sanatan & Vedic	true	31
albums	sanaatana-vedic-frequency	Sanaatana Vedic Frequency	e69716ad-6001-4c92-9160-2a4a79565ed6	पकड़ लिया एटम एक P.H.K.D. हुया दीवाना	sanaatana-vaigyaniq	Sanatan & Vedic	English	Sanatan & Vedic	true	34
albums	sanaatana-vedic-frequency	Sanaatana Vedic Frequency	e16d94cb-b3c5-4238-a1c5-c60c69bed286	गात झुनझुनी खावे	sanaatana-vaigyaniq	Sanatan & Vedic	Sanskrit	Sanatan & Vedic	true	61
albums	sanaatana-vedic-frequency	Sanaatana Vedic Frequency	47df1a51-f676-4534-9f25-5dd295225c24	गात झुनझुनी खावे	sanaatana-vaigyaniq	Sanatan & Vedic	Sanskrit	Sanatan & Vedic	true	62
albums	sanaatana-vedic-frequency	Sanaatana Vedic Frequency	b2c55b1c-8a02-4b27-93aa-0ef9015a5a48	गात झुनझुनी खावे	sanaatana-vaigyaniq	Sanatan & Vedic	Sanskrit	Sanatan & Vedic	true	62
albums	sanaatana-vedic-frequency	Sanaatana Vedic Frequency	44df1c96-0eb7-4f53-bbe5-8eec51102318	Ek chilam... ek baabaa... do ghade ka khel... Ek	sanaatana-vaigyaniq	Sanatan & Vedic	English	Sanatan & Vedic	true	47
albums	sanaatana-vedic-frequency	Sanaatana Vedic Frequency	5fc46f1d-1412-45b1-876d-64343d2f90e6	Data corrupted	sanaatana-vaigyaniq	Sanatan & Vedic	English	Sanatan & Vedic	true	5
albums	sanaatana-vedic-frequency	Sanaatana Vedic Frequency	caf9e4e7-7ec2-483a-9a2d-9a82681054d5	Radio Vaigyaaniq: Sanatana Station	sanaatana-vaigyaniq	Sanatan & Vedic	English	Sanatan & Vedic	true	4
albums	sanaatana-vedic-frequency	Sanaatana Vedic Frequency	879f8447-37de-41b3-8b68-3cdb2079792a	Sanatana Station	sanaatana-vaigyaniq	Sanatan & Vedic	English	NULL	true	5
albums	sanaatana-vedic-frequency	Sanaatana Vedic Frequency	02d26992-b08d-4a7e-9759-9120eaca1a4e	Radio Vaigyaaniq: Sanatana Station	sanaatana-vaigyaniq	Sanatan & Vedic	English	Sanatan & Vedic	true	4
albums	sanaatana-vedic-frequency	Sanaatana Vedic Frequency	456fd8aa-be4b-4bda-93a3-d35206867b65	Radio Vaigyaaniq: Sanatana Station	sanaatana-vaigyaniq	Sanatan & Vedic	English	Sanatan & Vedic	true	5
albums	sanaatana-vedic-frequency	Sanaatana Vedic Frequency	891ce80b-b8ba-45a7-96ec-a3d25cc8854c	मैं हूँ तेरा	sanaatana-vaigyaniq	Sanatan & Vedic	Sanskrit	Sanatan & Vedic	true	53
albums	sanaatana-vedic-frequency	Sanaatana Vedic Frequency	b9633887-5995-40bd-9ea7-8e4197f229d5	मैं हूँ तेरा	sanaatana-vaigyaniq	Sanatan & Vedic	Sanskrit	Sanatan & Vedic	true	51
albums	sanaatana-vedic-frequency	Sanaatana Vedic Frequency	458d70be-5ef2-4bbb-af05-f6c7536d0356	ह-ह-ह-ह हुट... हे-हे-हे झट	sanaatana-vaigyaniq	Sanatan & Vedic	Sanskrit	Sanatan & Vedic	true	38
albums	sanaatana-vedic-frequency	Sanaatana Vedic Frequency	79df050a-9ca2-4238-8c67-f3470d7b0b0f	(untitled)	sanaatana-vaigyaniq	Sanatan & Vedic	English	Vedic Industrial Rock, Nu-Metal, Indian Raga Hansadhwani on Bansuri flute, Cinem	true	38
albums	sanaatana-vedic-frequency	Sanaatana Vedic Frequency	1c19af11-e727-40ce-ab1f-10a6cc04b68e	(untitled)	sanaatana-vaigyaniq	Sanatan & Vedic	English	[Intro: Atmospheric Flute and Cosmic Pads] [Verse: Soulful Indian Male Vocals, D	true	26
albums	sanaatana-vedic-frequency	Sanaatana Vedic Frequency	e24efd14-993f-446c-b6bc-af7aa99c96b1	Main sabko khud mein samaye ek pyala hoon	sanaatana-vaigyaniq	Sanatan & Vedic	English	Sanatan & Vedic	true	26
albums	sanaatana-vedic-frequency	Sanaatana Vedic Frequency	53d6b687-9225-46f0-a82d-448af2a35562	S r G r S	sanaatana-vaigyaniq	Sanatan & Vedic	English	Sanatan & Vedic	true	55
albums	sanaatana-vedic-frequency	Sanaatana Vedic Frequency	3139ea17-9462-4aa7-998a-06ca08e7d1ac	दो हिस्से	sanaatana-vaigyaniq	Sanatan & Vedic	Sanskrit	Sanatan & Vedic	true	43
albums	sanaatana-vedic-frequency	Sanaatana Vedic Frequency	81109d76-22c0-4e21-9bd6-a57682008382	शक्ति जाग री	sanaatana-vaigyaniq	Sanatan & Vedic	Sanskrit	Sanatan & Vedic	true	31
albums	sanaatana-vedic-frequency	Sanaatana Vedic Frequency	7f4291cd-2f2a-4714-bc31-69d28eec6c38	Shakti jaag ri	sanaatana-vaigyaniq	Sanatan & Vedic	English	Sanatan & Vedic	true	31
albums	sanaatana-vedic-frequency	Sanaatana Vedic Frequency	dcc995be-7ebf-4fd1-8ad6-c5afa618439d	जैसे ही छुआ उसे... लालच के हाथों ने	sanaatana-vaigyaniq	Sanatan & Vedic	Sanskrit	Sanatan & Vedic	true	39
albums	sanaatana-vedic-frequency	Sanaatana Vedic Frequency	3733b4fd-e7f9-418c-a5cb-dcdc0b661384	0:00 Tanpura + Siddham “Om”	sanaatana-vaigyaniq	Sanatan & Vedic	English	Sanatan & Vedic	true	11
albums	sanaatana-vedic-frequency	Sanaatana Vedic Frequency	29ce4071-ec2f-4be4-9034-d4332fe76f86	ज़ीरो के उन हीरों को	sanaatana-vaigyaniq	Sanatan & Vedic	Sanskrit	Sanatan & Vedic	true	26
albums	sanaatana-vedic-frequency	Sanaatana Vedic Frequency	61ca183b-a733-45f2-a526-40124620f6a1	(untitled)	sanaatana-vaigyaniq	Sanatan & Vedic	English	🎤 haryanvi ragni suparfun vs vedant chanting	true	175
albums	sanaatana-vedic-frequency	Sanaatana Vedic Frequency	0907ea5b-01db-4afe-a2a1-958b706d1c5a	तू है समंदर	sanaatana-vaigyaniq	Sanatan & Vedic	Sanskrit	Sanatan & Vedic	true	88
albums	sanaatana-vedic-frequency	Sanaatana Vedic Frequency	c442e04f-271b-411b-ba4b-42d0ecff3a38	ब्राह्मी → प्राकृत → खरोष्ठी का flow	sanaatana-vaigyaniq	Sanatan & Vedic	English	Sanatan & Vedic	true	86
albums	sanaatana-vedic-frequency	Sanaatana Vedic Frequency	e96f8afe-e1fc-4cc8-9998-16627bca7b9c	ठहर	sanaatana-vaigyaniq	Sanatan & Vedic	Sanskrit	Sanatan & Vedic	true	60
albums	sanaatana-vedic-frequency	Sanaatana Vedic Frequency	acefb505-26f4-4b95-b378-e064eaccf86f	वक़्त के घोड़ों को	sanaatana-vaigyaniq	Sanatan & Vedic	Sanskrit	Sanatan & Vedic	true	89
albums	sanaatana-vedic-frequency	Sanaatana Vedic Frequency	c8a46987-b4d4-41ee-aa0c-36c1f1115cf2	Tibetan Bowl	sanaatana-vaigyaniq	Sanatan & Vedic	English	Sanatan & Vedic	true	95
albums	sanaatana-vedic-frequency	Sanaatana Vedic Frequency	7e3ba569-59f8-4cf2-aebb-45d436b941ef	Tibetan Bowl	sanaatana-vaigyaniq	Sanatan & Vedic	English	Sanatan & Vedic	true	95
albums	sanaatana-vedic-frequency	Sanaatana Vedic Frequency	22925574-1f8c-4bba-927a-63bf25e66c7c	Desert wind	sanaatana-vaigyaniq	Sanatan & Vedic	English	Sanatan & Vedic	true	116
albums	sanaatana-vedic-frequency	Sanaatana Vedic Frequency	1630fdc7-2ea0-4737-a448-84a9e3a68bc4	(untitled)	kabir-clubbing	Rap & Fusion	English	Neuro-Tantra Devotional Trance Start: whisper + tanpura (no beat) Gradually add	true	78
albums	sanaatana-vedic-frequency	Sanaatana Vedic Frequency	4c9ffaea-c955-4c6e-b22b-974c6fbe1284	kush..mana..da	sanaatana-vaigyaniq	Sanatan & Vedic	English	Cinematic Vedic Psy-Trap, 145 BPM, Heavy pulsating 808 Sub-bass, Fast-paced Trib	true	34
albums	sanaatana-vedic-frequency	Sanaatana Vedic Frequency	17cea20d-3770-4288-aeac-d5d0a9677a3f	kush..mana..da	sanaatana-vaigyaniq	Sanatan & Vedic	English	Cinematic Vedic Psy-Trap, 145 BPM, Heavy pulsating 808 Sub-bass, Fast-paced Trib	true	34
albums	sanaatana-vedic-frequency	Sanaatana Vedic Frequency	0366db7b-3209-4ccf-af83-12fda3311c23	kush..mana..da	sanaatana-vaigyaniq	Sanatan & Vedic	English	Cinematic Vedic Psy-Trap, 145 BPM, Heavy pulsating 808 Sub-bass, Fast-paced Trib	true	34
albums	sanaatana-vedic-frequency	Sanaatana Vedic Frequency	575f5473-b86b-466f-b63d-980c2bec7855	माँ कूष्माण्डा की प्यारी मुस्कान	sanaatana-vaigyaniq	Sanatan & Vedic	Sanskrit	Sanatan & Vedic	true	34
albums	sanaatana-vedic-frequency	Sanaatana Vedic Frequency	bea936de-88c1-4d19-9f9a-04973bec0cc0	kush..mana..da	sanaatana-vaigyaniq	Sanatan & Vedic	English	Cinematic Vedic-Trap, Heavy 808 Bass, 140 BPM, Aggressive Haryanvi Ragni Rap flo	true	34
albums	sanaatana-vedic-frequency	Sanaatana Vedic Frequency	87176aad-96cb-487c-b065-7faa93e5d442	kush..mana..da	sanaatana-vaigyaniq	Sanatan & Vedic	English	Cinematic Vedic-Trap, Heavy 808 Bass, 140 BPM, Aggressive Haryanvi Ragni Rap flo	true	34
albums	sanaatana-vedic-frequency	Sanaatana Vedic Frequency	01b47c28-4773-42d5-b158-8a73c0cc9248	kush..mana..da	sanaatana-vaigyaniq	Sanatan & Vedic	English	Cinematic Vedic Trap, Massive 808 Bass, 140 BPM, Deep Atmospheric Reverb, Ancien	true	42
albums	sanaatana-vedic-frequency	Sanaatana Vedic Frequency	e8ac43d3-688b-49ee-8ec3-ed025ddcb33b	कूष्माण्डा की 'स्मित' है शक्ति	sanaatana-vaigyaniq	Sanatan & Vedic	Sanskrit	Sanatan & Vedic	true	42
albums	sanaatana-vedic-frequency	Sanaatana Vedic Frequency	4cf5c8eb-fe72-483f-952d-0556a8e4b408	Om Devi Chandraghantayai Namah! माथे पे चंदा	sanaatana-vaigyaniq	Sanatan & Vedic	Sanskrit	Sanatan & Vedic	true	65
albums	sanaatana-vedic-frequency	Sanaatana Vedic Frequency	a13e3aff-822d-4a39-840c-333df718a6a6	Om Devi Chandraghantayai Namah! माथे पे चंदा	sanaatana-vaigyaniq	Sanatan & Vedic	Sanskrit	Sanatan & Vedic	true	47
albums	sanaatana-vedic-frequency	Sanaatana Vedic Frequency	35c9d20a-94e6-4b53-9e14-073f7c519e47	ॐ देवी चन्द्रघण्टायै नमः	kabir-clubbing	Bhakti & Katha	Sanskrit	Bhakti & Katha	true	92
albums	sanaatana-vedic-frequency	Sanaatana Vedic Frequency	ad20ad65-6256-4cde-b283-500aae7ad4fd	Om Devi Chandraghantayai Namah	sanaatana-vaigyaniq	Sanatan & Vedic	Sanskrit	Sanatan & Vedic	true	82
albums	sanaatana-vedic-frequency	Sanaatana Vedic Frequency	092cd586-b79b-465f-b06c-972aa38bd494	neural jogi	sanaatana-vaigyaniq	Sanatan & Vedic	English	Haryanvi Ragni-Trap Fusion, Psytrance, 432Hz Tuning, Cinematic Vedic Bass, Aggre	true	82
albums	sanaatana-vedic-frequency	Sanaatana Vedic Frequency	c2ff4d29-bde8-449a-847e-9dcdc78e4a69	neural jogi	sanaatana-vaigyaniq	Sanatan & Vedic	English	Haryanvi Ragni-Trap Fusion, Psytrance, 432Hz Tuning, Cinematic Vedic Bass, Aggre	true	66
albums	sanaatana-vedic-frequency	Sanaatana Vedic Frequency	78e037f2-edcd-4a6c-bdc4-099e1b4774e9	Om Devi Chandraghantayai Namah	sanaatana-vaigyaniq	Sanatan & Vedic	Sanskrit	Sanatan & Vedic	true	66
albums	sanaatana-vedic-frequency	Sanaatana Vedic Frequency	ccb6b23a-62e2-44e4-b1f4-94283dd7bdfc	neural jogi	sanaatana-vaigyaniq	Sanatan & Vedic	English	Haryanvi Ragni-Trap Fusion, Psytrance, 432Hz Tuning, Cinematic Vedic Bass, Aggre	true	23
albums	sanaatana-vedic-frequency	Sanaatana Vedic Frequency	32b5d3c2-5566-44b7-9d81-86e8f1685967	Om Devi Chandraghantayai Namah	sanaatana-vaigyaniq	Sanatan & Vedic	Sanskrit	Sanatan & Vedic	true	23
albums	sanaatana-vedic-frequency	Sanaatana Vedic Frequency	c1f60054-5682-4989-a470-f3ba4295c065	गणगौर आई रे… सज धज जाई रे	sanaatana-vaigyaniq	Sanatan & Vedic	Sanskrit	Sanatan & Vedic	true	30
albums	sanaatana-vedic-frequency	Sanaatana Vedic Frequency	b3dab790-2dfb-43e9-bd08-6fed863e2e42	om gaurishankaraya namah	sanaatana-vaigyaniq	Sanatan & Vedic	Sanskrit	Sanatan & Vedic	true	18
albums	sanaatana-vedic-frequency	Sanaatana Vedic Frequency	b7ab25e5-8f36-4dd2-a0ed-a64c5f9f0b63	हर-हर महादेव... हर-हर महादेव	sanaatana-vaigyaniq	Sanatan & Vedic	Sanskrit	Sanatan & Vedic	true	95
albums	sanaatana-vedic-frequency	Sanaatana Vedic Frequency	abdadc18-6d3f-43c5-aacc-5df4eba20e4d	(untitled)	sanaatana-vaigyaniq	Sanatan & Vedic	English	hard death rock  vedic sanskrit	true	95
albums	sanaatana-vedic-frequency	Sanaatana Vedic Frequency	9ea90a62-a2d7-462c-9f8c-fb078246a1ae	eeee ee eeee eaeaeaaeen	sanaatana-vaigyaniq	Sanatan & Vedic	English	Sanatan & Vedic	true	7
albums	sanaatana-vedic-frequency	Sanaatana Vedic Frequency	f5ee1b21-dfd0-497c-8f70-18a04305df49	(untitled)	sanaatana-vaigyaniq	Sanatan & Vedic	English	वैदिक तंत्र हेमंत तत्व	true	7
albums	sanaatana-vedic-frequency	Sanaatana Vedic Frequency	322826de-5054-4df5-868c-4d8eefd1140f	सीधी दुनिया उल्टे लोग	sanaatana-vaigyaniq	Sanatan & Vedic	Sanskrit	Sanatan & Vedic	true	101
albums	sanaatana-vedic-frequency	Sanaatana Vedic Frequency	75db9ef6-ac44-4361-aa4f-64d05aab70a8	(untitled)	sanaatana-vaigyaniq	Sanatan & Vedic	English	वैदिक तंत्र हेमंत तत्व	true	101
albums	sanaatana-vedic-frequency	Sanaatana Vedic Frequency	f02bb457-88b6-415c-9b34-da9e9896a390	neural jogi	sanaatana-vaigyaniq	Sanatan & Vedic	English	TITLE: Triveni Naad – Inner Jogi Duet  [STYLE: Indian Folk Jogi Ragni + Gurbani	true	79
albums	sanaatana-vedic-frequency	Sanaatana Vedic Frequency	57e3125d-6eff-4b5a-883a-4da698ee8f1d	Deep serious alaap	sanaatana-vaigyaniq	Sanatan & Vedic	English	Sanatan & Vedic	true	51
albums	sanaatana-vedic-frequency	Sanaatana Vedic Frequency	2fc25f01-e1af-419b-af18-4a94b1792d7b	(untitled)	sanaatana-vaigyaniq	Sanatan & Vedic	English	TITLE: **“NAAD BRAHM: 31 RAAG NEURAL JOGI ALBUM”**  STYLE: Indian Folk (Haryanvi	true	51
albums	sanaatana-vedic-frequency	Sanaatana Vedic Frequency	28f32076-2c38-4dfd-8f9b-27aeeee9b5bc	❤️ जोगी देवे गारंटी बात	sanaatana-vaigyaniq	Sanatan & Vedic	Sanskrit	Sanatan & Vedic	true	79
albums	sanaatana-vedic-frequency	Sanaatana Vedic Frequency	17393950-853a-4aed-9e6f-229ac70f25e0	“NAAD BRAHM: 31 RAAG NEURAL JOGI ALBUM”	sanaatana-vaigyaniq	Sanatan & Vedic	English	Sanatan & Vedic	true	70
albums	sanaatana-vedic-frequency	Sanaatana Vedic Frequency	f394c2ee-40d3-4222-96f3-594a597d4370	Akhand-Siddham! Akhand-Siddham	sanaatana-vaigyaniq	Sanatan & Vedic	English	Sanatan & Vedic	true	18
albums	sanaatana-vedic-frequency	Sanaatana Vedic Frequency	38c841da-2008-4d6a-b85d-83833454d8ee	लुलु	sanaatana-vaigyaniq	Sanatan & Vedic	Sanskrit	Sanatan & Vedic	true	31
albums	sanaatana-vedic-frequency	Sanaatana Vedic Frequency	b25849ae-7771-4878-a6e9-6ea75ef49a13	इतिहासः सिद्धम्! आनंदोऽस्तु	sanaatana-vaigyaniq	Sanatan & Vedic	Sanskrit	Sanatan & Vedic	true	27
albums	sanaatana-vedic-frequency	Sanaatana Vedic Frequency	1795fde2-4568-429d-86af-bfc929504dc6	(untitled)	sanaatana-vaigyaniq	Sanatan & Vedic	English	Genre: Vedic-Ambient, Cinematic Folk, Cyber-Tribal, Ethno-Industrial.  Mood: Sac	true	38
albums	sanaatana-vedic-frequency	Sanaatana Vedic Frequency	85859d74-b474-4661-aa75-df60336c7497	इतिहासः सिद्धम्! आनंदोऽस्तु	sanaatana-vaigyaniq	Sanatan & Vedic	Sanskrit	Sanatan & Vedic	true	38
albums	sanaatana-vedic-frequency	Sanaatana Vedic Frequency	c2942834-cd11-4b45-8610-08a32d23be82	(untitled)	sanaatana-vaigyaniq	Sanatan & Vedic	English	aghories with been, khamak, damru, naad... shiv gaNa aghore. rudra veeNa.  only	true	34
albums	sanaatana-vedic-frequency	Sanaatana Vedic Frequency	cef36d0f-7570-45ad-b4cd-9e9d1999be10	(untitled)	sanaatana-vaigyaniq	Sanatan & Vedic	English	aghories with been, khamak, damru, naad... shiv gaNa aghore. rudra veeNa.  only	true	34
albums	sanaatana-vedic-frequency	Sanaatana Vedic Frequency	1bd52bf2-d26e-4822-8299-2ef883803518	अघोर... अघोर... अघोर	sanaatana-vaigyaniq	Sanatan & Vedic	Sanskrit	Sanatan & Vedic	true	34
albums	sanaatana-vedic-frequency	Sanaatana Vedic Frequency	20b2eae2-e758-4646-b7ca-94502619813e	इतनी ही दया	sanaatana-vaigyaniq	Sanatan & Vedic	Sanskrit	Sanatan & Vedic	true	49
albums	sanaatana-vedic-frequency	Sanaatana Vedic Frequency	29a17f2c-a3b6-463d-9a08-8fede6cb142a	का खा गा घा	sanaatana-vaigyaniq	Sanatan & Vedic	Sanskrit	Sanatan & Vedic	true	223
albums	sanaatana-vedic-frequency	Sanaatana Vedic Frequency	ecfcf3e2-e6b5-4377-b4bf-52d3acda1360	का खा गा घा	sanaatana-vaigyaniq	Sanatan & Vedic	Sanskrit	Sanatan & Vedic	true	224
albums	sanaatana-vedic-frequency	Sanaatana Vedic Frequency	e97cc568-6578-4bba-a1c3-0580783e1d53	(untitled)	sanaatana-vaigyaniq	Sanatan & Vedic	English	Genre:  Vedic Cosmic Rap  Nautanki folk + Hip-hop  Cinematic mythological rap  I	true	211
albums	sanaatana-vedic-frequency	Sanaatana Vedic Frequency	954ceeb0-8f77-4fdc-9b97-439fd3559810	का खा गा घा	sanaatana-vaigyaniq	Sanatan & Vedic	Sanskrit	Sanatan & Vedic	true	211
albums	sanaatana-vedic-frequency	Sanaatana Vedic Frequency	c8e9d4ca-0d7d-4624-8efb-0b23973de9a3	का खा गा घा	sanaatana-vaigyaniq	Sanatan & Vedic	Sanskrit	Sanatan & Vedic	true	200
albums	sanaatana-vedic-frequency	Sanaatana Vedic Frequency	24b25363-caab-410d-a1a7-a36f5df70481	(untitled)	sanaatana-vaigyaniq	Sanatan & Vedic	English	Genre:  Vedic Cosmic Rap  Nautanki folk + Hip-hop  Cinematic mythological rap  I	true	200
albums	sanaatana-vedic-frequency	Sanaatana Vedic Frequency	4e8ab515-7696-4a5d-ada8-911355a71d61	(untitled)	sanaatana-vaigyaniq	Sanatan & Vedic	English	Genre:  Vedic Cosmic Rap  Nautanki folk + Hip-hop  Cinematic mythological rap  I	true	180
albums	sanaatana-vedic-frequency	Sanaatana Vedic Frequency	e9e95c40-884e-4b74-a1f6-5db9c6bdeb93	का खा गा घा	sanaatana-vaigyaniq	Sanatan & Vedic	Sanskrit	Sanatan & Vedic	true	180
albums	sanaatana-vedic-frequency	Sanaatana Vedic Frequency	bc962e4c-9016-4ba8-bb3e-e257917e3dd4	का खा गा घा	sanaatana-vaigyaniq	Sanatan & Vedic	Sanskrit	Sanatan & Vedic	true	155
albums	sanaatana-vedic-frequency	Sanaatana Vedic Frequency	7b8aaf45-66a4-4e30-acdd-38c437907a8e	(untitled)	sanaatana-vaigyaniq	Sanatan & Vedic	English	Genre:  Vedic Cosmic Rap  Nautanki folk + Hip-hop  Cinematic mythological rap  I	true	155
albums	sanaatana-vedic-frequency	Sanaatana Vedic Frequency	dfe02902-7e32-4106-a738-2f3c88aabf9c	का खा गा घा	sanaatana-vaigyaniq	Sanatan & Vedic	Sanskrit	Sanatan & Vedic	true	112
albums	sanaatana-vedic-frequency	Sanaatana Vedic Frequency	b8e5aa64-0398-4c26-9ef9-aa516d2421c3	(untitled)	sanaatana-vaigyaniq	Sanatan & Vedic	English	Genre:  Vedic Cosmic Rap  Nautanki folk + Hip-hop  Cinematic mythological rap  I	true	108
albums	sanaatana-vedic-frequency	Sanaatana Vedic Frequency	7279327a-abd6-4b19-8bd9-41db02769c97	(untitled)	sanaatana-vaigyaniq	Sanatan & Vedic	English	Genre:  Vedic Cosmic Rap  Nautanki folk + Hip-hop  Cinematic mythological rap  I	true	112
albums	sanaatana-vedic-frequency	Sanaatana Vedic Frequency	68e1e3bc-204b-4335-a599-eb3a0623ec41	का खा गा घा	sanaatana-vaigyaniq	Sanatan & Vedic	Sanskrit	Sanatan & Vedic	true	93
albums	sanaatana-vedic-frequency	Sanaatana Vedic Frequency	339cc960-6eba-46bf-aa4b-9cc390baab6d	का खा गा घा	sanaatana-vaigyaniq	Sanatan & Vedic	Sanskrit	Sanatan & Vedic	true	108
albums	sanaatana-vedic-frequency	Sanaatana Vedic Frequency	2badde9c-1f37-4504-9aaa-b067a58e99c3	का खा गा घा	sanaatana-vaigyaniq	Sanatan & Vedic	Sanskrit	Sanatan & Vedic	true	106
albums	sanaatana-vedic-frequency	Sanaatana Vedic Frequency	05a9ac20-ffc7-4810-a9e2-21d2c683b06a	(untitled)	sanaatana-vaigyaniq	Sanatan & Vedic	English	Genre:  Vedic Cosmic Rap  Nautanki folk + Hip-hop  Cinematic mythological rap  I	true	106
albums	sanaatana-vedic-frequency	Sanaatana Vedic Frequency	72b69742-5e35-4af0-876c-03f7ff259f69	(untitled)	sanaatana-vaigyaniq	Sanatan & Vedic	English	Genre:  Vedic Cosmic Rap  Nautanki folk + Hip-hop  Cinematic mythological rap  I	true	93
albums	sanaatana-vedic-frequency	Sanaatana Vedic Frequency	f932d3fb-72e6-41c0-8754-38bfa4f5417c	(untitled)	sanaatana-vaigyaniq	Sanatan & Vedic	English	Genre:  Vedic Cosmic Rap  Nautanki folk + Hip-hop  Cinematic mythological rap  I	true	87
albums	sanaatana-vedic-frequency	Sanaatana Vedic Frequency	b0ce3910-5638-41ea-baa5-e1711b806520	का खा गा घा	sanaatana-vaigyaniq	Sanatan & Vedic	Sanskrit	Sanatan & Vedic	true	87
albums	sanaatana-vedic-frequency	Sanaatana Vedic Frequency	7d29c576-36bc-4241-be33-bce5fd84775b	का खा गा घा	sanaatana-vaigyaniq	Sanatan & Vedic	Sanskrit	Sanatan & Vedic	true	54
albums	sanaatana-vedic-frequency	Sanaatana Vedic Frequency	aed9aa06-9e15-4413-b39f-b80a8913035e	(untitled)	sanaatana-vaigyaniq	Sanatan & Vedic	English	Vedantic cosmic Indian folk theatre song, female mystical lead voice, male drama	true	54
albums	sanaatana-vedic-frequency	Sanaatana Vedic Frequency	310f549f-b41a-4685-9afd-023bc7de4632	नागिन है	sanaatana-vaigyaniq	Sanatan & Vedic	Sanskrit	Sanatan & Vedic	true	28
albums	sanaatana-vedic-frequency	Sanaatana Vedic Frequency	99a91265-7f9c-4b3d-a76a-745dfb3a5ec9	नागिन है	sanaatana-vaigyaniq	Sanatan & Vedic	Sanskrit	Sanatan & Vedic	true	111
albums	sanaatana-vedic-frequency	Sanaatana Vedic Frequency	20709bfc-b04e-49bb-b50a-81112046ab9d	🕉️ वैदिक फ्यूज़न — चेतना नागिन नाद	sanaatana-vaigyaniq	Sanatan & Vedic	Sanskrit	Sanatan & Vedic	true	56
albums	sanaatana-vedic-frequency	Sanaatana Vedic Frequency	783c7290-99f4-43f8-adc4-b8681b56114d	साँस मेरी देख	sanaatana-vaigyaniq	Sanatan & Vedic	Sanskrit	Sanatan & Vedic	true	52
albums	sanaatana-vedic-frequency	Sanaatana Vedic Frequency	93dd0e34-eefb-4555-91c0-b5297eef283f	साँस मेरी देख	sanaatana-vaigyaniq	Sanatan & Vedic	Sanskrit	Sanatan & Vedic	true	52
albums	sanaatana-vedic-frequency	Sanaatana Vedic Frequency	29bbf8d9-f160-43ef-b3fa-fe632e29b925	नागिन है	sanaatana-vaigyaniq	Sanatan & Vedic	Sanskrit	Sanatan & Vedic	true	39
albums	sanaatana-vedic-frequency	Sanaatana Vedic Frequency	a06bfdbd-c7e9-401a-a6df-d87a575e3893	Naaraayana Uunh	sanaatana-vaigyaniq	Sanatan & Vedic	English	वैदिक रॉक	true	43
albums	sanaatana-vedic-frequency	Sanaatana Vedic Frequency	413e4582-680e-4824-95e8-252bfe180608	सुनो	sanaatana-vaigyaniq	Sanatan & Vedic	Sanskrit	Sanatan & Vedic	true	43
albums	sanaatana-vedic-frequency	Sanaatana Vedic Frequency	790f6743-e536-4370-8191-d2dfc093831c	सुनो	sanaatana-vaigyaniq	Sanatan & Vedic	Sanskrit	Sanatan & Vedic	true	43
albums	sanaatana-vedic-frequency	Sanaatana Vedic Frequency	67162988-1ccc-4fa7-beab-230a0f681db0	बुलाओ तुम्हारे पितरों को	sanaatana-vaigyaniq	Sanatan & Vedic	Sanskrit	Sanatan & Vedic	true	74
albums	sanaatana-vedic-frequency	Sanaatana Vedic Frequency	87f41c73-b4cc-49e0-8e94-2058edd285bf	ॐ	sanaatana-vaigyaniq	Sanatan & Vedic	Sanskrit	Cinematic Vedic Neural-Raaga Fusion, 432Hz Sacred Tuning. Devine Tribal-Rock, Ag	true	74
albums	sanaatana-vedic-frequency	Sanaatana Vedic Frequency	c237cdca-4f81-4f53-b062-92e3183b8389	बुलाओ तुम्हारे पितरों को	sanaatana-vaigyaniq	Sanatan & Vedic	Sanskrit	Sanatan & Vedic	true	62
albums	sanaatana-vedic-frequency	Sanaatana Vedic Frequency	42fb0963-ee69-497e-9b18-e76247c23bce	ॐ	sanaatana-vaigyaniq	Sanatan & Vedic	Sanskrit	Cinematic Vedic Neural-Raaga Fusion, 432Hz Sacred Tuning. Devine Tribal-Rock, Ag	true	62
albums	sanaatana-vedic-frequency	Sanaatana Vedic Frequency	7039ea86-720e-4eff-a9b3-f972963b5395	बुलाओ तुम्हारे पितरों को	sanaatana-vaigyaniq	Sanatan & Vedic	Sanskrit	Sanatan & Vedic	true	35
albums	sanaatana-vedic-frequency	Sanaatana Vedic Frequency	f74b3b54-2435-4d24-ab58-9acb3d5c29f0	(untitled)	sanaatana-vaigyaniq	Sanatan & Vedic	English	Cinematic Vedic Neural-Raaga Fusion, 432Hz Sacred Tuning. Industrial Tribal-Rock	true	35
albums	sanaatana-vedic-frequency	Sanaatana Vedic Frequency	2aa2ef58-c4be-4799-8641-a73b48881047	जागो जागो जागो हेमंत राणा जी महाराज... मेरे तुम	sanaatana-vaigyaniq	Sanatan & Vedic	Sanskrit	Sanatan & Vedic	true	20
albums	sanaatana-vedic-frequency	Sanaatana Vedic Frequency	2c5e4dbe-097d-4f30-aabf-618cc31ef0b0	नमस्कार श्रोताओं! आपका स्वागत है रेडियो सनातन वै	sanaatana-vaigyaniq	Sanatan & Vedic	Sanskrit	Sanatan & Vedic	true	9
albums	sanaatana-vedic-frequency	Sanaatana Vedic Frequency	a8d556f6-269d-4029-bb1a-0abd4bc16064	Naaraayana uunh	sanaatana-vaigyaniq	Sanatan & Vedic	English	Sanatan & Vedic	true	38
albums	sanaatana-vedic-frequency	Sanaatana Vedic Frequency	f5cb9407-24a2-45f0-8ee2-aa403a65a74b	Naaraayana Uunh	sanaatana-vaigyaniq	Sanatan & Vedic	English	आप सुन रहे हैं रेडियो सनातन वैज्ञानिक	true	38
albums	sanaatana-vedic-frequency	Sanaatana Vedic Frequency	07c7426b-552d-49a1-bc86-7613ded094bc	(untitled)	sanaatana-vaigyaniq	Sanatan & Vedic	English	Cinematic Vedic-Blues Fusion, Aggressive ग्लोबल   Folk, Deep Guttural Aghori Cha	true	89
albums	sanaatana-vedic-frequency	Sanaatana Vedic Frequency	a63d8cca-295c-4ca4-a467-dd2d8c222a7e	मने मेरी माँ	sanaatana-vaigyaniq	Sanatan & Vedic	Sanskrit	Sanatan & Vedic	true	89
albums	sanaatana-vedic-frequency	Sanaatana Vedic Frequency	b4b42938-0fdb-407a-9716-d99479b0e0b0	मने मेरी माँ	sanaatana-vaigyaniq	Sanatan & Vedic	Sanskrit	Sanatan & Vedic	true	157
albums	sanaatana-vedic-frequency	Sanaatana Vedic Frequency	faf8624e-52ff-41ac-a98c-562728ffac2d	(untitled)	sanaatana-vaigyaniq	Sanatan & Vedic	English	Cinematic Vedic-Blues Fusion, Aggressive भोजपुरी  Folk-Rock, Deep Guttural Aghor	true	157
albums	sanaatana-vedic-frequency	Sanaatana Vedic Frequency	49a3ba5c-8404-4a55-be2f-8b74d04587be	मेरा भाई	sanaatana-vaigyaniq	Sanatan & Vedic	Sanskrit	Sanatan & Vedic	true	178
albums	sanaatana-vedic-frequency	Sanaatana Vedic Frequency	359fe041-9682-478b-8b22-2025ce5af3c8	(untitled)	sanaatana-vaigyaniq	Sanatan & Vedic	English	Cinematic Vedic-Blues Fusion, Aggressive Haryanvi Folk-Rock, Deep Guttural Aghor	true	178
albums	sanaatana-vedic-frequency	Sanaatana Vedic Frequency	85364529-043a-45e8-8ec2-6e2a4895644e	मेरा भाई	sanaatana-vaigyaniq	Sanatan & Vedic	Sanskrit	Sanatan & Vedic	true	22
albums	sanaatana-vedic-frequency	Sanaatana Vedic Frequency	aaca4dcb-a21a-4e20-9585-e2827cb88d9a	(untitled)	sanaatana-vaigyaniq	Sanatan & Vedic	English	Cinematic Vedic-Blues Fusion, Aggressive Haryanvi Folk-Rock, Deep Guttural Aghor	true	22
albums	sanaatana-vedic-frequency	Sanaatana Vedic Frequency	0902ef6d-8f19-458b-b932-855765d1dcd1	(untitled)	sanaatana-vaigyaniq	Sanatan & Vedic	English	Haryanvi folk ragni, Sufi qawwali, cinematic anthem, Vedic chant, epic choir, sp	true	177
albums	sanaatana-vedic-frequency	Sanaatana Vedic Frequency	ff00e623-ff9b-4092-8866-9a775e6de626	(untitled)	sanaatana-vaigyaniq	Sanatan & Vedic	English	Haryanvi folk ragni, Sufi qawwali, cinematic anthem, Vedic chant, epic choir, sp	true	177
albums	sanaatana-vedic-frequency	Sanaatana Vedic Frequency	ddf4af6e-aef4-4ac2-9b4a-59cd3d896e25	(untitled)	ameerpur	Haryanvi Folk	Haryanvi	title mne meऋ भारत माँ  swatantra yantra folk ballad  genre  style haryanvi folk	true	96
albums	sanaatana-vedic-frequency	Sanaatana Vedic Frequency	7cd38250-4106-4fb8-8a4f-bbc7df32238e	(untitled)	gurukul	Other / Misc	English	start with hyperfun funk hiphop adwait and bhairav on bike maya and Pop, Latin P	true	76
albums	sanaatana-vedic-frequency	Sanaatana Vedic Frequency	bfb4ac18-d356-4ab5-84b1-0691c5635560	सुन री कुतिये ध्यान से	sanaatana-vaigyaniq	Sanatan & Vedic	Sanskrit	Sanatan & Vedic	true	37
albums	sanaatana-vedic-frequency	Sanaatana Vedic Frequency	f850c20c-670d-4871-bd1a-6f0652c7700a	(untitled)	gurukul	Other / Misc	English	start with hyperfun funk hiphop adwait and bhairav on bike maya and Pop, Latin P	true	34
albums	sanaatana-vedic-frequency	Sanaatana Vedic Frequency	a8738d5a-73c8-4c1b-8537-6f306f014715	सुन री कुतिये ध्यान से	sanaatana-vaigyaniq	Sanatan & Vedic	Sanskrit	Sanatan & Vedic	true	34
albums	sanaatana-vedic-frequency	Sanaatana Vedic Frequency	347d4a25-0d54-445c-982e-c1c6c1c7e091	(untitled)	gurukul	Other / Misc	English	start with hyperfun funk hiphop adwait and bhairav on bike maya and Pop, Latin P	true	37
albums	sanaatana-vedic-frequency	Sanaatana Vedic Frequency	3ba8da22-5a9f-43e1-b1c1-b80db6e17e04	सुन री कुतिये ध्यान से	sanaatana-vaigyaniq	Sanatan & Vedic	Sanskrit	Sanatan & Vedic	true	37
albums	sanaatana-vedic-frequency	Sanaatana Vedic Frequency	143f3ee1-541a-4c92-8ae8-84b53e7b66d9	(untitled)	gurukul	Other / Misc	English	सुरीले भैरव कुकुर्  के रूप में लाली कुतिया रूप में सुपर फंकी। Neuro-Tantra Folk	true	35
albums	sanaatana-vedic-frequency	Sanaatana Vedic Frequency	d1df8eeb-036c-4d6b-b998-dc9ebc94f23e	(untitled)	gurukul	Other / Misc	English	सुरीले भैरव कुकुर्  के रूप में लाली कुतिया रूप में सुपर फंकी। Neuro-Tantra Folk	true	35
albums	sanaatana-vedic-frequency	Sanaatana Vedic Frequency	1210841d-cb58-4632-96de-39a6f862b69a	(untitled)	sanaatana-vaigyaniq	Sanatan & Vedic	English	Atmospheric Aghori Chants, Tribal Trance, Haryanvi Folk-Blues Fusion. Starts wit	true	32
albums	sanaatana-vedic-frequency	Sanaatana Vedic Frequency	41e8f0c6-6363-44dd-b118-bfc2dc2c8dd6	मने मेरे देश ईब यूं सताना छोड़ दे	sanaatana-vaigyaniq	Sanatan & Vedic	Sanskrit	Sanatan & Vedic	true	32
albums	sanaatana-vedic-frequency	Sanaatana Vedic Frequency	bdb93b4d-edf6-418f-bedf-5d1b5204ed1d	मने मेरे देश ईब यूं सताना छोड़ दे	sanaatana-vaigyaniq	Sanatan & Vedic	Sanskrit	Sanatan & Vedic	true	45
albums	sanaatana-vedic-frequency	Sanaatana Vedic Frequency	02b55369-c2c7-4541-b858-99a73400ed7e	मने मेरे देश ईब यूं सताना छोड़ दे	sanaatana-vaigyaniq	Sanatan & Vedic	Sanskrit	Sanatan & Vedic	true	41
albums	sanaatana-vedic-frequency	Sanaatana Vedic Frequency	a118e163-e5f4-459d-a9f4-e82bbb5d48ec	सुन री कुतिये ध्यान से	sanaatana-vaigyaniq	Sanatan & Vedic	Sanskrit	Sanatan & Vedic	true	31
albums	sanaatana-vedic-frequency	Sanaatana Vedic Frequency	e4e6e3b0-e45c-4464-933f-ec6a37a9fc1a	(untitled)	sanaatana-vaigyaniq	Sanatan & Vedic	English	Funky हरियाणवी folk duet about lovers discovering cosmic love and body-mind harm	true	26
albums	sanaatana-vedic-frequency	Sanaatana Vedic Frequency	6a9729a2-bfde-48a5-bc3a-95d1de82ccbd	(untitled)	sanaatana-vaigyaniq	Sanatan & Vedic	English	Funky हरियाणवी folk duet about lovers discovering cosmic love and body-mind harm	true	26
albums	sanaatana-vedic-frequency	Sanaatana Vedic Frequency	3a30e4a6-c5b1-4cf9-bdda-324b95054db1	(untitled)	sanaatana-vaigyaniq	Sanatan & Vedic	English	Funky folk duet about lovers discovering cosmic love and body-mind harmony. Use	true	26
albums	sanaatana-vedic-frequency	Sanaatana Vedic Frequency	e5e5c4ed-7013-4378-8baf-ec76665ed5ea	(untitled)	sanaatana-vaigyaniq	Sanatan & Vedic	English	Funky folk duet about lovers discovering cosmic love and body-mind harmony. Use	true	26
albums	sanaatana-vedic-frequency	Sanaatana Vedic Frequency	1883b6f9-b6fb-44d5-98e4-a32b63d3fd5a	ये काम बड़े ही काम का है	sanaatana-vaigyaniq	Sanatan & Vedic	Sanskrit	Sanatan & Vedic	true	27
albums	sanaatana-vedic-frequency	Sanaatana Vedic Frequency	ceb76bb6-5502-4d7e-8c67-0273d1e4404c	(untitled)	sanaatana-vaigyaniq	Sanatan & Vedic	English	Funky folk duet about lovers discovering cosmic love and body-mind harmony. Use	true	27
albums	sanaatana-vedic-frequency	Sanaatana Vedic Frequency	2a0e9125-5a5d-4c09-a4e9-c2554b3dbd7e	सुनो र मेरी शान फौजी	sanaatana-vaigyaniq	Sanatan & Vedic	Sanskrit	Sanatan & Vedic	true	62
albums	sanaatana-vedic-frequency	Sanaatana Vedic Frequency	984da1fd-8ce8-4e3a-953a-94ebfd0fae42	लौट के आ रे श्याम सलोना	sanaatana-vaigyaniq	Sanatan & Vedic	Sanskrit	Sanatan & Vedic	true	48
albums	sanaatana-vedic-frequency	Sanaatana Vedic Frequency	f770f15f-5b74-4116-991f-95e607edeadf	(untitled)	sanaatana-vaigyaniq	Sanatan & Vedic	English	Cosmic Earth Anthem.  Genre: Indian folk + cinematic orchestral + Vedic chant +	true	48
albums	sanaatana-vedic-frequency	Sanaatana Vedic Frequency	fd028fa8-b2c3-4b4c-9be6-18aa0f01f0a6	Syntyi aurinko	sanaatana-vaigyaniq	Sanatan & Vedic	English	Sanatan & Vedic	true	91
albums	sanaatana-vedic-frequency	Sanaatana Vedic Frequency	78a88e07-df27-4c02-b739-c36f5768ab2a	Universal Vedic Cosmic Connect	sanaatana-vaigyaniq	Sanatan & Vedic	English	Epic cinematic hip-hop track called “Cosmic Egg Civilization Rap”. Tempo around	true	91
albums	sanaatana-vedic-frequency	Sanaatana Vedic Frequency	996a9054-d146-4a5e-adc4-d15be4f5b9d1	(untitled)	sanaatana-vaigyaniq	Sanatan & Vedic	English	Epic cinematic hip-hop track called “Cosmic Egg Civilization Rap”. Tempo around	true	60
albums	sanaatana-vedic-frequency	Sanaatana Vedic Frequency	234ea386-635d-4c47-901f-8c56d201db27	ॐ हिरण्यगर्भः समवर्तताग्रे	sanaatana-vaigyaniq	Sanatan & Vedic	Sanskrit	Sanatan & Vedic	true	60
albums	sanaatana-vedic-frequency	Sanaatana Vedic Frequency	aec7dc35-1ec0-44a4-bb7d-f79a1e7686ce	(untitled)	sanaatana-vaigyaniq	Sanatan & Vedic	English	Epic Vedic rap, Rigvedic chant intro, deep trap beat, mridangam and shankh accen	true	89
albums	sanaatana-vedic-frequency	Sanaatana Vedic Frequency	fcc40853-3fac-4ab3-a1a3-b2d506a7f016	खरोष्ठी का तंत्र	sanaatana-vaigyaniq	Sanatan & Vedic	Sanskrit	Sanatan & Vedic	true	89
albums	sanaatana-vedic-frequency	Sanaatana Vedic Frequency	ddac23b1-dc19-495b-9b9c-d830bec759ad	खरोष्ठी का तंत्र	sanaatana-vaigyaniq	Sanatan & Vedic	Sanskrit	Sanatan & Vedic	true	89
albums	sanaatana-vedic-frequency	Sanaatana Vedic Frequency	0ef3ebdb-02ca-487a-9448-4fa7858cc0ce	(untitled)	sanaatana-vaigyaniq	Sanatan & Vedic	English	Epic Vedic rap, Rigvedic chanting intro, powerful hip-hop trap beat, Indian clas	true	89
albums	sanaatana-vedic-frequency	Sanaatana Vedic Frequency	ffdf9645-e582-468d-af7f-75613fbbb25b	(untitled)	sanaatana-vaigyaniq	Sanatan & Vedic	English	Epic Vedic rap, Rigvedic chanting intro, powerful hip-hop trap beat, Indian clas	true	89
albums	sanaatana-vedic-frequency	Sanaatana Vedic Frequency	6d654c1f-fbca-4c85-ad3c-5033c566c156	(untitled)	sanaatana-vaigyaniq	Sanatan & Vedic	English	Epic Vedic rap, Rigvedic chanting intro, powerful hip-hop trap beat, Indian clas	true	89
albums	sanaatana-vedic-frequency	Sanaatana Vedic Frequency	93f61d64-57c6-4b30-afcf-5b0bab061bd8	(untitled)	sanaatana-vaigyaniq	Sanatan & Vedic	English	super funky  revolutionary  Verse 1 (Rap)  Hook / Crowd chant  Verse 2 (Rap)  Br	true	47
albums	sanaatana-vedic-frequency	Sanaatana Vedic Frequency	aba5bb64-54f6-4798-8ba8-8bba9a599c53	ॐ नमो भगवते वासुदेवाय	sanaatana-vaigyaniq	Sanatan & Vedic	Sanskrit	Sanatan & Vedic	true	79
albums	sanaatana-vedic-frequency	Sanaatana Vedic Frequency	0ea61384-e105-4758-9481-a5ebd3204d19	(untitled)	kabir-clubbing	Rap & Fusion	English	title Pop, Indie Pop tapasya  upanishadic epic rap  prompt  cinematic spiritual	true	79
albums	sanaatana-vedic-frequency	Sanaatana Vedic Frequency	96ab99cb-c3fa-407f-92e0-a01aca8ea61a	(untitled)	sanaatana-vaigyaniq	Sanatan & Vedic	English	super funky  revolutionary  Verse 1 (Rap)  Hook / Crowd chant  Verse 2 (Rap)  Br	true	47
albums	sanaatana-vedic-frequency	Sanaatana Vedic Frequency	ab212f3f-c109-44ae-9b52-d915ac62f436	(untitled)	sanaatana-vaigyaniq	Sanatan & Vedic	English	Epic Vedic Hip-Hop stadium anthem, powerful Hindi rap, deep cinematic bass, trap	true	47
albums	sanaatana-vedic-frequency	Sanaatana Vedic Frequency	8b1a651b-bad0-4fab-99e7-00b34ab4d128	फ़िक्सिट फ़िक्सिट फ़िक्सिट	sanaatana-vaigyaniq	Sanatan & Vedic	Sanskrit	Sanatan & Vedic	true	47
albums	sanaatana-vedic-frequency	Sanaatana Vedic Frequency	5eb33a33-5e7a-423c-bb04-6dd4e31455ce	अटल है ध्रुव	sanaatana-vaigyaniq	Sanatan & Vedic	Sanskrit	Sanatan & Vedic	true	43
albums	sanaatana-vedic-frequency	Sanaatana Vedic Frequency	2c95a655-1853-4020-a611-bc4e844aaee0	ॐ नमो भगवते वासुदेवाय	sanaatana-vaigyaniq	Sanatan & Vedic	Sanskrit	Sanatan & Vedic	true	85
albums	sanaatana-vedic-frequency	Sanaatana Vedic Frequency	cd0bf69c-c712-497a-a324-4f5ca98fe911	(untitled)	sanaatana-vaigyaniq	Sanatan & Vedic	English	Upanishadic Epic Rap, cinematic Vedic hip-hop, deep bass, powerful taiko drums,	true	43
albums	sanaatana-vedic-frequency	Sanaatana Vedic Frequency	3c9729ee-8720-460f-8d5a-b37b5b52d274	(untitled)	kabir-clubbing	Rap & Fusion	English	Epic Upanishadic rap about Dhruva from Bhagavata Purana. Deep cinematic bass, ba	true	85
albums	sanaatana-vedic-frequency	Sanaatana Vedic Frequency	44d6eaee-1e67-4eaf-af1a-1b53349e55f1	(untitled)	sanaatana-vaigyaniq	Sanatan & Vedic	English	dark cinematic vedic rap deep bass slow trap drums haunting flute throat singing	true	124
albums	sanaatana-vedic-frequency	Sanaatana Vedic Frequency	b854fd41-d448-436a-9e15-3727d2099aa7	उत्तिष्ठत जाग्रत	sanaatana-vaigyaniq	Sanatan & Vedic	Sanskrit	Sanatan & Vedic	true	124
albums	sanaatana-vedic-frequency	Sanaatana Vedic Frequency	bfa3c452-eab1-44c3-9c0a-869f6c15bc26	यही भारत की पहचान।	sanaatana-vaigyaniq	Sanatan & Vedic	Sanskrit	Sanatan & Vedic	true	84
albums	sanaatana-vedic-frequency	Sanaatana Vedic Frequency	0feb7548-012f-4367-8ed6-f47fba0f6ae2	(untitled)	sanaatana-vaigyaniq	Sanatan & Vedic	English	Epic divine hip-hop, heavy cinematic bass, conch shell intro, Vedic choir textur	true	70
albums	sanaatana-vedic-frequency	Sanaatana Vedic Frequency	da000daa-342d-4df9-89ab-8523bb3b5320	खोल अकल के ढक्कन	sanaatana-vaigyaniq	Sanatan & Vedic	Sanskrit	Sanatan & Vedic	true	88
albums	sanaatana-vedic-frequency	Sanaatana Vedic Frequency	8860015e-eb23-42e2-aaee-c4f0344caf19	(untitled)	sanaatana-vaigyaniq	Sanatan & Vedic	English	Epic divine hip-hop, heavy cinematic bass, conch shell intro, Vedic choir textur	true	88
albums	sanaatana-vedic-frequency	Sanaatana Vedic Frequency	d15ffb48-0e22-4344-96a5-13c18cb5a67f	खोल अकल के ढक्कन	sanaatana-vaigyaniq	Sanatan & Vedic	Sanskrit	Sanatan & Vedic	true	70
albums	sanaatana-vedic-frequency	Sanaatana Vedic Frequency	e521f486-dc2d-450c-ad6b-6dc60c076e3b	आज की बात सुनो रे भाई	sanaatana-vaigyaniq	Sanatan & Vedic	Sanskrit	Sanatan & Vedic	true	83
albums	sanaatana-vedic-frequency	Sanaatana Vedic Frequency	9ed3d7a1-f789-4aed-8f87-c21c9ae61bf6	खोल अकल के ढक्कन	sanaatana-vaigyaniq	Sanatan & Vedic	Sanskrit	Sanatan & Vedic	true	70
albums	sanaatana-vedic-frequency	Sanaatana Vedic Frequency	d10508db-bd53-40ce-a03c-92f1791b1278	(untitled)	sanaatana-vaigyaniq	Sanatan & Vedic	English	Epic divine hip-hop, heavy cinematic bass, conch shell intro, Vedic choir textur	true	70
albums	sanaatana-vedic-frequency	Sanaatana Vedic Frequency	b30f1dc1-1d59-41dd-af90-dedba164ed3f	【प्रस्तावना – ब्रह्मांड का मंच】	sanaatana-vaigyaniq	Sanatan & Vedic	Sanskrit	Sanatan & Vedic	true	101
albums	sanaatana-vedic-frequency	Sanaatana Vedic Frequency	33ebe00e-d888-4500-be76-653588dca063	【प्रस्तावना – ब्रह्मांड का मंच】	sanaatana-vaigyaniq	Sanatan & Vedic	Sanskrit	Sanatan & Vedic	true	113
albums	sanaatana-vedic-frequency	Sanaatana Vedic Frequency	c76edf13-95b3-42c3-b51e-44b0d31a10dc	(untitled)	sanaatana-vaigyaniq	Sanatan & Vedic	English	Tempo: 95 BPM Cosmic Hip-Hop  Instruments:  temple bells  mridangam  ancient lyr	true	101
albums	sanaatana-vedic-frequency	Sanaatana Vedic Frequency	2c90ee6b-74e3-4d2e-9843-9b5fb835b297	(untitled)	sanaatana-vaigyaniq	Sanatan & Vedic	English	100-voice Vedic choir  Trap + orchestral beat  Ancient instruments (lyre, mridan	true	113
albums	sanaatana-vedic-frequency	Sanaatana Vedic Frequency	42598efd-76d4-4683-87c1-176aa832b4ba	(untitled)	sanaatana-vaigyaniq	Sanatan & Vedic	English	100-voice Vedic choir  Trap + orchestral beat  Ancient instruments (lyre, mridan	true	125
albums	sanaatana-vedic-frequency	Sanaatana Vedic Frequency	bb7e2b90-d7ca-49b6-9135-fe4251447df2	【प्रस्तावना – ब्रह्मांड का मंच】	sanaatana-vaigyaniq	Sanatan & Vedic	Sanskrit	Sanatan & Vedic	true	125
albums	sanaatana-vedic-frequency	Sanaatana Vedic Frequency	e569c9e8-b660-4a47-83ea-2a36219c3cbd	[Intro – Cosmic Awakening】	sanaatana-vaigyaniq	Sanatan & Vedic	English	Sanatan & Vedic	true	95
albums	sanaatana-vedic-frequency	Sanaatana Vedic Frequency	915943e4-087a-4961-9b3c-e24b00c223b8	(untitled)	kabir-clubbing	Rap & Fusion	English	Tempo: 92–96 BPM Trap + Ethnic Drums  Instruments: Rudra veena, damru, French ho	true	95
albums	sanaatana-vedic-frequency	Sanaatana Vedic Frequency	ab674c75-8585-4fd0-89ae-715906b3f772	Cosmic Awakening】	sanaatana-vaigyaniq	Sanatan & Vedic	English	Sanatan & Vedic	true	96
albums	sanaatana-vedic-frequency	Sanaatana Vedic Frequency	a27569a5-0751-4d15-842c-63a1adffb59c	जाग ओ धरती के वंशज	sanaatana-vaigyaniq	Sanatan & Vedic	Sanskrit	Sanatan & Vedic	true	98
albums	sanaatana-vedic-frequency	Sanaatana Vedic Frequency	2b8896a5-71c2-4521-b7e8-8a07648444d3	(untitled)	kabir-clubbing	Rap & Fusion	English	Tempo: 92–96 BPM Trap + Ethnic Drums  Instruments: Rudra veena, damru, French ho	true	96
albums	sanaatana-vedic-frequency	Sanaatana Vedic Frequency	5b8abaaa-7c56-450e-acfc-00b012e50990	Frère Jacques	sanaatana-vaigyaniq	Sanatan & Vedic	English	Sanatan & Vedic	true	61
albums	sanaatana-vedic-frequency	Sanaatana Vedic Frequency	a93223c5-90c5-469e-aa1d-602c99611cf7	Frère Jacques	sanaatana-vaigyaniq	Sanatan & Vedic	English	Sanatan & Vedic	true	66
albums	sanaatana-vedic-frequency	Sanaatana Vedic Frequency	f4ffd57d-7c3c-440f-814c-1f4307fefb61	(untitled)	sanaatana-vaigyaniq	Sanatan & Vedic	English	[Title] खोकन और पराई नाव — Cosmic Stadium Anthem  [Style] Baul Folk  + Trap Beat	true	78
albums	sanaatana-vedic-frequency	Sanaatana Vedic Frequency	7153c43c-d1d0-4621-8af5-edb81572ef1b	(untitled)	sanaatana-vaigyaniq	Sanatan & Vedic	English	[Title] खोकन और पराई नाव — Cosmic Stadium Anthem  [Style] Baul Folk + Stadium An	true	78
albums	sanaatana-vedic-frequency	Sanaatana Vedic Frequency	298d61be-50b0-46d5-b063-082b1afd7c3a	(untitled)	sanaatana-vaigyaniq	Sanatan & Vedic	English	[Title] खोकन और पराई नाव — Cosmic Stadium Anthem  [Style] Baul Folk  + Trap Beat	true	78
albums	sanaatana-vedic-frequency	Sanaatana Vedic Frequency	0dfca798-d9bf-41eb-ad1b-fea2ddd3e6fb	(untitled)	sanaatana-vaigyaniq	Sanatan & Vedic	English	[Title] खोकन और पराई नाव — Cosmic Stadium Anthem  [Style] Baul Folk + Stadium An	true	78
albums	sanaatana-vedic-frequency	Sanaatana Vedic Frequency	108c7fe6-6dd1-4e66-92d8-25403bb67a40	सात-ति चोरे दूँड़ बाये	sanaatana-vaigyaniq	Sanatan & Vedic	Sanskrit	Sanatan & Vedic	true	78
albums	sanaatana-vedic-frequency	Sanaatana Vedic Frequency	222f41c8-19ab-42d9-b87c-ca9c4c818caa	खोकन खोकन कोरे माय	sanaatana-vaigyaniq	Sanatan & Vedic	Sanskrit	Sanatan & Vedic	true	78
albums	sanaatana-vedic-frequency	Sanaatana Vedic Frequency	431ccd3f-faa0-48e0-9e03-34be24b470aa	खोकन खोकन कोरे माय	sanaatana-vaigyaniq	Sanatan & Vedic	Sanskrit	Sanatan & Vedic	true	79
albums	sanaatana-vedic-frequency	Sanaatana Vedic Frequency	94ff85f6-fcbf-4004-a7df-5a2b9b6d95eb	(untitled)	sanaatana-vaigyaniq	Sanatan & Vedic	English	[Title] खोकन और पराई नाव — Cosmic Rigveda Folk Rap  [Style] Rigvedic Chant + Ben	true	79
albums	sanaatana-vedic-frequency	Sanaatana Vedic Frequency	df23e9c7-8898-438c-92a6-49d15136beca	सत्य सनातन वैज्ञानिक का ज्ञान	sanaatana-vaigyaniq	Sanatan & Vedic	Sanskrit	Sanatan & Vedic	true	69
albums	sanaatana-vedic-frequency	Sanaatana Vedic Frequency	b3268cd7-82f5-4cbe-97e3-68d735616d14	सत्य सनातन वैज्ञानिक का ज्ञान	sanaatana-vaigyaniq	Sanatan & Vedic	Sanskrit	Sanatan & Vedic	true	70
albums	sanaatana-vedic-frequency	Sanaatana Vedic Frequency	e11f34b8-6597-49cb-b8ab-c265596a828d	सत्य सनातन वैज्ञानिक का ज्ञान	sanaatana-vaigyaniq	Sanatan & Vedic	Sanskrit	Sanatan & Vedic	true	69
albums	sanaatana-vedic-frequency	Sanaatana Vedic Frequency	5da37790-97be-4139-ab9a-d1a6c5dd24c0	सत्य सनातन वैज्ञानिक का है ज्ञान	sanaatana-vaigyaniq	Sanatan & Vedic	Sanskrit	Sanatan & Vedic	true	69
albums	sanaatana-vedic-frequency	Sanaatana Vedic Frequency	da37bf5f-f038-4cf4-a836-c5d2c6c74a9c	सत्य सनातन का है ज्ञान	sanaatana-vaigyaniq	Sanatan & Vedic	Sanskrit	Sanatan & Vedic	true	68
albums	sanaatana-vedic-frequency	Sanaatana Vedic Frequency	471fdd7d-17b3-4d7b-a282-303be24251d5	सत्य सनातन का है ज्ञान	sanaatana-vaigyaniq	Sanatan & Vedic	Sanskrit	Sanatan & Vedic	true	61
albums	sanaatana-vedic-frequency	Sanaatana Vedic Frequency	7140414f-9a6d-4f4c-a9e6-ebaf4c61009e	सत्य सनातन का है ज्ञान	sanaatana-vaigyaniq	Sanatan & Vedic	Sanskrit	Sanatan & Vedic	true	57
albums	sanaatana-vedic-frequency	Sanaatana Vedic Frequency	668f75f1-428a-476d-9bed-614ad964053e	सत्य सनातन का है ज्ञान	sanaatana-vaigyaniq	Sanatan & Vedic	Sanskrit	Sanatan & Vedic	true	56
albums	sanaatana-vedic-frequency	Sanaatana Vedic Frequency	811a9828-7ae3-4fc9-ba2c-9d1c523520c5	सत्य सनातन का है ज्ञान	sanaatana-vaigyaniq	Sanatan & Vedic	Sanskrit	Sanatan & Vedic	true	71
albums	sanaatana-vedic-frequency	Sanaatana Vedic Frequency	4683717a-d5df-4665-836e-b5252b9bb43f	नियमों का हऊआ और सत्य की जड़ें	sanaatana-vaigyaniq	Sanatan & Vedic	Sanskrit	Sanatan & Vedic	true	10
albums	sanaatana-vedic-frequency	Sanaatana Vedic Frequency	0137e680-bb96-4a04-9603-b48b321e35e1	मात-पिता का मान रखो	sanaatana-vaigyaniq	Sanatan & Vedic	Sanskrit	Sanatan & Vedic	true	52
albums	sanaatana-vedic-frequency	Sanaatana Vedic Frequency	a986c2c7-138a-4786-8d1f-79fa9f4a8d8d	सत्य सनातन का है ज्ञान	sanaatana-vaigyaniq	Sanatan & Vedic	Sanskrit	Sanatan & Vedic	true	16
albums	sanaatana-vedic-frequency	Sanaatana Vedic Frequency	99753716-34be-4a43-80b6-7c8bf416bb3e	(untitled)	sanaatana-vaigyaniq	Sanatan & Vedic	English	Epic multilingual scientific rap mixing Latin chant, Siddham script mantra, Sans	true	96
albums	sanaatana-vedic-frequency	Sanaatana Vedic Frequency	ad5b8312-e863-4629-adf2-a05966aee8a3	Force equals	sanaatana-vaigyaniq	Sanatan & Vedic	English	Sanatan & Vedic	true	96
albums	sanaatana-vedic-frequency	Sanaatana Vedic Frequency	643bbbac-2567-4efb-9f3a-50ac19ce3cd3	(untitled)	sanaatana-vaigyaniq	Sanatan & Vedic	English	Epic multilingual scientific rap mixing Latin chant, Siddham script mantra, Sans	true	70
albums	sanaatana-vedic-frequency	Sanaatana Vedic Frequency	79c218fd-2902-4029-acdf-6a572e2d09a0	ॐ नादब्रह्माय नमः	sanaatana-vaigyaniq	Sanatan & Vedic	Sanskrit	Sanatan & Vedic	true	70
albums	sanaatana-vedic-frequency	Sanaatana Vedic Frequency	5e5636bf-1737-4f24-b7f7-cef44e0f22fe	(untitled)	sanaatana-vaigyaniq	Sanatan & Vedic	English	Epic multilingual scientific rap mixing Latin chant, Siddham script mantra, Sans	true	86
albums	sanaatana-vedic-frequency	Sanaatana Vedic Frequency	c25688a0-b774-48e2-8998-c9783f0d195f	Siddhaṃ + Sanskrit Chant	sanaatana-vaigyaniq	Sanatan & Vedic	English	Sanatan & Vedic	true	86
albums	sanaatana-vedic-frequency	Sanaatana Vedic Frequency	11b2b802-1595-456f-899e-cc1e79f05185	ॐ नादब्रह्माय नमः	sanaatana-vaigyaniq	Sanatan & Vedic	Sanskrit	Sanatan & Vedic	true	79
albums	sanaatana-vedic-frequency	Sanaatana Vedic Frequency	f19142fa-b005-4281-857e-bae5435451ca	(untitled)	sanaatana-vaigyaniq	Sanatan & Vedic	English	Epic multilingual scientific rap mixing Latin chant, Sanskrit mantra, Hindi and	true	79
albums	sanaatana-vedic-frequency	Sanaatana Vedic Frequency	7837396f-b847-4359-b544-5774ac2f5daa	Cosmic Chant	sanaatana-vaigyaniq	Sanatan & Vedic	English	Sanatan & Vedic	true	85
albums	sanaatana-vedic-frequency	Sanaatana Vedic Frequency	e6510e78-0f69-43f6-9923-8163b91fc272	(untitled)	sanaatana-vaigyaniq	Sanatan & Vedic	English	Epic cosmic knowledge rap with Sanskrit mantra chanting, Siddham script visuals,	true	85
albums	sanaatana-vedic-frequency	Sanaatana Vedic Frequency	0e0098d4-f9c4-4d28-b3f0-20f38ba73e36	(untitled)	sanaatana-vaigyaniq	Sanatan & Vedic	English	Epic philosophical Indian rap with Sanskrit chanting intro, deep trap beat, dama	true	42
albums	sanaatana-vedic-frequency	Sanaatana Vedic Frequency	f5bedf87-fc25-478b-94ad-3e18b12e6ba2	आयी आयी आयी	sanaatana-vaigyaniq	Sanatan & Vedic	Sanskrit	Sanatan & Vedic	true	42
albums	sanaatana-vedic-frequency	Sanaatana Vedic Frequency	8637c70f-2e69-4d3c-8902-20a2dbdbf3a3	(untitled)	sanaatana-vaigyaniq	Sanatan & Vedic	English	Epic philosophical Indian rap with Sanskrit chanting intro, deep trap beat, dama	true	40
albums	sanaatana-vedic-frequency	Sanaatana Vedic Frequency	0d3d2d6f-939b-4d8a-bf49-2b1e080d944e	Replace 01:09-01:09 (06:30 AM Mar 12)	sanaatana-vaigyaniq	Sanatan & Vedic	English	Style: Vedic chant + Sufi qawwali fusion Tempo: 90 BPM gradually rising to 105 B	true	49
albums	sanaatana-vedic-frequency	Sanaatana Vedic Frequency	cf70934b-58c5-4191-91e7-de0bd63362c4	उसका कौन कफ़न करो	sanaatana-vaigyaniq	Sanatan & Vedic	Sanskrit	Sanatan & Vedic	true	49
albums	sanaatana-vedic-frequency	Sanaatana Vedic Frequency	b876868f-7ad9-437c-8a9a-985c1e15869d	ॐ नाद ब्रह्माय नमः	sanaatana-vaigyaniq	Sanatan & Vedic	Sanskrit	Divine Vedic hip-hop rap with Sanskrit chanting, deep 808 bass, damaru percussio	true	115
albums	sanaatana-vedic-frequency	Sanaatana Vedic Frequency	b4587005-bec9-4fd3-be9a-f8a9704d9c09	ॐ नाद ब्रह्माय नमः	sanaatana-vaigyaniq	Sanatan & Vedic	Sanskrit	Divine Vedic hip-hop rap with Sanskrit chanting, deep 808 bass, damaru percussio	true	74
albums	sanaatana-vedic-frequency	Sanaatana Vedic Frequency	32f65fcc-9867-4491-9f3f-f79076b657df	आयी आयी आयी	sanaatana-vaigyaniq	Sanatan & Vedic	Sanskrit	Sanatan & Vedic	true	115
albums	sanaatana-vedic-frequency	Sanaatana Vedic Frequency	d9cce68e-a94b-4ad4-baaa-f327f7b3b857	“न मा	sanaatana-vaigyaniq	Sanatan & Vedic	Sanskrit	Sanatan & Vedic	true	28
albums	sanaatana-vedic-frequency	Sanaatana Vedic Frequency	a4e0a7f3-9d30-4d38-917f-7152d7ab7cbb	ॐ नाद ब्रह्माय नमः	sanaatana-vaigyaniq	Sanatan & Vedic	Sanskrit	Divine Vedic hip-hop rap with Sanskrit chanting, deep 808 bass, damaru percussio	true	28
albums	sanaatana-vedic-frequency	Sanaatana Vedic Frequency	1daf1c07-046b-424d-8daa-53684e2182dd	शब्दों का खेल है	sanaatana-vaigyaniq	Sanatan & Vedic	Sanskrit	Sanatan & Vedic	true	74
albums	sanaatana-vedic-frequency	Sanaatana Vedic Frequency	506a890d-db34-4aca-a456-9943e1467713	संस्कृत देव	sanaatana-vaigyaniq	Sanatan & Vedic	Sanskrit	Sanatan & Vedic	true	36
albums	sanaatana-vedic-frequency	Sanaatana Vedic Frequency	5f3c39b1-4e21-4da6-8fec-d0305d37cfd8	ॐ नाद ब्रह्माय नमः	sanaatana-vaigyaniq	Sanatan & Vedic	Sanskrit	Divine Vedic hip-hop rap with Sanskrit chanting, deep 808 bass, damaru percussio	true	36
albums	sanaatana-vedic-frequency	Sanaatana Vedic Frequency	3dea2c46-9d5a-402e-9058-77e26312bb54	(untitled)	sanaatana-vaigyaniq	Sanatan & Vedic	English	Divine Vedic hip-hop rap with Sanskrit chanting, deep 808 bass, damaru percussio	true	76
albums	sanaatana-vedic-frequency	Sanaatana Vedic Frequency	bc3038d3-816b-4879-aa78-6815db0853df	शब्दों का खेल है	sanaatana-vaigyaniq	Sanatan & Vedic	Sanskrit	Sanatan & Vedic	true	76
albums	sanaatana-vedic-frequency	Sanaatana Vedic Frequency	3741f8d9-ee63-459b-8ebe-01454f706d38	(untitled)	sanaatana-vaigyaniq	Sanatan & Vedic	English	Sanatan & Vedic	false	0
albums	sanaatana-vedic-frequency	Sanaatana Vedic Frequency	5d0161fa-6647-4a40-be7e-121a88d2b2a3	शब्दों का खेल है	sanaatana-vaigyaniq	Sanatan & Vedic	Sanskrit	Sanatan & Vedic	true	51
albums	sanaatana-vedic-frequency	Sanaatana Vedic Frequency	fabdd7cf-3445-4b3f-8bd3-d5df256ebc2b	आयी आयी आयी	sanaatana-vaigyaniq	Sanatan & Vedic	Sanskrit	Sanatan & Vedic	true	51
albums	sanaatana-vedic-frequency	Sanaatana Vedic Frequency	25982a1c-a0b7-4bdc-9d4c-c685bb4d58d2	(untitled)	sanaatana-vaigyaniq	Sanatan & Vedic	English	Style: Vedic chant + Sufi qawwali fusion Tempo: 90 BPM gradually rising to 105 B	true	60
albums	sanaatana-vedic-frequency	Sanaatana Vedic Frequency	b7c30d72-6ce4-4dcf-a098-a08b77b3c805	(untitled)	sanaatana-vaigyaniq	Sanatan & Vedic	English	Sanatan & Vedic	false	0
albums	sanaatana-vedic-frequency	Sanaatana Vedic Frequency	17d23524-7ba8-4e59-a60c-3536c34d0a1b	भर्गो देवस्य धीमहि	sanaatana-vaigyaniq	Sanatan & Vedic	Sanskrit	Sanatan & Vedic	true	60
albums	sanaatana-vedic-frequency	Sanaatana Vedic Frequency	a4e69def-6d0d-4f12-8718-029de266a4a2	भर्गो देवस्य धीमहि	sanaatana-vaigyaniq	Sanatan & Vedic	Sanskrit	Sanatan & Vedic	true	73
albums	sanaatana-vedic-frequency	Sanaatana Vedic Frequency	319ac1b1-c380-4dbf-a2d5-8b7855354317	ईश्वर अल्ला दो थे भाई	sanaatana-vaigyaniq	Sanatan & Vedic	Sanskrit	Sanatan & Vedic	true	44
albums	sanaatana-vedic-frequency	Sanaatana Vedic Frequency	77d02fc3-250d-47bd-bcf8-80f45421948d	ॐ अग्ने सत्यदीपाय नमः	sanaatana-vaigyaniq	Sanatan & Vedic	Sanskrit	Sanatan & Vedic	true	51
albums	sanaatana-vedic-frequency	Sanaatana Vedic Frequency	73ebc666-cec7-4c6b-a855-1de4b0db7dc4	Mantra Invocation	sanaatana-vaigyaniq	Sanatan & Vedic	English	Sanatan & Vedic	true	57
albums	sanaatana-vedic-frequency	Sanaatana Vedic Frequency	fc2e9468-9cb2-4110-8a81-60b45d7424ab	माया का ये जाल है	sanaatana-vaigyaniq	Sanatan & Vedic	Sanskrit	Sanatan & Vedic	true	48
albums	sanaatana-vedic-frequency	Sanaatana Vedic Frequency	79b04114-d41e-4c68-9933-4e9a7845ff81	red compare	sanaatana-vaigyaniq	Sanatan & Vedic	English	Vedic mantra rap, deep Indian spiritual hip-hop, male powerful voice with Sanskr	true	56
albums	sanaatana-vedic-frequency	Sanaatana Vedic Frequency	9e52df79-607c-4e64-9b32-89b97c3e8dc9	तमसो मा ज्योतिर्गमय	sanaatana-vaigyaniq	Sanatan & Vedic	Sanskrit	Sanatan & Vedic	true	56
albums	sanaatana-vedic-frequency	Sanaatana Vedic Frequency	767143b0-de77-4777-a7b7-1eee32a17256	red compare	sanaatana-vaigyaniq	Sanatan & Vedic	English	Vedic mantra rap, deep Indian spiritual hip-hop, male powerful voice with Sanskr	true	56
albums	sanaatana-vedic-frequency	Sanaatana Vedic Frequency	6adf98e7-94d8-4005-a05b-25fbfda301f0	तमसो मा ज्योतिर्गमय	sanaatana-vaigyaniq	Sanatan & Vedic	Sanskrit	Sanatan & Vedic	true	56
albums	sanaatana-vedic-frequency	Sanaatana Vedic Frequency	0ef3d205-739a-4b55-991e-f733b6ea9a29	नासदासीन्नो सदासीत्तदानीं नासीद्रजो नो व्योमापरो	sanaatana-vaigyaniq	Sanatan & Vedic	Sanskrit	Sanatan & Vedic	true	12
albums	sanaatana-vedic-frequency	Sanaatana Vedic Frequency	f15c8e9b-271a-4e48-8fd3-77cedf717209	First Comes the Word	sanaatana-vaigyaniq	Sanatan & Vedic	English	Title: The Birth of Speech  Genre: Vedic cinematic epic, spiritual world music	true	12
albums	sanaatana-vedic-frequency	Sanaatana Vedic Frequency	3aee5620-6355-4e7c-8dab-c1e12f9a32dc	सन्दर्भ की परिभाषा	sanaatana-vaigyaniq	Classical & Raag	Hindi	Genre: Mystical Sanskrit Philosophy Song  Style: Indian classical + cinematic am	true	77
albums	sanaatana-vedic-frequency	Sanaatana Vedic Frequency	933572dc-5bc2-4924-9f94-ea6aa0e873c8	🌌 १. सृष्टि से पहले	sanaatana-vaigyaniq	Sanatan & Vedic	Sanskrit	Sanatan & Vedic	true	77
albums	sanaatana-vedic-frequency	Sanaatana Vedic Frequency	496810df-e327-42bc-bf1e-1ae6d9f62ca4	सन्दर्भ की परिभाषा	sanaatana-vaigyaniq	Classical & Raag	Hindi	Genre: Mystical Sanskrit Philosophy Song  Style: Indian classical + cinematic am	true	101
albums	sanaatana-vedic-frequency	Sanaatana Vedic Frequency	63dee4cd-523c-47e2-a9bd-925baf55aa2d	संस्कृत	sanaatana-vaigyaniq	Sanatan & Vedic	Sanskrit	Sanatan & Vedic	true	101
albums	sanaatana-vedic-frequency	Sanaatana Vedic Frequency	10e904b9-006d-4a2f-989d-9d613a84c9d1	सन्दर्भ की परिभाषा	sanaatana-vaigyaniq	Sanatan & Vedic	Sanskrit	Sanatan & Vedic	true	1
albums	sanaatana-vedic-frequency	Sanaatana Vedic Frequency	423f80fa-88d7-4cf4-b06d-c284d9d11d66	सन्दर्भ की परिभाषा	sanaatana-vaigyaniq	Classical & Raag	Hindi	Genre: Mystical Sanskrit Philosophy Song  Style: Indian classical + cinematic am	true	1
albums	sanaatana-vedic-frequency	Sanaatana Vedic Frequency	8850934b-cdb1-4254-bedf-83595eb359bb	तुम अनंत सनातन हो	sanaatana-vaigyaniq	Sanatan & Vedic	Sanskrit	Sanatan & Vedic	true	48
albums	sanaatana-vedic-frequency	Sanaatana Vedic Frequency	48b87be5-26d7-45e7-8598-8bcfc1de303a	ram ki gilahari	sanaatana-vaigyaniq	Sanatan & Vedic	English	Epic stadium anthem devotional song, male chorus with crowd chants, powerful dru	true	48
albums	sanaatana-vedic-frequency	Sanaatana Vedic Frequency	b72a5071-8cf9-4efd-9204-269cc25de272	ram ki gilahari	sanaatana-vaigyaniq	Sanatan & Vedic	English	Epic stadium anthem devotional song, male chorus with crowd chants, powerful dru	true	76
albums	sanaatana-vedic-frequency	Sanaatana Vedic Frequency	b34894ee-52e3-4cd4-b4f9-5336056b318b	mahadev	gurukul	Other / Misc	English	full सुपर  funky	true	58
albums	sanaatana-vedic-frequency	Sanaatana Vedic Frequency	83393fa5-c5e2-48b7-a6b0-09cfa197cc04	mahadev	gurukul	Other / Misc	English	full funky	true	53
albums	sanaatana-vedic-frequency	Sanaatana Vedic Frequency	5cb1b6d1-c87b-4bd1-a81b-6c2531a63320	mahadev	kabir-clubbing	Rap & Fusion	English	breathless rap	true	41
albums	sanaatana-vedic-frequency	Sanaatana Vedic Frequency	d5b1f403-2b0e-4ea3-a03a-02ebfcaba03f	शिव की पवन जटा में बसता	sanaatana-vaigyaniq	Sanatan & Vedic	Sanskrit	Sanatan & Vedic	true	41
albums	sanaatana-vedic-frequency	Sanaatana Vedic Frequency	d08d5d69-511b-4d16-86f7-9f38fabf7bff	Har har har har har Haryana	sanaatana-vaigyaniq	Sanatan & Vedic	English	Sanatan & Vedic	true	41
albums	sanaatana-vedic-frequency	Sanaatana Vedic Frequency	a02e5b7b-4082-4379-8728-b47dd277d6bc	mahadev	kabir-clubbing	Rap & Fusion	English	"Agori Folk-Rock, Cinematic Shiva Tandav, Tribal Fusion, High-energy Dhak and Da	true	44
albums	sanaatana-vedic-frequency	Sanaatana Vedic Frequency	a1b21d0a-772f-4abb-844b-e635fe83916d	mahadev	kabir-clubbing	Rap & Fusion	English	"Agori Folk-Rock, Cinematic Shiva Tandav, Tribal Fusion, High-energy Dhak and Da	true	44
albums	sanaatana-vedic-frequency	Sanaatana Vedic Frequency	a19088bc-7520-4b85-95d9-1c3ea882182e	mahadev	gurukul	Other / Misc	English	इस गाने की शुरुआत शांत श्लोक से करें, फिर अचानक "महादेव तेरी सरकार" पर एक रॉक-स्	true	44
albums	sanaatana-vedic-frequency	Sanaatana Vedic Frequency	26be0fe7-c291-4924-9ac3-2b083d18f6a7	डमड्डमड्डमड्डमन्निनादवड्डमर्वयं	sanaatana-vaigyaniq	Sanatan & Vedic	Sanskrit	Sanatan & Vedic	true	44
albums	sanaatana-vedic-frequency	Sanaatana Vedic Frequency	c60bddff-5831-45b2-aeda-56c210e42bee	भ्रम का जाल ये दुनिया	sanaatana-vaigyaniq	Sanatan & Vedic	Sanskrit	Sanatan & Vedic	true	20
albums	hip-hop-drill-rap	Hip-Hop Drill Rap	d5f6d9bc-5c76-48d6-859d-957ef84f79b3	हनुमान-अनुमान छट	sanaatana-vaigyaniq	Sanatan & Vedic	Sanskrit	Heavy cinematic Vedic metal-phonk epic, 115 to 142 BPM, roaring traditional dhol	true	28
albums	hip-hop-drill-rap	Hip-Hop Drill Rap	39c60af7-873d-464c-ab83-86a116aa3a19	ह्-हनु अनुमान	kabir-clubbing	Rap & Fusion	Hindi	Fast-paced hyper-articulated phonetic staccato trap-folk, 115 BPM, rapid rhythmi	true	7
albums	hip-hop-drill-rap	Hip-Hop Drill Rap	0691bbaf-1f16-453a-9c00-0eecd71d1e14	३३-डिजिट नियॉन	sanaatana-vaigyaniq	Sanatan & Vedic	Sanskrit	Hyper-aggressive cinematic Vedic folk-hop epic, 115 BPM, rapid-fire phonetic sta	true	29
albums	hip-hop-drill-rap	Hip-Hop Drill Rap	61a1c2e8-6e9b-4636-b976-9c0a3c82cc60	राजधर्म चक्र	sanaatana-vaigyaniq	Sanatan & Vedic	Sanskrit	Heavy Industrial Drop, Vedic chanting trap mix, fast-paced aggressive rap cadenc	true	41
albums	hip-hop-drill-rap	Hip-Hop Drill Rap	0551f9c5-85b2-43c5-a715-b29b3a10df0c	कबीर निर्गुण	kabir-clubbing	Bhakti & Katha	Hindi	Acoustic Neural Trans fused with Raw Crisp Drill Beats, emotional Sufi-Drill voc	true	41
albums	hip-hop-drill-rap	Hip-Hop Drill Rap	c7fabad5-bd6d-4a60-b985-ad0aae6819c3	चणक्य चांदी	kabir-clubbing	Rap & Fusion	Hindi	Aggressive Haryanvi Hyperrap fused with powerful Sufi Qawwali claps, crushing di	true	47
albums	hip-hop-drill-rap	Hip-Hop Drill Rap	f9f70b24-e62f-40a2-b42f-f3a0ba272777	संप्रभुता का डंका	gurukul	Other / Misc	Hindi	Dark Aggressive Cinematic Phonk, heavy brass orchestration, ancient Indian war d	true	41
albums	hip-hop-drill-rap	Hip-Hop Drill Rap	e1ec848b-c158-4366-ba75-bb0d12943801	चाणक्य सिक्का	kabir-clubbing	Rap & Fusion	Hindi	Aggressive Haryanvi Hyperrap fused with powerful Sufi Qawwali claps, high-impact	true	20
albums	hip-hop-drill-rap	Hip-Hop Drill Rap	2b968ed3-b8ee-44e4-ad96-e3da7d583ae0	कौतूहल की दुनिया में लॉजिक अपार है	kabir-clubbing	Rap & Fusion	Hindi	Rap & Fusion	true	51
albums	hip-hop-drill-rap	Hip-Hop Drill Rap	da33361a-8617-4815-b444-dd6d95f00bca	डिजिटल गुरुकुल	gurukul	Other / Misc	Hindi	High-energy Cyberpunk Phonk fused with Aggressive Indian Drill, crushing distort	true	51
albums	hip-hop-drill-rap	Hip-Hop Drill Rap	f31751f4-ec55-4c42-a423-07f42895a464	कौतूहल की दुनिया में लॉजिक अपार है	kabir-clubbing	Rap & Fusion	Hindi	Rap & Fusion	true	21
albums	hip-hop-drill-rap	Hip-Hop Drill Rap	05bb41b7-0a36-4c99-a245-d5d727f902c3	लिटमस परिपथ	gurukul	Other / Misc	Hindi	High-energy Cyberpunk Phonk, traditional Indian folk accents, punchy aggressive	true	21
albums	hip-hop-drill-rap	Hip-Hop Drill Rap	28ed327a-4860-4957-a494-fcd59d36bcd9	Shankhnaad Cowbell Drop	sanaatana-vaigyaniq	Sanatan & Vedic	English	High-energy Cyberpunk Phonk fused with Aggressive Indian Drill, crushing distort	true	37
albums	hip-hop-drill-rap	Hip-Hop Drill Rap	e038f00c-f649-44ca-8cc5-f2110a995703	कोष्ठक शंखनाद	sanaatana-vaigyaniq	Sanatan & Vedic	Sanskrit	Raw Aggressive Indian Drill Phonk, heavy distorted 808 sub-bass, crisp metallic	true	18
albums	hip-hop-drill-rap	Hip-Hop Drill Rap	eae4f2af-ad53-414e-b47b-70dcd331427a	चांदी का सिक्का	kabir-clubbing	Rap & Fusion	Hindi	Aggressive Haryanvi Hyperrap fused with powerful Sufi Qawwali claps, high-impact	true	46
albums	hip-hop-drill-rap	Hip-Hop Drill Rap	ee8190df-8ed5-4fd2-b83e-f6908dad6089	तेईस दशमलव पाँच	gurukul	Other / Misc	Hindi	High-energy Cyberpunk Phonk fused with Aggressive Indian Folk, punchy industrial	true	48
albums	hip-hop-drill-rap	Hip-Hop Drill Rap	7ad70850-e3ae-4d26-b0e9-05197e2cb4f9	शंखनाद बाइनरी	sanaatana-vaigyaniq	Sanatan & Vedic	Sanskrit	Raw Aggressive Indian Drill Phonk, heavy distorted 808 bass, crisp metallic perc	true	56
albums	hip-hop-drill-rap	Hip-Hop Drill Rap	1c0f3567-660d-40a2-8672-943688dd3c89	O meri bhaarat maataa	kabir-clubbing	Rap & Fusion	English	Rap & Fusion	true	52
albums	hip-hop-drill-rap	Hip-Hop Drill Rap	d60bbdd7-852b-4638-9bfc-de2be9c9f0e9	Reversed Sitar Whisper	kabir-clubbing	Rap & Fusion	English	Style: Desi Trap, Indian Hip Hop, Dark Trap, 140 BPM, male autotuned rap, heavy	true	52
albums	hip-hop-drill-rap	Hip-Hop Drill Rap	b1673a2d-91fa-478f-a3c3-79d253fd7444	परदेसां धड़कन	kabir-clubbing	Rap & Fusion	Hindi	[Genre: Psytrance, Funky House, Hyperpop, Indian Fusion, 145 BPM, Male Vocals, H	true	51
albums	hip-hop-drill-rap	Hip-Hop Drill Rap	6145df1e-62b2-4fd3-a150-ebef60393608	O meri bhaarat maataa	kabir-clubbing	Rap & Fusion	English	Rap & Fusion	true	51
albums	hip-hop-drill-rap	Hip-Hop Drill Rap	4f82c591-30f7-4369-8544-9c90f7b11d0d	रही धड़क ना सीने में।	kabir-clubbing	Rap & Fusion	Hindi	Rap & Fusion	true	48
albums	hip-hop-drill-rap	Hip-Hop Drill Rap	60bb8f17-03b5-4159-ab31-2927d80a2629	Distorted Sarangi Wobble	kabir-clubbing	Rap & Fusion	English	[Genre: Psytrance, Funky House, Hyperpop, Indian Fusion, 145 BPM, Male Vocals, H	true	48
albums	hip-hop-drill-rap	Hip-Hop Drill Rap	6657399e-3da3-424d-9965-024cc4786644	Tanpura Rainbird	gurukul	Other / Misc	English	Style: Lo-fi Hip Hop, Chillhop, Indian folk sample, 75 BPM, soft male vocals, v	true	45
albums	hip-hop-drill-rap	Hip-Hop Drill Rap	4c151ea0-4e12-4f3c-8767-e25ed0ee02cb	तेरे बिना मैंने परदेसां में	kabir-clubbing	Rap & Fusion	Hindi	Rap & Fusion	true	45
albums	hip-hop-drill-rap	Hip-Hop Drill Rap	2f7dc4d3-998d-4f4c-b011-9f88e7a482c1	Tanpura Rainbird	gurukul	Other / Misc	English	Style: Lo-fi Hip Hop, Chillhop, Indian folk sample, 75 BPM, soft male vocals, v	true	45
albums	hip-hop-drill-rap	Hip-Hop Drill Rap	9da0a583-254e-4712-bf3d-e40b49a6856e	परदेसां कीधूप	gurukul	Other / Misc	Hindi	Style: Lo-fi Hip Hop, Chillhop, Indian folk sample, 75 BPM, soft male vocals, v	true	45
albums	hip-hop-drill-rap	Hip-Hop Drill Rap	ee86a23e-0007-4d04-99f8-4b605086de9e	रही धड़क ना सीने में।	kabir-clubbing	Rap & Fusion	Hindi	Rap & Fusion	true	44
albums	hip-hop-drill-rap	Hip-Hop Drill Rap	cb8ff251-d3a7-4271-a3a0-33969db28cb0	Paradesi Wobble	kabir-clubbing	Rap & Fusion	English	[Genre: Psytrance, Funky House, Hyperpop, Indian Fusion, 145 BPM, Male Vocals,	true	44
albums	hip-hop-drill-rap	Hip-Hop Drill Rap	55b29326-16e4-4e61-84ab-ce7f6cd164df	साती माटी-चोला	kabir-clubbing	Rap & Fusion	Hindi	Style: Raga Bhairavi, Raga Yaman, Raga Malkauns, Sufi fusion, Rajasthani folk,	true	37
albums	hip-hop-drill-rap	Hip-Hop Drill Rap	989e203d-59cf-43b4-b450-bd5f5fdf28a6	ख़्वाब-धागा आधा	kabir-clubbing	Rap & Fusion	Hindi	[Cinematic World-Fusion, Deep Spiritual Qawwali Vocals, 142 BPM, UK Drill influe	true	49
albums	hip-hop-drill-rap	Hip-Hop Drill Rap	081d7d0e-d5f4-455e-9716-46f8bfcd192f	साहब खोज जंग	kabir-clubbing	Rap & Fusion	Hindi	[Cinematic World-Fusion, Deep Spiritual Qawwali vocals mixed with High-Impact UK	true	23
albums	hip-hop-drill-rap	Hip-Hop Drill Rap	de8f6167-d436-420a-93af-8127c00e163b	सवा लाख जाट	kabir-clubbing	Rap & Fusion	Hindi	[Genre: Hyperrap, Haryanvi folk, Afghan dambura, rubab, dhol, bakhshi style, fas	true	54
albums	hip-hop-drill-rap	Hip-Hop Drill Rap	4cf08691-a7ea-40e0-bd21-8b0b272cb3f6	वो है-इसलिए मैं	kabir-clubbing	Rap & Fusion	Hindi	[Style: Sufi devotional, slow meditative recitation, no rhythm, no beat, only de	true	12
albums	hip-hop-drill-rap	Hip-Hop Drill Rap	dd450e4b-6a76-42d9-8a70-2e4a0244702d	बोटी-फुर्र अरदास	kabir-clubbing	Rap & Fusion	Hindi	Hyper Rap, Punjabi Trap, 170 BPM, male rapid-fire vocals, chaotic fun, meme ener	true	56
albums	hip-hop-drill-rap	Hip-Hop Drill Rap	8bcb26e4-6909-4e70-9291-af3e5452bf87	बोटी-फुर्र अरदास	kabir-clubbing	Rap & Fusion	Hindi	Hyper Rap, Punjabi Trap, 170 BPM, male rapid-fire vocals, chaotic fun, meme ener	true	56
albums	hip-hop-drill-rap	Hip-Hop Drill Rap	bb4a0cdc-93a8-4846-a9c5-30071f2fcf78	चप्पल-झिड़कियाँ	kabir-clubbing	Rap & Fusion	Hindi	[Genre: Qawwali × Hip-Hop Fusion, Indian Devotional Folk, Comedy, Urban Desi, Ma	true	51
albums	hip-hop-drill-rap	Hip-Hop Drill Rap	e6e7cdf5-7183-436b-b56a-c8060859c0de	माँ की बेलन-झिड़कियाँ	kabir-clubbing	Rap & Fusion	Hindi	[Genre: Qawwali × Hip-Hop Fusion, Indian Devotional Folk, Comedy, Urban Desi, Ma	true	49
albums	hip-hop-drill-rap	Hip-Hop Drill Rap	d8e1bbbb-d558-49bb-9961-e2caa023d9aa	बंसीधर मुकुट	kabir-clubbing	Rap & Fusion	Hindi	Genre/Style: Braj Sankirtan, Dhrupad-folk fusion, Raw Devotional, Indian Temple	true	43
albums	hip-hop-drill-rap	Hip-Hop Drill Rap	74a54818-5c55-4db4-bc1f-7dfa1e9fce6d	नीऑन लस्का	kabir-clubbing	Rap & Fusion	Hindi	Style: Cyberpunk Hip Hop, Hyper-rap, Industrial Trap, 160 BPM, D# minor  Vocal:	true	57
albums	hip-hop-drill-rap	Hip-Hop Drill Rap	b81894bf-4e0b-489f-b54c-a471f30a051a	चस्का फीडबैक	kabir-clubbing	Rap & Fusion	Hindi	[Genre: HyperRa, Boom Bap, Cyberpunk, High Tempo Rap] [BPM: 120-140] [Vocal Styl	true	59
albums	hip-hop-drill-rap	Hip-Hop Drill Rap	e3e41c8a-d755-4128-b6d7-eb79a61facec	चस्का ढार	kabir-clubbing	Rap & Fusion	Hindi	[Genre: Desi Hip Hop, Boom Bap, Slow to Mid Tempo Rap] [BPM: 85-95] [Vocal Style	true	59
albums	hip-hop-drill-rap	Hip-Hop Drill Rap	4417277d-8df9-416a-ac8b-9b68e3cdf5be	चस्का ढार	kabir-clubbing	Rap & Fusion	Hindi	[Genre: Desi Hip Hop, Boom Bap, Slow to Mid Tempo Rap] [BPM: 85-95] [Vocal Style	true	59
albums	hip-hop-drill-rap	Hip-Hop Drill Rap	216ca16d-22ff-4a35-959c-89ff65126a95	Chaska Laska	kabir-clubbing	Rap & Fusion	English	style desi hip hop rajasthani folk fusion heavy bass fast beat male aggressive v	true	60
albums	hip-hop-drill-rap	Hip-Hop Drill Rap	534e2457-1af3-4ffb-92cb-4d53662c9940	बे... थमसी आती है	kabir-clubbing	Rap & Fusion	Hindi	Male  vocal, hyperpop / hyperrap, high energy, fast tempo 160 BPM, aggressive 80	true	36
albums	hip-hop-drill-rap	Hip-Hop Drill Rap	f7390bf3-2335-444e-baed-c5e5cd17cfc1	बे... थमसी आती है	kabir-clubbing	Rap & Fusion	Hindi	Male  vocal, hyperpop / hyperrap, high energy, fast tempo 160 BPM, aggressive 80	true	36
albums	hip-hop-drill-rap	Hip-Hop Drill Rap	b621900d-687c-4fdb-8eb9-638c8124b1e4	बे...	kabir-clubbing	Rap & Fusion	Hindi	Male  vocal, hyperpop / hyperrap, high energy, fast tempo 160 BPM, aggressive 80	true	36
albums	hip-hop-drill-rap	Hip-Hop Drill Rap	decc359e-6a2c-4531-8b3c-f829ac5700be	बे...	kabir-clubbing	Rap & Fusion	Hindi	Male  vocal, hyperpop / hyperrap, high energy, fast tempo 160 BPM, aggressive 80	true	36
albums	hip-hop-drill-rap	Hip-Hop Drill Rap	ee8a117b-ef9c-4b4e-9cbe-9d314232d018	बेधड़क करीब	kabir-clubbing	Rap & Fusion	Hindi	Female vocal, hyperpop / hyperrap, high energy, fast tempo 160 BPM, aggressive 8	true	36
albums	hip-hop-drill-rap	Hip-Hop Drill Rap	6c333810-2183-40c8-91a7-bd198ff98290	इतनी करीब आ जाती है	kabir-clubbing	Rap & Fusion	Hindi	Rap & Fusion	true	36
albums	hip-hop-drill-rap	Hip-Hop Drill Rap	fec3e2d0-b4c1-47aa-b22f-a7b5f2ea4774	कैसी वैसी सी	kabir-clubbing	Rap & Fusion	Hindi	Female vocal, Punjabi pop meets Bollywood, upbeat and celebratory yet emotional,	true	22
albums	hip-hop-drill-rap	Hip-Hop Drill Rap	c50d2540-0f2b-4c94-bb28-6a3c4883e847	सुनहर हारा फूका	sanaatana-vaigyaniq	Classical & Raag	Hindi	Haryanvi Folk + Rajasthani Folk + Indian Classical + Hyper-Rap Fusion. Suno v4.	true	101
albums	hip-hop-drill-rap	Hip-Hop Drill Rap	d195714f-a2b3-4d77-ae4f-f18670428eb0	मेघ की विरह	sanaatana-vaigyaniq	Classical & Raag	Hindi	Haryanvi Folk + Indian Classical + Hyper-Rap Fusion. Suno v4. Dynamic genre swit	true	68
albums	hip-hop-drill-rap	Hip-Hop Drill Rap	c8598710-c924-4b3c-8e32-0a1fded87efb	Din Mein Sarpanch	kabir-clubbing	Rap & Fusion	English	Dark cinematic Indian folk trap song with female vocals.  Theme: A powerful Hary	true	8
albums	hip-hop-drill-rap	Hip-Hop Drill Rap	f3c2518c-d6a6-4235-8da6-208eae4ee71a	“Roach Sirens”	kabir-clubbing	Rap & Fusion	English	[Style: Opera + Hyper-rap + Trap Metal + Cinematic Orchestra, aggressive male te	true	40
albums	hip-hop-drill-rap	Hip-Hop Drill Rap	c6ab00bc-f4fc-49fb-91b6-93fbb717ec43	Who raised you? Who trained you	kabir-clubbing	Rap & Fusion	English	Rap & Fusion	true	40
albums	hip-hop-drill-rap	Hip-Hop Drill Rap	b56bd6df-5167-43b3-b0a6-cf5f42c72589	मेट्रो दरवाज़े बंद x Animatrix लोडिंग (Mashup)	sanaatana-vaigyaniq	Sanatan & Vedic	English	Afro-Phonk Fusion, Vedic Chanting, Modern Indian Folk, Neon-Sufi, Syncopated Dje	true	68
albums	hip-hop-drill-rap	Hip-Hop Drill Rap	d0569990-a19a-4e68-b82b-1db44b271e2a	मेट्रो दरवाज़े बंद x Animatrix लोडिंग (Mashup)	sanaatana-vaigyaniq	Sanatan & Vedic	English	Afro-Phonk Fusion, Vedic Chanting, Modern Indian Folk, Neon-Sufi, Syncopated Dje	true	68
albums	hip-hop-drill-rap	Hip-Hop Drill Rap	e48f5522-c4e9-43c9-8080-e6a097fa596c	मेट्रो दरवाज़े बंद	sanaatana-vaigyaniq	Sanatan & Vedic	Sanskrit	Afro-Phonk Fusion, Vedic Chanting, Modern Indian Folk, Neon-Sufi, Syncopated Dje	true	68
albums	hip-hop-drill-rap	Hip-Hop Drill Rap	e4126f4b-d140-4061-9c2f-294733f12904	Animatrix Loading	sanaatana-vaigyaniq	Sanatan & Vedic	English	Afro-Phonk Fusion, Vedic Chanting, Modern Indian Folk, Neon-Sufi, Syncopated Dje	true	66
albums	hip-hop-drill-rap	Hip-Hop Drill Rap	9aa4b117-b9b0-46de-9c7d-4e16fadb5159	Animatrix लोड	sanaatana-vaigyaniq	Sanatan & Vedic	English	Afro-Phonk Fusion, Vedic Chanting, Modern Indian Folk, Neon-Sufi, Syncopated Dje	true	66
albums	hip-hop-drill-rap	Hip-Hop Drill Rap	40bc367c-0e8b-4773-800e-f68e8cf45f1e	Animatrix Loading	sanaatana-vaigyaniq	Sanatan & Vedic	English	Afro-Phonk Fusion, Vedic Chanting, Modern Indian Folk, Neon-Sufi, Syncopated Dje	true	66
albums	hip-hop-drill-rap	Hip-Hop Drill Rap	ad88ec20-844d-47ac-ae8e-5634a628daee	धरती का नून	kabir-clubbing	Rap & Fusion	Hindi	dark hindustani bhajan meets ambient trance  d bhairavi  72 to 108 bpm  male gri	true	57
albums	hip-hop-drill-rap	Hip-Hop Drill Rap	47ed762a-d69b-40e3-8c6b-9feee3c9bd95	Animatrix लोड	sanaatana-vaigyaniq	Sanatan & Vedic	English	Afro-Phonk Fusion, Vedic Chanting, Modern Indian Folk, Neon-Sufi, Syncopated Dje	true	66
albums	hip-hop-drill-rap	Hip-Hop Drill Rap	a1faf499-0ae9-40d2-ac91-2d8e83b55f0c	Animatrix लोडिंग	sanaatana-vaigyaniq	Sanatan & Vedic	English	Afro-Phonk Fusion, Vedic Chanting, Modern Indian Folk, Neon-Sufi, Syncopated Dje	true	66
albums	hip-hop-drill-rap	Hip-Hop Drill Rap	c2da4a42-4081-4f8b-bcce-99e67d38740e	Animatrix लोडिंग	sanaatana-vaigyaniq	Sanatan & Vedic	English	Afro-Phonk Fusion, Vedic Chanting, Modern Indian Folk, Neon-Sufi, Syncopated Dje	true	66
albums	hip-hop-drill-rap	Hip-Hop Drill Rap	b3e24cb5-dd86-475b-b84c-00356ec425f6	मेरा अंतरमन डोले	kabir-clubbing	Rap & Fusion	Hindi	Rap & Fusion	true	66
albums	hip-hop-drill-rap	Hip-Hop Drill Rap	12168a29-23fd-464a-8f32-b552fd6e4571	Animatrix Loading	gurukul	Other / Misc	English	Cyber-Sufi Afro-Phonk, Heavy Distorted 808 Bass, Cowbell Phonk Melody, Fast Sync	true	66
albums	hip-hop-drill-rap	Hip-Hop Drill Rap	50efcdb2-3927-4d22-9dff-23ab30048e3e	मेरा अंतरमन डोले	kabir-clubbing	Rap & Fusion	Hindi	Rap & Fusion	true	65
albums	hip-hop-drill-rap	Hip-Hop Drill Rap	8e51259c-2c1b-4d8c-9937-a9210c11f9e0	मेट्रो हम-डोल	gurukul	Other / Misc	Hindi	Dark Drift Phonk, Heavy Distorted 808 Bass, Cowbell Melody, Fast Afro-Phonk Perc	true	68
albums	hip-hop-drill-rap	Hip-Hop Drill Rap	eba6ef4c-4673-47d3-a972-ec071def7fc1	मेट्रो डिब्बा मोबाइल	gurukul	Other / Misc	Hindi	Cyber-Sufi Afro-Phonk, Heavy Distorted 808 Bass, Cowbell Phonk Melody, Fast Sync	true	65
albums	hip-hop-drill-rap	Hip-Hop Drill Rap	489eb949-4a6f-43a9-a57f-0c8d38c447f8	मेरा अंतरमन डोले	kabir-clubbing	Rap & Fusion	Hindi	Rap & Fusion	true	68
albums	hip-hop-drill-rap	Hip-Hop Drill Rap	302d74f4-c980-41ab-9517-7315d88c6f17	Animatrix Bootloop	gurukul	Other / Misc	English	Dark Drift Phonk, Heavy Distorted 808 Bass, Cowbell Melody, Fast Afro-Phonk Perc	true	65
albums	hip-hop-drill-rap	Hip-Hop Drill Rap	fe9e7ab6-a016-4774-9a1e-43f4e2598a18	मेरा अंतरमन डोले	kabir-clubbing	Rap & Fusion	Hindi	Rap & Fusion	true	65
albums	hip-hop-drill-rap	Hip-Hop Drill Rap	bbdbe9f0-9175-4132-989e-36fbc9b6ea40	मेरा अंतरमन डोले	kabir-clubbing	Rap & Fusion	Hindi	Rap & Fusion	true	50
albums	hip-hop-drill-rap	Hip-Hop Drill Rap	6fdb63c2-38cc-46f4-9872-4c0d1fec3922	मेरा अंतरमन डोले	kabir-clubbing	Rap & Fusion	Hindi	Rap & Fusion	true	63
albums	hip-hop-drill-rap	Hip-Hop Drill Rap	920539b8-cbfd-4c49-8404-bb0fbaa9dc11	मेरा अंतरमान डोले	gurukul	Other / Misc	Hindi	Dark Drift Phonk, Heavy Distorted 808 Bass, Cowbell Melody, Fast Afro-Phonk Perc	true	63
albums	hip-hop-drill-rap	Hip-Hop Drill Rap	f4537e0d-1ee4-43aa-886c-096606a8877f	Animatrix Loading (Remastered)	kabir-clubbing	Rap & Fusion	English	Dark Drift Phonk, Afrobeat percussion, Cyber-Sufi, Cinematic Space Atmosphere, H	true	50
albums	hip-hop-drill-rap	Hip-Hop Drill Rap	1b6225a2-fb64-49aa-94db-802efe864623	Duduk Cello Oath	kabir-clubbing	Rap & Fusion	English	Cinematic World-Sufi Fusion, Avant-garde Qawwali, Mournful Armenian Duduk Intro,	true	25
albums	hip-hop-drill-rap	Hip-Hop Drill Rap	3e849ef6-8f9e-467f-b6cd-23ece1febccc	Animatrix Loading	kabir-clubbing	Rap & Fusion	English	Dark Drift Phonk, Afrobeat percussion, Cyber-Sufi, Cinematic Space Atmosphere, H	true	50
albums	hip-hop-drill-rap	Hip-Hop Drill Rap	eb94acbb-29cd-4d8f-8cfd-bc1845d25b66	Animatrix Loading	kabir-clubbing	Rap & Fusion	English	Dark Drift Phonk, Afrobeat percussion, Cyber-Sufi, Cinematic Space Atmosphere, H	true	50
albums	hip-hop-drill-rap	Hip-Hop Drill Rap	3580b58a-f911-4e7a-a531-b00a0b28b285	Sanatan Data	sanaatana-vaigyaniq	Sanatan & Vedic	English	Dark Drift Phonk, Afrobeat percussion, Cyber-Sufi, Cinematic Space Atmosphere, H	true	42
albums	hip-hop-drill-rap	Hip-Hop Drill Rap	2020dea5-b656-40ad-afab-e188b5b87eb4	Earth Station Static	kabir-clubbing	Rap & Fusion	English	Dark Drift Phonk, Afrobeat percussion, Cyber-Sufi, Cinematic Space Atmosphere, H	true	25
albums	hip-hop-drill-rap	Hip-Hop Drill Rap	0d8bd230-e8fb-40c1-bd65-a1d4ba490f2a	मेरा अंतरमान डोले कितने आयाम	kabir-clubbing	Rap & Fusion	Hindi	Rap & Fusion	true	25
albums	hip-hop-drill-rap	Hip-Hop Drill Rap	ba996ff1-61da-4e8f-8887-34fa43c9dd27	चुंग-चुंग गज़ब	gurukul	Other / Misc	Hindi	Indian Psychedelic Folk, Memphis Phonk, hypnotic Ektara loops, train rhythmic ch	true	18
albums	hip-hop-drill-rap	Hip-Hop Drill Rap	da33ae1c-117f-41b3-9784-fe362d228637	मेरा अंतरमन डोले कितने आयाम	kabir-clubbing	Rap & Fusion	Hindi	Rap & Fusion	true	18
albums	hip-hop-drill-rap	Hip-Hop Drill Rap	3c427c65-53cf-4f73-8314-f7c17ce91bfd	Train Chug-Chug चमत्कार	gurukul	Other / Misc	English	Indian Psychedelic Folk, Memphis Phonk, hypnotic Ektara loops, train rhythmic ch	true	18
albums	hip-hop-drill-rap	Hip-Hop Drill Rap	ef0b0bee-7663-448a-879e-09acd3a01be8	मेरा अंतरमान डोले कितने आयामा	kabir-clubbing	Rap & Fusion	Hindi	Rap & Fusion	true	18
albums	hip-hop-drill-rap	Hip-Hop Drill Rap	2f8b76a0-2fea-4f3f-9f7f-09611a2f27d7	माटी घट-विक्री	kabir-clubbing	Bhakti & Katha	Hindi	[Artist: P.H.K.D. (Pure Honest Kabir Driven) Genre: Spiritual Phonk / Cinematic	true	34
albums	hip-hop-drill-rap	Hip-Hop Drill Rap	e7929024-f570-473c-9c81-bd82372023c1	कबीरा नमक मंडी	kabir-clubbing	Bhakti & Katha	Hindi	[Artist: P.H.K.D. (Pure Honest Kabir Driven) Genre: Spiritual Phonk / Cinematic	true	34
albums	hip-hop-drill-rap	Hip-Hop Drill Rap	cd4e2b2c-3363-4c01-81bd-4482ad356954	कबीरा नमक मंडी	kabir-clubbing	Bhakti & Katha	Hindi	[Artist: P.H.K.D. (Pure Honest Kabir Driven) Genre: Spiritual Phonk / Cinematic	true	34
albums	hip-hop-drill-rap	Hip-Hop Drill Rap	064fb6c2-bf1e-4247-8603-1a4228fd88b0	Saltless Tears	kabir-clubbing	Rap & Fusion	English	[Genre: Afrobeat, Indian folk fusion, Telugu folk, Tamil folk, Bangla folk, Erhu	true	13
albums	hip-hop-drill-rap	Hip-Hop Drill Rap	e81cfcda-4146-4974-97ad-0def356a7395	नमक सनक	kabir-clubbing	Rap & Fusion	Hindi	[Genre: Afrobeat, Chinese folk fusion, Erhu, Guzheng, talking drum, deep bass, s	true	41
albums	hip-hop-drill-rap	Hip-Hop Drill Rap	aa1881d9-c310-46ae-a942-bbcdeaa35490	नमक की सनक	kabir-clubbing	Rap & Fusion	Hindi	[Genre: World fusion, Afrobeat, Chinese Erhu, Telugu Nadhaswaram, Tamil Thavil,	true	84
albums	hip-hop-drill-rap	Hip-Hop Drill Rap	531d0f3b-bd07-4bf6-8d1d-242097d6a447	Paisa Sanak	kabir-clubbing	Rap & Fusion	English	[Genre: Afrobeat, Afro-fusion, Nigerian folk, Indian folk fusion, talking drum,	true	20
albums	hip-hop-drill-rap	Hip-Hop Drill Rap	7925c2fc-1f6f-4aac-aa53-3cd7eadd9fbd	नेता एकम डेटा	kabir-clubbing	Rap & Fusion	Hindi	[Genre: Cyberpunk, Industrial Hip-Hop, Hindi Protest Rap, Dark Synthwave] [BPM:	true	29
albums	hip-hop-drill-rap	Hip-Hop Drill Rap	9d4efeb8-a43d-43e2-9bd9-aa8ec1017c23	डमरू तांडव	kabir-clubbing	Rap & Fusion	Hindi	Acoustic Ritual Trance. 140 BPM. NO ELECTRONICS. Raw human claps, sharp metallic	true	24
albums	hip-hop-drill-rap	Hip-Hop Drill Rap	200924f6-fd97-4641-9ce1-dc0071add716	झूठ-ध्वनि साधन	kabir-clubbing	Rap & Fusion	Hindi	"100% Acoustic Ritual Folk, Neural Trance, No Electronic Instruments. Raw and hy	true	22
albums	hip-hop-drill-rap	Hip-Hop Drill Rap	97a3a9b7-6579-4077-8f26-19f8c61113b4	शंख-कोड गूँज	sanaatana-vaigyaniq	Sanatan & Vedic	Sanskrit	Genre: Fast-Paced Trap / Melodic Rap Neural Futurism Tempo: 150 BPM (High Energy	true	32
albums	hip-hop-drill-rap	Hip-Hop Drill Rap	4a506fe2-5611-45d3-8b3c-5636aa1122bf	रूह से फकीर	kabir-clubbing	Rap & Fusion	Hindi	Rap & Fusion	true	37
albums	hip-hop-drill-rap	Hip-Hop Drill Rap	510031ab-3950-43ea-bcb9-b2e19ede7eb2	करुणा-शस्त्र विधान	gurukul	Other / Misc	Hindi	Zen-Drill x Afro-Phonk. 110 BPM. Soundscape: शुरुआत एक बहुत ही शांत 'Tibetan Bow	true	37
albums	hip-hop-drill-rap	Hip-Hop Drill Rap	0d363331-c315-4e90-8f78-300af99db0c0	Degrees? Those are for the students	kabir-clubbing	Rap & Fusion	English	Rap & Fusion	true	37
albums	hip-hop-drill-rap	Hip-Hop Drill Rap	80022ecf-60fd-434c-9110-3782fd30a128	P.H.K.D. Shatter	gurukul	Other / Misc	English	Industrial Afro-Drill with a "Boss-Level" Cinematic Intro. 110 BPM. Vibe: Defian	true	37
albums	hip-hop-drill-rap	Hip-Hop Drill Rap	be8830ac-7a68-434c-b532-0d602396c088	शून्य-लय पंडित	sanaatana-vaigyaniq	Sanatan & Vedic	Sanskrit	Cinematic Afro-Drill x Vedic Industrial. 110 BPM. Vocal: Deep, commanding barito	true	32
albums	hip-hop-drill-rap	Hip-Hop Drill Rap	5fc639fe-7b5a-4ff3-b972-17f25f8a13f4	शून्य-शोर अकाल	sanaatana-vaigyaniq	Sanatan & Vedic	Sanskrit	Neo-Vedic Phonk meets Afro-Drill. 110 BPM.  Instrumentation: > * Intro (0:00-0:0	true	41
albums	hip-hop-drill-rap	Hip-Hop Drill Rap	2a18d142-6534-4a1d-a2da-00703e7e9621	अंखिया मूँद	gurukul	Other / Misc	Hindi	Style/Genre: Afro-house meets Sexy Drill meets Indian Bhajan, 110 BPM, heavy log	true	41
albums	hip-hop-drill-rap	Hip-Hop Drill Rap	889cb216-db14-474f-9186-192f838f34cf	Kabir Clubdevotion	kabir-clubbing	Bhakti & Katha	English	Style/Genre: Afro-house meets Sexy Drill meets Indian Bhajan, 110 BPM, heavy log	true	17
albums	hip-hop-drill-rap	Hip-Hop Drill Rap	cc885ad5-533d-4658-97f5-c6ba2a9a87cc	अंखिया मूँद	gurukul	Other / Misc	Hindi	Style/Genre: Afro-house meets Sexy Drill meets Indian Bhajan, 110 BPM, heavy log	true	41
albums	hip-hop-drill-rap	Hip-Hop Drill Rap	e1953d58-6e85-4b69-9fa0-b2a991ba6816	अंखिया मूँद	gurukul	Other / Misc	Hindi	Style/Genre: Afro-house meets Sexy Drill meets Indian Bhajan, 110 BPM, heavy log	true	41
albums	hip-hop-drill-rap	Hip-Hop Drill Rap	de9697c5-2352-4e2d-b84e-6f5ba6d6e35e	Kabir Shayo Groove	kabir-clubbing	Bhakti & Katha	English	[style: Afro-house meets Sexy Drill meets Indian Bhajan, 110 BPM, log drums, con	true	17
albums	hip-hop-drill-rap	Hip-Hop Drill Rap	3d8b096f-9f2a-4def-815f-b12ca6b1d3de	Kabir Shayo Groove	kabir-clubbing	Bhakti & Katha	English	[style: Afro-house meets Sexy Drill meets Indian Bhajan, 110 BPM, log drums, con	true	17
albums	hip-hop-drill-rap	Hip-Hop Drill Rap	4f57a0d7-1f5e-47fe-a249-405c77fc2ddf	Kabir Pillar Collapse	kabir-clubbing	Bhakti & Katha	English	[style: devotional drill, Indian bhajan meets Sexy Drill, 60 BPM, harmonium + he	true	27
albums	hip-hop-drill-rap	Hip-Hop Drill Rap	e512512c-6e61-42ce-8ccc-8fd96d37f200	Sahair Real Deal	gurukul	Other / Misc	English	[style: Indian folk bhajan meets West Coast G-Funk hip-hop, slow tempo, harmoniu	true	10
albums	hip-hop-drill-rap	Hip-Hop Drill Rap	38523b11-2e31-40ac-bdc6-03bfd30b1186	कुचली पुचली लाला	kabir-clubbing	Rap & Fusion	Hindi	Indian folk fusion, bansuri flute, meditative drone,  cyberpunk eastern, raw kab	true	40
albums	hip-hop-drill-rap	Hip-Hop Drill Rap	96a7ddf6-2c5b-44ad-b1db-16634387d175	बहरूपिया-ऑनलाइन	kabir-clubbing	Rap & Fusion	Hindi	Indian folk fusion, bansuri flute, meditative drone,  cyberpunk eastern, raw kab	true	76
albums	hip-hop-drill-rap	Hip-Hop Drill Rap	d65dfcf3-c12e-4e51-9d93-f6f106c0ca3f	Baharupiya Reboot	kabir-clubbing	Bhakti & Katha	English	[Style: Cyberpunk + Hyper Rap + Neural Lo-fi + Raw Kabir + Time Travel Vibe + Da	true	76
albums	hip-hop-drill-rap	Hip-Hop Drill Rap	0af7e65f-47a4-4c0f-aed2-53fa90952fb4	Baharupiya Reboot	kabir-clubbing	Bhakti & Katha	English	[Style: Cyberpunk + Hyper Rap + Neural Lo-fi + Raw Kabir + Time Travel Vibe + Da	true	76
albums	hip-hop-drill-rap	Hip-Hop Drill Rap	b60cb4ba-3ab7-4c77-868c-3d2af99231ee	पत्थर बुत	sanaatana-vaigyaniq	Classical & Raag	Hindi	cyberpunk+hyper rap + classical + narrator=divine awakening	true	30
albums	hip-hop-drill-rap	Hip-Hop Drill Rap	507a1183-07e8-4762-b317-b03c850a9f66	॥ महा-काव्य: आदि-अनंत ॥	kabir-clubbing	Rap & Fusion	Hindi	Rap & Fusion	true	30
albums	hip-hop-drill-rap	Hip-Hop Drill Rap	19a9d094-81bf-4578-af5a-103ad79c94f8	चक्रव्यूह' —अभिमन्यु की तरह हर इंसान इन 'चार लोग	kabir-clubbing	Rap & Fusion	Hindi	Rap & Fusion	true	18
albums	hip-hop-drill-rap	Hip-Hop Drill Rap	96dc0ed7-a8a1-4c68-ac02-b6ff0d8c8fab	चार पर्चे खर्चा	sanaatana-vaigyaniq	Classical & Raag	Hindi	hyper rap + classical + narrator=divine awakening	true	18
albums	hip-hop-drill-rap	Hip-Hop Drill Rap	c0070cfc-f61e-4c18-9854-d401c1d1ccc9	लम्स-ए-हवा रोया	gurukul	Other / Misc	Hindi	Haunting Female Vocals, Soprano textures, Cinematic Urdu Drill, 140 BPM, Melodic	true	28
albums	hip-hop-drill-rap	Hip-Hop Drill Rap	958e690b-3e28-4eb1-9fa5-e1bd4d2435c2	गुमान था कि तन्हाई में सुकूँ मिलेगा मुझे	kabir-clubbing	Rap & Fusion	Hindi	Rap & Fusion	true	28
albums	hip-hop-drill-rap	Hip-Hop Drill Rap	18f8e3e2-f827-4ebf-8bd3-61acd858385d	سर्द جھونکے سایہ	gurukul	Other / Misc	Hindi	Dark Cinematic Urdu Drill, Emotional Atmospheric Intro, 140 BPM, Heavy Sliding 8	true	28
albums	hip-hop-drill-rap	Hip-Hop Drill Rap	1e4e9b8a-2308-4cca-aa41-81c3c0d6b743	سर्द جھونکے سایہ	gurukul	Other / Misc	Hindi	Dark Cinematic Urdu Drill, Emotional Atmospheric Intro, 140 BPM, Heavy Sliding 8	true	28
albums	hip-hop-drill-rap	Hip-Hop Drill Rap	8d30c99c-2bb7-4bcc-b193-5a78f1af4af6	गुमान था कि तन्हाई में सुकूँ मिलेगा मुझे	kabir-clubbing	Rap & Fusion	Hindi	Rap & Fusion	true	48
albums	hip-hop-drill-rap	Hip-Hop Drill Rap	0e22ce3a-a007-42f4-a89c-1a5ef6ebc4f4	गुमान था कि तन्हाई में सुकूँ मिलेगा मुझे	kabir-clubbing	Rap & Fusion	Hindi	Rap & Fusion	true	48
albums	hip-hop-drill-rap	Hip-Hop Drill Rap	1826d08a-5fb4-4ab4-adb0-4163baf9acfc	लम्स-ए-हवा रोया	ameerpur	Love & Virah	Hindi	Drill, Urdu/Hindi poetry, Ghazal elements, slow melodic hook, heavy 808 bass, em	true	95
albums	hip-hop-drill-rap	Hip-Hop Drill Rap	ef834e73-a6e2-4dc4-a69f-cf8697e9de12	लम्स-ए-हवा सर्द	ameerpur	Love & Virah	Hindi	Drill, Urdu/Hindi poetry, Ghazal elements, slow melodic hook, heavy 808 bass, em	true	47
albums	hip-hop-drill-rap	Hip-Hop Drill Rap	d797f61d-e2f9-435d-b724-45791d7e898d	Radif : ...जिया न गया	kabir-clubbing	Rap & Fusion	English	Rap & Fusion	true	59
albums	hip-hop-drill-rap	Hip-Hop Drill Rap	a1a5dd9d-4535-4bdc-aef8-0471e275049f	लम्स-ए-हवा साया	ameerpur	Love & Virah	Hindi	[Intro] – Spoken word / wind sound (Ghazal mood)  [DROP] – Heavy 808 + drill per	true	59
albums	hip-hop-drill-rap	Hip-Hop Drill Rap	68117724-c78f-4788-b723-577b30f31f69	लम्स-ए-हवा साया	gurukul	Other / Misc	Hindi	Cinematic Hip-Hop, Dark Drill, 140 BPM, Deep Sub-bass, Atmospheric Wind SFX Intr	true	19
albums	hip-hop-drill-rap	Hip-Hop Drill Rap	49b598f9-6112-492d-98e5-28979537fdc4	जो अभी इक लम्स-ए-हवा बन कर गुज़रा	kabir-clubbing	Rap & Fusion	Hindi	Rap & Fusion	true	19
albums	hip-hop-drill-rap	Hip-Hop Drill Rap	38638635-c5dc-4adf-a993-68d94475738d	जो अभी एक झोंका हवा का गया	kabir-clubbing	Rap & Fusion	Hindi	Rap & Fusion	true	17
albums	hip-hop-drill-rap	Hip-Hop Drill Rap	4b0c2c01-f4bd-4229-85d2-c39b1e719b8a	झोंका हवा	gurukul	Other / Misc	Hindi	Cinematic Hip-Hop, Dark Drill, 140 BPM, Deep Sub-bass, Atmospheric Wind SFX Intr	true	17
albums	hip-hop-drill-rap	Hip-Hop Drill Rap	d2d8b4cd-bbfb-47c4-a65f-d009691f616a	झोंका हवा	gurukul	Other / Misc	Hindi	Cinematic Hip-Hop, Dark Drill, 140 BPM, Deep Sub-bass, Atmospheric Wind SFX Intr	true	17
albums	hip-hop-drill-rap	Hip-Hop Drill Rap	55c3b42c-b321-4d8e-982f-b33f33fd17a4	झोंका सच	gurukul	Other / Misc	Hindi	Cinematic Hip-Hop, Dark Drill, 140 BPM, Deep Sub-bass, Atmospheric Wind SFX Intr	true	17
albums	hip-hop-drill-rap	Hip-Hop Drill Rap	c6626624-b9b4-4338-9550-008f9f82502f	दादा चेन टोरी	sanaatana-vaigyaniq	Sanatan & Vedic	Sanskrit	Cinematic Dark Vedic-Trap, 90 BPM Hypnotic Shamanic Pulse, Multi-vocal arrangeme	true	25
albums	hip-hop-drill-rap	Hip-Hop Drill Rap	950bf07f-98a2-4abb-ab2d-2cae95ac004e	१०० साल टोरी	kabir-clubbing	Rap & Fusion	Hindi	शीर्षक: १०० साल (हिस्स्स... टोरी) Style: Dark Experimental Folk-Trap. Descriptio	true	29
albums	hip-hop-drill-rap	Hip-Hop Drill Rap	87fea1fe-2c22-4af4-a777-87a8b62cc57a	Tadbeer Barbaad	kabir-clubbing	Rap & Fusion	English	[Style: Sufi Qawwali mixed with modern Beatbox, Acoustic, Spiritual, Mystical, S	true	39
albums	hip-hop-drill-rap	Hip-Hop Drill Rap	781c9290-2241-4ea8-8ca4-c206d5ee558a	Iltija Jor-Aazmaish	kabir-clubbing	Rap & Fusion	English	Style: world fusion, spiritual awakening, slow sufi ghazal, cinematic ambient, n	true	41
albums	hip-hop-drill-rap	Hip-Hop Drill Rap	cc349f0b-7495-4b69-8753-ecc62cb1ee80	घचा घच	kabir-clubbing	Rap & Fusion	Hindi	dark erotic hip hop, hyper rap, horrorcore, trap metal, 150-180 BPM, distorted 8	true	67
albums	hip-hop-drill-rap	Hip-Hop Drill Rap	56c6ee93-d6c7-4a25-bf41-942cec57818f	आग बराबर दोनों की पर एक बहुत शरमाए	kabir-clubbing	Rap & Fusion	Hindi	Rap & Fusion	true	67
albums	hip-hop-drill-rap	Hip-Hop Drill Rap	91b02afc-ce51-407b-9fed-8ab45bf8d00d	गीली साँस घचा	kabir-clubbing	Rap & Fusion	Hindi	dark erotic hip hop, hyper rap, horrorcore, trap metal, 150 BPM, distorted 808s,	true	67
albums	hip-hop-drill-rap	Hip-Hop Drill Rap	0ad2d889-56ad-4107-a42f-9ffdd61e99dc	आग बराबर दोनों की पर एक बहुत शरमाए	kabir-clubbing	Rap & Fusion	Hindi	Rap & Fusion	true	67
albums	hip-hop-drill-rap	Hip-Hop Drill Rap	b14f7e57-d779-489d-b0d2-7adb9a065fac	घचा घच	kabir-clubbing	Rap & Fusion	Hindi	dark erotic hip hop, hyper rap, horrorcore, trap metal, 150 BPM, distorted 808s,	true	65
albums	hip-hop-drill-rap	Hip-Hop Drill Rap	53697704-706d-4df6-a476-e7944459b93d	घचा घच	kabir-clubbing	Rap & Fusion	Hindi	dark erotic hip hop, hyper rap, horrorcore, trap metal, 150 BPM, distorted 808s,	true	65
albums	hip-hop-drill-rap	Hip-Hop Drill Rap	1fbda308-1986-4821-96e6-a89fbc1d2fd7	आग बराबर दोनों की पर एक बहुत शरमाए	kabir-clubbing	Rap & Fusion	Hindi	Rap & Fusion	true	65
albums	hip-hop-drill-rap	Hip-Hop Drill Rap	713de290-3d6e-45d1-a4fe-163b86903f58	घचा घच	kabir-clubbing	Rap & Fusion	Hindi	dark erotic hip hop, hyper rap, horrorcore, trap metal, 150 BPM, distorted 808s,	true	65
albums	hip-hop-drill-rap	Hip-Hop Drill Rap	904d98b2-e279-48b7-83e2-29184af62f47	गीला घचा	kabir-clubbing	Rap & Fusion	Hindi	बीटबॉक्स + इरोटिक साउंड्स + हाइपर रैप BPM: 130 से शुरू (धीमा, घुटता हुआ) → बीच म	true	65
albums	hip-hop-drill-rap	Hip-Hop Drill Rap	3620a61f-947c-4be7-bac2-a93a6eaa5a9c	गीला घचा	kabir-clubbing	Rap & Fusion	Hindi	बीटबॉक्स + इरोटिक साउंड्स + हाइपर रैप BPM: 130 से शुरू (धीमा, घुटता हुआ) → बीच म	true	65
albums	hip-hop-drill-rap	Hip-Hop Drill Rap	2a6843e3-bc23-478e-8ced-eab4bdc44ee1	ਟੁੱਟੇ ਪੈਸੇ	kabir-clubbing	Rap & Fusion	Hindi	Punjabi folk fusion ballad in E (Punjabi folk scale: E F# G# B C#). 70 BPM Dhama	true	52
albums	hip-hop-drill-rap	Hip-Hop Drill Rap	03b043a1-b777-4366-8b83-766f61b5ec66	E-tumbi Dhamal	kabir-clubbing	Rap & Fusion	English	Opera + Punjabi folk fusion ballad. Key: E minor (operatic) over E Punjabi folk	true	52
albums	hip-hop-drill-rap	Hip-Hop Drill Rap	6e735a57-85ab-45fc-912a-9c64579dc9f2	ਟੁੱਟੇ ਪੈਸੇ	kabir-clubbing	Rap & Fusion	Hindi	Punjabi folk fusion ballad in E (Punjabi folk scale: E F# G# B C#). 70 BPM Dhama	true	52
albums	hip-hop-drill-rap	Hip-Hop Drill Rap	86ee6acf-c17f-4674-bf19-557333906d47	अक्षर-बेच समझौता	kabir-clubbing	Rap & Fusion	Hindi	Style: Haryanvi Folk-Drill x Industrial Qawwali Fusion. Atmosphere: A high-stake	true	23
albums	hip-hop-drill-rap	Hip-Hop Drill Rap	e773bb44-f4cd-4cdd-b0cd-2a3b9749060f	अक्षर-बेच समझौता	kabir-clubbing	Rap & Fusion	Hindi	Style: Haryanvi Folk-Drill x Industrial Qawwali Fusion. Atmosphere: A high-stake	true	23
albums	hip-hop-drill-rap	Hip-Hop Drill Rap	ffeaefee-fcca-45f2-afcf-27c219f71bff	लॉट-जीरो-वन	kabir-clubbing	Rap & Fusion	Hindi	Style/Genre: Haryanvi Folk-Drill, Industrial Qawwali Fusion, Cinematic Dark Synt	true	24
albums	hip-hop-drill-rap	Hip-Hop Drill Rap	1b4b29a3-0bc4-40d8-a882-8dec76cfbcac	Lot 001 Tanpura Snap	kabir-clubbing	Rap & Fusion	English	Style/Genre: Haryanvi Folk-Drill, Industrial Qawwali Fusion, Cinematic Dark Synt	true	24
albums	hip-hop-drill-rap	Hip-Hop Drill Rap	91fa6d67-0722-4664-bf50-57a42d36afe0	आवाज़ों की अदालत	kabir-clubbing	Rap & Fusion	Hindi	"Hyper-Rap, Acapella, Ancient Throat Singing, Fast Human Beatboxing, Experiment	true	29
albums	hip-hop-drill-rap	Hip-Hop Drill Rap	05aa80d4-acdd-4719-9275-9692846ebe1a	तीखी फकीराना सीटी	kabir-clubbing	Rap & Fusion	Hindi	"Acapella Qawwali, Indian Folk Fusion, Vocal Percussion, Beatboxing, Human whist	true	17
albums	hip-hop-drill-rap	Hip-Hop Drill Rap	7f329b6d-8172-4674-adad-6f83614ad576	आवाज़ों की अदालत	kabir-clubbing	Rap & Fusion	Hindi	"Acapella, Aggressive Beatboxing, Vocal Bass, Whistling, Dark Indian Folk Fusion	true	20
albums	hip-hop-drill-rap	Hip-Hop Drill Rap	7ed796e3-32c4-42d3-89a2-f658115084dd	नसीब का ऐलान	kabir-clubbing	Rap & Fusion	Hindi	Genre: Haryanvi Pop, Desi Hip Hop, Upbeat Dance, Only Male announcer & Only Fema	true	61
albums	hip-hop-drill-rap	Hip-Hop Drill Rap	517563f4-4c0a-447c-a6c7-5e81307423c3	“नसीब का ऐलान”	kabir-clubbing	Rap & Fusion	Hindi	Genre: Haryanvi Pop, Desi Hip Hop, Upbeat Dance, Male announcer & Female vocals	true	62
albums	hip-hop-drill-rap	Hip-Hop Drill Rap	3d3e0685-76e1-4447-88b2-83897ac87205	इश्क-ए-इलाका	kabir-clubbing	Rap & Fusion	Hindi	Genre: Haryanvi Pop, Desi Hip Hop, Upbeat Dance, Male & Female vocals (Duo), ene	true	62
albums	hip-hop-drill-rap	Hip-Hop Drill Rap	77a5f693-5564-40c9-8b50-75d5eabe64f6	बड़ी पुरानी बात है	kabir-clubbing	Rap & Fusion	Hindi	Rap & Fusion	true	25
albums	hip-hop-drill-rap	Hip-Hop Drill Rap	d9c620a9-bac1-48e7-ab58-17bf6968d47a	(untitled)	gurukul	Other / Misc	English	गीत का शीर्षक: धूमिल अक्स शैली: कॉन्शियस हिप-हॉप (Conscious Hip-Hop) बीट: भारी 8	true	25
albums	hip-hop-drill-rap	Hip-Hop Drill Rap	0d931d51-3575-4bd1-8740-0ed133c1eba9	(untitled)	kabir-clubbing	Rap & Fusion	English	haryanvi quebradita fusion Banda, Regional Mexican, Technobanda bright staccato	true	93
albums	hip-hop-drill-rap	Hip-Hop Drill Rap	ac50152c-f82a-4333-bef4-0b7a404e8399	(untitled)	kabir-clubbing	Rap & Fusion	English	"A dark, gothic Cinematic Opera fusion. Dramatic Orchestral score with soaring v	true	39
albums	hip-hop-drill-rap	Hip-Hop Drill Rap	20aaab8c-af31-4a63-954e-b956c837119a	(untitled)	kabir-clubbing	Rap & Fusion	English	145 BPM, Heavy Psytrance and Haryanvi Folk Fusion, Gritty Haryanvi Female Vocals	true	37
albums	hip-hop-drill-rap	Hip-Hop Drill Rap	e18525dd-f972-4860-9008-b147a0576764	(untitled)	kabir-clubbing	Rap & Fusion	English	"A high-octane Psytrance and Haryanvi Folk Fusion anthem. Tempo: 145 BPM. Vocals	true	56
albums	hip-hop-drill-rap	Hip-Hop Drill Rap	14a370bd-8e3e-4b27-9afc-31fede5f5c94	(untitled)	kabir-clubbing	Rap & Fusion	English	haryanvi tamil folk trance	true	54
albums	hip-hop-drill-rap	Hip-Hop Drill Rap	e557151f-686a-4ba6-a428-40ef37236172	(untitled)	kabir-clubbing	Rap & Fusion	English	Style: Haryanvi Ragni + Hip-Hop Rap (Climax Section)   Tempo: 95 BPM   Energy: H	true	97
albums	hip-hop-drill-rap	Hip-Hop Drill Rap	2bf46bbc-1f00-42b1-ada9-5dd38b02ca3b	We are the practice	kabir-clubbing	Rap & Fusion	English	Rap & Fusion	true	130
albums	hip-hop-drill-rap	Hip-Hop Drill Rap	57f63a2a-a5cc-4eca-b189-530e667d6c1d	(untitled)	sanaatana-vaigyaniq	Classical & Raag	English	Epic spiritual hip-hop + Indian classical fusion, deep bass, tanpura drone, conc	true	86
albums	hip-hop-drill-rap	Hip-Hop Drill Rap	b632670a-92f5-44aa-862f-4a03120bd6e3	(untitled)	kabir-clubbing	Rap & Fusion	English	Global cinematic spoken word, deep Indian philosophical poetry, fusion of world	true	89
albums	hip-hop-drill-rap	Hip-Hop Drill Rap	1ec4ae2f-b4ab-441b-8234-f5fcca48b606	(untitled)	kabir-clubbing	Rap & Fusion	English	Global cinematic spoken word, deep Indian philosophical poetry, fusion of world	true	95
albums	hip-hop-drill-rap	Hip-Hop Drill Rap	8b68b69c-b07f-43f8-ac20-ed65fbc03fc7	(untitled)	kabir-clubbing	Rap & Fusion	English	Global cinematic spoken word, deep Indian philosophical poetry, fusion of world	true	95
albums	hip-hop-drill-rap	Hip-Hop Drill Rap	e5e11b4f-d05d-444f-9b0e-5b91e5e70206	kush..mana..da	kabir-clubbing	Bhakti & Katha	English	[Style: Rajasthani Folk + Bhakti Rap + Ambient Cinematic]  [Tempo: 88 BPM] [Scal	true	43
albums	hip-hop-drill-rap	Hip-Hop Drill Rap	1630fdc7-2ea0-4737-a448-84a9e3a68bc4	(untitled)	kabir-clubbing	Rap & Fusion	English	Neuro-Tantra Devotional Trance Start: whisper + tanpura (no beat) Gradually add	true	78
albums	hip-hop-drill-rap	Hip-Hop Drill Rap	4c9ffaea-c955-4c6e-b22b-974c6fbe1284	kush..mana..da	sanaatana-vaigyaniq	Sanatan & Vedic	English	Cinematic Vedic Psy-Trap, 145 BPM, Heavy pulsating 808 Sub-bass, Fast-paced Trib	true	34
albums	hip-hop-drill-rap	Hip-Hop Drill Rap	17cea20d-3770-4288-aeac-d5d0a9677a3f	kush..mana..da	sanaatana-vaigyaniq	Sanatan & Vedic	English	Cinematic Vedic Psy-Trap, 145 BPM, Heavy pulsating 808 Sub-bass, Fast-paced Trib	true	34
albums	hip-hop-drill-rap	Hip-Hop Drill Rap	0366db7b-3209-4ccf-af83-12fda3311c23	kush..mana..da	sanaatana-vaigyaniq	Sanatan & Vedic	English	Cinematic Vedic Psy-Trap, 145 BPM, Heavy pulsating 808 Sub-bass, Fast-paced Trib	true	34
albums	hip-hop-drill-rap	Hip-Hop Drill Rap	bea936de-88c1-4d19-9f9a-04973bec0cc0	kush..mana..da	sanaatana-vaigyaniq	Sanatan & Vedic	English	Cinematic Vedic-Trap, Heavy 808 Bass, 140 BPM, Aggressive Haryanvi Ragni Rap flo	true	34
albums	hip-hop-drill-rap	Hip-Hop Drill Rap	87176aad-96cb-487c-b065-7faa93e5d442	kush..mana..da	sanaatana-vaigyaniq	Sanatan & Vedic	English	Cinematic Vedic-Trap, Heavy 808 Bass, 140 BPM, Aggressive Haryanvi Ragni Rap flo	true	34
albums	hip-hop-drill-rap	Hip-Hop Drill Rap	01b47c28-4773-42d5-b158-8a73c0cc9248	kush..mana..da	sanaatana-vaigyaniq	Sanatan & Vedic	English	Cinematic Vedic Trap, Massive 808 Bass, 140 BPM, Deep Atmospheric Reverb, Ancien	true	42
albums	hip-hop-drill-rap	Hip-Hop Drill Rap	092cd586-b79b-465f-b06c-972aa38bd494	neural jogi	sanaatana-vaigyaniq	Sanatan & Vedic	English	Haryanvi Ragni-Trap Fusion, Psytrance, 432Hz Tuning, Cinematic Vedic Bass, Aggre	true	82
albums	hip-hop-drill-rap	Hip-Hop Drill Rap	c2ff4d29-bde8-449a-847e-9dcdc78e4a69	neural jogi	sanaatana-vaigyaniq	Sanatan & Vedic	English	Haryanvi Ragni-Trap Fusion, Psytrance, 432Hz Tuning, Cinematic Vedic Bass, Aggre	true	66
albums	hip-hop-drill-rap	Hip-Hop Drill Rap	ccb6b23a-62e2-44e4-b1f4-94283dd7bdfc	neural jogi	sanaatana-vaigyaniq	Sanatan & Vedic	English	Haryanvi Ragni-Trap Fusion, Psytrance, 432Hz Tuning, Cinematic Vedic Bass, Aggre	true	23
albums	hip-hop-drill-rap	Hip-Hop Drill Rap	43e46f35-5912-4f95-84b9-92edf0d0fb86	neural jogi	kabir-clubbing	Rap & Fusion	English	[Style: Rajasthani Folk Fusion, Mand, Ghoomar, Devotional]  [Concept] Gangaur so	true	48
albums	hip-hop-drill-rap	Hip-Hop Drill Rap	6a5dd84e-6da0-4b09-9a52-1db8c4acef47	neural jogi	kabir-clubbing	Rap & Fusion	English	[Style: Rajasthani Folk Fusion, Mand, Ghoomar, Devotional]  [Concept] Gangaur so	true	48
albums	hip-hop-drill-rap	Hip-Hop Drill Rap	dab64572-477f-4561-ae33-43b27a37fb2a	(untitled)	kabir-clubbing	Rap & Fusion	English	High-energy Haryanvi Trap-Folk Fusion, Heavy 808 Bass, Cinematic Sound Design, T	true	33
albums	hip-hop-drill-rap	Hip-Hop Drill Rap	47377bea-9774-4f7b-afe4-f4e941c19c0f	(untitled)	sanaatana-vaigyaniq	Classical & Raag	English	Haryanvi-Trap... राग पीलू की धुन को मुख्य हुक में रख सकते हैं और 'रैप' वाले हिस्	true	99
albums	hip-hop-drill-rap	Hip-Hop Drill Rap	b4eb0ad2-7b9a-47a7-9dbb-243f6869fd07	(untitled)	kabir-clubbing	Rap & Fusion	English	Style Descriptor: > Epic Ancient-Futuristic Fusion, Haryanvi Ragni meets Dravidi	true	18
albums	hip-hop-drill-rap	Hip-Hop Drill Rap	164acf5c-2f05-4aa5-a11e-e8726aa075c1	(untitled)	kabir-clubbing	Rap & Fusion	English	"Epic Cinematic-Carnatic Fusion. Hybrid of Ancient Mesopotamian Lyre and heavy S	true	31
albums	hip-hop-drill-rap	Hip-Hop Drill Rap	bd2091ee-707a-465e-9dff-021eac34daed	(untitled)	kabir-clubbing	Rap & Fusion	English	Style: Dark Ambient Trance, Binaural beats background, Deep male vocals,  Sanskr	true	34
albums	hip-hop-drill-rap	Hip-Hop Drill Rap	80a39cda-0980-4c6e-bffb-50088c2967de	(untitled)	kabir-clubbing	Rap & Fusion	English	trance hip-hop haryanvi flavour use train whistle and station ambiances. unique	true	48
albums	hip-hop-drill-rap	Hip-Hop Drill Rap	94f4c705-c5c7-4637-b67d-06a21a3e1771	(untitled)	kabir-clubbing	Rap & Fusion	English	trance hip-hop haryanvi flavour	true	48
albums	hip-hop-drill-rap	Hip-Hop Drill Rap	edf821b2-166e-4650-a7ca-0b131dcc109b	(untitled)	kabir-clubbing	Rap & Fusion	English	trance hip-hop haryanvi flavour	true	48
albums	hip-hop-drill-rap	Hip-Hop Drill Rap	14ce1222-9f05-4f2f-bcdd-c9b871cca5a1	(untitled)	kabir-clubbing	Rap & Fusion	English	trance hip-hop haryanvi flavour	true	57
albums	hip-hop-drill-rap	Hip-Hop Drill Rap	3bd10216-5f47-4506-8828-9fc84e552bba	(untitled)	kabir-clubbing	Rap & Fusion	English	trance hip-hop haryanvi flavour	true	57
albums	hip-hop-drill-rap	Hip-Hop Drill Rap	4cd1088b-b87b-4b02-b781-ad7ecea54492	(untitled)	kabir-clubbing	Rap & Fusion	English	Intro: Whisper + slow breath + distant “हाय…”  Beat Start: Heartbeat (dhak dhak)	true	67
albums	hip-hop-drill-rap	Hip-Hop Drill Rap	e97cc568-6578-4bba-a1c3-0580783e1d53	(untitled)	sanaatana-vaigyaniq	Sanatan & Vedic	English	Genre:  Vedic Cosmic Rap  Nautanki folk + Hip-hop  Cinematic mythological rap  I	true	211
albums	hip-hop-drill-rap	Hip-Hop Drill Rap	24b25363-caab-410d-a1a7-a36f5df70481	(untitled)	sanaatana-vaigyaniq	Sanatan & Vedic	English	Genre:  Vedic Cosmic Rap  Nautanki folk + Hip-hop  Cinematic mythological rap  I	true	200
albums	hip-hop-drill-rap	Hip-Hop Drill Rap	4e8ab515-7696-4a5d-ada8-911355a71d61	(untitled)	sanaatana-vaigyaniq	Sanatan & Vedic	English	Genre:  Vedic Cosmic Rap  Nautanki folk + Hip-hop  Cinematic mythological rap  I	true	180
albums	hip-hop-drill-rap	Hip-Hop Drill Rap	7b8aaf45-66a4-4e30-acdd-38c437907a8e	(untitled)	sanaatana-vaigyaniq	Sanatan & Vedic	English	Genre:  Vedic Cosmic Rap  Nautanki folk + Hip-hop  Cinematic mythological rap  I	true	155
albums	hip-hop-drill-rap	Hip-Hop Drill Rap	b8e5aa64-0398-4c26-9ef9-aa516d2421c3	(untitled)	sanaatana-vaigyaniq	Sanatan & Vedic	English	Genre:  Vedic Cosmic Rap  Nautanki folk + Hip-hop  Cinematic mythological rap  I	true	108
albums	hip-hop-drill-rap	Hip-Hop Drill Rap	7279327a-abd6-4b19-8bd9-41db02769c97	(untitled)	sanaatana-vaigyaniq	Sanatan & Vedic	English	Genre:  Vedic Cosmic Rap  Nautanki folk + Hip-hop  Cinematic mythological rap  I	true	112
albums	hip-hop-drill-rap	Hip-Hop Drill Rap	05a9ac20-ffc7-4810-a9e2-21d2c683b06a	(untitled)	sanaatana-vaigyaniq	Sanatan & Vedic	English	Genre:  Vedic Cosmic Rap  Nautanki folk + Hip-hop  Cinematic mythological rap  I	true	106
albums	hip-hop-drill-rap	Hip-Hop Drill Rap	72b69742-5e35-4af0-876c-03f7ff259f69	(untitled)	sanaatana-vaigyaniq	Sanatan & Vedic	English	Genre:  Vedic Cosmic Rap  Nautanki folk + Hip-hop  Cinematic mythological rap  I	true	93
albums	hip-hop-drill-rap	Hip-Hop Drill Rap	f932d3fb-72e6-41c0-8754-38bfa4f5417c	(untitled)	sanaatana-vaigyaniq	Sanatan & Vedic	English	Genre:  Vedic Cosmic Rap  Nautanki folk + Hip-hop  Cinematic mythological rap  I	true	87
albums	hip-hop-drill-rap	Hip-Hop Drill Rap	dc697cc3-5cb9-43ab-a2de-622b7348bff5	kudru ki beti naagin	kabir-clubbing	Rap & Fusion	English	Psychedelic Haryanvi Folk-Trance, 140 BPM, Piercing Ethnic Been (Snake Charmer F	true	23
albums	hip-hop-drill-rap	Hip-Hop Drill Rap	430b028b-8fd1-4267-a16b-8eb1bb791e10	kudru ki beti naagin	kabir-clubbing	Rap & Fusion	English	Create a mystical Aghor Nagini trance track with pungi (snake-charmer flute), kh	true	111
albums	hip-hop-drill-rap	Hip-Hop Drill Rap	ae318a44-4e70-4bf5-ac17-58cd30dfa4d0	kudru ki beti naagin	kabir-clubbing	Rap & Fusion	English	Haryanvi-Bagri Folk Fusion, Psychedelic Trance, Khamak-driven rhythmic vibration	true	41
albums	hip-hop-drill-rap	Hip-Hop Drill Rap	770b4285-cc03-4121-9c55-4fd9e710a9ef	kudru ki beti naagin	kabir-clubbing	Rap & Fusion	English	Haryanvi-Bagri Folk Fusion, Psychedelic Trance, Khamak-driven rhythmic vibration	true	41
albums	hip-hop-drill-rap	Hip-Hop Drill Rap	71f75486-1686-40eb-bbf3-1018b7e8b3b7	kudru ki beti naagin	kabir-clubbing	Rap & Fusion	English	Haryanvi-Bagri Folk Fusion, Psychedelic Trance, Khamak-driven rhythmic vibration	true	19
albums	hip-hop-drill-rap	Hip-Hop Drill Rap	3039cb6f-dd49-498f-826d-d7774013946e	(untitled)	kabir-clubbing	Rap & Fusion	English	The Drill Beat: गाने के बीच में जब 'ड्रिल भी लेगे' आए, तो संगीत में एक मशीनी धात	true	79
albums	hip-hop-drill-rap	Hip-Hop Drill Rap	769d1a0a-cfa4-40ca-95d0-0f7761260847	(untitled)	kabir-clubbing	Rap & Fusion	English	The Drill Beat: गाने के बीच में जब 'ड्रिल भी लेगे' आए, तो संगीत में एक मशीनी धात	true	82
albums	hip-hop-drill-rap	Hip-Hop Drill Rap	8b14bc36-b9fc-409a-9efd-acd558db7d7f	(untitled)	kabir-clubbing	Rap & Fusion	English	The Drill Beat: गाने के बीच में जब 'ड्रिल भी लेगे' आए, तो संगीत में एक मशीनी धात	true	88
albums	hip-hop-drill-rap	Hip-Hop Drill Rap	46a0e0b1-a456-4550-b57d-dd7271cf0096	(untitled)	kabir-clubbing	Rap & Fusion	English	super fun funky rap mix hyper fun	true	37
albums	hip-hop-drill-rap	Hip-Hop Drill Rap	114a0d17-28b3-4a56-a251-50c1fbf4f659	(untitled)	kabir-clubbing	Rap & Fusion	English	super fun funky rap mix hyper fun	true	37
albums	hip-hop-drill-rap	Hip-Hop Drill Rap	80c9a826-108b-4377-9983-7d052c254217	(untitled)	kabir-clubbing	Rap & Fusion	English	सुपर फ़न फंकी कुतिया कुक्कुर रैप अंदर तक फ़न। हास्य और ज्ञान का भाव। गंभीर बात व	true	37
albums	hip-hop-drill-rap	Hip-Hop Drill Rap	73f2af74-5054-49d8-896c-e82524eddc06	(untitled)	kabir-clubbing	Rap & Fusion	English	full on masti, dj, dance, dj banger,, full on drum beats, with full on trumpet	true	24
albums	hip-hop-drill-rap	Hip-Hop Drill Rap	3ce196ce-9876-4bc9-8d96-a2d296db8b1c	(untitled)	kabir-clubbing	Rap & Fusion	English	dj banger, full on masti, dj, dance, लहर, full on drum beats, with full on trum	true	24
albums	hip-hop-drill-rap	Hip-Hop Drill Rap	beb18e30-ad60-4f61-b962-bf72577a984c	(untitled)	kabir-clubbing	Rap & Fusion	English	super fun funky rap with dog souls..  a bitch being  requested by dog. howls, do	true	26
albums	hip-hop-drill-rap	Hip-Hop Drill Rap	71819a1c-7df5-443a-bedf-56c547e4efe1	(untitled)	kabir-clubbing	Rap & Fusion	English	super fun funky rap with dog souls..  a bitch being  requested by dog. howls, do	true	26
albums	hip-hop-drill-rap	Hip-Hop Drill Rap	5e09dadb-f03e-4b45-b8fa-7a825b7cdb46	(untitled)	kabir-clubbing	Rap & Fusion	English	super fun funky rap with dog souls..  a bitch being  requested by dog. howls, do	true	26
albums	hip-hop-drill-rap	Hip-Hop Drill Rap	9b58de99-1027-44cb-bcfb-cb9727dd1c42	(untitled)	kabir-clubbing	Rap & Fusion	English	super fun funky rap with dog souls..  a bitch being  requested by dog. howls, do	true	26
albums	hip-hop-drill-rap	Hip-Hop Drill Rap	96b01103-f99a-4fd7-87f8-53354681845d	(untitled)	kabir-clubbing	Rap & Fusion	English	hyper rap	true	26
albums	hip-hop-drill-rap	Hip-Hop Drill Rap	7de27deb-3279-4b67-a31c-0a53042c556e	(untitled)	kabir-clubbing	Rap & Fusion	English	hyper rap	true	26
albums	hip-hop-drill-rap	Hip-Hop Drill Rap	2339fc5d-3d73-4745-b001-53d00b204c3d	(untitled)	kabir-clubbing	Rap & Fusion	English	Haryanvi Folk Pop, Trap, Energetic, Raw, Male Vocals, Dholak, Harmonium	true	26
albums	hip-hop-drill-rap	Hip-Hop Drill Rap	6434e417-4488-4db2-856e-37c633ed4491	(untitled)	kabir-clubbing	Rap & Fusion	English	Haryanvi Folk Pop, Trap, Energetic, Raw, Male Vocals, Dholak, Harmonium	true	26
albums	hip-hop-drill-rap	Hip-Hop Drill Rap	78a88e07-df27-4c02-b739-c36f5768ab2a	Universal Vedic Cosmic Connect	sanaatana-vaigyaniq	Sanatan & Vedic	English	Epic cinematic hip-hop track called “Cosmic Egg Civilization Rap”. Tempo around	true	91
albums	hip-hop-drill-rap	Hip-Hop Drill Rap	996a9054-d146-4a5e-adc4-d15be4f5b9d1	(untitled)	sanaatana-vaigyaniq	Sanatan & Vedic	English	Epic cinematic hip-hop track called “Cosmic Egg Civilization Rap”. Tempo around	true	60
albums	hip-hop-drill-rap	Hip-Hop Drill Rap	aec7dc35-1ec0-44a4-bb7d-f79a1e7686ce	(untitled)	sanaatana-vaigyaniq	Sanatan & Vedic	English	Epic Vedic rap, Rigvedic chant intro, deep trap beat, mridangam and shankh accen	true	89
albums	hip-hop-drill-rap	Hip-Hop Drill Rap	0ef3ebdb-02ca-487a-9448-4fa7858cc0ce	(untitled)	sanaatana-vaigyaniq	Sanatan & Vedic	English	Epic Vedic rap, Rigvedic chanting intro, powerful hip-hop trap beat, Indian clas	true	89
albums	hip-hop-drill-rap	Hip-Hop Drill Rap	ffdf9645-e582-468d-af7f-75613fbbb25b	(untitled)	sanaatana-vaigyaniq	Sanatan & Vedic	English	Epic Vedic rap, Rigvedic chanting intro, powerful hip-hop trap beat, Indian clas	true	89
albums	hip-hop-drill-rap	Hip-Hop Drill Rap	6d654c1f-fbca-4c85-ad3c-5033c566c156	(untitled)	sanaatana-vaigyaniq	Sanatan & Vedic	English	Epic Vedic rap, Rigvedic chanting intro, powerful hip-hop trap beat, Indian clas	true	89
albums	hip-hop-drill-rap	Hip-Hop Drill Rap	93f61d64-57c6-4b30-afcf-5b0bab061bd8	(untitled)	sanaatana-vaigyaniq	Sanatan & Vedic	English	super funky  revolutionary  Verse 1 (Rap)  Hook / Crowd chant  Verse 2 (Rap)  Br	true	47
albums	hip-hop-drill-rap	Hip-Hop Drill Rap	0ea61384-e105-4758-9481-a5ebd3204d19	(untitled)	kabir-clubbing	Rap & Fusion	English	title Pop, Indie Pop tapasya  upanishadic epic rap  prompt  cinematic spiritual	true	79
albums	hip-hop-drill-rap	Hip-Hop Drill Rap	96ab99cb-c3fa-407f-92e0-a01aca8ea61a	(untitled)	sanaatana-vaigyaniq	Sanatan & Vedic	English	super funky  revolutionary  Verse 1 (Rap)  Hook / Crowd chant  Verse 2 (Rap)  Br	true	47
albums	hip-hop-drill-rap	Hip-Hop Drill Rap	ab212f3f-c109-44ae-9b52-d915ac62f436	(untitled)	sanaatana-vaigyaniq	Sanatan & Vedic	English	Epic Vedic Hip-Hop stadium anthem, powerful Hindi rap, deep cinematic bass, trap	true	47
albums	hip-hop-drill-rap	Hip-Hop Drill Rap	cd0bf69c-c712-497a-a324-4f5ca98fe911	(untitled)	sanaatana-vaigyaniq	Sanatan & Vedic	English	Upanishadic Epic Rap, cinematic Vedic hip-hop, deep bass, powerful taiko drums,	true	43
albums	hip-hop-drill-rap	Hip-Hop Drill Rap	3c9729ee-8720-460f-8d5a-b37b5b52d274	(untitled)	kabir-clubbing	Rap & Fusion	English	Epic Upanishadic rap about Dhruva from Bhagavata Purana. Deep cinematic bass, ba	true	85
albums	hip-hop-drill-rap	Hip-Hop Drill Rap	44d6eaee-1e67-4eaf-af1a-1b53349e55f1	(untitled)	sanaatana-vaigyaniq	Sanatan & Vedic	English	dark cinematic vedic rap deep bass slow trap drums haunting flute throat singing	true	124
albums	hip-hop-drill-rap	Hip-Hop Drill Rap	8782ebf1-5a4b-45ff-9243-bef558d424fc	(untitled)	gurukul	Other / Misc	English	Indian spiritual hip hop anthem, boom bap drums with dhol and khartal, sitar mel	true	84
albums	hip-hop-drill-rap	Hip-Hop Drill Rap	0feb7548-012f-4367-8ed6-f47fba0f6ae2	(untitled)	sanaatana-vaigyaniq	Sanatan & Vedic	English	Epic divine hip-hop, heavy cinematic bass, conch shell intro, Vedic choir textur	true	70
albums	hip-hop-drill-rap	Hip-Hop Drill Rap	8860015e-eb23-42e2-aaee-c4f0344caf19	(untitled)	sanaatana-vaigyaniq	Sanatan & Vedic	English	Epic divine hip-hop, heavy cinematic bass, conch shell intro, Vedic choir textur	true	88
albums	hip-hop-drill-rap	Hip-Hop Drill Rap	e9ed9222-9fbc-46ee-8946-506aaa0fa006	(untitled)	kabir-clubbing	Rap & Fusion	English	Haryanvi ragni folk song with trap rap flow but only traditional instruments. Us	true	74
albums	hip-hop-drill-rap	Hip-Hop Drill Rap	d10508db-bd53-40ce-a03c-92f1791b1278	(untitled)	sanaatana-vaigyaniq	Sanatan & Vedic	English	Epic divine hip-hop, heavy cinematic bass, conch shell intro, Vedic choir textur	true	70
albums	hip-hop-drill-rap	Hip-Hop Drill Rap	0b19285e-3b76-42bf-80ae-41d8fde84fea	(untitled)	kabir-clubbing	Rap & Fusion	English	Haryanvi ragni folk song with trap rap flow but only traditional instruments. Us	true	74
albums	hip-hop-drill-rap	Hip-Hop Drill Rap	2f477298-ce1a-472e-b84b-8930b9c66478	(untitled)	kabir-clubbing	Rap & Fusion	English	Epic Haryanvi stadium anthem, folk + rap fusion, powerful male chorus, nagada dr	true	76
albums	hip-hop-drill-rap	Hip-Hop Drill Rap	c76edf13-95b3-42c3-b51e-44b0d31a10dc	(untitled)	sanaatana-vaigyaniq	Sanatan & Vedic	English	Tempo: 95 BPM Cosmic Hip-Hop  Instruments:  temple bells  mridangam  ancient lyr	true	101
albums	hip-hop-drill-rap	Hip-Hop Drill Rap	2c90ee6b-74e3-4d2e-9843-9b5fb835b297	(untitled)	sanaatana-vaigyaniq	Sanatan & Vedic	English	100-voice Vedic choir  Trap + orchestral beat  Ancient instruments (lyre, mridan	true	113
albums	hip-hop-drill-rap	Hip-Hop Drill Rap	42598efd-76d4-4683-87c1-176aa832b4ba	(untitled)	sanaatana-vaigyaniq	Sanatan & Vedic	English	100-voice Vedic choir  Trap + orchestral beat  Ancient instruments (lyre, mridan	true	125
albums	hip-hop-drill-rap	Hip-Hop Drill Rap	915943e4-087a-4961-9b3c-e24b00c223b8	(untitled)	kabir-clubbing	Rap & Fusion	English	Tempo: 92–96 BPM Trap + Ethnic Drums  Instruments: Rudra veena, damru, French ho	true	95
albums	hip-hop-drill-rap	Hip-Hop Drill Rap	2b8896a5-71c2-4521-b7e8-8a07648444d3	(untitled)	kabir-clubbing	Rap & Fusion	English	Tempo: 92–96 BPM Trap + Ethnic Drums  Instruments: Rudra veena, damru, French ho	true	96
albums	hip-hop-drill-rap	Hip-Hop Drill Rap	f4ffd57d-7c3c-440f-814c-1f4307fefb61	(untitled)	sanaatana-vaigyaniq	Sanatan & Vedic	English	[Title] खोकन और पराई नाव — Cosmic Stadium Anthem  [Style] Baul Folk  + Trap Beat	true	78
albums	hip-hop-drill-rap	Hip-Hop Drill Rap	298d61be-50b0-46d5-b063-082b1afd7c3a	(untitled)	sanaatana-vaigyaniq	Sanatan & Vedic	English	[Title] खोकन और पराई नाव — Cosmic Stadium Anthem  [Style] Baul Folk  + Trap Beat	true	78
albums	hip-hop-drill-rap	Hip-Hop Drill Rap	94ff85f6-fcbf-4004-a7df-5a2b9b6d95eb	(untitled)	sanaatana-vaigyaniq	Sanatan & Vedic	English	[Title] खोकन और पराई नाव — Cosmic Rigveda Folk Rap  [Style] Rigvedic Chant + Ben	true	79
albums	hip-hop-drill-rap	Hip-Hop Drill Rap	a922b75d-8465-4cea-b908-b28e65969c56	(untitled)	kabir-clubbing	Rap & Fusion	English	Hard Philosophical Rap — “नियमों का हऊआ”  दार्शनिक, व्यंग्यात्मक और तीखा clear m	true	69
albums	hip-hop-drill-rap	Hip-Hop Drill Rap	0eb2d750-cbc8-4f32-a693-53d8d313e086	(untitled)	kabir-clubbing	Rap & Fusion	English	Chinese folk melody + Sufi Qawwali + philosophical hip-hop rap fusion. Male powe	true	38
albums	hip-hop-drill-rap	Hip-Hop Drill Rap	a83302ba-61f6-48d3-98d6-d5f17a0e49b8	(untitled)	kabir-clubbing	Rap & Fusion	English	epic spiritual world fusion song, powerful male qawwali singer, cinematic produc	true	38
albums	hip-hop-drill-rap	Hip-Hop Drill Rap	44ef161a-fd07-43af-bc23-c78ad8ea773f	(untitled)	kabir-clubbing	Rap & Fusion	English	Hard Philosophical Rap — “नियमों का हऊआ”  दार्शनिक, व्यंग्यात्मक और तीखा clear m	true	70
albums	hip-hop-drill-rap	Hip-Hop Drill Rap	b7d087b3-1e0d-4990-b8aa-4710ea0af909	(untitled)	kabir-clubbing	Rap & Fusion	English	Hard Philosophical Rap — “नियमों का हऊआ”  दार्शनिक, व्यंग्यात्मक और तीखा clear m	true	69
albums	hip-hop-drill-rap	Hip-Hop Drill Rap	31740e34-6f43-4223-91e9-739374878a3d	(untitled)	kabir-clubbing	Rap & Fusion	English	Hard Philosophical Rap — “नियमों का हऊआ”  दार्शनिक, व्यंग्यात्मक और तीखा clear m	true	69
albums	hip-hop-drill-rap	Hip-Hop Drill Rap	297597bc-b729-4b1f-9b1b-9f422c20d617	(untitled)	kabir-clubbing	Rap & Fusion	English	Hard Philosophical Rap — “नियमों का हऊआ”  दार्शनिक, व्यंग्यात्मक और तीखा clear m	true	61
albums	hip-hop-drill-rap	Hip-Hop Drill Rap	dbe4cfd2-9ac6-4fc5-a67c-a5ac9669c690	(untitled)	kabir-clubbing	Rap & Fusion	English	Hard Philosophical Rap — “नियमों का हऊआ”  दार्शनिक, व्यंग्यात्मक और तीखा clear m	true	68
albums	hip-hop-drill-rap	Hip-Hop Drill Rap	35380dae-bb24-481e-a416-af515d22edc3	(untitled)	kabir-clubbing	Rap & Fusion	English	Hard Philosophical Rap — “नियमों का हऊआ”  दार्शनिक, व्यंग्यात्मक और तीखा clear m	true	57
albums	hip-hop-drill-rap	Hip-Hop Drill Rap	a6a27e86-3c84-453d-8d74-eeedd44ba048	(untitled)	kabir-clubbing	Rap & Fusion	English	Hard Philosophical Rap — “नियमों का हऊआ”  दार्शनिक, व्यंग्यात्मक और तीखा clear m	true	56
albums	hip-hop-drill-rap	Hip-Hop Drill Rap	89ba03d5-ee75-473b-b331-4013c130a44a	(untitled)	kabir-clubbing	Rap & Fusion	English	Hard Philosophical Rap — “नियमों का हऊआ”  दार्शनिक, व्यंग्यात्मक और तीखा clear m	true	71
albums	hip-hop-drill-rap	Hip-Hop Drill Rap	90e901c9-4ec2-40b0-af7f-1e81570ae502	(untitled)	kabir-clubbing	Rap & Fusion	English	kids rap	true	52
albums	hip-hop-drill-rap	Hip-Hop Drill Rap	a9f1f04b-bcc9-49ba-b1b1-d71abc204a0c	(untitled)	kabir-clubbing	Rap & Fusion	English	kids rap	true	52
albums	hip-hop-drill-rap	Hip-Hop Drill Rap	6566cc36-9229-4c37-9ea5-5692ffbf2526	(untitled)	kabir-clubbing	Rap & Fusion	English	kids rap	true	16
albums	hip-hop-drill-rap	Hip-Hop Drill Rap	99753716-34be-4a43-80b6-7c8bf416bb3e	(untitled)	sanaatana-vaigyaniq	Sanatan & Vedic	English	Epic multilingual scientific rap mixing Latin chant, Siddham script mantra, Sans	true	96
albums	hip-hop-drill-rap	Hip-Hop Drill Rap	643bbbac-2567-4efb-9f3a-50ac19ce3cd3	(untitled)	sanaatana-vaigyaniq	Sanatan & Vedic	English	Epic multilingual scientific rap mixing Latin chant, Siddham script mantra, Sans	true	70
albums	hip-hop-drill-rap	Hip-Hop Drill Rap	5e5636bf-1737-4f24-b7f7-cef44e0f22fe	(untitled)	sanaatana-vaigyaniq	Sanatan & Vedic	English	Epic multilingual scientific rap mixing Latin chant, Siddham script mantra, Sans	true	86
albums	hip-hop-drill-rap	Hip-Hop Drill Rap	f19142fa-b005-4281-857e-bae5435451ca	(untitled)	sanaatana-vaigyaniq	Sanatan & Vedic	English	Epic multilingual scientific rap mixing Latin chant, Sanskrit mantra, Hindi and	true	79
albums	hip-hop-drill-rap	Hip-Hop Drill Rap	e6510e78-0f69-43f6-9923-8163b91fc272	(untitled)	sanaatana-vaigyaniq	Sanatan & Vedic	English	Epic cosmic knowledge rap with Sanskrit mantra chanting, Siddham script visuals,	true	85
albums	hip-hop-drill-rap	Hip-Hop Drill Rap	0e0098d4-f9c4-4d28-b3f0-20f38ba73e36	(untitled)	sanaatana-vaigyaniq	Sanatan & Vedic	English	Epic philosophical Indian rap with Sanskrit chanting intro, deep trap beat, dama	true	42
albums	hip-hop-drill-rap	Hip-Hop Drill Rap	8637c70f-2e69-4d3c-8902-20a2dbdbf3a3	(untitled)	sanaatana-vaigyaniq	Sanatan & Vedic	English	Epic philosophical Indian rap with Sanskrit chanting intro, deep trap beat, dama	true	40
albums	hip-hop-drill-rap	Hip-Hop Drill Rap	b876868f-7ad9-437c-8a9a-985c1e15869d	ॐ नाद ब्रह्माय नमः	sanaatana-vaigyaniq	Sanatan & Vedic	Sanskrit	Divine Vedic hip-hop rap with Sanskrit chanting, deep 808 bass, damaru percussio	true	115
albums	hip-hop-drill-rap	Hip-Hop Drill Rap	b4587005-bec9-4fd3-be9a-f8a9704d9c09	ॐ नाद ब्रह्माय नमः	sanaatana-vaigyaniq	Sanatan & Vedic	Sanskrit	Divine Vedic hip-hop rap with Sanskrit chanting, deep 808 bass, damaru percussio	true	74
albums	hip-hop-drill-rap	Hip-Hop Drill Rap	a4e0a7f3-9d30-4d38-917f-7152d7ab7cbb	ॐ नाद ब्रह्माय नमः	sanaatana-vaigyaniq	Sanatan & Vedic	Sanskrit	Divine Vedic hip-hop rap with Sanskrit chanting, deep 808 bass, damaru percussio	true	28
albums	hip-hop-drill-rap	Hip-Hop Drill Rap	5f3c39b1-4e21-4da6-8fec-d0305d37cfd8	ॐ नाद ब्रह्माय नमः	sanaatana-vaigyaniq	Sanatan & Vedic	Sanskrit	Divine Vedic hip-hop rap with Sanskrit chanting, deep 808 bass, damaru percussio	true	36
albums	hip-hop-drill-rap	Hip-Hop Drill Rap	3dea2c46-9d5a-402e-9058-77e26312bb54	(untitled)	sanaatana-vaigyaniq	Sanatan & Vedic	English	Divine Vedic hip-hop rap with Sanskrit chanting, deep 808 bass, damaru percussio	true	76
albums	hip-hop-drill-rap	Hip-Hop Drill Rap	a25c876c-0e32-4071-a0f7-7e5cc6bfae69	muniya	gurukul	Other / Misc	English	Indian philosophical hip-hop with spiritual undertones. Deep reflective male voi	true	28
albums	hip-hop-drill-rap	Hip-Hop Drill Rap	764eab1d-f307-4665-bfc4-feb4bbb042a4	muniya	kabir-clubbing	Rap & Fusion	English	Aggressive Indian hard rap, underground hip hop, dark spiritual theme, heavy 808	true	51
albums	hip-hop-drill-rap	Hip-Hop Drill Rap	ced1ef9f-bfc6-4a3a-9818-6308807aef1e	muniya	kabir-clubbing	Rap & Fusion	English	Aggressive Indian philosophical hip-hop rap. Deep male voice with powerful deliv	true	44
albums	hip-hop-drill-rap	Hip-Hop Drill Rap	920388e7-ef57-4d79-98b1-2a977977bb39	ये दुनिया झूठ का मेला है	kabir-clubbing	Rap & Fusion	Hindi	Rap & Fusion	true	58
albums	hip-hop-drill-rap	Hip-Hop Drill Rap	b54e87b1-dff9-41bf-969d-e0a19cce756c	muniya	kabir-clubbing	Rap & Fusion	English	Aggressive Indian hard rap, underground hip hop, dark spiritual theme, heavy 808	true	57
albums	hip-hop-drill-rap	Hip-Hop Drill Rap	c566f06c-9015-4d31-9d83-5f54111a1d61	muniya	kabir-clubbing	Rap & Fusion	English	Aggressive Indian hard rap, underground hip hop, dark spiritual theme, heavy 808	true	48
albums	hip-hop-drill-rap	Hip-Hop Drill Rap	ee7a49e1-a296-4e95-acfb-ff3390b8c92f	muniya	kabir-clubbing	Rap & Fusion	English	Aggressive Indian hard rap, underground hip hop, dark spiritual theme, heavy 808	true	48
albums	hip-hop-drill-rap	Hip-Hop Drill Rap	a5ddb660-04fc-46c2-b2b3-145c9da1449e	muniya	kabir-clubbing	Rap & Fusion	English	Aggressive Indian hard rap, underground hip hop, dark spiritual theme, heavy 808	true	58
albums	hip-hop-drill-rap	Hip-Hop Drill Rap	4bf11224-86d3-49f9-8ddd-60e3375da890	red compare	kabir-clubbing	Rap & Fusion	English	Hard philosophical divine hip-hop, Indian spiritual rap, deep male voice, mystic	true	48
albums	hip-hop-drill-rap	Hip-Hop Drill Rap	79b04114-d41e-4c68-9933-4e9a7845ff81	red compare	sanaatana-vaigyaniq	Sanatan & Vedic	English	Vedic mantra rap, deep Indian spiritual hip-hop, male powerful voice with Sanskr	true	56
albums	hip-hop-drill-rap	Hip-Hop Drill Rap	767143b0-de77-4777-a7b7-1eee32a17256	red compare	sanaatana-vaigyaniq	Sanatan & Vedic	English	Vedic mantra rap, deep Indian spiritual hip-hop, male powerful voice with Sanskr	true	56
albums	hip-hop-drill-rap	Hip-Hop Drill Rap	f300c6d7-1406-4536-a0f3-80e6ae23cc66	red compare	kabir-clubbing	Rap & Fusion	English	hyper rap	true	58
albums	hip-hop-drill-rap	Hip-Hop Drill Rap	2819887e-1ed1-4383-aad3-921d07bae811	जब तक “दो” था ही नहीं	kabir-clubbing	Rap & Fusion	Hindi	Rap & Fusion	true	48
albums	hip-hop-drill-rap	Hip-Hop Drill Rap	9145668e-e9bf-4d35-967b-50a953dcf0f9	red compare	kabir-clubbing	Rap & Fusion	English	Hard divine hip-hop, philosophical rap, deep Indian spiritual vibe, male powerfu	true	48
albums	hip-hop-drill-rap	Hip-Hop Drill Rap	5b4e7c91-3ba1-403e-8ee8-215dc22f61b3	red compare	kabir-clubbing	Rap & Fusion	English	hyper rap	true	58
albums	hip-hop-drill-rap	Hip-Hop Drill Rap	dd614877-e23b-45fa-b39a-80fa94764196	red compare	kabir-clubbing	Rap & Fusion	English	Hard Divine Hip-Hop with Sufi spiritual undertone. Hindi rap, deep powerful male	true	58
albums	hip-hop-drill-rap	Hip-Hop Drill Rap	ca2f7d24-dce8-4f7e-8f4d-63b8c399382c	red compare	kabir-clubbing	Rap & Fusion	English	Revolutionary Hindi rap mixed with Sufi folk. Male deep voice, intense delivery.	true	32
albums	hip-hop-drill-rap	Hip-Hop Drill Rap	017eae0e-3187-4026-8476-c835ec9d9c4c	red compare	kabir-clubbing	Rap & Fusion	English	Fast rap version (200 BPM) 🔥 Divine battle rap of gods and human	true	56
albums	hip-hop-drill-rap	Hip-Hop Drill Rap	80c5903a-5fb9-4a5c-b183-abf496ee486c	red compare	kabir-clubbing	Rap & Fusion	English	Fast rap version (200 BPM) 🔥 Divine battle rap of gods and human	true	56
albums	hip-hop-drill-rap	Hip-Hop Drill Rap	c1566bd7-d739-4e75-a23f-eb87d2905be2	कोई बताओ इन रेखाओं को	kabir-clubbing	Rap & Fusion	Hindi	Rap & Fusion	true	56
albums	hip-hop-drill-rap	Hip-Hop Drill Rap	20ac85f2-c56a-4083-8706-6f1531493cea	red compare	kabir-clubbing	Rap & Fusion	English	hard philosophical rap indian spiritual hiphop deep male voice aggressive delive	true	56
albums	hip-hop-drill-rap	Hip-Hop Drill Rap	5d48bd7a-3499-431d-b9e1-a84103c69938	red compare	kabir-clubbing	Rap & Fusion	English	haryanvi ragni fusion male	true	51
albums	hip-hop-drill-rap	Hip-Hop Drill Rap	ca288e06-1055-405b-b5d6-0658613608d7	ram ki gilahari	kabir-clubbing	Rap & Fusion	English	Indian EDM bhajan fusion. Tempo: 110 BPM. Style: devotional electronic + festiva	true	76
albums	hip-hop-drill-rap	Hip-Hop Drill Rap	f281e5bc-94e4-4a34-a3f4-601fcbfb4f1b	ram ki gilahari	kabir-clubbing	Rap & Fusion	English	Indian EDM bhajan fusion. Tempo: 110 BPM. Style: devotional electronic + festiva	true	76
albums	hip-hop-drill-rap	Hip-Hop Drill Rap	d8019a5d-29e1-445e-a172-633778687c7d	पपिया	kabir-clubbing	Rap & Fusion	Hindi	Indian EDM bhajan fusion. Tempo: 110 BPM. Style: devotional electronic + festiva	true	38
albums	hip-hop-drill-rap	Hip-Hop Drill Rap	bb19047e-add0-43b2-8a8c-9b3350c0666d	पपिया	kabir-clubbing	Rap & Fusion	Hindi	Haryanvi folk fusion song with emotional rural storytelling. Male raw voice with	true	75
albums	hip-hop-drill-rap	Hip-Hop Drill Rap	f478b032-6f73-4a1e-8e33-cd1862b9037e	सुन	kabir-clubbing	Rap & Fusion	Hindi	Rap & Fusion	true	51
albums	hip-hop-drill-rap	Hip-Hop Drill Rap	528f2a41-6fab-4d6b-b0f0-45a21fb3cfee	कालिख के भीतर	kabir-clubbing	Rap & Fusion	Hindi	Style: Hard Philosophical Rap / Divine Hip-Hop Tempo: 95 BPM Key: D minor Mood:	true	51
albums	hip-hop-drill-rap	Hip-Hop Drill Rap	9bf062dd-ac56-449f-9f77-b6f50d235b4e	दो नयनों के बीच में	kabir-clubbing	Rap & Fusion	Hindi	Rap & Fusion	true	36
albums	hip-hop-drill-rap	Hip-Hop Drill Rap	38e46be7-3f17-43e1-8de5-3661e8c064e3	कालिख के भीतर	kabir-clubbing	Rap & Fusion	Hindi	Genre: Philosophical Sufi Rap Fusion Tempo: 90 BPM Scale: D minor Mood: Deep, in	true	36
albums	hip-hop-drill-rap	Hip-Hop Drill Rap	cdb84859-bd8f-43a9-b7f9-6a080b49e779	कालिख के भीतर	kabir-clubbing	Rap & Fusion	Hindi	Genre: Philosophical Sufi Rap Fusion Tempo: 90 BPM Scale: D minor Mood: Deep, in	true	40
albums	hip-hop-drill-rap	Hip-Hop Drill Rap	6b1f15fd-b06f-4ab7-a74e-dc18eab976cd	अंदर भरी थी कालिख बेमिसाल	kabir-clubbing	Rap & Fusion	Hindi	Rap & Fusion	true	40
albums	hip-hop-drill-rap	Hip-Hop Drill Rap	5cb1b6d1-c87b-4bd1-a81b-6c2531a63320	mahadev	kabir-clubbing	Rap & Fusion	English	breathless rap	true	41
albums	hip-hop-drill-rap	Hip-Hop Drill Rap	a02e5b7b-4082-4379-8728-b47dd277d6bc	mahadev	kabir-clubbing	Rap & Fusion	English	"Agori Folk-Rock, Cinematic Shiva Tandav, Tribal Fusion, High-energy Dhak and Da	true	44
albums	hip-hop-drill-rap	Hip-Hop Drill Rap	a1b21d0a-772f-4abb-844b-e635fe83916d	mahadev	kabir-clubbing	Rap & Fusion	English	"Agori Folk-Rock, Cinematic Shiva Tandav, Tribal Fusion, High-energy Dhak and Da	true	44
albums	hip-hop-drill-rap	Hip-Hop Drill Rap	bd0e5226-f00f-414a-83dc-c3845c5cfc52	bhagat ki maa	kabir-clubbing	Rap & Fusion	English	Haryanvi Accent , Style: Haryanvi Folk Fusion, Patriotic Rock, Powerful Male Voc	true	37
albums	hip-hop-drill-rap	Hip-Hop Drill Rap	21f36fd3-91ca-4f6f-a5b9-1a61d8438a3d	bhagat ki maa	kabir-clubbing	Rap & Fusion	English	Haryanvi Accent , Style: Haryanvi Folk Fusion, Patriotic Rock, Powerful Male Voc	true	37
albums	hip-hop-drill-rap	Hip-Hop Drill Rap	cf2b9095-277e-40b6-b9c3-2aca73883c48	मेकाले के जाल में	kabir-clubbing	Rap & Fusion	Hindi	Rap & Fusion	true	38
albums	hip-hop-drill-rap	Hip-Hop Drill Rap	7d670bc0-8519-486b-a33c-0bc00f021318	abdul	kabir-clubbing	Rap & Fusion	English	hyper rap.. greek.. thrill.. conspiracy.. anger.. hope	true	16
albums	hip-hop-drill-rap	Hip-Hop Drill Rap	5884fc52-aa08-4850-912b-272e7b063c6d	मेकाले के जाल में	kabir-clubbing	Rap & Fusion	Hindi	hyper rap.. greek.. thrill.. conspiracy.. anger.. hope	true	38
albums	hip-hop-drill-rap	Hip-Hop Drill Rap	03cd6e42-1ff0-486e-a597-17b4f5bf7db8	अब्दुल नहीं है पंचर वाला	kabir-clubbing	Rap & Fusion	Hindi	Rap & Fusion	true	16
albums	hip-hop-drill-rap	Hip-Hop Drill Rap	a9505c01-2145-47a6-bf34-71f71a1c7798	mooshak	kabir-clubbing	Rap & Fusion	English	Indian hip hop fusion, boom bap beat, tabla percussion, tanpura drone, cinematic	true	20
albums	hip-hop-drill-rap	Hip-Hop Drill Rap	99e3f540-91d6-46d9-a363-a20ab43ac51d	superman	kabir-clubbing	Rap & Fusion	English	haryanvi super energy  rap	true	74
albums	hip-hop-drill-rap	Hip-Hop Drill Rap	78837c54-c069-4a21-9043-052477368de3	superman	kabir-clubbing	Rap & Fusion	English	haryanvi super energy hip hop rap	true	74
albums	hip-hop-drill-rap	Hip-Hop Drill Rap	c964708d-4954-4972-bfd9-eb13399ed835	superman	kabir-clubbing	Rap & Fusion	English	haryanvi super energy hip hop rap	true	74
albums	hip-hop-drill-rap	Hip-Hop Drill Rap	9a171e56-f4d0-4e86-8dd8-b88e38cfe848	superman	kabir-clubbing	Rap & Fusion	English	haryanvi super energy hip hop rap	true	74
albums	hip-hop-drill-rap	Hip-Hop Drill Rap	8c4d0b31-24ca-46ea-8d9e-01e80745e77f	superman	kabir-clubbing	Rap & Fusion	English	haryanvi super energy hip hop rap	true	74
albums	hip-hop-drill-rap	Hip-Hop Drill Rap	e547d7c0-12d6-41a8-bfb3-1a6b84a2f447	(untitled)	kabir-clubbing	Rap & Fusion	English	folk fusion	true	26
albums	hip-hop-drill-rap	Hip-Hop Drill Rap	40e5bcc1-b2c0-467d-b3cd-7f4b8310f042	(untitled)	kabir-clubbing	Rap & Fusion	English	folk fusion	true	26
albums	hip-hop-drill-rap	Hip-Hop Drill Rap	f0f3206d-e731-4bb5-9182-1b17907541b8	(untitled)	kabir-clubbing	Rap & Fusion	English	folk fusion	true	26
albums	folk-fusion-lok-rang	Folk Fusion Lok Rang	39c60af7-873d-464c-ab83-86a116aa3a19	ह्-हनु अनुमान	kabir-clubbing	Rap & Fusion	Hindi	Fast-paced hyper-articulated phonetic staccato trap-folk, 115 BPM, rapid rhythmi	true	7
albums	folk-fusion-lok-rang	Folk Fusion Lok Rang	0691bbaf-1f16-453a-9c00-0eecd71d1e14	३३-डिजिट नियॉन	sanaatana-vaigyaniq	Sanatan & Vedic	Sanskrit	Hyper-aggressive cinematic Vedic folk-hop epic, 115 BPM, rapid-fire phonetic sta	true	29
albums	folk-fusion-lok-rang	Folk Fusion Lok Rang	1fe3b620-3a18-4632-b128-12c1b2245f47	Hyper-dynamic Indian electronic folk-pop	sanaatana-vaigyaniq	Sanatan & Vedic	English	Sanatan & Vedic	true	14
albums	folk-fusion-lok-rang	Folk Fusion Lok Rang	83db2f7e-ae48-418d-9587-c807af8e24e3	चक्र-इंजन शंखनाद	sanaatana-vaigyaniq	Sanatan & Vedic	Sanskrit	Aggressive cinematic Vedic folk-hop epic, 115 BPM, intense traditional Chalisa r	true	29
albums	folk-fusion-lok-rang	Folk Fusion Lok Rang	684a2e17-9992-459b-970a-279f3f506e59	Kash Bachpan Phir	gurukul	Other / Misc	English	Braj folk mixed with funky pop. Bollywood dance style. Fast tempo 115 BPM. Male	true	31
albums	folk-fusion-lok-rang	Folk Fusion Lok Rang	2cde1a1a-4b66-4a74-ba16-bd13a1f93fd4	छत की चादर	sanaatana-vaigyaniq	Classical & Raag	Hindi	[Style: Hindustani Classical + Folk + Bollywood Sad + Acoustic Guitar + Tabla +	true	23
albums	folk-fusion-lok-rang	Folk Fusion Lok Rang	467d741a-c022-402a-b47d-0a2abb53f043	छत वाला सितारों	sanaatana-vaigyaniq	Classical & Raag	Hindi	[Style: Hindustani Classical + Folk + Bollywood Sad + Acoustic Guitar + Tabla +	true	23
albums	folk-fusion-lok-rang	Folk Fusion Lok Rang	c0a0b8a2-6b5b-4c50-a7d1-5bd85bd7e24d	छुक-छुक गाड़ी	sanaatana-vaigyaniq	Classical & Raag	Hindi	Playful energetic Indian classical folk-pop, 112 BPM, bouncy tech-folk sarangi,	true	28
albums	folk-fusion-lok-rang	Folk Fusion Lok Rang	8334c7f3-00ab-48e5-8e90-fae9c7898ec4	छुक-छुक भाषा गाड़ी	gurukul	Other / Misc	Hindi	Playful energetic Indian electronic folk-pop, 112 BPM, bouncy tech-folk drums, c	true	28
albums	folk-fusion-lok-rang	Folk Fusion Lok Rang	130d4a7c-79cc-4c0e-827e-a011ef1e0689	छुक-छुक भाषा गाड़ी	gurukul	Other / Misc	Hindi	Playful energetic Indian electronic folk-pop, 112 BPM, bouncy tech-folk drums, c	true	28
albums	folk-fusion-lok-rang	Folk Fusion Lok Rang	4de46a49-de10-4bc4-8e89-bded6e92e5e8	छुक-छुक भाषा गाड़ी	gurukul	Other / Misc	Hindi	Playful energetic Indian electronic folk-pop, 112 BPM, bouncy tech-folk drums, c	true	28
albums	folk-fusion-lok-rang	Folk Fusion Lok Rang	d3047e94-747e-478b-84d0-ebcd931b6ebf	छुक-छुक कोडिंग गाड़ी	gurukul	Other / Misc	Hindi	Playful energetic Indian electronic folk-pop, 112 BPM, bouncy tech-folk drums, c	true	36
albums	folk-fusion-lok-rang	Folk Fusion Lok Rang	fc641c78-b723-4744-a9f0-93ca40542e4f	समाज की खोज का सुनो इतिहास	ameerpur	Haryanvi Folk	Haryanvi	Haryanvi Folk	true	47
albums	folk-fusion-lok-rang	Folk Fusion Lok Rang	4573b54b-63f0-4dac-9e7a-4ba9ddf8acbc	समाज की खोज का सुनो इतिहास	ameerpur	Haryanvi Folk	Haryanvi	Haryanvi Folk	true	20
albums	folk-fusion-lok-rang	Folk Fusion Lok Rang	05bb41b7-0a36-4c99-a245-d5d727f902c3	लिटमस परिपथ	gurukul	Other / Misc	Hindi	High-energy Cyberpunk Phonk, traditional Indian folk accents, punchy aggressive	true	21
albums	folk-fusion-lok-rang	Folk Fusion Lok Rang	961c3ee7-95d5-4fc3-86be-9fc9344cb1b1	चाणक्य की नीति गाओ	ameerpur	Haryanvi Folk	Haryanvi	Haryanvi Folk	true	46
albums	folk-fusion-lok-rang	Folk Fusion Lok Rang	ee8190df-8ed5-4fd2-b83e-f6908dad6089	तेईस दशमलव पाँच	gurukul	Other / Misc	Hindi	High-energy Cyberpunk Phonk fused with Aggressive Indian Folk, punchy industrial	true	48
albums	folk-fusion-lok-rang	Folk Fusion Lok Rang	6657399e-3da3-424d-9965-024cc4786644	Tanpura Rainbird	gurukul	Other / Misc	English	Style: Lo-fi Hip Hop, Chillhop, Indian folk sample, 75 BPM, soft male vocals, v	true	45
albums	folk-fusion-lok-rang	Folk Fusion Lok Rang	2f7dc4d3-998d-4f4c-b011-9f88e7a482c1	Tanpura Rainbird	gurukul	Other / Misc	English	Style: Lo-fi Hip Hop, Chillhop, Indian folk sample, 75 BPM, soft male vocals, v	true	45
albums	folk-fusion-lok-rang	Folk Fusion Lok Rang	9da0a583-254e-4712-bf3d-e40b49a6856e	परदेसां कीधूप	gurukul	Other / Misc	Hindi	Style: Lo-fi Hip Hop, Chillhop, Indian folk sample, 75 BPM, soft male vocals, v	true	45
albums	folk-fusion-lok-rang	Folk Fusion Lok Rang	55b29326-16e4-4e61-84ab-ce7f6cd164df	साती माटी-चोला	kabir-clubbing	Rap & Fusion	Hindi	Style: Raga Bhairavi, Raga Yaman, Raga Malkauns, Sufi fusion, Rajasthani folk,	true	37
albums	folk-fusion-lok-rang	Folk Fusion Lok Rang	a3348700-9ecb-4d78-8344-aaf875575f8f	तेरे बिना मैंने परदेसां में	ameerpur	Haryanvi Folk	Haryanvi	Haryanvi Folk	true	37
albums	folk-fusion-lok-rang	Folk Fusion Lok Rang	6773c614-261b-461b-9eab-54efb5810575	साहब	ameerpur	Haryanvi Folk	Haryanvi	Haryanvi Folk	true	49
albums	folk-fusion-lok-rang	Folk Fusion Lok Rang	62780b6c-9eb0-43e2-91f7-38e05b1458db	साहब	ameerpur	Haryanvi Folk	Haryanvi	Haryanvi Folk	true	23
albums	folk-fusion-lok-rang	Folk Fusion Lok Rang	8433a493-5a44-4032-8243-bc0263a6ba2f	जमा उघाड़ी	gurukul	Other / Misc	Hindi	[Style: World's saddest folk singing, extremely melancholic, cry voice, male rur	true	64
albums	folk-fusion-lok-rang	Folk Fusion Lok Rang	9a501fdc-42a2-43b9-b72f-4acea519537c	जिंदगी... तू जमा उघाड़ी है	ameerpur	Haryanvi Folk	Haryanvi	Haryanvi Folk	true	64
albums	folk-fusion-lok-rang	Folk Fusion Lok Rang	27601dd5-f441-413d-bb6e-6efae567a7f7	आँखें रातभर	gurukul	Other / Misc	Hindi	[Style: World's saddest folk singing, extremely melancholic, cry voice, male rur	true	29
albums	folk-fusion-lok-rang	Folk Fusion Lok Rang	eeadca81-afe0-426b-aec0-9bb8e7226283	जिंदगी... तू जमा उघाड़ी है	ameerpur	Haryanvi Folk	Haryanvi	Haryanvi Folk	true	29
albums	folk-fusion-lok-rang	Folk Fusion Lok Rang	79c1b363-10f4-4f23-a2d0-846a1ff744ec	जाट जाट जाट जाट खिले हुए rose हैं	ameerpur	Haryanvi Folk	Haryanvi	Haryanvi Folk	true	54
albums	folk-fusion-lok-rang	Folk Fusion Lok Rang	de8f6167-d436-420a-93af-8127c00e163b	सवा लाख जाट	kabir-clubbing	Rap & Fusion	Hindi	[Genre: Hyperrap, Haryanvi folk, Afghan dambura, rubab, dhol, bakhshi style, fas	true	54
albums	folk-fusion-lok-rang	Folk Fusion Lok Rang	42bde3ea-cba3-4e45-acdb-d8b8a10379ca	जाट जाट जाट जाट खिले हुए rose हैं	ameerpur	Haryanvi Folk	Haryanvi	Haryanvi Folk	true	34
albums	folk-fusion-lok-rang	Folk Fusion Lok Rang	a10e118d-a2df-428c-add4-6624a46a39fc	जटाओं की गड़गड़ाहट	ameerpur	Haryanvi Folk	Haryanvi	[Genre: Haryanvi folk, Rajasthani folk, Afghan rubab, dambura, dhol, bakhshi sty	true	34
albums	folk-fusion-lok-rang	Folk Fusion Lok Rang	d3340fe8-0440-4a60-afec-7b57312659b8	जटाओं की डमकार	ameerpur	Haryanvi Folk	Haryanvi	[Genre: Haryanvi folk, Rajasthani folk, Afghan rubab, dambura, dhol, bakhshi sty	true	34
albums	folk-fusion-lok-rang	Folk Fusion Lok Rang	c7719c74-3520-40ba-9a5a-48be9a8e9af4	जटाओं की डमकार	ameerpur	Haryanvi Folk	Haryanvi	[Genre: Haryanvi folk, Rajasthani folk, Afghan rubab, dambura, dhol, bakhshi sty	true	34
albums	folk-fusion-lok-rang	Folk Fusion Lok Rang	04511a31-131b-44c4-a3a6-d3daa32e8026	बम बाबा बम भोला	sanaatana-vaigyaniq	Sanatan & Vedic	Sanskrit	[Genre: Devotional Folk Rock, Bhajan, Energetic Chant, Rajasthani Folk] [Tempo:	true	35
albums	folk-fusion-lok-rang	Folk Fusion Lok Rang	c43bb926-b90b-41ce-b1ca-1079d49eb675	बम भोला चोला	sanaatana-vaigyaniq	Sanatan & Vedic	Sanskrit	[Genre: Devotional Folk Rock, Bhajan, Energetic Chant, Rajasthani Folk] [Tempo:	true	38
albums	folk-fusion-lok-rang	Folk Fusion Lok Rang	67800d7d-2832-4abd-9273-de538c1471a0	भगवा चोला बम	sanaatana-vaigyaniq	Sanatan & Vedic	Sanskrit	[Genre: Devotional Folk Rock, Bhajan, Energetic Chant, Rajasthani Folk] [Tempo:	true	37
albums	folk-fusion-lok-rang	Folk Fusion Lok Rang	dd450e4b-6a76-42d9-8a70-2e4a0244702d	बोटी-फुर्र अरदास	kabir-clubbing	Rap & Fusion	Hindi	Hyper Rap, Punjabi Trap, 170 BPM, male rapid-fire vocals, chaotic fun, meme ener	true	56
albums	folk-fusion-lok-rang	Folk Fusion Lok Rang	8bcb26e4-6909-4e70-9291-af3e5452bf87	बोटी-फुर्र अरदास	kabir-clubbing	Rap & Fusion	Hindi	Hyper Rap, Punjabi Trap, 170 BPM, male rapid-fire vocals, chaotic fun, meme ener	true	56
albums	folk-fusion-lok-rang	Folk Fusion Lok Rang	f5ca7479-1bc5-4df4-a86e-e410e27b36cb	जिसकी लांबी लांबी चोटी	ameerpur	Haryanvi Folk	Haryanvi	Haryanvi Folk	true	56
albums	folk-fusion-lok-rang	Folk Fusion Lok Rang	12134426-c294-4dd0-9375-9f507bb1140a	इसी वाली बोटी	gurukul	Other / Misc	Hindi	Genre: Punjabi Folk Pop / Bhangra Pop / Energetic Party Song BPM: 120-130 Mood:	true	56
albums	folk-fusion-lok-rang	Folk Fusion Lok Rang	bb4a0cdc-93a8-4846-a9c5-30071f2fcf78	चप्पल-झिड़कियाँ	kabir-clubbing	Rap & Fusion	Hindi	[Genre: Qawwali × Hip-Hop Fusion, Indian Devotional Folk, Comedy, Urban Desi, Ma	true	51
albums	folk-fusion-lok-rang	Folk Fusion Lok Rang	2dbdbe4b-7abb-4214-b3ea-768e09a3cce1	तेरी चप्पल	ameerpur	Haryanvi Folk	Haryanvi	Haryanvi Folk	true	51
albums	folk-fusion-lok-rang	Folk Fusion Lok Rang	e6e7cdf5-7183-436b-b56a-c8060859c0de	माँ की बेलन-झिड़कियाँ	kabir-clubbing	Rap & Fusion	Hindi	[Genre: Qawwali × Hip-Hop Fusion, Indian Devotional Folk, Comedy, Urban Desi, Ma	true	49
albums	folk-fusion-lok-rang	Folk Fusion Lok Rang	5d3de852-628c-4d4e-83dc-4e2d0f91338a	तेरी चप्पल	ameerpur	Haryanvi Folk	Haryanvi	Haryanvi Folk	true	49
albums	folk-fusion-lok-rang	Folk Fusion Lok Rang	d8e1bbbb-d558-49bb-9961-e2caa023d9aa	बंसीधर मुकुट	kabir-clubbing	Rap & Fusion	Hindi	Genre/Style: Braj Sankirtan, Dhrupad-folk fusion, Raw Devotional, Indian Temple	true	43
albums	folk-fusion-lok-rang	Folk Fusion Lok Rang	b39a1673-b9c4-4eda-a3c6-a9ce936d589f	वो धर्म का जाप था	ameerpur	Haryanvi Folk	Haryanvi	Haryanvi Folk	true	40
albums	folk-fusion-lok-rang	Folk Fusion Lok Rang	21b9c825-4413-4f7f-90c9-7bcd81cc55c0	वो धर्म का जाप था	ameerpur	Haryanvi Folk	Haryanvi	Haryanvi Folk	true	20
albums	folk-fusion-lok-rang	Folk Fusion Lok Rang	565636d5-7042-4a96-88a9-f7835e3df3d0	आशिका न	ameerpur	Haryanvi Folk	Haryanvi	Haryanvi Folk	true	57
albums	folk-fusion-lok-rang	Folk Fusion Lok Rang	216ca16d-22ff-4a35-959c-89ff65126a95	Chaska Laska	kabir-clubbing	Rap & Fusion	English	style desi hip hop rajasthani folk fusion heavy bass fast beat male aggressive v	true	60
albums	folk-fusion-lok-rang	Folk Fusion Lok Rang	b564bd23-5730-4718-b0f9-e2fb7eba934f	आशिका न	ameerpur	Haryanvi Folk	Haryanvi	Haryanvi Folk	true	60
albums	folk-fusion-lok-rang	Folk Fusion Lok Rang	fec3e2d0-b4c1-47aa-b22f-a7b5f2ea4774	कैसी वैसी सी	kabir-clubbing	Rap & Fusion	Hindi	Female vocal, Punjabi pop meets Bollywood, upbeat and celebratory yet emotional,	true	22
albums	folk-fusion-lok-rang	Folk Fusion Lok Rang	48633b3f-1638-40cc-b3e8-55bd791ea44e	इतनी करीब आ जाती है	ameerpur	Haryanvi Folk	Haryanvi	Haryanvi Folk	true	22
albums	folk-fusion-lok-rang	Folk Fusion Lok Rang	c50d2540-0f2b-4c94-bb28-6a3c4883e847	सुनहर हारा फूका	sanaatana-vaigyaniq	Classical & Raag	Hindi	Haryanvi Folk + Rajasthani Folk + Indian Classical + Hyper-Rap Fusion. Suno v4.	true	101
albums	folk-fusion-lok-rang	Folk Fusion Lok Rang	4cccdb69-4cb8-41f3-91bc-bac82f3583af	WhatsApp Image 2025-06-17 at 20.41.57 (Remastered)	gurukul	Other / Misc	English	A dark and atmospheric Hindi indie-folk track with a haunting, cinematic quality	true	26
albums	folk-fusion-lok-rang	Folk Fusion Lok Rang	6fe0efcf-2803-4ea7-83a7-a2f0a923176d	एक फूल ओ सुनहरा	ameerpur	Haryanvi Folk	Haryanvi	Haryanvi Folk	true	101
albums	folk-fusion-lok-rang	Folk Fusion Lok Rang	4cacdec0-b868-46d6-b260-0944f8278d76	संग पत्तियां का फहरा	ameerpur	Haryanvi Folk	Haryanvi	Haryanvi Folk	true	68
albums	folk-fusion-lok-rang	Folk Fusion Lok Rang	d195714f-a2b3-4d77-ae4f-f18670428eb0	मेघ की विरह	sanaatana-vaigyaniq	Classical & Raag	Hindi	Haryanvi Folk + Indian Classical + Hyper-Rap Fusion. Suno v4. Dynamic genre swit	true	68
albums	folk-fusion-lok-rang	Folk Fusion Lok Rang	809507be-5a63-49dc-8e0d-a16b87287cc8	पिंकी नाच	ameerpur	Haryanvi Folk	Haryanvi	Raw horror folk. Haryanvi male vocal - broken, crying, manic. Female vampire voc	true	46
albums	folk-fusion-lok-rang	Folk Fusion Lok Rang	55c1da3f-383e-4f89-b2f1-e371ee790fb4	नाच र पिंकी	ameerpur	Haryanvi Folk	Haryanvi	Haryanvi Folk	true	46
albums	folk-fusion-lok-rang	Folk Fusion Lok Rang	416d0856-a289-4daf-ade4-0c21dfa4b8dd	नाच र पिंकी	ameerpur	Haryanvi Folk	Haryanvi	Haryanvi Folk	true	63
albums	folk-fusion-lok-rang	Folk Fusion Lok Rang	67e8aee2-9b5a-47cc-88a6-741643a45909	पिंकी थाली	ameerpur	Haryanvi Folk	Haryanvi	[Genre: Cinematic Horror × Rajasthani Folk × Dark Disco × Haryanvi Vampire Weste	true	63
albums	folk-fusion-lok-rang	Folk Fusion Lok Rang	f23d5bb3-9dc9-487a-902e-fb31cc813dfd	नाच र पिंकी	ameerpur	Haryanvi Folk	Haryanvi	Haryanvi Folk	true	39
albums	folk-fusion-lok-rang	Folk Fusion Lok Rang	8f0c2cf6-a3ee-488c-a85c-95779c10cd5c	पिंकी का थाली	ameerpur	Haryanvi Folk	Haryanvi	[Genre: Cinematic Horror × Rajasthani Folk × Dark Disco × Haryanvi Vampire Weste	true	85
albums	folk-fusion-lok-rang	Folk Fusion Lok Rang	1b8e0980-f89e-41df-9a65-5a6eb313c777	पिंकी की थाली	gurukul	Other / Misc	Hindi	[Genre: Rajasthani Folk Horror × Disco × Dark Electronic] [BPM: 128, Key: D mino	true	102
albums	folk-fusion-lok-rang	Folk Fusion Lok Rang	c8598710-c924-4b3c-8e32-0a1fded87efb	Din Mein Sarpanch	kabir-clubbing	Rap & Fusion	English	Dark cinematic Indian folk trap song with female vocals.  Theme: A powerful Hary	true	8
albums	folk-fusion-lok-rang	Folk Fusion Lok Rang	b56bd6df-5167-43b3-b0a6-cf5f42c72589	मेट्रो दरवाज़े बंद x Animatrix लोडिंग (Mashup)	sanaatana-vaigyaniq	Sanatan & Vedic	English	Afro-Phonk Fusion, Vedic Chanting, Modern Indian Folk, Neon-Sufi, Syncopated Dje	true	68
albums	folk-fusion-lok-rang	Folk Fusion Lok Rang	d0569990-a19a-4e68-b82b-1db44b271e2a	मेट्रो दरवाज़े बंद x Animatrix लोडिंग (Mashup)	sanaatana-vaigyaniq	Sanatan & Vedic	English	Afro-Phonk Fusion, Vedic Chanting, Modern Indian Folk, Neon-Sufi, Syncopated Dje	true	68
albums	folk-fusion-lok-rang	Folk Fusion Lok Rang	e48f5522-c4e9-43c9-8080-e6a097fa596c	मेट्रो दरवाज़े बंद	sanaatana-vaigyaniq	Sanatan & Vedic	Sanskrit	Afro-Phonk Fusion, Vedic Chanting, Modern Indian Folk, Neon-Sufi, Syncopated Dje	true	68
albums	folk-fusion-lok-rang	Folk Fusion Lok Rang	e4126f4b-d140-4061-9c2f-294733f12904	Animatrix Loading	sanaatana-vaigyaniq	Sanatan & Vedic	English	Afro-Phonk Fusion, Vedic Chanting, Modern Indian Folk, Neon-Sufi, Syncopated Dje	true	66
albums	folk-fusion-lok-rang	Folk Fusion Lok Rang	9aa4b117-b9b0-46de-9c7d-4e16fadb5159	Animatrix लोड	sanaatana-vaigyaniq	Sanatan & Vedic	English	Afro-Phonk Fusion, Vedic Chanting, Modern Indian Folk, Neon-Sufi, Syncopated Dje	true	66
albums	folk-fusion-lok-rang	Folk Fusion Lok Rang	40bc367c-0e8b-4773-800e-f68e8cf45f1e	Animatrix Loading	sanaatana-vaigyaniq	Sanatan & Vedic	English	Afro-Phonk Fusion, Vedic Chanting, Modern Indian Folk, Neon-Sufi, Syncopated Dje	true	66
albums	folk-fusion-lok-rang	Folk Fusion Lok Rang	47ed762a-d69b-40e3-8c6b-9feee3c9bd95	Animatrix लोड	sanaatana-vaigyaniq	Sanatan & Vedic	English	Afro-Phonk Fusion, Vedic Chanting, Modern Indian Folk, Neon-Sufi, Syncopated Dje	true	66
albums	folk-fusion-lok-rang	Folk Fusion Lok Rang	a1faf499-0ae9-40d2-ac91-2d8e83b55f0c	Animatrix लोडिंग	sanaatana-vaigyaniq	Sanatan & Vedic	English	Afro-Phonk Fusion, Vedic Chanting, Modern Indian Folk, Neon-Sufi, Syncopated Dje	true	66
albums	folk-fusion-lok-rang	Folk Fusion Lok Rang	c2da4a42-4081-4f8b-bcce-99e67d38740e	Animatrix लोडिंग	sanaatana-vaigyaniq	Sanatan & Vedic	English	Afro-Phonk Fusion, Vedic Chanting, Modern Indian Folk, Neon-Sufi, Syncopated Dje	true	66
albums	folk-fusion-lok-rang	Folk Fusion Lok Rang	ba996ff1-61da-4e8f-8887-34fa43c9dd27	चुंग-चुंग गज़ब	gurukul	Other / Misc	Hindi	Indian Psychedelic Folk, Memphis Phonk, hypnotic Ektara loops, train rhythmic ch	true	18
albums	folk-fusion-lok-rang	Folk Fusion Lok Rang	3c427c65-53cf-4f73-8314-f7c17ce91bfd	Train Chug-Chug चमत्कार	gurukul	Other / Misc	English	Indian Psychedelic Folk, Memphis Phonk, hypnotic Ektara loops, train rhythmic ch	true	18
albums	folk-fusion-lok-rang	Folk Fusion Lok Rang	064fb6c2-bf1e-4247-8603-1a4228fd88b0	Saltless Tears	kabir-clubbing	Rap & Fusion	English	[Genre: Afrobeat, Indian folk fusion, Telugu folk, Tamil folk, Bangla folk, Erhu	true	13
albums	folk-fusion-lok-rang	Folk Fusion Lok Rang	e81cfcda-4146-4974-97ad-0def356a7395	नमक सनक	kabir-clubbing	Rap & Fusion	Hindi	[Genre: Afrobeat, Chinese folk fusion, Erhu, Guzheng, talking drum, deep bass, s	true	41
albums	folk-fusion-lok-rang	Folk Fusion Lok Rang	a908fdd1-014a-4f0a-8f1d-eb3e613a3396	Kabira Sanak	kabir-clubbing	Bhakti & Katha	English	[Genre: Afrobeat, Chinese folk, Erhu, Guzheng, Telugu folk, Tamil folk, Bangla f	true	63
albums	folk-fusion-lok-rang	Folk Fusion Lok Rang	aa1881d9-c310-46ae-a942-bbcdeaa35490	नमक की सनक	kabir-clubbing	Rap & Fusion	Hindi	[Genre: World fusion, Afrobeat, Chinese Erhu, Telugu Nadhaswaram, Tamil Thavil,	true	84
albums	folk-fusion-lok-rang	Folk Fusion Lok Rang	b893c0fe-1e67-4f62-9a13-005c52b42182	कबीरा न रो	kabir-clubbing	Bhakti & Katha	Hindi	[Genre: Afrobeat, Afro-fusion, Indian folk fusion, spiritual, philosophical, tal	true	32
albums	folk-fusion-lok-rang	Folk Fusion Lok Rang	531d0f3b-bd07-4bf6-8d1d-242097d6a447	Paisa Sanak	kabir-clubbing	Rap & Fusion	English	[Genre: Afrobeat, Afro-fusion, Nigerian folk, Indian folk fusion, talking drum,	true	20
albums	folk-fusion-lok-rang	Folk Fusion Lok Rang	200924f6-fd97-4641-9ce1-dc0071add716	झूठ-ध्वनि साधन	kabir-clubbing	Rap & Fusion	Hindi	"100% Acoustic Ritual Folk, Neural Trance, No Electronic Instruments. Raw and hy	true	22
albums	folk-fusion-lok-rang	Folk Fusion Lok Rang	e512512c-6e61-42ce-8ccc-8fd96d37f200	Sahair Real Deal	gurukul	Other / Misc	English	[style: Indian folk bhajan meets West Coast G-Funk hip-hop, slow tempo, harmoniu	true	10
albums	folk-fusion-lok-rang	Folk Fusion Lok Rang	5a96815a-5320-4ebb-83ad-5088f4d5119f	कुचली पुचली लोरी	gurukul	Other / Misc	Hindi	Lullaby, Indian Folk, Soft Female or Male Vocals, Harmonium, Gentle Tabla, Bansu	true	20
albums	folk-fusion-lok-rang	Folk Fusion Lok Rang	57e5c812-cb4c-4121-8851-0bb1adf03ea3	बंद आँखों का प्रत्यक्ष	gurukul	Other / Misc	Hindi	गीत का शीर्षक: बंद आँखों का प्रत्यक्ष [style: Indian folk, bhajan, slow-medium	true	27
albums	folk-fusion-lok-rang	Folk Fusion Lok Rang	f3e731fd-6f31-461c-a2a6-3b473777fab5	कुचली पुचली लोरी	gurukul	Other / Misc	Hindi	Lullaby, Indian Folk, Soft Female or Male Vocals, Harmonium, Gentle Tabla, Bansu	true	20
albums	folk-fusion-lok-rang	Folk Fusion Lok Rang	35f7f955-01dd-4c65-bbbd-ba0e87bf0900	कुचली पुचली सो जा	gurukul	Other / Misc	Hindi	Lullaby, Indian Folk, Soft Female or Male Vocals, Harmonium, Gentle Tabla, Bansu	true	20
albums	folk-fusion-lok-rang	Folk Fusion Lok Rang	a3921a5e-3468-4352-82c7-464bbbbdee6f	कुचली-पुचली लाला	gurukul	Other / Misc	Hindi	Sufi, Indian Folk, Acoustic Lullaby, Soft Male Vocals, Harmonium, Tabla, Sitar,	true	40
albums	folk-fusion-lok-rang	Folk Fusion Lok Rang	3118ddf7-ffd5-4762-a8c4-74a78371a3e4	कुचली पुचली लाला	gurukul	Other / Misc	Hindi	[Style: Sufi, Acoustic Lullaby, Indian Folk, Soft Male Vocals, Harmonium, Tabla,	true	37
albums	folk-fusion-lok-rang	Folk Fusion Lok Rang	38523b11-2e31-40ac-bdc6-03bfd30b1186	कुचली पुचली लाला	kabir-clubbing	Rap & Fusion	Hindi	Indian folk fusion, bansuri flute, meditative drone,  cyberpunk eastern, raw kab	true	40
albums	folk-fusion-lok-rang	Folk Fusion Lok Rang	96a7ddf6-2c5b-44ad-b1db-16634387d175	बहरूपिया-ऑनलाइन	kabir-clubbing	Rap & Fusion	Hindi	Indian folk fusion, bansuri flute, meditative drone,  cyberpunk eastern, raw kab	true	76
albums	folk-fusion-lok-rang	Folk Fusion Lok Rang	340e22ab-5a0e-4a4e-9138-9bece1f77dd1	मैं दौड़ता रहा	ameerpur	Haryanvi Folk	Haryanvi	Haryanvi Folk	true	29
albums	folk-fusion-lok-rang	Folk Fusion Lok Rang	950bf07f-98a2-4abb-ab2d-2cae95ac004e	१०० साल टोरी	kabir-clubbing	Rap & Fusion	Hindi	शीर्षक: १०० साल (हिस्स्स... टोरी) Style: Dark Experimental Folk-Trap. Descriptio	true	29
albums	folk-fusion-lok-rang	Folk Fusion Lok Rang	2a6843e3-bc23-478e-8ced-eab4bdc44ee1	ਟੁੱਟੇ ਪੈਸੇ	kabir-clubbing	Rap & Fusion	Hindi	Punjabi folk fusion ballad in E (Punjabi folk scale: E F# G# B C#). 70 BPM Dhama	true	52
albums	folk-fusion-lok-rang	Folk Fusion Lok Rang	03b043a1-b777-4366-8b83-766f61b5ec66	E-tumbi Dhamal	kabir-clubbing	Rap & Fusion	English	Opera + Punjabi folk fusion ballad. Key: E minor (operatic) over E Punjabi folk	true	52
albums	folk-fusion-lok-rang	Folk Fusion Lok Rang	6e735a57-85ab-45fc-912a-9c64579dc9f2	ਟੁੱਟੇ ਪੈਸੇ	kabir-clubbing	Rap & Fusion	Hindi	Punjabi folk fusion ballad in E (Punjabi folk scale: E F# G# B C#). 70 BPM Dhama	true	52
albums	folk-fusion-lok-rang	Folk Fusion Lok Rang	86ee6acf-c17f-4674-bf19-557333906d47	अक्षर-बेच समझौता	kabir-clubbing	Rap & Fusion	Hindi	Style: Haryanvi Folk-Drill x Industrial Qawwali Fusion. Atmosphere: A high-stake	true	23
albums	folk-fusion-lok-rang	Folk Fusion Lok Rang	e773bb44-f4cd-4cdd-b0cd-2a3b9749060f	अक्षर-बेच समझौता	kabir-clubbing	Rap & Fusion	Hindi	Style: Haryanvi Folk-Drill x Industrial Qawwali Fusion. Atmosphere: A high-stake	true	23
albums	folk-fusion-lok-rang	Folk Fusion Lok Rang	ffeaefee-fcca-45f2-afcf-27c219f71bff	लॉट-जीरो-वन	kabir-clubbing	Rap & Fusion	Hindi	Style/Genre: Haryanvi Folk-Drill, Industrial Qawwali Fusion, Cinematic Dark Synt	true	24
albums	folk-fusion-lok-rang	Folk Fusion Lok Rang	01646a31-8208-4989-8914-d9835b9c98db	लगा बाज़ार जाने क्या-क्या बिकेगा आज	ameerpur	Haryanvi Folk	Haryanvi	Haryanvi Folk	true	24
albums	folk-fusion-lok-rang	Folk Fusion Lok Rang	a2f08a86-a136-4082-9a2c-eef50737cff7	Ank se jab hui shuruaat	ameerpur	Haryanvi Folk	Haryanvi	Haryanvi Folk	true	24
albums	folk-fusion-lok-rang	Folk Fusion Lok Rang	1b4b29a3-0bc4-40d8-a882-8dec76cfbcac	Lot 001 Tanpura Snap	kabir-clubbing	Rap & Fusion	English	Style/Genre: Haryanvi Folk-Drill, Industrial Qawwali Fusion, Cinematic Dark Synt	true	24
albums	folk-fusion-lok-rang	Folk Fusion Lok Rang	7a79f5a5-df08-4b19-b670-e23e71ff6738	आवाज़ों की अदालत में केस करे दीवाना	ameerpur	Haryanvi Folk	Haryanvi	Haryanvi Folk	true	17
albums	folk-fusion-lok-rang	Folk Fusion Lok Rang	05aa80d4-acdd-4719-9275-9692846ebe1a	तीखी फकीराना सीटी	kabir-clubbing	Rap & Fusion	Hindi	"Acapella Qawwali, Indian Folk Fusion, Vocal Percussion, Beatboxing, Human whist	true	17
albums	folk-fusion-lok-rang	Folk Fusion Lok Rang	7f329b6d-8172-4674-adad-6f83614ad576	आवाज़ों की अदालत	kabir-clubbing	Rap & Fusion	Hindi	"Acapella, Aggressive Beatboxing, Vocal Bass, Whistling, Dark Indian Folk Fusion	true	20
albums	folk-fusion-lok-rang	Folk Fusion Lok Rang	62dda9f3-677d-48e5-bce1-b5243ae2f1e0	Baabaa bole – mat ro re deewaane	ameerpur	Haryanvi Folk	Haryanvi	Haryanvi Folk	true	41
albums	folk-fusion-lok-rang	Folk Fusion Lok Rang	a13887b3-fd6f-4171-a02c-199d56c390fa	Toota Ghada	sanaatana-vaigyaniq	Classical & Raag	English	World music fusion, cinematic spiritual folk, Indian classical meets Celtic and	true	16
albums	folk-fusion-lok-rang	Folk Fusion Lok Rang	68471c7c-8d42-4c98-9c0d-b3f038a459a7	झूलम-झूल झुलाऊँ	ameerpur	Haryanvi Folk	Haryanvi	Haryanvi Folk	true	38
albums	folk-fusion-lok-rang	Folk Fusion Lok Rang	ee581be0-afd5-4d91-afa7-7fa47bf6e1ad	धूर अम्बरां	ameerpur	Haryanvi Folk	Haryanvi	"High energy Haryanvi folk song, 120 BPM, heavy traditional dhol, stadium crowd	true	38
albums	folk-fusion-lok-rang	Folk Fusion Lok Rang	ae245f7e-6572-4a7b-9ef6-801c86e507f2	बादलां की लोर	ameerpur	Haryanvi Folk	Haryanvi	"High energy Haryanvi folk song, 120 BPM, heavy traditional dhol, stadium crowd	true	38
albums	folk-fusion-lok-rang	Folk Fusion Lok Rang	13bbd5ed-b7db-4959-a7d2-79dab85ad756	झूल्म-झूल झुलाऊँ	ameerpur	Haryanvi Folk	Haryanvi	Haryanvi Folk	true	38
albums	folk-fusion-lok-rang	Folk Fusion Lok Rang	5edc6f4a-ebf7-4d22-b8e7-cd4bb333735f	लाडो बसंती मेहमान	sanaatana-vaigyaniq	Classical & Raag	Hindi	[Genre: Acoustic Hindustani classical folk fusion, jagarana night vigil, father-	true	20
albums	folk-fusion-lok-rang	Folk Fusion Lok Rang	5570be2c-5ead-44af-aa39-57f73225aaa6	मेरी लाडो बसंती	ameerpur	Haryanvi Folk	Haryanvi	Haryanvi Folk	true	34
albums	folk-fusion-lok-rang	Folk Fusion Lok Rang	3855893f-998c-4c3d-a2a1-3312d2a61986	लाडो बसंती	ameerpur	Haryanvi Folk	Haryanvi	Soulful Haryanvi folk, 100 BPM, male lead vocalist, breathy female backing vocal	true	34
albums	folk-fusion-lok-rang	Folk Fusion Lok Rang	028206e0-2473-4078-8ef9-eb731d376d7e	(untitled)	gurukul	Other / Misc	English	soul devotional with live folk	true	40
albums	folk-fusion-lok-rang	Folk Fusion Lok Rang	bbc7b4ba-42c3-4395-bc2a-26134de64ab7	छोरा अघोरी	ameerpur	Haryanvi Folk	Haryanvi	Haryanvi Folk	true	93
albums	folk-fusion-lok-rang	Folk Fusion Lok Rang	e77952dc-af14-41a8-9ca5-44de89385d85	(untitled)	ameerpur	Haryanvi Folk	Haryanvi	Haryanvi Ragni Rock, Aggressive Male Folk Vocals, Heavy Sarangi, Industrial Drum	true	29
albums	folk-fusion-lok-rang	Folk Fusion Lok Rang	6b2681d0-8b5e-41fe-857c-74b2d7fcd89a	रंग रूप पै मान करै क्यूं	ameerpur	Haryanvi Folk	Haryanvi	Haryanvi Folk	true	29
albums	folk-fusion-lok-rang	Folk Fusion Lok Rang	9b949712-cb52-489b-89a8-c9c2c9b52db2	(untitled)	sanaatana-vaigyaniq	Classical & Raag	English	॥ स्वर्भानु: देसी AI प्रोम्प्ट्स (The Folk Edition) ॥ १. हरियाणवी रागनी-रॉक (तर्	true	26
albums	folk-fusion-lok-rang	Folk Fusion Lok Rang	400320f5-5add-4c1b-ab1d-a32f4e351b71	(untitled)	gurukul	Other / Misc	English	॥ लोक-संगीत का 'बंडल' विश्लेषण ॥शैली (Folk Style)मुख्य तत्व (Element)प्रभाव (Eff	true	26
albums	folk-fusion-lok-rang	Folk Fusion Lok Rang	b1dc4291-5dbc-4d58-8b74-4b5021142672	(untitled)	gurukul	Other / Misc	English	॥ लोक-संगीत का 'बंडल' विश्लेषण ॥शैली (Folk Style)मुख्य तत्व (Element)प्रभाव (Eff	true	26
albums	folk-fusion-lok-rang	Folk Fusion Lok Rang	4c9c262d-a876-4406-8e42-79d64f585366	WhatsApp Image 2025-06-17 at 20.41.57	gurukul	Other / Misc	English	A dark and atmospheric Hindi indie-folk track with a haunting, cinematic quality	true	26
albums	folk-fusion-lok-rang	Folk Fusion Lok Rang	f3e77ca3-d3b1-4029-8814-3da77d041154	(untitled)	kabir-clubbing	Bhakti & Katha	English	"A raw, minimalist, and hauntingly soulful PHKD (Folk-HipHop-Kabir) fusion. The	true	27
albums	folk-fusion-lok-rang	Folk Fusion Lok Rang	acf72279-b350-4e2d-8241-7c4de927afb4	(untitled)	sanaatana-vaigyaniq	Classical & Raag	English	"A haunting, cinematic Avant-Garde Folk-Fusion based on Raag Todi. 100% Human-ge	true	26
albums	folk-fusion-lok-rang	Folk Fusion Lok Rang	20aaab8c-af31-4a63-954e-b956c837119a	(untitled)	kabir-clubbing	Rap & Fusion	English	145 BPM, Heavy Psytrance and Haryanvi Folk Fusion, Gritty Haryanvi Female Vocals	true	37
albums	folk-fusion-lok-rang	Folk Fusion Lok Rang	e0e9d663-7d49-4351-aa8e-639120657766	(untitled)	sanaatana-vaigyaniq	Classical & Raag	English	"A soulful and cinematic Global-Folk fusion farewell song based on Raag Pilu. >	true	21
albums	folk-fusion-lok-rang	Folk Fusion Lok Rang	e7905dfe-6d9b-4d8c-9f04-d1645c522f2f	ढोल नगाड़े बाज़न दे तू	ameerpur	Haryanvi Folk	Haryanvi	Haryanvi Folk	true	37
albums	folk-fusion-lok-rang	Folk Fusion Lok Rang	e18525dd-f972-4860-9008-b147a0576764	(untitled)	kabir-clubbing	Rap & Fusion	English	"A high-octane Psytrance and Haryanvi Folk Fusion anthem. Tempo: 145 BPM. Vocals	true	56
albums	folk-fusion-lok-rang	Folk Fusion Lok Rang	b6721538-96c3-408c-be12-613ca88da0d7	ढोल नगाड़े बाज़न दे तू	ameerpur	Haryanvi Folk	Haryanvi	Haryanvi Folk	true	54
albums	folk-fusion-lok-rang	Folk Fusion Lok Rang	8caed3b8-e9a9-48fa-9a64-adeedcfb6231	ढोल नगाड़े बाज़न दे तू	ameerpur	Haryanvi Folk	Haryanvi	Haryanvi Folk	true	56
albums	folk-fusion-lok-rang	Folk Fusion Lok Rang	14a370bd-8e3e-4b27-9afc-31fede5f5c94	(untitled)	kabir-clubbing	Rap & Fusion	English	haryanvi tamil folk trance	true	54
albums	folk-fusion-lok-rang	Folk Fusion Lok Rang	dac03dd8-470e-453c-ba40-7a6da1100b59	हाय रे मच्छरी	ameerpur	Haryanvi Folk	Haryanvi	Haryanvi Folk	true	97
albums	folk-fusion-lok-rang	Folk Fusion Lok Rang	c3895754-34ef-42e5-b30f-03de838fa995	हाय रे मच्छरी	ameerpur	Haryanvi Folk	Haryanvi	Haryanvi Folk	true	168
albums	folk-fusion-lok-rang	Folk Fusion Lok Rang	11d2c6aa-6e6e-4b33-a0f1-514fb4e2cf9b	Not a curse	ameerpur	Haryanvi Folk	Haryanvi	Haryanvi Folk	true	175
albums	folk-fusion-lok-rang	Folk Fusion Lok Rang	3b5bc702-ef70-4745-9a21-5e41252a6c47	Yo Yo Pandit! बोल माआता का naam	ameerpur	Haryanvi Folk	Haryanvi	Haryanvi Folk	true	43
albums	folk-fusion-lok-rang	Folk Fusion Lok Rang	e5e11b4f-d05d-444f-9b0e-5b91e5e70206	kush..mana..da	kabir-clubbing	Bhakti & Katha	English	[Style: Rajasthani Folk + Bhakti Rap + Ambient Cinematic]  [Tempo: 88 BPM] [Scal	true	43
albums	folk-fusion-lok-rang	Folk Fusion Lok Rang	bf134052-5fe4-4f02-aa15-5757082f17fe	He shaheed shera	ameerpur	Haryanvi Folk	Haryanvi	Haryanvi Folk	true	36
albums	folk-fusion-lok-rang	Folk Fusion Lok Rang	374bbc29-2826-4b31-ba70-48ad9999fa35	(untitled)	ameerpur	Haryanvi Folk	Haryanvi	global fun haryanvi-superstar..  1000 girls 1 boy	true	45
albums	folk-fusion-lok-rang	Folk Fusion Lok Rang	bed764bc-151e-4046-a0b6-773835719384	Bhai Mardana... vajda rabab	ameerpur	Haryanvi Folk	Haryanvi	Haryanvi Folk	true	45
albums	folk-fusion-lok-rang	Folk Fusion Lok Rang	1b2ec847-7d17-420f-9042-dbced94d6763	गाम के छोरे	ameerpur	Haryanvi Folk	Haryanvi	Haryanvi Folk	true	90
albums	folk-fusion-lok-rang	Folk Fusion Lok Rang	6b3651e9-9f2d-4597-a0a5-de2414135203	(untitled)	ameerpur	Haryanvi Folk	Haryanvi	global fun haryanvi-superstar..  1000 girls 1 boy	true	90
albums	folk-fusion-lok-rang	Folk Fusion Lok Rang	cf3dbe9b-e2f2-4b21-bd5b-4332afa2a38e	neural jogi	gurukul	Other / Misc	English	ancient instruments.. folk raw celebrations.. ancient sounds of joy	true	48
albums	folk-fusion-lok-rang	Folk Fusion Lok Rang	43e46f35-5912-4f95-84b9-92edf0d0fb86	neural jogi	kabir-clubbing	Rap & Fusion	English	[Style: Rajasthani Folk Fusion, Mand, Ghoomar, Devotional]  [Concept] Gangaur so	true	48
albums	folk-fusion-lok-rang	Folk Fusion Lok Rang	6a5dd84e-6da0-4b09-9a52-1db8c4acef47	neural jogi	kabir-clubbing	Rap & Fusion	English	[Style: Rajasthani Folk Fusion, Mand, Ghoomar, Devotional]  [Concept] Gangaur so	true	48
albums	folk-fusion-lok-rang	Folk Fusion Lok Rang	95afba01-5a36-42ca-8dcc-2506b2523fe4	neural jogi	gurukul	Other / Misc	English	[Style: Rajasthani Folk, Mand, Village Women Chorus, Festive, Simple]  [Tempo: 9	true	22
albums	folk-fusion-lok-rang	Folk Fusion Lok Rang	9d65a1fd-2546-4c3c-817e-49c52a5ebb0b	neural jogi	gurukul	Other / Misc	English	[Style: Rajasthani Folk, Mand, Village Women Chorus, Festive, Simple]  [Tempo: 9	true	21
albums	folk-fusion-lok-rang	Folk Fusion Lok Rang	7789d061-f161-4e4d-ad2d-4bf0d70bd861	neural jogi	gurukul	Other / Misc	English	[Style: Indian Folk + Rajasthani Mand + Tribal + Ambient + Devotional + Cinemati	true	30
albums	folk-fusion-lok-rang	Folk Fusion Lok Rang	68b7f05f-0d8c-4740-b17b-f2e679aacd98	neural jogi	gurukul	Other / Misc	English	[Style: Indian Folk + Rajasthani Mand + Tribal + Ambient + Devotional + Cinemati	true	18
albums	folk-fusion-lok-rang	Folk Fusion Lok Rang	26ae8b47-2aa1-4fc3-9a27-bfc906169f67	chhor de	sanaatana-vaigyaniq	Classical & Raag	English	Cinematic Global Fusion, Haryanvi Folk-Opera, Raag Shivranjani & Marwa base, 60	true	26
albums	folk-fusion-lok-rang	Folk Fusion Lok Rang	48d4c16c-f0af-4e47-8834-ce416cc8312e	chhor de	sanaatana-vaigyaniq	Classical & Raag	English	Cinematic Global Fusion, Haryanvi Folk-Opera, Raag Shivranjani & Marwa base, 60	true	27
albums	folk-fusion-lok-rang	Folk Fusion Lok Rang	e7134e4e-a3b4-4eb2-830d-e9a1e0791ca4	chhor de	sanaatana-vaigyaniq	Classical & Raag	English	Haunting Haryanvi Folk Fusion, Raag Shivranjani base, Pathos, Melancholic, Ether	true	42
albums	folk-fusion-lok-rang	Folk Fusion Lok Rang	ae00fa9b-6761-4e45-89a4-c8bebb0ec9e2	(untitled)	sanaatana-vaigyaniq	Classical & Raag	English	Haunting Haryanvi Folk Fusion, Raag Shivranjani base, Pathos, Melancholic, Ether	true	51
albums	folk-fusion-lok-rang	Folk Fusion Lok Rang	f02bb457-88b6-415c-9b34-da9e9896a390	neural jogi	sanaatana-vaigyaniq	Sanatan & Vedic	English	TITLE: Triveni Naad – Inner Jogi Duet  [STYLE: Indian Folk Jogi Ragni + Gurbani	true	79
albums	folk-fusion-lok-rang	Folk Fusion Lok Rang	2fc25f01-e1af-419b-af18-4a94b1792d7b	(untitled)	sanaatana-vaigyaniq	Sanatan & Vedic	English	TITLE: **“NAAD BRAHM: 31 RAAG NEURAL JOGI ALBUM”**  STYLE: Indian Folk (Haryanvi	true	51
albums	folk-fusion-lok-rang	Folk Fusion Lok Rang	dab64572-477f-4561-ae33-43b27a37fb2a	(untitled)	kabir-clubbing	Rap & Fusion	English	High-energy Haryanvi Trap-Folk Fusion, Heavy 808 Bass, Cinematic Sound Design, T	true	33
albums	folk-fusion-lok-rang	Folk Fusion Lok Rang	2b4451e0-029c-4fb6-b9e5-78fd60f4046c	देव-दानव: यो गोबर नहीं	ameerpur	Haryanvi Folk	Haryanvi	Haryanvi Folk	true	33
albums	folk-fusion-lok-rang	Folk Fusion Lok Rang	fdfe3689-13d3-4488-96a7-d2b0ad9210da	गौसे ल्या दे	ameerpur	Haryanvi Folk	Haryanvi	Haryanvi Folk	true	99
albums	folk-fusion-lok-rang	Folk Fusion Lok Rang	f3a9813d-753a-4dc8-80c0-1761b6138f1b	(untitled)	gurukul	Other / Misc	English	folk dravidian authenticity	true	27
albums	folk-fusion-lok-rang	Folk Fusion Lok Rang	1795fde2-4568-429d-86af-bfc929504dc6	(untitled)	sanaatana-vaigyaniq	Sanatan & Vedic	English	Genre: Vedic-Ambient, Cinematic Folk, Cyber-Tribal, Ethno-Industrial.  Mood: Sac	true	38
albums	folk-fusion-lok-rang	Folk Fusion Lok Rang	cabac8a7-5365-4ff9-b762-86e8a6586cd1	पिया जी तेरी याद आती है	ameerpur	Haryanvi Folk	Haryanvi	Haryanvi Folk	true	48
albums	folk-fusion-lok-rang	Folk Fusion Lok Rang	448602fe-eb24-4bcd-9a1a-2d3d00a4c21b	पिया जी तेरी याद आवे सै	ameerpur	Haryanvi Folk	Haryanvi	Haryanvi Folk	true	57
albums	folk-fusion-lok-rang	Folk Fusion Lok Rang	7c657b60-4bbc-4e9f-90d4-2d42575ca1c6	(untitled)	ameerpur	Haryanvi Folk	Haryanvi	Genre: Haryanvi Ragni Folk, Dangal style Tempo: 75 BPM  Instruments: Dholak, han	true	57
albums	folk-fusion-lok-rang	Folk Fusion Lok Rang	cfbb1757-8e35-4d6f-a25d-810bab2e0e8a	पिया जी तेरी याद आती है	ameerpur	Haryanvi Folk	Haryanvi	Haryanvi Folk	true	55
albums	folk-fusion-lok-rang	Folk Fusion Lok Rang	6a41359d-7625-415a-bb50-9685b970ef3b	हाय हाय हाय… हाय लुगाई	ameerpur	Haryanvi Folk	Haryanvi	Haryanvi Folk	true	89
albums	folk-fusion-lok-rang	Folk Fusion Lok Rang	c694a74a-44a2-4a34-aee4-ffc260690881	(untitled)	ameerpur	Haryanvi Folk	Haryanvi	Style: Haryanvi Folk Ragni, Jogi Spiritual Anthem, Human Voice Driven, Minimal	true	89
albums	folk-fusion-lok-rang	Folk Fusion Lok Rang	ddf3ca17-816c-47e8-b49c-a5834334e64b	(untitled)	ameerpur	Haryanvi Folk	Haryanvi	Style: Haryanvi Folk Ragni, Jogi Spiritual Crow Anthem, Human Voice Driven, Fig	true	89
albums	folk-fusion-lok-rang	Folk Fusion Lok Rang	ada50c4b-3ce4-475c-b27e-f2536d77da49	(untitled)	ameerpur	Haryanvi Folk	Haryanvi	Style: Haryanvi Folk Ragni, Jogi Spiritual Anthem, Human Voice Driven, Minimal	true	89
albums	folk-fusion-lok-rang	Folk Fusion Lok Rang	fddbba2f-61ec-4d72-ad3f-69baba354abb	(untitled)	ameerpur	Haryanvi Folk	Haryanvi	Style: Haryanvi Folk Ragni, Jogi Spiritual Anthem, Human Voice Driven, Minimal	true	95
albums	folk-fusion-lok-rang	Folk Fusion Lok Rang	5a3ed490-c3be-4e41-99f0-3abc89a1f13d	हाय हाय हाय… हाय लुगाई	ameerpur	Haryanvi Folk	Haryanvi	Haryanvi Folk	true	95
albums	folk-fusion-lok-rang	Folk Fusion Lok Rang	e80360e4-03de-401c-ae2a-6936ff596b3f	(untitled)	ameerpur	Haryanvi Folk	Haryanvi	मलंगों का ग्रुप एक भविष्य के ट्रेन स्टेशन पर ट्रेन स्टेशन उद्गोषण  Style: Haryan	true	61
albums	folk-fusion-lok-rang	Folk Fusion Lok Rang	978c1c42-cd78-429d-952f-ff66978f4531	हाय हाय हाय… हाय लुगाई	ameerpur	Haryanvi Folk	Haryanvi	Haryanvi Folk	true	61
albums	folk-fusion-lok-rang	Folk Fusion Lok Rang	65fd8ecc-a24d-4af1-a21d-db7e5e5107e6	(untitled)	ameerpur	Haryanvi Folk	Haryanvi	Style: Haryanvi Folk Ragni, Jogi Spiritual Anthem, Human Voice Driven, Minimal F	true	100
albums	folk-fusion-lok-rang	Folk Fusion Lok Rang	513a10d6-1b4e-43a3-b1ef-a1c0427e3b78	हाय हाय हाय… हाय लुगाई	ameerpur	Haryanvi Folk	Haryanvi	Haryanvi Folk	true	100
albums	folk-fusion-lok-rang	Folk Fusion Lok Rang	4dd54537-f0dc-4226-b83f-32edeb629a35	(untitled)	ameerpur	Haryanvi Folk	Haryanvi	Style: Haryanvi Folk Ragni, Jogi Spiritual Anthem, Human Voice Driven, Minimal F	true	87
albums	folk-fusion-lok-rang	Folk Fusion Lok Rang	ea666c4c-b61d-46ea-a289-627704a7f204	हाय हाय हाय… हाय लुगाई	ameerpur	Haryanvi Folk	Haryanvi	Haryanvi Folk	true	87
albums	folk-fusion-lok-rang	Folk Fusion Lok Rang	e8c8a60e-4a6e-4924-b306-aeb182829a8b	हाय हाय हाय ... हाय लुगाई	ameerpur	Haryanvi Folk	Haryanvi	Haryanvi Folk	true	67
albums	folk-fusion-lok-rang	Folk Fusion Lok Rang	e97cc568-6578-4bba-a1c3-0580783e1d53	(untitled)	sanaatana-vaigyaniq	Sanatan & Vedic	English	Genre:  Vedic Cosmic Rap  Nautanki folk + Hip-hop  Cinematic mythological rap  I	true	211
albums	folk-fusion-lok-rang	Folk Fusion Lok Rang	24b25363-caab-410d-a1a7-a36f5df70481	(untitled)	sanaatana-vaigyaniq	Sanatan & Vedic	English	Genre:  Vedic Cosmic Rap  Nautanki folk + Hip-hop  Cinematic mythological rap  I	true	200
albums	folk-fusion-lok-rang	Folk Fusion Lok Rang	4e8ab515-7696-4a5d-ada8-911355a71d61	(untitled)	sanaatana-vaigyaniq	Sanatan & Vedic	English	Genre:  Vedic Cosmic Rap  Nautanki folk + Hip-hop  Cinematic mythological rap  I	true	180
albums	folk-fusion-lok-rang	Folk Fusion Lok Rang	7b8aaf45-66a4-4e30-acdd-38c437907a8e	(untitled)	sanaatana-vaigyaniq	Sanatan & Vedic	English	Genre:  Vedic Cosmic Rap  Nautanki folk + Hip-hop  Cinematic mythological rap  I	true	155
albums	folk-fusion-lok-rang	Folk Fusion Lok Rang	b8e5aa64-0398-4c26-9ef9-aa516d2421c3	(untitled)	sanaatana-vaigyaniq	Sanatan & Vedic	English	Genre:  Vedic Cosmic Rap  Nautanki folk + Hip-hop  Cinematic mythological rap  I	true	108
albums	folk-fusion-lok-rang	Folk Fusion Lok Rang	7279327a-abd6-4b19-8bd9-41db02769c97	(untitled)	sanaatana-vaigyaniq	Sanatan & Vedic	English	Genre:  Vedic Cosmic Rap  Nautanki folk + Hip-hop  Cinematic mythological rap  I	true	112
albums	folk-fusion-lok-rang	Folk Fusion Lok Rang	05a9ac20-ffc7-4810-a9e2-21d2c683b06a	(untitled)	sanaatana-vaigyaniq	Sanatan & Vedic	English	Genre:  Vedic Cosmic Rap  Nautanki folk + Hip-hop  Cinematic mythological rap  I	true	106
albums	folk-fusion-lok-rang	Folk Fusion Lok Rang	72b69742-5e35-4af0-876c-03f7ff259f69	(untitled)	sanaatana-vaigyaniq	Sanatan & Vedic	English	Genre:  Vedic Cosmic Rap  Nautanki folk + Hip-hop  Cinematic mythological rap  I	true	93
albums	folk-fusion-lok-rang	Folk Fusion Lok Rang	f932d3fb-72e6-41c0-8754-38bfa4f5417c	(untitled)	sanaatana-vaigyaniq	Sanatan & Vedic	English	Genre:  Vedic Cosmic Rap  Nautanki folk + Hip-hop  Cinematic mythological rap  I	true	87
albums	folk-fusion-lok-rang	Folk Fusion Lok Rang	aed9aa06-9e15-4413-b39f-b80a8913035e	(untitled)	sanaatana-vaigyaniq	Sanatan & Vedic	English	Vedantic cosmic Indian folk theatre song, female mystical lead voice, male drama	true	54
albums	folk-fusion-lok-rang	Folk Fusion Lok Rang	0021a7c0-89d9-4d5e-8967-d9c1095a9f77	सजन मेरा धोखेबाज़ है।	ameerpur	Haryanvi Folk	Haryanvi	Haryanvi Folk	true	64
albums	folk-fusion-lok-rang	Folk Fusion Lok Rang	dac36f36-1b07-4909-bd88-88bb40d18bc8	kudru ki beti naagin	kabir-clubbing	Naagin & Mystic	English	Genre: Haryanvi Folk Ragni  Theme: Betrayal and emotional virah of a woman whose	true	56
albums	folk-fusion-lok-rang	Folk Fusion Lok Rang	aefdf09c-1e5d-4549-b489-188a4f354615	नागिन है	ameerpur	Haryanvi Folk	Haryanvi	Haryanvi Folk	true	23
albums	folk-fusion-lok-rang	Folk Fusion Lok Rang	e55b3ea6-14b8-462f-b43e-dc03bf4e9f18	kudru ki beti naagin	kabir-clubbing	Naagin & Mystic	English	Genre: Haryanvi Folk Ragni  Theme: Betrayal and emotional virah of a woman whose	true	56
albums	folk-fusion-lok-rang	Folk Fusion Lok Rang	dc697cc3-5cb9-43ab-a2de-622b7348bff5	kudru ki beti naagin	kabir-clubbing	Rap & Fusion	English	Psychedelic Haryanvi Folk-Trance, 140 BPM, Piercing Ethnic Been (Snake Charmer F	true	23
albums	folk-fusion-lok-rang	Folk Fusion Lok Rang	cbd88d04-4767-4c26-8d29-ba96e43adce7	नागिन है	ameerpur	Haryanvi Folk	Haryanvi	Haryanvi Folk	true	22
albums	folk-fusion-lok-rang	Folk Fusion Lok Rang	ae318a44-4e70-4bf5-ac17-58cd30dfa4d0	kudru ki beti naagin	kabir-clubbing	Rap & Fusion	English	Haryanvi-Bagri Folk Fusion, Psychedelic Trance, Khamak-driven rhythmic vibration	true	41
albums	folk-fusion-lok-rang	Folk Fusion Lok Rang	770b4285-cc03-4121-9c55-4fd9e710a9ef	kudru ki beti naagin	kabir-clubbing	Rap & Fusion	English	Haryanvi-Bagri Folk Fusion, Psychedelic Trance, Khamak-driven rhythmic vibration	true	41
albums	folk-fusion-lok-rang	Folk Fusion Lok Rang	4bd5f9be-6507-4e41-bad2-b3345f66e6cc	नागिन है	ameerpur	Haryanvi Folk	Haryanvi	Haryanvi Folk	true	41
albums	folk-fusion-lok-rang	Folk Fusion Lok Rang	f3c0d550-9297-4842-ba8b-b4a6118a71a6	नागिन है	ameerpur	Haryanvi Folk	Haryanvi	Haryanvi Folk	true	41
albums	folk-fusion-lok-rang	Folk Fusion Lok Rang	71f75486-1686-40eb-bbf3-1018b7e8b3b7	kudru ki beti naagin	kabir-clubbing	Rap & Fusion	English	Haryanvi-Bagri Folk Fusion, Psychedelic Trance, Khamak-driven rhythmic vibration	true	19
albums	folk-fusion-lok-rang	Folk Fusion Lok Rang	b9a9901e-2fa1-4550-aa1d-a1bb4dc7db40	अद्वैत पिता	ameerpur	Haryanvi Folk	Haryanvi	Haryanvi Folk	true	19
albums	folk-fusion-lok-rang	Folk Fusion Lok Rang	f08167a7-810e-47ac-928d-b72cd95f99f9	Naaraayana Uunh	ameerpur	Haryanvi Folk	Haryanvi	Desi haryanvi SuperFun superstar nagin।। 1000 snake charmers.. 1000 pungi.. 1 so	true	41
albums	folk-fusion-lok-rang	Folk Fusion Lok Rang	d94d112f-aa24-4a8e-9f37-be6d81219f5e	Naaraayana Uunh	ameerpur	Haryanvi Folk	Haryanvi	Desi haryanvi SuperFun superstar nagin।। 1000 snake charmers.. 1000 pungi.. 1 so	true	41
albums	folk-fusion-lok-rang	Folk Fusion Lok Rang	07c7426b-552d-49a1-bc86-7613ded094bc	(untitled)	sanaatana-vaigyaniq	Sanatan & Vedic	English	Cinematic Vedic-Blues Fusion, Aggressive ग्लोबल   Folk, Deep Guttural Aghori Cha	true	89
albums	folk-fusion-lok-rang	Folk Fusion Lok Rang	faf8624e-52ff-41ac-a98c-562728ffac2d	(untitled)	sanaatana-vaigyaniq	Sanatan & Vedic	English	Cinematic Vedic-Blues Fusion, Aggressive भोजपुरी  Folk-Rock, Deep Guttural Aghor	true	157
albums	folk-fusion-lok-rang	Folk Fusion Lok Rang	359fe041-9682-478b-8b22-2025ce5af3c8	(untitled)	sanaatana-vaigyaniq	Sanatan & Vedic	English	Cinematic Vedic-Blues Fusion, Aggressive Haryanvi Folk-Rock, Deep Guttural Aghor	true	178
albums	folk-fusion-lok-rang	Folk Fusion Lok Rang	aaca4dcb-a21a-4e20-9585-e2827cb88d9a	(untitled)	sanaatana-vaigyaniq	Sanatan & Vedic	English	Cinematic Vedic-Blues Fusion, Aggressive Haryanvi Folk-Rock, Deep Guttural Aghor	true	22
albums	folk-fusion-lok-rang	Folk Fusion Lok Rang	0902ef6d-8f19-458b-b932-855765d1dcd1	(untitled)	sanaatana-vaigyaniq	Sanatan & Vedic	English	Haryanvi folk ragni, Sufi qawwali, cinematic anthem, Vedic chant, epic choir, sp	true	177
albums	folk-fusion-lok-rang	Folk Fusion Lok Rang	ff00e623-ff9b-4092-8866-9a775e6de626	(untitled)	sanaatana-vaigyaniq	Sanatan & Vedic	English	Haryanvi folk ragni, Sufi qawwali, cinematic anthem, Vedic chant, epic choir, sp	true	177
albums	folk-fusion-lok-rang	Folk Fusion Lok Rang	ddf4af6e-aef4-4ac2-9b4a-59cd3d896e25	(untitled)	ameerpur	Haryanvi Folk	Haryanvi	title mne meऋ भारत माँ  swatantra yantra folk ballad  genre  style haryanvi folk	true	96
albums	folk-fusion-lok-rang	Folk Fusion Lok Rang	143f3ee1-541a-4c92-8ae8-84b53e7b66d9	(untitled)	gurukul	Other / Misc	English	सुरीले भैरव कुकुर्  के रूप में लाली कुतिया रूप में सुपर फंकी। Neuro-Tantra Folk	true	35
albums	folk-fusion-lok-rang	Folk Fusion Lok Rang	d1df8eeb-036c-4d6b-b998-dc9ebc94f23e	(untitled)	gurukul	Other / Misc	English	सुरीले भैरव कुकुर्  के रूप में लाली कुतिया रूप में सुपर फंकी। Neuro-Tantra Folk	true	35
albums	folk-fusion-lok-rang	Folk Fusion Lok Rang	c126fb19-0b0a-4e01-b48c-2bc66f1bb766	(untitled)	ameerpur	Haryanvi Folk	Haryanvi	Haryanvi Folk	false	0
albums	folk-fusion-lok-rang	Folk Fusion Lok Rang	0bf24918-dcf5-4396-9eff-75fff2af6946	मने मेरे देश	ameerpur	Haryanvi Folk	Haryanvi	Haryanvi Folk	true	71
albums	folk-fusion-lok-rang	Folk Fusion Lok Rang	1210841d-cb58-4632-96de-39a6f862b69a	(untitled)	sanaatana-vaigyaniq	Sanatan & Vedic	English	Atmospheric Aghori Chants, Tribal Trance, Haryanvi Folk-Blues Fusion. Starts wit	true	32
albums	folk-fusion-lok-rang	Folk Fusion Lok Rang	afa3c84f-25e6-4dfe-88a0-9f638a8b1582	पिंकी हंस नंदिनी	ameerpur	Haryanvi Folk	Haryanvi	Haryanvi Folk	true	27
albums	folk-fusion-lok-rang	Folk Fusion Lok Rang	606fe1e9-61e4-4248-bd93-73fa98153abc	पिंकी हंस नंदिनी	ameerpur	Haryanvi Folk	Haryanvi	Haryanvi Folk	true	24
albums	folk-fusion-lok-rang	Folk Fusion Lok Rang	083ed8dc-672d-423d-bda9-9714b4ae62f4	पिंकी हंस नंदिनी	ameerpur	Haryanvi Folk	Haryanvi	Haryanvi Folk	true	24
albums	folk-fusion-lok-rang	Folk Fusion Lok Rang	e5a682c7-62e9-401e-94ce-af4dff412f71	(untitled)	gurukul	Other / Misc	English	Funky folk duet with earthy groove and sensual playful chemistry between lovers	true	26
albums	folk-fusion-lok-rang	Folk Fusion Lok Rang	eec95412-60c5-41d3-b2f8-59313a044060	(untitled)	gurukul	Other / Misc	English	Funky folk duet with earthy groove and sensual playful chemistry between lovers	true	26
albums	folk-fusion-lok-rang	Folk Fusion Lok Rang	eb079cd7-e435-40eb-bee2-b82846008f09	(untitled)	gurukul	Other / Misc	English	Funky folk duet with earthy groove and sensual playful chemistry between lovers	true	26
albums	folk-fusion-lok-rang	Folk Fusion Lok Rang	cf734c04-3a7d-47f5-8575-3545ca0152db	(untitled)	gurukul	Other / Misc	English	Funky folk duet with earthy groove and sensual playful chemistry between lovers	true	26
albums	folk-fusion-lok-rang	Folk Fusion Lok Rang	c0ed3b71-8057-44e9-bbc9-7edbeb1cb247	(untitled)	gurukul	Other / Misc	English	Funky folk duet with earthy groove and sensual playful chemistry between lovers	true	26
albums	folk-fusion-lok-rang	Folk Fusion Lok Rang	ee903ee8-bc90-4636-b704-94eaad28c4e6	(untitled)	gurukul	Other / Misc	English	Funky folk duet with earthy groove and sensual playful chemistry between lovers	true	26
albums	folk-fusion-lok-rang	Folk Fusion Lok Rang	2339fc5d-3d73-4745-b001-53d00b204c3d	(untitled)	kabir-clubbing	Rap & Fusion	English	Haryanvi Folk Pop, Trap, Energetic, Raw, Male Vocals, Dholak, Harmonium	true	26
albums	folk-fusion-lok-rang	Folk Fusion Lok Rang	6434e417-4488-4db2-856e-37c633ed4491	(untitled)	kabir-clubbing	Rap & Fusion	English	Haryanvi Folk Pop, Trap, Energetic, Raw, Male Vocals, Dholak, Harmonium	true	26
albums	folk-fusion-lok-rang	Folk Fusion Lok Rang	8a5abcc5-bf22-4a21-be55-0e7dee8d4eb0	(untitled)	ameerpur	Haryanvi Folk	Haryanvi	Funky हरियाणवी folk रगनी duet  super funky	true	26
albums	folk-fusion-lok-rang	Folk Fusion Lok Rang	c2cfd34c-47f2-44fc-9c9d-dcb40dfd0ffc	(untitled)	ameerpur	Haryanvi Folk	Haryanvi	Funky हरियाणवी folk रगनी duet	true	26
albums	folk-fusion-lok-rang	Folk Fusion Lok Rang	f6b91a35-6661-45fa-af60-6af4f69f5adc	(untitled)	ameerpur	Haryanvi Folk	Haryanvi	Funky हरियाणवी folk रगनी duet	true	26
albums	folk-fusion-lok-rang	Folk Fusion Lok Rang	e4e6e3b0-e45c-4464-933f-ec6a37a9fc1a	(untitled)	sanaatana-vaigyaniq	Sanatan & Vedic	English	Funky हरियाणवी folk duet about lovers discovering cosmic love and body-mind harm	true	26
albums	folk-fusion-lok-rang	Folk Fusion Lok Rang	6a9729a2-bfde-48a5-bc3a-95d1de82ccbd	(untitled)	sanaatana-vaigyaniq	Sanatan & Vedic	English	Funky हरियाणवी folk duet about lovers discovering cosmic love and body-mind harm	true	26
albums	folk-fusion-lok-rang	Folk Fusion Lok Rang	3a30e4a6-c5b1-4cf9-bdda-324b95054db1	(untitled)	sanaatana-vaigyaniq	Sanatan & Vedic	English	Funky folk duet about lovers discovering cosmic love and body-mind harmony. Use	true	26
albums	folk-fusion-lok-rang	Folk Fusion Lok Rang	e5e5c4ed-7013-4378-8baf-ec76665ed5ea	(untitled)	sanaatana-vaigyaniq	Sanatan & Vedic	English	Funky folk duet about lovers discovering cosmic love and body-mind harmony. Use	true	26
albums	folk-fusion-lok-rang	Folk Fusion Lok Rang	ceb76bb6-5502-4d7e-8c67-0273d1e4404c	(untitled)	sanaatana-vaigyaniq	Sanatan & Vedic	English	Funky folk duet about lovers discovering cosmic love and body-mind harmony. Use	true	27
albums	folk-fusion-lok-rang	Folk Fusion Lok Rang	e2525d01-1af3-4f50-b3ff-5d0cc10ba18e	(untitled)	ameerpur	Haryanvi Folk	Haryanvi	create a haryanvi bollywood patriotic blockbuster song about a brave indian sold	true	32
albums	folk-fusion-lok-rang	Folk Fusion Lok Rang	7f7d8aa2-6b4b-4a0f-bf2e-395eb0fb9e71	जय हिन्द जय हिन्द के नारे त	ameerpur	Haryanvi Folk	Haryanvi	Haryanvi Folk	true	70
albums	folk-fusion-lok-rang	Folk Fusion Lok Rang	a1775f44-6629-41be-8e84-34c4d86063db	जय हिन्द – जय हिन्द के नारे त	ameerpur	Haryanvi Folk	Haryanvi	Haryanvi Folk	true	38
albums	folk-fusion-lok-rang	Folk Fusion Lok Rang	f770f15f-5b74-4116-991f-95e607edeadf	(untitled)	sanaatana-vaigyaniq	Sanatan & Vedic	English	Cosmic Earth Anthem.  Genre: Indian folk + cinematic orchestral + Vedic chant +	true	48
albums	folk-fusion-lok-rang	Folk Fusion Lok Rang	d179411b-b485-440d-ac8b-79a778b6b189	(untitled)	gurukul	Other / Misc	English	Epic Earth Mother Anthem.  Style: Indian folk + cinematic orchestral + stadium c	true	41
albums	folk-fusion-lok-rang	Folk Fusion Lok Rang	7aa13792-c537-4535-878c-bd7c7925e869	र भाई र..र..र	ameerpur	Haryanvi Folk	Haryanvi	Haryanvi Folk	true	55
albums	folk-fusion-lok-rang	Folk Fusion Lok Rang	ec1e421e-953b-4a94-b3d8-1844bc19fcb6	बहम लुगाई का	ameerpur	Haryanvi Folk	Haryanvi	Haryanvi Folk	true	74
albums	folk-fusion-lok-rang	Folk Fusion Lok Rang	a98dfdd6-8325-4c7e-85d1-a763d9a47e83	(untitled)	ameerpur	Haryanvi Folk	Haryanvi	Haryanvi ragni folk song with  only मिनिमल traditional instruments. Use matka ,	true	74
albums	folk-fusion-lok-rang	Folk Fusion Lok Rang	e9ed9222-9fbc-46ee-8946-506aaa0fa006	(untitled)	kabir-clubbing	Rap & Fusion	English	Haryanvi ragni folk song with trap rap flow but only traditional instruments. Us	true	74
albums	folk-fusion-lok-rang	Folk Fusion Lok Rang	0b19285e-3b76-42bf-80ae-41d8fde84fea	(untitled)	kabir-clubbing	Rap & Fusion	English	Haryanvi ragni folk song with trap rap flow but only traditional instruments. Us	true	74
albums	folk-fusion-lok-rang	Folk Fusion Lok Rang	2f477298-ce1a-472e-b84b-8930b9c66478	(untitled)	kabir-clubbing	Rap & Fusion	English	Epic Haryanvi stadium anthem, folk + rap fusion, powerful male chorus, nagada dr	true	76
albums	folk-fusion-lok-rang	Folk Fusion Lok Rang	1f500bc8-f5ba-4d2c-8156-b182c9b0b46b	(untitled)	gurukul	Other / Misc	English	Style: Egyptian lullaby + cinematic awakening anthem + Sufi-orchestral folk Mood	true	98
albums	folk-fusion-lok-rang	Folk Fusion Lok Rang	7960d8d5-9742-4fb2-9329-3efae9f39d73	(untitled)	gurukul	Other / Misc	English	Style: Egyptian lullaby + cinematic awakening anthem + Sufi-orchestral folk Mood	true	92
albums	folk-fusion-lok-rang	Folk Fusion Lok Rang	92279913-e9a8-4341-a4cc-19bd11b142ec	(untitled)	gurukul	Other / Misc	English	Style: French folk + Enlightenment anthem + divine call  Instrumentation: French	true	61
albums	folk-fusion-lok-rang	Folk Fusion Lok Rang	5d4e5f42-752b-4d9c-b766-2969cd7ad903	(untitled)	gurukul	Other / Misc	English	Style: French folk + Enlightenment anthem + divine call  Instrumentation: French	true	66
albums	folk-fusion-lok-rang	Folk Fusion Lok Rang	f4ffd57d-7c3c-440f-814c-1f4307fefb61	(untitled)	sanaatana-vaigyaniq	Sanatan & Vedic	English	[Title] खोकन और पराई नाव — Cosmic Stadium Anthem  [Style] Baul Folk  + Trap Beat	true	78
albums	folk-fusion-lok-rang	Folk Fusion Lok Rang	7153c43c-d1d0-4621-8af5-edb81572ef1b	(untitled)	sanaatana-vaigyaniq	Sanatan & Vedic	English	[Title] खोकन और पराई नाव — Cosmic Stadium Anthem  [Style] Baul Folk + Stadium An	true	78
albums	folk-fusion-lok-rang	Folk Fusion Lok Rang	298d61be-50b0-46d5-b063-082b1afd7c3a	(untitled)	sanaatana-vaigyaniq	Sanatan & Vedic	English	[Title] खोकन और पराई नाव — Cosmic Stadium Anthem  [Style] Baul Folk  + Trap Beat	true	78
albums	folk-fusion-lok-rang	Folk Fusion Lok Rang	0dfca798-d9bf-41eb-ad1b-fea2ddd3e6fb	(untitled)	sanaatana-vaigyaniq	Sanatan & Vedic	English	[Title] खोकन और पराई नाव — Cosmic Stadium Anthem  [Style] Baul Folk + Stadium An	true	78
albums	folk-fusion-lok-rang	Folk Fusion Lok Rang	94ff85f6-fcbf-4004-a7df-5a2b9b6d95eb	(untitled)	sanaatana-vaigyaniq	Sanatan & Vedic	English	[Title] खोकन और पराई नाव — Cosmic Rigveda Folk Rap  [Style] Rigvedic Chant + Ben	true	79
albums	folk-fusion-lok-rang	Folk Fusion Lok Rang	0eb2d750-cbc8-4f32-a693-53d8d313e086	(untitled)	kabir-clubbing	Rap & Fusion	English	Chinese folk melody + Sufi Qawwali + philosophical hip-hop rap fusion. Male powe	true	38
albums	folk-fusion-lok-rang	Folk Fusion Lok Rang	ca2f7d24-dce8-4f7e-8f4d-63b8c399382c	red compare	kabir-clubbing	Rap & Fusion	English	Revolutionary Hindi rap mixed with Sufi folk. Male deep voice, intense delivery.	true	32
albums	folk-fusion-lok-rang	Folk Fusion Lok Rang	854208c5-1a84-4ed7-b85c-5ecc3dda4952	red compare	ameerpur	Haryanvi Folk	Haryanvi	haryanvi ragni super funk	true	51
albums	folk-fusion-lok-rang	Folk Fusion Lok Rang	12e2bb46-4dc7-475b-8a89-61146e585918	red compare	ameerpur	Haryanvi Folk	Haryanvi	haryanvi ragni super funk	true	51
albums	folk-fusion-lok-rang	Folk Fusion Lok Rang	7b1e3079-09a2-4953-ba2a-ac65c94940f1	रंग लाल लाल लआगे मिठिये	ameerpur	Haryanvi Folk	Haryanvi	Haryanvi Folk	true	51
albums	folk-fusion-lok-rang	Folk Fusion Lok Rang	ff609686-fea5-492d-a625-50aca90796bf	पपिया	ameerpur	Love & Virah	Hindi	Indian devotional folk song, female chorus with male lead, emotional and uplifti	true	11
albums	folk-fusion-lok-rang	Folk Fusion Lok Rang	36cc152d-9ac7-43e5-aeb4-6739c08f6a5c	जिन्दा रहव जिन्दा रहव	ameerpur	Haryanvi Folk	Haryanvi	Haryanvi Folk	true	75
albums	folk-fusion-lok-rang	Folk Fusion Lok Rang	bb19047e-add0-43b2-8a8c-9b3350c0666d	पपिया	kabir-clubbing	Rap & Fusion	Hindi	Haryanvi folk fusion song with emotional rural storytelling. Male raw voice with	true	75
albums	folk-fusion-lok-rang	Folk Fusion Lok Rang	a02e5b7b-4082-4379-8728-b47dd277d6bc	mahadev	kabir-clubbing	Rap & Fusion	English	"Agori Folk-Rock, Cinematic Shiva Tandav, Tribal Fusion, High-energy Dhak and Da	true	44
albums	folk-fusion-lok-rang	Folk Fusion Lok Rang	a1b21d0a-772f-4abb-844b-e635fe83916d	mahadev	kabir-clubbing	Rap & Fusion	English	"Agori Folk-Rock, Cinematic Shiva Tandav, Tribal Fusion, High-energy Dhak and Da	true	44
albums	folk-fusion-lok-rang	Folk Fusion Lok Rang	bd0e5226-f00f-414a-83dc-c3845c5cfc52	bhagat ki maa	kabir-clubbing	Rap & Fusion	English	Haryanvi Accent , Style: Haryanvi Folk Fusion, Patriotic Rock, Powerful Male Voc	true	37
albums	folk-fusion-lok-rang	Folk Fusion Lok Rang	3cfdad3a-c550-43eb-88d3-59f7d788eae5	bhagat ki maa	ameerpur	Haryanvi Folk	Haryanvi	Haryanvi Accent , Style: Haryanvi Ragani   Vibe: शुरू में भावुक (Emotional) और ध	true	37
albums	folk-fusion-lok-rang	Folk Fusion Lok Rang	21f36fd3-91ca-4f6f-a5b9-1a61d8438a3d	bhagat ki maa	kabir-clubbing	Rap & Fusion	English	Haryanvi Accent , Style: Haryanvi Folk Fusion, Patriotic Rock, Powerful Male Voc	true	37
albums	folk-fusion-lok-rang	Folk Fusion Lok Rang	d053cd05-5b69-4079-b2af-485b0e656142	तू है म्हारा सुपरमैन	ameerpur	Haryanvi Folk	Haryanvi	Haryanvi Folk	true	74
albums	folk-fusion-lok-rang	Folk Fusion Lok Rang	90a083bf-668c-4356-bc4d-8e8f9a4dbfc0	kewat	gurukul	Other / Misc	English	soul devotional with live folk	true	40
albums	folk-fusion-lok-rang	Folk Fusion Lok Rang	4f8cb656-ad2a-40ae-ba45-ffb7315eeb30	kewat	gurukul	Other / Misc	English	soul devotional with live folk	true	40
albums	folk-fusion-lok-rang	Folk Fusion Lok Rang	cc53857c-041f-4d0d-afae-8a762ddc7425	kewat	gurukul	Other / Misc	English	soul devotional with live folk	true	40
albums	folk-fusion-lok-rang	Folk Fusion Lok Rang	13631800-7722-4099-8cdd-7872cc3b56d6	kewat	gurukul	Other / Misc	English	soul devotional with live folk	true	40
albums	folk-fusion-lok-rang	Folk Fusion Lok Rang	1774f3f7-a1f2-4c36-b1bd-ddc4ac836ba9	तुम आ कर मेरे भीतर	ameerpur	Haryanvi Folk	Haryanvi	Haryanvi Folk	true	16
albums	folk-fusion-lok-rang	Folk Fusion Lok Rang	e547d7c0-12d6-41a8-bfb3-1a6b84a2f447	(untitled)	kabir-clubbing	Rap & Fusion	English	folk fusion	true	26
albums	folk-fusion-lok-rang	Folk Fusion Lok Rang	d0be1546-ee3d-4e7d-a6ed-bd8e2502a139	मां मेरी	ameerpur	Haryanvi Folk	Haryanvi	Haryanvi Folk	true	26
albums	folk-fusion-lok-rang	Folk Fusion Lok Rang	40e5bcc1-b2c0-467d-b3cd-7f4b8310f042	(untitled)	kabir-clubbing	Rap & Fusion	English	folk fusion	true	26
albums	folk-fusion-lok-rang	Folk Fusion Lok Rang	f0f3206d-e731-4bb5-9182-1b17907541b8	(untitled)	kabir-clubbing	Rap & Fusion	English	folk fusion	true	26
albums	haryanvi-maati-ragni	Haryanvi Maati Ragni	c7fabad5-bd6d-4a60-b985-ad0aae6819c3	चणक्य चांदी	kabir-clubbing	Rap & Fusion	Hindi	Aggressive Haryanvi Hyperrap fused with powerful Sufi Qawwali claps, crushing di	true	47
albums	haryanvi-maati-ragni	Haryanvi Maati Ragni	fc641c78-b723-4744-a9f0-93ca40542e4f	समाज की खोज का सुनो इतिहास	ameerpur	Haryanvi Folk	Haryanvi	Haryanvi Folk	true	47
albums	haryanvi-maati-ragni	Haryanvi Maati Ragni	4573b54b-63f0-4dac-9e7a-4ba9ddf8acbc	समाज की खोज का सुनो इतिहास	ameerpur	Haryanvi Folk	Haryanvi	Haryanvi Folk	true	20
albums	haryanvi-maati-ragni	Haryanvi Maati Ragni	e1ec848b-c158-4366-ba75-bb0d12943801	चाणक्य सिक्का	kabir-clubbing	Rap & Fusion	Hindi	Aggressive Haryanvi Hyperrap fused with powerful Sufi Qawwali claps, high-impact	true	20
albums	haryanvi-maati-ragni	Haryanvi Maati Ragni	eae4f2af-ad53-414e-b47b-70dcd331427a	चांदी का सिक्का	kabir-clubbing	Rap & Fusion	Hindi	Aggressive Haryanvi Hyperrap fused with powerful Sufi Qawwali claps, high-impact	true	46
albums	haryanvi-maati-ragni	Haryanvi Maati Ragni	961c3ee7-95d5-4fc3-86be-9fc9344cb1b1	चाणक्य की नीति गाओ	ameerpur	Haryanvi Folk	Haryanvi	Haryanvi Folk	true	46
albums	haryanvi-maati-ragni	Haryanvi Maati Ragni	d60bbdd7-852b-4638-9bfc-de2be9c9f0e9	Reversed Sitar Whisper	kabir-clubbing	Rap & Fusion	English	Style: Desi Trap, Indian Hip Hop, Dark Trap, 140 BPM, male autotuned rap, heavy	true	52
albums	haryanvi-maati-ragni	Haryanvi Maati Ragni	cb8ff251-d3a7-4271-a3a0-33969db28cb0	Paradesi Wobble	kabir-clubbing	Rap & Fusion	English	[Genre: Psytrance, Funky House, Hyperpop, Indian Fusion, 145 BPM, Male Vocals,	true	44
albums	haryanvi-maati-ragni	Haryanvi Maati Ragni	a3348700-9ecb-4d78-8344-aaf875575f8f	तेरे बिना मैंने परदेसां में	ameerpur	Haryanvi Folk	Haryanvi	Haryanvi Folk	true	37
albums	haryanvi-maati-ragni	Haryanvi Maati Ragni	6773c614-261b-461b-9eab-54efb5810575	साहब	ameerpur	Haryanvi Folk	Haryanvi	Haryanvi Folk	true	49
albums	haryanvi-maati-ragni	Haryanvi Maati Ragni	62780b6c-9eb0-43e2-91f7-38e05b1458db	साहब	ameerpur	Haryanvi Folk	Haryanvi	Haryanvi Folk	true	23
albums	haryanvi-maati-ragni	Haryanvi Maati Ragni	9a501fdc-42a2-43b9-b72f-4acea519537c	जिंदगी... तू जमा उघाड़ी है	ameerpur	Haryanvi Folk	Haryanvi	Haryanvi Folk	true	64
albums	haryanvi-maati-ragni	Haryanvi Maati Ragni	eeadca81-afe0-426b-aec0-9bb8e7226283	जिंदगी... तू जमा उघाड़ी है	ameerpur	Haryanvi Folk	Haryanvi	Haryanvi Folk	true	29
albums	haryanvi-maati-ragni	Haryanvi Maati Ragni	79c1b363-10f4-4f23-a2d0-846a1ff744ec	जाट जाट जाट जाट खिले हुए rose हैं	ameerpur	Haryanvi Folk	Haryanvi	Haryanvi Folk	true	54
albums	haryanvi-maati-ragni	Haryanvi Maati Ragni	de8f6167-d436-420a-93af-8127c00e163b	सवा लाख जाट	kabir-clubbing	Rap & Fusion	Hindi	[Genre: Hyperrap, Haryanvi folk, Afghan dambura, rubab, dhol, bakhshi style, fas	true	54
albums	haryanvi-maati-ragni	Haryanvi Maati Ragni	42bde3ea-cba3-4e45-acdb-d8b8a10379ca	जाट जाट जाट जाट खिले हुए rose हैं	ameerpur	Haryanvi Folk	Haryanvi	Haryanvi Folk	true	34
albums	haryanvi-maati-ragni	Haryanvi Maati Ragni	a10e118d-a2df-428c-add4-6624a46a39fc	जटाओं की गड़गड़ाहट	ameerpur	Haryanvi Folk	Haryanvi	[Genre: Haryanvi folk, Rajasthani folk, Afghan rubab, dambura, dhol, bakhshi sty	true	34
albums	haryanvi-maati-ragni	Haryanvi Maati Ragni	d3340fe8-0440-4a60-afec-7b57312659b8	जटाओं की डमकार	ameerpur	Haryanvi Folk	Haryanvi	[Genre: Haryanvi folk, Rajasthani folk, Afghan rubab, dambura, dhol, bakhshi sty	true	34
albums	haryanvi-maati-ragni	Haryanvi Maati Ragni	c7719c74-3520-40ba-9a5a-48be9a8e9af4	जटाओं की डमकार	ameerpur	Haryanvi Folk	Haryanvi	[Genre: Haryanvi folk, Rajasthani folk, Afghan rubab, dambura, dhol, bakhshi sty	true	34
albums	haryanvi-maati-ragni	Haryanvi Maati Ragni	f5ca7479-1bc5-4df4-a86e-e410e27b36cb	जिसकी लांबी लांबी चोटी	ameerpur	Haryanvi Folk	Haryanvi	Haryanvi Folk	true	56
albums	haryanvi-maati-ragni	Haryanvi Maati Ragni	bb4a0cdc-93a8-4846-a9c5-30071f2fcf78	चप्पल-झिड़कियाँ	kabir-clubbing	Rap & Fusion	Hindi	[Genre: Qawwali × Hip-Hop Fusion, Indian Devotional Folk, Comedy, Urban Desi, Ma	true	51
albums	haryanvi-maati-ragni	Haryanvi Maati Ragni	2dbdbe4b-7abb-4214-b3ea-768e09a3cce1	तेरी चप्पल	ameerpur	Haryanvi Folk	Haryanvi	Haryanvi Folk	true	51
albums	haryanvi-maati-ragni	Haryanvi Maati Ragni	e6e7cdf5-7183-436b-b56a-c8060859c0de	माँ की बेलन-झिड़कियाँ	kabir-clubbing	Rap & Fusion	Hindi	[Genre: Qawwali × Hip-Hop Fusion, Indian Devotional Folk, Comedy, Urban Desi, Ma	true	49
albums	haryanvi-maati-ragni	Haryanvi Maati Ragni	5d3de852-628c-4d4e-83dc-4e2d0f91338a	तेरी चप्पल	ameerpur	Haryanvi Folk	Haryanvi	Haryanvi Folk	true	49
albums	haryanvi-maati-ragni	Haryanvi Maati Ragni	b39a1673-b9c4-4eda-a3c6-a9ce936d589f	वो धर्म का जाप था	ameerpur	Haryanvi Folk	Haryanvi	Haryanvi Folk	true	40
albums	haryanvi-maati-ragni	Haryanvi Maati Ragni	21b9c825-4413-4f7f-90c9-7bcd81cc55c0	वो धर्म का जाप था	ameerpur	Haryanvi Folk	Haryanvi	Haryanvi Folk	true	20
albums	haryanvi-maati-ragni	Haryanvi Maati Ragni	565636d5-7042-4a96-88a9-f7835e3df3d0	आशिका न	ameerpur	Haryanvi Folk	Haryanvi	Haryanvi Folk	true	57
albums	haryanvi-maati-ragni	Haryanvi Maati Ragni	e3e41c8a-d755-4128-b6d7-eb79a61facec	चस्का ढार	kabir-clubbing	Rap & Fusion	Hindi	[Genre: Desi Hip Hop, Boom Bap, Slow to Mid Tempo Rap] [BPM: 85-95] [Vocal Style	true	59
albums	haryanvi-maati-ragni	Haryanvi Maati Ragni	4417277d-8df9-416a-ac8b-9b68e3cdf5be	चस्का ढार	kabir-clubbing	Rap & Fusion	Hindi	[Genre: Desi Hip Hop, Boom Bap, Slow to Mid Tempo Rap] [BPM: 85-95] [Vocal Style	true	59
albums	haryanvi-maati-ragni	Haryanvi Maati Ragni	216ca16d-22ff-4a35-959c-89ff65126a95	Chaska Laska	kabir-clubbing	Rap & Fusion	English	style desi hip hop rajasthani folk fusion heavy bass fast beat male aggressive v	true	60
albums	haryanvi-maati-ragni	Haryanvi Maati Ragni	b564bd23-5730-4718-b0f9-e2fb7eba934f	आशिका न	ameerpur	Haryanvi Folk	Haryanvi	Haryanvi Folk	true	60
albums	haryanvi-maati-ragni	Haryanvi Maati Ragni	48633b3f-1638-40cc-b3e8-55bd791ea44e	इतनी करीब आ जाती है	ameerpur	Haryanvi Folk	Haryanvi	Haryanvi Folk	true	22
albums	haryanvi-maati-ragni	Haryanvi Maati Ragni	c50d2540-0f2b-4c94-bb28-6a3c4883e847	सुनहर हारा फूका	sanaatana-vaigyaniq	Classical & Raag	Hindi	Haryanvi Folk + Rajasthani Folk + Indian Classical + Hyper-Rap Fusion. Suno v4.	true	101
albums	haryanvi-maati-ragni	Haryanvi Maati Ragni	6fe0efcf-2803-4ea7-83a7-a2f0a923176d	एक फूल ओ सुनहरा	ameerpur	Haryanvi Folk	Haryanvi	Haryanvi Folk	true	101
albums	haryanvi-maati-ragni	Haryanvi Maati Ragni	4cacdec0-b868-46d6-b260-0944f8278d76	संग पत्तियां का फहरा	ameerpur	Haryanvi Folk	Haryanvi	Haryanvi Folk	true	68
albums	haryanvi-maati-ragni	Haryanvi Maati Ragni	d195714f-a2b3-4d77-ae4f-f18670428eb0	मेघ की विरह	sanaatana-vaigyaniq	Classical & Raag	Hindi	Haryanvi Folk + Indian Classical + Hyper-Rap Fusion. Suno v4. Dynamic genre swit	true	68
albums	haryanvi-maati-ragni	Haryanvi Maati Ragni	809507be-5a63-49dc-8e0d-a16b87287cc8	पिंकी नाच	ameerpur	Haryanvi Folk	Haryanvi	Raw horror folk. Haryanvi male vocal - broken, crying, manic. Female vampire voc	true	46
albums	haryanvi-maati-ragni	Haryanvi Maati Ragni	55c1da3f-383e-4f89-b2f1-e371ee790fb4	नाच र पिंकी	ameerpur	Haryanvi Folk	Haryanvi	Haryanvi Folk	true	46
albums	haryanvi-maati-ragni	Haryanvi Maati Ragni	416d0856-a289-4daf-ade4-0c21dfa4b8dd	नाच र पिंकी	ameerpur	Haryanvi Folk	Haryanvi	Haryanvi Folk	true	63
albums	haryanvi-maati-ragni	Haryanvi Maati Ragni	67e8aee2-9b5a-47cc-88a6-741643a45909	पिंकी थाली	ameerpur	Haryanvi Folk	Haryanvi	[Genre: Cinematic Horror × Rajasthani Folk × Dark Disco × Haryanvi Vampire Weste	true	63
albums	haryanvi-maati-ragni	Haryanvi Maati Ragni	f23d5bb3-9dc9-487a-902e-fb31cc813dfd	नाच र पिंकी	ameerpur	Haryanvi Folk	Haryanvi	Haryanvi Folk	true	39
albums	haryanvi-maati-ragni	Haryanvi Maati Ragni	8f0c2cf6-a3ee-488c-a85c-95779c10cd5c	पिंकी का थाली	ameerpur	Haryanvi Folk	Haryanvi	[Genre: Cinematic Horror × Rajasthani Folk × Dark Disco × Haryanvi Vampire Weste	true	85
albums	haryanvi-maati-ragni	Haryanvi Maati Ragni	340e22ab-5a0e-4a4e-9138-9bece1f77dd1	मैं दौड़ता रहा	ameerpur	Haryanvi Folk	Haryanvi	Haryanvi Folk	true	29
albums	haryanvi-maati-ragni	Haryanvi Maati Ragni	86ee6acf-c17f-4674-bf19-557333906d47	अक्षर-बेच समझौता	kabir-clubbing	Rap & Fusion	Hindi	Style: Haryanvi Folk-Drill x Industrial Qawwali Fusion. Atmosphere: A high-stake	true	23
albums	haryanvi-maati-ragni	Haryanvi Maati Ragni	e773bb44-f4cd-4cdd-b0cd-2a3b9749060f	अक्षर-बेच समझौता	kabir-clubbing	Rap & Fusion	Hindi	Style: Haryanvi Folk-Drill x Industrial Qawwali Fusion. Atmosphere: A high-stake	true	23
albums	haryanvi-maati-ragni	Haryanvi Maati Ragni	ffeaefee-fcca-45f2-afcf-27c219f71bff	लॉट-जीरो-वन	kabir-clubbing	Rap & Fusion	Hindi	Style/Genre: Haryanvi Folk-Drill, Industrial Qawwali Fusion, Cinematic Dark Synt	true	24
albums	haryanvi-maati-ragni	Haryanvi Maati Ragni	01646a31-8208-4989-8914-d9835b9c98db	लगा बाज़ार जाने क्या-क्या बिकेगा आज	ameerpur	Haryanvi Folk	Haryanvi	Haryanvi Folk	true	24
albums	haryanvi-maati-ragni	Haryanvi Maati Ragni	a2f08a86-a136-4082-9a2c-eef50737cff7	Ank se jab hui shuruaat	ameerpur	Haryanvi Folk	Haryanvi	Haryanvi Folk	true	24
albums	haryanvi-maati-ragni	Haryanvi Maati Ragni	1b4b29a3-0bc4-40d8-a882-8dec76cfbcac	Lot 001 Tanpura Snap	kabir-clubbing	Rap & Fusion	English	Style/Genre: Haryanvi Folk-Drill, Industrial Qawwali Fusion, Cinematic Dark Synt	true	24
albums	haryanvi-maati-ragni	Haryanvi Maati Ragni	7a79f5a5-df08-4b19-b670-e23e71ff6738	आवाज़ों की अदालत में केस करे दीवाना	ameerpur	Haryanvi Folk	Haryanvi	Haryanvi Folk	true	17
albums	haryanvi-maati-ragni	Haryanvi Maati Ragni	7ed796e3-32c4-42d3-89a2-f658115084dd	नसीब का ऐलान	kabir-clubbing	Rap & Fusion	Hindi	Genre: Haryanvi Pop, Desi Hip Hop, Upbeat Dance, Only Male announcer & Only Fema	true	61
albums	haryanvi-maati-ragni	Haryanvi Maati Ragni	517563f4-4c0a-447c-a6c7-5e81307423c3	“नसीब का ऐलान”	kabir-clubbing	Rap & Fusion	Hindi	Genre: Haryanvi Pop, Desi Hip Hop, Upbeat Dance, Male announcer & Female vocals	true	62
albums	haryanvi-maati-ragni	Haryanvi Maati Ragni	3d3e0685-76e1-4447-88b2-83897ac87205	इश्क-ए-इलाका	kabir-clubbing	Rap & Fusion	Hindi	Genre: Haryanvi Pop, Desi Hip Hop, Upbeat Dance, Male & Female vocals (Duo), ene	true	62
albums	haryanvi-maati-ragni	Haryanvi Maati Ragni	62dda9f3-677d-48e5-bce1-b5243ae2f1e0	Baabaa bole – mat ro re deewaane	ameerpur	Haryanvi Folk	Haryanvi	Haryanvi Folk	true	41
albums	haryanvi-maati-ragni	Haryanvi Maati Ragni	68471c7c-8d42-4c98-9c0d-b3f038a459a7	झूलम-झूल झुलाऊँ	ameerpur	Haryanvi Folk	Haryanvi	Haryanvi Folk	true	38
albums	haryanvi-maati-ragni	Haryanvi Maati Ragni	ee581be0-afd5-4d91-afa7-7fa47bf6e1ad	धूर अम्बरां	ameerpur	Haryanvi Folk	Haryanvi	"High energy Haryanvi folk song, 120 BPM, heavy traditional dhol, stadium crowd	true	38
albums	haryanvi-maati-ragni	Haryanvi Maati Ragni	ae245f7e-6572-4a7b-9ef6-801c86e507f2	बादलां की लोर	ameerpur	Haryanvi Folk	Haryanvi	"High energy Haryanvi folk song, 120 BPM, heavy traditional dhol, stadium crowd	true	38
albums	haryanvi-maati-ragni	Haryanvi Maati Ragni	13bbd5ed-b7db-4959-a7d2-79dab85ad756	झूल्म-झूल झुलाऊँ	ameerpur	Haryanvi Folk	Haryanvi	Haryanvi Folk	true	38
albums	haryanvi-maati-ragni	Haryanvi Maati Ragni	5570be2c-5ead-44af-aa39-57f73225aaa6	मेरी लाडो बसंती	ameerpur	Haryanvi Folk	Haryanvi	Haryanvi Folk	true	34
albums	haryanvi-maati-ragni	Haryanvi Maati Ragni	3855893f-998c-4c3d-a2a1-3312d2a61986	लाडो बसंती	ameerpur	Haryanvi Folk	Haryanvi	Soulful Haryanvi folk, 100 BPM, male lead vocalist, breathy female backing vocal	true	34
albums	haryanvi-maati-ragni	Haryanvi Maati Ragni	bbc7b4ba-42c3-4395-bc2a-26134de64ab7	छोरा अघोरी	ameerpur	Haryanvi Folk	Haryanvi	Haryanvi Folk	true	93
albums	haryanvi-maati-ragni	Haryanvi Maati Ragni	0d931d51-3575-4bd1-8740-0ed133c1eba9	(untitled)	kabir-clubbing	Rap & Fusion	English	haryanvi quebradita fusion Banda, Regional Mexican, Technobanda bright staccato	true	93
albums	haryanvi-maati-ragni	Haryanvi Maati Ragni	e77952dc-af14-41a8-9ca5-44de89385d85	(untitled)	ameerpur	Haryanvi Folk	Haryanvi	Haryanvi Ragni Rock, Aggressive Male Folk Vocals, Heavy Sarangi, Industrial Drum	true	29
albums	haryanvi-maati-ragni	Haryanvi Maati Ragni	6b2681d0-8b5e-41fe-857c-74b2d7fcd89a	रंग रूप पै मान करै क्यूं	ameerpur	Haryanvi Folk	Haryanvi	Haryanvi Folk	true	29
albums	haryanvi-maati-ragni	Haryanvi Maati Ragni	20aaab8c-af31-4a63-954e-b956c837119a	(untitled)	kabir-clubbing	Rap & Fusion	English	145 BPM, Heavy Psytrance and Haryanvi Folk Fusion, Gritty Haryanvi Female Vocals	true	37
albums	haryanvi-maati-ragni	Haryanvi Maati Ragni	e7905dfe-6d9b-4d8c-9f04-d1645c522f2f	ढोल नगाड़े बाज़न दे तू	ameerpur	Haryanvi Folk	Haryanvi	Haryanvi Folk	true	37
albums	haryanvi-maati-ragni	Haryanvi Maati Ragni	e18525dd-f972-4860-9008-b147a0576764	(untitled)	kabir-clubbing	Rap & Fusion	English	"A high-octane Psytrance and Haryanvi Folk Fusion anthem. Tempo: 145 BPM. Vocals	true	56
albums	haryanvi-maati-ragni	Haryanvi Maati Ragni	b6721538-96c3-408c-be12-613ca88da0d7	ढोल नगाड़े बाज़न दे तू	ameerpur	Haryanvi Folk	Haryanvi	Haryanvi Folk	true	54
albums	haryanvi-maati-ragni	Haryanvi Maati Ragni	8caed3b8-e9a9-48fa-9a64-adeedcfb6231	ढोल नगाड़े बाज़न दे तू	ameerpur	Haryanvi Folk	Haryanvi	Haryanvi Folk	true	56
albums	haryanvi-maati-ragni	Haryanvi Maati Ragni	14a370bd-8e3e-4b27-9afc-31fede5f5c94	(untitled)	kabir-clubbing	Rap & Fusion	English	haryanvi tamil folk trance	true	54
albums	haryanvi-maati-ragni	Haryanvi Maati Ragni	e557151f-686a-4ba6-a428-40ef37236172	(untitled)	kabir-clubbing	Rap & Fusion	English	Style: Haryanvi Ragni + Hip-Hop Rap (Climax Section)   Tempo: 95 BPM   Energy: H	true	97
albums	haryanvi-maati-ragni	Haryanvi Maati Ragni	dac03dd8-470e-453c-ba40-7a6da1100b59	हाय रे मच्छरी	ameerpur	Haryanvi Folk	Haryanvi	Haryanvi Folk	true	97
albums	haryanvi-maati-ragni	Haryanvi Maati Ragni	c3895754-34ef-42e5-b30f-03de838fa995	हाय रे मच्छरी	ameerpur	Haryanvi Folk	Haryanvi	Haryanvi Folk	true	168
albums	haryanvi-maati-ragni	Haryanvi Maati Ragni	61ca183b-a733-45f2-a526-40124620f6a1	(untitled)	sanaatana-vaigyaniq	Sanatan & Vedic	English	🎤 haryanvi ragni suparfun vs vedant chanting	true	175
albums	haryanvi-maati-ragni	Haryanvi Maati Ragni	11d2c6aa-6e6e-4b33-a0f1-514fb4e2cf9b	Not a curse	ameerpur	Haryanvi Folk	Haryanvi	Haryanvi Folk	true	175
albums	haryanvi-maati-ragni	Haryanvi Maati Ragni	3b5bc702-ef70-4745-9a21-5e41252a6c47	Yo Yo Pandit! बोल माआता का naam	ameerpur	Haryanvi Folk	Haryanvi	Haryanvi Folk	true	43
albums	haryanvi-maati-ragni	Haryanvi Maati Ragni	bf134052-5fe4-4f02-aa15-5757082f17fe	He shaheed shera	ameerpur	Haryanvi Folk	Haryanvi	Haryanvi Folk	true	36
albums	haryanvi-maati-ragni	Haryanvi Maati Ragni	374bbc29-2826-4b31-ba70-48ad9999fa35	(untitled)	ameerpur	Haryanvi Folk	Haryanvi	global fun haryanvi-superstar..  1000 girls 1 boy	true	45
albums	haryanvi-maati-ragni	Haryanvi Maati Ragni	bed764bc-151e-4046-a0b6-773835719384	Bhai Mardana... vajda rabab	ameerpur	Haryanvi Folk	Haryanvi	Haryanvi Folk	true	45
albums	haryanvi-maati-ragni	Haryanvi Maati Ragni	bea936de-88c1-4d19-9f9a-04973bec0cc0	kush..mana..da	sanaatana-vaigyaniq	Sanatan & Vedic	English	Cinematic Vedic-Trap, Heavy 808 Bass, 140 BPM, Aggressive Haryanvi Ragni Rap flo	true	34
albums	haryanvi-maati-ragni	Haryanvi Maati Ragni	87176aad-96cb-487c-b065-7faa93e5d442	kush..mana..da	sanaatana-vaigyaniq	Sanatan & Vedic	English	Cinematic Vedic-Trap, Heavy 808 Bass, 140 BPM, Aggressive Haryanvi Ragni Rap flo	true	34
albums	haryanvi-maati-ragni	Haryanvi Maati Ragni	1b2ec847-7d17-420f-9042-dbced94d6763	गाम के छोरे	ameerpur	Haryanvi Folk	Haryanvi	Haryanvi Folk	true	90
albums	haryanvi-maati-ragni	Haryanvi Maati Ragni	6b3651e9-9f2d-4597-a0a5-de2414135203	(untitled)	ameerpur	Haryanvi Folk	Haryanvi	global fun haryanvi-superstar..  1000 girls 1 boy	true	90
albums	haryanvi-maati-ragni	Haryanvi Maati Ragni	092cd586-b79b-465f-b06c-972aa38bd494	neural jogi	sanaatana-vaigyaniq	Sanatan & Vedic	English	Haryanvi Ragni-Trap Fusion, Psytrance, 432Hz Tuning, Cinematic Vedic Bass, Aggre	true	82
albums	haryanvi-maati-ragni	Haryanvi Maati Ragni	c2ff4d29-bde8-449a-847e-9dcdc78e4a69	neural jogi	sanaatana-vaigyaniq	Sanatan & Vedic	English	Haryanvi Ragni-Trap Fusion, Psytrance, 432Hz Tuning, Cinematic Vedic Bass, Aggre	true	66
albums	haryanvi-maati-ragni	Haryanvi Maati Ragni	ccb6b23a-62e2-44e4-b1f4-94283dd7bdfc	neural jogi	sanaatana-vaigyaniq	Sanatan & Vedic	English	Haryanvi Ragni-Trap Fusion, Psytrance, 432Hz Tuning, Cinematic Vedic Bass, Aggre	true	23
albums	haryanvi-maati-ragni	Haryanvi Maati Ragni	95afba01-5a36-42ca-8dcc-2506b2523fe4	neural jogi	gurukul	Other / Misc	English	[Style: Rajasthani Folk, Mand, Village Women Chorus, Festive, Simple]  [Tempo: 9	true	22
albums	haryanvi-maati-ragni	Haryanvi Maati Ragni	9d65a1fd-2546-4c3c-817e-49c52a5ebb0b	neural jogi	gurukul	Other / Misc	English	[Style: Rajasthani Folk, Mand, Village Women Chorus, Festive, Simple]  [Tempo: 9	true	21
albums	haryanvi-maati-ragni	Haryanvi Maati Ragni	26ae8b47-2aa1-4fc3-9a27-bfc906169f67	chhor de	sanaatana-vaigyaniq	Classical & Raag	English	Cinematic Global Fusion, Haryanvi Folk-Opera, Raag Shivranjani & Marwa base, 60	true	26
albums	haryanvi-maati-ragni	Haryanvi Maati Ragni	48d4c16c-f0af-4e47-8834-ce416cc8312e	chhor de	sanaatana-vaigyaniq	Classical & Raag	English	Cinematic Global Fusion, Haryanvi Folk-Opera, Raag Shivranjani & Marwa base, 60	true	27
albums	haryanvi-maati-ragni	Haryanvi Maati Ragni	e7134e4e-a3b4-4eb2-830d-e9a1e0791ca4	chhor de	sanaatana-vaigyaniq	Classical & Raag	English	Haunting Haryanvi Folk Fusion, Raag Shivranjani base, Pathos, Melancholic, Ether	true	42
albums	haryanvi-maati-ragni	Haryanvi Maati Ragni	ae00fa9b-6761-4e45-89a4-c8bebb0ec9e2	(untitled)	sanaatana-vaigyaniq	Classical & Raag	English	Haunting Haryanvi Folk Fusion, Raag Shivranjani base, Pathos, Melancholic, Ether	true	51
albums	haryanvi-maati-ragni	Haryanvi Maati Ragni	f02bb457-88b6-415c-9b34-da9e9896a390	neural jogi	sanaatana-vaigyaniq	Sanatan & Vedic	English	TITLE: Triveni Naad – Inner Jogi Duet  [STYLE: Indian Folk Jogi Ragni + Gurbani	true	79
albums	haryanvi-maati-ragni	Haryanvi Maati Ragni	2fc25f01-e1af-419b-af18-4a94b1792d7b	(untitled)	sanaatana-vaigyaniq	Sanatan & Vedic	English	TITLE: **“NAAD BRAHM: 31 RAAG NEURAL JOGI ALBUM”**  STYLE: Indian Folk (Haryanvi	true	51
albums	haryanvi-maati-ragni	Haryanvi Maati Ragni	dab64572-477f-4561-ae33-43b27a37fb2a	(untitled)	kabir-clubbing	Rap & Fusion	English	High-energy Haryanvi Trap-Folk Fusion, Heavy 808 Bass, Cinematic Sound Design, T	true	33
albums	haryanvi-maati-ragni	Haryanvi Maati Ragni	2b4451e0-029c-4fb6-b9e5-78fd60f4046c	देव-दानव: यो गोबर नहीं	ameerpur	Haryanvi Folk	Haryanvi	Haryanvi Folk	true	33
albums	haryanvi-maati-ragni	Haryanvi Maati Ragni	fdfe3689-13d3-4488-96a7-d2b0ad9210da	गौसे ल्या दे	ameerpur	Haryanvi Folk	Haryanvi	Haryanvi Folk	true	99
albums	haryanvi-maati-ragni	Haryanvi Maati Ragni	47377bea-9774-4f7b-afe4-f4e941c19c0f	(untitled)	sanaatana-vaigyaniq	Classical & Raag	English	Haryanvi-Trap... राग पीलू की धुन को मुख्य हुक में रख सकते हैं और 'रैप' वाले हिस्	true	99
albums	haryanvi-maati-ragni	Haryanvi Maati Ragni	b4eb0ad2-7b9a-47a7-9dbb-243f6869fd07	(untitled)	kabir-clubbing	Rap & Fusion	English	Style Descriptor: > Epic Ancient-Futuristic Fusion, Haryanvi Ragni meets Dravidi	true	18
albums	haryanvi-maati-ragni	Haryanvi Maati Ragni	cabac8a7-5365-4ff9-b762-86e8a6586cd1	पिया जी तेरी याद आती है	ameerpur	Haryanvi Folk	Haryanvi	Haryanvi Folk	true	48
albums	haryanvi-maati-ragni	Haryanvi Maati Ragni	80a39cda-0980-4c6e-bffb-50088c2967de	(untitled)	kabir-clubbing	Rap & Fusion	English	trance hip-hop haryanvi flavour use train whistle and station ambiances. unique	true	48
albums	haryanvi-maati-ragni	Haryanvi Maati Ragni	94f4c705-c5c7-4637-b67d-06a21a3e1771	(untitled)	kabir-clubbing	Rap & Fusion	English	trance hip-hop haryanvi flavour	true	48
albums	haryanvi-maati-ragni	Haryanvi Maati Ragni	edf821b2-166e-4650-a7ca-0b131dcc109b	(untitled)	kabir-clubbing	Rap & Fusion	English	trance hip-hop haryanvi flavour	true	48
albums	haryanvi-maati-ragni	Haryanvi Maati Ragni	14ce1222-9f05-4f2f-bcdd-c9b871cca5a1	(untitled)	kabir-clubbing	Rap & Fusion	English	trance hip-hop haryanvi flavour	true	57
albums	haryanvi-maati-ragni	Haryanvi Maati Ragni	3bd10216-5f47-4506-8828-9fc84e552bba	(untitled)	kabir-clubbing	Rap & Fusion	English	trance hip-hop haryanvi flavour	true	57
albums	haryanvi-maati-ragni	Haryanvi Maati Ragni	448602fe-eb24-4bcd-9a1a-2d3d00a4c21b	पिया जी तेरी याद आवे सै	ameerpur	Haryanvi Folk	Haryanvi	Haryanvi Folk	true	57
albums	haryanvi-maati-ragni	Haryanvi Maati Ragni	7c657b60-4bbc-4e9f-90d4-2d42575ca1c6	(untitled)	ameerpur	Haryanvi Folk	Haryanvi	Genre: Haryanvi Ragni Folk, Dangal style Tempo: 75 BPM  Instruments: Dholak, han	true	57
albums	haryanvi-maati-ragni	Haryanvi Maati Ragni	cfbb1757-8e35-4d6f-a25d-810bab2e0e8a	पिया जी तेरी याद आती है	ameerpur	Haryanvi Folk	Haryanvi	Haryanvi Folk	true	55
albums	haryanvi-maati-ragni	Haryanvi Maati Ragni	6a41359d-7625-415a-bb50-9685b970ef3b	हाय हाय हाय… हाय लुगाई	ameerpur	Haryanvi Folk	Haryanvi	Haryanvi Folk	true	89
albums	haryanvi-maati-ragni	Haryanvi Maati Ragni	c694a74a-44a2-4a34-aee4-ffc260690881	(untitled)	ameerpur	Haryanvi Folk	Haryanvi	Style: Haryanvi Folk Ragni, Jogi Spiritual Anthem, Human Voice Driven, Minimal	true	89
albums	haryanvi-maati-ragni	Haryanvi Maati Ragni	ddf3ca17-816c-47e8-b49c-a5834334e64b	(untitled)	ameerpur	Haryanvi Folk	Haryanvi	Style: Haryanvi Folk Ragni, Jogi Spiritual Crow Anthem, Human Voice Driven, Fig	true	89
albums	haryanvi-maati-ragni	Haryanvi Maati Ragni	ada50c4b-3ce4-475c-b27e-f2536d77da49	(untitled)	ameerpur	Haryanvi Folk	Haryanvi	Style: Haryanvi Folk Ragni, Jogi Spiritual Anthem, Human Voice Driven, Minimal	true	89
albums	haryanvi-maati-ragni	Haryanvi Maati Ragni	fddbba2f-61ec-4d72-ad3f-69baba354abb	(untitled)	ameerpur	Haryanvi Folk	Haryanvi	Style: Haryanvi Folk Ragni, Jogi Spiritual Anthem, Human Voice Driven, Minimal	true	95
albums	haryanvi-maati-ragni	Haryanvi Maati Ragni	5a3ed490-c3be-4e41-99f0-3abc89a1f13d	हाय हाय हाय… हाय लुगाई	ameerpur	Haryanvi Folk	Haryanvi	Haryanvi Folk	true	95
albums	haryanvi-maati-ragni	Haryanvi Maati Ragni	e80360e4-03de-401c-ae2a-6936ff596b3f	(untitled)	ameerpur	Haryanvi Folk	Haryanvi	मलंगों का ग्रुप एक भविष्य के ट्रेन स्टेशन पर ट्रेन स्टेशन उद्गोषण  Style: Haryan	true	61
albums	haryanvi-maati-ragni	Haryanvi Maati Ragni	978c1c42-cd78-429d-952f-ff66978f4531	हाय हाय हाय… हाय लुगाई	ameerpur	Haryanvi Folk	Haryanvi	Haryanvi Folk	true	61
albums	haryanvi-maati-ragni	Haryanvi Maati Ragni	65fd8ecc-a24d-4af1-a21d-db7e5e5107e6	(untitled)	ameerpur	Haryanvi Folk	Haryanvi	Style: Haryanvi Folk Ragni, Jogi Spiritual Anthem, Human Voice Driven, Minimal F	true	100
albums	haryanvi-maati-ragni	Haryanvi Maati Ragni	513a10d6-1b4e-43a3-b1ef-a1c0427e3b78	हाय हाय हाय… हाय लुगाई	ameerpur	Haryanvi Folk	Haryanvi	Haryanvi Folk	true	100
albums	haryanvi-maati-ragni	Haryanvi Maati Ragni	4dd54537-f0dc-4226-b83f-32edeb629a35	(untitled)	ameerpur	Haryanvi Folk	Haryanvi	Style: Haryanvi Folk Ragni, Jogi Spiritual Anthem, Human Voice Driven, Minimal F	true	87
albums	haryanvi-maati-ragni	Haryanvi Maati Ragni	ea666c4c-b61d-46ea-a289-627704a7f204	हाय हाय हाय… हाय लुगाई	ameerpur	Haryanvi Folk	Haryanvi	Haryanvi Folk	true	87
albums	haryanvi-maati-ragni	Haryanvi Maati Ragni	e8c8a60e-4a6e-4924-b306-aeb182829a8b	हाय हाय हाय ... हाय लुगाई	ameerpur	Haryanvi Folk	Haryanvi	Haryanvi Folk	true	67
albums	haryanvi-maati-ragni	Haryanvi Maati Ragni	0021a7c0-89d9-4d5e-8967-d9c1095a9f77	सजन मेरा धोखेबाज़ है।	ameerpur	Haryanvi Folk	Haryanvi	Haryanvi Folk	true	64
albums	haryanvi-maati-ragni	Haryanvi Maati Ragni	dac36f36-1b07-4909-bd88-88bb40d18bc8	kudru ki beti naagin	kabir-clubbing	Naagin & Mystic	English	Genre: Haryanvi Folk Ragni  Theme: Betrayal and emotional virah of a woman whose	true	56
albums	haryanvi-maati-ragni	Haryanvi Maati Ragni	aefdf09c-1e5d-4549-b489-188a4f354615	नागिन है	ameerpur	Haryanvi Folk	Haryanvi	Haryanvi Folk	true	23
albums	haryanvi-maati-ragni	Haryanvi Maati Ragni	e55b3ea6-14b8-462f-b43e-dc03bf4e9f18	kudru ki beti naagin	kabir-clubbing	Naagin & Mystic	English	Genre: Haryanvi Folk Ragni  Theme: Betrayal and emotional virah of a woman whose	true	56
albums	haryanvi-maati-ragni	Haryanvi Maati Ragni	dc697cc3-5cb9-43ab-a2de-622b7348bff5	kudru ki beti naagin	kabir-clubbing	Rap & Fusion	English	Psychedelic Haryanvi Folk-Trance, 140 BPM, Piercing Ethnic Been (Snake Charmer F	true	23
albums	haryanvi-maati-ragni	Haryanvi Maati Ragni	cbd88d04-4767-4c26-8d29-ba96e43adce7	नागिन है	ameerpur	Haryanvi Folk	Haryanvi	Haryanvi Folk	true	22
albums	haryanvi-maati-ragni	Haryanvi Maati Ragni	ae318a44-4e70-4bf5-ac17-58cd30dfa4d0	kudru ki beti naagin	kabir-clubbing	Rap & Fusion	English	Haryanvi-Bagri Folk Fusion, Psychedelic Trance, Khamak-driven rhythmic vibration	true	41
albums	haryanvi-maati-ragni	Haryanvi Maati Ragni	770b4285-cc03-4121-9c55-4fd9e710a9ef	kudru ki beti naagin	kabir-clubbing	Rap & Fusion	English	Haryanvi-Bagri Folk Fusion, Psychedelic Trance, Khamak-driven rhythmic vibration	true	41
albums	haryanvi-maati-ragni	Haryanvi Maati Ragni	4bd5f9be-6507-4e41-bad2-b3345f66e6cc	नागिन है	ameerpur	Haryanvi Folk	Haryanvi	Haryanvi Folk	true	41
albums	haryanvi-maati-ragni	Haryanvi Maati Ragni	f3c0d550-9297-4842-ba8b-b4a6118a71a6	नागिन है	ameerpur	Haryanvi Folk	Haryanvi	Haryanvi Folk	true	41
albums	haryanvi-maati-ragni	Haryanvi Maati Ragni	71f75486-1686-40eb-bbf3-1018b7e8b3b7	kudru ki beti naagin	kabir-clubbing	Rap & Fusion	English	Haryanvi-Bagri Folk Fusion, Psychedelic Trance, Khamak-driven rhythmic vibration	true	19
albums	haryanvi-maati-ragni	Haryanvi Maati Ragni	b9a9901e-2fa1-4550-aa1d-a1bb4dc7db40	अद्वैत पिता	ameerpur	Haryanvi Folk	Haryanvi	Haryanvi Folk	true	19
albums	haryanvi-maati-ragni	Haryanvi Maati Ragni	b7e6675d-ed56-4e23-964d-9614994fca12	kudru ki beti naagin	kabir-clubbing	Naagin & Mystic	English	Desi haryanvi SuperFun superstar nagin. 1 soulfull pungi bridge. 1 one stringed	true	39
albums	haryanvi-maati-ragni	Haryanvi Maati Ragni	f08167a7-810e-47ac-928d-b72cd95f99f9	Naaraayana Uunh	ameerpur	Haryanvi Folk	Haryanvi	Desi haryanvi SuperFun superstar nagin।। 1000 snake charmers.. 1000 pungi.. 1 so	true	41
albums	haryanvi-maati-ragni	Haryanvi Maati Ragni	d94d112f-aa24-4a8e-9f37-be6d81219f5e	Naaraayana Uunh	ameerpur	Haryanvi Folk	Haryanvi	Desi haryanvi SuperFun superstar nagin।। 1000 snake charmers.. 1000 pungi.. 1 so	true	41
albums	haryanvi-maati-ragni	Haryanvi Maati Ragni	359fe041-9682-478b-8b22-2025ce5af3c8	(untitled)	sanaatana-vaigyaniq	Sanatan & Vedic	English	Cinematic Vedic-Blues Fusion, Aggressive Haryanvi Folk-Rock, Deep Guttural Aghor	true	178
albums	haryanvi-maati-ragni	Haryanvi Maati Ragni	aaca4dcb-a21a-4e20-9585-e2827cb88d9a	(untitled)	sanaatana-vaigyaniq	Sanatan & Vedic	English	Cinematic Vedic-Blues Fusion, Aggressive Haryanvi Folk-Rock, Deep Guttural Aghor	true	22
albums	haryanvi-maati-ragni	Haryanvi Maati Ragni	0902ef6d-8f19-458b-b932-855765d1dcd1	(untitled)	sanaatana-vaigyaniq	Sanatan & Vedic	English	Haryanvi folk ragni, Sufi qawwali, cinematic anthem, Vedic chant, epic choir, sp	true	177
albums	haryanvi-maati-ragni	Haryanvi Maati Ragni	ff00e623-ff9b-4092-8866-9a775e6de626	(untitled)	sanaatana-vaigyaniq	Sanatan & Vedic	English	Haryanvi folk ragni, Sufi qawwali, cinematic anthem, Vedic chant, epic choir, sp	true	177
albums	haryanvi-maati-ragni	Haryanvi Maati Ragni	ddf4af6e-aef4-4ac2-9b4a-59cd3d896e25	(untitled)	ameerpur	Haryanvi Folk	Haryanvi	title mne meऋ भारत माँ  swatantra yantra folk ballad  genre  style haryanvi folk	true	96
albums	haryanvi-maati-ragni	Haryanvi Maati Ragni	c126fb19-0b0a-4e01-b48c-2bc66f1bb766	(untitled)	ameerpur	Haryanvi Folk	Haryanvi	Haryanvi Folk	false	0
albums	haryanvi-maati-ragni	Haryanvi Maati Ragni	0bf24918-dcf5-4396-9eff-75fff2af6946	मने मेरे देश	ameerpur	Haryanvi Folk	Haryanvi	Haryanvi Folk	true	71
albums	haryanvi-maati-ragni	Haryanvi Maati Ragni	1210841d-cb58-4632-96de-39a6f862b69a	(untitled)	sanaatana-vaigyaniq	Sanatan & Vedic	English	Atmospheric Aghori Chants, Tribal Trance, Haryanvi Folk-Blues Fusion. Starts wit	true	32
albums	haryanvi-maati-ragni	Haryanvi Maati Ragni	afa3c84f-25e6-4dfe-88a0-9f638a8b1582	पिंकी हंस नंदिनी	ameerpur	Haryanvi Folk	Haryanvi	Haryanvi Folk	true	27
albums	haryanvi-maati-ragni	Haryanvi Maati Ragni	606fe1e9-61e4-4248-bd93-73fa98153abc	पिंकी हंस नंदिनी	ameerpur	Haryanvi Folk	Haryanvi	Haryanvi Folk	true	24
albums	haryanvi-maati-ragni	Haryanvi Maati Ragni	083ed8dc-672d-423d-bda9-9714b4ae62f4	पिंकी हंस नंदिनी	ameerpur	Haryanvi Folk	Haryanvi	Haryanvi Folk	true	24
albums	haryanvi-maati-ragni	Haryanvi Maati Ragni	2339fc5d-3d73-4745-b001-53d00b204c3d	(untitled)	kabir-clubbing	Rap & Fusion	English	Haryanvi Folk Pop, Trap, Energetic, Raw, Male Vocals, Dholak, Harmonium	true	26
albums	haryanvi-maati-ragni	Haryanvi Maati Ragni	6434e417-4488-4db2-856e-37c633ed4491	(untitled)	kabir-clubbing	Rap & Fusion	English	Haryanvi Folk Pop, Trap, Energetic, Raw, Male Vocals, Dholak, Harmonium	true	26
albums	haryanvi-maati-ragni	Haryanvi Maati Ragni	8a5abcc5-bf22-4a21-be55-0e7dee8d4eb0	(untitled)	ameerpur	Haryanvi Folk	Haryanvi	Funky हरियाणवी folk रगनी duet  super funky	true	26
albums	haryanvi-maati-ragni	Haryanvi Maati Ragni	c2cfd34c-47f2-44fc-9c9d-dcb40dfd0ffc	(untitled)	ameerpur	Haryanvi Folk	Haryanvi	Funky हरियाणवी folk रगनी duet	true	26
albums	haryanvi-maati-ragni	Haryanvi Maati Ragni	f6b91a35-6661-45fa-af60-6af4f69f5adc	(untitled)	ameerpur	Haryanvi Folk	Haryanvi	Funky हरियाणवी folk रगनी duet	true	26
albums	haryanvi-maati-ragni	Haryanvi Maati Ragni	a55e5fb9-1715-4647-ba0a-9cc10d0cdead	(untitled)	gurukul	Other / Misc	English	lets create environment as a village where a husband is singing to his wife. hip	true	27
albums	haryanvi-maati-ragni	Haryanvi Maati Ragni	709d0eb7-9410-4ef3-ab3f-b36462a15a6c	(untitled)	gurukul	Other / Misc	English	lets create environment as a village where a husband is singing to his wife. hip	true	27
albums	haryanvi-maati-ragni	Haryanvi Maati Ragni	e2525d01-1af3-4f50-b3ff-5d0cc10ba18e	(untitled)	ameerpur	Haryanvi Folk	Haryanvi	create a haryanvi bollywood patriotic blockbuster song about a brave indian sold	true	32
albums	haryanvi-maati-ragni	Haryanvi Maati Ragni	7f7d8aa2-6b4b-4a0f-bf2e-395eb0fb9e71	जय हिन्द जय हिन्द के नारे त	ameerpur	Haryanvi Folk	Haryanvi	Haryanvi Folk	true	70
albums	haryanvi-maati-ragni	Haryanvi Maati Ragni	a1775f44-6629-41be-8e84-34c4d86063db	जय हिन्द – जय हिन्द के नारे त	ameerpur	Haryanvi Folk	Haryanvi	Haryanvi Folk	true	38
albums	haryanvi-maati-ragni	Haryanvi Maati Ragni	547974ac-4935-4d3a-bec3-2e19bd96ed49	(untitled)	gurukul	Other / Misc	English	"A cinematic, emotional scene in a rustic Indian village. A brave mother with a	true	38
albums	haryanvi-maati-ragni	Haryanvi Maati Ragni	7aa13792-c537-4535-878c-bd7c7925e869	र भाई र..र..र	ameerpur	Haryanvi Folk	Haryanvi	Haryanvi Folk	true	55
albums	haryanvi-maati-ragni	Haryanvi Maati Ragni	ec1e421e-953b-4a94-b3d8-1844bc19fcb6	बहम लुगाई का	ameerpur	Haryanvi Folk	Haryanvi	Haryanvi Folk	true	74
albums	haryanvi-maati-ragni	Haryanvi Maati Ragni	a98dfdd6-8325-4c7e-85d1-a763d9a47e83	(untitled)	ameerpur	Haryanvi Folk	Haryanvi	Haryanvi ragni folk song with  only मिनिमल traditional instruments. Use matka ,	true	74
albums	haryanvi-maati-ragni	Haryanvi Maati Ragni	e9ed9222-9fbc-46ee-8946-506aaa0fa006	(untitled)	kabir-clubbing	Rap & Fusion	English	Haryanvi ragni folk song with trap rap flow but only traditional instruments. Us	true	74
albums	haryanvi-maati-ragni	Haryanvi Maati Ragni	0b19285e-3b76-42bf-80ae-41d8fde84fea	(untitled)	kabir-clubbing	Rap & Fusion	English	Haryanvi ragni folk song with trap rap flow but only traditional instruments. Us	true	74
albums	haryanvi-maati-ragni	Haryanvi Maati Ragni	2f477298-ce1a-472e-b84b-8930b9c66478	(untitled)	kabir-clubbing	Rap & Fusion	English	Epic Haryanvi stadium anthem, folk + rap fusion, powerful male chorus, nagada dr	true	76
albums	haryanvi-maati-ragni	Haryanvi Maati Ragni	854208c5-1a84-4ed7-b85c-5ecc3dda4952	red compare	ameerpur	Haryanvi Folk	Haryanvi	haryanvi ragni super funk	true	51
albums	haryanvi-maati-ragni	Haryanvi Maati Ragni	12e2bb46-4dc7-475b-8a89-61146e585918	red compare	ameerpur	Haryanvi Folk	Haryanvi	haryanvi ragni super funk	true	51
albums	haryanvi-maati-ragni	Haryanvi Maati Ragni	5d48bd7a-3499-431d-b9e1-a84103c69938	red compare	kabir-clubbing	Rap & Fusion	English	haryanvi ragni fusion male	true	51
albums	haryanvi-maati-ragni	Haryanvi Maati Ragni	7b1e3079-09a2-4953-ba2a-ac65c94940f1	रंग लाल लाल लआगे मिठिये	ameerpur	Haryanvi Folk	Haryanvi	Haryanvi Folk	true	51
albums	haryanvi-maati-ragni	Haryanvi Maati Ragni	36cc152d-9ac7-43e5-aeb4-6739c08f6a5c	जिन्दा रहव जिन्दा रहव	ameerpur	Haryanvi Folk	Haryanvi	Haryanvi Folk	true	75
albums	haryanvi-maati-ragni	Haryanvi Maati Ragni	bb19047e-add0-43b2-8a8c-9b3350c0666d	पपिया	kabir-clubbing	Rap & Fusion	Hindi	Haryanvi folk fusion song with emotional rural storytelling. Male raw voice with	true	75
albums	haryanvi-maati-ragni	Haryanvi Maati Ragni	bd0e5226-f00f-414a-83dc-c3845c5cfc52	bhagat ki maa	kabir-clubbing	Rap & Fusion	English	Haryanvi Accent , Style: Haryanvi Folk Fusion, Patriotic Rock, Powerful Male Voc	true	37
albums	haryanvi-maati-ragni	Haryanvi Maati Ragni	3cfdad3a-c550-43eb-88d3-59f7d788eae5	bhagat ki maa	ameerpur	Haryanvi Folk	Haryanvi	Haryanvi Accent , Style: Haryanvi Ragani   Vibe: शुरू में भावुक (Emotional) और ध	true	37
albums	haryanvi-maati-ragni	Haryanvi Maati Ragni	21f36fd3-91ca-4f6f-a5b9-1a61d8438a3d	bhagat ki maa	kabir-clubbing	Rap & Fusion	English	Haryanvi Accent , Style: Haryanvi Folk Fusion, Patriotic Rock, Powerful Male Voc	true	37
albums	haryanvi-maati-ragni	Haryanvi Maati Ragni	99e3f540-91d6-46d9-a363-a20ab43ac51d	superman	kabir-clubbing	Rap & Fusion	English	haryanvi super energy  rap	true	74
albums	haryanvi-maati-ragni	Haryanvi Maati Ragni	78837c54-c069-4a21-9043-052477368de3	superman	kabir-clubbing	Rap & Fusion	English	haryanvi super energy hip hop rap	true	74
albums	haryanvi-maati-ragni	Haryanvi Maati Ragni	d053cd05-5b69-4079-b2af-485b0e656142	तू है म्हारा सुपरमैन	ameerpur	Haryanvi Folk	Haryanvi	Haryanvi Folk	true	74
albums	haryanvi-maati-ragni	Haryanvi Maati Ragni	c964708d-4954-4972-bfd9-eb13399ed835	superman	kabir-clubbing	Rap & Fusion	English	haryanvi super energy hip hop rap	true	74
albums	haryanvi-maati-ragni	Haryanvi Maati Ragni	9a171e56-f4d0-4e86-8dd8-b88e38cfe848	superman	kabir-clubbing	Rap & Fusion	English	haryanvi super energy hip hop rap	true	74
albums	haryanvi-maati-ragni	Haryanvi Maati Ragni	8c4d0b31-24ca-46ea-8d9e-01e80745e77f	superman	kabir-clubbing	Rap & Fusion	English	haryanvi super energy hip hop rap	true	74
albums	haryanvi-maati-ragni	Haryanvi Maati Ragni	1774f3f7-a1f2-4c36-b1bd-ddc4ac836ba9	तुम आ कर मेरे भीतर	ameerpur	Haryanvi Folk	Haryanvi	Haryanvi Folk	true	16
albums	haryanvi-maati-ragni	Haryanvi Maati Ragni	d0be1546-ee3d-4e7d-a6ed-bd8e2502a139	मां मेरी	ameerpur	Haryanvi Folk	Haryanvi	Haryanvi Folk	true	26
albums	cinematic-cosmic-epics	Cinematic Cosmic Epics	d5f6d9bc-5c76-48d6-859d-957ef84f79b3	हनुमान-अनुमान छट	sanaatana-vaigyaniq	Sanatan & Vedic	Sanskrit	Heavy cinematic Vedic metal-phonk epic, 115 to 142 BPM, roaring traditional dhol	true	28
albums	cinematic-cosmic-epics	Cinematic Cosmic Epics	0691bbaf-1f16-453a-9c00-0eecd71d1e14	३३-डिजिट नियॉन	sanaatana-vaigyaniq	Sanatan & Vedic	Sanskrit	Hyper-aggressive cinematic Vedic folk-hop epic, 115 BPM, rapid-fire phonetic sta	true	29
albums	cinematic-cosmic-epics	Cinematic Cosmic Epics	83db2f7e-ae48-418d-9587-c807af8e24e3	चक्र-इंजन शंखनाद	sanaatana-vaigyaniq	Sanatan & Vedic	Sanskrit	Aggressive cinematic Vedic folk-hop epic, 115 BPM, intense traditional Chalisa r	true	29
albums	cinematic-cosmic-epics	Cinematic Cosmic Epics	f9f70b24-e62f-40a2-b42f-f3a0ba272777	संप्रभुता का डंका	gurukul	Other / Misc	Hindi	Dark Aggressive Cinematic Phonk, heavy brass orchestration, ancient Indian war d	true	41
albums	cinematic-cosmic-epics	Cinematic Cosmic Epics	989e203d-59cf-43b4-b450-bd5f5fdf28a6	ख़्वाब-धागा आधा	kabir-clubbing	Rap & Fusion	Hindi	[Cinematic World-Fusion, Deep Spiritual Qawwali Vocals, 142 BPM, UK Drill influe	true	49
albums	cinematic-cosmic-epics	Cinematic Cosmic Epics	081d7d0e-d5f4-455e-9716-46f8bfcd192f	साहब खोज जंग	kabir-clubbing	Rap & Fusion	Hindi	[Cinematic World-Fusion, Deep Spiritual Qawwali vocals mixed with High-Impact UK	true	23
albums	cinematic-cosmic-epics	Cinematic Cosmic Epics	bdf090e4-3d39-4d47-863b-7bd1757feb8d	बंसीधर ताज	gurukul	Other / Misc	Hindi	Cinematic qawwali, Raga Todi, thousands of gopis + Radha solo, 60-120 BPM, femal	true	43
albums	cinematic-cosmic-epics	Cinematic Cosmic Epics	4cacd011-00d8-408e-97ef-d7bfb366b23e	महाराणा क़फ़िया	sanaatana-vaigyaniq	Classical & Raag	Hindi	Epic Hindustani classical war anthem, Raag Bilawal, male heroic vocal with deep	true	34
albums	cinematic-cosmic-epics	Cinematic Cosmic Epics	4e99c51c-14d1-43a5-a536-c58f63a6d5f4	Dhol Stutter March	sanaatana-vaigyaniq	Classical & Raag	English	Epic Bollywood film score, grand orchestral, Raag Bilawal based, male power voca	true	40
albums	cinematic-cosmic-epics	Cinematic Cosmic Epics	63dd43a7-8fe0-465d-bcaf-b5986297d7ab	प्रताप का तान	sanaatana-vaigyaniq	Classical & Raag	Hindi	Hindustani classical raga Bilawal, male heroic vocal, dhol shehnai, war drums, 7	true	40
albums	cinematic-cosmic-epics	Cinematic Cosmic Epics	c5f1d8b4-1e92-4d0f-9936-e632bd0922de	म्यूअर क़िला-धुआं	gurukul	Other / Misc	Hindi	Epic Bollywood patriotic ballad, heroic male vocals, orchestral with dhol and sh	true	20
albums	cinematic-cosmic-epics	Cinematic Cosmic Epics	4d3c3d6c-edc8-4836-af39-6100059283e0	प्रताप का तान	sanaatana-vaigyaniq	Classical & Raag	Hindi	Hindustani classical raga Bilawal, male heroic vocal, dhol shehnai, war drums, 7	true	40
albums	cinematic-cosmic-epics	Cinematic Cosmic Epics	091ab81d-180d-4521-8005-1d08377b3f14	साँस का पहरा	ameerpur	Love & Virah	Hindi	Cinematic Modern Ghazal, Dark Ambient, Ethereal Baritone Male Vocals, Deep Cello	true	14
albums	cinematic-cosmic-epics	Cinematic Cosmic Epics	4cccdb69-4cb8-41f3-91bc-bac82f3583af	WhatsApp Image 2025-06-17 at 20.41.57 (Remastered)	gurukul	Other / Misc	English	A dark and atmospheric Hindi indie-folk track with a haunting, cinematic quality	true	26
albums	cinematic-cosmic-epics	Cinematic Cosmic Epics	67e8aee2-9b5a-47cc-88a6-741643a45909	पिंकी थाली	ameerpur	Haryanvi Folk	Haryanvi	[Genre: Cinematic Horror × Rajasthani Folk × Dark Disco × Haryanvi Vampire Weste	true	63
albums	cinematic-cosmic-epics	Cinematic Cosmic Epics	8f0c2cf6-a3ee-488c-a85c-95779c10cd5c	पिंकी का थाली	ameerpur	Haryanvi Folk	Haryanvi	[Genre: Cinematic Horror × Rajasthani Folk × Dark Disco × Haryanvi Vampire Weste	true	85
albums	cinematic-cosmic-epics	Cinematic Cosmic Epics	c8598710-c924-4b3c-8e32-0a1fded87efb	Din Mein Sarpanch	kabir-clubbing	Rap & Fusion	English	Dark cinematic Indian folk trap song with female vocals.  Theme: A powerful Hary	true	8
albums	cinematic-cosmic-epics	Cinematic Cosmic Epics	f3c2518c-d6a6-4235-8da6-208eae4ee71a	“Roach Sirens”	kabir-clubbing	Rap & Fusion	English	[Style: Opera + Hyper-rap + Trap Metal + Cinematic Orchestra, aggressive male te	true	40
albums	cinematic-cosmic-epics	Cinematic Cosmic Epics	f4537e0d-1ee4-43aa-886c-096606a8877f	Animatrix Loading (Remastered)	kabir-clubbing	Rap & Fusion	English	Dark Drift Phonk, Afrobeat percussion, Cyber-Sufi, Cinematic Space Atmosphere, H	true	50
albums	cinematic-cosmic-epics	Cinematic Cosmic Epics	1b6225a2-fb64-49aa-94db-802efe864623	Duduk Cello Oath	kabir-clubbing	Rap & Fusion	English	Cinematic World-Sufi Fusion, Avant-garde Qawwali, Mournful Armenian Duduk Intro,	true	25
albums	cinematic-cosmic-epics	Cinematic Cosmic Epics	3e849ef6-8f9e-467f-b6cd-23ece1febccc	Animatrix Loading	kabir-clubbing	Rap & Fusion	English	Dark Drift Phonk, Afrobeat percussion, Cyber-Sufi, Cinematic Space Atmosphere, H	true	50
albums	cinematic-cosmic-epics	Cinematic Cosmic Epics	eb94acbb-29cd-4d8f-8cfd-bc1845d25b66	Animatrix Loading	kabir-clubbing	Rap & Fusion	English	Dark Drift Phonk, Afrobeat percussion, Cyber-Sufi, Cinematic Space Atmosphere, H	true	50
albums	cinematic-cosmic-epics	Cinematic Cosmic Epics	3580b58a-f911-4e7a-a531-b00a0b28b285	Sanatan Data	sanaatana-vaigyaniq	Sanatan & Vedic	English	Dark Drift Phonk, Afrobeat percussion, Cyber-Sufi, Cinematic Space Atmosphere, H	true	42
albums	cinematic-cosmic-epics	Cinematic Cosmic Epics	2020dea5-b656-40ad-afab-e188b5b87eb4	Earth Station Static	kabir-clubbing	Rap & Fusion	English	Dark Drift Phonk, Afrobeat percussion, Cyber-Sufi, Cinematic Space Atmosphere, H	true	25
albums	cinematic-cosmic-epics	Cinematic Cosmic Epics	2f8b76a0-2fea-4f3f-9f7f-09611a2f27d7	माटी घट-विक्री	kabir-clubbing	Bhakti & Katha	Hindi	[Artist: P.H.K.D. (Pure Honest Kabir Driven) Genre: Spiritual Phonk / Cinematic	true	34
albums	cinematic-cosmic-epics	Cinematic Cosmic Epics	e7929024-f570-473c-9c81-bd82372023c1	कबीरा नमक मंडी	kabir-clubbing	Bhakti & Katha	Hindi	[Artist: P.H.K.D. (Pure Honest Kabir Driven) Genre: Spiritual Phonk / Cinematic	true	34
albums	cinematic-cosmic-epics	Cinematic Cosmic Epics	cd4e2b2c-3363-4c01-81bd-4482ad356954	कबीरा नमक मंडी	kabir-clubbing	Bhakti & Katha	Hindi	[Artist: P.H.K.D. (Pure Honest Kabir Driven) Genre: Spiritual Phonk / Cinematic	true	34
albums	cinematic-cosmic-epics	Cinematic Cosmic Epics	a8db0e7b-ca71-4345-9952-aebc3c4d9c7d	शून्य शंख-पैड	sanaatana-vaigyaniq	Sanatan & Vedic	Sanskrit	Atmospheric Afro-Zen x Deep Minimalism. 110 BPM.  Texture: आवाज़ों के बजाय 'Space	true	28
albums	cinematic-cosmic-epics	Cinematic Cosmic Epics	80022ecf-60fd-434c-9110-3782fd30a128	P.H.K.D. Shatter	gurukul	Other / Misc	English	Industrial Afro-Drill with a "Boss-Level" Cinematic Intro. 110 BPM. Vibe: Defian	true	37
albums	cinematic-cosmic-epics	Cinematic Cosmic Epics	be8830ac-7a68-434c-b532-0d602396c088	शून्य-लय पंडित	sanaatana-vaigyaniq	Sanatan & Vedic	Sanskrit	Cinematic Afro-Drill x Vedic Industrial. 110 BPM. Vocal: Deep, commanding barito	true	32
albums	cinematic-cosmic-epics	Cinematic Cosmic Epics	c0070cfc-f61e-4c18-9854-d401c1d1ccc9	लम्स-ए-हवा रोया	gurukul	Other / Misc	Hindi	Haunting Female Vocals, Soprano textures, Cinematic Urdu Drill, 140 BPM, Melodic	true	28
albums	cinematic-cosmic-epics	Cinematic Cosmic Epics	18f8e3e2-f827-4ebf-8bd3-61acd858385d	سर्द جھونکے سایہ	gurukul	Other / Misc	Hindi	Dark Cinematic Urdu Drill, Emotional Atmospheric Intro, 140 BPM, Heavy Sliding 8	true	28
albums	cinematic-cosmic-epics	Cinematic Cosmic Epics	1e4e9b8a-2308-4cca-aa41-81c3c0d6b743	سर्द جھونکے سایہ	gurukul	Other / Misc	Hindi	Dark Cinematic Urdu Drill, Emotional Atmospheric Intro, 140 BPM, Heavy Sliding 8	true	28
albums	cinematic-cosmic-epics	Cinematic Cosmic Epics	68117724-c78f-4788-b723-577b30f31f69	लम्स-ए-हवा साया	gurukul	Other / Misc	Hindi	Cinematic Hip-Hop, Dark Drill, 140 BPM, Deep Sub-bass, Atmospheric Wind SFX Intr	true	19
albums	cinematic-cosmic-epics	Cinematic Cosmic Epics	4b0c2c01-f4bd-4229-85d2-c39b1e719b8a	झोंका हवा	gurukul	Other / Misc	Hindi	Cinematic Hip-Hop, Dark Drill, 140 BPM, Deep Sub-bass, Atmospheric Wind SFX Intr	true	17
albums	cinematic-cosmic-epics	Cinematic Cosmic Epics	d2d8b4cd-bbfb-47c4-a65f-d009691f616a	झोंका हवा	gurukul	Other / Misc	Hindi	Cinematic Hip-Hop, Dark Drill, 140 BPM, Deep Sub-bass, Atmospheric Wind SFX Intr	true	17
albums	cinematic-cosmic-epics	Cinematic Cosmic Epics	55c3b42c-b321-4d8e-982f-b33f33fd17a4	झोंका सच	gurukul	Other / Misc	Hindi	Cinematic Hip-Hop, Dark Drill, 140 BPM, Deep Sub-bass, Atmospheric Wind SFX Intr	true	17
albums	cinematic-cosmic-epics	Cinematic Cosmic Epics	c6626624-b9b4-4338-9550-008f9f82502f	दादा चेन टोरी	sanaatana-vaigyaniq	Sanatan & Vedic	Sanskrit	Cinematic Dark Vedic-Trap, 90 BPM Hypnotic Shamanic Pulse, Multi-vocal arrangeme	true	25
albums	cinematic-cosmic-epics	Cinematic Cosmic Epics	4d6f705f-a026-4060-a32f-77594f87a633	Log Kahte Hain	gurukul	Other / Misc	English	Meditative Sufi Qawwali, 432Hz deep drone, Cinematic Ambient, Ethereal Armenian	true	48
albums	cinematic-cosmic-epics	Cinematic Cosmic Epics	781c9290-2241-4ea8-8ca4-c206d5ee558a	Iltija Jor-Aazmaish	kabir-clubbing	Rap & Fusion	English	Style: world fusion, spiritual awakening, slow sufi ghazal, cinematic ambient, n	true	41
albums	cinematic-cosmic-epics	Cinematic Cosmic Epics	ffeaefee-fcca-45f2-afcf-27c219f71bff	लॉट-जीरो-वन	kabir-clubbing	Rap & Fusion	Hindi	Style/Genre: Haryanvi Folk-Drill, Industrial Qawwali Fusion, Cinematic Dark Synt	true	24
albums	cinematic-cosmic-epics	Cinematic Cosmic Epics	1b4b29a3-0bc4-40d8-a882-8dec76cfbcac	Lot 001 Tanpura Snap	kabir-clubbing	Rap & Fusion	English	Style/Genre: Haryanvi Folk-Drill, Industrial Qawwali Fusion, Cinematic Dark Synt	true	24
albums	cinematic-cosmic-epics	Cinematic Cosmic Epics	a13887b3-fd6f-4171-a02c-199d56c390fa	Toota Ghada	sanaatana-vaigyaniq	Classical & Raag	English	World music fusion, cinematic spiritual folk, Indian classical meets Celtic and	true	16
albums	cinematic-cosmic-epics	Cinematic Cosmic Epics	1c19af11-e727-40ce-ab1f-10a6cc04b68e	(untitled)	sanaatana-vaigyaniq	Sanatan & Vedic	English	[Intro: Atmospheric Flute and Cosmic Pads] [Verse: Soulful Indian Male Vocals, D	true	26
albums	cinematic-cosmic-epics	Cinematic Cosmic Epics	ac50152c-f82a-4333-bef4-0b7a404e8399	(untitled)	kabir-clubbing	Rap & Fusion	English	"A dark, gothic Cinematic Opera fusion. Dramatic Orchestral score with soaring v	true	39
albums	cinematic-cosmic-epics	Cinematic Cosmic Epics	4c9c262d-a876-4406-8e42-79d64f585366	WhatsApp Image 2025-06-17 at 20.41.57	gurukul	Other / Misc	English	A dark and atmospheric Hindi indie-folk track with a haunting, cinematic quality	true	26
albums	cinematic-cosmic-epics	Cinematic Cosmic Epics	acf72279-b350-4e2d-8241-7c4de927afb4	(untitled)	sanaatana-vaigyaniq	Classical & Raag	English	"A haunting, cinematic Avant-Garde Folk-Fusion based on Raag Todi. 100% Human-ge	true	26
albums	cinematic-cosmic-epics	Cinematic Cosmic Epics	e0e9d663-7d49-4351-aa8e-639120657766	(untitled)	sanaatana-vaigyaniq	Classical & Raag	English	"A soulful and cinematic Global-Folk fusion farewell song based on Raag Pilu. >	true	21
albums	cinematic-cosmic-epics	Cinematic Cosmic Epics	e18525dd-f972-4860-9008-b147a0576764	(untitled)	kabir-clubbing	Rap & Fusion	English	"A high-octane Psytrance and Haryanvi Folk Fusion anthem. Tempo: 145 BPM. Vocals	true	56
albums	cinematic-cosmic-epics	Cinematic Cosmic Epics	2705713e-7211-41ce-8805-62d72c7038f2	(untitled)	gurukul	Other / Misc	English	🎤 QUANTUM ANTHEM (HUMAN SOUND VERSION)	true	130
albums	cinematic-cosmic-epics	Cinematic Cosmic Epics	71c2f8e7-6626-4dc8-b873-971485c0725f	(untitled)	gurukul	Other / Misc	English	🎤 QUANTUM ANTHEM (HUMAN SOUND VERSION) (90 BPM | Body Percussion + Breath + Voic	true	88
albums	cinematic-cosmic-epics	Cinematic Cosmic Epics	57f63a2a-a5cc-4eca-b189-530e667d6c1d	(untitled)	sanaatana-vaigyaniq	Classical & Raag	English	Epic spiritual hip-hop + Indian classical fusion, deep bass, tanpura drone, conc	true	86
albums	cinematic-cosmic-epics	Cinematic Cosmic Epics	d6015bf7-056c-43bb-b3a7-c42012ac30b6	(untitled)	gurukul	Other / Misc	English	Binaural cinematic spoken word, dual voices (female energetic left, male calm ri	true	60
albums	cinematic-cosmic-epics	Cinematic Cosmic Epics	b632670a-92f5-44aa-862f-4a03120bd6e3	(untitled)	kabir-clubbing	Rap & Fusion	English	Global cinematic spoken word, deep Indian philosophical poetry, fusion of world	true	89
albums	cinematic-cosmic-epics	Cinematic Cosmic Epics	1ec4ae2f-b4ab-441b-8234-f5fcca48b606	(untitled)	kabir-clubbing	Rap & Fusion	English	Global cinematic spoken word, deep Indian philosophical poetry, fusion of world	true	95
albums	cinematic-cosmic-epics	Cinematic Cosmic Epics	713998e8-14d5-4633-b01a-3fb4275561f9	(untitled)	sanaatana-vaigyaniq	Classical & Raag	English	Deep cinematic spoken word, Indian classical fusion, ambient drone, slow heartbe	true	116
albums	cinematic-cosmic-epics	Cinematic Cosmic Epics	8b68b69c-b07f-43f8-ac20-ed65fbc03fc7	(untitled)	kabir-clubbing	Rap & Fusion	English	Global cinematic spoken word, deep Indian philosophical poetry, fusion of world	true	95
albums	cinematic-cosmic-epics	Cinematic Cosmic Epics	e5e11b4f-d05d-444f-9b0e-5b91e5e70206	kush..mana..da	kabir-clubbing	Bhakti & Katha	English	[Style: Rajasthani Folk + Bhakti Rap + Ambient Cinematic]  [Tempo: 88 BPM] [Scal	true	43
albums	cinematic-cosmic-epics	Cinematic Cosmic Epics	4c9ffaea-c955-4c6e-b22b-974c6fbe1284	kush..mana..da	sanaatana-vaigyaniq	Sanatan & Vedic	English	Cinematic Vedic Psy-Trap, 145 BPM, Heavy pulsating 808 Sub-bass, Fast-paced Trib	true	34
albums	cinematic-cosmic-epics	Cinematic Cosmic Epics	17cea20d-3770-4288-aeac-d5d0a9677a3f	kush..mana..da	sanaatana-vaigyaniq	Sanatan & Vedic	English	Cinematic Vedic Psy-Trap, 145 BPM, Heavy pulsating 808 Sub-bass, Fast-paced Trib	true	34
albums	cinematic-cosmic-epics	Cinematic Cosmic Epics	0366db7b-3209-4ccf-af83-12fda3311c23	kush..mana..da	sanaatana-vaigyaniq	Sanatan & Vedic	English	Cinematic Vedic Psy-Trap, 145 BPM, Heavy pulsating 808 Sub-bass, Fast-paced Trib	true	34
albums	cinematic-cosmic-epics	Cinematic Cosmic Epics	bea936de-88c1-4d19-9f9a-04973bec0cc0	kush..mana..da	sanaatana-vaigyaniq	Sanatan & Vedic	English	Cinematic Vedic-Trap, Heavy 808 Bass, 140 BPM, Aggressive Haryanvi Ragni Rap flo	true	34
albums	cinematic-cosmic-epics	Cinematic Cosmic Epics	87176aad-96cb-487c-b065-7faa93e5d442	kush..mana..da	sanaatana-vaigyaniq	Sanatan & Vedic	English	Cinematic Vedic-Trap, Heavy 808 Bass, 140 BPM, Aggressive Haryanvi Ragni Rap flo	true	34
albums	cinematic-cosmic-epics	Cinematic Cosmic Epics	01b47c28-4773-42d5-b158-8a73c0cc9248	kush..mana..da	sanaatana-vaigyaniq	Sanatan & Vedic	English	Cinematic Vedic Trap, Massive 808 Bass, 140 BPM, Deep Atmospheric Reverb, Ancien	true	42
albums	cinematic-cosmic-epics	Cinematic Cosmic Epics	92c993d5-8cd1-48c2-a8fb-5c04053f9dcd	O.I.riginal.nteligence	gurukul	Other / Misc	English	[Add metallic bell sounds rhythmic] Use strong percussion (dhol + war drums) Fem	true	65
albums	cinematic-cosmic-epics	Cinematic Cosmic Epics	092cd586-b79b-465f-b06c-972aa38bd494	neural jogi	sanaatana-vaigyaniq	Sanatan & Vedic	English	Haryanvi Ragni-Trap Fusion, Psytrance, 432Hz Tuning, Cinematic Vedic Bass, Aggre	true	82
albums	cinematic-cosmic-epics	Cinematic Cosmic Epics	c2ff4d29-bde8-449a-847e-9dcdc78e4a69	neural jogi	sanaatana-vaigyaniq	Sanatan & Vedic	English	Haryanvi Ragni-Trap Fusion, Psytrance, 432Hz Tuning, Cinematic Vedic Bass, Aggre	true	66
albums	cinematic-cosmic-epics	Cinematic Cosmic Epics	ccb6b23a-62e2-44e4-b1f4-94283dd7bdfc	neural jogi	sanaatana-vaigyaniq	Sanatan & Vedic	English	Haryanvi Ragni-Trap Fusion, Psytrance, 432Hz Tuning, Cinematic Vedic Bass, Aggre	true	23
albums	cinematic-cosmic-epics	Cinematic Cosmic Epics	26ae8b47-2aa1-4fc3-9a27-bfc906169f67	chhor de	sanaatana-vaigyaniq	Classical & Raag	English	Cinematic Global Fusion, Haryanvi Folk-Opera, Raag Shivranjani & Marwa base, 60	true	26
albums	cinematic-cosmic-epics	Cinematic Cosmic Epics	48d4c16c-f0af-4e47-8834-ce416cc8312e	chhor de	sanaatana-vaigyaniq	Classical & Raag	English	Cinematic Global Fusion, Haryanvi Folk-Opera, Raag Shivranjani & Marwa base, 60	true	27
albums	cinematic-cosmic-epics	Cinematic Cosmic Epics	dab64572-477f-4561-ae33-43b27a37fb2a	(untitled)	kabir-clubbing	Rap & Fusion	English	High-energy Haryanvi Trap-Folk Fusion, Heavy 808 Bass, Cinematic Sound Design, T	true	33
albums	cinematic-cosmic-epics	Cinematic Cosmic Epics	b4eb0ad2-7b9a-47a7-9dbb-243f6869fd07	(untitled)	kabir-clubbing	Rap & Fusion	English	Style Descriptor: > Epic Ancient-Futuristic Fusion, Haryanvi Ragni meets Dravidi	true	18
albums	cinematic-cosmic-epics	Cinematic Cosmic Epics	164acf5c-2f05-4aa5-a11e-e8726aa075c1	(untitled)	kabir-clubbing	Rap & Fusion	English	"Epic Cinematic-Carnatic Fusion. Hybrid of Ancient Mesopotamian Lyre and heavy S	true	31
albums	cinematic-cosmic-epics	Cinematic Cosmic Epics	1795fde2-4568-429d-86af-bfc929504dc6	(untitled)	sanaatana-vaigyaniq	Sanatan & Vedic	English	Genre: Vedic-Ambient, Cinematic Folk, Cyber-Tribal, Ethno-Industrial.  Mood: Sac	true	38
albums	cinematic-cosmic-epics	Cinematic Cosmic Epics	ac3d350b-35f3-42d9-b74c-c30e8c71d677	(untitled)	sanaatana-vaigyaniq	Classical & Raag	English	Style: Indian Devotional Bhakti, Raag Yaman, slow tempo (60–65 BPM), cinematic s	true	49
albums	cinematic-cosmic-epics	Cinematic Cosmic Epics	c694a74a-44a2-4a34-aee4-ffc260690881	(untitled)	ameerpur	Haryanvi Folk	Haryanvi	Style: Haryanvi Folk Ragni, Jogi Spiritual Anthem, Human Voice Driven, Minimal	true	89
albums	cinematic-cosmic-epics	Cinematic Cosmic Epics	ddf3ca17-816c-47e8-b49c-a5834334e64b	(untitled)	ameerpur	Haryanvi Folk	Haryanvi	Style: Haryanvi Folk Ragni, Jogi Spiritual Crow Anthem, Human Voice Driven, Fig	true	89
albums	cinematic-cosmic-epics	Cinematic Cosmic Epics	ada50c4b-3ce4-475c-b27e-f2536d77da49	(untitled)	ameerpur	Haryanvi Folk	Haryanvi	Style: Haryanvi Folk Ragni, Jogi Spiritual Anthem, Human Voice Driven, Minimal	true	89
albums	cinematic-cosmic-epics	Cinematic Cosmic Epics	fddbba2f-61ec-4d72-ad3f-69baba354abb	(untitled)	ameerpur	Haryanvi Folk	Haryanvi	Style: Haryanvi Folk Ragni, Jogi Spiritual Anthem, Human Voice Driven, Minimal	true	95
albums	cinematic-cosmic-epics	Cinematic Cosmic Epics	65fd8ecc-a24d-4af1-a21d-db7e5e5107e6	(untitled)	ameerpur	Haryanvi Folk	Haryanvi	Style: Haryanvi Folk Ragni, Jogi Spiritual Anthem, Human Voice Driven, Minimal F	true	100
albums	cinematic-cosmic-epics	Cinematic Cosmic Epics	4dd54537-f0dc-4226-b83f-32edeb629a35	(untitled)	ameerpur	Haryanvi Folk	Haryanvi	Style: Haryanvi Folk Ragni, Jogi Spiritual Anthem, Human Voice Driven, Minimal F	true	87
albums	cinematic-cosmic-epics	Cinematic Cosmic Epics	e97cc568-6578-4bba-a1c3-0580783e1d53	(untitled)	sanaatana-vaigyaniq	Sanatan & Vedic	English	Genre:  Vedic Cosmic Rap  Nautanki folk + Hip-hop  Cinematic mythological rap  I	true	211
albums	cinematic-cosmic-epics	Cinematic Cosmic Epics	24b25363-caab-410d-a1a7-a36f5df70481	(untitled)	sanaatana-vaigyaniq	Sanatan & Vedic	English	Genre:  Vedic Cosmic Rap  Nautanki folk + Hip-hop  Cinematic mythological rap  I	true	200
albums	cinematic-cosmic-epics	Cinematic Cosmic Epics	4e8ab515-7696-4a5d-ada8-911355a71d61	(untitled)	sanaatana-vaigyaniq	Sanatan & Vedic	English	Genre:  Vedic Cosmic Rap  Nautanki folk + Hip-hop  Cinematic mythological rap  I	true	180
albums	cinematic-cosmic-epics	Cinematic Cosmic Epics	7b8aaf45-66a4-4e30-acdd-38c437907a8e	(untitled)	sanaatana-vaigyaniq	Sanatan & Vedic	English	Genre:  Vedic Cosmic Rap  Nautanki folk + Hip-hop  Cinematic mythological rap  I	true	155
albums	cinematic-cosmic-epics	Cinematic Cosmic Epics	b8e5aa64-0398-4c26-9ef9-aa516d2421c3	(untitled)	sanaatana-vaigyaniq	Sanatan & Vedic	English	Genre:  Vedic Cosmic Rap  Nautanki folk + Hip-hop  Cinematic mythological rap  I	true	108
albums	cinematic-cosmic-epics	Cinematic Cosmic Epics	7279327a-abd6-4b19-8bd9-41db02769c97	(untitled)	sanaatana-vaigyaniq	Sanatan & Vedic	English	Genre:  Vedic Cosmic Rap  Nautanki folk + Hip-hop  Cinematic mythological rap  I	true	112
albums	cinematic-cosmic-epics	Cinematic Cosmic Epics	05a9ac20-ffc7-4810-a9e2-21d2c683b06a	(untitled)	sanaatana-vaigyaniq	Sanatan & Vedic	English	Genre:  Vedic Cosmic Rap  Nautanki folk + Hip-hop  Cinematic mythological rap  I	true	106
albums	cinematic-cosmic-epics	Cinematic Cosmic Epics	72b69742-5e35-4af0-876c-03f7ff259f69	(untitled)	sanaatana-vaigyaniq	Sanatan & Vedic	English	Genre:  Vedic Cosmic Rap  Nautanki folk + Hip-hop  Cinematic mythological rap  I	true	93
albums	cinematic-cosmic-epics	Cinematic Cosmic Epics	f932d3fb-72e6-41c0-8754-38bfa4f5417c	(untitled)	sanaatana-vaigyaniq	Sanatan & Vedic	English	Genre:  Vedic Cosmic Rap  Nautanki folk + Hip-hop  Cinematic mythological rap  I	true	87
albums	cinematic-cosmic-epics	Cinematic Cosmic Epics	aed9aa06-9e15-4413-b39f-b80a8913035e	(untitled)	sanaatana-vaigyaniq	Sanatan & Vedic	English	Vedantic cosmic Indian folk theatre song, female mystical lead voice, male drama	true	54
albums	cinematic-cosmic-epics	Cinematic Cosmic Epics	87f41c73-b4cc-49e0-8e94-2058edd285bf	ॐ	sanaatana-vaigyaniq	Sanatan & Vedic	Sanskrit	Cinematic Vedic Neural-Raaga Fusion, 432Hz Sacred Tuning. Devine Tribal-Rock, Ag	true	74
albums	cinematic-cosmic-epics	Cinematic Cosmic Epics	42fb0963-ee69-497e-9b18-e76247c23bce	ॐ	sanaatana-vaigyaniq	Sanatan & Vedic	Sanskrit	Cinematic Vedic Neural-Raaga Fusion, 432Hz Sacred Tuning. Devine Tribal-Rock, Ag	true	62
albums	cinematic-cosmic-epics	Cinematic Cosmic Epics	f74b3b54-2435-4d24-ab58-9acb3d5c29f0	(untitled)	sanaatana-vaigyaniq	Sanatan & Vedic	English	Cinematic Vedic Neural-Raaga Fusion, 432Hz Sacred Tuning. Industrial Tribal-Rock	true	35
albums	cinematic-cosmic-epics	Cinematic Cosmic Epics	9302edde-499a-40a3-b22e-3ccfadaf169c	(untitled)	sanaatana-vaigyaniq	Classical & Raag	English	Cinematic Neural-Raaga Fusion, 432Hz Sacred Tuning. Industrial Tribal-Rock, Aggr	true	20
albums	cinematic-cosmic-epics	Cinematic Cosmic Epics	07c7426b-552d-49a1-bc86-7613ded094bc	(untitled)	sanaatana-vaigyaniq	Sanatan & Vedic	English	Cinematic Vedic-Blues Fusion, Aggressive ग्लोबल   Folk, Deep Guttural Aghori Cha	true	89
albums	cinematic-cosmic-epics	Cinematic Cosmic Epics	faf8624e-52ff-41ac-a98c-562728ffac2d	(untitled)	sanaatana-vaigyaniq	Sanatan & Vedic	English	Cinematic Vedic-Blues Fusion, Aggressive भोजपुरी  Folk-Rock, Deep Guttural Aghor	true	157
albums	cinematic-cosmic-epics	Cinematic Cosmic Epics	359fe041-9682-478b-8b22-2025ce5af3c8	(untitled)	sanaatana-vaigyaniq	Sanatan & Vedic	English	Cinematic Vedic-Blues Fusion, Aggressive Haryanvi Folk-Rock, Deep Guttural Aghor	true	178
albums	cinematic-cosmic-epics	Cinematic Cosmic Epics	aaca4dcb-a21a-4e20-9585-e2827cb88d9a	(untitled)	sanaatana-vaigyaniq	Sanatan & Vedic	English	Cinematic Vedic-Blues Fusion, Aggressive Haryanvi Folk-Rock, Deep Guttural Aghor	true	22
albums	cinematic-cosmic-epics	Cinematic Cosmic Epics	0902ef6d-8f19-458b-b932-855765d1dcd1	(untitled)	sanaatana-vaigyaniq	Sanatan & Vedic	English	Haryanvi folk ragni, Sufi qawwali, cinematic anthem, Vedic chant, epic choir, sp	true	177
albums	cinematic-cosmic-epics	Cinematic Cosmic Epics	ff00e623-ff9b-4092-8866-9a775e6de626	(untitled)	sanaatana-vaigyaniq	Sanatan & Vedic	English	Haryanvi folk ragni, Sufi qawwali, cinematic anthem, Vedic chant, epic choir, sp	true	177
albums	cinematic-cosmic-epics	Cinematic Cosmic Epics	e4e6e3b0-e45c-4464-933f-ec6a37a9fc1a	(untitled)	sanaatana-vaigyaniq	Sanatan & Vedic	English	Funky हरियाणवी folk duet about lovers discovering cosmic love and body-mind harm	true	26
albums	cinematic-cosmic-epics	Cinematic Cosmic Epics	6a9729a2-bfde-48a5-bc3a-95d1de82ccbd	(untitled)	sanaatana-vaigyaniq	Sanatan & Vedic	English	Funky हरियाणवी folk duet about lovers discovering cosmic love and body-mind harm	true	26
albums	cinematic-cosmic-epics	Cinematic Cosmic Epics	3a30e4a6-c5b1-4cf9-bdda-324b95054db1	(untitled)	sanaatana-vaigyaniq	Sanatan & Vedic	English	Funky folk duet about lovers discovering cosmic love and body-mind harmony. Use	true	26
albums	cinematic-cosmic-epics	Cinematic Cosmic Epics	e5e5c4ed-7013-4378-8baf-ec76665ed5ea	(untitled)	sanaatana-vaigyaniq	Sanatan & Vedic	English	Funky folk duet about lovers discovering cosmic love and body-mind harmony. Use	true	26
albums	cinematic-cosmic-epics	Cinematic Cosmic Epics	ceb76bb6-5502-4d7e-8c67-0273d1e4404c	(untitled)	sanaatana-vaigyaniq	Sanatan & Vedic	English	Funky folk duet about lovers discovering cosmic love and body-mind harmony. Use	true	27
albums	cinematic-cosmic-epics	Cinematic Cosmic Epics	7e5a3f73-64be-400c-bb83-e8e555d1f02c	(untitled)	gurukul	Other / Misc	English	create a cinematic bollywoodstyle patriotic anthem sung from the perspective of	true	62
albums	cinematic-cosmic-epics	Cinematic Cosmic Epics	46605d07-d37f-48d9-bd6d-18f37e1a89ec	(untitled)	gurukul	Other / Misc	English	create a cinematic bollywoodstyle patriotic song from the perspective of a proud	true	62
albums	cinematic-cosmic-epics	Cinematic Cosmic Epics	8ea9fe01-f585-4b67-a33d-2d2079ccada8	(untitled)	gurukul	Other / Misc	English	create a cinematic bollywoodstyle patriotic song from the perspective of a proud	true	62
albums	cinematic-cosmic-epics	Cinematic Cosmic Epics	5c4baafd-66b3-4cf6-9215-1f0f94ab8a58	(untitled)	gurukul	Other / Misc	English	Epic Indian patriotic cinematic war anthem about a brave soldier and a mother’s	true	48
albums	cinematic-cosmic-epics	Cinematic Cosmic Epics	73bf25b9-85ef-4617-b2e5-a0e356092784	(untitled)	gurukul	Other / Misc	English	Epic Indian patriotic cinematic war anthem about a brave soldier and a mother’s	true	37
albums	cinematic-cosmic-epics	Cinematic Cosmic Epics	e3fd30cb-9358-4914-9195-11c40c5b76b7	(untitled)	gurukul	Other / Misc	English	Epic Indian patriotic cinematic war anthem about a brave soldier and a mother’s	true	37
albums	cinematic-cosmic-epics	Cinematic Cosmic Epics	547974ac-4935-4d3a-bec3-2e19bd96ed49	(untitled)	gurukul	Other / Misc	English	"A cinematic, emotional scene in a rustic Indian village. A brave mother with a	true	38
albums	cinematic-cosmic-epics	Cinematic Cosmic Epics	f770f15f-5b74-4116-991f-95e607edeadf	(untitled)	sanaatana-vaigyaniq	Sanatan & Vedic	English	Cosmic Earth Anthem.  Genre: Indian folk + cinematic orchestral + Vedic chant +	true	48
albums	cinematic-cosmic-epics	Cinematic Cosmic Epics	d179411b-b485-440d-ac8b-79a778b6b189	(untitled)	gurukul	Other / Misc	English	Epic Earth Mother Anthem.  Style: Indian folk + cinematic orchestral + stadium c	true	41
albums	cinematic-cosmic-epics	Cinematic Cosmic Epics	78a88e07-df27-4c02-b739-c36f5768ab2a	Universal Vedic Cosmic Connect	sanaatana-vaigyaniq	Sanatan & Vedic	English	Epic cinematic hip-hop track called “Cosmic Egg Civilization Rap”. Tempo around	true	91
albums	cinematic-cosmic-epics	Cinematic Cosmic Epics	996a9054-d146-4a5e-adc4-d15be4f5b9d1	(untitled)	sanaatana-vaigyaniq	Sanatan & Vedic	English	Epic cinematic hip-hop track called “Cosmic Egg Civilization Rap”. Tempo around	true	60
albums	cinematic-cosmic-epics	Cinematic Cosmic Epics	aec7dc35-1ec0-44a4-bb7d-f79a1e7686ce	(untitled)	sanaatana-vaigyaniq	Sanatan & Vedic	English	Epic Vedic rap, Rigvedic chant intro, deep trap beat, mridangam and shankh accen	true	89
albums	cinematic-cosmic-epics	Cinematic Cosmic Epics	0ef3ebdb-02ca-487a-9448-4fa7858cc0ce	(untitled)	sanaatana-vaigyaniq	Sanatan & Vedic	English	Epic Vedic rap, Rigvedic chanting intro, powerful hip-hop trap beat, Indian clas	true	89
albums	cinematic-cosmic-epics	Cinematic Cosmic Epics	ffdf9645-e582-468d-af7f-75613fbbb25b	(untitled)	sanaatana-vaigyaniq	Sanatan & Vedic	English	Epic Vedic rap, Rigvedic chanting intro, powerful hip-hop trap beat, Indian clas	true	89
albums	cinematic-cosmic-epics	Cinematic Cosmic Epics	6d654c1f-fbca-4c85-ad3c-5033c566c156	(untitled)	sanaatana-vaigyaniq	Sanatan & Vedic	English	Epic Vedic rap, Rigvedic chanting intro, powerful hip-hop trap beat, Indian clas	true	89
albums	cinematic-cosmic-epics	Cinematic Cosmic Epics	0ea61384-e105-4758-9481-a5ebd3204d19	(untitled)	kabir-clubbing	Rap & Fusion	English	title Pop, Indie Pop tapasya  upanishadic epic rap  prompt  cinematic spiritual	true	79
albums	cinematic-cosmic-epics	Cinematic Cosmic Epics	ab212f3f-c109-44ae-9b52-d915ac62f436	(untitled)	sanaatana-vaigyaniq	Sanatan & Vedic	English	Epic Vedic Hip-Hop stadium anthem, powerful Hindi rap, deep cinematic bass, trap	true	47
albums	cinematic-cosmic-epics	Cinematic Cosmic Epics	cd0bf69c-c712-497a-a324-4f5ca98fe911	(untitled)	sanaatana-vaigyaniq	Sanatan & Vedic	English	Upanishadic Epic Rap, cinematic Vedic hip-hop, deep bass, powerful taiko drums,	true	43
albums	cinematic-cosmic-epics	Cinematic Cosmic Epics	3c9729ee-8720-460f-8d5a-b37b5b52d274	(untitled)	kabir-clubbing	Rap & Fusion	English	Epic Upanishadic rap about Dhruva from Bhagavata Purana. Deep cinematic bass, ba	true	85
albums	cinematic-cosmic-epics	Cinematic Cosmic Epics	44d6eaee-1e67-4eaf-af1a-1b53349e55f1	(untitled)	sanaatana-vaigyaniq	Sanatan & Vedic	English	dark cinematic vedic rap deep bass slow trap drums haunting flute throat singing	true	124
albums	cinematic-cosmic-epics	Cinematic Cosmic Epics	8782ebf1-5a4b-45ff-9243-bef558d424fc	(untitled)	gurukul	Other / Misc	English	Indian spiritual hip hop anthem, boom bap drums with dhol and khartal, sitar mel	true	84
albums	cinematic-cosmic-epics	Cinematic Cosmic Epics	0feb7548-012f-4367-8ed6-f47fba0f6ae2	(untitled)	sanaatana-vaigyaniq	Sanatan & Vedic	English	Epic divine hip-hop, heavy cinematic bass, conch shell intro, Vedic choir textur	true	70
albums	cinematic-cosmic-epics	Cinematic Cosmic Epics	8860015e-eb23-42e2-aaee-c4f0344caf19	(untitled)	sanaatana-vaigyaniq	Sanatan & Vedic	English	Epic divine hip-hop, heavy cinematic bass, conch shell intro, Vedic choir textur	true	88
albums	cinematic-cosmic-epics	Cinematic Cosmic Epics	d10508db-bd53-40ce-a03c-92f1791b1278	(untitled)	sanaatana-vaigyaniq	Sanatan & Vedic	English	Epic divine hip-hop, heavy cinematic bass, conch shell intro, Vedic choir textur	true	70
albums	cinematic-cosmic-epics	Cinematic Cosmic Epics	2f477298-ce1a-472e-b84b-8930b9c66478	(untitled)	kabir-clubbing	Rap & Fusion	English	Epic Haryanvi stadium anthem, folk + rap fusion, powerful male chorus, nagada dr	true	76
albums	cinematic-cosmic-epics	Cinematic Cosmic Epics	c76edf13-95b3-42c3-b51e-44b0d31a10dc	(untitled)	sanaatana-vaigyaniq	Sanatan & Vedic	English	Tempo: 95 BPM Cosmic Hip-Hop  Instruments:  temple bells  mridangam  ancient lyr	true	101
albums	cinematic-cosmic-epics	Cinematic Cosmic Epics	2c90ee6b-74e3-4d2e-9843-9b5fb835b297	(untitled)	sanaatana-vaigyaniq	Sanatan & Vedic	English	100-voice Vedic choir  Trap + orchestral beat  Ancient instruments (lyre, mridan	true	113
albums	cinematic-cosmic-epics	Cinematic Cosmic Epics	42598efd-76d4-4683-87c1-176aa832b4ba	(untitled)	sanaatana-vaigyaniq	Sanatan & Vedic	English	100-voice Vedic choir  Trap + orchestral beat  Ancient instruments (lyre, mridan	true	125
albums	cinematic-cosmic-epics	Cinematic Cosmic Epics	e569c9e8-b660-4a47-83ea-2a36219c3cbd	[Intro – Cosmic Awakening】	sanaatana-vaigyaniq	Sanatan & Vedic	English	Sanatan & Vedic	true	95
albums	cinematic-cosmic-epics	Cinematic Cosmic Epics	ab674c75-8585-4fd0-89ae-715906b3f772	Cosmic Awakening】	sanaatana-vaigyaniq	Sanatan & Vedic	English	Sanatan & Vedic	true	96
albums	cinematic-cosmic-epics	Cinematic Cosmic Epics	1f500bc8-f5ba-4d2c-8156-b182c9b0b46b	(untitled)	gurukul	Other / Misc	English	Style: Egyptian lullaby + cinematic awakening anthem + Sufi-orchestral folk Mood	true	98
albums	cinematic-cosmic-epics	Cinematic Cosmic Epics	7960d8d5-9742-4fb2-9329-3efae9f39d73	(untitled)	gurukul	Other / Misc	English	Style: Egyptian lullaby + cinematic awakening anthem + Sufi-orchestral folk Mood	true	92
albums	cinematic-cosmic-epics	Cinematic Cosmic Epics	92279913-e9a8-4341-a4cc-19bd11b142ec	(untitled)	gurukul	Other / Misc	English	Style: French folk + Enlightenment anthem + divine call  Instrumentation: French	true	61
albums	cinematic-cosmic-epics	Cinematic Cosmic Epics	5d4e5f42-752b-4d9c-b766-2969cd7ad903	(untitled)	gurukul	Other / Misc	English	Style: French folk + Enlightenment anthem + divine call  Instrumentation: French	true	66
albums	cinematic-cosmic-epics	Cinematic Cosmic Epics	f4ffd57d-7c3c-440f-814c-1f4307fefb61	(untitled)	sanaatana-vaigyaniq	Sanatan & Vedic	English	[Title] खोकन और पराई नाव — Cosmic Stadium Anthem  [Style] Baul Folk  + Trap Beat	true	78
albums	cinematic-cosmic-epics	Cinematic Cosmic Epics	7153c43c-d1d0-4621-8af5-edb81572ef1b	(untitled)	sanaatana-vaigyaniq	Sanatan & Vedic	English	[Title] खोकन और पराई नाव — Cosmic Stadium Anthem  [Style] Baul Folk + Stadium An	true	78
albums	cinematic-cosmic-epics	Cinematic Cosmic Epics	298d61be-50b0-46d5-b063-082b1afd7c3a	(untitled)	sanaatana-vaigyaniq	Sanatan & Vedic	English	[Title] खोकन और पराई नाव — Cosmic Stadium Anthem  [Style] Baul Folk  + Trap Beat	true	78
albums	cinematic-cosmic-epics	Cinematic Cosmic Epics	0dfca798-d9bf-41eb-ad1b-fea2ddd3e6fb	(untitled)	sanaatana-vaigyaniq	Sanatan & Vedic	English	[Title] खोकन और पराई नाव — Cosmic Stadium Anthem  [Style] Baul Folk + Stadium An	true	78
albums	cinematic-cosmic-epics	Cinematic Cosmic Epics	94ff85f6-fcbf-4004-a7df-5a2b9b6d95eb	(untitled)	sanaatana-vaigyaniq	Sanatan & Vedic	English	[Title] खोकन और पराई नाव — Cosmic Rigveda Folk Rap  [Style] Rigvedic Chant + Ben	true	79
albums	cinematic-cosmic-epics	Cinematic Cosmic Epics	a83302ba-61f6-48d3-98d6-d5f17a0e49b8	(untitled)	kabir-clubbing	Rap & Fusion	English	epic spiritual world fusion song, powerful male qawwali singer, cinematic produc	true	38
albums	cinematic-cosmic-epics	Cinematic Cosmic Epics	99753716-34be-4a43-80b6-7c8bf416bb3e	(untitled)	sanaatana-vaigyaniq	Sanatan & Vedic	English	Epic multilingual scientific rap mixing Latin chant, Siddham script mantra, Sans	true	96
albums	cinematic-cosmic-epics	Cinematic Cosmic Epics	643bbbac-2567-4efb-9f3a-50ac19ce3cd3	(untitled)	sanaatana-vaigyaniq	Sanatan & Vedic	English	Epic multilingual scientific rap mixing Latin chant, Siddham script mantra, Sans	true	70
albums	cinematic-cosmic-epics	Cinematic Cosmic Epics	5e5636bf-1737-4f24-b7f7-cef44e0f22fe	(untitled)	sanaatana-vaigyaniq	Sanatan & Vedic	English	Epic multilingual scientific rap mixing Latin chant, Siddham script mantra, Sans	true	86
albums	cinematic-cosmic-epics	Cinematic Cosmic Epics	f19142fa-b005-4281-857e-bae5435451ca	(untitled)	sanaatana-vaigyaniq	Sanatan & Vedic	English	Epic multilingual scientific rap mixing Latin chant, Sanskrit mantra, Hindi and	true	79
albums	cinematic-cosmic-epics	Cinematic Cosmic Epics	7837396f-b847-4359-b544-5774ac2f5daa	Cosmic Chant	sanaatana-vaigyaniq	Sanatan & Vedic	English	Sanatan & Vedic	true	85
albums	cinematic-cosmic-epics	Cinematic Cosmic Epics	e6510e78-0f69-43f6-9923-8163b91fc272	(untitled)	sanaatana-vaigyaniq	Sanatan & Vedic	English	Epic cosmic knowledge rap with Sanskrit mantra chanting, Siddham script visuals,	true	85
albums	cinematic-cosmic-epics	Cinematic Cosmic Epics	0e0098d4-f9c4-4d28-b3f0-20f38ba73e36	(untitled)	sanaatana-vaigyaniq	Sanatan & Vedic	English	Epic philosophical Indian rap with Sanskrit chanting intro, deep trap beat, dama	true	42
albums	cinematic-cosmic-epics	Cinematic Cosmic Epics	8637c70f-2e69-4d3c-8902-20a2dbdbf3a3	(untitled)	sanaatana-vaigyaniq	Sanatan & Vedic	English	Epic philosophical Indian rap with Sanskrit chanting intro, deep trap beat, dama	true	40
albums	cinematic-cosmic-epics	Cinematic Cosmic Epics	44e6cfbe-a991-425e-9a7a-3cfdb7ebe013	First Comes the Word	gurukul	Other / Misc	English	Epic Indian cinematic anthem, Baahubali style chorus, deep war drums, powerful m	true	68
albums	cinematic-cosmic-epics	Cinematic Cosmic Epics	b13478af-dabb-41ff-be99-296ed703b6f7	First Comes the Word	gurukul	Other / Misc	English	Epic Indian cinematic anthem, Baahubali style chorus, deep war drums, powerful m	true	74
albums	cinematic-cosmic-epics	Cinematic Cosmic Epics	f15c8e9b-271a-4e48-8fd3-77cedf717209	First Comes the Word	sanaatana-vaigyaniq	Sanatan & Vedic	English	Title: The Birth of Speech  Genre: Vedic cinematic epic, spiritual world music	true	12
albums	cinematic-cosmic-epics	Cinematic Cosmic Epics	3aee5620-6355-4e7c-8dab-c1e12f9a32dc	सन्दर्भ की परिभाषा	sanaatana-vaigyaniq	Classical & Raag	Hindi	Genre: Mystical Sanskrit Philosophy Song  Style: Indian classical + cinematic am	true	77
albums	cinematic-cosmic-epics	Cinematic Cosmic Epics	496810df-e327-42bc-bf1e-1ae6d9f62ca4	सन्दर्भ की परिभाषा	sanaatana-vaigyaniq	Classical & Raag	Hindi	Genre: Mystical Sanskrit Philosophy Song  Style: Indian classical + cinematic am	true	101
albums	cinematic-cosmic-epics	Cinematic Cosmic Epics	423f80fa-88d7-4cf4-b06d-c284d9d11d66	सन्दर्भ की परिभाषा	sanaatana-vaigyaniq	Classical & Raag	Hindi	Genre: Mystical Sanskrit Philosophy Song  Style: Indian classical + cinematic am	true	1
albums	cinematic-cosmic-epics	Cinematic Cosmic Epics	48b87be5-26d7-45e7-8598-8bcfc1de303a	ram ki gilahari	sanaatana-vaigyaniq	Sanatan & Vedic	English	Epic stadium anthem devotional song, male chorus with crowd chants, powerful dru	true	48
albums	cinematic-cosmic-epics	Cinematic Cosmic Epics	b72a5071-8cf9-4efd-9204-269cc25de272	ram ki gilahari	sanaatana-vaigyaniq	Sanatan & Vedic	English	Epic stadium anthem devotional song, male chorus with crowd chants, powerful dru	true	76
albums	cinematic-cosmic-epics	Cinematic Cosmic Epics	a02e5b7b-4082-4379-8728-b47dd277d6bc	mahadev	kabir-clubbing	Rap & Fusion	English	"Agori Folk-Rock, Cinematic Shiva Tandav, Tribal Fusion, High-energy Dhak and Da	true	44
albums	cinematic-cosmic-epics	Cinematic Cosmic Epics	a1b21d0a-772f-4abb-844b-e635fe83916d	mahadev	kabir-clubbing	Rap & Fusion	English	"Agori Folk-Rock, Cinematic Shiva Tandav, Tribal Fusion, High-energy Dhak and Da	true	44
albums	cinematic-cosmic-epics	Cinematic Cosmic Epics	a9505c01-2145-47a6-bf34-71f71a1c7798	mooshak	kabir-clubbing	Rap & Fusion	English	Indian hip hop fusion, boom bap beat, tabla percussion, tanpura drone, cinematic	true	20
albums	bhakti-katha-devotional	Bhakti Katha Devotional	86fe2a68-593c-4b20-a76a-d0f504f89943	हट हट हट होनी तू हट	kabir-clubbing	Bhakti & Katha	Hindi	Bhakti & Katha	true	34
albums	bhakti-katha-devotional	Bhakti Katha Devotional	974ae0bf-c90c-47bb-803a-18160360bc54	हट हट हट होनी तू हट	kabir-clubbing	Bhakti & Katha	Hindi	Bhakti & Katha	true	38
albums	bhakti-katha-devotional	Bhakti Katha Devotional	75291d2d-784d-46f7-8c5a-774e99eb3e3e	सिंहिका पथ दियाये केतु भागे भटका भटक	kabir-clubbing	Bhakti & Katha	Hindi	Bhakti & Katha	true	38
albums	bhakti-katha-devotional	Bhakti Katha Devotional	4ddbdc9c-240c-4e5d-8b50-ee61576d136e	हट हट हट होनी तू हट	kabir-clubbing	Bhakti & Katha	Hindi	Bhakti & Katha	true	45
albums	bhakti-katha-devotional	Bhakti Katha Devotional	a24721b3-51c9-48b8-997b-0aab5ae3f158	Vocals : "हा... हू... हौ... हन्... हनु... हनु...	kabir-clubbing	Bhakti & Katha	English	Bhakti & Katha	true	7
albums	bhakti-katha-devotional	Bhakti Katha Devotional	83db2f7e-ae48-418d-9587-c807af8e24e3	चक्र-इंजन शंखनाद	sanaatana-vaigyaniq	Sanatan & Vedic	Sanskrit	Aggressive cinematic Vedic folk-hop epic, 115 BPM, intense traditional Chalisa r	true	29
albums	bhakti-katha-devotional	Bhakti Katha Devotional	ce81e083-36e5-4e52-9024-06159cb42409	काश वो बचपन फिर से लौट आए	kabir-clubbing	Bhakti & Katha	Hindi	Bhakti & Katha	true	31
albums	bhakti-katha-devotional	Bhakti Katha Devotional	6d0a9964-c0d3-45cf-925a-c9fa28f97ba3	काश वो बचपन फिर से लौट आए	kabir-clubbing	Bhakti & Katha	Hindi	Bhakti & Katha	true	23
albums	bhakti-katha-devotional	Bhakti Katha Devotional	b1bd425e-a117-432d-81ca-2acb4c87fa00	काश वो बचपन फिर से लौट आए	kabir-clubbing	Bhakti & Katha	Hindi	Bhakti & Katha	true	23
albums	bhakti-katha-devotional	Bhakti Katha Devotional	0551f9c5-85b2-43c5-a715-b29b3a10df0c	कबीर निर्गुण	kabir-clubbing	Bhakti & Katha	Hindi	Acoustic Neural Trans fused with Raw Crisp Drill Beats, emotional Sufi-Drill voc	true	41
albums	bhakti-katha-devotional	Bhakti Katha Devotional	77a40556-adc6-4bd2-bf2d-3bfac249ad2a	मूल्यों के प्रति ये निष्ठा अपनी	kabir-clubbing	Bhakti & Katha	Hindi	Bhakti & Katha	true	41
albums	bhakti-katha-devotional	Bhakti Katha Devotional	ccd4fdeb-6879-4797-ae1f-f37fe6330b64	पिंगल-बाइनरी ट्राम	kabir-clubbing	Bhakti & Katha	Hindi	neural radio program for students	true	38
albums	bhakti-katha-devotional	Bhakti Katha Devotional	04511a31-131b-44c4-a3a6-d3daa32e8026	बम बाबा बम भोला	sanaatana-vaigyaniq	Sanatan & Vedic	Sanskrit	[Genre: Devotional Folk Rock, Bhajan, Energetic Chant, Rajasthani Folk] [Tempo:	true	35
albums	bhakti-katha-devotional	Bhakti Katha Devotional	c43bb926-b90b-41ce-b1ca-1079d49eb675	बम भोला चोला	sanaatana-vaigyaniq	Sanatan & Vedic	Sanskrit	[Genre: Devotional Folk Rock, Bhajan, Energetic Chant, Rajasthani Folk] [Tempo:	true	38
albums	bhakti-katha-devotional	Bhakti Katha Devotional	67800d7d-2832-4abd-9273-de538c1471a0	भगवा चोला बम	sanaatana-vaigyaniq	Sanatan & Vedic	Sanskrit	[Genre: Devotional Folk Rock, Bhajan, Energetic Chant, Rajasthani Folk] [Tempo:	true	37
albums	bhakti-katha-devotional	Bhakti Katha Devotional	a37f2f45-fd0e-4254-a6cc-1dd4376ceaa2	नाम तेरे रखे अनेक	kabir-clubbing	Bhakti & Katha	Hindi	Bhakti & Katha	true	36
albums	bhakti-katha-devotional	Bhakti Katha Devotional	f0e7033c-a246-4902-a230-945e9796c695	नाम तेरे रखे अनेक	kabir-clubbing	Bhakti & Katha	Hindi	Bhakti & Katha	true	61
albums	bhakti-katha-devotional	Bhakti Katha Devotional	e553b9c9-27cd-43b9-a4e0-f97ca910e45d	तोरै ही भरोसो	kabir-clubbing	Bhakti & Katha	Hindi	Bhakti & Katha	true	1
albums	bhakti-katha-devotional	Bhakti Katha Devotional	91ec0002-3ce7-418e-a969-3c1a00f9f662	नाम अनेक एक	gurukul	Other / Misc	Hindi	[Style: Traditional Qawwali sung in Braj Bhasha dialect, Sufi devotional tone, m	true	1
albums	bhakti-katha-devotional	Bhakti Katha Devotional	4ee44646-3967-4f0a-bbae-22021f58063f	तुझ पर ही भरोसा... तुझ पर है यक़ीन	kabir-clubbing	Bhakti & Katha	Hindi	Bhakti & Katha	true	1
albums	bhakti-katha-devotional	Bhakti Katha Devotional	4cf08691-a7ea-40e0-bd21-8b0b272cb3f6	वो है-इसलिए मैं	kabir-clubbing	Rap & Fusion	Hindi	[Style: Sufi devotional, slow meditative recitation, no rhythm, no beat, only de	true	12
albums	bhakti-katha-devotional	Bhakti Katha Devotional	bb4a0cdc-93a8-4846-a9c5-30071f2fcf78	चप्पल-झिड़कियाँ	kabir-clubbing	Rap & Fusion	Hindi	[Genre: Qawwali × Hip-Hop Fusion, Indian Devotional Folk, Comedy, Urban Desi, Ma	true	51
albums	bhakti-katha-devotional	Bhakti Katha Devotional	e6e7cdf5-7183-436b-b56a-c8060859c0de	माँ की बेलन-झिड़कियाँ	kabir-clubbing	Rap & Fusion	Hindi	[Genre: Qawwali × Hip-Hop Fusion, Indian Devotional Folk, Comedy, Urban Desi, Ma	true	49
albums	bhakti-katha-devotional	Bhakti Katha Devotional	438a6526-4837-43f4-a7e5-50ae007fa00d	माताओं के दिवस नहीं	kabir-clubbing	Bhakti & Katha	Hindi	Bhakti & Katha	true	42
albums	bhakti-katha-devotional	Bhakti Katha Devotional	7f168537-a968-41cb-ba05-f17737463764	घूँघट के पट खोलि दे आली	kabir-clubbing	Bhakti & Katha	Hindi	Bhakti & Katha	true	43
albums	bhakti-katha-devotional	Bhakti Katha Devotional	d8e1bbbb-d558-49bb-9961-e2caa023d9aa	बंसीधर मुकुट	kabir-clubbing	Rap & Fusion	Hindi	Genre/Style: Braj Sankirtan, Dhrupad-folk fusion, Raw Devotional, Indian Temple	true	43
albums	bhakti-katha-devotional	Bhakti Katha Devotional	d33be684-25d7-4e85-87ef-49230095291a	श्याम-धागो धरी	sanaatana-vaigyaniq	Classical & Raag	Hindi	[Style: Indian devotional bhajan, Hindustani classical, Raga Khamaj, Taal Keherw	true	16
albums	bhakti-katha-devotional	Bhakti Katha Devotional	0ad49695-99db-42e9-8a89-cc45b2f0875d	कौन कहे मनुस को जनम अभागो	kabir-clubbing	Bhakti & Katha	Hindi	Bhakti & Katha	true	16
albums	bhakti-katha-devotional	Bhakti Katha Devotional	20d780b6-4235-4a2e-85ae-2221c73e89ef	श्याम-धागो	sanaatana-vaigyaniq	Classical & Raag	Hindi	[Style: Indian devotional bhajan, Hindustani classical, Raga Khamaj, Taal Keherw	true	16
albums	bhakti-katha-devotional	Bhakti Katha Devotional	819c6001-5eb8-472a-ae59-0a0ebab6a312	श्याम-धागो	sanaatana-vaigyaniq	Classical & Raag	Hindi	[Style: Indian devotional bhajan, Hindustani classical, Raga Khamaj, Taal Keherw	true	16
albums	bhakti-katha-devotional	Bhakti Katha Devotional	2ad65ecc-4658-4a67-ad4f-68cbd8705a93	तोरी बंसी की तान... सुनन को तरस गए मोरे कान।	kabir-clubbing	Bhakti & Katha	Hindi	Bhakti & Katha	true	65
albums	bhakti-katha-devotional	Bhakti Katha Devotional	bc6100f3-8fad-4df5-a8c1-3cd98848d069	तोरी बंसी की तान	kabir-clubbing	Bhakti & Katha	Hindi	Bhakti & Katha	true	43
albums	bhakti-katha-devotional	Bhakti Katha Devotional	bdf090e4-3d39-4d47-863b-7bd1757feb8d	बंसीधर ताज	gurukul	Other / Misc	Hindi	Cinematic qawwali, Raga Todi, thousands of gopis + Radha solo, 60-120 BPM, femal	true	43
albums	bhakti-katha-devotional	Bhakti Katha Devotional	52095580-5eef-4721-9a8a-1f615159529c	बंसीधर का ताज	gurukul	Other / Misc	Hindi	Raga Todi qawwali, 70 to 110 BPM, female devotional voice, bansuri, harmonium, t	false	0
albums	bhakti-katha-devotional	Bhakti Katha Devotional	b4c47e00-23e3-4b09-aafa-1ea1cb27d65c	तोरी बंसी की तान	kabir-clubbing	Bhakti & Katha	Hindi	Bhakti & Katha	true	20
albums	bhakti-katha-devotional	Bhakti Katha Devotional	831ce982-3173-46ec-8fde-6f2a71f624d8	तोरी बंसी तान	sanaatana-vaigyaniq	Classical & Raag	Hindi	[Style: Indian classical, Raga Todi, slow 70 BPM, female devotional, acoustic, b	true	20
albums	bhakti-katha-devotional	Bhakti Katha Devotional	24d21a4f-0895-4c56-aec7-a4bfa9864ef5	तोरी बंसीतरस	sanaatana-vaigyaniq	Classical & Raag	Hindi	[Style: Indian classical, Raga Todi, slow 70 BPM, female devotional, acoustic, b	true	20
albums	bhakti-katha-devotional	Bhakti Katha Devotional	0d0501a9-8f1f-4a21-98f0-69b8429600fd	तोरी बंसी की तान	kabir-clubbing	Bhakti & Katha	Hindi	Bhakti & Katha	true	20
albums	bhakti-katha-devotional	Bhakti Katha Devotional	86a31444-8c53-4fa0-aba2-cb6ca15aaa59	बंसीधर-तोरि	sanaatana-vaigyaniq	Classical & Raag	Hindi	[Style: Indian classical, Raga Todi, slow 70 BPM, female devotional, acoustic, b	true	20
albums	bhakti-katha-devotional	Bhakti Katha Devotional	9a2ad423-1f61-4b9b-896d-68cb77193f5c	तोरी बंसी की तान	kabir-clubbing	Bhakti & Katha	Hindi	Bhakti & Katha	true	20
albums	bhakti-katha-devotional	Bhakti Katha Devotional	8e2f8fd9-7f9d-4716-94c1-4bac528a767b	तेरी बंसी की तान	kabir-clubbing	Bhakti & Katha	Hindi	Bhakti & Katha	true	19
albums	bhakti-katha-devotional	Bhakti Katha Devotional	c10e8a3e-5744-4640-aff1-e1378f937cc5	बंसी तान-तड़प	sanaatana-vaigyaniq	Classical & Raag	Hindi	[Style: Indian classical, Raga Todi, slow 70 BPM, female devotional, acoustic, b	true	19
albums	bhakti-katha-devotional	Bhakti Katha Devotional	40960b06-71f2-42db-a4f7-ca440d0a25be	तेरी बंसी की तान	kabir-clubbing	Bhakti & Katha	Hindi	Bhakti & Katha	true	30
albums	bhakti-katha-devotional	Bhakti Katha Devotional	2859728c-7217-4382-bc09-22ad41ee0de0	बंसी की तान	sanaatana-vaigyaniq	Classical & Raag	Hindi	[Style: Indian classical, Raga Todi, slow 70 BPM, female devotional, acoustic, b	true	30
albums	bhakti-katha-devotional	Bhakti Katha Devotional	45ebedf4-7d51-4716-a12b-764243daad4a	Pinki… Pinki… maut ka samaan	kabir-clubbing	Bhakti & Katha	English	Bhakti & Katha	true	8
albums	bhakti-katha-devotional	Bhakti Katha Devotional	ad88ec20-844d-47ac-ae8e-5634a628daee	धरती का नून	kabir-clubbing	Rap & Fusion	Hindi	dark hindustani bhajan meets ambient trance  d bhairavi  72 to 108 bpm  male gri	true	57
albums	bhakti-katha-devotional	Bhakti Katha Devotional	a5469ce5-e8c0-40f9-86c7-934fe766e66a	चलते पर्वत	kabir-clubbing	Bhakti & Katha	Hindi	Bhakti & Katha	true	57
albums	bhakti-katha-devotional	Bhakti Katha Devotional	3a04f1ee-76c8-4231-a913-8316bd017536	प्यार प्यार प्यार रहे	kabir-clubbing	Bhakti & Katha	Hindi	Bhakti & Katha	true	50
albums	bhakti-katha-devotional	Bhakti Katha Devotional	376451ac-cca7-45f8-888b-707b3fce09ba	अंक 1 – शहर	kabir-clubbing	Bhakti & Katha	Hindi	Bhakti & Katha	true	36
albums	bhakti-katha-devotional	Bhakti Katha Devotional	dbccc64f-268b-4c67-b479-32878a298eab	आंसू तौल-मोल	kabir-clubbing	Bhakti & Katha	Hindi	[Artist: P.H.K.D. (Pure Honest Kabir Driven) Genre: Trans UX, use ambience sound	true	36
albums	bhakti-katha-devotional	Bhakti Katha Devotional	2f8b76a0-2fea-4f3f-9f7f-09611a2f27d7	माटी घट-विक्री	kabir-clubbing	Bhakti & Katha	Hindi	[Artist: P.H.K.D. (Pure Honest Kabir Driven) Genre: Spiritual Phonk / Cinematic	true	34
albums	bhakti-katha-devotional	Bhakti Katha Devotional	134c2704-6219-40e0-ac0d-cb7ea6ad4857	कबीरा न रो	kabir-clubbing	Bhakti & Katha	Hindi	Bhakti & Katha	true	34
albums	bhakti-katha-devotional	Bhakti Katha Devotional	e7929024-f570-473c-9c81-bd82372023c1	कबीरा नमक मंडी	kabir-clubbing	Bhakti & Katha	Hindi	[Artist: P.H.K.D. (Pure Honest Kabir Driven) Genre: Spiritual Phonk / Cinematic	true	34
albums	bhakti-katha-devotional	Bhakti Katha Devotional	cd4e2b2c-3363-4c01-81bd-4482ad356954	कबीरा नमक मंडी	kabir-clubbing	Bhakti & Katha	Hindi	[Artist: P.H.K.D. (Pure Honest Kabir Driven) Genre: Spiritual Phonk / Cinematic	true	34
albums	bhakti-katha-devotional	Bhakti Katha Devotional	5b609e38-5b63-4174-ab7f-05565cfb36bd	कबीरा न रो	kabir-clubbing	Bhakti & Katha	Hindi	Bhakti & Katha	true	13
albums	bhakti-katha-devotional	Bhakti Katha Devotional	a8149b61-2d92-49dc-953c-4ada38600bae	कबीरा न रो	kabir-clubbing	Bhakti & Katha	Hindi	Bhakti & Katha	true	41
albums	bhakti-katha-devotional	Bhakti Katha Devotional	a908fdd1-014a-4f0a-8f1d-eb3e613a3396	Kabira Sanak	kabir-clubbing	Bhakti & Katha	English	[Genre: Afrobeat, Chinese folk, Erhu, Guzheng, Telugu folk, Tamil folk, Bangla f	true	63
albums	bhakti-katha-devotional	Bhakti Katha Devotional	3018222c-053b-4835-ac77-5369dfc07619	कबीरा न रो	kabir-clubbing	Bhakti & Katha	Hindi	Bhakti & Katha	true	63
albums	bhakti-katha-devotional	Bhakti Katha Devotional	75a7a676-5662-4f89-b35d-b1f787192f99	कबीरा न रो	kabir-clubbing	Bhakti & Katha	Hindi	Bhakti & Katha	true	84
albums	bhakti-katha-devotional	Bhakti Katha Devotional	119e5763-3ed3-4801-b36d-5146d62459cb	कबीरा न रो	kabir-clubbing	Bhakti & Katha	Hindi	Bhakti & Katha	true	32
albums	bhakti-katha-devotional	Bhakti Katha Devotional	b893c0fe-1e67-4f62-9a13-005c52b42182	कबीरा न रो	kabir-clubbing	Bhakti & Katha	Hindi	[Genre: Afrobeat, Afro-fusion, Indian folk fusion, spiritual, philosophical, tal	true	32
albums	bhakti-katha-devotional	Bhakti Katha Devotional	2e0e6ce6-2cc7-486b-a473-7cb8e45e78e8	Kabira na ro	kabir-clubbing	Bhakti & Katha	English	Bhakti & Katha	true	20
albums	bhakti-katha-devotional	Bhakti Katha Devotional	b9b2a6e0-f8d8-4111-b187-f3d395a61245	नेता नेमा — नमकहराम	kabir-clubbing	Bhakti & Katha	Hindi	Bhakti & Katha	true	37
albums	bhakti-katha-devotional	Bhakti Katha Devotional	9bc77208-c25b-427f-8860-d87651658f49	अंखिया न देखूँ	kabir-clubbing	Bhakti & Katha	Hindi	Bhakti & Katha	true	41
albums	bhakti-katha-devotional	Bhakti Katha Devotional	2a18d142-6534-4a1d-a2da-00703e7e9621	अंखिया मूँद	gurukul	Other / Misc	Hindi	Style/Genre: Afro-house meets Sexy Drill meets Indian Bhajan, 110 BPM, heavy log	true	41
albums	bhakti-katha-devotional	Bhakti Katha Devotional	889cb216-db14-474f-9186-192f838f34cf	Kabir Clubdevotion	kabir-clubbing	Bhakti & Katha	English	Style/Genre: Afro-house meets Sexy Drill meets Indian Bhajan, 110 BPM, heavy log	true	17
albums	bhakti-katha-devotional	Bhakti Katha Devotional	cc885ad5-533d-4658-97f5-c6ba2a9a87cc	अंखिया मूँद	gurukul	Other / Misc	Hindi	Style/Genre: Afro-house meets Sexy Drill meets Indian Bhajan, 110 BPM, heavy log	true	41
albums	bhakti-katha-devotional	Bhakti Katha Devotional	e1953d58-6e85-4b69-9fa0-b2a991ba6816	अंखिया मूँद	gurukul	Other / Misc	Hindi	Style/Genre: Afro-house meets Sexy Drill meets Indian Bhajan, 110 BPM, heavy log	true	41
albums	bhakti-katha-devotional	Bhakti Katha Devotional	de9697c5-2352-4e2d-b84e-6f5ba6d6e35e	Kabir Shayo Groove	kabir-clubbing	Bhakti & Katha	English	[style: Afro-house meets Sexy Drill meets Indian Bhajan, 110 BPM, log drums, con	true	17
albums	bhakti-katha-devotional	Bhakti Katha Devotional	9f37476d-d3d6-4986-94f7-243dd1767838	बंद आँखों से प्रत्यक्ष	kabir-clubbing	Bhakti & Katha	Hindi	Bhakti & Katha	true	17
albums	bhakti-katha-devotional	Bhakti Katha Devotional	3d8b096f-9f2a-4def-815f-b12ca6b1d3de	Kabir Shayo Groove	kabir-clubbing	Bhakti & Katha	English	[style: Afro-house meets Sexy Drill meets Indian Bhajan, 110 BPM, log drums, con	true	17
albums	bhakti-katha-devotional	Bhakti Katha Devotional	4f57a0d7-1f5e-47fe-a249-405c77fc2ddf	Kabir Pillar Collapse	kabir-clubbing	Bhakti & Katha	English	[style: devotional drill, Indian bhajan meets Sexy Drill, 60 BPM, harmonium + he	true	27
albums	bhakti-katha-devotional	Bhakti Katha Devotional	e512512c-6e61-42ce-8ccc-8fd96d37f200	Sahair Real Deal	gurukul	Other / Misc	English	[style: Indian folk bhajan meets West Coast G-Funk hip-hop, slow tempo, harmoniu	true	10
albums	bhakti-katha-devotional	Bhakti Katha Devotional	55944a75-e58c-47d0-b0fd-0053dcf655e5	बंद आँखों से प्रत्यक्ष	kabir-clubbing	Bhakti & Katha	Hindi	Bhakti & Katha	true	27
albums	bhakti-katha-devotional	Bhakti Katha Devotional	261bc9a5-7397-48d4-8adb-d5ddf5d4b2c5	Eyes closed	kabir-clubbing	Bhakti & Katha	English	Bhakti & Katha	true	10
albums	bhakti-katha-devotional	Bhakti Katha Devotional	57e5c812-cb4c-4121-8851-0bb1adf03ea3	बंद आँखों का प्रत्यक्ष	gurukul	Other / Misc	Hindi	गीत का शीर्षक: बंद आँखों का प्रत्यक्ष [style: Indian folk, bhajan, slow-medium	true	27
albums	bhakti-katha-devotional	Bhakti Katha Devotional	55b087c3-f3be-437a-9900-27fd029e6c9c	अधूरे से मंत्रों में पूर्ण की परिकल्पना	kabir-clubbing	Bhakti & Katha	Hindi	Bhakti & Katha	true	27
albums	bhakti-katha-devotional	Bhakti Katha Devotional	5bb71084-6ab7-4e1b-b9d2-1b1f5dcd962a	ला ला ला ला ला ला	kabir-clubbing	Bhakti & Katha	Hindi	Bhakti & Katha	true	40
albums	bhakti-katha-devotional	Bhakti Katha Devotional	23ec5f01-efef-4073-8948-4870619c32c9	ला ला ला ला ला ला	kabir-clubbing	Bhakti & Katha	Hindi	Bhakti & Katha	true	37
albums	bhakti-katha-devotional	Bhakti Katha Devotional	9feeffc6-46ed-4d5d-9f48-82803d34d8ca	ला ला ला ला ला ला	kabir-clubbing	Bhakti & Katha	Hindi	Bhakti & Katha	true	40
albums	bhakti-katha-devotional	Bhakti Katha Devotional	d65dfcf3-c12e-4e51-9d93-f6f106c0ca3f	Baharupiya Reboot	kabir-clubbing	Bhakti & Katha	English	[Style: Cyberpunk + Hyper Rap + Neural Lo-fi + Raw Kabir + Time Travel Vibe + Da	true	76
albums	bhakti-katha-devotional	Bhakti Katha Devotional	0af7e65f-47a4-4c0f-aed2-53fa90952fb4	Baharupiya Reboot	kabir-clubbing	Bhakti & Katha	English	[Style: Cyberpunk + Hyper Rap + Neural Lo-fi + Raw Kabir + Time Travel Vibe + Da	true	76
albums	bhakti-katha-devotional	Bhakti Katha Devotional	54bf5f39-3312-4413-8690-fc756c1e073b	लोग कहते हैं तेरे होने से मेरी तदबीर तबाह है	kabir-clubbing	Bhakti & Katha	Hindi	Bhakti & Katha	true	48
albums	bhakti-katha-devotional	Bhakti Katha Devotional	dc660165-69b6-427e-bf5d-63ad71c4fe72	क्या बताऊँ	kabir-clubbing	Bhakti & Katha	Hindi	Bhakti & Katha	true	78
albums	bhakti-katha-devotional	Bhakti Katha Devotional	1ce73d27-b360-4dfa-8533-a54c5e1743b0	क्या बयाँ करूँ	kabir-clubbing	Bhakti & Katha	Hindi	Bhakti & Katha	true	78
albums	bhakti-katha-devotional	Bhakti Katha Devotional	42b244c3-4969-4900-a05f-905ab4afdd3a	क्या बयाँ करूँ	kabir-clubbing	Bhakti & Katha	Hindi	Bhakti & Katha	true	79
albums	bhakti-katha-devotional	Bhakti Katha Devotional	ec8c8bad-3326-4953-a468-776d3732f487	Log kahte hain tere hone se meri tadbeer barbaad	kabir-clubbing	Bhakti & Katha	English	Bhakti & Katha	true	39
albums	bhakti-katha-devotional	Bhakti Katha Devotional	b85e41bd-e69a-481f-b12a-88bbf8b8902b	Kya kahoon	kabir-clubbing	Bhakti & Katha	English	Bhakti & Katha	true	136
albums	bhakti-katha-devotional	Bhakti Katha Devotional	cba259ca-2b8c-46df-b367-0ff9b780bbe2	कुछ भी व्यर्थ नहीं जाए	kabir-clubbing	Bhakti & Katha	Hindi	Bhakti & Katha	true	34
albums	bhakti-katha-devotional	Bhakti Katha Devotional	aabfe9a1-a902-4348-9d22-19d7aa99fda5	दो घड़े टूटा	gurukul	Other / Misc	Hindi	Sufi Qawwali, Nirguni Bhajan, Raga Todi, Harmonium, Tabla Keherva, Male Passiona	true	34
albums	bhakti-katha-devotional	Bhakti Katha Devotional	bdf3c9a0-9989-4f8e-bca8-bb66f06bc9d7	Ek Ghade	gurukul	Other / Misc	English	Qawwali, traditional Pakistani/Indian Sufi devotional music, slow to fast build	true	41
albums	bhakti-katha-devotional	Bhakti Katha Devotional	5edc6f4a-ebf7-4d22-b8e7-cd4bb333735f	लाडो बसंती मेहमान	sanaatana-vaigyaniq	Classical & Raag	Hindi	[Genre: Acoustic Hindustani classical folk fusion, jagarana night vigil, father-	true	20
albums	bhakti-katha-devotional	Bhakti Katha Devotional	8e951426-a919-48cd-9432-5ffbeec40bb2	खो गई पहचान	sanaatana-vaigyaniq	Classical & Raag	Hindi	[Style: Indian classical fusion, dark devotional, sufi rock, slow tempo, male vo	true	18
albums	bhakti-katha-devotional	Bhakti Katha Devotional	91dc965a-d24b-4254-bfb1-8d7c28015225	जागता कबीर	kabir-clubbing	Bhakti & Katha	Hindi	warm analog saturation, plate reverb on vocals, close-mic vocal position, tabla	true	51
albums	bhakti-katha-devotional	Bhakti Katha Devotional	e1b56541-6cab-4cc3-af30-269fc2cc21d8	ओ.......... जी......... मेरे........ सरकार......	kabir-clubbing	Bhakti & Katha	Hindi	Bhakti & Katha	true	57
albums	bhakti-katha-devotional	Bhakti Katha Devotional	028206e0-2473-4078-8ef9-eb731d376d7e	(untitled)	gurukul	Other / Misc	English	soul devotional with live folk	true	40
albums	bhakti-katha-devotional	Bhakti Katha Devotional	92aab6f9-e79d-4b27-af30-0a7ab03f0536	एक केवट के ले जाने से	kabir-clubbing	Bhakti & Katha	Hindi	Bhakti & Katha	true	40
albums	bhakti-katha-devotional	Bhakti Katha Devotional	83603ef3-3ea0-4277-a309-8bfaadcd9dbc	१. हरियाणवी रागनी	kabir-clubbing	Bhakti & Katha	Hindi	Bhakti & Katha	true	26
albums	bhakti-katha-devotional	Bhakti Katha Devotional	982a1594-b969-4c2d-9966-d617a47e4e2d	(untitled)	gurukul	Other / Misc	English	[Title: Shakti Jaag Ri – Manushya Chetna Jagriti]  [Style: Indian devotional, Ve	true	31
albums	bhakti-katha-devotional	Bhakti Katha Devotional	6ae75b0d-c1cc-4641-b483-6b48a9747ac1	(untitled)	gurukul	Other / Misc	English	[Title: Shakti Jaag Ri – Manushya Chetna Jagriti]  [Style: Indian devotional, Ve	true	31
albums	bhakti-katha-devotional	Bhakti Katha Devotional	f3e77ca3-d3b1-4029-8814-3da77d041154	(untitled)	kabir-clubbing	Bhakti & Katha	English	"A raw, minimalist, and hauntingly soulful PHKD (Folk-HipHop-Kabir) fusion. The	true	27
albums	bhakti-katha-devotional	Bhakti Katha Devotional	fbbf00c4-df9a-4c12-8222-5a8f83d3d229	ज़ीरो के उन हीरों को	kabir-clubbing	Bhakti & Katha	Hindi	Bhakti & Katha	true	27
albums	bhakti-katha-devotional	Bhakti Katha Devotional	7d695546-b4a9-4369-8770-054ea7711700	This is for informational purposes only. For med	kabir-clubbing	Bhakti & Katha	English	Bhakti & Katha	true	22
albums	bhakti-katha-devotional	Bhakti Katha Devotional	c6c9c569-2051-4d98-ba3c-85f7982b04b9	विदाई रो दुख लागे रे	kabir-clubbing	Bhakti & Katha	Hindi	Bhakti & Katha	true	21
albums	bhakti-katha-devotional	Bhakti Katha Devotional	a41086c8-d15a-40b1-a8c7-8a6d0a450688	दादा फौजी बनवा दे न	kabir-clubbing	Bhakti & Katha	Hindi	Bhakti & Katha	true	24
albums	bhakti-katha-devotional	Bhakti Katha Devotional	42eea408-81a9-4c2f-8ffb-8d5c5656d202	फौजी बनवा दे न	kabir-clubbing	Bhakti & Katha	Hindi	Bhakti & Katha	true	53
albums	bhakti-katha-devotional	Bhakti Katha Devotional	e5e11b4f-d05d-444f-9b0e-5b91e5e70206	kush..mana..da	kabir-clubbing	Bhakti & Katha	English	[Style: Rajasthani Folk + Bhakti Rap + Ambient Cinematic]  [Tempo: 88 BPM] [Scal	true	43
albums	bhakti-katha-devotional	Bhakti Katha Devotional	8d7517ab-5f3a-4d8e-b2e4-92f170be6ed4	maa… maa… maa	kabir-clubbing	Bhakti & Katha	English	Bhakti & Katha	true	78
albums	bhakti-katha-devotional	Bhakti Katha Devotional	1630fdc7-2ea0-4737-a448-84a9e3a68bc4	(untitled)	kabir-clubbing	Rap & Fusion	English	Neuro-Tantra Devotional Trance Start: whisper + tanpura (no beat) Gradually add	true	78
albums	bhakti-katha-devotional	Bhakti Katha Devotional	35c9d20a-94e6-4b53-9e14-073f7c519e47	ॐ देवी चन्द्रघण्टायै नमः	kabir-clubbing	Bhakti & Katha	Sanskrit	Bhakti & Katha	true	92
albums	bhakti-katha-devotional	Bhakti Katha Devotional	1482a051-de1c-4ca4-bc3b-2a183763c075	ए री माता गौर आई रे	kabir-clubbing	Bhakti & Katha	Hindi	Bhakti & Katha	true	100
albums	bhakti-katha-devotional	Bhakti Katha Devotional	e09752f7-8498-4ed6-bcf6-594f85308686	गणगौर आई रे	kabir-clubbing	Bhakti & Katha	Hindi	Bhakti & Katha	true	48
albums	bhakti-katha-devotional	Bhakti Katha Devotional	9b907c3a-8874-4c5a-93bb-ba08f8477cdc	neural jogi	gurukul	Other / Misc	English	maataa gangaur aashirwaad	true	100
albums	bhakti-katha-devotional	Bhakti Katha Devotional	43e46f35-5912-4f95-84b9-92edf0d0fb86	neural jogi	kabir-clubbing	Rap & Fusion	English	[Style: Rajasthani Folk Fusion, Mand, Ghoomar, Devotional]  [Concept] Gangaur so	true	48
albums	bhakti-katha-devotional	Bhakti Katha Devotional	6a5dd84e-6da0-4b09-9a52-1db8c4acef47	neural jogi	kabir-clubbing	Rap & Fusion	English	[Style: Rajasthani Folk Fusion, Mand, Ghoomar, Devotional]  [Concept] Gangaur so	true	48
albums	bhakti-katha-devotional	Bhakti Katha Devotional	050e19ec-ac35-452e-bb9e-16277b396b08	गणगौर आई रे… आई रे… आई रे	kabir-clubbing	Bhakti & Katha	Hindi	Bhakti & Katha	true	22
albums	bhakti-katha-devotional	Bhakti Katha Devotional	75687504-db82-463a-96f8-62dd4c6ad2b1	gangaur aayi re aayi re aayi re	kabir-clubbing	Bhakti & Katha	English	Bhakti & Katha	true	21
albums	bhakti-katha-devotional	Bhakti Katha Devotional	7789d061-f161-4e4d-ad2d-4bf0d70bd861	neural jogi	gurukul	Other / Misc	English	[Style: Indian Folk + Rajasthani Mand + Tribal + Ambient + Devotional + Cinemati	true	30
albums	bhakti-katha-devotional	Bhakti Katha Devotional	68b7f05f-0d8c-4740-b17b-f2e679aacd98	neural jogi	gurukul	Other / Misc	English	[Style: Indian Folk + Rajasthani Mand + Tribal + Ambient + Devotional + Cinemati	true	18
albums	bhakti-katha-devotional	Bhakti Katha Devotional	971b76d4-9982-4b49-9419-b8e39097a769	हे र अ अ अ	kabir-clubbing	Bhakti & Katha	Hindi	Bhakti & Katha	true	26
albums	bhakti-katha-devotional	Bhakti Katha Devotional	5b1a2a19-1787-49a9-b01a-795121534e08	Dekh mere yaar	kabir-clubbing	Bhakti & Katha	English	Bhakti & Katha	true	27
albums	bhakti-katha-devotional	Bhakti Katha Devotional	a33956a5-2081-468d-b0aa-1507b51cf541	हे र अ अ अ...	kabir-clubbing	Bhakti & Katha	Hindi	Bhakti & Katha	true	42
albums	bhakti-katha-devotional	Bhakti Katha Devotional	5813c3d7-64ae-4dcd-86cc-6c4cc319f0d7	He Ra a a a	kabir-clubbing	Bhakti & Katha	English	Bhakti & Katha	true	51
albums	bhakti-katha-devotional	Bhakti Katha Devotional	7c45ec0d-f3b8-4cb9-beaf-2d74f4302da5	रत्नावली की रत्नावली	kabir-clubbing	Bhakti & Katha	Hindi	Bhakti & Katha	true	125
albums	bhakti-katha-devotional	Bhakti Katha Devotional	ac3d350b-35f3-42d9-b74c-c30e8c71d677	(untitled)	sanaatana-vaigyaniq	Classical & Raag	English	Style: Indian Devotional Bhakti, Raag Yaman, slow tempo (60–65 BPM), cinematic s	true	49
albums	bhakti-katha-devotional	Bhakti Katha Devotional	69ad7184-23e8-475b-8193-a947d68dc738	लालाल-लाल हनु होनी बोले	kabir-clubbing	Bhakti & Katha	Hindi	Bhakti & Katha	true	79
albums	bhakti-katha-devotional	Bhakti Katha Devotional	a8134b33-18e5-4f3f-a044-32a2f8db1161	लालाल-लाल हनु होनी बोले	kabir-clubbing	Bhakti & Katha	Hindi	Bhakti & Katha	true	82
albums	bhakti-katha-devotional	Bhakti Katha Devotional	b3f171d7-567c-439e-9d6c-8aec3854e4a1	मने मेरी माँ	kabir-clubbing	Bhakti & Katha	Hindi	Bhakti & Katha	true	88
albums	bhakti-katha-devotional	Bhakti Katha Devotional	9b80022a-996a-488b-82c6-8377e3dda26a	(untitled)	kabir-clubbing	Bhakti & Katha	English	सिनेमैटिक ड्रामा कैरेक्टर्स लार्जर देन लाइफ न्यूरल चक्रा अवेकनिंग the science वै	true	19
albums	bhakti-katha-devotional	Bhakti Katha Devotional	4edf51d3-f4e1-4827-a506-85192bc47867	दृश्य: महामात्य का 'विराट' क्रोध	kabir-clubbing	Bhakti & Katha	Hindi	Bhakti & Katha	true	19
albums	bhakti-katha-devotional	Bhakti Katha Devotional	ca39964f-fe6f-417b-8869-8ff0a2749fab	(untitled)	kabir-clubbing	Bhakti & Katha	English	सिनेमैटिक ड्रामा कैरेक्टर्स लार्जर देन लाइफ न्यूरल चक्रा अवेकनिंग the science वै	true	13
albums	bhakti-katha-devotional	Bhakti Katha Devotional	98fd044c-85e8-4661-bfd1-c295679b7801	(untitled)	kabir-clubbing	Bhakti & Katha	English	सिनेमैटिक ड्रामा कैरेक्टर्स लार्जर देन लाइफ न्यूरल चक्रा अवेकनिंग the science वै	true	13
albums	bhakti-katha-devotional	Bhakti Katha Devotional	5dae1dc4-0ca1-43fa-8d39-63cbce1d6cc4	मने मेरी माँ	kabir-clubbing	Bhakti & Katha	Hindi	Bhakti & Katha	true	177
albums	bhakti-katha-devotional	Bhakti Katha Devotional	fe0a5f9a-addb-4bcf-8cec-503ccf732ea0	मने मेरी माँ	kabir-clubbing	Bhakti & Katha	Hindi	Bhakti & Katha	true	177
albums	bhakti-katha-devotional	Bhakti Katha Devotional	8372084d-8049-4db1-a68a-fd8ac5eb438c	मने मेरी माँ	kabir-clubbing	Bhakti & Katha	Hindi	Bhakti & Katha	true	96
albums	bhakti-katha-devotional	Bhakti Katha Devotional	4bb71763-a381-4680-aace-94dddb13d3f5	सुनो र मेरी शान फौजी	kabir-clubbing	Bhakti & Katha	Hindi	Bhakti & Katha	true	32
albums	bhakti-katha-devotional	Bhakti Katha Devotional	d4ffa363-4285-40ba-8e17-48ff83716c88	हाय र मेरी शान फौजी	kabir-clubbing	Bhakti & Katha	Hindi	Bhakti & Katha	true	46
albums	bhakti-katha-devotional	Bhakti Katha Devotional	00dc1de7-95fa-48ae-98bc-cfa3a4e35ef3	हाय र मेरी शान फौजी	kabir-clubbing	Bhakti & Katha	Hindi	Bhakti & Katha	true	70
albums	bhakti-katha-devotional	Bhakti Katha Devotional	ee50a4e3-c4b6-4f9b-9063-c75f82168ff5	जय हिन्द – जय हिन्द के नारे त	kabir-clubbing	Bhakti & Katha	Hindi	Bhakti & Katha	true	48
albums	bhakti-katha-devotional	Bhakti Katha Devotional	ba695ae4-1b95-4193-b8db-5a873b79c6c4	म्हारी माता के मस्तक पे	kabir-clubbing	Bhakti & Katha	Hindi	Bhakti & Katha	true	76
albums	bhakti-katha-devotional	Bhakti Katha Devotional	01105ba5-4a3d-4314-8720-0437796ffc45	नम्मा	kabir-clubbing	Bhakti & Katha	Hindi	Bhakti & Katha	true	92
albums	bhakti-katha-devotional	Bhakti Katha Devotional	711f7e2e-f0b6-4c14-8e99-e10c4e480b9e	दौड़ में सब जीत लिया	kabir-clubbing	Bhakti & Katha	Hindi	Bhakti & Katha	true	38
albums	bhakti-katha-devotional	Bhakti Katha Devotional	ffa5cf10-0865-4bac-9d60-f37822b2f922	Verse 1	kabir-clubbing	Bhakti & Katha	English	Bhakti & Katha	true	40
albums	bhakti-katha-devotional	Bhakti Katha Devotional	b3551c59-d528-429c-a6a6-0768b5981845	उत्कर्ष का आभास है	kabir-clubbing	Bhakti & Katha	Hindi	Bhakti & Katha	true	28
albums	bhakti-katha-devotional	Bhakti Katha Devotional	48b87be5-26d7-45e7-8598-8bcfc1de303a	ram ki gilahari	sanaatana-vaigyaniq	Sanatan & Vedic	English	Epic stadium anthem devotional song, male chorus with crowd chants, powerful dru	true	48
albums	bhakti-katha-devotional	Bhakti Katha Devotional	b72a5071-8cf9-4efd-9204-269cc25de272	ram ki gilahari	sanaatana-vaigyaniq	Sanatan & Vedic	English	Epic stadium anthem devotional song, male chorus with crowd chants, powerful dru	true	76
albums	bhakti-katha-devotional	Bhakti Katha Devotional	a25843ec-cf77-404a-ba33-1c77bf208a5f	जय सिया राम	kabir-clubbing	Bhakti & Katha	Hindi	Bhakti & Katha	true	76
albums	bhakti-katha-devotional	Bhakti Katha Devotional	ca288e06-1055-405b-b5d6-0658613608d7	ram ki gilahari	kabir-clubbing	Rap & Fusion	English	Indian EDM bhajan fusion. Tempo: 110 BPM. Style: devotional electronic + festiva	true	76
albums	bhakti-katha-devotional	Bhakti Katha Devotional	f281e5bc-94e4-4a34-a3f4-601fcbfb4f1b	ram ki gilahari	kabir-clubbing	Rap & Fusion	English	Indian EDM bhajan fusion. Tempo: 110 BPM. Style: devotional electronic + festiva	true	76
albums	bhakti-katha-devotional	Bhakti Katha Devotional	ff609686-fea5-492d-a625-50aca90796bf	पपिया	ameerpur	Love & Virah	Hindi	Indian devotional folk song, female chorus with male lead, emotional and uplifti	true	11
albums	bhakti-katha-devotional	Bhakti Katha Devotional	1a0e5d48-e452-49c3-aa99-901dbf9b1e23	राम की गिलहरी का एक ही काम	kabir-clubbing	Bhakti & Katha	Hindi	Bhakti & Katha	true	11
albums	bhakti-katha-devotional	Bhakti Katha Devotional	e60a91fa-776c-4076-8d17-2b16fc0b4a46	जय सिया राम	kabir-clubbing	Bhakti & Katha	Hindi	Bhakti & Katha	true	38
albums	bhakti-katha-devotional	Bhakti Katha Devotional	d8019a5d-29e1-445e-a172-633778687c7d	पपिया	kabir-clubbing	Rap & Fusion	Hindi	Indian EDM bhajan fusion. Tempo: 110 BPM. Style: devotional electronic + festiva	true	38
albums	bhakti-katha-devotional	Bhakti Katha Devotional	fb702292-2df5-48c4-a411-e9ef6e6dee7c	तू तो न्यू चाले छोरी	kabir-clubbing	Bhakti & Katha	Hindi	Bhakti & Katha	true	58
albums	bhakti-katha-devotional	Bhakti Katha Devotional	40f5ec47-9a5c-45e0-8821-71f32e377d2c	अगड़म बगड़म डिगड़म डू	kabir-clubbing	Bhakti & Katha	Hindi	Bhakti & Katha	true	53
albums	bhakti-katha-devotional	Bhakti Katha Devotional	6815cf49-e461-4ae3-a61f-755b3568de88	माएं तू मान जाइये रि	kabir-clubbing	Bhakti & Katha	Hindi	Bhakti & Katha	true	30
albums	bhakti-katha-devotional	Bhakti Katha Devotional	c7eb6659-3af1-4afd-9c2e-73cd9ddbaa3a	माएं तू मान जाइये रि	kabir-clubbing	Bhakti & Katha	Hindi	Bhakti & Katha	true	37
albums	bhakti-katha-devotional	Bhakti Katha Devotional	90a083bf-668c-4356-bc4d-8e8f9a4dbfc0	kewat	gurukul	Other / Misc	English	soul devotional with live folk	true	40
albums	bhakti-katha-devotional	Bhakti Katha Devotional	4f8cb656-ad2a-40ae-ba45-ffb7315eeb30	kewat	gurukul	Other / Misc	English	soul devotional with live folk	true	40
albums	bhakti-katha-devotional	Bhakti Katha Devotional	cc53857c-041f-4d0d-afae-8a762ddc7425	kewat	gurukul	Other / Misc	English	soul devotional with live folk	true	40
albums	bhakti-katha-devotional	Bhakti Katha Devotional	13631800-7722-4099-8cdd-7872cc3b56d6	kewat	gurukul	Other / Misc	English	soul devotional with live folk	true	40
albums	electronic-phonk-trance	Electronic Phonk Trance	d5f6d9bc-5c76-48d6-859d-957ef84f79b3	हनुमान-अनुमान छट	sanaatana-vaigyaniq	Sanatan & Vedic	Sanskrit	Heavy cinematic Vedic metal-phonk epic, 115 to 142 BPM, roaring traditional dhol	true	28
albums	electronic-phonk-trance	Electronic Phonk Trance	1fe3b620-3a18-4632-b128-12c1b2245f47	Hyper-dynamic Indian electronic folk-pop	sanaatana-vaigyaniq	Sanatan & Vedic	English	Sanatan & Vedic	true	14
albums	electronic-phonk-trance	Electronic Phonk Trance	8334c7f3-00ab-48e5-8e90-fae9c7898ec4	छुक-छुक भाषा गाड़ी	gurukul	Other / Misc	Hindi	Playful energetic Indian electronic folk-pop, 112 BPM, bouncy tech-folk drums, c	true	28
albums	electronic-phonk-trance	Electronic Phonk Trance	130d4a7c-79cc-4c0e-827e-a011ef1e0689	छुक-छुक भाषा गाड़ी	gurukul	Other / Misc	Hindi	Playful energetic Indian electronic folk-pop, 112 BPM, bouncy tech-folk drums, c	true	28
albums	electronic-phonk-trance	Electronic Phonk Trance	4de46a49-de10-4bc4-8e89-bded6e92e5e8	छुक-छुक भाषा गाड़ी	gurukul	Other / Misc	Hindi	Playful energetic Indian electronic folk-pop, 112 BPM, bouncy tech-folk drums, c	true	28
albums	electronic-phonk-trance	Electronic Phonk Trance	d3047e94-747e-478b-84d0-ebcd931b6ebf	छुक-छुक कोडिंग गाड़ी	gurukul	Other / Misc	Hindi	Playful energetic Indian electronic folk-pop, 112 BPM, bouncy tech-folk drums, c	true	36
albums	electronic-phonk-trance	Electronic Phonk Trance	f9f70b24-e62f-40a2-b42f-f3a0ba272777	संप्रभुता का डंका	gurukul	Other / Misc	Hindi	Dark Aggressive Cinematic Phonk, heavy brass orchestration, ancient Indian war d	true	41
albums	electronic-phonk-trance	Electronic Phonk Trance	da33361a-8617-4815-b444-dd6d95f00bca	डिजिटल गुरुकुल	gurukul	Other / Misc	Hindi	High-energy Cyberpunk Phonk fused with Aggressive Indian Drill, crushing distort	true	51
albums	electronic-phonk-trance	Electronic Phonk Trance	05bb41b7-0a36-4c99-a245-d5d727f902c3	लिटमस परिपथ	gurukul	Other / Misc	Hindi	High-energy Cyberpunk Phonk, traditional Indian folk accents, punchy aggressive	true	21
albums	electronic-phonk-trance	Electronic Phonk Trance	28ed327a-4860-4957-a494-fcd59d36bcd9	Shankhnaad Cowbell Drop	sanaatana-vaigyaniq	Sanatan & Vedic	English	High-energy Cyberpunk Phonk fused with Aggressive Indian Drill, crushing distort	true	37
albums	electronic-phonk-trance	Electronic Phonk Trance	e038f00c-f649-44ca-8cc5-f2110a995703	कोष्ठक शंखनाद	sanaatana-vaigyaniq	Sanatan & Vedic	Sanskrit	Raw Aggressive Indian Drill Phonk, heavy distorted 808 sub-bass, crisp metallic	true	18
albums	electronic-phonk-trance	Electronic Phonk Trance	ee8190df-8ed5-4fd2-b83e-f6908dad6089	तेईस दशमलव पाँच	gurukul	Other / Misc	Hindi	High-energy Cyberpunk Phonk fused with Aggressive Indian Folk, punchy industrial	true	48
albums	electronic-phonk-trance	Electronic Phonk Trance	7ad70850-e3ae-4d26-b0e9-05197e2cb4f9	शंखनाद बाइनरी	sanaatana-vaigyaniq	Sanatan & Vedic	Sanskrit	Raw Aggressive Indian Drill Phonk, heavy distorted 808 bass, crisp metallic perc	true	56
albums	electronic-phonk-trance	Electronic Phonk Trance	b1673a2d-91fa-478f-a3c3-79d253fd7444	परदेसां धड़कन	kabir-clubbing	Rap & Fusion	Hindi	[Genre: Psytrance, Funky House, Hyperpop, Indian Fusion, 145 BPM, Male Vocals, H	true	51
albums	electronic-phonk-trance	Electronic Phonk Trance	60bb8f17-03b5-4159-ab31-2927d80a2629	Distorted Sarangi Wobble	kabir-clubbing	Rap & Fusion	English	[Genre: Psytrance, Funky House, Hyperpop, Indian Fusion, 145 BPM, Male Vocals, H	true	48
albums	electronic-phonk-trance	Electronic Phonk Trance	cb8ff251-d3a7-4271-a3a0-33969db28cb0	Paradesi Wobble	kabir-clubbing	Rap & Fusion	English	[Genre: Psytrance, Funky House, Hyperpop, Indian Fusion, 145 BPM, Male Vocals,	true	44
albums	electronic-phonk-trance	Electronic Phonk Trance	74a54818-5c55-4db4-bc1f-7dfa1e9fce6d	नीऑन लस्का	kabir-clubbing	Rap & Fusion	Hindi	Style: Cyberpunk Hip Hop, Hyper-rap, Industrial Trap, 160 BPM, D# minor  Vocal:	true	57
albums	electronic-phonk-trance	Electronic Phonk Trance	b81894bf-4e0b-489f-b54c-a471f30a051a	चस्का फीडबैक	kabir-clubbing	Rap & Fusion	Hindi	[Genre: HyperRa, Boom Bap, Cyberpunk, High Tempo Rap] [BPM: 120-140] [Vocal Styl	true	59
albums	electronic-phonk-trance	Electronic Phonk Trance	534e2457-1af3-4ffb-92cb-4d53662c9940	बे... थमसी आती है	kabir-clubbing	Rap & Fusion	Hindi	Male  vocal, hyperpop / hyperrap, high energy, fast tempo 160 BPM, aggressive 80	true	36
albums	electronic-phonk-trance	Electronic Phonk Trance	f7390bf3-2335-444e-baed-c5e5cd17cfc1	बे... थमसी आती है	kabir-clubbing	Rap & Fusion	Hindi	Male  vocal, hyperpop / hyperrap, high energy, fast tempo 160 BPM, aggressive 80	true	36
albums	electronic-phonk-trance	Electronic Phonk Trance	b621900d-687c-4fdb-8eb9-638c8124b1e4	बे...	kabir-clubbing	Rap & Fusion	Hindi	Male  vocal, hyperpop / hyperrap, high energy, fast tempo 160 BPM, aggressive 80	true	36
albums	electronic-phonk-trance	Electronic Phonk Trance	decc359e-6a2c-4531-8b3c-f829ac5700be	बे...	kabir-clubbing	Rap & Fusion	Hindi	Male  vocal, hyperpop / hyperrap, high energy, fast tempo 160 BPM, aggressive 80	true	36
albums	electronic-phonk-trance	Electronic Phonk Trance	ee8a117b-ef9c-4b4e-9cbe-9d314232d018	बेधड़क करीब	kabir-clubbing	Rap & Fusion	Hindi	Female vocal, hyperpop / hyperrap, high energy, fast tempo 160 BPM, aggressive 8	true	36
albums	electronic-phonk-trance	Electronic Phonk Trance	1b8e0980-f89e-41df-9a65-5a6eb313c777	पिंकी की थाली	gurukul	Other / Misc	Hindi	[Genre: Rajasthani Folk Horror × Disco × Dark Electronic] [BPM: 128, Key: D mino	true	102
albums	electronic-phonk-trance	Electronic Phonk Trance	b56bd6df-5167-43b3-b0a6-cf5f42c72589	मेट्रो दरवाज़े बंद x Animatrix लोडिंग (Mashup)	sanaatana-vaigyaniq	Sanatan & Vedic	English	Afro-Phonk Fusion, Vedic Chanting, Modern Indian Folk, Neon-Sufi, Syncopated Dje	true	68
albums	electronic-phonk-trance	Electronic Phonk Trance	d0569990-a19a-4e68-b82b-1db44b271e2a	मेट्रो दरवाज़े बंद x Animatrix लोडिंग (Mashup)	sanaatana-vaigyaniq	Sanatan & Vedic	English	Afro-Phonk Fusion, Vedic Chanting, Modern Indian Folk, Neon-Sufi, Syncopated Dje	true	68
albums	electronic-phonk-trance	Electronic Phonk Trance	e48f5522-c4e9-43c9-8080-e6a097fa596c	मेट्रो दरवाज़े बंद	sanaatana-vaigyaniq	Sanatan & Vedic	Sanskrit	Afro-Phonk Fusion, Vedic Chanting, Modern Indian Folk, Neon-Sufi, Syncopated Dje	true	68
albums	electronic-phonk-trance	Electronic Phonk Trance	e4126f4b-d140-4061-9c2f-294733f12904	Animatrix Loading	sanaatana-vaigyaniq	Sanatan & Vedic	English	Afro-Phonk Fusion, Vedic Chanting, Modern Indian Folk, Neon-Sufi, Syncopated Dje	true	66
albums	electronic-phonk-trance	Electronic Phonk Trance	9aa4b117-b9b0-46de-9c7d-4e16fadb5159	Animatrix लोड	sanaatana-vaigyaniq	Sanatan & Vedic	English	Afro-Phonk Fusion, Vedic Chanting, Modern Indian Folk, Neon-Sufi, Syncopated Dje	true	66
albums	electronic-phonk-trance	Electronic Phonk Trance	40bc367c-0e8b-4773-800e-f68e8cf45f1e	Animatrix Loading	sanaatana-vaigyaniq	Sanatan & Vedic	English	Afro-Phonk Fusion, Vedic Chanting, Modern Indian Folk, Neon-Sufi, Syncopated Dje	true	66
albums	electronic-phonk-trance	Electronic Phonk Trance	ad88ec20-844d-47ac-ae8e-5634a628daee	धरती का नून	kabir-clubbing	Rap & Fusion	Hindi	dark hindustani bhajan meets ambient trance  d bhairavi  72 to 108 bpm  male gri	true	57
albums	electronic-phonk-trance	Electronic Phonk Trance	47ed762a-d69b-40e3-8c6b-9feee3c9bd95	Animatrix लोड	sanaatana-vaigyaniq	Sanatan & Vedic	English	Afro-Phonk Fusion, Vedic Chanting, Modern Indian Folk, Neon-Sufi, Syncopated Dje	true	66
albums	electronic-phonk-trance	Electronic Phonk Trance	a1faf499-0ae9-40d2-ac91-2d8e83b55f0c	Animatrix लोडिंग	sanaatana-vaigyaniq	Sanatan & Vedic	English	Afro-Phonk Fusion, Vedic Chanting, Modern Indian Folk, Neon-Sufi, Syncopated Dje	true	66
albums	electronic-phonk-trance	Electronic Phonk Trance	64809c5c-f7d0-4faf-b884-c3a9e25efa99	**धून रे-साधो**	sanaatana-vaigyaniq	Classical & Raag	Hindi	[Genre: Hindustani classical meets dark ambient trance, Bhairavi raga, slow burn	false	0
albums	electronic-phonk-trance	Electronic Phonk Trance	c2da4a42-4081-4f8b-bcce-99e67d38740e	Animatrix लोडिंग	sanaatana-vaigyaniq	Sanatan & Vedic	English	Afro-Phonk Fusion, Vedic Chanting, Modern Indian Folk, Neon-Sufi, Syncopated Dje	true	66
albums	electronic-phonk-trance	Electronic Phonk Trance	12168a29-23fd-464a-8f32-b552fd6e4571	Animatrix Loading	gurukul	Other / Misc	English	Cyber-Sufi Afro-Phonk, Heavy Distorted 808 Bass, Cowbell Phonk Melody, Fast Sync	true	66
albums	electronic-phonk-trance	Electronic Phonk Trance	8e51259c-2c1b-4d8c-9937-a9210c11f9e0	मेट्रो हम-डोल	gurukul	Other / Misc	Hindi	Dark Drift Phonk, Heavy Distorted 808 Bass, Cowbell Melody, Fast Afro-Phonk Perc	true	68
albums	electronic-phonk-trance	Electronic Phonk Trance	eba6ef4c-4673-47d3-a972-ec071def7fc1	मेट्रो डिब्बा मोबाइल	gurukul	Other / Misc	Hindi	Cyber-Sufi Afro-Phonk, Heavy Distorted 808 Bass, Cowbell Phonk Melody, Fast Sync	true	65
albums	electronic-phonk-trance	Electronic Phonk Trance	302d74f4-c980-41ab-9517-7315d88c6f17	Animatrix Bootloop	gurukul	Other / Misc	English	Dark Drift Phonk, Heavy Distorted 808 Bass, Cowbell Melody, Fast Afro-Phonk Perc	true	65
albums	electronic-phonk-trance	Electronic Phonk Trance	920539b8-cbfd-4c49-8404-bb0fbaa9dc11	मेरा अंतरमान डोले	gurukul	Other / Misc	Hindi	Dark Drift Phonk, Heavy Distorted 808 Bass, Cowbell Melody, Fast Afro-Phonk Perc	true	63
albums	electronic-phonk-trance	Electronic Phonk Trance	f4537e0d-1ee4-43aa-886c-096606a8877f	Animatrix Loading (Remastered)	kabir-clubbing	Rap & Fusion	English	Dark Drift Phonk, Afrobeat percussion, Cyber-Sufi, Cinematic Space Atmosphere, H	true	50
albums	electronic-phonk-trance	Electronic Phonk Trance	3e849ef6-8f9e-467f-b6cd-23ece1febccc	Animatrix Loading	kabir-clubbing	Rap & Fusion	English	Dark Drift Phonk, Afrobeat percussion, Cyber-Sufi, Cinematic Space Atmosphere, H	true	50
albums	electronic-phonk-trance	Electronic Phonk Trance	eb94acbb-29cd-4d8f-8cfd-bc1845d25b66	Animatrix Loading	kabir-clubbing	Rap & Fusion	English	Dark Drift Phonk, Afrobeat percussion, Cyber-Sufi, Cinematic Space Atmosphere, H	true	50
albums	electronic-phonk-trance	Electronic Phonk Trance	3580b58a-f911-4e7a-a531-b00a0b28b285	Sanatan Data	sanaatana-vaigyaniq	Sanatan & Vedic	English	Dark Drift Phonk, Afrobeat percussion, Cyber-Sufi, Cinematic Space Atmosphere, H	true	42
albums	electronic-phonk-trance	Electronic Phonk Trance	2020dea5-b656-40ad-afab-e188b5b87eb4	Earth Station Static	kabir-clubbing	Rap & Fusion	English	Dark Drift Phonk, Afrobeat percussion, Cyber-Sufi, Cinematic Space Atmosphere, H	true	25
albums	electronic-phonk-trance	Electronic Phonk Trance	ba996ff1-61da-4e8f-8887-34fa43c9dd27	चुंग-चुंग गज़ब	gurukul	Other / Misc	Hindi	Indian Psychedelic Folk, Memphis Phonk, hypnotic Ektara loops, train rhythmic ch	true	18
albums	electronic-phonk-trance	Electronic Phonk Trance	3c427c65-53cf-4f73-8314-f7c17ce91bfd	Train Chug-Chug चमत्कार	gurukul	Other / Misc	English	Indian Psychedelic Folk, Memphis Phonk, hypnotic Ektara loops, train rhythmic ch	true	18
albums	electronic-phonk-trance	Electronic Phonk Trance	2f8b76a0-2fea-4f3f-9f7f-09611a2f27d7	माटी घट-विक्री	kabir-clubbing	Bhakti & Katha	Hindi	[Artist: P.H.K.D. (Pure Honest Kabir Driven) Genre: Spiritual Phonk / Cinematic	true	34
albums	electronic-phonk-trance	Electronic Phonk Trance	e7929024-f570-473c-9c81-bd82372023c1	कबीरा नमक मंडी	kabir-clubbing	Bhakti & Katha	Hindi	[Artist: P.H.K.D. (Pure Honest Kabir Driven) Genre: Spiritual Phonk / Cinematic	true	34
albums	electronic-phonk-trance	Electronic Phonk Trance	cd4e2b2c-3363-4c01-81bd-4482ad356954	कबीरा नमक मंडी	kabir-clubbing	Bhakti & Katha	Hindi	[Artist: P.H.K.D. (Pure Honest Kabir Driven) Genre: Spiritual Phonk / Cinematic	true	34
albums	electronic-phonk-trance	Electronic Phonk Trance	064fb6c2-bf1e-4247-8603-1a4228fd88b0	Saltless Tears	kabir-clubbing	Rap & Fusion	English	[Genre: Afrobeat, Indian folk fusion, Telugu folk, Tamil folk, Bangla folk, Erhu	true	13
albums	electronic-phonk-trance	Electronic Phonk Trance	e81cfcda-4146-4974-97ad-0def356a7395	नमक सनक	kabir-clubbing	Rap & Fusion	Hindi	[Genre: Afrobeat, Chinese folk fusion, Erhu, Guzheng, talking drum, deep bass, s	true	41
albums	electronic-phonk-trance	Electronic Phonk Trance	a908fdd1-014a-4f0a-8f1d-eb3e613a3396	Kabira Sanak	kabir-clubbing	Bhakti & Katha	English	[Genre: Afrobeat, Chinese folk, Erhu, Guzheng, Telugu folk, Tamil folk, Bangla f	true	63
albums	electronic-phonk-trance	Electronic Phonk Trance	aa1881d9-c310-46ae-a942-bbcdeaa35490	नमक की सनक	kabir-clubbing	Rap & Fusion	Hindi	[Genre: World fusion, Afrobeat, Chinese Erhu, Telugu Nadhaswaram, Tamil Thavil,	true	84
albums	electronic-phonk-trance	Electronic Phonk Trance	b893c0fe-1e67-4f62-9a13-005c52b42182	कबीरा न रो	kabir-clubbing	Bhakti & Katha	Hindi	[Genre: Afrobeat, Afro-fusion, Indian folk fusion, spiritual, philosophical, tal	true	32
albums	electronic-phonk-trance	Electronic Phonk Trance	531d0f3b-bd07-4bf6-8d1d-242097d6a447	Paisa Sanak	kabir-clubbing	Rap & Fusion	English	[Genre: Afrobeat, Afro-fusion, Nigerian folk, Indian folk fusion, talking drum,	true	20
albums	electronic-phonk-trance	Electronic Phonk Trance	7925c2fc-1f6f-4aac-aa53-3cd7eadd9fbd	नेता एकम डेटा	kabir-clubbing	Rap & Fusion	Hindi	[Genre: Cyberpunk, Industrial Hip-Hop, Hindi Protest Rap, Dark Synthwave] [BPM:	true	29
albums	electronic-phonk-trance	Electronic Phonk Trance	9d4efeb8-a43d-43e2-9bd9-aa8ec1017c23	डमरू तांडव	kabir-clubbing	Rap & Fusion	Hindi	Acoustic Ritual Trance. 140 BPM. NO ELECTRONICS. Raw human claps, sharp metallic	true	24
albums	electronic-phonk-trance	Electronic Phonk Trance	200924f6-fd97-4641-9ce1-dc0071add716	झूठ-ध्वनि साधन	kabir-clubbing	Rap & Fusion	Hindi	"100% Acoustic Ritual Folk, Neural Trance, No Electronic Instruments. Raw and hy	true	22
albums	electronic-phonk-trance	Electronic Phonk Trance	a8db0e7b-ca71-4345-9952-aebc3c4d9c7d	शून्य शंख-पैड	sanaatana-vaigyaniq	Sanatan & Vedic	Sanskrit	Atmospheric Afro-Zen x Deep Minimalism. 110 BPM.  Texture: आवाज़ों के बजाय 'Space	true	28
albums	electronic-phonk-trance	Electronic Phonk Trance	510031ab-3950-43ea-bcb9-b2e19ede7eb2	करुणा-शस्त्र विधान	gurukul	Other / Misc	Hindi	Zen-Drill x Afro-Phonk. 110 BPM. Soundscape: शुरुआत एक बहुत ही शांत 'Tibetan Bow	true	37
albums	electronic-phonk-trance	Electronic Phonk Trance	80022ecf-60fd-434c-9110-3782fd30a128	P.H.K.D. Shatter	gurukul	Other / Misc	English	Industrial Afro-Drill with a "Boss-Level" Cinematic Intro. 110 BPM. Vibe: Defian	true	37
albums	electronic-phonk-trance	Electronic Phonk Trance	be8830ac-7a68-434c-b532-0d602396c088	शून्य-लय पंडित	sanaatana-vaigyaniq	Sanatan & Vedic	Sanskrit	Cinematic Afro-Drill x Vedic Industrial. 110 BPM. Vocal: Deep, commanding barito	true	32
albums	electronic-phonk-trance	Electronic Phonk Trance	5fc639fe-7b5a-4ff3-b972-17f25f8a13f4	शून्य-शोर अकाल	sanaatana-vaigyaniq	Sanatan & Vedic	Sanskrit	Neo-Vedic Phonk meets Afro-Drill. 110 BPM.  Instrumentation: > * Intro (0:00-0:0	true	41
albums	electronic-phonk-trance	Electronic Phonk Trance	2a18d142-6534-4a1d-a2da-00703e7e9621	अंखिया मूँद	gurukul	Other / Misc	Hindi	Style/Genre: Afro-house meets Sexy Drill meets Indian Bhajan, 110 BPM, heavy log	true	41
albums	electronic-phonk-trance	Electronic Phonk Trance	889cb216-db14-474f-9186-192f838f34cf	Kabir Clubdevotion	kabir-clubbing	Bhakti & Katha	English	Style/Genre: Afro-house meets Sexy Drill meets Indian Bhajan, 110 BPM, heavy log	true	17
albums	electronic-phonk-trance	Electronic Phonk Trance	cc885ad5-533d-4658-97f5-c6ba2a9a87cc	अंखिया मूँद	gurukul	Other / Misc	Hindi	Style/Genre: Afro-house meets Sexy Drill meets Indian Bhajan, 110 BPM, heavy log	true	41
albums	electronic-phonk-trance	Electronic Phonk Trance	e1953d58-6e85-4b69-9fa0-b2a991ba6816	अंखिया मूँद	gurukul	Other / Misc	Hindi	Style/Genre: Afro-house meets Sexy Drill meets Indian Bhajan, 110 BPM, heavy log	true	41
albums	electronic-phonk-trance	Electronic Phonk Trance	de9697c5-2352-4e2d-b84e-6f5ba6d6e35e	Kabir Shayo Groove	kabir-clubbing	Bhakti & Katha	English	[style: Afro-house meets Sexy Drill meets Indian Bhajan, 110 BPM, log drums, con	true	17
albums	electronic-phonk-trance	Electronic Phonk Trance	3d8b096f-9f2a-4def-815f-b12ca6b1d3de	Kabir Shayo Groove	kabir-clubbing	Bhakti & Katha	English	[style: Afro-house meets Sexy Drill meets Indian Bhajan, 110 BPM, log drums, con	true	17
albums	electronic-phonk-trance	Electronic Phonk Trance	38523b11-2e31-40ac-bdc6-03bfd30b1186	कुचली पुचली लाला	kabir-clubbing	Rap & Fusion	Hindi	Indian folk fusion, bansuri flute, meditative drone,  cyberpunk eastern, raw kab	true	40
albums	electronic-phonk-trance	Electronic Phonk Trance	96a7ddf6-2c5b-44ad-b1db-16634387d175	बहरूपिया-ऑनलाइन	kabir-clubbing	Rap & Fusion	Hindi	Indian folk fusion, bansuri flute, meditative drone,  cyberpunk eastern, raw kab	true	76
albums	electronic-phonk-trance	Electronic Phonk Trance	d65dfcf3-c12e-4e51-9d93-f6f106c0ca3f	Baharupiya Reboot	kabir-clubbing	Bhakti & Katha	English	[Style: Cyberpunk + Hyper Rap + Neural Lo-fi + Raw Kabir + Time Travel Vibe + Da	true	76
albums	electronic-phonk-trance	Electronic Phonk Trance	0af7e65f-47a4-4c0f-aed2-53fa90952fb4	Baharupiya Reboot	kabir-clubbing	Bhakti & Katha	English	[Style: Cyberpunk + Hyper Rap + Neural Lo-fi + Raw Kabir + Time Travel Vibe + Da	true	76
albums	electronic-phonk-trance	Electronic Phonk Trance	b60cb4ba-3ab7-4c77-868c-3d2af99231ee	पत्थर बुत	sanaatana-vaigyaniq	Classical & Raag	Hindi	cyberpunk+hyper rap + classical + narrator=divine awakening	true	30
albums	electronic-phonk-trance	Electronic Phonk Trance	20aaab8c-af31-4a63-954e-b956c837119a	(untitled)	kabir-clubbing	Rap & Fusion	English	145 BPM, Heavy Psytrance and Haryanvi Folk Fusion, Gritty Haryanvi Female Vocals	true	37
albums	electronic-phonk-trance	Electronic Phonk Trance	e18525dd-f972-4860-9008-b147a0576764	(untitled)	kabir-clubbing	Rap & Fusion	English	"A high-octane Psytrance and Haryanvi Folk Fusion anthem. Tempo: 145 BPM. Vocals	true	56
albums	electronic-phonk-trance	Electronic Phonk Trance	14a370bd-8e3e-4b27-9afc-31fede5f5c94	(untitled)	kabir-clubbing	Rap & Fusion	English	haryanvi tamil folk trance	true	54
albums	electronic-phonk-trance	Electronic Phonk Trance	1630fdc7-2ea0-4737-a448-84a9e3a68bc4	(untitled)	kabir-clubbing	Rap & Fusion	English	Neuro-Tantra Devotional Trance Start: whisper + tanpura (no beat) Gradually add	true	78
albums	electronic-phonk-trance	Electronic Phonk Trance	092cd586-b79b-465f-b06c-972aa38bd494	neural jogi	sanaatana-vaigyaniq	Sanatan & Vedic	English	Haryanvi Ragni-Trap Fusion, Psytrance, 432Hz Tuning, Cinematic Vedic Bass, Aggre	true	82
albums	electronic-phonk-trance	Electronic Phonk Trance	c2ff4d29-bde8-449a-847e-9dcdc78e4a69	neural jogi	sanaatana-vaigyaniq	Sanatan & Vedic	English	Haryanvi Ragni-Trap Fusion, Psytrance, 432Hz Tuning, Cinematic Vedic Bass, Aggre	true	66
albums	electronic-phonk-trance	Electronic Phonk Trance	ccb6b23a-62e2-44e4-b1f4-94283dd7bdfc	neural jogi	sanaatana-vaigyaniq	Sanatan & Vedic	English	Haryanvi Ragni-Trap Fusion, Psytrance, 432Hz Tuning, Cinematic Vedic Bass, Aggre	true	23
albums	electronic-phonk-trance	Electronic Phonk Trance	bd2091ee-707a-465e-9dff-021eac34daed	(untitled)	kabir-clubbing	Rap & Fusion	English	Style: Dark Ambient Trance, Binaural beats background, Deep male vocals,  Sanskr	true	34
albums	electronic-phonk-trance	Electronic Phonk Trance	80a39cda-0980-4c6e-bffb-50088c2967de	(untitled)	kabir-clubbing	Rap & Fusion	English	trance hip-hop haryanvi flavour use train whistle and station ambiances. unique	true	48
albums	electronic-phonk-trance	Electronic Phonk Trance	94f4c705-c5c7-4637-b67d-06a21a3e1771	(untitled)	kabir-clubbing	Rap & Fusion	English	trance hip-hop haryanvi flavour	true	48
albums	electronic-phonk-trance	Electronic Phonk Trance	edf821b2-166e-4650-a7ca-0b131dcc109b	(untitled)	kabir-clubbing	Rap & Fusion	English	trance hip-hop haryanvi flavour	true	48
albums	electronic-phonk-trance	Electronic Phonk Trance	14ce1222-9f05-4f2f-bcdd-c9b871cca5a1	(untitled)	kabir-clubbing	Rap & Fusion	English	trance hip-hop haryanvi flavour	true	57
albums	electronic-phonk-trance	Electronic Phonk Trance	3bd10216-5f47-4506-8828-9fc84e552bba	(untitled)	kabir-clubbing	Rap & Fusion	English	trance hip-hop haryanvi flavour	true	57
albums	electronic-phonk-trance	Electronic Phonk Trance	dc697cc3-5cb9-43ab-a2de-622b7348bff5	kudru ki beti naagin	kabir-clubbing	Rap & Fusion	English	Psychedelic Haryanvi Folk-Trance, 140 BPM, Piercing Ethnic Been (Snake Charmer F	true	23
albums	electronic-phonk-trance	Electronic Phonk Trance	430b028b-8fd1-4267-a16b-8eb1bb791e10	kudru ki beti naagin	kabir-clubbing	Rap & Fusion	English	Create a mystical Aghor Nagini trance track with pungi (snake-charmer flute), kh	true	111
albums	electronic-phonk-trance	Electronic Phonk Trance	ae318a44-4e70-4bf5-ac17-58cd30dfa4d0	kudru ki beti naagin	kabir-clubbing	Rap & Fusion	English	Haryanvi-Bagri Folk Fusion, Psychedelic Trance, Khamak-driven rhythmic vibration	true	41
albums	electronic-phonk-trance	Electronic Phonk Trance	770b4285-cc03-4121-9c55-4fd9e710a9ef	kudru ki beti naagin	kabir-clubbing	Rap & Fusion	English	Haryanvi-Bagri Folk Fusion, Psychedelic Trance, Khamak-driven rhythmic vibration	true	41
albums	electronic-phonk-trance	Electronic Phonk Trance	71f75486-1686-40eb-bbf3-1018b7e8b3b7	kudru ki beti naagin	kabir-clubbing	Rap & Fusion	English	Haryanvi-Bagri Folk Fusion, Psychedelic Trance, Khamak-driven rhythmic vibration	true	19
albums	electronic-phonk-trance	Electronic Phonk Trance	1210841d-cb58-4632-96de-39a6f862b69a	(untitled)	sanaatana-vaigyaniq	Sanatan & Vedic	English	Atmospheric Aghori Chants, Tribal Trance, Haryanvi Folk-Blues Fusion. Starts wit	true	32
albums	electronic-phonk-trance	Electronic Phonk Trance	ca288e06-1055-405b-b5d6-0658613608d7	ram ki gilahari	kabir-clubbing	Rap & Fusion	English	Indian EDM bhajan fusion. Tempo: 110 BPM. Style: devotional electronic + festiva	true	76
albums	electronic-phonk-trance	Electronic Phonk Trance	f281e5bc-94e4-4a34-a3f4-601fcbfb4f1b	ram ki gilahari	kabir-clubbing	Rap & Fusion	English	Indian EDM bhajan fusion. Tempo: 110 BPM. Style: devotional electronic + festiva	true	76
albums	electronic-phonk-trance	Electronic Phonk Trance	d8019a5d-29e1-445e-a172-633778687c7d	पपिया	kabir-clubbing	Rap & Fusion	Hindi	Indian EDM bhajan fusion. Tempo: 110 BPM. Style: devotional electronic + festiva	true	38
albums	kabir-sufi-qawwali	Kabir Sufi Qawwali	0551f9c5-85b2-43c5-a715-b29b3a10df0c	कबीर निर्गुण	kabir-clubbing	Bhakti & Katha	Hindi	Acoustic Neural Trans fused with Raw Crisp Drill Beats, emotional Sufi-Drill voc	true	41
albums	kabir-sufi-qawwali	Kabir Sufi Qawwali	c7fabad5-bd6d-4a60-b985-ad0aae6819c3	चणक्य चांदी	kabir-clubbing	Rap & Fusion	Hindi	Aggressive Haryanvi Hyperrap fused with powerful Sufi Qawwali claps, crushing di	true	47
albums	kabir-sufi-qawwali	Kabir Sufi Qawwali	e1ec848b-c158-4366-ba75-bb0d12943801	चाणक्य सिक्का	kabir-clubbing	Rap & Fusion	Hindi	Aggressive Haryanvi Hyperrap fused with powerful Sufi Qawwali claps, high-impact	true	20
albums	kabir-sufi-qawwali	Kabir Sufi Qawwali	eae4f2af-ad53-414e-b47b-70dcd331427a	चांदी का सिक्का	kabir-clubbing	Rap & Fusion	Hindi	Aggressive Haryanvi Hyperrap fused with powerful Sufi Qawwali claps, high-impact	true	46
albums	kabir-sufi-qawwali	Kabir Sufi Qawwali	55b29326-16e4-4e61-84ab-ce7f6cd164df	साती माटी-चोला	kabir-clubbing	Rap & Fusion	Hindi	Style: Raga Bhairavi, Raga Yaman, Raga Malkauns, Sufi fusion, Rajasthani folk,	true	37
albums	kabir-sufi-qawwali	Kabir Sufi Qawwali	989e203d-59cf-43b4-b450-bd5f5fdf28a6	ख़्वाब-धागा आधा	kabir-clubbing	Rap & Fusion	Hindi	[Cinematic World-Fusion, Deep Spiritual Qawwali Vocals, 142 BPM, UK Drill influe	true	49
albums	kabir-sufi-qawwali	Kabir Sufi Qawwali	081d7d0e-d5f4-455e-9716-46f8bfcd192f	साहब खोज जंग	kabir-clubbing	Rap & Fusion	Hindi	[Cinematic World-Fusion, Deep Spiritual Qawwali vocals mixed with High-Impact UK	true	23
albums	kabir-sufi-qawwali	Kabir Sufi Qawwali	d02ff9aa-08de-4c3c-894a-5d78bf3883f8	जैठ की दुपहरी	ameerpur	Love & Virah	Hindi	[Style: Slow emotional ghazal, Sufi, male voice, crying tone, melancholic, acous	true	25
albums	kabir-sufi-qawwali	Kabir Sufi Qawwali	f5f173d2-b941-4beb-8383-123e56486214	सिलेंस के पार	gurukul	Other / Misc	Hindi	[Style: Nautanki-Swang-Qawwali hybrid audio drama. Single male vocalist performi	true	36
albums	kabir-sufi-qawwali	Kabir Sufi Qawwali	2b4d9843-2835-4383-b5f5-f90a9f2cde42	घुटने-छुपा एक	gurukul	Other / Misc	Hindi	[Style: Three-voice dialogue Qawwali. Characters: Raskhan (Braj, mischievous, su	true	61
albums	kabir-sufi-qawwali	Kabir Sufi Qawwali	91ec0002-3ce7-418e-a969-3c1a00f9f662	नाम अनेक एक	gurukul	Other / Misc	Hindi	[Style: Traditional Qawwali sung in Braj Bhasha dialect, Sufi devotional tone, m	true	1
albums	kabir-sufi-qawwali	Kabir Sufi Qawwali	b25c705c-37d8-4b8f-8f80-49fc861fb6a5	नाम-छुपा दाता	gurukul	Other / Misc	Hindi	[Style: Hybrid Sufi composition — alternating between solo spoken-word Nazm and	true	37
albums	kabir-sufi-qawwali	Kabir Sufi Qawwali	31e87d44-ff07-4ab5-8a2d-4381d75a2b64	Tujh Par भरोसा	gurukul	Other / Misc	English	[Style: Traditional Qawwali, male lead vocal with 3-voice male chorus, harmonium	true	1
albums	kabir-sufi-qawwali	Kabir Sufi Qawwali	4cf08691-a7ea-40e0-bd21-8b0b272cb3f6	वो है-इसलिए मैं	kabir-clubbing	Rap & Fusion	Hindi	[Style: Sufi devotional, slow meditative recitation, no rhythm, no beat, only de	true	12
albums	kabir-sufi-qawwali	Kabir Sufi Qawwali	bb4a0cdc-93a8-4846-a9c5-30071f2fcf78	चप्पल-झिड़कियाँ	kabir-clubbing	Rap & Fusion	Hindi	[Genre: Qawwali × Hip-Hop Fusion, Indian Devotional Folk, Comedy, Urban Desi, Ma	true	51
albums	kabir-sufi-qawwali	Kabir Sufi Qawwali	e6e7cdf5-7183-436b-b56a-c8060859c0de	माँ की बेलन-झिड़कियाँ	kabir-clubbing	Rap & Fusion	Hindi	[Genre: Qawwali × Hip-Hop Fusion, Indian Devotional Folk, Comedy, Urban Desi, Ma	true	49
albums	kabir-sufi-qawwali	Kabir Sufi Qawwali	bd82b09f-8f58-4b13-8ae8-b3c88ea71ee4	बंसी तान बिरह	gurukul	Other / Misc	Hindi	Raw street temple qawwali, Raga Todi, live at Nidhivan Vrindavan, thousands of g	true	43
albums	kabir-sufi-qawwali	Kabir Sufi Qawwali	cb3b5a5b-0158-437f-bb0f-a905d88de403	बंसी तान बिरह	gurukul	Other / Misc	Hindi	Raw street temple qawwali, Raga Todi, live at Nidhivan Vrindavan, thousands of g	true	43
albums	kabir-sufi-qawwali	Kabir Sufi Qawwali	6093fffc-e0fc-44c3-b9b9-66d4d27c8180	तोरि बंसी तान	gurukul	Other / Misc	Hindi	Raw street temple qawwali, Raga Todi, live at Nidhivan Vrindavan, thousands of g	true	65
albums	kabir-sufi-qawwali	Kabir Sufi Qawwali	bdf090e4-3d39-4d47-863b-7bd1757feb8d	बंसीधर ताज	gurukul	Other / Misc	Hindi	Cinematic qawwali, Raga Todi, thousands of gopis + Radha solo, 60-120 BPM, femal	true	43
albums	kabir-sufi-qawwali	Kabir Sufi Qawwali	52095580-5eef-4721-9a8a-1f615159529c	बंसीधर का ताज	gurukul	Other / Misc	Hindi	Raga Todi qawwali, 70 to 110 BPM, female devotional voice, bansuri, harmonium, t	false	0
albums	kabir-sufi-qawwali	Kabir Sufi Qawwali	091ab81d-180d-4521-8005-1d08377b3f14	साँस का पहरा	ameerpur	Love & Virah	Hindi	Cinematic Modern Ghazal, Dark Ambient, Ethereal Baritone Male Vocals, Deep Cello	true	14
albums	kabir-sufi-qawwali	Kabir Sufi Qawwali	87cb98e9-3781-4876-86b0-4540f8ecf4b1	रेत पर निशाँ	gurukul	Other / Misc	Hindi	Modern Sufi Qawwali, divine male vocals, slow emotional tempo, harmonium, soft t	true	17
albums	kabir-sufi-qawwali	Kabir Sufi Qawwali	b56bd6df-5167-43b3-b0a6-cf5f42c72589	मेट्रो दरवाज़े बंद x Animatrix लोडिंग (Mashup)	sanaatana-vaigyaniq	Sanatan & Vedic	English	Afro-Phonk Fusion, Vedic Chanting, Modern Indian Folk, Neon-Sufi, Syncopated Dje	true	68
albums	kabir-sufi-qawwali	Kabir Sufi Qawwali	d0569990-a19a-4e68-b82b-1db44b271e2a	मेट्रो दरवाज़े बंद x Animatrix लोडिंग (Mashup)	sanaatana-vaigyaniq	Sanatan & Vedic	English	Afro-Phonk Fusion, Vedic Chanting, Modern Indian Folk, Neon-Sufi, Syncopated Dje	true	68
albums	kabir-sufi-qawwali	Kabir Sufi Qawwali	e48f5522-c4e9-43c9-8080-e6a097fa596c	मेट्रो दरवाज़े बंद	sanaatana-vaigyaniq	Sanatan & Vedic	Sanskrit	Afro-Phonk Fusion, Vedic Chanting, Modern Indian Folk, Neon-Sufi, Syncopated Dje	true	68
albums	kabir-sufi-qawwali	Kabir Sufi Qawwali	e4126f4b-d140-4061-9c2f-294733f12904	Animatrix Loading	sanaatana-vaigyaniq	Sanatan & Vedic	English	Afro-Phonk Fusion, Vedic Chanting, Modern Indian Folk, Neon-Sufi, Syncopated Dje	true	66
albums	kabir-sufi-qawwali	Kabir Sufi Qawwali	9aa4b117-b9b0-46de-9c7d-4e16fadb5159	Animatrix लोड	sanaatana-vaigyaniq	Sanatan & Vedic	English	Afro-Phonk Fusion, Vedic Chanting, Modern Indian Folk, Neon-Sufi, Syncopated Dje	true	66
albums	kabir-sufi-qawwali	Kabir Sufi Qawwali	40bc367c-0e8b-4773-800e-f68e8cf45f1e	Animatrix Loading	sanaatana-vaigyaniq	Sanatan & Vedic	English	Afro-Phonk Fusion, Vedic Chanting, Modern Indian Folk, Neon-Sufi, Syncopated Dje	true	66
albums	kabir-sufi-qawwali	Kabir Sufi Qawwali	47ed762a-d69b-40e3-8c6b-9feee3c9bd95	Animatrix लोड	sanaatana-vaigyaniq	Sanatan & Vedic	English	Afro-Phonk Fusion, Vedic Chanting, Modern Indian Folk, Neon-Sufi, Syncopated Dje	true	66
albums	kabir-sufi-qawwali	Kabir Sufi Qawwali	a1faf499-0ae9-40d2-ac91-2d8e83b55f0c	Animatrix लोडिंग	sanaatana-vaigyaniq	Sanatan & Vedic	English	Afro-Phonk Fusion, Vedic Chanting, Modern Indian Folk, Neon-Sufi, Syncopated Dje	true	66
albums	kabir-sufi-qawwali	Kabir Sufi Qawwali	c2da4a42-4081-4f8b-bcce-99e67d38740e	Animatrix लोडिंग	sanaatana-vaigyaniq	Sanatan & Vedic	English	Afro-Phonk Fusion, Vedic Chanting, Modern Indian Folk, Neon-Sufi, Syncopated Dje	true	66
albums	kabir-sufi-qawwali	Kabir Sufi Qawwali	12168a29-23fd-464a-8f32-b552fd6e4571	Animatrix Loading	gurukul	Other / Misc	English	Cyber-Sufi Afro-Phonk, Heavy Distorted 808 Bass, Cowbell Phonk Melody, Fast Sync	true	66
albums	kabir-sufi-qawwali	Kabir Sufi Qawwali	eba6ef4c-4673-47d3-a972-ec071def7fc1	मेट्रो डिब्बा मोबाइल	gurukul	Other / Misc	Hindi	Cyber-Sufi Afro-Phonk, Heavy Distorted 808 Bass, Cowbell Phonk Melody, Fast Sync	true	65
albums	kabir-sufi-qawwali	Kabir Sufi Qawwali	f4537e0d-1ee4-43aa-886c-096606a8877f	Animatrix Loading (Remastered)	kabir-clubbing	Rap & Fusion	English	Dark Drift Phonk, Afrobeat percussion, Cyber-Sufi, Cinematic Space Atmosphere, H	true	50
albums	kabir-sufi-qawwali	Kabir Sufi Qawwali	1b6225a2-fb64-49aa-94db-802efe864623	Duduk Cello Oath	kabir-clubbing	Rap & Fusion	English	Cinematic World-Sufi Fusion, Avant-garde Qawwali, Mournful Armenian Duduk Intro,	true	25
albums	kabir-sufi-qawwali	Kabir Sufi Qawwali	3e849ef6-8f9e-467f-b6cd-23ece1febccc	Animatrix Loading	kabir-clubbing	Rap & Fusion	English	Dark Drift Phonk, Afrobeat percussion, Cyber-Sufi, Cinematic Space Atmosphere, H	true	50
albums	kabir-sufi-qawwali	Kabir Sufi Qawwali	eb94acbb-29cd-4d8f-8cfd-bc1845d25b66	Animatrix Loading	kabir-clubbing	Rap & Fusion	English	Dark Drift Phonk, Afrobeat percussion, Cyber-Sufi, Cinematic Space Atmosphere, H	true	50
albums	kabir-sufi-qawwali	Kabir Sufi Qawwali	3580b58a-f911-4e7a-a531-b00a0b28b285	Sanatan Data	sanaatana-vaigyaniq	Sanatan & Vedic	English	Dark Drift Phonk, Afrobeat percussion, Cyber-Sufi, Cinematic Space Atmosphere, H	true	42
albums	kabir-sufi-qawwali	Kabir Sufi Qawwali	2020dea5-b656-40ad-afab-e188b5b87eb4	Earth Station Static	kabir-clubbing	Rap & Fusion	English	Dark Drift Phonk, Afrobeat percussion, Cyber-Sufi, Cinematic Space Atmosphere, H	true	25
albums	kabir-sufi-qawwali	Kabir Sufi Qawwali	dbccc64f-268b-4c67-b479-32878a298eab	आंसू तौल-मोल	kabir-clubbing	Bhakti & Katha	Hindi	[Artist: P.H.K.D. (Pure Honest Kabir Driven) Genre: Trans UX, use ambience sound	true	36
albums	kabir-sufi-qawwali	Kabir Sufi Qawwali	2f8b76a0-2fea-4f3f-9f7f-09611a2f27d7	माटी घट-विक्री	kabir-clubbing	Bhakti & Katha	Hindi	[Artist: P.H.K.D. (Pure Honest Kabir Driven) Genre: Spiritual Phonk / Cinematic	true	34
albums	kabir-sufi-qawwali	Kabir Sufi Qawwali	e7929024-f570-473c-9c81-bd82372023c1	कबीरा नमक मंडी	kabir-clubbing	Bhakti & Katha	Hindi	[Artist: P.H.K.D. (Pure Honest Kabir Driven) Genre: Spiritual Phonk / Cinematic	true	34
albums	kabir-sufi-qawwali	Kabir Sufi Qawwali	cd4e2b2c-3363-4c01-81bd-4482ad356954	कबीरा नमक मंडी	kabir-clubbing	Bhakti & Katha	Hindi	[Artist: P.H.K.D. (Pure Honest Kabir Driven) Genre: Spiritual Phonk / Cinematic	true	34
albums	kabir-sufi-qawwali	Kabir Sufi Qawwali	a908fdd1-014a-4f0a-8f1d-eb3e613a3396	Kabira Sanak	kabir-clubbing	Bhakti & Katha	English	[Genre: Afrobeat, Chinese folk, Erhu, Guzheng, Telugu folk, Tamil folk, Bangla f	true	63
albums	kabir-sufi-qawwali	Kabir Sufi Qawwali	2e0e6ce6-2cc7-486b-a473-7cb8e45e78e8	Kabira na ro	kabir-clubbing	Bhakti & Katha	English	Bhakti & Katha	true	20
albums	kabir-sufi-qawwali	Kabir Sufi Qawwali	889cb216-db14-474f-9186-192f838f34cf	Kabir Clubdevotion	kabir-clubbing	Bhakti & Katha	English	Style/Genre: Afro-house meets Sexy Drill meets Indian Bhajan, 110 BPM, heavy log	true	17
albums	kabir-sufi-qawwali	Kabir Sufi Qawwali	de9697c5-2352-4e2d-b84e-6f5ba6d6e35e	Kabir Shayo Groove	kabir-clubbing	Bhakti & Katha	English	[style: Afro-house meets Sexy Drill meets Indian Bhajan, 110 BPM, log drums, con	true	17
albums	kabir-sufi-qawwali	Kabir Sufi Qawwali	3d8b096f-9f2a-4def-815f-b12ca6b1d3de	Kabir Shayo Groove	kabir-clubbing	Bhakti & Katha	English	[style: Afro-house meets Sexy Drill meets Indian Bhajan, 110 BPM, log drums, con	true	17
albums	kabir-sufi-qawwali	Kabir Sufi Qawwali	4f57a0d7-1f5e-47fe-a249-405c77fc2ddf	Kabir Pillar Collapse	kabir-clubbing	Bhakti & Katha	English	[style: devotional drill, Indian bhajan meets Sexy Drill, 60 BPM, harmonium + he	true	27
albums	kabir-sufi-qawwali	Kabir Sufi Qawwali	a3921a5e-3468-4352-82c7-464bbbbdee6f	कुचली-पुचली लाला	gurukul	Other / Misc	Hindi	Sufi, Indian Folk, Acoustic Lullaby, Soft Male Vocals, Harmonium, Tabla, Sitar,	true	40
albums	kabir-sufi-qawwali	Kabir Sufi Qawwali	3118ddf7-ffd5-4762-a8c4-74a78371a3e4	कुचली पुचली लाला	gurukul	Other / Misc	Hindi	[Style: Sufi, Acoustic Lullaby, Indian Folk, Soft Male Vocals, Harmonium, Tabla,	true	37
albums	kabir-sufi-qawwali	Kabir Sufi Qawwali	d65dfcf3-c12e-4e51-9d93-f6f106c0ca3f	Baharupiya Reboot	kabir-clubbing	Bhakti & Katha	English	[Style: Cyberpunk + Hyper Rap + Neural Lo-fi + Raw Kabir + Time Travel Vibe + Da	true	76
albums	kabir-sufi-qawwali	Kabir Sufi Qawwali	0af7e65f-47a4-4c0f-aed2-53fa90952fb4	Baharupiya Reboot	kabir-clubbing	Bhakti & Katha	English	[Style: Cyberpunk + Hyper Rap + Neural Lo-fi + Raw Kabir + Time Travel Vibe + Da	true	76
albums	kabir-sufi-qawwali	Kabir Sufi Qawwali	1826d08a-5fb4-4ab4-adb0-4163baf9acfc	लम्स-ए-हवा रोया	ameerpur	Love & Virah	Hindi	Drill, Urdu/Hindi poetry, Ghazal elements, slow melodic hook, heavy 808 bass, em	true	95
albums	kabir-sufi-qawwali	Kabir Sufi Qawwali	ef834e73-a6e2-4dc4-a69f-cf8697e9de12	लम्स-ए-हवा सर्द	ameerpur	Love & Virah	Hindi	Drill, Urdu/Hindi poetry, Ghazal elements, slow melodic hook, heavy 808 bass, em	true	47
albums	kabir-sufi-qawwali	Kabir Sufi Qawwali	a1a5dd9d-4535-4bdc-aef8-0471e275049f	लम्स-ए-हवा साया	ameerpur	Love & Virah	Hindi	[Intro] – Spoken word / wind sound (Ghazal mood)  [DROP] – Heavy 808 + drill per	true	59
albums	kabir-sufi-qawwali	Kabir Sufi Qawwali	4d6f705f-a026-4060-a32f-77594f87a633	Log Kahte Hain	gurukul	Other / Misc	English	Meditative Sufi Qawwali, 432Hz deep drone, Cinematic Ambient, Ethereal Armenian	true	48
albums	kabir-sufi-qawwali	Kabir Sufi Qawwali	2571d6ce-4581-46f0-979a-ad146a326d31	Chirag-Hawa Saza	gurukul	Other / Misc	English	[Style: Sufi Qawwali, Male vocal solo and ensemble, No instruments, Only human v	true	78
albums	kabir-sufi-qawwali	Kabir Sufi Qawwali	e34d5702-04b2-4e44-8ee0-ba8fa513b3f9	Khaki Naata	gurukul	Other / Misc	English	[Style: Sufi Qawwali, Male vocal solo and ensemble, No instruments, Only human v	true	78
albums	kabir-sufi-qawwali	Kabir Sufi Qawwali	eb83681b-2fdb-4f0f-b17b-e4d834c5e311	تدبیرِ خاک	gurukul	Other / Misc	Hindi	[Style: Sufi Qawwali, Male vocal solo and ensemble, No instruments, Only human v	true	79
albums	kabir-sufi-qawwali	Kabir Sufi Qawwali	87fea1fe-2c22-4af4-a777-87a8b62cc57a	Tadbeer Barbaad	kabir-clubbing	Rap & Fusion	English	[Style: Sufi Qawwali mixed with modern Beatbox, Acoustic, Spiritual, Mystical, S	true	39
albums	kabir-sufi-qawwali	Kabir Sufi Qawwali	6cd28c91-198a-4d8b-bad2-26ebd34288a2	Khaksar Diya	gurukul	Other / Misc	English	[Style: Sufi Qawwali, Male vocal solo and ensemble, No instruments, Only human v	true	136
albums	kabir-sufi-qawwali	Kabir Sufi Qawwali	781c9290-2241-4ea8-8ca4-c206d5ee558a	Iltija Jor-Aazmaish	kabir-clubbing	Rap & Fusion	English	Style: world fusion, spiritual awakening, slow sufi ghazal, cinematic ambient, n	true	41
albums	kabir-sufi-qawwali	Kabir Sufi Qawwali	a9b3bf78-406c-4fae-a4ad-3cb4afe8447b	साँस की गुंजाइश	sanaatana-vaigyaniq	Classical & Raag	Hindi	style  slow sufi ghazal  indian classical  hindustani  minimal  ambient  no perc	true	17
albums	kabir-sufi-qawwali	Kabir Sufi Qawwali	f4b382b7-da16-448e-8a6b-1e49367d23d6	साँस की गुंजाइश	sanaatana-vaigyaniq	Classical & Raag	Hindi	style  slow sufi ghazal  indian classical  hindustani  minimal  ambient  no perc	true	17
albums	kabir-sufi-qawwali	Kabir Sufi Qawwali	37fb9699-f1ca-49b8-acaa-6903ab65d04b	सांस-गुंजाइश	sanaatana-vaigyaniq	Classical & Raag	Hindi	style  slow sufi ghazal  indian classical  hindustani  minimal  ambient  no perc	true	17
albums	kabir-sufi-qawwali	Kabir Sufi Qawwali	86ee6acf-c17f-4674-bf19-557333906d47	अक्षर-बेच समझौता	kabir-clubbing	Rap & Fusion	Hindi	Style: Haryanvi Folk-Drill x Industrial Qawwali Fusion. Atmosphere: A high-stake	true	23
albums	kabir-sufi-qawwali	Kabir Sufi Qawwali	e773bb44-f4cd-4cdd-b0cd-2a3b9749060f	अक्षर-बेच समझौता	kabir-clubbing	Rap & Fusion	Hindi	Style: Haryanvi Folk-Drill x Industrial Qawwali Fusion. Atmosphere: A high-stake	true	23
albums	kabir-sufi-qawwali	Kabir Sufi Qawwali	ffeaefee-fcca-45f2-afcf-27c219f71bff	लॉट-जीरो-वन	kabir-clubbing	Rap & Fusion	Hindi	Style/Genre: Haryanvi Folk-Drill, Industrial Qawwali Fusion, Cinematic Dark Synt	true	24
albums	kabir-sufi-qawwali	Kabir Sufi Qawwali	1b4b29a3-0bc4-40d8-a882-8dec76cfbcac	Lot 001 Tanpura Snap	kabir-clubbing	Rap & Fusion	English	Style/Genre: Haryanvi Folk-Drill, Industrial Qawwali Fusion, Cinematic Dark Synt	true	24
albums	kabir-sufi-qawwali	Kabir Sufi Qawwali	05aa80d4-acdd-4719-9275-9692846ebe1a	तीखी फकीराना सीटी	kabir-clubbing	Rap & Fusion	Hindi	"Acapella Qawwali, Indian Folk Fusion, Vocal Percussion, Beatboxing, Human whist	true	17
albums	kabir-sufi-qawwali	Kabir Sufi Qawwali	aabfe9a1-a902-4348-9d22-19d7aa99fda5	दो घड़े टूटा	gurukul	Other / Misc	Hindi	Sufi Qawwali, Nirguni Bhajan, Raga Todi, Harmonium, Tabla Keherva, Male Passiona	true	34
albums	kabir-sufi-qawwali	Kabir Sufi Qawwali	b6c9f3e8-e3b5-4dc5-84ea-bea07bfc4631	Toota Ghadaa Gaaye	sanaatana-vaigyaniq	Classical & Raag	English	[Style: Traditional Sufi Qawwali, Hindustani classical, Raga Todi, slow harmoniu	true	47
albums	kabir-sufi-qawwali	Kabir Sufi Qawwali	bdf3c9a0-9989-4f8e-bca8-bb66f06bc9d7	Ek Ghade	gurukul	Other / Misc	English	Qawwali, traditional Pakistani/Indian Sufi devotional music, slow to fast build	true	41
albums	kabir-sufi-qawwali	Kabir Sufi Qawwali	c866c36a-ad31-4461-a2df-711fcbb455d4	रिश्ता है!!	sanaatana-vaigyaniq	Classical & Raag	Hindi	style  qawwali with heavy taan  murki  toda  hindustani classical ornamentation	true	36
albums	kabir-sufi-qawwali	Kabir Sufi Qawwali	5310feb2-43cf-491d-a8cf-058a6e885ea5	रिश्ता-नाल-इम्तिहाँ	sanaatana-vaigyaniq	Classical & Raag	Hindi	style  qawwali with heavy taan  murki  toda  hindustani classical ornamentation	true	36
albums	kabir-sufi-qawwali	Kabir Sufi Qawwali	7c76f4be-b274-4727-952b-4bd968da0040	रिश्ता-नाल-इम्तिहाँ	sanaatana-vaigyaniq	Classical & Raag	Hindi	[Style: Qawwali with heavy taan, murki, toda, Hindustani classical ornamentation	true	36
albums	kabir-sufi-qawwali	Kabir Sufi Qawwali	887fa5d3-8f3a-458d-a688-c674623e6c56	रिश्ता आलाپ	sanaatana-vaigyaniq	Classical & Raag	Hindi	style  qawwali with heavy taan  murki  toda  hindustani classical ornamentation	true	42
albums	kabir-sufi-qawwali	Kabir Sufi Qawwali	5f341636-2cac-4b43-abf7-f4ebd3899795	रिश्ता आलाپ	sanaatana-vaigyaniq	Classical & Raag	Hindi	style  qawwali with heavy taan  murki  toda  hindustani classical ornamentation	true	42
albums	kabir-sufi-qawwali	Kabir Sufi Qawwali	8e951426-a919-48cd-9432-5ffbeec40bb2	खो गई पहचान	sanaatana-vaigyaniq	Classical & Raag	Hindi	[Style: Indian classical fusion, dark devotional, sufi rock, slow tempo, male vo	true	18
albums	kabir-sufi-qawwali	Kabir Sufi Qawwali	f3e77ca3-d3b1-4029-8814-3da77d041154	(untitled)	kabir-clubbing	Bhakti & Katha	English	"A raw, minimalist, and hauntingly soulful PHKD (Folk-HipHop-Kabir) fusion. The	true	27
albums	kabir-sufi-qawwali	Kabir Sufi Qawwali	eea1f46e-7cbb-441d-abcb-52a46144583a	(untitled)	ameerpur	Love & Virah	English	Genre: Indic-Sufi-Lusophone-Blues Virah Raga Tempo: 70 BPM slow emotional  Vocal	true	55
albums	kabir-sufi-qawwali	Kabir Sufi Qawwali	0902ef6d-8f19-458b-b932-855765d1dcd1	(untitled)	sanaatana-vaigyaniq	Sanatan & Vedic	English	Haryanvi folk ragni, Sufi qawwali, cinematic anthem, Vedic chant, epic choir, sp	true	177
albums	kabir-sufi-qawwali	Kabir Sufi Qawwali	ff00e623-ff9b-4092-8866-9a775e6de626	(untitled)	sanaatana-vaigyaniq	Sanatan & Vedic	English	Haryanvi folk ragni, Sufi qawwali, cinematic anthem, Vedic chant, epic choir, sp	true	177
albums	kabir-sufi-qawwali	Kabir Sufi Qawwali	1f500bc8-f5ba-4d2c-8156-b182c9b0b46b	(untitled)	gurukul	Other / Misc	English	Style: Egyptian lullaby + cinematic awakening anthem + Sufi-orchestral folk Mood	true	98
albums	kabir-sufi-qawwali	Kabir Sufi Qawwali	7960d8d5-9742-4fb2-9329-3efae9f39d73	(untitled)	gurukul	Other / Misc	English	Style: Egyptian lullaby + cinematic awakening anthem + Sufi-orchestral folk Mood	true	92
albums	kabir-sufi-qawwali	Kabir Sufi Qawwali	0eb2d750-cbc8-4f32-a693-53d8d313e086	(untitled)	kabir-clubbing	Rap & Fusion	English	Chinese folk melody + Sufi Qawwali + philosophical hip-hop rap fusion. Male powe	true	38
albums	kabir-sufi-qawwali	Kabir Sufi Qawwali	a83302ba-61f6-48d3-98d6-d5f17a0e49b8	(untitled)	kabir-clubbing	Rap & Fusion	English	epic spiritual world fusion song, powerful male qawwali singer, cinematic produc	true	38
albums	kabir-sufi-qawwali	Kabir Sufi Qawwali	0d3d2d6f-939b-4d8a-bf49-2b1e080d944e	Replace 01:09-01:09 (06:30 AM Mar 12)	sanaatana-vaigyaniq	Sanatan & Vedic	English	Style: Vedic chant + Sufi qawwali fusion Tempo: 90 BPM gradually rising to 105 B	true	49
albums	kabir-sufi-qawwali	Kabir Sufi Qawwali	25982a1c-a0b7-4bdc-9d4c-c685bb4d58d2	(untitled)	sanaatana-vaigyaniq	Sanatan & Vedic	English	Style: Vedic chant + Sufi qawwali fusion Tempo: 90 BPM gradually rising to 105 B	true	60
albums	kabir-sufi-qawwali	Kabir Sufi Qawwali	dd614877-e23b-45fa-b39a-80fa94764196	red compare	kabir-clubbing	Rap & Fusion	English	Hard Divine Hip-Hop with Sufi spiritual undertone. Hindi rap, deep powerful male	true	58
albums	kabir-sufi-qawwali	Kabir Sufi Qawwali	ca2f7d24-dce8-4f7e-8f4d-63b8c399382c	red compare	kabir-clubbing	Rap & Fusion	English	Revolutionary Hindi rap mixed with Sufi folk. Male deep voice, intense delivery.	true	32
albums	kabir-sufi-qawwali	Kabir Sufi Qawwali	38e46be7-3f17-43e1-8de5-3661e8c064e3	कालिख के भीतर	kabir-clubbing	Rap & Fusion	Hindi	Genre: Philosophical Sufi Rap Fusion Tempo: 90 BPM Scale: D minor Mood: Deep, in	true	36
albums	kabir-sufi-qawwali	Kabir Sufi Qawwali	cdb84859-bd8f-43a9-b7f9-6a080b49e779	कालिख के भीतर	kabir-clubbing	Rap & Fusion	Hindi	Genre: Philosophical Sufi Rap Fusion Tempo: 90 BPM Scale: D minor Mood: Deep, in	true	40
albums	kabir-sufi-qawwali	Kabir Sufi Qawwali	0c99df73-cc56-439f-a358-0cdbaff0f6f3	del	ameerpur	Love & Virah	English	Bollywood Romantic Duet Emotional Ghazal Pop Soft Acoustic Love Song	true	65
albums	kabir-sufi-qawwali	Kabir Sufi Qawwali	ce3542f2-07bf-4e0e-94d0-849e29cc7cc7	del	ameerpur	Love & Virah	English	Bollywood Romantic Duet Emotional Ghazal Pop Soft Acoustic Love Song	true	65
albums	neural-ai-radio-lab	Neural AI Radio Lab	2cba3a04-39a7-4cb7-8c74-33800f3a25d7	काली कलम	kabir-clubbing	Naagin & Mystic	Hindi	.  🎵 KA KAA RAHASYA (क का रहस्य) A Narrator-Style Neural Mystical Ballad Directi	true	83
albums	neural-ai-radio-lab	Neural AI Radio Lab	3c08a390-57b0-4deb-b710-ffd81cd63cec	Ka Kau Question	kabir-clubbing	Naagin & Mystic	English	🎵 Song: Ka Kaa Rahasya (The Secret of 'Ka') Style: Neural Narrative mystical bal	true	131
albums	neural-ai-radio-lab	Neural AI Radio Lab	0551f9c5-85b2-43c5-a715-b29b3a10df0c	कबीर निर्गुण	kabir-clubbing	Bhakti & Katha	Hindi	Acoustic Neural Trans fused with Raw Crisp Drill Beats, emotional Sufi-Drill voc	true	41
albums	neural-ai-radio-lab	Neural AI Radio Lab	ccd4fdeb-6879-4797-ae1f-f37fe6330b64	पिंगल-बाइनरी ट्राम	kabir-clubbing	Bhakti & Katha	Hindi	neural radio program for students	true	38
albums	neural-ai-radio-lab	Neural AI Radio Lab	ac3bbd7c-13ce-4c58-8852-a3ba11cf9d62	कोर लॉग्स लाइव	gurukul	Other / Misc	Hindi	neural radio program for students	true	1
albums	neural-ai-radio-lab	Neural AI Radio Lab	9e69f682-8e35-49be-bd83-e64b31b91832	डिजिटल गुरुकुल लॉग्स	gurukul	Other / Misc	Hindi	Style: real radio, sanaatana telecast	true	1
albums	neural-ai-radio-lab	Neural AI Radio Lab	1fe24a9e-568a-49b0-ba5b-a24b30c0d106	डिजिटल गुरुकुल लॉग्स	gurukul	Other / Misc	Hindi	Style: real radio, sanaatana telecast	true	1
albums	neural-ai-radio-lab	Neural AI Radio Lab	161f3183-f997-4981-afda-e28650b9f92d	डिजिटल गुरुकुल-कनेक्टर	gurukul	Other / Misc	Hindi	Style: radio sanaatana telecast	true	1
albums	neural-ai-radio-lab	Neural AI Radio Lab	6657399e-3da3-424d-9965-024cc4786644	Tanpura Rainbird	gurukul	Other / Misc	English	Style: Lo-fi Hip Hop, Chillhop, Indian folk sample, 75 BPM, soft male vocals, v	true	45
albums	neural-ai-radio-lab	Neural AI Radio Lab	2f7dc4d3-998d-4f4c-b011-9f88e7a482c1	Tanpura Rainbird	gurukul	Other / Misc	English	Style: Lo-fi Hip Hop, Chillhop, Indian folk sample, 75 BPM, soft male vocals, v	true	45
albums	neural-ai-radio-lab	Neural AI Radio Lab	55b29326-16e4-4e61-84ab-ce7f6cd164df	साती माटी-चोला	kabir-clubbing	Rap & Fusion	Hindi	Style: Raga Bhairavi, Raga Yaman, Raga Malkauns, Sufi fusion, Rajasthani folk,	true	37
albums	neural-ai-radio-lab	Neural AI Radio Lab	63dd43a7-8fe0-465d-bcaf-b5986297d7ab	प्रताप का तान	sanaatana-vaigyaniq	Classical & Raag	Hindi	Hindustani classical raga Bilawal, male heroic vocal, dhol shehnai, war drums, 7	true	40
albums	neural-ai-radio-lab	Neural AI Radio Lab	4d3c3d6c-edc8-4836-af39-6100059283e0	प्रताप का तान	sanaatana-vaigyaniq	Classical & Raag	Hindi	Hindustani classical raga Bilawal, male heroic vocal, dhol shehnai, war drums, 7	true	40
albums	neural-ai-radio-lab	Neural AI Radio Lab	c6ab00bc-f4fc-49fb-91b6-93fbb717ec43	Who raised you? Who trained you	kabir-clubbing	Rap & Fusion	English	Rap & Fusion	true	40
albums	neural-ai-radio-lab	Neural AI Radio Lab	ad88ec20-844d-47ac-ae8e-5634a628daee	धरती का नून	kabir-clubbing	Rap & Fusion	Hindi	dark hindustani bhajan meets ambient trance  d bhairavi  72 to 108 bpm  male gri	true	57
albums	neural-ai-radio-lab	Neural AI Radio Lab	64809c5c-f7d0-4faf-b884-c3a9e25efa99	**धून रे-साधो**	sanaatana-vaigyaniq	Classical & Raag	Hindi	[Genre: Hindustani classical meets dark ambient trance, Bhairavi raga, slow burn	false	0
albums	neural-ai-radio-lab	Neural AI Radio Lab	ba996ff1-61da-4e8f-8887-34fa43c9dd27	चुंग-चुंग गज़ब	gurukul	Other / Misc	Hindi	Indian Psychedelic Folk, Memphis Phonk, hypnotic Ektara loops, train rhythmic ch	true	18
albums	neural-ai-radio-lab	Neural AI Radio Lab	3c427c65-53cf-4f73-8314-f7c17ce91bfd	Train Chug-Chug चमत्कार	gurukul	Other / Misc	English	Indian Psychedelic Folk, Memphis Phonk, hypnotic Ektara loops, train rhythmic ch	true	18
albums	neural-ai-radio-lab	Neural AI Radio Lab	531d0f3b-bd07-4bf6-8d1d-242097d6a447	Paisa Sanak	kabir-clubbing	Rap & Fusion	English	[Genre: Afrobeat, Afro-fusion, Nigerian folk, Indian folk fusion, talking drum,	true	20
albums	neural-ai-radio-lab	Neural AI Radio Lab	200924f6-fd97-4641-9ce1-dc0071add716	झूठ-ध्वनि साधन	kabir-clubbing	Rap & Fusion	Hindi	"100% Acoustic Ritual Folk, Neural Trance, No Electronic Instruments. Raw and hy	true	22
albums	neural-ai-radio-lab	Neural AI Radio Lab	97a3a9b7-6579-4077-8f26-19f8c61113b4	शंख-कोड गूँज	sanaatana-vaigyaniq	Sanatan & Vedic	Sanskrit	Genre: Fast-Paced Trap / Melodic Rap Neural Futurism Tempo: 150 BPM (High Energy	true	32
albums	neural-ai-radio-lab	Neural AI Radio Lab	e512512c-6e61-42ce-8ccc-8fd96d37f200	Sahair Real Deal	gurukul	Other / Misc	English	[style: Indian folk bhajan meets West Coast G-Funk hip-hop, slow tempo, harmoniu	true	10
albums	neural-ai-radio-lab	Neural AI Radio Lab	d65dfcf3-c12e-4e51-9d93-f6f106c0ca3f	Baharupiya Reboot	kabir-clubbing	Bhakti & Katha	English	[Style: Cyberpunk + Hyper Rap + Neural Lo-fi + Raw Kabir + Time Travel Vibe + Da	true	76
albums	neural-ai-radio-lab	Neural AI Radio Lab	0af7e65f-47a4-4c0f-aed2-53fa90952fb4	Baharupiya Reboot	kabir-clubbing	Bhakti & Katha	English	[Style: Cyberpunk + Hyper Rap + Neural Lo-fi + Raw Kabir + Time Travel Vibe + Da	true	76
albums	neural-ai-radio-lab	Neural AI Radio Lab	4d6f705f-a026-4060-a32f-77594f87a633	Log Kahte Hain	gurukul	Other / Misc	English	Meditative Sufi Qawwali, 432Hz deep drone, Cinematic Ambient, Ethereal Armenian	true	48
albums	neural-ai-radio-lab	Neural AI Radio Lab	ec8c8bad-3326-4953-a468-776d3732f487	Log kahte hain tere hone se meri tadbeer barbaad	kabir-clubbing	Bhakti & Katha	English	Bhakti & Katha	true	39
albums	neural-ai-radio-lab	Neural AI Radio Lab	f4a8a880-7287-459d-8490-d48a3278d365	Zindagi guzar rahi sabki jor-aazmaish mein	sanaatana-vaigyaniq	Sanatan & Vedic	English	Sanatan & Vedic	true	41
albums	neural-ai-radio-lab	Neural AI Radio Lab	781c9290-2241-4ea8-8ca4-c206d5ee558a	Iltija Jor-Aazmaish	kabir-clubbing	Rap & Fusion	English	Style: world fusion, spiritual awakening, slow sufi ghazal, cinematic ambient, n	true	41
albums	neural-ai-radio-lab	Neural AI Radio Lab	515aac2c-c52d-4c0d-baa0-080f2902d9d3	main daudta raha	gurukul	Other / Misc	English	Other / Misc	true	24
albums	neural-ai-radio-lab	Neural AI Radio Lab	caf9e4e7-7ec2-483a-9a2d-9a82681054d5	Radio Vaigyaaniq: Sanatana Station	sanaatana-vaigyaniq	Sanatan & Vedic	English	Sanatan & Vedic	true	4
albums	neural-ai-radio-lab	Neural AI Radio Lab	02d26992-b08d-4a7e-9759-9120eaca1a4e	Radio Vaigyaaniq: Sanatana Station	sanaatana-vaigyaniq	Sanatan & Vedic	English	Sanatan & Vedic	true	4
albums	neural-ai-radio-lab	Neural AI Radio Lab	456fd8aa-be4b-4bda-93a3-d35206867b65	Radio Vaigyaaniq: Sanatana Station	sanaatana-vaigyaniq	Sanatan & Vedic	English	Sanatan & Vedic	true	5
albums	neural-ai-radio-lab	Neural AI Radio Lab	e24efd14-993f-446c-b6bc-af7aa99c96b1	Main sabko khud mein samaye ek pyala hoon	sanaatana-vaigyaniq	Sanatan & Vedic	English	Sanatan & Vedic	true	26
albums	neural-ai-radio-lab	Neural AI Radio Lab	9b949712-cb52-489b-89a8-c9c2c9b52db2	(untitled)	sanaatana-vaigyaniq	Classical & Raag	English	॥ स्वर्भानु: देसी AI प्रोम्प्ट्स (The Folk Edition) ॥ १. हरियाणवी रागनी-रॉक (तर्	true	26
albums	neural-ai-radio-lab	Neural AI Radio Lab	0cf02bcf-c380-42a6-baba-564f159d1717	(untitled)	gurukul	Other / Misc	English	॥ स्वर्भानु: AI म्यूजिक प्रोम्प्ट्स (The Coding Guide) ॥ १. महा-एन्थम प्रोम्प्ट	true	43
albums	neural-ai-radio-lab	Neural AI Radio Lab	3733b4fd-e7f9-418c-a5cb-dcdc0b661384	0:00 Tanpura + Siddham “Om”	sanaatana-vaigyaniq	Sanatan & Vedic	English	Sanatan & Vedic	true	11
albums	neural-ai-radio-lab	Neural AI Radio Lab	c01a92ed-1135-4bc5-b9f6-7ec8eaeef43c	(untitled)	gurukul	Other / Misc	English	🎬 🎭 FULL STAGE SETUP (LIVE PERFORMANCE) 🌌 Stage Zones Left (🔥 DWAIT ZONE): Orang	true	168
albums	neural-ai-radio-lab	Neural AI Radio Lab	2705713e-7211-41ce-8805-62d72c7038f2	(untitled)	gurukul	Other / Misc	English	🎤 QUANTUM ANTHEM (HUMAN SOUND VERSION)	true	130
albums	neural-ai-radio-lab	Neural AI Radio Lab	71c2f8e7-6626-4dc8-b873-971485c0725f	(untitled)	gurukul	Other / Misc	English	🎤 QUANTUM ANTHEM (HUMAN SOUND VERSION) (90 BPM | Body Percussion + Breath + Voic	true	88
albums	neural-ai-radio-lab	Neural AI Radio Lab	bed764bc-151e-4046-a0b6-773835719384	Bhai Mardana... vajda rabab	ameerpur	Haryanvi Folk	Haryanvi	Haryanvi Folk	true	45
albums	neural-ai-radio-lab	Neural AI Radio Lab	4cf5c8eb-fe72-483f-952d-0556a8e4b408	Om Devi Chandraghantayai Namah! माथे पे चंदा	sanaatana-vaigyaniq	Sanatan & Vedic	Sanskrit	Sanatan & Vedic	true	65
albums	neural-ai-radio-lab	Neural AI Radio Lab	a13e3aff-822d-4a39-840c-333df718a6a6	Om Devi Chandraghantayai Namah! माथे पे चंदा	sanaatana-vaigyaniq	Sanatan & Vedic	Sanskrit	Sanatan & Vedic	true	47
albums	neural-ai-radio-lab	Neural AI Radio Lab	ad20ad65-6256-4cde-b283-500aae7ad4fd	Om Devi Chandraghantayai Namah	sanaatana-vaigyaniq	Sanatan & Vedic	Sanskrit	Sanatan & Vedic	true	82
albums	neural-ai-radio-lab	Neural AI Radio Lab	092cd586-b79b-465f-b06c-972aa38bd494	neural jogi	sanaatana-vaigyaniq	Sanatan & Vedic	English	Haryanvi Ragni-Trap Fusion, Psytrance, 432Hz Tuning, Cinematic Vedic Bass, Aggre	true	82
albums	neural-ai-radio-lab	Neural AI Radio Lab	c2ff4d29-bde8-449a-847e-9dcdc78e4a69	neural jogi	sanaatana-vaigyaniq	Sanatan & Vedic	English	Haryanvi Ragni-Trap Fusion, Psytrance, 432Hz Tuning, Cinematic Vedic Bass, Aggre	true	66
albums	neural-ai-radio-lab	Neural AI Radio Lab	78e037f2-edcd-4a6c-bdc4-099e1b4774e9	Om Devi Chandraghantayai Namah	sanaatana-vaigyaniq	Sanatan & Vedic	Sanskrit	Sanatan & Vedic	true	66
albums	neural-ai-radio-lab	Neural AI Radio Lab	ccb6b23a-62e2-44e4-b1f4-94283dd7bdfc	neural jogi	sanaatana-vaigyaniq	Sanatan & Vedic	English	Haryanvi Ragni-Trap Fusion, Psytrance, 432Hz Tuning, Cinematic Vedic Bass, Aggre	true	23
albums	neural-ai-radio-lab	Neural AI Radio Lab	32b5d3c2-5566-44b7-9d81-86e8f1685967	Om Devi Chandraghantayai Namah	sanaatana-vaigyaniq	Sanatan & Vedic	Sanskrit	Sanatan & Vedic	true	23
albums	neural-ai-radio-lab	Neural AI Radio Lab	9b907c3a-8874-4c5a-93bb-ba08f8477cdc	neural jogi	gurukul	Other / Misc	English	maataa gangaur aashirwaad	true	100
albums	neural-ai-radio-lab	Neural AI Radio Lab	cf3dbe9b-e2f2-4b21-bd5b-4332afa2a38e	neural jogi	gurukul	Other / Misc	English	ancient instruments.. folk raw celebrations.. ancient sounds of joy	true	48
albums	neural-ai-radio-lab	Neural AI Radio Lab	43e46f35-5912-4f95-84b9-92edf0d0fb86	neural jogi	kabir-clubbing	Rap & Fusion	English	[Style: Rajasthani Folk Fusion, Mand, Ghoomar, Devotional]  [Concept] Gangaur so	true	48
albums	neural-ai-radio-lab	Neural AI Radio Lab	6a5dd84e-6da0-4b09-9a52-1db8c4acef47	neural jogi	kabir-clubbing	Rap & Fusion	English	[Style: Rajasthani Folk Fusion, Mand, Ghoomar, Devotional]  [Concept] Gangaur so	true	48
albums	neural-ai-radio-lab	Neural AI Radio Lab	95afba01-5a36-42ca-8dcc-2506b2523fe4	neural jogi	gurukul	Other / Misc	English	[Style: Rajasthani Folk, Mand, Village Women Chorus, Festive, Simple]  [Tempo: 9	true	22
albums	neural-ai-radio-lab	Neural AI Radio Lab	9d65a1fd-2546-4c3c-817e-49c52a5ebb0b	neural jogi	gurukul	Other / Misc	English	[Style: Rajasthani Folk, Mand, Village Women Chorus, Festive, Simple]  [Tempo: 9	true	21
albums	neural-ai-radio-lab	Neural AI Radio Lab	7789d061-f161-4e4d-ad2d-4bf0d70bd861	neural jogi	gurukul	Other / Misc	English	[Style: Indian Folk + Rajasthani Mand + Tribal + Ambient + Devotional + Cinemati	true	30
albums	neural-ai-radio-lab	Neural AI Radio Lab	68b7f05f-0d8c-4740-b17b-f2e679aacd98	neural jogi	gurukul	Other / Misc	English	[Style: Indian Folk + Rajasthani Mand + Tribal + Ambient + Devotional + Cinemati	true	18
albums	neural-ai-radio-lab	Neural AI Radio Lab	200d3cac-7b7b-437a-8877-c560fdd74b80	neural jogi	sanaatana-vaigyaniq	Classical & Raag	English	🎵 गीत (Lyrics): उल्टी चाल चल पड़े शिव राग: भैरवी (सुबह का राग, करुण रस से भरपूर)	true	125
albums	neural-ai-radio-lab	Neural AI Radio Lab	f02bb457-88b6-415c-9b34-da9e9896a390	neural jogi	sanaatana-vaigyaniq	Sanatan & Vedic	English	TITLE: Triveni Naad – Inner Jogi Duet  [STYLE: Indian Folk Jogi Ragni + Gurbani	true	79
albums	neural-ai-radio-lab	Neural AI Radio Lab	2fc25f01-e1af-419b-af18-4a94b1792d7b	(untitled)	sanaatana-vaigyaniq	Sanatan & Vedic	English	TITLE: **“NAAD BRAHM: 31 RAAG NEURAL JOGI ALBUM”**  STYLE: Indian Folk (Haryanvi	true	51
albums	neural-ai-radio-lab	Neural AI Radio Lab	17393950-853a-4aed-9e6f-229ac70f25e0	“NAAD BRAHM: 31 RAAG NEURAL JOGI ALBUM”	sanaatana-vaigyaniq	Sanatan & Vedic	English	Sanatan & Vedic	true	70
albums	neural-ai-radio-lab	Neural AI Radio Lab	f394c2ee-40d3-4222-96f3-594a597d4370	Akhand-Siddham! Akhand-Siddham	sanaatana-vaigyaniq	Sanatan & Vedic	English	Sanatan & Vedic	true	18
albums	neural-ai-radio-lab	Neural AI Radio Lab	80a39cda-0980-4c6e-bffb-50088c2967de	(untitled)	kabir-clubbing	Rap & Fusion	English	trance hip-hop haryanvi flavour use train whistle and station ambiances. unique	true	48
albums	neural-ai-radio-lab	Neural AI Radio Lab	87f41c73-b4cc-49e0-8e94-2058edd285bf	ॐ	sanaatana-vaigyaniq	Sanatan & Vedic	Sanskrit	Cinematic Vedic Neural-Raaga Fusion, 432Hz Sacred Tuning. Devine Tribal-Rock, Ag	true	74
albums	neural-ai-radio-lab	Neural AI Radio Lab	42fb0963-ee69-497e-9b18-e76247c23bce	ॐ	sanaatana-vaigyaniq	Sanatan & Vedic	Sanskrit	Cinematic Vedic Neural-Raaga Fusion, 432Hz Sacred Tuning. Devine Tribal-Rock, Ag	true	62
albums	neural-ai-radio-lab	Neural AI Radio Lab	f74b3b54-2435-4d24-ab58-9acb3d5c29f0	(untitled)	sanaatana-vaigyaniq	Sanatan & Vedic	English	Cinematic Vedic Neural-Raaga Fusion, 432Hz Sacred Tuning. Industrial Tribal-Rock	true	35
albums	neural-ai-radio-lab	Neural AI Radio Lab	9302edde-499a-40a3-b22e-3ccfadaf169c	(untitled)	sanaatana-vaigyaniq	Classical & Raag	English	Cinematic Neural-Raaga Fusion, 432Hz Sacred Tuning. Industrial Tribal-Rock, Aggr	true	20
albums	neural-ai-radio-lab	Neural AI Radio Lab	9b025b3c-78a3-487c-8d1f-7af1bb72fa2b	(untitled)	gurukul	Other / Misc	English	a war cry of a child to bhaarat maa tera Pop, Indie Pop men tera naketa shaitaan	true	106
albums	neural-ai-radio-lab	Neural AI Radio Lab	1300d386-6424-4a89-b7ca-77780a29db42	(untitled)	gurukul	Other / Misc	English	neural	true	96
albums	neural-ai-radio-lab	Neural AI Radio Lab	4c78ef45-06b9-4c43-a575-3ffb6e0fa7b7	(untitled)	gurukul	Other / Misc	English	neural	true	96
albums	neural-ai-radio-lab	Neural AI Radio Lab	7cd38250-4106-4fb8-8a4f-bbc7df32238e	(untitled)	gurukul	Other / Misc	English	start with hyperfun funk hiphop adwait and bhairav on bike maya and Pop, Latin P	true	76
albums	neural-ai-radio-lab	Neural AI Radio Lab	f850c20c-670d-4871-bd1a-6f0652c7700a	(untitled)	gurukul	Other / Misc	English	start with hyperfun funk hiphop adwait and bhairav on bike maya and Pop, Latin P	true	34
albums	neural-ai-radio-lab	Neural AI Radio Lab	347d4a25-0d54-445c-982e-c1c6c1c7e091	(untitled)	gurukul	Other / Misc	English	start with hyperfun funk hiphop adwait and bhairav on bike maya and Pop, Latin P	true	37
albums	neural-ai-radio-lab	Neural AI Radio Lab	558e63bc-7079-4a66-ac9e-a5dd188afd14	(untitled)	gurukul	Other / Misc	English	aghories sitting with german sages... adwait sitting sings his heart out in ange	true	45
albums	neural-ai-radio-lab	Neural AI Radio Lab	b2771eb5-3689-4318-82e1-aebe591bb103	(untitled)	gurukul	Other / Misc	English	aghories sitting with german sages... adwait sitting sings his heart out in ange	true	45
albums	neural-ai-radio-lab	Neural AI Radio Lab	edddf045-01a6-446c-bff3-49e2fc953d69	(untitled)	gurukul	Other / Misc	English	aghories sitting with german sages... adwait sitting sings his heart out in ange	true	45
albums	neural-ai-radio-lab	Neural AI Radio Lab	6afe4ba5-a95a-437f-8ba4-09ea1e0d7589	(untitled)	gurukul	Other / Misc	English	aghories sitting with german sages... adwait sitting sings his heart out in ange	true	41
albums	neural-ai-radio-lab	Neural AI Radio Lab	1a7174d9-5a96-48f4-8450-a514eb467683	(untitled)	gurukul	Other / Misc	English	ye ek maa ke shbd hai bhai shab apne bete ke liye jiska beta balidan hua hai des	true	37
albums	neural-ai-radio-lab	Neural AI Radio Lab	cd0bf69c-c712-497a-a324-4f5ca98fe911	(untitled)	sanaatana-vaigyaniq	Sanatan & Vedic	English	Upanishadic Epic Rap, cinematic Vedic hip-hop, deep bass, powerful taiko drums,	true	43
albums	neural-ai-radio-lab	Neural AI Radio Lab	99753716-34be-4a43-80b6-7c8bf416bb3e	(untitled)	sanaatana-vaigyaniq	Sanatan & Vedic	English	Epic multilingual scientific rap mixing Latin chant, Siddham script mantra, Sans	true	96
albums	neural-ai-radio-lab	Neural AI Radio Lab	643bbbac-2567-4efb-9f3a-50ac19ce3cd3	(untitled)	sanaatana-vaigyaniq	Sanatan & Vedic	English	Epic multilingual scientific rap mixing Latin chant, Siddham script mantra, Sans	true	70
albums	neural-ai-radio-lab	Neural AI Radio Lab	5e5636bf-1737-4f24-b7f7-cef44e0f22fe	(untitled)	sanaatana-vaigyaniq	Sanatan & Vedic	English	Epic multilingual scientific rap mixing Latin chant, Siddham script mantra, Sans	true	86
albums	neural-ai-radio-lab	Neural AI Radio Lab	f19142fa-b005-4281-857e-bae5435451ca	(untitled)	sanaatana-vaigyaniq	Sanatan & Vedic	English	Epic multilingual scientific rap mixing Latin chant, Sanskrit mantra, Hindi and	true	79
albums	neural-ai-radio-lab	Neural AI Radio Lab	e6510e78-0f69-43f6-9923-8163b91fc272	(untitled)	sanaatana-vaigyaniq	Sanatan & Vedic	English	Epic cosmic knowledge rap with Sanskrit mantra chanting, Siddham script visuals,	true	85
albums	neural-ai-radio-lab	Neural AI Radio Lab	90a76515-aa8d-4b2a-9a7a-71e21acfebe1	sannata	gurukul	Other / Misc	English	pain hyper	true	25
albums	neural-ai-radio-lab	Neural AI Radio Lab	52e21e25-80af-4053-a195-24884c96e8be	sannata	gurukul	Other / Misc	English	pain hyper	true	25
albums	neural-ai-radio-lab	Neural AI Radio Lab	1c7fc244-297c-434e-9ae6-57a76707f38d	Nahi hai koi shikva tumse ki tumhari koi nahi kh	ameerpur	Desh / Patriotic	English	Desh / Patriotic	true	17
albums	classical-raga-darbar	Classical Raga Darbar	2cde1a1a-4b66-4a74-ba16-bd13a1f93fd4	छत की चादर	sanaatana-vaigyaniq	Classical & Raag	Hindi	[Style: Hindustani Classical + Folk + Bollywood Sad + Acoustic Guitar + Tabla +	true	23
albums	classical-raga-darbar	Classical Raga Darbar	467d741a-c022-402a-b47d-0a2abb53f043	छत वाला सितारों	sanaatana-vaigyaniq	Classical & Raag	Hindi	[Style: Hindustani Classical + Folk + Bollywood Sad + Acoustic Guitar + Tabla +	true	23
albums	classical-raga-darbar	Classical Raga Darbar	c0a0b8a2-6b5b-4c50-a7d1-5bd85bd7e24d	छुक-छुक गाड़ी	sanaatana-vaigyaniq	Classical & Raag	Hindi	Playful energetic Indian classical folk-pop, 112 BPM, bouncy tech-folk sarangi,	true	28
albums	classical-raga-darbar	Classical Raga Darbar	55b29326-16e4-4e61-84ab-ce7f6cd164df	साती माटी-चोला	kabir-clubbing	Rap & Fusion	Hindi	Style: Raga Bhairavi, Raga Yaman, Raga Malkauns, Sufi fusion, Rajasthani folk,	true	37
albums	classical-raga-darbar	Classical Raga Darbar	97f6c423-1e8d-4dec-92a5-a11b38363ee4	माँ की ममता-8D	sanaatana-vaigyaniq	Classical & Raag	English	ध्वनि का स्तर: इसे 8D साउंड में अनुभव करें, जहाँ 'राग माता' के सुर आपके चारों ओर	true	42
albums	classical-raga-darbar	Classical Raga Darbar	cf6d9e3e-ae51-435d-895a-c4d7f95ebf4d	मिट्टी-तालि उछाल	gurukul	Other / Misc	Hindi	1980s lo-fi field recording, live at Nidhivan temple courtyard, Raga Todi, Raw B	true	46
albums	classical-raga-darbar	Classical Raga Darbar	a0c2cd04-1c26-49ec-b699-610ef0a62630	बंसी की तान	gurukul	Other / Misc	Hindi	1980s lo-fi field recording, live at Nidhivan temple courtyard, Raga Todi, Raw B	true	47
albums	classical-raga-darbar	Classical Raga Darbar	bd82b09f-8f58-4b13-8ae8-b3c88ea71ee4	बंसी तान बिरह	gurukul	Other / Misc	Hindi	Raw street temple qawwali, Raga Todi, live at Nidhivan Vrindavan, thousands of g	true	43
albums	classical-raga-darbar	Classical Raga Darbar	cb3b5a5b-0158-437f-bb0f-a905d88de403	बंसी तान बिरह	gurukul	Other / Misc	Hindi	Raw street temple qawwali, Raga Todi, live at Nidhivan Vrindavan, thousands of g	true	43
albums	classical-raga-darbar	Classical Raga Darbar	d8e1bbbb-d558-49bb-9961-e2caa023d9aa	बंसीधर मुकुट	kabir-clubbing	Rap & Fusion	Hindi	Genre/Style: Braj Sankirtan, Dhrupad-folk fusion, Raw Devotional, Indian Temple	true	43
albums	classical-raga-darbar	Classical Raga Darbar	d33be684-25d7-4e85-87ef-49230095291a	श्याम-धागो धरी	sanaatana-vaigyaniq	Classical & Raag	Hindi	[Style: Indian devotional bhajan, Hindustani classical, Raga Khamaj, Taal Keherw	true	16
albums	classical-raga-darbar	Classical Raga Darbar	20d780b6-4235-4a2e-85ae-2221c73e89ef	श्याम-धागो	sanaatana-vaigyaniq	Classical & Raag	Hindi	[Style: Indian devotional bhajan, Hindustani classical, Raga Khamaj, Taal Keherw	true	16
albums	classical-raga-darbar	Classical Raga Darbar	819c6001-5eb8-472a-ae59-0a0ebab6a312	श्याम-धागो	sanaatana-vaigyaniq	Classical & Raag	Hindi	[Style: Indian devotional bhajan, Hindustani classical, Raga Khamaj, Taal Keherw	true	16
albums	classical-raga-darbar	Classical Raga Darbar	6093fffc-e0fc-44c3-b9b9-66d4d27c8180	तोरि बंसी तान	gurukul	Other / Misc	Hindi	Raw street temple qawwali, Raga Todi, live at Nidhivan Vrindavan, thousands of g	true	65
albums	classical-raga-darbar	Classical Raga Darbar	bdf090e4-3d39-4d47-863b-7bd1757feb8d	बंसीधर ताज	gurukul	Other / Misc	Hindi	Cinematic qawwali, Raga Todi, thousands of gopis + Radha solo, 60-120 BPM, femal	true	43
albums	classical-raga-darbar	Classical Raga Darbar	52095580-5eef-4721-9a8a-1f615159529c	बंसीधर का ताज	gurukul	Other / Misc	Hindi	Raga Todi qawwali, 70 to 110 BPM, female devotional voice, bansuri, harmonium, t	false	0
albums	classical-raga-darbar	Classical Raga Darbar	831ce982-3173-46ec-8fde-6f2a71f624d8	तोरी बंसी तान	sanaatana-vaigyaniq	Classical & Raag	Hindi	[Style: Indian classical, Raga Todi, slow 70 BPM, female devotional, acoustic, b	true	20
albums	classical-raga-darbar	Classical Raga Darbar	24d21a4f-0895-4c56-aec7-a4bfa9864ef5	तोरी बंसीतरस	sanaatana-vaigyaniq	Classical & Raag	Hindi	[Style: Indian classical, Raga Todi, slow 70 BPM, female devotional, acoustic, b	true	20
albums	classical-raga-darbar	Classical Raga Darbar	86a31444-8c53-4fa0-aba2-cb6ca15aaa59	बंसीधर-तोरि	sanaatana-vaigyaniq	Classical & Raag	Hindi	[Style: Indian classical, Raga Todi, slow 70 BPM, female devotional, acoustic, b	true	20
albums	classical-raga-darbar	Classical Raga Darbar	c10e8a3e-5744-4640-aff1-e1378f937cc5	बंसी तान-तड़प	sanaatana-vaigyaniq	Classical & Raag	Hindi	[Style: Indian classical, Raga Todi, slow 70 BPM, female devotional, acoustic, b	true	19
albums	classical-raga-darbar	Classical Raga Darbar	2859728c-7217-4382-bc09-22ad41ee0de0	बंसी की तान	sanaatana-vaigyaniq	Classical & Raag	Hindi	[Style: Indian classical, Raga Todi, slow 70 BPM, female devotional, acoustic, b	true	30
albums	classical-raga-darbar	Classical Raga Darbar	4cacd011-00d8-408e-97ef-d7bfb366b23e	महाराणा क़फ़िया	sanaatana-vaigyaniq	Classical & Raag	Hindi	Epic Hindustani classical war anthem, Raag Bilawal, male heroic vocal with deep	true	34
albums	classical-raga-darbar	Classical Raga Darbar	4e99c51c-14d1-43a5-a536-c58f63a6d5f4	Dhol Stutter March	sanaatana-vaigyaniq	Classical & Raag	English	Epic Bollywood film score, grand orchestral, Raag Bilawal based, male power voca	true	40
albums	classical-raga-darbar	Classical Raga Darbar	63dd43a7-8fe0-465d-bcaf-b5986297d7ab	प्रताप का तान	sanaatana-vaigyaniq	Classical & Raag	Hindi	Hindustani classical raga Bilawal, male heroic vocal, dhol shehnai, war drums, 7	true	40
albums	classical-raga-darbar	Classical Raga Darbar	4d3c3d6c-edc8-4836-af39-6100059283e0	प्रताप का तान	sanaatana-vaigyaniq	Classical & Raag	Hindi	Hindustani classical raga Bilawal, male heroic vocal, dhol shehnai, war drums, 7	true	40
albums	classical-raga-darbar	Classical Raga Darbar	c50d2540-0f2b-4c94-bb28-6a3c4883e847	सुनहर हारा फूका	sanaatana-vaigyaniq	Classical & Raag	Hindi	Haryanvi Folk + Rajasthani Folk + Indian Classical + Hyper-Rap Fusion. Suno v4.	true	101
albums	classical-raga-darbar	Classical Raga Darbar	d195714f-a2b3-4d77-ae4f-f18670428eb0	मेघ की विरह	sanaatana-vaigyaniq	Classical & Raag	Hindi	Haryanvi Folk + Indian Classical + Hyper-Rap Fusion. Suno v4. Dynamic genre swit	true	68
albums	classical-raga-darbar	Classical Raga Darbar	ad88ec20-844d-47ac-ae8e-5634a628daee	धरती का नून	kabir-clubbing	Rap & Fusion	Hindi	dark hindustani bhajan meets ambient trance  d bhairavi  72 to 108 bpm  male gri	true	57
albums	classical-raga-darbar	Classical Raga Darbar	64809c5c-f7d0-4faf-b884-c3a9e25efa99	**धून रे-साधो**	sanaatana-vaigyaniq	Classical & Raag	Hindi	[Genre: Hindustani classical meets dark ambient trance, Bhairavi raga, slow burn	false	0
albums	classical-raga-darbar	Classical Raga Darbar	b60cb4ba-3ab7-4c77-868c-3d2af99231ee	पत्थर बुत	sanaatana-vaigyaniq	Classical & Raag	Hindi	cyberpunk+hyper rap + classical + narrator=divine awakening	true	30
albums	classical-raga-darbar	Classical Raga Darbar	96dc0ed7-a8a1-4c68-ac02-b6ff0d8c8fab	चार पर्चे खर्चा	sanaatana-vaigyaniq	Classical & Raag	Hindi	hyper rap + classical + narrator=divine awakening	true	18
albums	classical-raga-darbar	Classical Raga Darbar	4086da7e-a7d2-40ff-8851-44664db08a56	सर्द झोंके	sanaatana-vaigyaniq	Classical & Raag	Hindi	Indian classical, Raga Darbari Kanhada, slow alap intro, deep dark mood, tanpura	true	48
albums	classical-raga-darbar	Classical Raga Darbar	143c21d0-d594-407b-b732-0b8d048a530c	सर्द झोंके	sanaatana-vaigyaniq	Classical & Raag	Hindi	Indian classical, Raga Darbari Kanhada, slow alap intro, deep dark mood, tanpura	true	48
albums	classical-raga-darbar	Classical Raga Darbar	f3d54008-8c4c-4587-9e7f-360cd09bb378	सर्द झोंके-ड्रिल	sanaatana-vaigyaniq	Classical & Raag	Hindi	Soprano textures, Indian classical, Raga Darbari Kanhada, slow alap intro, deep	true	48
albums	classical-raga-darbar	Classical Raga Darbar	01bede88-dab1-420a-a9d1-2fd6f4f8b71b	सर्द झोंके-ड्रिल	sanaatana-vaigyaniq	Classical & Raag	Hindi	Soprano textures, Indian classical, Raga Darbari Kanhada, slow alap intro, deep	true	48
albums	classical-raga-darbar	Classical Raga Darbar	e7c87a7c-4f0b-438c-8846-2b6ff056e7a6	लम्स-ए-हवा	sanaatana-vaigyaniq	Classical & Raag	Hindi	Indian classical, Raga Darbari Kanhada, slow alap intro, deep dark mood, tanpura	true	48
albums	classical-raga-darbar	Classical Raga Darbar	fb4055fe-37de-4a6c-a098-7c00c77c048f	Lams-e-Hawa Drone	sanaatana-vaigyaniq	Classical & Raag	English	Indian classical, Raga Darbari Kanhada, slow alap intro, deep dark mood, tanpura	true	48
albums	classical-raga-darbar	Classical Raga Darbar	a9b3bf78-406c-4fae-a4ad-3cb4afe8447b	साँस की गुंजाइश	sanaatana-vaigyaniq	Classical & Raag	Hindi	style  slow sufi ghazal  indian classical  hindustani  minimal  ambient  no perc	true	17
albums	classical-raga-darbar	Classical Raga Darbar	f4b382b7-da16-448e-8a6b-1e49367d23d6	साँस की गुंजाइश	sanaatana-vaigyaniq	Classical & Raag	Hindi	style  slow sufi ghazal  indian classical  hindustani  minimal  ambient  no perc	true	17
albums	classical-raga-darbar	Classical Raga Darbar	37fb9699-f1ca-49b8-acaa-6903ab65d04b	सांस-गुंजाइश	sanaatana-vaigyaniq	Classical & Raag	Hindi	style  slow sufi ghazal  indian classical  hindustani  minimal  ambient  no perc	true	17
albums	classical-raga-darbar	Classical Raga Darbar	59d3489b-c33c-4509-bbff-c4bfdb962cda	पीएच कला-दीक्षित अदालत	sanaatana-vaigyaniq	Classical & Raag	Hindi	"Indian Classical Bandish, Hindustani Vocal, Ragam-Tanam-Pallavi style, Acapella	true	31
albums	classical-raga-darbar	Classical Raga Darbar	0fe62a75-f9ed-431e-9780-297f79a24721	P.H.K.D. अदालत	sanaatana-vaigyaniq	Classical & Raag	English	"Indian Classical Bandish, Hindustani Vocal, Ragam-Tanam-Pallavi style, Acapella	true	31
albums	classical-raga-darbar	Classical Raga Darbar	d80e4b3a-e710-464d-b061-83ff02e2c7da	पीएच कला-दीक्षित अदालत	sanaatana-vaigyaniq	Classical & Raag	Hindi	"Indian Classical Bandish, Hindustani Vocal, Ragam-Tanam-Pallavi style, Acapella	true	31
albums	classical-raga-darbar	Classical Raga Darbar	fa7b702f-3dea-44bc-967c-93860cd46e1a	आवाज़ों की अदालत	sanaatana-vaigyaniq	Classical & Raag	Hindi	"Indian Classical Bandish, Hindustani Vocal, Ragam-Tanam-Pallavi style, Acapella	true	34
albums	classical-raga-darbar	Classical Raga Darbar	aabfe9a1-a902-4348-9d22-19d7aa99fda5	दो घड़े टूटा	gurukul	Other / Misc	Hindi	Sufi Qawwali, Nirguni Bhajan, Raga Todi, Harmonium, Tabla Keherva, Male Passiona	true	34
albums	classical-raga-darbar	Classical Raga Darbar	b6c9f3e8-e3b5-4dc5-84ea-bea07bfc4631	Toota Ghadaa Gaaye	sanaatana-vaigyaniq	Classical & Raag	English	[Style: Traditional Sufi Qawwali, Hindustani classical, Raga Todi, slow harmoniu	true	47
albums	classical-raga-darbar	Classical Raga Darbar	a13887b3-fd6f-4171-a02c-199d56c390fa	Toota Ghada	sanaatana-vaigyaniq	Classical & Raag	English	World music fusion, cinematic spiritual folk, Indian classical meets Celtic and	true	16
albums	classical-raga-darbar	Classical Raga Darbar	5edc6f4a-ebf7-4d22-b8e7-cd4bb333735f	लाडो बसंती मेहमान	sanaatana-vaigyaniq	Classical & Raag	Hindi	[Genre: Acoustic Hindustani classical folk fusion, jagarana night vigil, father-	true	20
albums	classical-raga-darbar	Classical Raga Darbar	c866c36a-ad31-4461-a2df-711fcbb455d4	रिश्ता है!!	sanaatana-vaigyaniq	Classical & Raag	Hindi	style  qawwali with heavy taan  murki  toda  hindustani classical ornamentation	true	36
albums	classical-raga-darbar	Classical Raga Darbar	5310feb2-43cf-491d-a8cf-058a6e885ea5	रिश्ता-नाल-इम्तिहाँ	sanaatana-vaigyaniq	Classical & Raag	Hindi	style  qawwali with heavy taan  murki  toda  hindustani classical ornamentation	true	36
albums	classical-raga-darbar	Classical Raga Darbar	7c76f4be-b274-4727-952b-4bd968da0040	रिश्ता-नाल-इम्तिहाँ	sanaatana-vaigyaniq	Classical & Raag	Hindi	[Style: Qawwali with heavy taan, murki, toda, Hindustani classical ornamentation	true	36
albums	classical-raga-darbar	Classical Raga Darbar	887fa5d3-8f3a-458d-a688-c674623e6c56	रिश्ता आलाپ	sanaatana-vaigyaniq	Classical & Raag	Hindi	style  qawwali with heavy taan  murki  toda  hindustani classical ornamentation	true	42
albums	classical-raga-darbar	Classical Raga Darbar	5f341636-2cac-4b43-abf7-f4ebd3899795	रिश्ता आलाپ	sanaatana-vaigyaniq	Classical & Raag	Hindi	style  qawwali with heavy taan  murki  toda  hindustani classical ornamentation	true	42
albums	classical-raga-darbar	Classical Raga Darbar	8e951426-a919-48cd-9432-5ffbeec40bb2	खो गई पहचान	sanaatana-vaigyaniq	Classical & Raag	Hindi	[Style: Indian classical fusion, dark devotional, sufi rock, slow tempo, male vo	true	18
albums	classical-raga-darbar	Classical Raga Darbar	f5b153c7-06ea-4ec2-9553-41c64e7105b4	Raga Yaman	gurukul	Other / Misc	English	warm analog saturation, plate reverb on vocals, close-mic vocal position, tabla	true	53
albums	classical-raga-darbar	Classical Raga Darbar	dd8e3e0b-2ec6-4e7f-b8a9-5a53d281c275	सोए मन जाग	sanaatana-vaigyaniq	Classical & Raag	Hindi	Hindustani classical, Bollywood ballad, Raga Yaman, 75 BPM, sitar, tabla, harmon	true	48
albums	classical-raga-darbar	Classical Raga Darbar	0823ba9f-bc73-4d90-a3f7-90ee284167ab	स्वर्ण पताका उड़ रही	sanaatana-vaigyaniq	Classical & Raag	Hindi	Hindustani classical, Bollywood ballad, Raga Yaman, 75 BPM, sitar, tabla, harmon	true	20
albums	classical-raga-darbar	Classical Raga Darbar	79df050a-9ca2-4238-8c67-f3470d7b0b0f	(untitled)	sanaatana-vaigyaniq	Sanatan & Vedic	English	Vedic Industrial Rock, Nu-Metal, Indian Raga Hansadhwani on Bansuri flute, Cinem	true	38
albums	classical-raga-darbar	Classical Raga Darbar	9b949712-cb52-489b-89a8-c9c2c9b52db2	(untitled)	sanaatana-vaigyaniq	Classical & Raag	English	॥ स्वर्भानु: देसी AI प्रोम्प्ट्स (The Folk Edition) ॥ १. हरियाणवी रागनी-रॉक (तर्	true	26
albums	classical-raga-darbar	Classical Raga Darbar	acf72279-b350-4e2d-8241-7c4de927afb4	(untitled)	sanaatana-vaigyaniq	Classical & Raag	English	"A haunting, cinematic Avant-Garde Folk-Fusion based on Raag Todi. 100% Human-ge	true	26
albums	classical-raga-darbar	Classical Raga Darbar	e0e9d663-7d49-4351-aa8e-639120657766	(untitled)	sanaatana-vaigyaniq	Classical & Raag	English	"A soulful and cinematic Global-Folk fusion farewell song based on Raag Pilu. >	true	21
albums	classical-raga-darbar	Classical Raga Darbar	57f63a2a-a5cc-4eca-b189-530e667d6c1d	(untitled)	sanaatana-vaigyaniq	Classical & Raag	English	Epic spiritual hip-hop + Indian classical fusion, deep bass, tanpura drone, conc	true	86
albums	classical-raga-darbar	Classical Raga Darbar	713998e8-14d5-4633-b01a-3fb4275561f9	(untitled)	sanaatana-vaigyaniq	Classical & Raag	English	Deep cinematic spoken word, Indian classical fusion, ambient drone, slow heartbe	true	116
albums	classical-raga-darbar	Classical Raga Darbar	26ae8b47-2aa1-4fc3-9a27-bfc906169f67	chhor de	sanaatana-vaigyaniq	Classical & Raag	English	Cinematic Global Fusion, Haryanvi Folk-Opera, Raag Shivranjani & Marwa base, 60	true	26
albums	classical-raga-darbar	Classical Raga Darbar	48d4c16c-f0af-4e47-8834-ce416cc8312e	chhor de	sanaatana-vaigyaniq	Classical & Raag	English	Cinematic Global Fusion, Haryanvi Folk-Opera, Raag Shivranjani & Marwa base, 60	true	27
albums	classical-raga-darbar	Classical Raga Darbar	e7134e4e-a3b4-4eb2-830d-e9a1e0791ca4	chhor de	sanaatana-vaigyaniq	Classical & Raag	English	Haunting Haryanvi Folk Fusion, Raag Shivranjani base, Pathos, Melancholic, Ether	true	42
albums	classical-raga-darbar	Classical Raga Darbar	ae00fa9b-6761-4e45-89a4-c8bebb0ec9e2	(untitled)	sanaatana-vaigyaniq	Classical & Raag	English	Haunting Haryanvi Folk Fusion, Raag Shivranjani base, Pathos, Melancholic, Ether	true	51
albums	classical-raga-darbar	Classical Raga Darbar	200d3cac-7b7b-437a-8877-c560fdd74b80	neural jogi	sanaatana-vaigyaniq	Classical & Raag	English	🎵 गीत (Lyrics): उल्टी चाल चल पड़े शिव राग: भैरवी (सुबह का राग, करुण रस से भरपूर)	true	125
albums	classical-raga-darbar	Classical Raga Darbar	2fc25f01-e1af-419b-af18-4a94b1792d7b	(untitled)	sanaatana-vaigyaniq	Sanatan & Vedic	English	TITLE: **“NAAD BRAHM: 31 RAAG NEURAL JOGI ALBUM”**  STYLE: Indian Folk (Haryanvi	true	51
albums	classical-raga-darbar	Classical Raga Darbar	17393950-853a-4aed-9e6f-229ac70f25e0	“NAAD BRAHM: 31 RAAG NEURAL JOGI ALBUM”	sanaatana-vaigyaniq	Sanatan & Vedic	English	Sanatan & Vedic	true	70
albums	classical-raga-darbar	Classical Raga Darbar	47377bea-9774-4f7b-afe4-f4e941c19c0f	(untitled)	sanaatana-vaigyaniq	Classical & Raag	English	Haryanvi-Trap... राग पीलू की धुन को मुख्य हुक में रख सकते हैं और 'रैप' वाले हिस्	true	99
albums	classical-raga-darbar	Classical Raga Darbar	ac3d350b-35f3-42d9-b74c-c30e8c71d677	(untitled)	sanaatana-vaigyaniq	Classical & Raag	English	Style: Indian Devotional Bhakti, Raag Yaman, slow tempo (60–65 BPM), cinematic s	true	49
albums	classical-raga-darbar	Classical Raga Darbar	eea1f46e-7cbb-441d-abcb-52a46144583a	(untitled)	ameerpur	Love & Virah	English	Genre: Indic-Sufi-Lusophone-Blues Virah Raga Tempo: 70 BPM slow emotional  Vocal	true	55
albums	classical-raga-darbar	Classical Raga Darbar	1793b6b5-9f36-4f77-a6fa-630d6a66cdbb	kudru ki beti naagin	sanaatana-vaigyaniq	Classical & Raag	English	इस रचना के लिए 'राग भैरवी' और 'राग जोगिया' का मिश्रण सबसे सटीक है, जिसमें 'राग व	true	56
albums	classical-raga-darbar	Classical Raga Darbar	87f41c73-b4cc-49e0-8e94-2058edd285bf	ॐ	sanaatana-vaigyaniq	Sanatan & Vedic	Sanskrit	Cinematic Vedic Neural-Raaga Fusion, 432Hz Sacred Tuning. Devine Tribal-Rock, Ag	true	74
albums	classical-raga-darbar	Classical Raga Darbar	42fb0963-ee69-497e-9b18-e76247c23bce	ॐ	sanaatana-vaigyaniq	Sanatan & Vedic	Sanskrit	Cinematic Vedic Neural-Raaga Fusion, 432Hz Sacred Tuning. Devine Tribal-Rock, Ag	true	62
albums	classical-raga-darbar	Classical Raga Darbar	f74b3b54-2435-4d24-ab58-9acb3d5c29f0	(untitled)	sanaatana-vaigyaniq	Sanatan & Vedic	English	Cinematic Vedic Neural-Raaga Fusion, 432Hz Sacred Tuning. Industrial Tribal-Rock	true	35
albums	classical-raga-darbar	Classical Raga Darbar	9302edde-499a-40a3-b22e-3ccfadaf169c	(untitled)	sanaatana-vaigyaniq	Classical & Raag	English	Cinematic Neural-Raaga Fusion, 432Hz Sacred Tuning. Industrial Tribal-Rock, Aggr	true	20
albums	classical-raga-darbar	Classical Raga Darbar	a8b958f9-3065-46de-bc14-080bd949892e	सुन रे जग के यात्री	sanaatana-vaigyaniq	Classical & Raag	Hindi	Classical & Raag	true	76
albums	classical-raga-darbar	Classical Raga Darbar	3aee5620-6355-4e7c-8dab-c1e12f9a32dc	सन्दर्भ की परिभाषा	sanaatana-vaigyaniq	Classical & Raag	Hindi	Genre: Mystical Sanskrit Philosophy Song  Style: Indian classical + cinematic am	true	77
albums	classical-raga-darbar	Classical Raga Darbar	496810df-e327-42bc-bf1e-1ae6d9f62ca4	सन्दर्भ की परिभाषा	sanaatana-vaigyaniq	Classical & Raag	Hindi	Genre: Mystical Sanskrit Philosophy Song  Style: Indian classical + cinematic am	true	101
albums	classical-raga-darbar	Classical Raga Darbar	423f80fa-88d7-4cf4-b06d-c284d9d11d66	सन्दर्भ की परिभाषा	sanaatana-vaigyaniq	Classical & Raag	Hindi	Genre: Mystical Sanskrit Philosophy Song  Style: Indian classical + cinematic am	true	1
albums	classical-raga-darbar	Classical Raga Darbar	9255b006-4615-4e25-8de3-371066006607	bhagat ki maa	sanaatana-vaigyaniq	Classical & Raag	English	वोकल्स (Vocals): रागिनी में गायक की आवाज़ बहुत ऊँची (High Pitch) और कड़क होती है।	true	30
albums	classical-raga-darbar	Classical Raga Darbar	3cfdad3a-c550-43eb-88d3-59f7d788eae5	bhagat ki maa	ameerpur	Haryanvi Folk	Haryanvi	Haryanvi Accent , Style: Haryanvi Ragani   Vibe: शुरू में भावुक (Emotional) और ध	true	37
albums	dark-experimental-soundscapes	Dark Experimental Soundscapes	f9f70b24-e62f-40a2-b42f-f3a0ba272777	संप्रभुता का डंका	gurukul	Other / Misc	Hindi	Dark Aggressive Cinematic Phonk, heavy brass orchestration, ancient Indian war d	true	41
albums	dark-experimental-soundscapes	Dark Experimental Soundscapes	d60bbdd7-852b-4638-9bfc-de2be9c9f0e9	Reversed Sitar Whisper	kabir-clubbing	Rap & Fusion	English	Style: Desi Trap, Indian Hip Hop, Dark Trap, 140 BPM, male autotuned rap, heavy	true	52
albums	dark-experimental-soundscapes	Dark Experimental Soundscapes	091ab81d-180d-4521-8005-1d08377b3f14	साँस का पहरा	ameerpur	Love & Virah	Hindi	Cinematic Modern Ghazal, Dark Ambient, Ethereal Baritone Male Vocals, Deep Cello	true	14
albums	dark-experimental-soundscapes	Dark Experimental Soundscapes	4cccdb69-4cb8-41f3-91bc-bac82f3583af	WhatsApp Image 2025-06-17 at 20.41.57 (Remastered)	gurukul	Other / Misc	English	A dark and atmospheric Hindi indie-folk track with a haunting, cinematic quality	true	26
albums	dark-experimental-soundscapes	Dark Experimental Soundscapes	809507be-5a63-49dc-8e0d-a16b87287cc8	पिंकी नाच	ameerpur	Haryanvi Folk	Haryanvi	Raw horror folk. Haryanvi male vocal - broken, crying, manic. Female vampire voc	true	46
albums	dark-experimental-soundscapes	Dark Experimental Soundscapes	67e8aee2-9b5a-47cc-88a6-741643a45909	पिंकी थाली	ameerpur	Haryanvi Folk	Haryanvi	[Genre: Cinematic Horror × Rajasthani Folk × Dark Disco × Haryanvi Vampire Weste	true	63
albums	dark-experimental-soundscapes	Dark Experimental Soundscapes	8f0c2cf6-a3ee-488c-a85c-95779c10cd5c	पिंकी का थाली	ameerpur	Haryanvi Folk	Haryanvi	[Genre: Cinematic Horror × Rajasthani Folk × Dark Disco × Haryanvi Vampire Weste	true	85
albums	dark-experimental-soundscapes	Dark Experimental Soundscapes	1b8e0980-f89e-41df-9a65-5a6eb313c777	पिंकी की थाली	gurukul	Other / Misc	Hindi	[Genre: Rajasthani Folk Horror × Disco × Dark Electronic] [BPM: 128, Key: D mino	true	102
albums	dark-experimental-soundscapes	Dark Experimental Soundscapes	c8598710-c924-4b3c-8e32-0a1fded87efb	Din Mein Sarpanch	kabir-clubbing	Rap & Fusion	English	Dark cinematic Indian folk trap song with female vocals.  Theme: A powerful Hary	true	8
albums	dark-experimental-soundscapes	Dark Experimental Soundscapes	ad88ec20-844d-47ac-ae8e-5634a628daee	धरती का नून	kabir-clubbing	Rap & Fusion	Hindi	dark hindustani bhajan meets ambient trance  d bhairavi  72 to 108 bpm  male gri	true	57
albums	dark-experimental-soundscapes	Dark Experimental Soundscapes	64809c5c-f7d0-4faf-b884-c3a9e25efa99	**धून रे-साधो**	sanaatana-vaigyaniq	Classical & Raag	Hindi	[Genre: Hindustani classical meets dark ambient trance, Bhairavi raga, slow burn	false	0
albums	dark-experimental-soundscapes	Dark Experimental Soundscapes	8e51259c-2c1b-4d8c-9937-a9210c11f9e0	मेट्रो हम-डोल	gurukul	Other / Misc	Hindi	Dark Drift Phonk, Heavy Distorted 808 Bass, Cowbell Melody, Fast Afro-Phonk Perc	true	68
albums	dark-experimental-soundscapes	Dark Experimental Soundscapes	302d74f4-c980-41ab-9517-7315d88c6f17	Animatrix Bootloop	gurukul	Other / Misc	English	Dark Drift Phonk, Heavy Distorted 808 Bass, Cowbell Melody, Fast Afro-Phonk Perc	true	65
albums	dark-experimental-soundscapes	Dark Experimental Soundscapes	920539b8-cbfd-4c49-8404-bb0fbaa9dc11	मेरा अंतरमान डोले	gurukul	Other / Misc	Hindi	Dark Drift Phonk, Heavy Distorted 808 Bass, Cowbell Melody, Fast Afro-Phonk Perc	true	63
albums	dark-experimental-soundscapes	Dark Experimental Soundscapes	f4537e0d-1ee4-43aa-886c-096606a8877f	Animatrix Loading (Remastered)	kabir-clubbing	Rap & Fusion	English	Dark Drift Phonk, Afrobeat percussion, Cyber-Sufi, Cinematic Space Atmosphere, H	true	50
albums	dark-experimental-soundscapes	Dark Experimental Soundscapes	1b6225a2-fb64-49aa-94db-802efe864623	Duduk Cello Oath	kabir-clubbing	Rap & Fusion	English	Cinematic World-Sufi Fusion, Avant-garde Qawwali, Mournful Armenian Duduk Intro,	true	25
albums	dark-experimental-soundscapes	Dark Experimental Soundscapes	3e849ef6-8f9e-467f-b6cd-23ece1febccc	Animatrix Loading	kabir-clubbing	Rap & Fusion	English	Dark Drift Phonk, Afrobeat percussion, Cyber-Sufi, Cinematic Space Atmosphere, H	true	50
albums	dark-experimental-soundscapes	Dark Experimental Soundscapes	eb94acbb-29cd-4d8f-8cfd-bc1845d25b66	Animatrix Loading	kabir-clubbing	Rap & Fusion	English	Dark Drift Phonk, Afrobeat percussion, Cyber-Sufi, Cinematic Space Atmosphere, H	true	50
albums	dark-experimental-soundscapes	Dark Experimental Soundscapes	3580b58a-f911-4e7a-a531-b00a0b28b285	Sanatan Data	sanaatana-vaigyaniq	Sanatan & Vedic	English	Dark Drift Phonk, Afrobeat percussion, Cyber-Sufi, Cinematic Space Atmosphere, H	true	42
albums	dark-experimental-soundscapes	Dark Experimental Soundscapes	2020dea5-b656-40ad-afab-e188b5b87eb4	Earth Station Static	kabir-clubbing	Rap & Fusion	English	Dark Drift Phonk, Afrobeat percussion, Cyber-Sufi, Cinematic Space Atmosphere, H	true	25
albums	dark-experimental-soundscapes	Dark Experimental Soundscapes	7925c2fc-1f6f-4aac-aa53-3cd7eadd9fbd	नेता एकम डेटा	kabir-clubbing	Rap & Fusion	Hindi	[Genre: Cyberpunk, Industrial Hip-Hop, Hindi Protest Rap, Dark Synthwave] [BPM:	true	29
albums	dark-experimental-soundscapes	Dark Experimental Soundscapes	38523b11-2e31-40ac-bdc6-03bfd30b1186	कुचली पुचली लाला	kabir-clubbing	Rap & Fusion	Hindi	Indian folk fusion, bansuri flute, meditative drone,  cyberpunk eastern, raw kab	true	40
albums	dark-experimental-soundscapes	Dark Experimental Soundscapes	96a7ddf6-2c5b-44ad-b1db-16634387d175	बहरूपिया-ऑनलाइन	kabir-clubbing	Rap & Fusion	Hindi	Indian folk fusion, bansuri flute, meditative drone,  cyberpunk eastern, raw kab	true	76
albums	dark-experimental-soundscapes	Dark Experimental Soundscapes	4086da7e-a7d2-40ff-8851-44664db08a56	सर्द झोंके	sanaatana-vaigyaniq	Classical & Raag	Hindi	Indian classical, Raga Darbari Kanhada, slow alap intro, deep dark mood, tanpura	true	48
albums	dark-experimental-soundscapes	Dark Experimental Soundscapes	143c21d0-d594-407b-b732-0b8d048a530c	सर्द झोंके	sanaatana-vaigyaniq	Classical & Raag	Hindi	Indian classical, Raga Darbari Kanhada, slow alap intro, deep dark mood, tanpura	true	48
albums	dark-experimental-soundscapes	Dark Experimental Soundscapes	c0070cfc-f61e-4c18-9854-d401c1d1ccc9	लम्स-ए-हवा रोया	gurukul	Other / Misc	Hindi	Haunting Female Vocals, Soprano textures, Cinematic Urdu Drill, 140 BPM, Melodic	true	28
albums	dark-experimental-soundscapes	Dark Experimental Soundscapes	18f8e3e2-f827-4ebf-8bd3-61acd858385d	سर्द جھونکے سایہ	gurukul	Other / Misc	Hindi	Dark Cinematic Urdu Drill, Emotional Atmospheric Intro, 140 BPM, Heavy Sliding 8	true	28
albums	dark-experimental-soundscapes	Dark Experimental Soundscapes	1e4e9b8a-2308-4cca-aa41-81c3c0d6b743	سर्द جھونکے سایہ	gurukul	Other / Misc	Hindi	Dark Cinematic Urdu Drill, Emotional Atmospheric Intro, 140 BPM, Heavy Sliding 8	true	28
albums	dark-experimental-soundscapes	Dark Experimental Soundscapes	e7c87a7c-4f0b-438c-8846-2b6ff056e7a6	लम्स-ए-हवा	sanaatana-vaigyaniq	Classical & Raag	Hindi	Indian classical, Raga Darbari Kanhada, slow alap intro, deep dark mood, tanpura	true	48
albums	dark-experimental-soundscapes	Dark Experimental Soundscapes	fb4055fe-37de-4a6c-a098-7c00c77c048f	Lams-e-Hawa Drone	sanaatana-vaigyaniq	Classical & Raag	English	Indian classical, Raga Darbari Kanhada, slow alap intro, deep dark mood, tanpura	true	48
albums	dark-experimental-soundscapes	Dark Experimental Soundscapes	68117724-c78f-4788-b723-577b30f31f69	लम्स-ए-हवा साया	gurukul	Other / Misc	Hindi	Cinematic Hip-Hop, Dark Drill, 140 BPM, Deep Sub-bass, Atmospheric Wind SFX Intr	true	19
albums	dark-experimental-soundscapes	Dark Experimental Soundscapes	4b0c2c01-f4bd-4229-85d2-c39b1e719b8a	झोंका हवा	gurukul	Other / Misc	Hindi	Cinematic Hip-Hop, Dark Drill, 140 BPM, Deep Sub-bass, Atmospheric Wind SFX Intr	true	17
albums	dark-experimental-soundscapes	Dark Experimental Soundscapes	d2d8b4cd-bbfb-47c4-a65f-d009691f616a	झोंका हवा	gurukul	Other / Misc	Hindi	Cinematic Hip-Hop, Dark Drill, 140 BPM, Deep Sub-bass, Atmospheric Wind SFX Intr	true	17
albums	dark-experimental-soundscapes	Dark Experimental Soundscapes	55c3b42c-b321-4d8e-982f-b33f33fd17a4	झोंका सच	gurukul	Other / Misc	Hindi	Cinematic Hip-Hop, Dark Drill, 140 BPM, Deep Sub-bass, Atmospheric Wind SFX Intr	true	17
albums	dark-experimental-soundscapes	Dark Experimental Soundscapes	c6626624-b9b4-4338-9550-008f9f82502f	दादा चेन टोरी	sanaatana-vaigyaniq	Sanatan & Vedic	Sanskrit	Cinematic Dark Vedic-Trap, 90 BPM Hypnotic Shamanic Pulse, Multi-vocal arrangeme	true	25
albums	dark-experimental-soundscapes	Dark Experimental Soundscapes	950bf07f-98a2-4abb-ab2d-2cae95ac004e	१०० साल टोरी	kabir-clubbing	Rap & Fusion	Hindi	शीर्षक: १०० साल (हिस्स्स... टोरी) Style: Dark Experimental Folk-Trap. Descriptio	true	29
albums	dark-experimental-soundscapes	Dark Experimental Soundscapes	4d6f705f-a026-4060-a32f-77594f87a633	Log Kahte Hain	gurukul	Other / Misc	English	Meditative Sufi Qawwali, 432Hz deep drone, Cinematic Ambient, Ethereal Armenian	true	48
albums	dark-experimental-soundscapes	Dark Experimental Soundscapes	781c9290-2241-4ea8-8ca4-c206d5ee558a	Iltija Jor-Aazmaish	kabir-clubbing	Rap & Fusion	English	Style: world fusion, spiritual awakening, slow sufi ghazal, cinematic ambient, n	true	41
albums	dark-experimental-soundscapes	Dark Experimental Soundscapes	a9b3bf78-406c-4fae-a4ad-3cb4afe8447b	साँस की गुंजाइश	sanaatana-vaigyaniq	Classical & Raag	Hindi	style  slow sufi ghazal  indian classical  hindustani  minimal  ambient  no perc	true	17
albums	dark-experimental-soundscapes	Dark Experimental Soundscapes	f4b382b7-da16-448e-8a6b-1e49367d23d6	साँस की गुंजाइश	sanaatana-vaigyaniq	Classical & Raag	Hindi	style  slow sufi ghazal  indian classical  hindustani  minimal  ambient  no perc	true	17
albums	dark-experimental-soundscapes	Dark Experimental Soundscapes	37fb9699-f1ca-49b8-acaa-6903ab65d04b	सांस-गुंजाइश	sanaatana-vaigyaniq	Classical & Raag	Hindi	style  slow sufi ghazal  indian classical  hindustani  minimal  ambient  no perc	true	17
albums	dark-experimental-soundscapes	Dark Experimental Soundscapes	cc349f0b-7495-4b69-8753-ecc62cb1ee80	घचा घच	kabir-clubbing	Rap & Fusion	Hindi	dark erotic hip hop, hyper rap, horrorcore, trap metal, 150-180 BPM, distorted 8	true	67
albums	dark-experimental-soundscapes	Dark Experimental Soundscapes	91b02afc-ce51-407b-9fed-8ab45bf8d00d	गीली साँस घचा	kabir-clubbing	Rap & Fusion	Hindi	dark erotic hip hop, hyper rap, horrorcore, trap metal, 150 BPM, distorted 808s,	true	67
albums	dark-experimental-soundscapes	Dark Experimental Soundscapes	b14f7e57-d779-489d-b0d2-7adb9a065fac	घचा घच	kabir-clubbing	Rap & Fusion	Hindi	dark erotic hip hop, hyper rap, horrorcore, trap metal, 150 BPM, distorted 808s,	true	65
albums	dark-experimental-soundscapes	Dark Experimental Soundscapes	53697704-706d-4df6-a476-e7944459b93d	घचा घच	kabir-clubbing	Rap & Fusion	Hindi	dark erotic hip hop, hyper rap, horrorcore, trap metal, 150 BPM, distorted 808s,	true	65
albums	dark-experimental-soundscapes	Dark Experimental Soundscapes	713de290-3d6e-45d1-a4fe-163b86903f58	घचा घच	kabir-clubbing	Rap & Fusion	Hindi	dark erotic hip hop, hyper rap, horrorcore, trap metal, 150 BPM, distorted 808s,	true	65
albums	dark-experimental-soundscapes	Dark Experimental Soundscapes	7fb4da9f-98db-4b16-a0e8-40fccfa0e245	Money-Drags Us	gurukul	Other / Misc	English	Bilingual indie ballad in E minor, 68 BPM. 432 Hz tanpura drone throughout (121.	true	46
albums	dark-experimental-soundscapes	Dark Experimental Soundscapes	ffeaefee-fcca-45f2-afcf-27c219f71bff	लॉट-जीरो-वन	kabir-clubbing	Rap & Fusion	Hindi	Style/Genre: Haryanvi Folk-Drill, Industrial Qawwali Fusion, Cinematic Dark Synt	true	24
albums	dark-experimental-soundscapes	Dark Experimental Soundscapes	1b4b29a3-0bc4-40d8-a882-8dec76cfbcac	Lot 001 Tanpura Snap	kabir-clubbing	Rap & Fusion	English	Style/Genre: Haryanvi Folk-Drill, Industrial Qawwali Fusion, Cinematic Dark Synt	true	24
albums	dark-experimental-soundscapes	Dark Experimental Soundscapes	7f329b6d-8172-4674-adad-6f83614ad576	आवाज़ों की अदालत	kabir-clubbing	Rap & Fusion	Hindi	"Acapella, Aggressive Beatboxing, Vocal Bass, Whistling, Dark Indian Folk Fusion	true	20
albums	dark-experimental-soundscapes	Dark Experimental Soundscapes	8e951426-a919-48cd-9432-5ffbeec40bb2	खो गई पहचान	sanaatana-vaigyaniq	Classical & Raag	Hindi	[Style: Indian classical fusion, dark devotional, sufi rock, slow tempo, male vo	true	18
albums	dark-experimental-soundscapes	Dark Experimental Soundscapes	ac50152c-f82a-4333-bef4-0b7a404e8399	(untitled)	kabir-clubbing	Rap & Fusion	English	"A dark, gothic Cinematic Opera fusion. Dramatic Orchestral score with soaring v	true	39
albums	dark-experimental-soundscapes	Dark Experimental Soundscapes	4c9c262d-a876-4406-8e42-79d64f585366	WhatsApp Image 2025-06-17 at 20.41.57	gurukul	Other / Misc	English	A dark and atmospheric Hindi indie-folk track with a haunting, cinematic quality	true	26
albums	dark-experimental-soundscapes	Dark Experimental Soundscapes	f3e77ca3-d3b1-4029-8814-3da77d041154	(untitled)	kabir-clubbing	Bhakti & Katha	English	"A raw, minimalist, and hauntingly soulful PHKD (Folk-HipHop-Kabir) fusion. The	true	27
albums	dark-experimental-soundscapes	Dark Experimental Soundscapes	acf72279-b350-4e2d-8241-7c4de927afb4	(untitled)	sanaatana-vaigyaniq	Classical & Raag	English	"A haunting, cinematic Avant-Garde Folk-Fusion based on Raag Todi. 100% Human-ge	true	26
albums	dark-experimental-soundscapes	Dark Experimental Soundscapes	31752ecb-d9f6-4d7f-8582-96ad901c2bff	(untitled)	gurukul	Other / Misc	English	"A haunting and minimalist 'Phakkad' soundscape. The core rhythm is a deep, reso	true	22
albums	dark-experimental-soundscapes	Dark Experimental Soundscapes	57f63a2a-a5cc-4eca-b189-530e667d6c1d	(untitled)	sanaatana-vaigyaniq	Classical & Raag	English	Epic spiritual hip-hop + Indian classical fusion, deep bass, tanpura drone, conc	true	86
albums	dark-experimental-soundscapes	Dark Experimental Soundscapes	713998e8-14d5-4633-b01a-3fb4275561f9	(untitled)	sanaatana-vaigyaniq	Classical & Raag	English	Deep cinematic spoken word, Indian classical fusion, ambient drone, slow heartbe	true	116
albums	dark-experimental-soundscapes	Dark Experimental Soundscapes	e5e11b4f-d05d-444f-9b0e-5b91e5e70206	kush..mana..da	kabir-clubbing	Bhakti & Katha	English	[Style: Rajasthani Folk + Bhakti Rap + Ambient Cinematic]  [Tempo: 88 BPM] [Scal	true	43
albums	dark-experimental-soundscapes	Dark Experimental Soundscapes	7789d061-f161-4e4d-ad2d-4bf0d70bd861	neural jogi	gurukul	Other / Misc	English	[Style: Indian Folk + Rajasthani Mand + Tribal + Ambient + Devotional + Cinemati	true	30
albums	dark-experimental-soundscapes	Dark Experimental Soundscapes	68b7f05f-0d8c-4740-b17b-f2e679aacd98	neural jogi	gurukul	Other / Misc	English	[Style: Indian Folk + Rajasthani Mand + Tribal + Ambient + Devotional + Cinemati	true	18
albums	dark-experimental-soundscapes	Dark Experimental Soundscapes	e7134e4e-a3b4-4eb2-830d-e9a1e0791ca4	chhor de	sanaatana-vaigyaniq	Classical & Raag	English	Haunting Haryanvi Folk Fusion, Raag Shivranjani base, Pathos, Melancholic, Ether	true	42
albums	dark-experimental-soundscapes	Dark Experimental Soundscapes	ae00fa9b-6761-4e45-89a4-c8bebb0ec9e2	(untitled)	sanaatana-vaigyaniq	Classical & Raag	English	Haunting Haryanvi Folk Fusion, Raag Shivranjani base, Pathos, Melancholic, Ether	true	51
albums	dark-experimental-soundscapes	Dark Experimental Soundscapes	1795fde2-4568-429d-86af-bfc929504dc6	(untitled)	sanaatana-vaigyaniq	Sanatan & Vedic	English	Genre: Vedic-Ambient, Cinematic Folk, Cyber-Tribal, Ethno-Industrial.  Mood: Sac	true	38
albums	dark-experimental-soundscapes	Dark Experimental Soundscapes	bd2091ee-707a-465e-9dff-021eac34daed	(untitled)	kabir-clubbing	Rap & Fusion	English	Style: Dark Ambient Trance, Binaural beats background, Deep male vocals,  Sanskr	true	34
albums	dark-experimental-soundscapes	Dark Experimental Soundscapes	da8bd16a-76ab-4e2f-a35e-fb138515ce39	(untitled)	gurukul	Other / Misc	English	Experimental Avant-Garde Soundscape meets Indian Nautanki Street Theater. NO MUS	true	31
albums	dark-experimental-soundscapes	Dark Experimental Soundscapes	44d6eaee-1e67-4eaf-af1a-1b53349e55f1	(untitled)	sanaatana-vaigyaniq	Sanatan & Vedic	English	dark cinematic vedic rap deep bass slow trap drums haunting flute throat singing	true	124
albums	dark-experimental-soundscapes	Dark Experimental Soundscapes	764eab1d-f307-4665-bfc4-feb4bbb042a4	muniya	kabir-clubbing	Rap & Fusion	English	Aggressive Indian hard rap, underground hip hop, dark spiritual theme, heavy 808	true	51
albums	dark-experimental-soundscapes	Dark Experimental Soundscapes	b54e87b1-dff9-41bf-969d-e0a19cce756c	muniya	kabir-clubbing	Rap & Fusion	English	Aggressive Indian hard rap, underground hip hop, dark spiritual theme, heavy 808	true	57
albums	dark-experimental-soundscapes	Dark Experimental Soundscapes	c566f06c-9015-4d31-9d83-5f54111a1d61	muniya	kabir-clubbing	Rap & Fusion	English	Aggressive Indian hard rap, underground hip hop, dark spiritual theme, heavy 808	true	48
albums	dark-experimental-soundscapes	Dark Experimental Soundscapes	ee7a49e1-a296-4e95-acfb-ff3390b8c92f	muniya	kabir-clubbing	Rap & Fusion	English	Aggressive Indian hard rap, underground hip hop, dark spiritual theme, heavy 808	true	48
albums	dark-experimental-soundscapes	Dark Experimental Soundscapes	a5ddb660-04fc-46c2-b2b3-145c9da1449e	muniya	kabir-clubbing	Rap & Fusion	English	Aggressive Indian hard rap, underground hip hop, dark spiritual theme, heavy 808	true	58
albums	dark-experimental-soundscapes	Dark Experimental Soundscapes	a9505c01-2145-47a6-bf34-71f71a1c7798	mooshak	kabir-clubbing	Rap & Fusion	English	Indian hip hop fusion, boom bap beat, tabla percussion, tanpura drone, cinematic	true	20
albums	love-virah-ghazal	Love Virah Ghazal	2cde1a1a-4b66-4a74-ba16-bd13a1f93fd4	छत की चादर	sanaatana-vaigyaniq	Classical & Raag	Hindi	[Style: Hindustani Classical + Folk + Bollywood Sad + Acoustic Guitar + Tabla +	true	23
albums	love-virah-ghazal	Love Virah Ghazal	467d741a-c022-402a-b47d-0a2abb53f043	छत वाला सितारों	sanaatana-vaigyaniq	Classical & Raag	Hindi	[Style: Hindustani Classical + Folk + Bollywood Sad + Acoustic Guitar + Tabla +	true	23
albums	love-virah-ghazal	Love Virah Ghazal	2cba3a04-39a7-4cb7-8c74-33800f3a25d7	काली कलम	kabir-clubbing	Naagin & Mystic	Hindi	.  🎵 KA KAA RAHASYA (क का रहस्य) A Narrator-Style Neural Mystical Ballad Directi	true	83
albums	love-virah-ghazal	Love Virah Ghazal	6c05306f-bf60-44fc-9a7c-cd6a8d07190d	छुक-छुक चलती भाषा की गाड़ी	ameerpur	Love & Virah	Hindi	Love & Virah	true	28
albums	love-virah-ghazal	Love Virah Ghazal	935837be-7dfb-4f7d-ae0c-36743a8de966	छुक-छुक चलती भाषा की गाड़ी	ameerpur	Love & Virah	Hindi	Love & Virah	true	28
albums	love-virah-ghazal	Love Virah Ghazal	e73bb277-81d9-40d3-94bc-f8f3f7893688	O my darling	ameerpur	Love & Virah	English	Love & Virah	true	58
albums	love-virah-ghazal	Love Virah Ghazal	8433a493-5a44-4032-8243-bc0263a6ba2f	जमा उघाड़ी	gurukul	Other / Misc	Hindi	[Style: World's saddest folk singing, extremely melancholic, cry voice, male rur	true	64
albums	love-virah-ghazal	Love Virah Ghazal	27601dd5-f441-413d-bb6e-6efae567a7f7	आँखें रातभर	gurukul	Other / Misc	Hindi	[Style: World's saddest folk singing, extremely melancholic, cry voice, male rur	true	29
albums	love-virah-ghazal	Love Virah Ghazal	d02ff9aa-08de-4c3c-894a-5d78bf3883f8	जैठ की दुपहरी	ameerpur	Love & Virah	Hindi	[Style: Slow emotional ghazal, Sufi, male voice, crying tone, melancholic, acous	true	25
albums	love-virah-ghazal	Love Virah Ghazal	c5f1d8b4-1e92-4d0f-9936-e632bd0922de	म्यूअर क़िला-धुआं	gurukul	Other / Misc	Hindi	Epic Bollywood patriotic ballad, heroic male vocals, orchestral with dhol and sh	true	20
albums	love-virah-ghazal	Love Virah Ghazal	091ab81d-180d-4521-8005-1d08377b3f14	साँस का पहरा	ameerpur	Love & Virah	Hindi	Cinematic Modern Ghazal, Dark Ambient, Ethereal Baritone Male Vocals, Deep Cello	true	14
albums	love-virah-ghazal	Love Virah Ghazal	18cc6ebd-d8fe-4bf0-a598-1abdd0082fc7	करें परेशान	ameerpur	Love & Virah	Hindi	Love & Virah	true	17
albums	love-virah-ghazal	Love Virah Ghazal	5a96815a-5320-4ebb-83ad-5088f4d5119f	कुचली पुचली लोरी	gurukul	Other / Misc	Hindi	Lullaby, Indian Folk, Soft Female or Male Vocals, Harmonium, Gentle Tabla, Bansu	true	20
albums	love-virah-ghazal	Love Virah Ghazal	f3e731fd-6f31-461c-a2a6-3b473777fab5	कुचली पुचली लोरी	gurukul	Other / Misc	Hindi	Lullaby, Indian Folk, Soft Female or Male Vocals, Harmonium, Gentle Tabla, Bansu	true	20
albums	love-virah-ghazal	Love Virah Ghazal	b37c71bb-dbeb-4ae3-99d2-7debde5ee2be	ला ला ला... सो जा रे	ameerpur	Love & Virah	Hindi	Love & Virah	true	20
albums	love-virah-ghazal	Love Virah Ghazal	35f7f955-01dd-4c65-bbbd-ba0e87bf0900	कुचली पुचली सो जा	gurukul	Other / Misc	Hindi	Lullaby, Indian Folk, Soft Female or Male Vocals, Harmonium, Gentle Tabla, Bansu	true	20
albums	love-virah-ghazal	Love Virah Ghazal	a3921a5e-3468-4352-82c7-464bbbbdee6f	कुचली-पुचली लाला	gurukul	Other / Misc	Hindi	Sufi, Indian Folk, Acoustic Lullaby, Soft Male Vocals, Harmonium, Tabla, Sitar,	true	40
albums	love-virah-ghazal	Love Virah Ghazal	3118ddf7-ffd5-4762-a8c4-74a78371a3e4	कुचली पुचली लाला	gurukul	Other / Misc	Hindi	[Style: Sufi, Acoustic Lullaby, Indian Folk, Soft Male Vocals, Harmonium, Tabla,	true	37
albums	love-virah-ghazal	Love Virah Ghazal	cd7f3a61-d005-4eac-aecc-373368cd6ccb	॥ रूह-देह संवाद: आदि से अनंत ॥	ameerpur	Love & Virah	Hindi	Love & Virah	true	35
albums	love-virah-ghazal	Love Virah Ghazal	1826d08a-5fb4-4ab4-adb0-4163baf9acfc	लम्स-ए-हवा रोया	ameerpur	Love & Virah	Hindi	Drill, Urdu/Hindi poetry, Ghazal elements, slow melodic hook, heavy 808 bass, em	true	95
albums	love-virah-ghazal	Love Virah Ghazal	ef834e73-a6e2-4dc4-a69f-cf8697e9de12	लम्स-ए-हवा सर्द	ameerpur	Love & Virah	Hindi	Drill, Urdu/Hindi poetry, Ghazal elements, slow melodic hook, heavy 808 bass, em	true	47
albums	love-virah-ghazal	Love Virah Ghazal	a1a5dd9d-4535-4bdc-aef8-0471e275049f	लम्स-ए-हवा साया	ameerpur	Love & Virah	Hindi	[Intro] – Spoken word / wind sound (Ghazal mood)  [DROP] – Heavy 808 + drill per	true	59
albums	love-virah-ghazal	Love Virah Ghazal	2a6843e3-bc23-478e-8ced-eab4bdc44ee1	ਟੁੱਟੇ ਪੈਸੇ	kabir-clubbing	Rap & Fusion	Hindi	Punjabi folk fusion ballad in E (Punjabi folk scale: E F# G# B C#). 70 BPM Dhama	true	52
albums	love-virah-ghazal	Love Virah Ghazal	03b043a1-b777-4366-8b83-766f61b5ec66	E-tumbi Dhamal	kabir-clubbing	Rap & Fusion	English	Opera + Punjabi folk fusion ballad. Key: E minor (operatic) over E Punjabi folk	true	52
albums	love-virah-ghazal	Love Virah Ghazal	7fb4da9f-98db-4b16-a0e8-40fccfa0e245	Money-Drags Us	gurukul	Other / Misc	English	Bilingual indie ballad in E minor, 68 BPM. 432 Hz tanpura drone throughout (121.	true	46
albums	love-virah-ghazal	Love Virah Ghazal	6e735a57-85ab-45fc-912a-9c64579dc9f2	ਟੁੱਟੇ ਪੈਸੇ	kabir-clubbing	Rap & Fusion	Hindi	Punjabi folk fusion ballad in E (Punjabi folk scale: E F# G# B C#). 70 BPM Dhama	true	52
albums	love-virah-ghazal	Love Virah Ghazal	27c452cf-2f79-4805-9f19-a6ba4be5ef89	“सैलाब हार्मोन्स”	gurukul	Other / Misc	Hindi	Bilingual indie ballad in E minor, 68 BPM. Intimate, healing, unresolved. Intro:	true	6
albums	love-virah-ghazal	Love Virah Ghazal	c8df8309-2e96-4199-ad2e-32c87be3002e	“सैलाब हार्मोन्स”	gurukul	Other / Misc	Hindi	Bilingual indie ballad in E minor, 68 BPM. Intimate, healing, unresolved. Intro:	true	6
albums	love-virah-ghazal	Love Virah Ghazal	6891158c-b10e-4ec4-9cb0-454f0c1bd1f6	सैलाब हार्मोन्स	gurukul	Other / Misc	Hindi	Bilingual indie ballad in E minor, 68 BPM. Intimate, healing, unresolved. Intro:	true	6
albums	love-virah-ghazal	Love Virah Ghazal	65806a40-681c-40b3-a051-6052aac0137c	ओ काला कोट	ameerpur	Love & Virah	Hindi	Love & Virah	true	90
albums	love-virah-ghazal	Love Virah Ghazal	1372ca04-8fbc-4cad-acee-e993865dae48	खो गई मेरी पहचान	ameerpur	Love & Virah	Hindi	Love & Virah	true	18
albums	love-virah-ghazal	Love Virah Ghazal	dd8e3e0b-2ec6-4e7f-b8a9-5a53d281c275	सोए मन जाग	sanaatana-vaigyaniq	Classical & Raag	Hindi	Hindustani classical, Bollywood ballad, Raga Yaman, 75 BPM, sitar, tabla, harmon	true	48
albums	love-virah-ghazal	Love Virah Ghazal	0823ba9f-bc73-4d90-a3f7-90ee284167ab	स्वर्ण पताका उड़ रही	sanaatana-vaigyaniq	Classical & Raag	Hindi	Hindustani classical, Bollywood ballad, Raga Yaman, 75 BPM, sitar, tabla, harmon	true	20
albums	love-virah-ghazal	Love Virah Ghazal	79df050a-9ca2-4238-8c67-f3470d7b0b0f	(untitled)	sanaatana-vaigyaniq	Sanatan & Vedic	English	Vedic Industrial Rock, Nu-Metal, Indian Raga Hansadhwani on Bansuri flute, Cinem	true	38
albums	love-virah-ghazal	Love Virah Ghazal	e7134e4e-a3b4-4eb2-830d-e9a1e0791ca4	chhor de	sanaatana-vaigyaniq	Classical & Raag	English	Haunting Haryanvi Folk Fusion, Raag Shivranjani base, Pathos, Melancholic, Ether	true	42
albums	love-virah-ghazal	Love Virah Ghazal	ae00fa9b-6761-4e45-89a4-c8bebb0ec9e2	(untitled)	sanaatana-vaigyaniq	Classical & Raag	English	Haunting Haryanvi Folk Fusion, Raag Shivranjani base, Pathos, Melancholic, Ether	true	51
albums	love-virah-ghazal	Love Virah Ghazal	eea1f46e-7cbb-441d-abcb-52a46144583a	(untitled)	ameerpur	Love & Virah	English	Genre: Indic-Sufi-Lusophone-Blues Virah Raga Tempo: 70 BPM slow emotional  Vocal	true	55
albums	love-virah-ghazal	Love Virah Ghazal	08b16e64-f600-411c-807f-6c943c14f56e	kudru ki beti naagin	kabir-clubbing	Naagin & Mystic	English	Genre: World music / emotional instrumental  Mood: Deep longing, universal femal	true	64
albums	love-virah-ghazal	Love Virah Ghazal	dac36f36-1b07-4909-bd88-88bb40d18bc8	kudru ki beti naagin	kabir-clubbing	Naagin & Mystic	English	Genre: Haryanvi Folk Ragni  Theme: Betrayal and emotional virah of a woman whose	true	56
albums	love-virah-ghazal	Love Virah Ghazal	e55b3ea6-14b8-462f-b43e-dc03bf4e9f18	kudru ki beti naagin	kabir-clubbing	Naagin & Mystic	English	Genre: Haryanvi Folk Ragni  Theme: Betrayal and emotional virah of a woman whose	true	56
albums	love-virah-ghazal	Love Virah Ghazal	3f3cee67-4312-4a74-926f-1e1e089df3e5	kudru ki beti naagin	kabir-clubbing	Naagin & Mystic	English	Genre: World music / emotional instrumental  Mood: Deep longing, universal virah	true	56
albums	love-virah-ghazal	Love Virah Ghazal	1392cfca-0b75-4795-bdb5-b82e430c9f7b	(untitled)	ameerpur	Love & Virah	English	आत्मा जगराना जागो जागो जागो हेमंत राणा जी महाराज मेरे तुम दीक्षित प्यारे  बेटे ह	true	177
albums	love-virah-ghazal	Love Virah Ghazal	399e2400-18cc-4988-ac09-c3fbc115916f	(untitled)	ameerpur	Love & Virah	English	आत्मा जगराना जागो जागो जागो हेमंत राणा जी महाराज मेरे तुम दीक्षित प्यारे  बेटे ह	true	177
albums	love-virah-ghazal	Love Virah Ghazal	ddf4af6e-aef4-4ac2-9b4a-59cd3d896e25	(untitled)	ameerpur	Haryanvi Folk	Haryanvi	title mne meऋ भारत माँ  swatantra yantra folk ballad  genre  style haryanvi folk	true	96
albums	love-virah-ghazal	Love Virah Ghazal	e5a682c7-62e9-401e-94ce-af4dff412f71	(untitled)	gurukul	Other / Misc	English	Funky folk duet with earthy groove and sensual playful chemistry between lovers	true	26
albums	love-virah-ghazal	Love Virah Ghazal	eec95412-60c5-41d3-b2f8-59313a044060	(untitled)	gurukul	Other / Misc	English	Funky folk duet with earthy groove and sensual playful chemistry between lovers	true	26
albums	love-virah-ghazal	Love Virah Ghazal	eb079cd7-e435-40eb-bee2-b82846008f09	(untitled)	gurukul	Other / Misc	English	Funky folk duet with earthy groove and sensual playful chemistry between lovers	true	26
albums	love-virah-ghazal	Love Virah Ghazal	cf734c04-3a7d-47f5-8575-3545ca0152db	(untitled)	gurukul	Other / Misc	English	Funky folk duet with earthy groove and sensual playful chemistry between lovers	true	26
albums	love-virah-ghazal	Love Virah Ghazal	c0ed3b71-8057-44e9-bbc9-7edbeb1cb247	(untitled)	gurukul	Other / Misc	English	Funky folk duet with earthy groove and sensual playful chemistry between lovers	true	26
albums	love-virah-ghazal	Love Virah Ghazal	ee903ee8-bc90-4636-b704-94eaad28c4e6	(untitled)	gurukul	Other / Misc	English	Funky folk duet with earthy groove and sensual playful chemistry between lovers	true	26
albums	love-virah-ghazal	Love Virah Ghazal	e4e6e3b0-e45c-4464-933f-ec6a37a9fc1a	(untitled)	sanaatana-vaigyaniq	Sanatan & Vedic	English	Funky हरियाणवी folk duet about lovers discovering cosmic love and body-mind harm	true	26
albums	love-virah-ghazal	Love Virah Ghazal	6a9729a2-bfde-48a5-bc3a-95d1de82ccbd	(untitled)	sanaatana-vaigyaniq	Sanatan & Vedic	English	Funky हरियाणवी folk duet about lovers discovering cosmic love and body-mind harm	true	26
albums	love-virah-ghazal	Love Virah Ghazal	3a30e4a6-c5b1-4cf9-bdda-324b95054db1	(untitled)	sanaatana-vaigyaniq	Sanatan & Vedic	English	Funky folk duet about lovers discovering cosmic love and body-mind harmony. Use	true	26
albums	love-virah-ghazal	Love Virah Ghazal	e5e5c4ed-7013-4378-8baf-ec76665ed5ea	(untitled)	sanaatana-vaigyaniq	Sanatan & Vedic	English	Funky folk duet about lovers discovering cosmic love and body-mind harmony. Use	true	26
albums	love-virah-ghazal	Love Virah Ghazal	ceb76bb6-5502-4d7e-8c67-0273d1e4404c	(untitled)	sanaatana-vaigyaniq	Sanatan & Vedic	English	Funky folk duet about lovers discovering cosmic love and body-mind harmony. Use	true	27
albums	love-virah-ghazal	Love Virah Ghazal	1f500bc8-f5ba-4d2c-8156-b182c9b0b46b	(untitled)	gurukul	Other / Misc	English	Style: Egyptian lullaby + cinematic awakening anthem + Sufi-orchestral folk Mood	true	98
albums	love-virah-ghazal	Love Virah Ghazal	7960d8d5-9742-4fb2-9329-3efae9f39d73	(untitled)	gurukul	Other / Misc	English	Style: Egyptian lullaby + cinematic awakening anthem + Sufi-orchestral folk Mood	true	92
albums	love-virah-ghazal	Love Virah Ghazal	092a0654-5362-4efb-8bf3-46414fad9d47	रुद्रस्थली पुकारे	ameerpur	Love & Virah	Hindi	Love & Virah	true	68
albums	love-virah-ghazal	Love Virah Ghazal	596518d8-aaa8-4de7-b73b-3b3c96b44600	रुद्रस्थली पुकारे	ameerpur	Love & Virah	Hindi	Love & Virah	true	74
albums	love-virah-ghazal	Love Virah Ghazal	ff609686-fea5-492d-a625-50aca90796bf	पपिया	ameerpur	Love & Virah	Hindi	Indian devotional folk song, female chorus with male lead, emotional and uplifti	true	11
albums	love-virah-ghazal	Love Virah Ghazal	52c58392-c320-4d60-9797-60253639ce60	Haryana! Haryana! Scream it out loud	ameerpur	Love & Virah	English	Love & Virah	true	67
albums	love-virah-ghazal	Love Virah Ghazal	0cd6de16-1e2e-4e49-bd95-27a49a090626	पपिया	ameerpur	Love & Virah	Hindi	3 female	true	67
albums	love-virah-ghazal	Love Virah Ghazal	088c25b7-9b4d-456c-a60e-be4ae8acd986	पपिया	ameerpur	Love & Virah	Hindi	NULL	true	67
albums	love-virah-ghazal	Love Virah Ghazal	ecbd67a9-247c-4170-87eb-439355d54dc6	पपिया	ameerpur	Love & Virah	Hindi	NULL	true	67
albums	love-virah-ghazal	Love Virah Ghazal	177adbe2-a0c9-4531-96cc-8a502ee40194	नहीं है कोई शिकवा उनसे	ameerpur	Love & Virah	Hindi	Love & Virah	true	14
albums	love-virah-ghazal	Love Virah Ghazal	930eee1f-783e-47bf-a120-b800f71460ab	ग़ज़ल	ameerpur	Love & Virah	Hindi	Love & Virah	true	17
albums	love-virah-ghazal	Love Virah Ghazal	0c99df73-cc56-439f-a358-0cdbaff0f6f3	del	ameerpur	Love & Virah	English	Bollywood Romantic Duet Emotional Ghazal Pop Soft Acoustic Love Song	true	65
albums	love-virah-ghazal	Love Virah Ghazal	ce3542f2-07bf-4e0e-94d0-849e29cc7cc7	del	ameerpur	Love & Virah	English	Bollywood Romantic Duet Emotional Ghazal Pop Soft Acoustic Love Song	true	65
albums	dance-funk-dj-masti	Dance Funk DJ Masti	684a2e17-9992-459b-970a-279f3f506e59	Kash Bachpan Phir	gurukul	Other / Misc	English	Braj folk mixed with funky pop. Bollywood dance style. Fast tempo 115 BPM. Male	true	31
albums	dance-funk-dj-masti	Dance Funk DJ Masti	b1673a2d-91fa-478f-a3c3-79d253fd7444	परदेसां धड़कन	kabir-clubbing	Rap & Fusion	Hindi	[Genre: Psytrance, Funky House, Hyperpop, Indian Fusion, 145 BPM, Male Vocals, H	true	51
albums	dance-funk-dj-masti	Dance Funk DJ Masti	60bb8f17-03b5-4159-ab31-2927d80a2629	Distorted Sarangi Wobble	kabir-clubbing	Rap & Fusion	English	[Genre: Psytrance, Funky House, Hyperpop, Indian Fusion, 145 BPM, Male Vocals, H	true	48
albums	dance-funk-dj-masti	Dance Funk DJ Masti	cb8ff251-d3a7-4271-a3a0-33969db28cb0	Paradesi Wobble	kabir-clubbing	Rap & Fusion	English	[Genre: Psytrance, Funky House, Hyperpop, Indian Fusion, 145 BPM, Male Vocals,	true	44
albums	dance-funk-dj-masti	Dance Funk DJ Masti	12134426-c294-4dd0-9375-9f507bb1140a	इसी वाली बोटी	gurukul	Other / Misc	Hindi	Genre: Punjabi Folk Pop / Bhangra Pop / Energetic Party Song BPM: 120-130 Mood:	true	56
albums	dance-funk-dj-masti	Dance Funk DJ Masti	b56bd6df-5167-43b3-b0a6-cf5f42c72589	मेट्रो दरवाज़े बंद x Animatrix लोडिंग (Mashup)	sanaatana-vaigyaniq	Sanatan & Vedic	English	Afro-Phonk Fusion, Vedic Chanting, Modern Indian Folk, Neon-Sufi, Syncopated Dje	true	68
albums	dance-funk-dj-masti	Dance Funk DJ Masti	d0569990-a19a-4e68-b82b-1db44b271e2a	मेट्रो दरवाज़े बंद x Animatrix लोडिंग (Mashup)	sanaatana-vaigyaniq	Sanatan & Vedic	English	Afro-Phonk Fusion, Vedic Chanting, Modern Indian Folk, Neon-Sufi, Syncopated Dje	true	68
albums	dance-funk-dj-masti	Dance Funk DJ Masti	e48f5522-c4e9-43c9-8080-e6a097fa596c	मेट्रो दरवाज़े बंद	sanaatana-vaigyaniq	Sanatan & Vedic	Sanskrit	Afro-Phonk Fusion, Vedic Chanting, Modern Indian Folk, Neon-Sufi, Syncopated Dje	true	68
albums	dance-funk-dj-masti	Dance Funk DJ Masti	e4126f4b-d140-4061-9c2f-294733f12904	Animatrix Loading	sanaatana-vaigyaniq	Sanatan & Vedic	English	Afro-Phonk Fusion, Vedic Chanting, Modern Indian Folk, Neon-Sufi, Syncopated Dje	true	66
albums	dance-funk-dj-masti	Dance Funk DJ Masti	9aa4b117-b9b0-46de-9c7d-4e16fadb5159	Animatrix लोड	sanaatana-vaigyaniq	Sanatan & Vedic	English	Afro-Phonk Fusion, Vedic Chanting, Modern Indian Folk, Neon-Sufi, Syncopated Dje	true	66
albums	dance-funk-dj-masti	Dance Funk DJ Masti	40bc367c-0e8b-4773-800e-f68e8cf45f1e	Animatrix Loading	sanaatana-vaigyaniq	Sanatan & Vedic	English	Afro-Phonk Fusion, Vedic Chanting, Modern Indian Folk, Neon-Sufi, Syncopated Dje	true	66
albums	dance-funk-dj-masti	Dance Funk DJ Masti	47ed762a-d69b-40e3-8c6b-9feee3c9bd95	Animatrix लोड	sanaatana-vaigyaniq	Sanatan & Vedic	English	Afro-Phonk Fusion, Vedic Chanting, Modern Indian Folk, Neon-Sufi, Syncopated Dje	true	66
albums	dance-funk-dj-masti	Dance Funk DJ Masti	a1faf499-0ae9-40d2-ac91-2d8e83b55f0c	Animatrix लोडिंग	sanaatana-vaigyaniq	Sanatan & Vedic	English	Afro-Phonk Fusion, Vedic Chanting, Modern Indian Folk, Neon-Sufi, Syncopated Dje	true	66
albums	dance-funk-dj-masti	Dance Funk DJ Masti	c2da4a42-4081-4f8b-bcce-99e67d38740e	Animatrix लोडिंग	sanaatana-vaigyaniq	Sanatan & Vedic	English	Afro-Phonk Fusion, Vedic Chanting, Modern Indian Folk, Neon-Sufi, Syncopated Dje	true	66
albums	dance-funk-dj-masti	Dance Funk DJ Masti	2b9f2515-2617-4f67-93ba-594138f00b7a	पहाड़ा सत्तालोलुप	gurukul	Other / Misc	Hindi	[Genre: Viral Funk, Hindi Disco, Ghetto Funk, Bollywood Bass, TikTok Dance Chall	true	37
albums	dance-funk-dj-masti	Dance Funk DJ Masti	2ff31d7c-3d3c-4c10-8f2d-d61355484a92	गधा पहलवान	gurukul	Other / Misc	Hindi	[Genre: Viral Funk, Hindi Dance Pop, Ghetto Funk, Bollywood Bass, TikTok Ready,	true	34
albums	dance-funk-dj-masti	Dance Funk DJ Masti	e512512c-6e61-42ce-8ccc-8fd96d37f200	Sahair Real Deal	gurukul	Other / Misc	English	[style: Indian folk bhajan meets West Coast G-Funk hip-hop, slow tempo, harmoniu	true	10
albums	dance-funk-dj-masti	Dance Funk DJ Masti	7ed796e3-32c4-42d3-89a2-f658115084dd	नसीब का ऐलान	kabir-clubbing	Rap & Fusion	Hindi	Genre: Haryanvi Pop, Desi Hip Hop, Upbeat Dance, Only Male announcer & Only Fema	true	61
albums	dance-funk-dj-masti	Dance Funk DJ Masti	517563f4-4c0a-447c-a6c7-5e81307423c3	“नसीब का ऐलान”	kabir-clubbing	Rap & Fusion	Hindi	Genre: Haryanvi Pop, Desi Hip Hop, Upbeat Dance, Male announcer & Female vocals	true	62
albums	dance-funk-dj-masti	Dance Funk DJ Masti	3d3e0685-76e1-4447-88b2-83897ac87205	इश्क-ए-इलाका	kabir-clubbing	Rap & Fusion	Hindi	Genre: Haryanvi Pop, Desi Hip Hop, Upbeat Dance, Male & Female vocals (Duo), ene	true	62
albums	dance-funk-dj-masti	Dance Funk DJ Masti	7cd38250-4106-4fb8-8a4f-bbc7df32238e	(untitled)	gurukul	Other / Misc	English	start with hyperfun funk hiphop adwait and bhairav on bike maya and Pop, Latin P	true	76
albums	dance-funk-dj-masti	Dance Funk DJ Masti	f850c20c-670d-4871-bd1a-6f0652c7700a	(untitled)	gurukul	Other / Misc	English	start with hyperfun funk hiphop adwait and bhairav on bike maya and Pop, Latin P	true	34
albums	dance-funk-dj-masti	Dance Funk DJ Masti	347d4a25-0d54-445c-982e-c1c6c1c7e091	(untitled)	gurukul	Other / Misc	English	start with hyperfun funk hiphop adwait and bhairav on bike maya and Pop, Latin P	true	37
albums	dance-funk-dj-masti	Dance Funk DJ Masti	46a0e0b1-a456-4550-b57d-dd7271cf0096	(untitled)	kabir-clubbing	Rap & Fusion	English	super fun funky rap mix hyper fun	true	37
albums	dance-funk-dj-masti	Dance Funk DJ Masti	114a0d17-28b3-4a56-a251-50c1fbf4f659	(untitled)	kabir-clubbing	Rap & Fusion	English	super fun funky rap mix hyper fun	true	37
albums	dance-funk-dj-masti	Dance Funk DJ Masti	73f2af74-5054-49d8-896c-e82524eddc06	(untitled)	kabir-clubbing	Rap & Fusion	English	full on masti, dj, dance, dj banger,, full on drum beats, with full on trumpet	true	24
albums	dance-funk-dj-masti	Dance Funk DJ Masti	3ce196ce-9876-4bc9-8d96-a2d296db8b1c	(untitled)	kabir-clubbing	Rap & Fusion	English	dj banger, full on masti, dj, dance, लहर, full on drum beats, with full on trum	true	24
albums	dance-funk-dj-masti	Dance Funk DJ Masti	beb18e30-ad60-4f61-b962-bf72577a984c	(untitled)	kabir-clubbing	Rap & Fusion	English	super fun funky rap with dog souls..  a bitch being  requested by dog. howls, do	true	26
albums	dance-funk-dj-masti	Dance Funk DJ Masti	71819a1c-7df5-443a-bedf-56c547e4efe1	(untitled)	kabir-clubbing	Rap & Fusion	English	super fun funky rap with dog souls..  a bitch being  requested by dog. howls, do	true	26
albums	dance-funk-dj-masti	Dance Funk DJ Masti	5e09dadb-f03e-4b45-b8fa-7a825b7cdb46	(untitled)	kabir-clubbing	Rap & Fusion	English	super fun funky rap with dog souls..  a bitch being  requested by dog. howls, do	true	26
albums	dance-funk-dj-masti	Dance Funk DJ Masti	9b58de99-1027-44cb-bcfb-cb9727dd1c42	(untitled)	kabir-clubbing	Rap & Fusion	English	super fun funky rap with dog souls..  a bitch being  requested by dog. howls, do	true	26
albums	dance-funk-dj-masti	Dance Funk DJ Masti	e5a682c7-62e9-401e-94ce-af4dff412f71	(untitled)	gurukul	Other / Misc	English	Funky folk duet with earthy groove and sensual playful chemistry between lovers	true	26
albums	dance-funk-dj-masti	Dance Funk DJ Masti	eec95412-60c5-41d3-b2f8-59313a044060	(untitled)	gurukul	Other / Misc	English	Funky folk duet with earthy groove and sensual playful chemistry between lovers	true	26
albums	dance-funk-dj-masti	Dance Funk DJ Masti	eb079cd7-e435-40eb-bee2-b82846008f09	(untitled)	gurukul	Other / Misc	English	Funky folk duet with earthy groove and sensual playful chemistry between lovers	true	26
albums	dance-funk-dj-masti	Dance Funk DJ Masti	cf734c04-3a7d-47f5-8575-3545ca0152db	(untitled)	gurukul	Other / Misc	English	Funky folk duet with earthy groove and sensual playful chemistry between lovers	true	26
albums	dance-funk-dj-masti	Dance Funk DJ Masti	c0ed3b71-8057-44e9-bbc9-7edbeb1cb247	(untitled)	gurukul	Other / Misc	English	Funky folk duet with earthy groove and sensual playful chemistry between lovers	true	26
albums	dance-funk-dj-masti	Dance Funk DJ Masti	ee903ee8-bc90-4636-b704-94eaad28c4e6	(untitled)	gurukul	Other / Misc	English	Funky folk duet with earthy groove and sensual playful chemistry between lovers	true	26
albums	dance-funk-dj-masti	Dance Funk DJ Masti	8a5abcc5-bf22-4a21-be55-0e7dee8d4eb0	(untitled)	ameerpur	Haryanvi Folk	Haryanvi	Funky हरियाणवी folk रगनी duet  super funky	true	26
albums	dance-funk-dj-masti	Dance Funk DJ Masti	c2cfd34c-47f2-44fc-9c9d-dcb40dfd0ffc	(untitled)	ameerpur	Haryanvi Folk	Haryanvi	Funky हरियाणवी folk रगनी duet	true	26
albums	dance-funk-dj-masti	Dance Funk DJ Masti	f6b91a35-6661-45fa-af60-6af4f69f5adc	(untitled)	ameerpur	Haryanvi Folk	Haryanvi	Funky हरियाणवी folk रगनी duet	true	26
albums	dance-funk-dj-masti	Dance Funk DJ Masti	e4e6e3b0-e45c-4464-933f-ec6a37a9fc1a	(untitled)	sanaatana-vaigyaniq	Sanatan & Vedic	English	Funky हरियाणवी folk duet about lovers discovering cosmic love and body-mind harm	true	26
albums	dance-funk-dj-masti	Dance Funk DJ Masti	6a9729a2-bfde-48a5-bc3a-95d1de82ccbd	(untitled)	sanaatana-vaigyaniq	Sanatan & Vedic	English	Funky हरियाणवी folk duet about lovers discovering cosmic love and body-mind harm	true	26
albums	dance-funk-dj-masti	Dance Funk DJ Masti	3a30e4a6-c5b1-4cf9-bdda-324b95054db1	(untitled)	sanaatana-vaigyaniq	Sanatan & Vedic	English	Funky folk duet about lovers discovering cosmic love and body-mind harmony. Use	true	26
albums	dance-funk-dj-masti	Dance Funk DJ Masti	e5e5c4ed-7013-4378-8baf-ec76665ed5ea	(untitled)	sanaatana-vaigyaniq	Sanatan & Vedic	English	Funky folk duet about lovers discovering cosmic love and body-mind harmony. Use	true	26
albums	dance-funk-dj-masti	Dance Funk DJ Masti	ceb76bb6-5502-4d7e-8c67-0273d1e4404c	(untitled)	sanaatana-vaigyaniq	Sanatan & Vedic	English	Funky folk duet about lovers discovering cosmic love and body-mind harmony. Use	true	27
albums	dance-funk-dj-masti	Dance Funk DJ Masti	93f61d64-57c6-4b30-afcf-5b0bab061bd8	(untitled)	sanaatana-vaigyaniq	Sanatan & Vedic	English	super funky  revolutionary  Verse 1 (Rap)  Hook / Crowd chant  Verse 2 (Rap)  Br	true	47
albums	dance-funk-dj-masti	Dance Funk DJ Masti	96ab99cb-c3fa-407f-92e0-a01aca8ea61a	(untitled)	sanaatana-vaigyaniq	Sanatan & Vedic	English	super funky  revolutionary  Verse 1 (Rap)  Hook / Crowd chant  Verse 2 (Rap)  Br	true	47
albums	dance-funk-dj-masti	Dance Funk DJ Masti	854208c5-1a84-4ed7-b85c-5ecc3dda4952	red compare	ameerpur	Haryanvi Folk	Haryanvi	haryanvi ragni super funk	true	51
albums	dance-funk-dj-masti	Dance Funk DJ Masti	12e2bb46-4dc7-475b-8a89-61146e585918	red compare	ameerpur	Haryanvi Folk	Haryanvi	haryanvi ragni super funk	true	51
albums	dance-funk-dj-masti	Dance Funk DJ Masti	b34894ee-52e3-4cd4-b4f9-5336056b318b	mahadev	gurukul	Other / Misc	English	full सुपर  funky	true	58
albums	dance-funk-dj-masti	Dance Funk DJ Masti	83393fa5-c5e2-48b7-a6b0-09cfa197cc04	mahadev	gurukul	Other / Misc	English	full funky	true	53
albums	desh-veer-patriotic	Desh Veer Patriotic	5791e93b-a997-4765-b8d1-c0fcbb88c384	धारानगरी का वो राजा	ameerpur	Desh / Patriotic	Hindi	Desh / Patriotic	true	41
albums	desh-veer-patriotic	Desh Veer Patriotic	1c0f3567-660d-40a2-8672-943688dd3c89	O meri bhaarat maataa	kabir-clubbing	Rap & Fusion	English	Rap & Fusion	true	52
albums	desh-veer-patriotic	Desh Veer Patriotic	6145df1e-62b2-4fd3-a150-ebef60393608	O meri bhaarat maataa	kabir-clubbing	Rap & Fusion	English	Rap & Fusion	true	51
albums	desh-veer-patriotic	Desh Veer Patriotic	b39097fb-81be-40f8-bc18-46c757b2ce0c	जिंदगी... तू जमा उघाड़ी है	ameerpur	Desh / Patriotic	Hindi	Desh / Patriotic	true	25
albums	desh-veer-patriotic	Desh Veer Patriotic	c5f1d8b4-1e92-4d0f-9936-e632bd0922de	म्यूअर क़िला-धुआं	gurukul	Other / Misc	Hindi	Epic Bollywood patriotic ballad, heroic male vocals, orchestral with dhol and sh	true	20
albums	desh-veer-patriotic	Desh Veer Patriotic	4df6f608-207a-494e-91e5-296847785ef2	Giddhon ke sheher mein	ameerpur	Desh / Patriotic	English	Desh / Patriotic	true	26
albums	desh-veer-patriotic	Desh Veer Patriotic	d6049185-a418-4c6a-a1d9-fcc801c751b9	लाश हटाता	ameerpur	Desh / Patriotic	Hindi	Desh / Patriotic	false	0
albums	desh-veer-patriotic	Desh Veer Patriotic	d16e0a51-7641-4ea2-9b3d-6c5316629611	चार सौ बीस	ameerpur	Desh / Patriotic	Hindi	Desh / Patriotic	true	34
albums	desh-veer-patriotic	Desh Veer Patriotic	6f0d30c8-5d5b-48d1-afb1-e5c08aefc694	नेता एकम नेता	ameerpur	Desh / Patriotic	Hindi	Desh / Patriotic	true	29
albums	desh-veer-patriotic	Desh Veer Patriotic	9e091800-f3fb-4c79-8a1e-09783a3f3392	गुमान था कि तन्हाई में सुकूँ मिलेगा मुझे	ameerpur	Desh / Patriotic	Hindi	Desh / Patriotic	true	95
albums	desh-veer-patriotic	Desh Veer Patriotic	5c1e1843-62f8-4103-9861-23f07e11ce12	गुमान था कि तन्हाई में सुकूँ मिलेगा मुझे	ameerpur	Desh / Patriotic	Hindi	Desh / Patriotic	true	47
albums	desh-veer-patriotic	Desh Veer Patriotic	bce359ca-a7fd-4325-9cda-b272232acfea	नाम बस एक रह गया साँस की गुंजाइश में	ameerpur	Desh / Patriotic	Hindi	Desh / Patriotic	true	17
albums	desh-veer-patriotic	Desh Veer Patriotic	0c6cc8cd-b3b2-43db-92df-b3cad31e1866	क्या सच है क्या झूठ है	ameerpur	Desh / Patriotic	Hindi	Desh / Patriotic	true	46
albums	desh-veer-patriotic	Desh Veer Patriotic	4648abb5-f970-4287-9894-5ef12762ff04	क्या सच है क्या झूठ है	ameerpur	Desh / Patriotic	Hindi	Desh / Patriotic	true	42
albums	desh-veer-patriotic	Desh Veer Patriotic	9682f67f-4799-479e-a59e-b827566b078e	क्या सच है क्या झूठ है.. What is truth? What is	ameerpur	Desh / Patriotic	English	Desh / Patriotic	true	6
albums	desh-veer-patriotic	Desh Veer Patriotic	fa63a507-2f0d-4477-b328-7e8895a24c68	आवाज़ों की अदालत	ameerpur	Desh / Patriotic	Hindi	Desh / Patriotic	true	20
albums	desh-veer-patriotic	Desh Veer Patriotic	79d13c77-eca1-459b-806f-cd40985c3208	फक्कड़ पंडित हेमंत दीक्षित	ameerpur	Desh / Patriotic	Hindi	Desh / Patriotic	true	24
albums	desh-veer-patriotic	Desh Veer Patriotic	a3fc8cdd-425f-4eb3-bca9-b17e10505af4	पकड़ लिया एटम एक भाभा बाबा हुया दीवाना।।	ameerpur	Desh / Patriotic	Hindi	Desh / Patriotic	true	24
albums	desh-veer-patriotic	Desh Veer Patriotic	a798ae26-3fed-4d39-9f32-c0bcd9d9fb15	Male alone	ameerpur	Desh / Patriotic	English	Desh / Patriotic	true	20
albums	desh-veer-patriotic	Desh Veer Patriotic	492c5721-3555-4908-9a41-6e9cf2767765	रि ^ श्ता ~ है सब-का ^ अ-पना	ameerpur	Desh / Patriotic	Hindi	Desh / Patriotic	true	36
albums	desh-veer-patriotic	Desh Veer Patriotic	dcf39bdd-302c-442d-9207-648a18074511	मैं हूँ तेरा	ameerpur	Desh / Patriotic	Hindi	Desh / Patriotic	true	48
albums	desh-veer-patriotic	Desh Veer Patriotic	aa8bd4d4-7f49-4fd1-952e-956f27f5bbb2	मैं हूँ तेरा	ameerpur	Desh / Patriotic	Hindi	Desh / Patriotic	true	20
albums	desh-veer-patriotic	Desh Veer Patriotic	42c55ab5-6656-4c72-bcae-0560c1afdacf	(untitled)	gurukul	Other / Misc	English	"Grand Republic Day Brass Band, Heavy Snare Drum Rolls, Triumphant Trumpets, Orc	true	24
albums	desh-veer-patriotic	Desh Veer Patriotic	1c396b4f-4f16-4262-9ffb-5f866d7b4ff1	सजन मेरा धोखेबाज़ है	ameerpur	Desh / Patriotic	Hindi	Desh / Patriotic	true	56
albums	desh-veer-patriotic	Desh Veer Patriotic	9b025b3c-78a3-487c-8d1f-7af1bb72fa2b	(untitled)	gurukul	Other / Misc	English	a war cry of a child to bhaarat maa tera Pop, Indie Pop men tera naketa shaitaan	true	106
albums	desh-veer-patriotic	Desh Veer Patriotic	0b09e473-9d9a-48aa-bc7f-39c41ccc5b8d	मने मेरी माँ	ameerpur	Desh / Patriotic	Hindi	Desh / Patriotic	true	106
albums	desh-veer-patriotic	Desh Veer Patriotic	ddf4af6e-aef4-4ac2-9b4a-59cd3d896e25	(untitled)	ameerpur	Haryanvi Folk	Haryanvi	title mne meऋ भारत माँ  swatantra yantra folk ballad  genre  style haryanvi folk	true	96
albums	desh-veer-patriotic	Desh Veer Patriotic	74ebed02-df6f-4443-b566-63929be6a05d	मने मेरे देश ईब यूं सताना छोड़ दे	ameerpur	Desh / Patriotic	Hindi	Desh / Patriotic	true	36
albums	desh-veer-patriotic	Desh Veer Patriotic	7e5a3f73-64be-400c-bb83-e8e555d1f02c	(untitled)	gurukul	Other / Misc	English	create a cinematic bollywoodstyle patriotic anthem sung from the perspective of	true	62
albums	desh-veer-patriotic	Desh Veer Patriotic	46605d07-d37f-48d9-bd6d-18f37e1a89ec	(untitled)	gurukul	Other / Misc	English	create a cinematic bollywoodstyle patriotic song from the perspective of a proud	true	62
albums	desh-veer-patriotic	Desh Veer Patriotic	e2525d01-1af3-4f50-b3ff-5d0cc10ba18e	(untitled)	ameerpur	Haryanvi Folk	Haryanvi	create a haryanvi bollywood patriotic blockbuster song about a brave indian sold	true	32
albums	desh-veer-patriotic	Desh Veer Patriotic	81dde6a6-2dbd-41a8-b10a-bac06e8fad06	(untitled)	gurukul	Other / Misc	English	create a bollywood patriotic blockbuster song about a brave indian soldier and a	true	46
albums	desh-veer-patriotic	Desh Veer Patriotic	8ea9fe01-f585-4b67-a33d-2d2079ccada8	(untitled)	gurukul	Other / Misc	English	create a cinematic bollywoodstyle patriotic song from the perspective of a proud	true	62
albums	desh-veer-patriotic	Desh Veer Patriotic	96bb25a9-9e39-4fe7-bff4-b8f18787b31e	(untitled)	gurukul	Other / Misc	English	create a bollywood patriotic blockbuster song about a brave indian soldier and a	true	70
albums	desh-veer-patriotic	Desh Veer Patriotic	5c4baafd-66b3-4cf6-9215-1f0f94ab8a58	(untitled)	gurukul	Other / Misc	English	Epic Indian patriotic cinematic war anthem about a brave soldier and a mother’s	true	48
albums	desh-veer-patriotic	Desh Veer Patriotic	73bf25b9-85ef-4617-b2e5-a0e356092784	(untitled)	gurukul	Other / Misc	English	Epic Indian patriotic cinematic war anthem about a brave soldier and a mother’s	true	37
albums	desh-veer-patriotic	Desh Veer Patriotic	e3fd30cb-9358-4914-9195-11c40c5b76b7	(untitled)	gurukul	Other / Misc	English	Epic Indian patriotic cinematic war anthem about a brave soldier and a mother’s	true	37
albums	desh-veer-patriotic	Desh Veer Patriotic	1a7174d9-5a96-48f4-8450-a514eb467683	(untitled)	gurukul	Other / Misc	English	ye ek maa ke shbd hai bhai shab apne bete ke liye jiska beta balidan hua hai des	true	37
albums	desh-veer-patriotic	Desh Veer Patriotic	ed23ef25-ed22-4f98-8326-7048a173f950	जय हिन्द – जय हिन्द के नारे त	ameerpur	Desh / Patriotic	Hindi	Desh / Patriotic	true	37
albums	desh-veer-patriotic	Desh Veer Patriotic	1f885a53-57ed-448b-b0b6-c3c53c8504d9	यु हर हर हर हर महादेव	ameerpur	Desh / Patriotic	Hindi	Desh / Patriotic	true	54
albums	desh-veer-patriotic	Desh Veer Patriotic	3c45f08c-6f36-47fd-a968-8b739875b98a	दौड़ में सब जीत लिया	ameerpur	Desh / Patriotic	Hindi	Desh / Patriotic	true	38
albums	desh-veer-patriotic	Desh Veer Patriotic	ab8341bb-bf13-42ed-96a7-260d7b78c176	जागो रे जागो	ameerpur	Desh / Patriotic	Hindi	Desh / Patriotic	true	58
albums	desh-veer-patriotic	Desh Veer Patriotic	dfb1bf8b-6966-41d8-b245-3da8220288a9	जरा तुम जाग कर देखो	ameerpur	Desh / Patriotic	Hindi	Desh / Patriotic	true	32
albums	desh-veer-patriotic	Desh Veer Patriotic	bd0e5226-f00f-414a-83dc-c3845c5cfc52	bhagat ki maa	kabir-clubbing	Rap & Fusion	English	Haryanvi Accent , Style: Haryanvi Folk Fusion, Patriotic Rock, Powerful Male Voc	true	37
albums	desh-veer-patriotic	Desh Veer Patriotic	21f36fd3-91ca-4f6f-a5b9-1a61d8438a3d	bhagat ki maa	kabir-clubbing	Rap & Fusion	English	Haryanvi Accent , Style: Haryanvi Folk Fusion, Patriotic Rock, Powerful Male Voc	true	37
albums	desh-veer-patriotic	Desh Veer Patriotic	1c7fc244-297c-434e-9ae6-57a76707f38d	Nahi hai koi shikva tumse ki tumhari koi nahi kh	ameerpur	Desh / Patriotic	English	Desh / Patriotic	true	17
albums	desh-veer-patriotic	Desh Veer Patriotic	11ca7860-3587-4ba9-ae50-0a75df533e5d	दिल ये फिर भी तुम्हें चाहता है	ameerpur	Desh / Patriotic	Hindi	Desh / Patriotic	true	65
albums	world-fusion-global	World Fusion Global	5873f9a6-c7cc-475b-8560-a6200c367731	हनु-मान् हनु	gurukul	Other / Misc	Hindi	[Style of Music: Global Sovereign Calibration] Hyper-dynamic K-12 educational fu	true	32
albums	world-fusion-global	World Fusion Global	989e203d-59cf-43b4-b450-bd5f5fdf28a6	ख़्वाब-धागा आधा	kabir-clubbing	Rap & Fusion	Hindi	[Cinematic World-Fusion, Deep Spiritual Qawwali Vocals, 142 BPM, UK Drill influe	true	49
albums	world-fusion-global	World Fusion Global	081d7d0e-d5f4-455e-9716-46f8bfcd192f	साहब खोज जंग	kabir-clubbing	Rap & Fusion	Hindi	[Cinematic World-Fusion, Deep Spiritual Qawwali vocals mixed with High-Impact UK	true	23
albums	world-fusion-global	World Fusion Global	8433a493-5a44-4032-8243-bc0263a6ba2f	जमा उघाड़ी	gurukul	Other / Misc	Hindi	[Style: World's saddest folk singing, extremely melancholic, cry voice, male rur	true	64
albums	world-fusion-global	World Fusion Global	27601dd5-f441-413d-bb6e-6efae567a7f7	आँखें रातभर	gurukul	Other / Misc	Hindi	[Style: World's saddest folk singing, extremely melancholic, cry voice, male rur	true	29
albums	world-fusion-global	World Fusion Global	f4537e0d-1ee4-43aa-886c-096606a8877f	Animatrix Loading (Remastered)	kabir-clubbing	Rap & Fusion	English	Dark Drift Phonk, Afrobeat percussion, Cyber-Sufi, Cinematic Space Atmosphere, H	true	50
albums	world-fusion-global	World Fusion Global	1b6225a2-fb64-49aa-94db-802efe864623	Duduk Cello Oath	kabir-clubbing	Rap & Fusion	English	Cinematic World-Sufi Fusion, Avant-garde Qawwali, Mournful Armenian Duduk Intro,	true	25
albums	world-fusion-global	World Fusion Global	3e849ef6-8f9e-467f-b6cd-23ece1febccc	Animatrix Loading	kabir-clubbing	Rap & Fusion	English	Dark Drift Phonk, Afrobeat percussion, Cyber-Sufi, Cinematic Space Atmosphere, H	true	50
albums	world-fusion-global	World Fusion Global	eb94acbb-29cd-4d8f-8cfd-bc1845d25b66	Animatrix Loading	kabir-clubbing	Rap & Fusion	English	Dark Drift Phonk, Afrobeat percussion, Cyber-Sufi, Cinematic Space Atmosphere, H	true	50
albums	world-fusion-global	World Fusion Global	3580b58a-f911-4e7a-a531-b00a0b28b285	Sanatan Data	sanaatana-vaigyaniq	Sanatan & Vedic	English	Dark Drift Phonk, Afrobeat percussion, Cyber-Sufi, Cinematic Space Atmosphere, H	true	42
albums	world-fusion-global	World Fusion Global	2020dea5-b656-40ad-afab-e188b5b87eb4	Earth Station Static	kabir-clubbing	Rap & Fusion	English	Dark Drift Phonk, Afrobeat percussion, Cyber-Sufi, Cinematic Space Atmosphere, H	true	25
albums	world-fusion-global	World Fusion Global	064fb6c2-bf1e-4247-8603-1a4228fd88b0	Saltless Tears	kabir-clubbing	Rap & Fusion	English	[Genre: Afrobeat, Indian folk fusion, Telugu folk, Tamil folk, Bangla folk, Erhu	true	13
albums	world-fusion-global	World Fusion Global	e81cfcda-4146-4974-97ad-0def356a7395	नमक सनक	kabir-clubbing	Rap & Fusion	Hindi	[Genre: Afrobeat, Chinese folk fusion, Erhu, Guzheng, talking drum, deep bass, s	true	41
albums	world-fusion-global	World Fusion Global	a908fdd1-014a-4f0a-8f1d-eb3e613a3396	Kabira Sanak	kabir-clubbing	Bhakti & Katha	English	[Genre: Afrobeat, Chinese folk, Erhu, Guzheng, Telugu folk, Tamil folk, Bangla f	true	63
albums	world-fusion-global	World Fusion Global	aa1881d9-c310-46ae-a942-bbcdeaa35490	नमक की सनक	kabir-clubbing	Rap & Fusion	Hindi	[Genre: World fusion, Afrobeat, Chinese Erhu, Telugu Nadhaswaram, Tamil Thavil,	true	84
albums	world-fusion-global	World Fusion Global	b893c0fe-1e67-4f62-9a13-005c52b42182	कबीरा न रो	kabir-clubbing	Bhakti & Katha	Hindi	[Genre: Afrobeat, Afro-fusion, Indian folk fusion, spiritual, philosophical, tal	true	32
albums	world-fusion-global	World Fusion Global	531d0f3b-bd07-4bf6-8d1d-242097d6a447	Paisa Sanak	kabir-clubbing	Rap & Fusion	English	[Genre: Afrobeat, Afro-fusion, Nigerian folk, Indian folk fusion, talking drum,	true	20
albums	world-fusion-global	World Fusion Global	4d6f705f-a026-4060-a32f-77594f87a633	Log Kahte Hain	gurukul	Other / Misc	English	Meditative Sufi Qawwali, 432Hz deep drone, Cinematic Ambient, Ethereal Armenian	true	48
albums	world-fusion-global	World Fusion Global	781c9290-2241-4ea8-8ca4-c206d5ee558a	Iltija Jor-Aazmaish	kabir-clubbing	Rap & Fusion	English	Style: world fusion, spiritual awakening, slow sufi ghazal, cinematic ambient, n	true	41
albums	world-fusion-global	World Fusion Global	a13887b3-fd6f-4171-a02c-199d56c390fa	Toota Ghada	sanaatana-vaigyaniq	Classical & Raag	English	World music fusion, cinematic spiritual folk, Indian classical meets Celtic and	true	16
albums	world-fusion-global	World Fusion Global	e0e9d663-7d49-4351-aa8e-639120657766	(untitled)	sanaatana-vaigyaniq	Classical & Raag	English	"A soulful and cinematic Global-Folk fusion farewell song based on Raag Pilu. >	true	21
albums	world-fusion-global	World Fusion Global	b632670a-92f5-44aa-862f-4a03120bd6e3	(untitled)	kabir-clubbing	Rap & Fusion	English	Global cinematic spoken word, deep Indian philosophical poetry, fusion of world	true	89
albums	world-fusion-global	World Fusion Global	1ec4ae2f-b4ab-441b-8234-f5fcca48b606	(untitled)	kabir-clubbing	Rap & Fusion	English	Global cinematic spoken word, deep Indian philosophical poetry, fusion of world	true	95
albums	world-fusion-global	World Fusion Global	8b68b69c-b07f-43f8-ac20-ed65fbc03fc7	(untitled)	kabir-clubbing	Rap & Fusion	English	Global cinematic spoken word, deep Indian philosophical poetry, fusion of world	true	95
albums	world-fusion-global	World Fusion Global	374bbc29-2826-4b31-ba70-48ad9999fa35	(untitled)	ameerpur	Haryanvi Folk	Haryanvi	global fun haryanvi-superstar..  1000 girls 1 boy	true	45
albums	world-fusion-global	World Fusion Global	6b3651e9-9f2d-4597-a0a5-de2414135203	(untitled)	ameerpur	Haryanvi Folk	Haryanvi	global fun haryanvi-superstar..  1000 girls 1 boy	true	90
albums	world-fusion-global	World Fusion Global	26ae8b47-2aa1-4fc3-9a27-bfc906169f67	chhor de	sanaatana-vaigyaniq	Classical & Raag	English	Cinematic Global Fusion, Haryanvi Folk-Opera, Raag Shivranjani & Marwa base, 60	true	26
albums	world-fusion-global	World Fusion Global	48d4c16c-f0af-4e47-8834-ce416cc8312e	chhor de	sanaatana-vaigyaniq	Classical & Raag	English	Cinematic Global Fusion, Haryanvi Folk-Opera, Raag Shivranjani & Marwa base, 60	true	27
albums	world-fusion-global	World Fusion Global	eea1f46e-7cbb-441d-abcb-52a46144583a	(untitled)	ameerpur	Love & Virah	English	Genre: Indic-Sufi-Lusophone-Blues Virah Raga Tempo: 70 BPM slow emotional  Vocal	true	55
albums	world-fusion-global	World Fusion Global	08b16e64-f600-411c-807f-6c943c14f56e	kudru ki beti naagin	kabir-clubbing	Naagin & Mystic	English	Genre: World music / emotional instrumental  Mood: Deep longing, universal femal	true	64
albums	world-fusion-global	World Fusion Global	3f3cee67-4312-4a74-926f-1e1e089df3e5	kudru ki beti naagin	kabir-clubbing	Naagin & Mystic	English	Genre: World music / emotional instrumental  Mood: Deep longing, universal virah	true	56
albums	world-fusion-global	World Fusion Global	7cd38250-4106-4fb8-8a4f-bbc7df32238e	(untitled)	gurukul	Other / Misc	English	start with hyperfun funk hiphop adwait and bhairav on bike maya and Pop, Latin P	true	76
albums	world-fusion-global	World Fusion Global	f850c20c-670d-4871-bd1a-6f0652c7700a	(untitled)	gurukul	Other / Misc	English	start with hyperfun funk hiphop adwait and bhairav on bike maya and Pop, Latin P	true	34
albums	world-fusion-global	World Fusion Global	347d4a25-0d54-445c-982e-c1c6c1c7e091	(untitled)	gurukul	Other / Misc	English	start with hyperfun funk hiphop adwait and bhairav on bike maya and Pop, Latin P	true	37
albums	world-fusion-global	World Fusion Global	915943e4-087a-4961-9b3c-e24b00c223b8	(untitled)	kabir-clubbing	Rap & Fusion	English	Tempo: 92–96 BPM Trap + Ethnic Drums  Instruments: Rudra veena, damru, French ho	true	95
albums	world-fusion-global	World Fusion Global	2b8896a5-71c2-4521-b7e8-8a07648444d3	(untitled)	kabir-clubbing	Rap & Fusion	English	Tempo: 92–96 BPM Trap + Ethnic Drums  Instruments: Rudra veena, damru, French ho	true	96
albums	world-fusion-global	World Fusion Global	1f500bc8-f5ba-4d2c-8156-b182c9b0b46b	(untitled)	gurukul	Other / Misc	English	Style: Egyptian lullaby + cinematic awakening anthem + Sufi-orchestral folk Mood	true	98
albums	world-fusion-global	World Fusion Global	7960d8d5-9742-4fb2-9329-3efae9f39d73	(untitled)	gurukul	Other / Misc	English	Style: Egyptian lullaby + cinematic awakening anthem + Sufi-orchestral folk Mood	true	92
albums	world-fusion-global	World Fusion Global	92279913-e9a8-4341-a4cc-19bd11b142ec	(untitled)	gurukul	Other / Misc	English	Style: French folk + Enlightenment anthem + divine call  Instrumentation: French	true	61
albums	world-fusion-global	World Fusion Global	5d4e5f42-752b-4d9c-b766-2969cd7ad903	(untitled)	gurukul	Other / Misc	English	Style: French folk + Enlightenment anthem + divine call  Instrumentation: French	true	66
albums	world-fusion-global	World Fusion Global	0eb2d750-cbc8-4f32-a693-53d8d313e086	(untitled)	kabir-clubbing	Rap & Fusion	English	Chinese folk melody + Sufi Qawwali + philosophical hip-hop rap fusion. Male powe	true	38
albums	world-fusion-global	World Fusion Global	a83302ba-61f6-48d3-98d6-d5f17a0e49b8	(untitled)	kabir-clubbing	Rap & Fusion	English	epic spiritual world fusion song, powerful male qawwali singer, cinematic produc	true	38
albums	world-fusion-global	World Fusion Global	99753716-34be-4a43-80b6-7c8bf416bb3e	(untitled)	sanaatana-vaigyaniq	Sanatan & Vedic	English	Epic multilingual scientific rap mixing Latin chant, Siddham script mantra, Sans	true	96
albums	world-fusion-global	World Fusion Global	643bbbac-2567-4efb-9f3a-50ac19ce3cd3	(untitled)	sanaatana-vaigyaniq	Sanatan & Vedic	English	Epic multilingual scientific rap mixing Latin chant, Siddham script mantra, Sans	true	70
albums	world-fusion-global	World Fusion Global	5e5636bf-1737-4f24-b7f7-cef44e0f22fe	(untitled)	sanaatana-vaigyaniq	Sanatan & Vedic	English	Epic multilingual scientific rap mixing Latin chant, Siddham script mantra, Sans	true	86
albums	world-fusion-global	World Fusion Global	f19142fa-b005-4281-857e-bae5435451ca	(untitled)	sanaatana-vaigyaniq	Sanatan & Vedic	English	Epic multilingual scientific rap mixing Latin chant, Sanskrit mantra, Hindi and	true	79
albums	world-fusion-global	World Fusion Global	f15c8e9b-271a-4e48-8fd3-77cedf717209	First Comes the Word	sanaatana-vaigyaniq	Sanatan & Vedic	English	Title: The Birth of Speech  Genre: Vedic cinematic epic, spiritual world music	true	12
albums	naagin-mystic-aghor	Naagin Mystic Aghor	236a15f1-5e9d-4489-9d6a-28e76211f10f	काली-कलम-का	kabir-clubbing	Naagin & Mystic	Hindi	.  🎵 KA KAA RAHASYA (क का रहस्य) [मृदंगम –  – सारंगी संग ] Add sargam notation (	true	128
albums	naagin-mystic-aghor	Naagin Mystic Aghor	2cba3a04-39a7-4cb7-8c74-33800f3a25d7	काली कलम	kabir-clubbing	Naagin & Mystic	Hindi	.  🎵 KA KAA RAHASYA (क का रहस्य) A Narrator-Style Neural Mystical Ballad Directi	true	83
albums	naagin-mystic-aghor	Naagin Mystic Aghor	3c08a390-57b0-4deb-b710-ffd81cd63cec	Ka Kau Question	kabir-clubbing	Naagin & Mystic	English	🎵 Song: Ka Kaa Rahasya (The Secret of 'Ka') Style: Neural Narrative mystical bal	true	131
albums	naagin-mystic-aghor	Naagin Mystic Aghor	1630fdc7-2ea0-4737-a448-84a9e3a68bc4	(untitled)	kabir-clubbing	Rap & Fusion	English	Neuro-Tantra Devotional Trance Start: whisper + tanpura (no beat) Gradually add	true	78
albums	naagin-mystic-aghor	Naagin Mystic Aghor	c2942834-cd11-4b45-8610-08a32d23be82	(untitled)	sanaatana-vaigyaniq	Sanatan & Vedic	English	aghories with been, khamak, damru, naad... shiv gaNa aghore. rudra veeNa.  only	true	34
albums	naagin-mystic-aghor	Naagin Mystic Aghor	cef36d0f-7570-45ad-b4cd-9e9d1999be10	(untitled)	sanaatana-vaigyaniq	Sanatan & Vedic	English	aghories with been, khamak, damru, naad... shiv gaNa aghore. rudra veeNa.  only	true	34
albums	naagin-mystic-aghor	Naagin Mystic Aghor	08b16e64-f600-411c-807f-6c943c14f56e	kudru ki beti naagin	kabir-clubbing	Naagin & Mystic	English	Genre: World music / emotional instrumental  Mood: Deep longing, universal femal	true	64
albums	naagin-mystic-aghor	Naagin Mystic Aghor	dac36f36-1b07-4909-bd88-88bb40d18bc8	kudru ki beti naagin	kabir-clubbing	Naagin & Mystic	English	Genre: Haryanvi Folk Ragni  Theme: Betrayal and emotional virah of a woman whose	true	56
albums	naagin-mystic-aghor	Naagin Mystic Aghor	e55b3ea6-14b8-462f-b43e-dc03bf4e9f18	kudru ki beti naagin	kabir-clubbing	Naagin & Mystic	English	Genre: Haryanvi Folk Ragni  Theme: Betrayal and emotional virah of a woman whose	true	56
albums	naagin-mystic-aghor	Naagin Mystic Aghor	3f3cee67-4312-4a74-926f-1e1e089df3e5	kudru ki beti naagin	kabir-clubbing	Naagin & Mystic	English	Genre: World music / emotional instrumental  Mood: Deep longing, universal virah	true	56
albums	naagin-mystic-aghor	Naagin Mystic Aghor	dc697cc3-5cb9-43ab-a2de-622b7348bff5	kudru ki beti naagin	kabir-clubbing	Rap & Fusion	English	Psychedelic Haryanvi Folk-Trance, 140 BPM, Piercing Ethnic Been (Snake Charmer F	true	23
albums	naagin-mystic-aghor	Naagin Mystic Aghor	6760d633-7fec-4c2b-9747-6d8f0963d5a2	kudru ki beti naagin	kabir-clubbing	Naagin & Mystic	English	ताल और नाद: वाद्यों (संगीत यंत्रों) से ताल लगाने को कहना उस 'नाद' को पैदा करने क	true	28
albums	naagin-mystic-aghor	Naagin Mystic Aghor	430b028b-8fd1-4267-a16b-8eb1bb791e10	kudru ki beti naagin	kabir-clubbing	Rap & Fusion	English	Create a mystical Aghor Nagini trance track with pungi (snake-charmer flute), kh	true	111
albums	naagin-mystic-aghor	Naagin Mystic Aghor	14fa2fe8-0de2-4ace-9ee4-404348db0270	kudru ki beti naagin	kabir-clubbing	Naagin & Mystic	English	NULL	true	22
albums	naagin-mystic-aghor	Naagin Mystic Aghor	ae318a44-4e70-4bf5-ac17-58cd30dfa4d0	kudru ki beti naagin	kabir-clubbing	Rap & Fusion	English	Haryanvi-Bagri Folk Fusion, Psychedelic Trance, Khamak-driven rhythmic vibration	true	41
albums	naagin-mystic-aghor	Naagin Mystic Aghor	770b4285-cc03-4121-9c55-4fd9e710a9ef	kudru ki beti naagin	kabir-clubbing	Rap & Fusion	English	Haryanvi-Bagri Folk Fusion, Psychedelic Trance, Khamak-driven rhythmic vibration	true	41
albums	naagin-mystic-aghor	Naagin Mystic Aghor	71f75486-1686-40eb-bbf3-1018b7e8b3b7	kudru ki beti naagin	kabir-clubbing	Rap & Fusion	English	Haryanvi-Bagri Folk Fusion, Psychedelic Trance, Khamak-driven rhythmic vibration	true	19
albums	naagin-mystic-aghor	Naagin Mystic Aghor	1793b6b5-9f36-4f77-a6fa-630d6a66cdbb	kudru ki beti naagin	sanaatana-vaigyaniq	Classical & Raag	English	इस रचना के लिए 'राग भैरवी' और 'राग जोगिया' का मिश्रण सबसे सटीक है, जिसमें 'राग व	true	56
albums	naagin-mystic-aghor	Naagin Mystic Aghor	a3b96400-fe65-4f1c-904d-9aff23390ee0	kudru ki beti naagin	kabir-clubbing	Naagin & Mystic	English	use snake charmers orchestra. aghor rock	true	52
albums	naagin-mystic-aghor	Naagin Mystic Aghor	7c7a4b38-9322-4dcc-a49f-ec91ad8874d0	साँस मेरी देख	kabir-clubbing	Naagin & Mystic	Hindi	Naagin & Mystic	true	49
albums	naagin-mystic-aghor	Naagin Mystic Aghor	09294d81-a6e4-4c9e-a676-98b05856accd	kudru ki beti naagin	kabir-clubbing	Naagin & Mystic	English	use snake charmers orchestra. aghor rock	true	49
albums	naagin-mystic-aghor	Naagin Mystic Aghor	860e7a0e-a8d8-473f-b660-d2449b65da69	kudru ki beti naagin	kabir-clubbing	Naagin & Mystic	English	The Pungi Effect: पुंगी की आवाज़ को 'Eco' और 'Reverb' के साथ इस्तेमाल करें ताकि	true	52
albums	naagin-mystic-aghor	Naagin Mystic Aghor	4d9a720f-aeeb-408e-b64a-c666f1db644a	kudru ki beti naagin	kabir-clubbing	Naagin & Mystic	English	The Pungi Effect: पुंगी की आवाज़ को 'Eco' और 'Reverb' के साथ इस्तेमाल करें ताकि	true	45
albums	naagin-mystic-aghor	Naagin Mystic Aghor	97570150-635e-406d-b142-62c45c19be2d	साँस मेरी देख	kabir-clubbing	Naagin & Mystic	Hindi	Naagin & Mystic	true	45
albums	naagin-mystic-aghor	Naagin Mystic Aghor	b7e6675d-ed56-4e23-964d-9614994fca12	kudru ki beti naagin	kabir-clubbing	Naagin & Mystic	English	Desi haryanvi SuperFun superstar nagin. 1 soulfull pungi bridge. 1 one stringed	true	39
albums	naagin-mystic-aghor	Naagin Mystic Aghor	f08167a7-810e-47ac-928d-b72cd95f99f9	Naaraayana Uunh	ameerpur	Haryanvi Folk	Haryanvi	Desi haryanvi SuperFun superstar nagin।। 1000 snake charmers.. 1000 pungi.. 1 so	true	41
albums	naagin-mystic-aghor	Naagin Mystic Aghor	830aef5d-267b-442b-800e-9335aa9c8cd4	Naaraayana Uunh	gurukul	Other / Misc	English	Hip।hop superstar nagin।। 1000 snake charmers.. 1000 pungi.. 1 soulfull pungi br	true	41
albums	naagin-mystic-aghor	Naagin Mystic Aghor	d94d112f-aa24-4a8e-9f37-be6d81219f5e	Naaraayana Uunh	ameerpur	Haryanvi Folk	Haryanvi	Desi haryanvi SuperFun superstar nagin।। 1000 snake charmers.. 1000 pungi.. 1 so	true	41
albums	naagin-mystic-aghor	Naagin Mystic Aghor	011fd342-d778-41bf-9986-f10d95e00637	Naaraayana Uunh	gurukul	Other / Misc	English	Hip।hop superstar nagin।। 1000 snake charmers.. 1000 pungi.. 1 soulfull pungi br	true	41
albums	naagin-mystic-aghor	Naagin Mystic Aghor	ee9c206f-9027-4024-8cfb-42506142c9a2	(untitled)	gurukul	Other / Misc	English	rajisthaani group of snake charmers with been controlling karna pishaachini. neu	true	40
albums	naagin-mystic-aghor	Naagin Mystic Aghor	5fe2fc4c-7692-43dd-ab51-5478384c4dfc	नागिन है	kabir-clubbing	Naagin & Mystic	Hindi	Naagin & Mystic	true	40
albums	naagin-mystic-aghor	Naagin Mystic Aghor	07c7426b-552d-49a1-bc86-7613ded094bc	(untitled)	sanaatana-vaigyaniq	Sanatan & Vedic	English	Cinematic Vedic-Blues Fusion, Aggressive ग्लोबल   Folk, Deep Guttural Aghori Cha	true	89
albums	naagin-mystic-aghor	Naagin Mystic Aghor	faf8624e-52ff-41ac-a98c-562728ffac2d	(untitled)	sanaatana-vaigyaniq	Sanatan & Vedic	English	Cinematic Vedic-Blues Fusion, Aggressive भोजपुरी  Folk-Rock, Deep Guttural Aghor	true	157
albums	naagin-mystic-aghor	Naagin Mystic Aghor	359fe041-9682-478b-8b22-2025ce5af3c8	(untitled)	sanaatana-vaigyaniq	Sanatan & Vedic	English	Cinematic Vedic-Blues Fusion, Aggressive Haryanvi Folk-Rock, Deep Guttural Aghor	true	178
albums	naagin-mystic-aghor	Naagin Mystic Aghor	aaca4dcb-a21a-4e20-9585-e2827cb88d9a	(untitled)	sanaatana-vaigyaniq	Sanatan & Vedic	English	Cinematic Vedic-Blues Fusion, Aggressive Haryanvi Folk-Rock, Deep Guttural Aghor	true	22
albums	naagin-mystic-aghor	Naagin Mystic Aghor	ddf4af6e-aef4-4ac2-9b4a-59cd3d896e25	(untitled)	ameerpur	Haryanvi Folk	Haryanvi	title mne meऋ भारत माँ  swatantra yantra folk ballad  genre  style haryanvi folk	true	96
albums	naagin-mystic-aghor	Naagin Mystic Aghor	143f3ee1-541a-4c92-8ae8-84b53e7b66d9	(untitled)	gurukul	Other / Misc	English	सुरीले भैरव कुकुर्  के रूप में लाली कुतिया रूप में सुपर फंकी। Neuro-Tantra Folk	true	35
albums	naagin-mystic-aghor	Naagin Mystic Aghor	d1df8eeb-036c-4d6b-b998-dc9ebc94f23e	(untitled)	gurukul	Other / Misc	English	सुरीले भैरव कुकुर्  के रूप में लाली कुतिया रूप में सुपर फंकी। Neuro-Tantra Folk	true	35
albums	naagin-mystic-aghor	Naagin Mystic Aghor	1210841d-cb58-4632-96de-39a6f862b69a	(untitled)	sanaatana-vaigyaniq	Sanatan & Vedic	English	Atmospheric Aghori Chants, Tribal Trance, Haryanvi Folk-Blues Fusion. Starts wit	true	32
albums	naagin-mystic-aghor	Naagin Mystic Aghor	558e63bc-7079-4a66-ac9e-a5dd188afd14	(untitled)	gurukul	Other / Misc	English	aghories sitting with german sages... adwait sitting sings his heart out in ange	true	45
albums	naagin-mystic-aghor	Naagin Mystic Aghor	b2771eb5-3689-4318-82e1-aebe591bb103	(untitled)	gurukul	Other / Misc	English	aghories sitting with german sages... adwait sitting sings his heart out in ange	true	45
albums	naagin-mystic-aghor	Naagin Mystic Aghor	edddf045-01a6-446c-bff3-49e2fc953d69	(untitled)	gurukul	Other / Misc	English	aghories sitting with german sages... adwait sitting sings his heart out in ange	true	45
albums	naagin-mystic-aghor	Naagin Mystic Aghor	6afe4ba5-a95a-437f-8ba4-09ea1e0d7589	(untitled)	gurukul	Other / Misc	English	aghories sitting with german sages... adwait sitting sings his heart out in ange	true	41
albums	jogi-malang-phakkad	Jogi Malang Phakkad	5edc6f4a-ebf7-4d22-b8e7-cd4bb333735f	लाडो बसंती मेहमान	sanaatana-vaigyaniq	Classical & Raag	Hindi	[Genre: Acoustic Hindustani classical folk fusion, jagarana night vigil, father-	true	20
albums	jogi-malang-phakkad	Jogi Malang Phakkad	c9e3d20d-1c8f-4301-8f48-b90bcad4dbbf	(untitled)	gurukul	Other / Misc	English	"solo phakkad and whistle only no equipments"	true	39
albums	jogi-malang-phakkad	Jogi Malang Phakkad	52951995-1c96-40b6-ab48-93b43e9bd488	(untitled)	gurukul	Other / Misc	English	"solo phakkad and whistle only no equipments"	true	39
albums	jogi-malang-phakkad	Jogi Malang Phakkad	31752ecb-d9f6-4d7f-8582-96ad901c2bff	(untitled)	gurukul	Other / Misc	English	"A haunting and minimalist 'Phakkad' soundscape. The core rhythm is a deep, reso	true	22
albums	jogi-malang-phakkad	Jogi Malang Phakkad	092cd586-b79b-465f-b06c-972aa38bd494	neural jogi	sanaatana-vaigyaniq	Sanatan & Vedic	English	Haryanvi Ragni-Trap Fusion, Psytrance, 432Hz Tuning, Cinematic Vedic Bass, Aggre	true	82
albums	jogi-malang-phakkad	Jogi Malang Phakkad	c2ff4d29-bde8-449a-847e-9dcdc78e4a69	neural jogi	sanaatana-vaigyaniq	Sanatan & Vedic	English	Haryanvi Ragni-Trap Fusion, Psytrance, 432Hz Tuning, Cinematic Vedic Bass, Aggre	true	66
albums	jogi-malang-phakkad	Jogi Malang Phakkad	ccb6b23a-62e2-44e4-b1f4-94283dd7bdfc	neural jogi	sanaatana-vaigyaniq	Sanatan & Vedic	English	Haryanvi Ragni-Trap Fusion, Psytrance, 432Hz Tuning, Cinematic Vedic Bass, Aggre	true	23
albums	jogi-malang-phakkad	Jogi Malang Phakkad	9b907c3a-8874-4c5a-93bb-ba08f8477cdc	neural jogi	gurukul	Other / Misc	English	maataa gangaur aashirwaad	true	100
albums	jogi-malang-phakkad	Jogi Malang Phakkad	cf3dbe9b-e2f2-4b21-bd5b-4332afa2a38e	neural jogi	gurukul	Other / Misc	English	ancient instruments.. folk raw celebrations.. ancient sounds of joy	true	48
albums	jogi-malang-phakkad	Jogi Malang Phakkad	43e46f35-5912-4f95-84b9-92edf0d0fb86	neural jogi	kabir-clubbing	Rap & Fusion	English	[Style: Rajasthani Folk Fusion, Mand, Ghoomar, Devotional]  [Concept] Gangaur so	true	48
albums	jogi-malang-phakkad	Jogi Malang Phakkad	6a5dd84e-6da0-4b09-9a52-1db8c4acef47	neural jogi	kabir-clubbing	Rap & Fusion	English	[Style: Rajasthani Folk Fusion, Mand, Ghoomar, Devotional]  [Concept] Gangaur so	true	48
albums	jogi-malang-phakkad	Jogi Malang Phakkad	95afba01-5a36-42ca-8dcc-2506b2523fe4	neural jogi	gurukul	Other / Misc	English	[Style: Rajasthani Folk, Mand, Village Women Chorus, Festive, Simple]  [Tempo: 9	true	22
albums	jogi-malang-phakkad	Jogi Malang Phakkad	9d65a1fd-2546-4c3c-817e-49c52a5ebb0b	neural jogi	gurukul	Other / Misc	English	[Style: Rajasthani Folk, Mand, Village Women Chorus, Festive, Simple]  [Tempo: 9	true	21
albums	jogi-malang-phakkad	Jogi Malang Phakkad	7789d061-f161-4e4d-ad2d-4bf0d70bd861	neural jogi	gurukul	Other / Misc	English	[Style: Indian Folk + Rajasthani Mand + Tribal + Ambient + Devotional + Cinemati	true	30
albums	jogi-malang-phakkad	Jogi Malang Phakkad	68b7f05f-0d8c-4740-b17b-f2e679aacd98	neural jogi	gurukul	Other / Misc	English	[Style: Indian Folk + Rajasthani Mand + Tribal + Ambient + Devotional + Cinemati	true	18
albums	jogi-malang-phakkad	Jogi Malang Phakkad	200d3cac-7b7b-437a-8877-c560fdd74b80	neural jogi	sanaatana-vaigyaniq	Classical & Raag	English	🎵 गीत (Lyrics): उल्टी चाल चल पड़े शिव राग: भैरवी (सुबह का राग, करुण रस से भरपूर)	true	125
albums	jogi-malang-phakkad	Jogi Malang Phakkad	f02bb457-88b6-415c-9b34-da9e9896a390	neural jogi	sanaatana-vaigyaniq	Sanatan & Vedic	English	TITLE: Triveni Naad – Inner Jogi Duet  [STYLE: Indian Folk Jogi Ragni + Gurbani	true	79
albums	jogi-malang-phakkad	Jogi Malang Phakkad	2fc25f01-e1af-419b-af18-4a94b1792d7b	(untitled)	sanaatana-vaigyaniq	Sanatan & Vedic	English	TITLE: **“NAAD BRAHM: 31 RAAG NEURAL JOGI ALBUM”**  STYLE: Indian Folk (Haryanvi	true	51
albums	jogi-malang-phakkad	Jogi Malang Phakkad	17393950-853a-4aed-9e6f-229ac70f25e0	“NAAD BRAHM: 31 RAAG NEURAL JOGI ALBUM”	sanaatana-vaigyaniq	Sanatan & Vedic	English	Sanatan & Vedic	true	70
albums	jogi-malang-phakkad	Jogi Malang Phakkad	c694a74a-44a2-4a34-aee4-ffc260690881	(untitled)	ameerpur	Haryanvi Folk	Haryanvi	Style: Haryanvi Folk Ragni, Jogi Spiritual Anthem, Human Voice Driven, Minimal	true	89
albums	jogi-malang-phakkad	Jogi Malang Phakkad	ddf3ca17-816c-47e8-b49c-a5834334e64b	(untitled)	ameerpur	Haryanvi Folk	Haryanvi	Style: Haryanvi Folk Ragni, Jogi Spiritual Crow Anthem, Human Voice Driven, Fig	true	89
albums	jogi-malang-phakkad	Jogi Malang Phakkad	ada50c4b-3ce4-475c-b27e-f2536d77da49	(untitled)	ameerpur	Haryanvi Folk	Haryanvi	Style: Haryanvi Folk Ragni, Jogi Spiritual Anthem, Human Voice Driven, Minimal	true	89
albums	jogi-malang-phakkad	Jogi Malang Phakkad	fddbba2f-61ec-4d72-ad3f-69baba354abb	(untitled)	ameerpur	Haryanvi Folk	Haryanvi	Style: Haryanvi Folk Ragni, Jogi Spiritual Anthem, Human Voice Driven, Minimal	true	95
albums	jogi-malang-phakkad	Jogi Malang Phakkad	65fd8ecc-a24d-4af1-a21d-db7e5e5107e6	(untitled)	ameerpur	Haryanvi Folk	Haryanvi	Style: Haryanvi Folk Ragni, Jogi Spiritual Anthem, Human Voice Driven, Minimal F	true	100
albums	jogi-malang-phakkad	Jogi Malang Phakkad	4dd54537-f0dc-4226-b83f-32edeb629a35	(untitled)	ameerpur	Haryanvi Folk	Haryanvi	Style: Haryanvi Folk Ragni, Jogi Spiritual Anthem, Human Voice Driven, Minimal F	true	87
albums	acoustic-human-voice-lab	Acoustic Human Voice Lab	2571d6ce-4581-46f0-979a-ad146a326d31	Chirag-Hawa Saza	gurukul	Other / Misc	English	[Style: Sufi Qawwali, Male vocal solo and ensemble, No instruments, Only human v	true	78
albums	acoustic-human-voice-lab	Acoustic Human Voice Lab	e34d5702-04b2-4e44-8ee0-ba8fa513b3f9	Khaki Naata	gurukul	Other / Misc	English	[Style: Sufi Qawwali, Male vocal solo and ensemble, No instruments, Only human v	true	78
albums	acoustic-human-voice-lab	Acoustic Human Voice Lab	eb83681b-2fdb-4f0f-b17b-e4d834c5e311	تدبیرِ خاک	gurukul	Other / Misc	Hindi	[Style: Sufi Qawwali, Male vocal solo and ensemble, No instruments, Only human v	true	79
albums	acoustic-human-voice-lab	Acoustic Human Voice Lab	6cd28c91-198a-4d8b-bad2-26ebd34288a2	Khaksar Diya	gurukul	Other / Misc	English	[Style: Sufi Qawwali, Male vocal solo and ensemble, No instruments, Only human v	true	136
albums	acoustic-human-voice-lab	Acoustic Human Voice Lab	91fa6d67-0722-4664-bf50-57a42d36afe0	आवाज़ों की अदालत	kabir-clubbing	Rap & Fusion	Hindi	"Hyper-Rap, Acapella, Ancient Throat Singing, Fast Human Beatboxing, Experiment	true	29
albums	acoustic-human-voice-lab	Acoustic Human Voice Lab	59d3489b-c33c-4509-bbff-c4bfdb962cda	पीएच कला-दीक्षित अदालत	sanaatana-vaigyaniq	Classical & Raag	Hindi	"Indian Classical Bandish, Hindustani Vocal, Ragam-Tanam-Pallavi style, Acapella	true	31
albums	acoustic-human-voice-lab	Acoustic Human Voice Lab	0fe62a75-f9ed-431e-9780-297f79a24721	P.H.K.D. अदालत	sanaatana-vaigyaniq	Classical & Raag	English	"Indian Classical Bandish, Hindustani Vocal, Ragam-Tanam-Pallavi style, Acapella	true	31
albums	acoustic-human-voice-lab	Acoustic Human Voice Lab	d80e4b3a-e710-464d-b061-83ff02e2c7da	पीएच कला-दीक्षित अदालत	sanaatana-vaigyaniq	Classical & Raag	Hindi	"Indian Classical Bandish, Hindustani Vocal, Ragam-Tanam-Pallavi style, Acapella	true	31
albums	acoustic-human-voice-lab	Acoustic Human Voice Lab	fa7b702f-3dea-44bc-967c-93860cd46e1a	आवाज़ों की अदालत	sanaatana-vaigyaniq	Classical & Raag	Hindi	"Indian Classical Bandish, Hindustani Vocal, Ragam-Tanam-Pallavi style, Acapella	true	34
albums	acoustic-human-voice-lab	Acoustic Human Voice Lab	05aa80d4-acdd-4719-9275-9692846ebe1a	तीखी फकीराना सीटी	kabir-clubbing	Rap & Fusion	Hindi	"Acapella Qawwali, Indian Folk Fusion, Vocal Percussion, Beatboxing, Human whist	true	17
albums	acoustic-human-voice-lab	Acoustic Human Voice Lab	7f329b6d-8172-4674-adad-6f83614ad576	आवाज़ों की अदालत	kabir-clubbing	Rap & Fusion	Hindi	"Acapella, Aggressive Beatboxing, Vocal Bass, Whistling, Dark Indian Folk Fusion	true	20
albums	acoustic-human-voice-lab	Acoustic Human Voice Lab	c9e3d20d-1c8f-4301-8f48-b90bcad4dbbf	(untitled)	gurukul	Other / Misc	English	"solo phakkad and whistle only no equipments"	true	39
albums	acoustic-human-voice-lab	Acoustic Human Voice Lab	52951995-1c96-40b6-ab48-93b43e9bd488	(untitled)	gurukul	Other / Misc	English	"solo phakkad and whistle only no equipments"	true	39
albums	acoustic-human-voice-lab	Acoustic Human Voice Lab	c694a74a-44a2-4a34-aee4-ffc260690881	(untitled)	ameerpur	Haryanvi Folk	Haryanvi	Style: Haryanvi Folk Ragni, Jogi Spiritual Anthem, Human Voice Driven, Minimal	true	89
albums	acoustic-human-voice-lab	Acoustic Human Voice Lab	ddf3ca17-816c-47e8-b49c-a5834334e64b	(untitled)	ameerpur	Haryanvi Folk	Haryanvi	Style: Haryanvi Folk Ragni, Jogi Spiritual Crow Anthem, Human Voice Driven, Fig	true	89
albums	acoustic-human-voice-lab	Acoustic Human Voice Lab	ada50c4b-3ce4-475c-b27e-f2536d77da49	(untitled)	ameerpur	Haryanvi Folk	Haryanvi	Style: Haryanvi Folk Ragni, Jogi Spiritual Anthem, Human Voice Driven, Minimal	true	89
albums	acoustic-human-voice-lab	Acoustic Human Voice Lab	fddbba2f-61ec-4d72-ad3f-69baba354abb	(untitled)	ameerpur	Haryanvi Folk	Haryanvi	Style: Haryanvi Folk Ragni, Jogi Spiritual Anthem, Human Voice Driven, Minimal	true	95
albums	acoustic-human-voice-lab	Acoustic Human Voice Lab	65fd8ecc-a24d-4af1-a21d-db7e5e5107e6	(untitled)	ameerpur	Haryanvi Folk	Haryanvi	Style: Haryanvi Folk Ragni, Jogi Spiritual Anthem, Human Voice Driven, Minimal F	true	100
albums	acoustic-human-voice-lab	Acoustic Human Voice Lab	4dd54537-f0dc-4226-b83f-32edeb629a35	(untitled)	ameerpur	Haryanvi Folk	Haryanvi	Style: Haryanvi Folk Ragni, Jogi Spiritual Anthem, Human Voice Driven, Minimal F	true	87
albums	maataa-shakti-feminine-divine	Maataa Shakti Feminine Divine	1c0f3567-660d-40a2-8672-943688dd3c89	O meri bhaarat maataa	kabir-clubbing	Rap & Fusion	English	Rap & Fusion	true	52
albums	maataa-shakti-feminine-divine	Maataa Shakti Feminine Divine	6145df1e-62b2-4fd3-a150-ebef60393608	O meri bhaarat maataa	kabir-clubbing	Rap & Fusion	English	Rap & Fusion	true	51
albums	maataa-shakti-feminine-divine	Maataa Shakti Feminine Divine	bdf090e4-3d39-4d47-863b-7bd1757feb8d	बंसीधर ताज	gurukul	Other / Misc	Hindi	Cinematic qawwali, Raga Todi, thousands of gopis + Radha solo, 60-120 BPM, femal	true	43
albums	maataa-shakti-feminine-divine	Maataa Shakti Feminine Divine	982a1594-b969-4c2d-9966-d617a47e4e2d	(untitled)	gurukul	Other / Misc	English	[Title: Shakti Jaag Ri – Manushya Chetna Jagriti]  [Style: Indian devotional, Ve	true	31
albums	maataa-shakti-feminine-divine	Maataa Shakti Feminine Divine	6ae75b0d-c1cc-4641-b483-6b48a9747ac1	(untitled)	gurukul	Other / Misc	English	[Title: Shakti Jaag Ri – Manushya Chetna Jagriti]  [Style: Indian devotional, Ve	true	31
albums	maataa-shakti-feminine-divine	Maataa Shakti Feminine Divine	7f4291cd-2f2a-4714-bc31-69d28eec6c38	Shakti jaag ri	sanaatana-vaigyaniq	Sanatan & Vedic	English	Sanatan & Vedic	true	31
albums	maataa-shakti-feminine-divine	Maataa Shakti Feminine Divine	9b907c3a-8874-4c5a-93bb-ba08f8477cdc	neural jogi	gurukul	Other / Misc	English	maataa gangaur aashirwaad	true	100
albums	maataa-shakti-feminine-divine	Maataa Shakti Feminine Divine	43e46f35-5912-4f95-84b9-92edf0d0fb86	neural jogi	kabir-clubbing	Rap & Fusion	English	[Style: Rajasthani Folk Fusion, Mand, Ghoomar, Devotional]  [Concept] Gangaur so	true	48
albums	maataa-shakti-feminine-divine	Maataa Shakti Feminine Divine	6a5dd84e-6da0-4b09-9a52-1db8c4acef47	neural jogi	kabir-clubbing	Rap & Fusion	English	[Style: Rajasthani Folk Fusion, Mand, Ghoomar, Devotional]  [Concept] Gangaur so	true	48
albums	maataa-shakti-feminine-divine	Maataa Shakti Feminine Divine	75687504-db82-463a-96f8-62dd4c6ad2b1	gangaur aayi re aayi re aayi re	kabir-clubbing	Bhakti & Katha	English	Bhakti & Katha	true	21
albums	maataa-shakti-feminine-divine	Maataa Shakti Feminine Divine	ff609686-fea5-492d-a625-50aca90796bf	पपिया	ameerpur	Love & Virah	Hindi	Indian devotional folk song, female chorus with male lead, emotional and uplifti	true	11
albums	kids-gurukul-learning	Kids Gurukul Learning	5873f9a6-c7cc-475b-8560-a6200c367731	हनु-मान् हनु	gurukul	Other / Misc	Hindi	[Style of Music: Global Sovereign Calibration] Hyper-dynamic K-12 educational fu	true	32
albums	kids-gurukul-learning	Kids Gurukul Learning	ccd4fdeb-6879-4797-ae1f-f37fe6330b64	पिंगल-बाइनरी ट्राम	kabir-clubbing	Bhakti & Katha	Hindi	neural radio program for students	true	38
albums	kids-gurukul-learning	Kids Gurukul Learning	ac3bbd7c-13ce-4c58-8852-a3ba11cf9d62	कोर लॉग्स लाइव	gurukul	Other / Misc	Hindi	neural radio program for students	true	1
albums	kids-gurukul-learning	Kids Gurukul Learning	0d363331-c315-4e90-8f78-300af99db0c0	Degrees? Those are for the students	kabir-clubbing	Rap & Fusion	English	Rap & Fusion	true	37
albums	kids-gurukul-learning	Kids Gurukul Learning	ef8c9b76-6af4-46b3-9c34-f9f7408dba40	(untitled)	gurukul	Other / Misc	English	dada potaa poti  gang fun.. use kids voices of various ages.. cute catchy..	true	53
albums	kids-gurukul-learning	Kids Gurukul Learning	67c23492-7a85-457e-a73a-8686f0dd0aec	(untitled)	gurukul	Other / Misc	English	छोटे rhythmic lines  बार-बार action hooks  बच्चों का choir response  clear moral	true	10
albums	kids-gurukul-learning	Kids Gurukul Learning	12c44280-e16c-405e-92e1-fb9989b71037	(untitled)	gurukul	Other / Misc	English	छोटे rhythmic lines  बार-बार action hooks  बच्चों का choir response  clear moral	true	52
albums	kids-gurukul-learning	Kids Gurukul Learning	90e901c9-4ec2-40b0-af7f-1e81570ae502	(untitled)	kabir-clubbing	Rap & Fusion	English	kids rap	true	52
albums	kids-gurukul-learning	Kids Gurukul Learning	a9f1f04b-bcc9-49ba-b1b1-d71abc204a0c	(untitled)	kabir-clubbing	Rap & Fusion	English	kids rap	true	52
albums	kids-gurukul-learning	Kids Gurukul Learning	6566cc36-9229-4c37-9ea5-5692ffbf2526	(untitled)	kabir-clubbing	Rap & Fusion	English	kids rap	true	16
albums	album-unassigned	Album Unassigned	2f332d7d-3202-4e03-ac8e-c8c057223685	छट का दिन	gurukul	Other / Misc	Hindi	NULL	true	34
albums	album-unassigned	Album Unassigned	2bfbe15e-ac6a-487e-94bd-f535bdbe9f7a	हनु मूड खाने	gurukul	Other / Misc	Hindi	NULL	true	38
albums	album-unassigned	Album Unassigned	fa8592bb-2d3c-443d-aaf7-9882825a0f19	हनु की पटक	gurukul	Other / Misc	Hindi	फंक	true	38
albums	album-unassigned	Album Unassigned	01e30f52-01cf-403d-af40-041dac751bd0	स्वरभानु माँ सिखाए	gurukul	Other / Misc	Hindi	NULL	true	45
albums	album-unassigned	Album Unassigned	25e7d717-7de7-45e6-8f5e-c53ef846cac3	छत-छट ताल	gurukul	Other / Misc	Hindi	NULL	true	30
albums	album-unassigned	Album Unassigned	8aee516c-0320-41bb-9f30-695a8a3b34df	कागद काली कलम	gurukul	Other / Misc	Hindi	NULL	true	99
albums	album-unassigned	Album Unassigned	0d2391f0-56a0-4e55-b0a6-3054cf623259	Kaahe Kaagaz	gurukul	Other / Misc	English	NULL	true	112
albums	album-unassigned	Album Unassigned	8eb95048-e740-4624-99bf-e1c3293c9dfb	Kaahe Kaagaz	gurukul	Other / Misc	English	NULL	true	112
albums	album-unassigned	Album Unassigned	e0c8c103-aedf-4560-a5f1-875275518f0f	Kaal Likhe Kaal	gurukul	Other / Misc	English	NULL	true	112
albums	album-unassigned	Album Unassigned	da4174c6-2d45-4d98-8050-72dcb85f6fb9	ka kau ke	gurukul	Other / Misc	English	Other / Misc	true	112
albums	album-unassigned	Album Unassigned	dec1c74f-f3ae-4b2b-b293-27081aef1c5e	Kaa Rahasya	gurukul	Other / Misc	English	NULL	true	51
albums	album-unassigned	Album Unassigned	cac083e2-5eba-42df-a500-188660293076	डिजिटल गुरुकुल मैट्रिक्स	gurukul	Other / Misc	Hindi	NULL	true	16
albums	album-unassigned	Album Unassigned	6058ab0b-f41c-4639-a96a-1b58b31a999d	परदेसा धड़कन	gurukul	Other / Misc	Hindi	NULL	true	58
albums	album-unassigned	Album Unassigned	7e3ed4ad-570a-4867-849a-9eae418e6564	बम भोला बम	gurukul	Other / Misc	Hindi	NULL	true	35
albums	album-unassigned	Album Unassigned	c180868a-e9f9-4af0-b85f-9e47ea6a94a0	बम भोला बम	gurukul	Other / Misc	Hindi	NULL	true	35
albums	album-unassigned	Album Unassigned	7c43c6d1-991a-46e1-b557-7e9b8528b4a3	भगवा चोला	gurukul	Other / Misc	Hindi	NULL	true	35
albums	album-unassigned	Album Unassigned	acce7b02-b36e-4aa7-8bc4-899e425e1f7f	भगवा चोला	gurukul	Other / Misc	Hindi	NULL	true	35
albums	album-unassigned	Album Unassigned	cb2c77c5-2aab-4459-9d5f-84c4024be973	तुझ पर ही भरोसा	gurukul	Other / Misc	Hindi	Other / Misc	true	37
albums	album-unassigned	Album Unassigned	2aa5f8f0-1fd1-4473-9dd2-a3db61cfd0dc	तुझ पर ही भरोसा	gurukul	Other / Misc	Hindi	Other / Misc	true	12
albums	album-unassigned	Album Unassigned	3dfe2673-db12-496e-a169-ea75a891fef2	इस रंज-ओ-ग़म की दुनिया में मुझको यक़ीन न था	gurukul	Other / Misc	Hindi	Other / Misc	true	14
albums	album-unassigned	Album Unassigned	9944d4d4-a519-4243-8abc-0eb7245f81f0	पायल बजती धुन	gurukul	Other / Misc	Hindi	NULL	true	39
albums	album-unassigned	Album Unassigned	7e7aaecb-6ae5-41b2-86d2-c53c30b96231	गूंगों का स्टेशन	gurukul	Other / Misc	Hindi	NULL	true	74
albums	album-unassigned	Album Unassigned	226a516c-1c24-4e20-b60b-33c5d07903e0	हर ट्रैक एक दृश्य और भाव के साथ।	gurukul	Other / Misc	Hindi	Other / Misc	true	74
albums	album-unassigned	Album Unassigned	7e0d2809-671f-4a5d-ac1b-393bdf43d3fb	रेत में नमक	gurukul	Other / Misc	Hindi	धरती का नून DHARTI KA NOON — Full Adlib & Reverb Annotated Score BPM / Tempo 72	true	102
albums	album-unassigned	Album Unassigned	a4a5bc5a-d81d-4f39-9713-104d788188ad	आ भी जा	gurukul	Other / Misc	Hindi	Other / Misc	true	25
albums	album-unassigned	Album Unassigned	8a1552e3-f66a-47d5-9b8f-962ea1ca02d7	अधिनारा हँसी	gurukul	Other / Misc	Hindi	NULL	true	50
albums	album-unassigned	Album Unassigned	5b648092-0e75-4f22-95e2-5ee3f1cfe456	पंडित होने की कोशिश	gurukul	Other / Misc	Hindi	NULL	true	30
albums	album-unassigned	Album Unassigned	7024a723-80fe-4ead-8ec4-4372a3bb4e7b	पत्थर बुत	gurukul	Other / Misc	Hindi	NULL	true	35
albums	album-unassigned	Album Unassigned	5156c5cc-0a46-4b76-bdcd-a344c362d213	आग बराबर दोनों की पर एक बहुत शरमाए	gurukul	Other / Misc	Hindi	Other / Misc	true	38
albums	album-unassigned	Album Unassigned	d6804818-7296-4af6-8e5e-d58ed14b5587	मुंह-खून खांचा	gurukul	Other / Misc	Hindi	NULL	true	38
albums	album-unassigned	Album Unassigned	60d9371d-c871-4f23-952d-2248fc838d54	हर बार की कहानी	gurukul	Other / Misc	Hindi	FULL PROMPT – DO NOT EDIT  Title: Same Story / हर बार की कहानी  Genre: Bilingual	true	42
albums	album-unassigned	Album Unassigned	a4bf888b-805c-406a-bdc5-cdf12d97c225	परमाणु रद्दी	gurukul	Other / Misc	Hindi	NULL	true	24
albums	album-unassigned	Album Unassigned	f6c100fa-e5b7-4b9a-97b5-4ce34def6953	शून्य की डोरी अदालत	gurukul	Other / Misc	Hindi	NULL	true	24
albums	album-unassigned	Album Unassigned	ff2b259f-36d3-441b-ad10-8e1669c878d3	काला कोट	gurukul	Other / Misc	Hindi	NULL	true	90
albums	album-unassigned	Album Unassigned	1d7debbc-1158-44de-a83a-eb493f33f9e5	Baabaa bole – mat ro re deewaane	gurukul	Other / Misc	English	Other / Misc	true	16
albums	album-unassigned	Album Unassigned	dae97a92-4622-481b-aa4f-6ba251fa0cfe	गुफा-ढोल धड़कन	gurukul	Other / Misc	Hindi	NULL	true	44
albums	album-unassigned	Album Unassigned	827207b7-54fc-42ba-925e-43760527026f	शक्ति जाग री	gurukul	Other / Misc	Hindi	Other / Misc	true	44
albums	album-unassigned	Album Unassigned	8c4f4c73-6541-40f0-bead-2812bbb715e4	Dada Tak	gurukul	Other / Misc	English	NULL	true	24
albums	album-unassigned	Album Unassigned	3b0a1cea-2d31-4c18-97af-6bf498f3ca3c	Om Shanti Digita	gurukul	Other / Misc	English	NULL	true	5
albums	album-unassigned	Album Unassigned	80646dc1-cf8b-4341-9f99-2944928e2ac5	Future-Past Clearance	gurukul	Other / Misc	English	NULL	true	4
albums	album-unassigned	Album Unassigned	2237b80c-30f9-4391-aa68-2921ab6116ab	Frequency of Future-Past	gurukul	Other / Misc	English	NULL	true	4
albums	album-unassigned	Album Unassigned	834f3ae2-e513-4ffc-8431-1d842ab13e3e	(untitled)	gurukul	Other / Misc	English	NULL	true	57
albums	album-unassigned	Album Unassigned	bec3e96c-fe0e-4577-a229-e39d1d8af390	(untitled)	gurukul	Other / Misc	English	NULL	true	55
albums	album-unassigned	Album Unassigned	dac78322-f9d7-4d52-a059-a227443c746c	(untitled)	gurukul	Other / Misc	English	स्थायी (Chorus): "शक्ति जाग री" — यह चेतना के सामूहिक उत्थान का आह्वान है।  लय (	true	43
albums	album-unassigned	Album Unassigned	41cbd44d-470c-442b-9747-3da9f5052256	(untitled)	gurukul	Other / Misc	English	स्थायी (Chorus): "शक्ति जाग री" — यह चेतना के सामूहिक उत्थान का आह्वान है।  लय (	true	43
albums	album-unassigned	Album Unassigned	37323280-425b-4fde-b2c9-385619da2dce	(untitled)	gurukul	Other / Misc	English	NULL	true	55
albums	album-unassigned	Album Unassigned	631a4c65-636f-4b24-aeea-1d3c99c8f664	(untitled)	gurukul	Other / Misc	English	NULL	true	55
albums	album-unassigned	Album Unassigned	d040faac-7e44-42a5-b776-ba7a276966fc	(untitled)	gurukul	Other / Misc	English	NULL	true	11
albums	album-unassigned	Album Unassigned	9b85885b-774d-4b2d-babf-e39fea6294e0	🎤 “वक़्त के घोड़े” — जागरण काव्य	gurukul	Other / Misc	Hindi	Other / Misc	true	43
albums	album-unassigned	Album Unassigned	1802409c-450b-4fa0-82bb-9ae1c98c6f58	(untitled)	gurukul	Other / Misc	English	NULL	true	43
albums	album-unassigned	Album Unassigned	31a89117-5333-4f09-96f9-da776986d02d	(untitled)	gurukul	Other / Misc	English	NULL	true	36
albums	album-unassigned	Album Unassigned	b7260b36-705a-493e-ab43-4cf6d9ba9bb9	O.I.riginal.nteligence	gurukul	Other / Misc	English	NULL	true	47
albums	album-unassigned	Album Unassigned	877a4cae-7aaa-4d7a-b037-021fcc544fb5	O.I.riginal.nteligence	gurukul	Other / Misc	English	NULL	true	92
albums	album-unassigned	Album Unassigned	056a8cec-f924-4fbe-be2e-5a026a8477a1	(untitled)	gurukul	Other / Misc	English	NULL	true	70
albums	album-unassigned	Album Unassigned	2ca29e2e-9207-45f0-9d88-9c0793d7393b	(untitled)	gurukul	Other / Misc	English	NULL	true	66
albums	album-unassigned	Album Unassigned	83d40aab-8c12-48c7-8a5f-316e377ae254	ल्या.. दे	gurukul	Other / Misc	Hindi	Other / Misc	true	66
albums	album-unassigned	Album Unassigned	e4415236-01a9-49bb-a68a-359e7f67f091	(untitled)	gurukul	Other / Misc	English	NULL	true	38
albums	album-unassigned	Album Unassigned	7895a9b2-a1dc-4fee-8ac4-44a096b2c6a8	(untitled)	gurukul	Other / Misc	English	NULL	true	38
albums	album-unassigned	Album Unassigned	1712384b-9b51-4094-b444-b464a3aa0e27	(untitled)	gurukul	Other / Misc	English	NULL	true	40
albums	album-unassigned	Album Unassigned	527b35cd-7313-4af7-82d2-007ce8ac75a1	हे माँ शैलपुत्री	gurukul	Other / Misc	Hindi	Other / Misc	true	40
albums	album-unassigned	Album Unassigned	51869413-dafe-45f6-b76f-583c3b8e1991	(untitled)	gurukul	Other / Misc	English	NULL	true	79
albums	album-unassigned	Album Unassigned	64a8bb69-c68d-48dc-88bf-9bcf53a35229	हाय हाय हाय… हाय लुगाई	gurukul	Other / Misc	Hindi	Other / Misc	true	79
albums	album-unassigned	Album Unassigned	4c162f53-2f79-4fed-b3c9-93841a1755f3	(untitled)	gurukul	Other / Misc	English	NULL	true	223
albums	album-unassigned	Album Unassigned	15044912-afce-435c-a55e-9158b065f46a	(untitled)	gurukul	Other / Misc	English	NULL	true	224
albums	album-unassigned	Album Unassigned	103c9db6-e1ee-45f8-815d-0a7612a6ea10	Naaraayana Uunh	gurukul	Other / Misc	English	NULL	true	43
albums	album-unassigned	Album Unassigned	d42a34a6-86f1-42c4-8ee3-d94d850cc73b	Naaraayana Uunh	gurukul	Other / Misc	English	सुपर फंकी फुल नौटंकी	true	9
albums	album-unassigned	Album Unassigned	e39d4168-ab51-4b9d-a5c3-abccf188281c	Naaraayana Uunh	gurukul	Other / Misc	English	सुपर फंकी	true	9
albums	album-unassigned	Album Unassigned	5e5689c5-b3b9-48fb-ac29-11a1a7304d5d	Naaraayana Uunh	gurukul	Other / Misc	English	सुपर फंकी	true	9
albums	album-unassigned	Album Unassigned	e7732295-f853-4506-ac1f-9ba75d645982	(untitled)	gurukul	Other / Misc	English	NULL	true	13
albums	album-unassigned	Album Unassigned	2ae593af-d471-49fe-802c-a910664b5b29	दृश्य: महामात्य का 'विराट' क्रोध	gurukul	Other / Misc	Hindi	Other / Misc	true	13
albums	album-unassigned	Album Unassigned	4012494c-6d32-4fac-8a87-2e82ebfe57d0	दृश्य: महामात्य का 'विराट' क्रोध	gurukul	Other / Misc	Hindi	Other / Misc	true	13
albums	album-unassigned	Album Unassigned	1b94e28b-5e0d-4d10-9519-57a4a340dea5	(untitled)	gurukul	Other / Misc	English	NULL	true	13
albums	album-unassigned	Album Unassigned	519cfa96-09e0-43be-b008-6631b9302357	Naaraayana Uunh	gurukul	Other / Misc	English	NULL	true	38
albums	album-unassigned	Album Unassigned	b394760e-a22a-4ddf-ae84-669d76820b25	Naaraayana Uunh	gurukul	Other / Misc	English	NULL	true	38
albums	album-unassigned	Album Unassigned	a9945093-a511-431f-a149-6978e172135c	(untitled)	gurukul	Other / Misc	English	अद्वैत अद्वैत द्वैत द वैत त   द्वैतत तत तत तत तट  त्री कट ट्री कट कट  त्रिकट रिक	true	41
albums	album-unassigned	Album Unassigned	16e6f905-49c1-42d2-ad44-46130e1b7dda	(untitled)	gurukul	Other / Misc	English	अद्वैत अद्वैत द्वैत द वैत त   द्वैतत तत तत तत तट  त्री कट ट्री कट कट  त्रिकट रिक	true	41
albums	album-unassigned	Album Unassigned	8296abb7-b694-4517-b505-74a1482acc86	(untitled)	gurukul	Other / Misc	English	अद्वैत अद्वैत द्वैत द वैत त  द्वैतत तत तत तत तट त्री कट ट्री कट कट त्रिकट रिकट र	true	36
albums	album-unassigned	Album Unassigned	9a3c2b4d-d452-4c45-80d4-2d277e37d1eb	(untitled)	gurukul	Other / Misc	English	डीजे सुपर फंकी. fun   ,,,	true	27
albums	album-unassigned	Album Unassigned	370a4d03-deca-434e-9414-305c4a1a849f	(untitled)	gurukul	Other / Misc	English	NULL	true	24
albums	album-unassigned	Album Unassigned	043fd8db-51e3-4bcf-a025-7c0e9e70d65e	(untitled)	gurukul	Other / Misc	English	NULL	true	24
albums	album-unassigned	Album Unassigned	2f1b59d6-e3e2-4a2e-b7da-8ef193729bb8	काम की कामना पुण्य	gurukul	Other / Misc	Hindi	Other / Misc	true	26
albums	album-unassigned	Album Unassigned	73522d09-58c9-4824-b255-989b4bafebf0	(untitled)	gurukul	Other / Misc	English	गाँव की सुपर मस्ती	true	28
albums	album-unassigned	Album Unassigned	c5e03997-b771-4c5b-97fc-4f4a0f24b5de	ये काम बड़े ही काम का है	gurukul	Other / Misc	Hindi	Other / Misc	true	28
albums	album-unassigned	Album Unassigned	271aa98c-9ee3-4765-a2f6-cffd21ec6eb5	(untitled)	gurukul	Other / Misc	English	NULL	true	28
albums	album-unassigned	Album Unassigned	3266e243-6415-49ae-bae9-55af0a248874	(untitled)	gurukul	Other / Misc	English	गाँव की सुपर मस्ती	true	28
albums	album-unassigned	Album Unassigned	5202d72f-acdb-4e56-81e2-0cc1456d59d7	लौट के आ रे श्याम सलोना	gurukul	Other / Misc	Hindi	Other / Misc	true	41
albums	album-unassigned	Album Unassigned	08672d19-c215-4ff6-ac7c-8273ca45eab0	(untitled)	gurukul	Other / Misc	English	मुखड़ा हर अंतरे के बाद दोहराओ  भीड़ से बुलवाओ: “दुनिया में ते खो देगा तन्ने…”  न	true	55
albums	album-unassigned	Album Unassigned	94daf0e0-f8b0-4025-b269-39a4f5b63bdc	(untitled)	gurukul	Other / Misc	English	वाद्य:  ढोलक – मुख्य ताल  नगाड़ा – मुखड़े पर जोर  सारंगी – भावपूर्ण हिस्से  बीन	true	83
albums	album-unassigned	Album Unassigned	afb6c7b0-fbfc-4889-9c1c-361c8bba3ed4	(untitled)	gurukul	Other / Misc	English	हैवी base male। १ मिनट	true	7
albums	album-unassigned	Album Unassigned	348fc72d-5a8b-4126-9498-c2f6cafc4a0e	॥ हेमंत अंतर्मन संवाद: आधिकारिक टीज़र स्क्रिप्ट	gurukul	Other / Misc	Hindi	Other / Misc	true	7
albums	album-unassigned	Album Unassigned	22166f36-f1c8-4ca9-9452-f76ee29ff8c9	(untitled)	gurukul	Other / Misc	English	voice  ओवर	true	7
albums	album-unassigned	Album Unassigned	92631fc4-6b9e-4dd2-9cd4-83870b8d3d71	(untitled)	gurukul	Other / Misc	English	NULL	true	7
albums	album-unassigned	Album Unassigned	e2588540-4aee-4cff-a2d9-023f8e4c0e98	(untitled)	gurukul	Other / Misc	English	NULL	true	7
albums	album-unassigned	Album Unassigned	bfac316f-83ab-44b3-8c61-080c6de6c036	॥ हेमंत अंतर्मन संवाद: आधिकारिक टीज़र स्क्रिप्ट	gurukul	Other / Misc	Hindi	Other / Misc	true	7
albums	album-unassigned	Album Unassigned	30bf75e7-10f6-4308-b4ee-87d52c599e1a	(untitled)	gurukul	Other / Misc	English	NULL	true	54
albums	album-unassigned	Album Unassigned	474b5afb-1073-42d4-a1b5-16fbfdce636d	(untitled)	gurukul	Other / Misc	English	NULL	true	51
albums	album-unassigned	Album Unassigned	1a47a65a-030c-4a27-ba73-ee86926a4f85	First Comes the Word	gurukul	Other / Misc	English	NULL	true	51
albums	album-unassigned	Album Unassigned	dc93e92b-de6b-4f68-be8d-4264d2eaf273	First Comes the Word	gurukul	Other / Misc	English	NULL	true	51
albums	album-unassigned	Album Unassigned	5ad16b1e-5925-434b-a035-a9c2a7e1579b	First Comes the Word	gurukul	Other / Misc	English	NULL	true	68
albums	album-unassigned	Album Unassigned	1f40b6c8-ca9d-4b88-8840-de4658f294ac	First Comes the Word	gurukul	Other / Misc	English	NULL	true	68
albums	album-unassigned	Album Unassigned	9f8f747d-bca4-4422-aeef-8efd76fc5e11	सन्दर्भ की परिभाषा	gurukul	Other / Misc	Hindi	NULL	true	18
albums	album-unassigned	Album Unassigned	81730957-69cc-4143-a4a1-ff4f37c7ec2b	सन्दर्भ की परिभाषा	gurukul	Other / Misc	Hindi	NULL	true	18
albums	album-unassigned	Album Unassigned	281a3e06-5f91-4e59-9fba-f520b47ff2a4	कालिख के भीतर	gurukul	Other / Misc	Hindi	impact , realization , revolt	true	40
albums	album-unassigned	Album Unassigned	8ed97e69-ba32-497e-99e6-5f5ffc1208d7	कालिख के भीतर	gurukul	Other / Misc	Hindi	impact , realization , revolt	true	40
albums	album-unassigned	Album Unassigned	c95adbc4-eb40-4508-8a3f-4d9376a62d99	jaleel	gurukul	Other / Misc	English	NULL	true	14
albums	album-unassigned	Album Unassigned	dbd35f9f-c48b-4228-b9d7-f7c525bfb562	jaleel	gurukul	Other / Misc	English	NULL	true	14
albums	album-unassigned	Album Unassigned	928d9daa-71ce-4eb4-8c1e-4c6b141d61e4	jaleel	gurukul	Other / Misc	English	NULL	true	14
albums	album-unassigned	Album Unassigned	f2d23578-ceb2-4b60-9c76-13bddb621440	jaleel	gurukul	Other / Misc	English	NULL	true	17
albums	album-unassigned	Album Unassigned	a605a0c4-5252-478d-9425-b0245d9284e9	jaleel	gurukul	Other / Misc	English	NULL	true	17
albums	album-unassigned	Album Unassigned	1692dd58-42ff-46e1-886b-d4de131eb0a0	jaleel	gurukul	Other / Misc	English	NULL	true	17
albums	album-unassigned	Album Unassigned	d5005293-034b-4647-873f-85619d1208d1	del	gurukul	Other / Misc	English	Other / Misc	false	0
albums	album-unassigned	Album Unassigned	3f789a12-3090-4729-8e17-03745470ffde	banjara	gurukul	Other / Misc	English	NULL	true	16
albums	album-unassigned	Album Unassigned	de7c66a0-7383-4a67-87be-742eaafdc1cb	banjara	gurukul	Other / Misc	English	NULL	true	16
albums	album-unassigned	Album Unassigned	4ae291ce-bd61-493c-9ae1-020abe22f194	banjara	gurukul	Other / Misc	English	NULL	true	16
stations	ameerpur	Ameerpur	6c05306f-bf60-44fc-9a7c-cd6a8d07190d	छुक-छुक चलती भाषा की गाड़ी	ameerpur	Love & Virah	Hindi	Love & Virah	true	28
stations	ameerpur	Ameerpur	935837be-7dfb-4f7d-ae0c-36743a8de966	छुक-छुक चलती भाषा की गाड़ी	ameerpur	Love & Virah	Hindi	Love & Virah	true	28
stations	ameerpur	Ameerpur	5791e93b-a997-4765-b8d1-c0fcbb88c384	धारानगरी का वो राजा	ameerpur	Desh / Patriotic	Hindi	Desh / Patriotic	true	41
stations	ameerpur	Ameerpur	fc641c78-b723-4744-a9f0-93ca40542e4f	समाज की खोज का सुनो इतिहास	ameerpur	Haryanvi Folk	Haryanvi	Haryanvi Folk	true	47
stations	ameerpur	Ameerpur	4573b54b-63f0-4dac-9e7a-4ba9ddf8acbc	समाज की खोज का सुनो इतिहास	ameerpur	Haryanvi Folk	Haryanvi	Haryanvi Folk	true	20
stations	ameerpur	Ameerpur	961c3ee7-95d5-4fc3-86be-9fc9344cb1b1	चाणक्य की नीति गाओ	ameerpur	Haryanvi Folk	Haryanvi	Haryanvi Folk	true	46
stations	ameerpur	Ameerpur	a3348700-9ecb-4d78-8344-aaf875575f8f	तेरे बिना मैंने परदेसां में	ameerpur	Haryanvi Folk	Haryanvi	Haryanvi Folk	true	37
stations	ameerpur	Ameerpur	e73bb277-81d9-40d3-94bc-f8f3f7893688	O my darling	ameerpur	Love & Virah	English	Love & Virah	true	58
stations	ameerpur	Ameerpur	6773c614-261b-461b-9eab-54efb5810575	साहब	ameerpur	Haryanvi Folk	Haryanvi	Haryanvi Folk	true	49
stations	ameerpur	Ameerpur	62780b6c-9eb0-43e2-91f7-38e05b1458db	साहब	ameerpur	Haryanvi Folk	Haryanvi	Haryanvi Folk	true	23
stations	ameerpur	Ameerpur	9a501fdc-42a2-43b9-b72f-4acea519537c	जिंदगी... तू जमा उघाड़ी है	ameerpur	Haryanvi Folk	Haryanvi	Haryanvi Folk	true	64
stations	ameerpur	Ameerpur	eeadca81-afe0-426b-aec0-9bb8e7226283	जिंदगी... तू जमा उघाड़ी है	ameerpur	Haryanvi Folk	Haryanvi	Haryanvi Folk	true	29
stations	ameerpur	Ameerpur	d02ff9aa-08de-4c3c-894a-5d78bf3883f8	जैठ की दुपहरी	ameerpur	Love & Virah	Hindi	[Style: Slow emotional ghazal, Sufi, male voice, crying tone, melancholic, acous	true	25
stations	ameerpur	Ameerpur	b39097fb-81be-40f8-bc18-46c757b2ce0c	जिंदगी... तू जमा उघाड़ी है	ameerpur	Desh / Patriotic	Hindi	Desh / Patriotic	true	25
stations	ameerpur	Ameerpur	79c1b363-10f4-4f23-a2d0-846a1ff744ec	जाट जाट जाट जाट खिले हुए rose हैं	ameerpur	Haryanvi Folk	Haryanvi	Haryanvi Folk	true	54
stations	ameerpur	Ameerpur	42bde3ea-cba3-4e45-acdb-d8b8a10379ca	जाट जाट जाट जाट खिले हुए rose हैं	ameerpur	Haryanvi Folk	Haryanvi	Haryanvi Folk	true	34
stations	ameerpur	Ameerpur	a10e118d-a2df-428c-add4-6624a46a39fc	जटाओं की गड़गड़ाहट	ameerpur	Haryanvi Folk	Haryanvi	[Genre: Haryanvi folk, Rajasthani folk, Afghan rubab, dambura, dhol, bakhshi sty	true	34
stations	ameerpur	Ameerpur	d3340fe8-0440-4a60-afec-7b57312659b8	जटाओं की डमकार	ameerpur	Haryanvi Folk	Haryanvi	[Genre: Haryanvi folk, Rajasthani folk, Afghan rubab, dambura, dhol, bakhshi sty	true	34
stations	ameerpur	Ameerpur	c7719c74-3520-40ba-9a5a-48be9a8e9af4	जटाओं की डमकार	ameerpur	Haryanvi Folk	Haryanvi	[Genre: Haryanvi folk, Rajasthani folk, Afghan rubab, dambura, dhol, bakhshi sty	true	34
stations	ameerpur	Ameerpur	f5ca7479-1bc5-4df4-a86e-e410e27b36cb	जिसकी लांबी लांबी चोटी	ameerpur	Haryanvi Folk	Haryanvi	Haryanvi Folk	true	56
stations	ameerpur	Ameerpur	2dbdbe4b-7abb-4214-b3ea-768e09a3cce1	तेरी चप्पल	ameerpur	Haryanvi Folk	Haryanvi	Haryanvi Folk	true	51
stations	ameerpur	Ameerpur	5d3de852-628c-4d4e-83dc-4e2d0f91338a	तेरी चप्पल	ameerpur	Haryanvi Folk	Haryanvi	Haryanvi Folk	true	49
stations	ameerpur	Ameerpur	b39a1673-b9c4-4eda-a3c6-a9ce936d589f	वो धर्म का जाप था	ameerpur	Haryanvi Folk	Haryanvi	Haryanvi Folk	true	40
stations	ameerpur	Ameerpur	21b9c825-4413-4f7f-90c9-7bcd81cc55c0	वो धर्म का जाप था	ameerpur	Haryanvi Folk	Haryanvi	Haryanvi Folk	true	20
stations	ameerpur	Ameerpur	565636d5-7042-4a96-88a9-f7835e3df3d0	आशिका न	ameerpur	Haryanvi Folk	Haryanvi	Haryanvi Folk	true	57
stations	ameerpur	Ameerpur	091ab81d-180d-4521-8005-1d08377b3f14	साँस का पहरा	ameerpur	Love & Virah	Hindi	Cinematic Modern Ghazal, Dark Ambient, Ethereal Baritone Male Vocals, Deep Cello	true	14
stations	ameerpur	Ameerpur	b564bd23-5730-4718-b0f9-e2fb7eba934f	आशिका न	ameerpur	Haryanvi Folk	Haryanvi	Haryanvi Folk	true	60
stations	ameerpur	Ameerpur	48633b3f-1638-40cc-b3e8-55bd791ea44e	इतनी करीब आ जाती है	ameerpur	Haryanvi Folk	Haryanvi	Haryanvi Folk	true	22
stations	ameerpur	Ameerpur	4df6f608-207a-494e-91e5-296847785ef2	Giddhon ke sheher mein	ameerpur	Desh / Patriotic	English	Desh / Patriotic	true	26
stations	ameerpur	Ameerpur	6fe0efcf-2803-4ea7-83a7-a2f0a923176d	एक फूल ओ सुनहरा	ameerpur	Haryanvi Folk	Haryanvi	Haryanvi Folk	true	101
stations	ameerpur	Ameerpur	4cacdec0-b868-46d6-b260-0944f8278d76	संग पत्तियां का फहरा	ameerpur	Haryanvi Folk	Haryanvi	Haryanvi Folk	true	68
stations	ameerpur	Ameerpur	809507be-5a63-49dc-8e0d-a16b87287cc8	पिंकी नाच	ameerpur	Haryanvi Folk	Haryanvi	Raw horror folk. Haryanvi male vocal - broken, crying, manic. Female vampire voc	true	46
stations	ameerpur	Ameerpur	55c1da3f-383e-4f89-b2f1-e371ee790fb4	नाच र पिंकी	ameerpur	Haryanvi Folk	Haryanvi	Haryanvi Folk	true	46
stations	ameerpur	Ameerpur	416d0856-a289-4daf-ade4-0c21dfa4b8dd	नाच र पिंकी	ameerpur	Haryanvi Folk	Haryanvi	Haryanvi Folk	true	63
stations	ameerpur	Ameerpur	67e8aee2-9b5a-47cc-88a6-741643a45909	पिंकी थाली	ameerpur	Haryanvi Folk	Haryanvi	[Genre: Cinematic Horror × Rajasthani Folk × Dark Disco × Haryanvi Vampire Weste	true	63
stations	ameerpur	Ameerpur	f23d5bb3-9dc9-487a-902e-fb31cc813dfd	नाच र पिंकी	ameerpur	Haryanvi Folk	Haryanvi	Haryanvi Folk	true	39
stations	ameerpur	Ameerpur	8f0c2cf6-a3ee-488c-a85c-95779c10cd5c	पिंकी का थाली	ameerpur	Haryanvi Folk	Haryanvi	[Genre: Cinematic Horror × Rajasthani Folk × Dark Disco × Haryanvi Vampire Weste	true	85
stations	ameerpur	Ameerpur	18cc6ebd-d8fe-4bf0-a598-1abdd0082fc7	करें परेशान	ameerpur	Love & Virah	Hindi	Love & Virah	true	17
stations	ameerpur	Ameerpur	d6049185-a418-4c6a-a1d9-fcc801c751b9	लाश हटाता	ameerpur	Desh / Patriotic	Hindi	Desh / Patriotic	false	0
stations	ameerpur	Ameerpur	d16e0a51-7641-4ea2-9b3d-6c5316629611	चार सौ बीस	ameerpur	Desh / Patriotic	Hindi	Desh / Patriotic	true	34
stations	ameerpur	Ameerpur	6f0d30c8-5d5b-48d1-afb1-e5c08aefc694	नेता एकम नेता	ameerpur	Desh / Patriotic	Hindi	Desh / Patriotic	true	29
stations	ameerpur	Ameerpur	b37c71bb-dbeb-4ae3-99d2-7debde5ee2be	ला ला ला... सो जा रे	ameerpur	Love & Virah	Hindi	Love & Virah	true	20
stations	ameerpur	Ameerpur	cd7f3a61-d005-4eac-aecc-373368cd6ccb	॥ रूह-देह संवाद: आदि से अनंत ॥	ameerpur	Love & Virah	Hindi	Love & Virah	true	35
stations	ameerpur	Ameerpur	9e091800-f3fb-4c79-8a1e-09783a3f3392	गुमान था कि तन्हाई में सुकूँ मिलेगा मुझे	ameerpur	Desh / Patriotic	Hindi	Desh / Patriotic	true	95
stations	ameerpur	Ameerpur	1826d08a-5fb4-4ab4-adb0-4163baf9acfc	लम्स-ए-हवा रोया	ameerpur	Love & Virah	Hindi	Drill, Urdu/Hindi poetry, Ghazal elements, slow melodic hook, heavy 808 bass, em	true	95
stations	ameerpur	Ameerpur	5c1e1843-62f8-4103-9861-23f07e11ce12	गुमान था कि तन्हाई में सुकूँ मिलेगा मुझे	ameerpur	Desh / Patriotic	Hindi	Desh / Patriotic	true	47
stations	ameerpur	Ameerpur	ef834e73-a6e2-4dc4-a69f-cf8697e9de12	लम्स-ए-हवा सर्द	ameerpur	Love & Virah	Hindi	Drill, Urdu/Hindi poetry, Ghazal elements, slow melodic hook, heavy 808 bass, em	true	47
stations	ameerpur	Ameerpur	a1a5dd9d-4535-4bdc-aef8-0471e275049f	लम्स-ए-हवा साया	ameerpur	Love & Virah	Hindi	[Intro] – Spoken word / wind sound (Ghazal mood)  [DROP] – Heavy 808 + drill per	true	59
stations	ameerpur	Ameerpur	340e22ab-5a0e-4a4e-9138-9bece1f77dd1	मैं दौड़ता रहा	ameerpur	Haryanvi Folk	Haryanvi	Haryanvi Folk	true	29
stations	ameerpur	Ameerpur	bce359ca-a7fd-4325-9cda-b272232acfea	नाम बस एक रह गया साँस की गुंजाइश में	ameerpur	Desh / Patriotic	Hindi	Desh / Patriotic	true	17
stations	ameerpur	Ameerpur	0c6cc8cd-b3b2-43db-92df-b3cad31e1866	क्या सच है क्या झूठ है	ameerpur	Desh / Patriotic	Hindi	Desh / Patriotic	true	46
stations	ameerpur	Ameerpur	4648abb5-f970-4287-9894-5ef12762ff04	क्या सच है क्या झूठ है	ameerpur	Desh / Patriotic	Hindi	Desh / Patriotic	true	42
stations	ameerpur	Ameerpur	9682f67f-4799-479e-a59e-b827566b078e	क्या सच है क्या झूठ है.. What is truth? What is	ameerpur	Desh / Patriotic	English	Desh / Patriotic	true	6
stations	ameerpur	Ameerpur	01646a31-8208-4989-8914-d9835b9c98db	लगा बाज़ार जाने क्या-क्या बिकेगा आज	ameerpur	Haryanvi Folk	Haryanvi	Haryanvi Folk	true	24
stations	ameerpur	Ameerpur	a2f08a86-a136-4082-9a2c-eef50737cff7	Ank se jab hui shuruaat	ameerpur	Haryanvi Folk	Haryanvi	Haryanvi Folk	true	24
stations	ameerpur	Ameerpur	fa63a507-2f0d-4477-b328-7e8895a24c68	आवाज़ों की अदालत	ameerpur	Desh / Patriotic	Hindi	Desh / Patriotic	true	20
stations	ameerpur	Ameerpur	7a79f5a5-df08-4b19-b670-e23e71ff6738	आवाज़ों की अदालत में केस करे दीवाना	ameerpur	Haryanvi Folk	Haryanvi	Haryanvi Folk	true	17
stations	ameerpur	Ameerpur	79d13c77-eca1-459b-806f-cd40985c3208	फक्कड़ पंडित हेमंत दीक्षित	ameerpur	Desh / Patriotic	Hindi	Desh / Patriotic	true	24
stations	ameerpur	Ameerpur	a3fc8cdd-425f-4eb3-bca9-b17e10505af4	पकड़ लिया एटम एक भाभा बाबा हुया दीवाना।।	ameerpur	Desh / Patriotic	Hindi	Desh / Patriotic	true	24
stations	ameerpur	Ameerpur	65806a40-681c-40b3-a051-6052aac0137c	ओ काला कोट	ameerpur	Love & Virah	Hindi	Love & Virah	true	90
stations	ameerpur	Ameerpur	62dda9f3-677d-48e5-bce1-b5243ae2f1e0	Baabaa bole – mat ro re deewaane	ameerpur	Haryanvi Folk	Haryanvi	Haryanvi Folk	true	41
stations	ameerpur	Ameerpur	68471c7c-8d42-4c98-9c0d-b3f038a459a7	झूलम-झूल झुलाऊँ	ameerpur	Haryanvi Folk	Haryanvi	Haryanvi Folk	true	38
stations	ameerpur	Ameerpur	ee581be0-afd5-4d91-afa7-7fa47bf6e1ad	धूर अम्बरां	ameerpur	Haryanvi Folk	Haryanvi	"High energy Haryanvi folk song, 120 BPM, heavy traditional dhol, stadium crowd	true	38
stations	ameerpur	Ameerpur	ae245f7e-6572-4a7b-9ef6-801c86e507f2	बादलां की लोर	ameerpur	Haryanvi Folk	Haryanvi	"High energy Haryanvi folk song, 120 BPM, heavy traditional dhol, stadium crowd	true	38
stations	ameerpur	Ameerpur	13bbd5ed-b7db-4959-a7d2-79dab85ad756	झूल्म-झूल झुलाऊँ	ameerpur	Haryanvi Folk	Haryanvi	Haryanvi Folk	true	38
stations	ameerpur	Ameerpur	a798ae26-3fed-4d39-9f32-c0bcd9d9fb15	Male alone	ameerpur	Desh / Patriotic	English	Desh / Patriotic	true	20
stations	ameerpur	Ameerpur	5570be2c-5ead-44af-aa39-57f73225aaa6	मेरी लाडो बसंती	ameerpur	Haryanvi Folk	Haryanvi	Haryanvi Folk	true	34
stations	ameerpur	Ameerpur	3855893f-998c-4c3d-a2a1-3312d2a61986	लाडो बसंती	ameerpur	Haryanvi Folk	Haryanvi	Soulful Haryanvi folk, 100 BPM, male lead vocalist, breathy female backing vocal	true	34
stations	ameerpur	Ameerpur	492c5721-3555-4908-9a41-6e9cf2767765	रि ^ श्ता ~ है सब-का ^ अ-पना	ameerpur	Desh / Patriotic	Hindi	Desh / Patriotic	true	36
stations	ameerpur	Ameerpur	1372ca04-8fbc-4cad-acee-e993865dae48	खो गई मेरी पहचान	ameerpur	Love & Virah	Hindi	Love & Virah	true	18
stations	ameerpur	Ameerpur	dcf39bdd-302c-442d-9207-648a18074511	मैं हूँ तेरा	ameerpur	Desh / Patriotic	Hindi	Desh / Patriotic	true	48
stations	ameerpur	Ameerpur	aa8bd4d4-7f49-4fd1-952e-956f27f5bbb2	मैं हूँ तेरा	ameerpur	Desh / Patriotic	Hindi	Desh / Patriotic	true	20
stations	ameerpur	Ameerpur	bbc7b4ba-42c3-4395-bc2a-26134de64ab7	छोरा अघोरी	ameerpur	Haryanvi Folk	Haryanvi	Haryanvi Folk	true	93
stations	ameerpur	Ameerpur	e77952dc-af14-41a8-9ca5-44de89385d85	(untitled)	ameerpur	Haryanvi Folk	Haryanvi	Haryanvi Ragni Rock, Aggressive Male Folk Vocals, Heavy Sarangi, Industrial Drum	true	29
stations	ameerpur	Ameerpur	6b2681d0-8b5e-41fe-857c-74b2d7fcd89a	रंग रूप पै मान करै क्यूं	ameerpur	Haryanvi Folk	Haryanvi	Haryanvi Folk	true	29
stations	ameerpur	Ameerpur	e7905dfe-6d9b-4d8c-9f04-d1645c522f2f	ढोल नगाड़े बाज़न दे तू	ameerpur	Haryanvi Folk	Haryanvi	Haryanvi Folk	true	37
stations	ameerpur	Ameerpur	b6721538-96c3-408c-be12-613ca88da0d7	ढोल नगाड़े बाज़न दे तू	ameerpur	Haryanvi Folk	Haryanvi	Haryanvi Folk	true	54
stations	ameerpur	Ameerpur	8caed3b8-e9a9-48fa-9a64-adeedcfb6231	ढोल नगाड़े बाज़न दे तू	ameerpur	Haryanvi Folk	Haryanvi	Haryanvi Folk	true	56
stations	ameerpur	Ameerpur	dac03dd8-470e-453c-ba40-7a6da1100b59	हाय रे मच्छरी	ameerpur	Haryanvi Folk	Haryanvi	Haryanvi Folk	true	97
stations	ameerpur	Ameerpur	c3895754-34ef-42e5-b30f-03de838fa995	हाय रे मच्छरी	ameerpur	Haryanvi Folk	Haryanvi	Haryanvi Folk	true	168
stations	ameerpur	Ameerpur	11d2c6aa-6e6e-4b33-a0f1-514fb4e2cf9b	Not a curse	ameerpur	Haryanvi Folk	Haryanvi	Haryanvi Folk	true	175
stations	ameerpur	Ameerpur	3b5bc702-ef70-4745-9a21-5e41252a6c47	Yo Yo Pandit! बोल माआता का naam	ameerpur	Haryanvi Folk	Haryanvi	Haryanvi Folk	true	43
stations	ameerpur	Ameerpur	bf134052-5fe4-4f02-aa15-5757082f17fe	He shaheed shera	ameerpur	Haryanvi Folk	Haryanvi	Haryanvi Folk	true	36
stations	ameerpur	Ameerpur	374bbc29-2826-4b31-ba70-48ad9999fa35	(untitled)	ameerpur	Haryanvi Folk	Haryanvi	global fun haryanvi-superstar..  1000 girls 1 boy	true	45
stations	ameerpur	Ameerpur	bed764bc-151e-4046-a0b6-773835719384	Bhai Mardana... vajda rabab	ameerpur	Haryanvi Folk	Haryanvi	Haryanvi Folk	true	45
stations	ameerpur	Ameerpur	1b2ec847-7d17-420f-9042-dbced94d6763	गाम के छोरे	ameerpur	Haryanvi Folk	Haryanvi	Haryanvi Folk	true	90
stations	ameerpur	Ameerpur	6b3651e9-9f2d-4597-a0a5-de2414135203	(untitled)	ameerpur	Haryanvi Folk	Haryanvi	global fun haryanvi-superstar..  1000 girls 1 boy	true	90
stations	ameerpur	Ameerpur	2b4451e0-029c-4fb6-b9e5-78fd60f4046c	देव-दानव: यो गोबर नहीं	ameerpur	Haryanvi Folk	Haryanvi	Haryanvi Folk	true	33
stations	ameerpur	Ameerpur	fdfe3689-13d3-4488-96a7-d2b0ad9210da	गौसे ल्या दे	ameerpur	Haryanvi Folk	Haryanvi	Haryanvi Folk	true	99
stations	ameerpur	Ameerpur	cabac8a7-5365-4ff9-b762-86e8a6586cd1	पिया जी तेरी याद आती है	ameerpur	Haryanvi Folk	Haryanvi	Haryanvi Folk	true	48
stations	ameerpur	Ameerpur	448602fe-eb24-4bcd-9a1a-2d3d00a4c21b	पिया जी तेरी याद आवे सै	ameerpur	Haryanvi Folk	Haryanvi	Haryanvi Folk	true	57
stations	ameerpur	Ameerpur	7c657b60-4bbc-4e9f-90d4-2d42575ca1c6	(untitled)	ameerpur	Haryanvi Folk	Haryanvi	Genre: Haryanvi Ragni Folk, Dangal style Tempo: 75 BPM  Instruments: Dholak, han	true	57
stations	ameerpur	Ameerpur	cfbb1757-8e35-4d6f-a25d-810bab2e0e8a	पिया जी तेरी याद आती है	ameerpur	Haryanvi Folk	Haryanvi	Haryanvi Folk	true	55
stations	ameerpur	Ameerpur	eea1f46e-7cbb-441d-abcb-52a46144583a	(untitled)	ameerpur	Love & Virah	English	Genre: Indic-Sufi-Lusophone-Blues Virah Raga Tempo: 70 BPM slow emotional  Vocal	true	55
stations	ameerpur	Ameerpur	6a41359d-7625-415a-bb50-9685b970ef3b	हाय हाय हाय… हाय लुगाई	ameerpur	Haryanvi Folk	Haryanvi	Haryanvi Folk	true	89
stations	ameerpur	Ameerpur	c694a74a-44a2-4a34-aee4-ffc260690881	(untitled)	ameerpur	Haryanvi Folk	Haryanvi	Style: Haryanvi Folk Ragni, Jogi Spiritual Anthem, Human Voice Driven, Minimal	true	89
stations	ameerpur	Ameerpur	ddf3ca17-816c-47e8-b49c-a5834334e64b	(untitled)	ameerpur	Haryanvi Folk	Haryanvi	Style: Haryanvi Folk Ragni, Jogi Spiritual Crow Anthem, Human Voice Driven, Fig	true	89
stations	ameerpur	Ameerpur	ada50c4b-3ce4-475c-b27e-f2536d77da49	(untitled)	ameerpur	Haryanvi Folk	Haryanvi	Style: Haryanvi Folk Ragni, Jogi Spiritual Anthem, Human Voice Driven, Minimal	true	89
stations	ameerpur	Ameerpur	fddbba2f-61ec-4d72-ad3f-69baba354abb	(untitled)	ameerpur	Haryanvi Folk	Haryanvi	Style: Haryanvi Folk Ragni, Jogi Spiritual Anthem, Human Voice Driven, Minimal	true	95
stations	ameerpur	Ameerpur	5a3ed490-c3be-4e41-99f0-3abc89a1f13d	हाय हाय हाय… हाय लुगाई	ameerpur	Haryanvi Folk	Haryanvi	Haryanvi Folk	true	95
stations	ameerpur	Ameerpur	e80360e4-03de-401c-ae2a-6936ff596b3f	(untitled)	ameerpur	Haryanvi Folk	Haryanvi	मलंगों का ग्रुप एक भविष्य के ट्रेन स्टेशन पर ट्रेन स्टेशन उद्गोषण  Style: Haryan	true	61
stations	ameerpur	Ameerpur	978c1c42-cd78-429d-952f-ff66978f4531	हाय हाय हाय… हाय लुगाई	ameerpur	Haryanvi Folk	Haryanvi	Haryanvi Folk	true	61
stations	ameerpur	Ameerpur	65fd8ecc-a24d-4af1-a21d-db7e5e5107e6	(untitled)	ameerpur	Haryanvi Folk	Haryanvi	Style: Haryanvi Folk Ragni, Jogi Spiritual Anthem, Human Voice Driven, Minimal F	true	100
stations	ameerpur	Ameerpur	513a10d6-1b4e-43a3-b1ef-a1c0427e3b78	हाय हाय हाय… हाय लुगाई	ameerpur	Haryanvi Folk	Haryanvi	Haryanvi Folk	true	100
stations	ameerpur	Ameerpur	4dd54537-f0dc-4226-b83f-32edeb629a35	(untitled)	ameerpur	Haryanvi Folk	Haryanvi	Style: Haryanvi Folk Ragni, Jogi Spiritual Anthem, Human Voice Driven, Minimal F	true	87
stations	ameerpur	Ameerpur	ea666c4c-b61d-46ea-a289-627704a7f204	हाय हाय हाय… हाय लुगाई	ameerpur	Haryanvi Folk	Haryanvi	Haryanvi Folk	true	87
stations	ameerpur	Ameerpur	e8c8a60e-4a6e-4924-b306-aeb182829a8b	हाय हाय हाय ... हाय लुगाई	ameerpur	Haryanvi Folk	Haryanvi	Haryanvi Folk	true	67
stations	ameerpur	Ameerpur	0021a7c0-89d9-4d5e-8967-d9c1095a9f77	सजन मेरा धोखेबाज़ है।	ameerpur	Haryanvi Folk	Haryanvi	Haryanvi Folk	true	64
stations	ameerpur	Ameerpur	aefdf09c-1e5d-4549-b489-188a4f354615	नागिन है	ameerpur	Haryanvi Folk	Haryanvi	Haryanvi Folk	true	23
stations	ameerpur	Ameerpur	1c396b4f-4f16-4262-9ffb-5f866d7b4ff1	सजन मेरा धोखेबाज़ है	ameerpur	Desh / Patriotic	Hindi	Desh / Patriotic	true	56
stations	ameerpur	Ameerpur	cbd88d04-4767-4c26-8d29-ba96e43adce7	नागिन है	ameerpur	Haryanvi Folk	Haryanvi	Haryanvi Folk	true	22
stations	ameerpur	Ameerpur	4bd5f9be-6507-4e41-bad2-b3345f66e6cc	नागिन है	ameerpur	Haryanvi Folk	Haryanvi	Haryanvi Folk	true	41
stations	ameerpur	Ameerpur	f3c0d550-9297-4842-ba8b-b4a6118a71a6	नागिन है	ameerpur	Haryanvi Folk	Haryanvi	Haryanvi Folk	true	41
stations	ameerpur	Ameerpur	b9a9901e-2fa1-4550-aa1d-a1bb4dc7db40	अद्वैत पिता	ameerpur	Haryanvi Folk	Haryanvi	Haryanvi Folk	true	19
stations	ameerpur	Ameerpur	f08167a7-810e-47ac-928d-b72cd95f99f9	Naaraayana Uunh	ameerpur	Haryanvi Folk	Haryanvi	Desi haryanvi SuperFun superstar nagin।। 1000 snake charmers.. 1000 pungi.. 1 so	true	41
stations	ameerpur	Ameerpur	d94d112f-aa24-4a8e-9f37-be6d81219f5e	Naaraayana Uunh	ameerpur	Haryanvi Folk	Haryanvi	Desi haryanvi SuperFun superstar nagin।। 1000 snake charmers.. 1000 pungi.. 1 so	true	41
stations	ameerpur	Ameerpur	1392cfca-0b75-4795-bdb5-b82e430c9f7b	(untitled)	ameerpur	Love & Virah	English	आत्मा जगराना जागो जागो जागो हेमंत राणा जी महाराज मेरे तुम दीक्षित प्यारे  बेटे ह	true	177
stations	ameerpur	Ameerpur	399e2400-18cc-4988-ac09-c3fbc115916f	(untitled)	ameerpur	Love & Virah	English	आत्मा जगराना जागो जागो जागो हेमंत राणा जी महाराज मेरे तुम दीक्षित प्यारे  बेटे ह	true	177
stations	ameerpur	Ameerpur	0b09e473-9d9a-48aa-bc7f-39c41ccc5b8d	मने मेरी माँ	ameerpur	Desh / Patriotic	Hindi	Desh / Patriotic	true	106
stations	ameerpur	Ameerpur	ddf4af6e-aef4-4ac2-9b4a-59cd3d896e25	(untitled)	ameerpur	Haryanvi Folk	Haryanvi	title mne meऋ भारत माँ  swatantra yantra folk ballad  genre  style haryanvi folk	true	96
stations	ameerpur	Ameerpur	c126fb19-0b0a-4e01-b48c-2bc66f1bb766	(untitled)	ameerpur	Haryanvi Folk	Haryanvi	Haryanvi Folk	false	0
stations	ameerpur	Ameerpur	0bf24918-dcf5-4396-9eff-75fff2af6946	मने मेरे देश	ameerpur	Haryanvi Folk	Haryanvi	Haryanvi Folk	true	71
stations	ameerpur	Ameerpur	74ebed02-df6f-4443-b566-63929be6a05d	मने मेरे देश ईब यूं सताना छोड़ दे	ameerpur	Desh / Patriotic	Hindi	Desh / Patriotic	true	36
stations	ameerpur	Ameerpur	afa3c84f-25e6-4dfe-88a0-9f638a8b1582	पिंकी हंस नंदिनी	ameerpur	Haryanvi Folk	Haryanvi	Haryanvi Folk	true	27
stations	ameerpur	Ameerpur	606fe1e9-61e4-4248-bd93-73fa98153abc	पिंकी हंस नंदिनी	ameerpur	Haryanvi Folk	Haryanvi	Haryanvi Folk	true	24
stations	ameerpur	Ameerpur	083ed8dc-672d-423d-bda9-9714b4ae62f4	पिंकी हंस नंदिनी	ameerpur	Haryanvi Folk	Haryanvi	Haryanvi Folk	true	24
stations	ameerpur	Ameerpur	8a5abcc5-bf22-4a21-be55-0e7dee8d4eb0	(untitled)	ameerpur	Haryanvi Folk	Haryanvi	Funky हरियाणवी folk रगनी duet  super funky	true	26
stations	ameerpur	Ameerpur	c2cfd34c-47f2-44fc-9c9d-dcb40dfd0ffc	(untitled)	ameerpur	Haryanvi Folk	Haryanvi	Funky हरियाणवी folk रगनी duet	true	26
stations	ameerpur	Ameerpur	f6b91a35-6661-45fa-af60-6af4f69f5adc	(untitled)	ameerpur	Haryanvi Folk	Haryanvi	Funky हरियाणवी folk रगनी duet	true	26
stations	ameerpur	Ameerpur	e2525d01-1af3-4f50-b3ff-5d0cc10ba18e	(untitled)	ameerpur	Haryanvi Folk	Haryanvi	create a haryanvi bollywood patriotic blockbuster song about a brave indian sold	true	32
stations	ameerpur	Ameerpur	7f7d8aa2-6b4b-4a0f-bf2e-395eb0fb9e71	जय हिन्द जय हिन्द के नारे त	ameerpur	Haryanvi Folk	Haryanvi	Haryanvi Folk	true	70
stations	ameerpur	Ameerpur	a1775f44-6629-41be-8e84-34c4d86063db	जय हिन्द – जय हिन्द के नारे त	ameerpur	Haryanvi Folk	Haryanvi	Haryanvi Folk	true	38
stations	ameerpur	Ameerpur	ed23ef25-ed22-4f98-8326-7048a173f950	जय हिन्द – जय हिन्द के नारे त	ameerpur	Desh / Patriotic	Hindi	Desh / Patriotic	true	37
stations	ameerpur	Ameerpur	7aa13792-c537-4535-878c-bd7c7925e869	र भाई र..र..र	ameerpur	Haryanvi Folk	Haryanvi	Haryanvi Folk	true	55
stations	ameerpur	Ameerpur	ec1e421e-953b-4a94-b3d8-1844bc19fcb6	बहम लुगाई का	ameerpur	Haryanvi Folk	Haryanvi	Haryanvi Folk	true	74
stations	ameerpur	Ameerpur	a98dfdd6-8325-4c7e-85d1-a763d9a47e83	(untitled)	ameerpur	Haryanvi Folk	Haryanvi	Haryanvi ragni folk song with  only मिनिमल traditional instruments. Use matka ,	true	74
stations	ameerpur	Ameerpur	1f885a53-57ed-448b-b0b6-c3c53c8504d9	यु हर हर हर हर महादेव	ameerpur	Desh / Patriotic	Hindi	Desh / Patriotic	true	54
stations	ameerpur	Ameerpur	3c45f08c-6f36-47fd-a968-8b739875b98a	दौड़ में सब जीत लिया	ameerpur	Desh / Patriotic	Hindi	Desh / Patriotic	true	38
stations	ameerpur	Ameerpur	ab8341bb-bf13-42ed-96a7-260d7b78c176	जागो रे जागो	ameerpur	Desh / Patriotic	Hindi	Desh / Patriotic	true	58
stations	ameerpur	Ameerpur	dfb1bf8b-6966-41d8-b245-3da8220288a9	जरा तुम जाग कर देखो	ameerpur	Desh / Patriotic	Hindi	Desh / Patriotic	true	32
stations	ameerpur	Ameerpur	854208c5-1a84-4ed7-b85c-5ecc3dda4952	red compare	ameerpur	Haryanvi Folk	Haryanvi	haryanvi ragni super funk	true	51
stations	ameerpur	Ameerpur	12e2bb46-4dc7-475b-8a89-61146e585918	red compare	ameerpur	Haryanvi Folk	Haryanvi	haryanvi ragni super funk	true	51
stations	ameerpur	Ameerpur	7b1e3079-09a2-4953-ba2a-ac65c94940f1	रंग लाल लाल लआगे मिठिये	ameerpur	Haryanvi Folk	Haryanvi	Haryanvi Folk	true	51
stations	ameerpur	Ameerpur	092a0654-5362-4efb-8bf3-46414fad9d47	रुद्रस्थली पुकारे	ameerpur	Love & Virah	Hindi	Love & Virah	true	68
stations	ameerpur	Ameerpur	596518d8-aaa8-4de7-b73b-3b3c96b44600	रुद्रस्थली पुकारे	ameerpur	Love & Virah	Hindi	Love & Virah	true	74
stations	ameerpur	Ameerpur	ff609686-fea5-492d-a625-50aca90796bf	पपिया	ameerpur	Love & Virah	Hindi	Indian devotional folk song, female chorus with male lead, emotional and uplifti	true	11
stations	ameerpur	Ameerpur	52c58392-c320-4d60-9797-60253639ce60	Haryana! Haryana! Scream it out loud	ameerpur	Love & Virah	English	Love & Virah	true	67
stations	ameerpur	Ameerpur	0cd6de16-1e2e-4e49-bd95-27a49a090626	पपिया	ameerpur	Love & Virah	Hindi	3 female	true	67
stations	ameerpur	Ameerpur	088c25b7-9b4d-456c-a60e-be4ae8acd986	पपिया	ameerpur	Love & Virah	Hindi	NULL	true	67
stations	ameerpur	Ameerpur	ecbd67a9-247c-4170-87eb-439355d54dc6	पपिया	ameerpur	Love & Virah	Hindi	NULL	true	67
stations	ameerpur	Ameerpur	36cc152d-9ac7-43e5-aeb4-6739c08f6a5c	जिन्दा रहव जिन्दा रहव	ameerpur	Haryanvi Folk	Haryanvi	Haryanvi Folk	true	75
stations	ameerpur	Ameerpur	3cfdad3a-c550-43eb-88d3-59f7d788eae5	bhagat ki maa	ameerpur	Haryanvi Folk	Haryanvi	Haryanvi Accent , Style: Haryanvi Ragani   Vibe: शुरू में भावुक (Emotional) और ध	true	37
stations	ameerpur	Ameerpur	d053cd05-5b69-4079-b2af-485b0e656142	तू है म्हारा सुपरमैन	ameerpur	Haryanvi Folk	Haryanvi	Haryanvi Folk	true	74
stations	ameerpur	Ameerpur	1c7fc244-297c-434e-9ae6-57a76707f38d	Nahi hai koi shikva tumse ki tumhari koi nahi kh	ameerpur	Desh / Patriotic	English	Desh / Patriotic	true	17
stations	ameerpur	Ameerpur	177adbe2-a0c9-4531-96cc-8a502ee40194	नहीं है कोई शिकवा उनसे	ameerpur	Love & Virah	Hindi	Love & Virah	true	14
stations	ameerpur	Ameerpur	930eee1f-783e-47bf-a120-b800f71460ab	ग़ज़ल	ameerpur	Love & Virah	Hindi	Love & Virah	true	17
stations	ameerpur	Ameerpur	11ca7860-3587-4ba9-ae50-0a75df533e5d	दिल ये फिर भी तुम्हें चाहता है	ameerpur	Desh / Patriotic	Hindi	Desh / Patriotic	true	65
stations	ameerpur	Ameerpur	0c99df73-cc56-439f-a358-0cdbaff0f6f3	del	ameerpur	Love & Virah	English	Bollywood Romantic Duet Emotional Ghazal Pop Soft Acoustic Love Song	true	65
stations	ameerpur	Ameerpur	ce3542f2-07bf-4e0e-94d0-849e29cc7cc7	del	ameerpur	Love & Virah	English	Bollywood Romantic Duet Emotional Ghazal Pop Soft Acoustic Love Song	true	65
stations	ameerpur	Ameerpur	1774f3f7-a1f2-4c36-b1bd-ddc4ac836ba9	तुम आ कर मेरे भीतर	ameerpur	Haryanvi Folk	Haryanvi	Haryanvi Folk	true	16
stations	ameerpur	Ameerpur	d0be1546-ee3d-4e7d-a6ed-bd8e2502a139	मां मेरी	ameerpur	Haryanvi Folk	Haryanvi	Haryanvi Folk	true	26
stations	gurukul	Gurukul	2f332d7d-3202-4e03-ac8e-c8c057223685	छट का दिन	gurukul	Other / Misc	Hindi	NULL	true	34
stations	gurukul	Gurukul	2bfbe15e-ac6a-487e-94bd-f535bdbe9f7a	हनु मूड खाने	gurukul	Other / Misc	Hindi	NULL	true	38
stations	gurukul	Gurukul	fa8592bb-2d3c-443d-aaf7-9882825a0f19	हनु की पटक	gurukul	Other / Misc	Hindi	फंक	true	38
stations	gurukul	Gurukul	01e30f52-01cf-403d-af40-041dac751bd0	स्वरभानु माँ सिखाए	gurukul	Other / Misc	Hindi	NULL	true	45
stations	gurukul	Gurukul	25e7d717-7de7-45e6-8f5e-c53ef846cac3	छत-छट ताल	gurukul	Other / Misc	Hindi	NULL	true	30
stations	gurukul	Gurukul	5873f9a6-c7cc-475b-8560-a6200c367731	हनु-मान् हनु	gurukul	Other / Misc	Hindi	[Style of Music: Global Sovereign Calibration] Hyper-dynamic K-12 educational fu	true	32
stations	gurukul	Gurukul	7333a108-d5a5-4cf4-9e36-6ce6aec10997	Chhat-Chhat Sanaatana	gurukul	Other / Misc	English	NULL	true	14
stations	gurukul	Gurukul	684a2e17-9992-459b-970a-279f3f506e59	Kash Bachpan Phir	gurukul	Other / Misc	English	Braj folk mixed with funky pop. Bollywood dance style. Fast tempo 115 BPM. Male	true	31
stations	gurukul	Gurukul	8aee516c-0320-41bb-9f30-695a8a3b34df	कागद काली कलम	gurukul	Other / Misc	Hindi	NULL	true	99
stations	gurukul	Gurukul	0d2391f0-56a0-4e55-b0a6-3054cf623259	Kaahe Kaagaz	gurukul	Other / Misc	English	NULL	true	112
stations	gurukul	Gurukul	8eb95048-e740-4624-99bf-e1c3293c9dfb	Kaahe Kaagaz	gurukul	Other / Misc	English	NULL	true	112
stations	gurukul	Gurukul	e0c8c103-aedf-4560-a5f1-875275518f0f	Kaal Likhe Kaal	gurukul	Other / Misc	English	NULL	true	112
stations	gurukul	Gurukul	da4174c6-2d45-4d98-8050-72dcb85f6fb9	ka kau ke	gurukul	Other / Misc	English	Other / Misc	true	112
stations	gurukul	Gurukul	dec1c74f-f3ae-4b2b-b293-27081aef1c5e	Kaa Rahasya	gurukul	Other / Misc	English	NULL	true	51
stations	gurukul	Gurukul	8334c7f3-00ab-48e5-8e90-fae9c7898ec4	छुक-छुक भाषा गाड़ी	gurukul	Other / Misc	Hindi	Playful energetic Indian electronic folk-pop, 112 BPM, bouncy tech-folk drums, c	true	28
stations	gurukul	Gurukul	130d4a7c-79cc-4c0e-827e-a011ef1e0689	छुक-छुक भाषा गाड़ी	gurukul	Other / Misc	Hindi	Playful energetic Indian electronic folk-pop, 112 BPM, bouncy tech-folk drums, c	true	28
stations	gurukul	Gurukul	4de46a49-de10-4bc4-8e89-bded6e92e5e8	छुक-छुक भाषा गाड़ी	gurukul	Other / Misc	Hindi	Playful energetic Indian electronic folk-pop, 112 BPM, bouncy tech-folk drums, c	true	28
stations	gurukul	Gurukul	d3047e94-747e-478b-84d0-ebcd931b6ebf	छुक-छुक कोडिंग गाड़ी	gurukul	Other / Misc	Hindi	Playful energetic Indian electronic folk-pop, 112 BPM, bouncy tech-folk drums, c	true	36
stations	gurukul	Gurukul	f9f70b24-e62f-40a2-b42f-f3a0ba272777	संप्रभुता का डंका	gurukul	Other / Misc	Hindi	Dark Aggressive Cinematic Phonk, heavy brass orchestration, ancient Indian war d	true	41
stations	gurukul	Gurukul	da33361a-8617-4815-b444-dd6d95f00bca	डिजिटल गुरुकुल	gurukul	Other / Misc	Hindi	High-energy Cyberpunk Phonk fused with Aggressive Indian Drill, crushing distort	true	51
stations	gurukul	Gurukul	05bb41b7-0a36-4c99-a245-d5d727f902c3	लिटमस परिपथ	gurukul	Other / Misc	Hindi	High-energy Cyberpunk Phonk, traditional Indian folk accents, punchy aggressive	true	21
stations	gurukul	Gurukul	ee8190df-8ed5-4fd2-b83e-f6908dad6089	तेईस दशमलव पाँच	gurukul	Other / Misc	Hindi	High-energy Cyberpunk Phonk fused with Aggressive Indian Folk, punchy industrial	true	48
stations	gurukul	Gurukul	ac3bbd7c-13ce-4c58-8852-a3ba11cf9d62	कोर लॉग्स लाइव	gurukul	Other / Misc	Hindi	neural radio program for students	true	1
stations	gurukul	Gurukul	cac083e2-5eba-42df-a500-188660293076	डिजिटल गुरुकुल मैट्रिक्स	gurukul	Other / Misc	Hindi	NULL	true	16
stations	gurukul	Gurukul	9e69f682-8e35-49be-bd83-e64b31b91832	डिजिटल गुरुकुल लॉग्स	gurukul	Other / Misc	Hindi	Style: real radio, sanaatana telecast	true	1
stations	gurukul	Gurukul	1fe24a9e-568a-49b0-ba5b-a24b30c0d106	डिजिटल गुरुकुल लॉग्स	gurukul	Other / Misc	Hindi	Style: real radio, sanaatana telecast	true	1
stations	gurukul	Gurukul	161f3183-f997-4981-afda-e28650b9f92d	डिजिटल गुरुकुल-कनेक्टर	gurukul	Other / Misc	Hindi	Style: radio sanaatana telecast	true	1
stations	gurukul	Gurukul	6657399e-3da3-424d-9965-024cc4786644	Tanpura Rainbird	gurukul	Other / Misc	English	Style: Lo-fi Hip Hop, Chillhop, Indian folk sample, 75 BPM, soft male vocals, v	true	45
stations	gurukul	Gurukul	2f7dc4d3-998d-4f4c-b011-9f88e7a482c1	Tanpura Rainbird	gurukul	Other / Misc	English	Style: Lo-fi Hip Hop, Chillhop, Indian folk sample, 75 BPM, soft male vocals, v	true	45
stations	gurukul	Gurukul	9da0a583-254e-4712-bf3d-e40b49a6856e	परदेसां कीधूप	gurukul	Other / Misc	Hindi	Style: Lo-fi Hip Hop, Chillhop, Indian folk sample, 75 BPM, soft male vocals, v	true	45
stations	gurukul	Gurukul	6058ab0b-f41c-4639-a96a-1b58b31a999d	परदेसा धड़कन	gurukul	Other / Misc	Hindi	NULL	true	58
stations	gurukul	Gurukul	8433a493-5a44-4032-8243-bc0263a6ba2f	जमा उघाड़ी	gurukul	Other / Misc	Hindi	[Style: World's saddest folk singing, extremely melancholic, cry voice, male rur	true	64
stations	gurukul	Gurukul	27601dd5-f441-413d-bb6e-6efae567a7f7	आँखें रातभर	gurukul	Other / Misc	Hindi	[Style: World's saddest folk singing, extremely melancholic, cry voice, male rur	true	29
stations	gurukul	Gurukul	7e3ed4ad-570a-4867-849a-9eae418e6564	बम भोला बम	gurukul	Other / Misc	Hindi	NULL	true	35
stations	gurukul	Gurukul	c180868a-e9f9-4af0-b85f-9e47ea6a94a0	बम भोला बम	gurukul	Other / Misc	Hindi	NULL	true	35
stations	gurukul	Gurukul	7c43c6d1-991a-46e1-b557-7e9b8528b4a3	भगवा चोला	gurukul	Other / Misc	Hindi	NULL	true	35
stations	gurukul	Gurukul	acce7b02-b36e-4aa7-8bc4-899e425e1f7f	भगवा चोला	gurukul	Other / Misc	Hindi	NULL	true	35
stations	gurukul	Gurukul	f5f173d2-b941-4beb-8383-123e56486214	सिलेंस के पार	gurukul	Other / Misc	Hindi	[Style: Nautanki-Swang-Qawwali hybrid audio drama. Single male vocalist performi	true	36
stations	gurukul	Gurukul	2b4d9843-2835-4383-b5f5-f90a9f2cde42	घुटने-छुपा एक	gurukul	Other / Misc	Hindi	[Style: Three-voice dialogue Qawwali. Characters: Raskhan (Braj, mischievous, su	true	61
stations	gurukul	Gurukul	91ec0002-3ce7-418e-a969-3c1a00f9f662	नाम अनेक एक	gurukul	Other / Misc	Hindi	[Style: Traditional Qawwali sung in Braj Bhasha dialect, Sufi devotional tone, m	true	1
stations	gurukul	Gurukul	b25c705c-37d8-4b8f-8f80-49fc861fb6a5	नाम-छुपा दाता	gurukul	Other / Misc	Hindi	[Style: Hybrid Sufi composition — alternating between solo spoken-word Nazm and	true	37
stations	gurukul	Gurukul	cb2c77c5-2aab-4459-9d5f-84c4024be973	तुझ पर ही भरोसा	gurukul	Other / Misc	Hindi	Other / Misc	true	37
stations	gurukul	Gurukul	31e87d44-ff07-4ab5-8a2d-4381d75a2b64	Tujh Par भरोसा	gurukul	Other / Misc	English	[Style: Traditional Qawwali, male lead vocal with 3-voice male chorus, harmonium	true	1
stations	gurukul	Gurukul	2aa5f8f0-1fd1-4473-9dd2-a3db61cfd0dc	तुझ पर ही भरोसा	gurukul	Other / Misc	Hindi	Other / Misc	true	12
stations	gurukul	Gurukul	12134426-c294-4dd0-9375-9f507bb1140a	इसी वाली बोटी	gurukul	Other / Misc	Hindi	Genre: Punjabi Folk Pop / Bhangra Pop / Energetic Party Song BPM: 120-130 Mood:	true	56
stations	gurukul	Gurukul	cf6d9e3e-ae51-435d-895a-c4d7f95ebf4d	मिट्टी-तालि उछाल	gurukul	Other / Misc	Hindi	1980s lo-fi field recording, live at Nidhivan temple courtyard, Raga Todi, Raw B	true	46
stations	gurukul	Gurukul	a0c2cd04-1c26-49ec-b699-610ef0a62630	बंसी की तान	gurukul	Other / Misc	Hindi	1980s lo-fi field recording, live at Nidhivan temple courtyard, Raga Todi, Raw B	true	47
stations	gurukul	Gurukul	bd82b09f-8f58-4b13-8ae8-b3c88ea71ee4	बंसी तान बिरह	gurukul	Other / Misc	Hindi	Raw street temple qawwali, Raga Todi, live at Nidhivan Vrindavan, thousands of g	true	43
stations	gurukul	Gurukul	cb3b5a5b-0158-437f-bb0f-a905d88de403	बंसी तान बिरह	gurukul	Other / Misc	Hindi	Raw street temple qawwali, Raga Todi, live at Nidhivan Vrindavan, thousands of g	true	43
stations	gurukul	Gurukul	6093fffc-e0fc-44c3-b9b9-66d4d27c8180	तोरि बंसी तान	gurukul	Other / Misc	Hindi	Raw street temple qawwali, Raga Todi, live at Nidhivan Vrindavan, thousands of g	true	65
stations	gurukul	Gurukul	bdf090e4-3d39-4d47-863b-7bd1757feb8d	बंसीधर ताज	gurukul	Other / Misc	Hindi	Cinematic qawwali, Raga Todi, thousands of gopis + Radha solo, 60-120 BPM, femal	true	43
stations	gurukul	Gurukul	52095580-5eef-4721-9a8a-1f615159529c	बंसीधर का ताज	gurukul	Other / Misc	Hindi	Raga Todi qawwali, 70 to 110 BPM, female devotional voice, bansuri, harmonium, t	false	0
stations	gurukul	Gurukul	c5f1d8b4-1e92-4d0f-9936-e632bd0922de	म्यूअर क़िला-धुआं	gurukul	Other / Misc	Hindi	Epic Bollywood patriotic ballad, heroic male vocals, orchestral with dhol and sh	true	20
stations	gurukul	Gurukul	3dfe2673-db12-496e-a169-ea75a891fef2	इस रंज-ओ-ग़म की दुनिया में मुझको यक़ीन न था	gurukul	Other / Misc	Hindi	Other / Misc	true	14
stations	gurukul	Gurukul	4cccdb69-4cb8-41f3-91bc-bac82f3583af	WhatsApp Image 2025-06-17 at 20.41.57 (Remastered)	gurukul	Other / Misc	English	A dark and atmospheric Hindi indie-folk track with a haunting, cinematic quality	true	26
stations	gurukul	Gurukul	9944d4d4-a519-4243-8abc-0eb7245f81f0	पायल बजती धुन	gurukul	Other / Misc	Hindi	NULL	true	39
stations	gurukul	Gurukul	1b8e0980-f89e-41df-9a65-5a6eb313c777	पिंकी की थाली	gurukul	Other / Misc	Hindi	[Genre: Rajasthani Folk Horror × Disco × Dark Electronic] [BPM: 128, Key: D mino	true	102
stations	gurukul	Gurukul	7e7aaecb-6ae5-41b2-86d2-c53c30b96231	गूंगों का स्टेशन	gurukul	Other / Misc	Hindi	NULL	true	74
stations	gurukul	Gurukul	226a516c-1c24-4e20-b60b-33c5d07903e0	हर ट्रैक एक दृश्य और भाव के साथ।	gurukul	Other / Misc	Hindi	Other / Misc	true	74
stations	gurukul	Gurukul	87cb98e9-3781-4876-86b0-4540f8ecf4b1	रेत पर निशाँ	gurukul	Other / Misc	Hindi	Modern Sufi Qawwali, divine male vocals, slow emotional tempo, harmonium, soft t	true	17
stations	gurukul	Gurukul	7e0d2809-671f-4a5d-ac1b-393bdf43d3fb	रेत में नमक	gurukul	Other / Misc	Hindi	धरती का नून DHARTI KA NOON — Full Adlib & Reverb Annotated Score BPM / Tempo 72	true	102
stations	gurukul	Gurukul	12168a29-23fd-464a-8f32-b552fd6e4571	Animatrix Loading	gurukul	Other / Misc	English	Cyber-Sufi Afro-Phonk, Heavy Distorted 808 Bass, Cowbell Phonk Melody, Fast Sync	true	66
stations	gurukul	Gurukul	8e51259c-2c1b-4d8c-9937-a9210c11f9e0	मेट्रो हम-डोल	gurukul	Other / Misc	Hindi	Dark Drift Phonk, Heavy Distorted 808 Bass, Cowbell Melody, Fast Afro-Phonk Perc	true	68
stations	gurukul	Gurukul	eba6ef4c-4673-47d3-a972-ec071def7fc1	मेट्रो डिब्बा मोबाइल	gurukul	Other / Misc	Hindi	Cyber-Sufi Afro-Phonk, Heavy Distorted 808 Bass, Cowbell Phonk Melody, Fast Sync	true	65
stations	gurukul	Gurukul	302d74f4-c980-41ab-9517-7315d88c6f17	Animatrix Bootloop	gurukul	Other / Misc	English	Dark Drift Phonk, Heavy Distorted 808 Bass, Cowbell Melody, Fast Afro-Phonk Perc	true	65
stations	gurukul	Gurukul	920539b8-cbfd-4c49-8404-bb0fbaa9dc11	मेरा अंतरमान डोले	gurukul	Other / Misc	Hindi	Dark Drift Phonk, Heavy Distorted 808 Bass, Cowbell Melody, Fast Afro-Phonk Perc	true	63
stations	gurukul	Gurukul	a4a5bc5a-d81d-4f39-9713-104d788188ad	आ भी जा	gurukul	Other / Misc	Hindi	Other / Misc	true	25
stations	gurukul	Gurukul	ba996ff1-61da-4e8f-8887-34fa43c9dd27	चुंग-चुंग गज़ब	gurukul	Other / Misc	Hindi	Indian Psychedelic Folk, Memphis Phonk, hypnotic Ektara loops, train rhythmic ch	true	18
stations	gurukul	Gurukul	3c427c65-53cf-4f73-8314-f7c17ce91bfd	Train Chug-Chug चमत्कार	gurukul	Other / Misc	English	Indian Psychedelic Folk, Memphis Phonk, hypnotic Ektara loops, train rhythmic ch	true	18
stations	gurukul	Gurukul	8a1552e3-f66a-47d5-9b8f-962ea1ca02d7	अधिनारा हँसी	gurukul	Other / Misc	Hindi	NULL	true	50
stations	gurukul	Gurukul	5b648092-0e75-4f22-95e2-5ee3f1cfe456	पंडित होने की कोशिश	gurukul	Other / Misc	Hindi	NULL	true	30
stations	gurukul	Gurukul	2b9f2515-2617-4f67-93ba-594138f00b7a	पहाड़ा सत्तालोलुप	gurukul	Other / Misc	Hindi	[Genre: Viral Funk, Hindi Disco, Ghetto Funk, Bollywood Bass, TikTok Dance Chall	true	37
stations	gurukul	Gurukul	2ff31d7c-3d3c-4c10-8f2d-d61355484a92	गधा पहलवान	gurukul	Other / Misc	Hindi	[Genre: Viral Funk, Hindi Dance Pop, Ghetto Funk, Bollywood Bass, TikTok Ready,	true	34
stations	gurukul	Gurukul	510031ab-3950-43ea-bcb9-b2e19ede7eb2	करुणा-शस्त्र विधान	gurukul	Other / Misc	Hindi	Zen-Drill x Afro-Phonk. 110 BPM. Soundscape: शुरुआत एक बहुत ही शांत 'Tibetan Bow	true	37
stations	gurukul	Gurukul	80022ecf-60fd-434c-9110-3782fd30a128	P.H.K.D. Shatter	gurukul	Other / Misc	English	Industrial Afro-Drill with a "Boss-Level" Cinematic Intro. 110 BPM. Vibe: Defian	true	37
stations	gurukul	Gurukul	2a18d142-6534-4a1d-a2da-00703e7e9621	अंखिया मूँद	gurukul	Other / Misc	Hindi	Style/Genre: Afro-house meets Sexy Drill meets Indian Bhajan, 110 BPM, heavy log	true	41
stations	gurukul	Gurukul	cc885ad5-533d-4658-97f5-c6ba2a9a87cc	अंखिया मूँद	gurukul	Other / Misc	Hindi	Style/Genre: Afro-house meets Sexy Drill meets Indian Bhajan, 110 BPM, heavy log	true	41
stations	gurukul	Gurukul	e1953d58-6e85-4b69-9fa0-b2a991ba6816	अंखिया मूँद	gurukul	Other / Misc	Hindi	Style/Genre: Afro-house meets Sexy Drill meets Indian Bhajan, 110 BPM, heavy log	true	41
stations	gurukul	Gurukul	e512512c-6e61-42ce-8ccc-8fd96d37f200	Sahair Real Deal	gurukul	Other / Misc	English	[style: Indian folk bhajan meets West Coast G-Funk hip-hop, slow tempo, harmoniu	true	10
stations	gurukul	Gurukul	5a96815a-5320-4ebb-83ad-5088f4d5119f	कुचली पुचली लोरी	gurukul	Other / Misc	Hindi	Lullaby, Indian Folk, Soft Female or Male Vocals, Harmonium, Gentle Tabla, Bansu	true	20
stations	gurukul	Gurukul	57e5c812-cb4c-4121-8851-0bb1adf03ea3	बंद आँखों का प्रत्यक्ष	gurukul	Other / Misc	Hindi	गीत का शीर्षक: बंद आँखों का प्रत्यक्ष [style: Indian folk, bhajan, slow-medium	true	27
stations	gurukul	Gurukul	f3e731fd-6f31-461c-a2a6-3b473777fab5	कुचली पुचली लोरी	gurukul	Other / Misc	Hindi	Lullaby, Indian Folk, Soft Female or Male Vocals, Harmonium, Gentle Tabla, Bansu	true	20
stations	gurukul	Gurukul	35f7f955-01dd-4c65-bbbd-ba0e87bf0900	कुचली पुचली सो जा	gurukul	Other / Misc	Hindi	Lullaby, Indian Folk, Soft Female or Male Vocals, Harmonium, Gentle Tabla, Bansu	true	20
stations	gurukul	Gurukul	a3921a5e-3468-4352-82c7-464bbbbdee6f	कुचली-पुचली लाला	gurukul	Other / Misc	Hindi	Sufi, Indian Folk, Acoustic Lullaby, Soft Male Vocals, Harmonium, Tabla, Sitar,	true	40
stations	gurukul	Gurukul	3118ddf7-ffd5-4762-a8c4-74a78371a3e4	कुचली पुचली लाला	gurukul	Other / Misc	Hindi	[Style: Sufi, Acoustic Lullaby, Indian Folk, Soft Male Vocals, Harmonium, Tabla,	true	37
stations	gurukul	Gurukul	7024a723-80fe-4ead-8ec4-4372a3bb4e7b	पत्थर बुत	gurukul	Other / Misc	Hindi	NULL	true	35
stations	gurukul	Gurukul	c0070cfc-f61e-4c18-9854-d401c1d1ccc9	लम्स-ए-हवा रोया	gurukul	Other / Misc	Hindi	Haunting Female Vocals, Soprano textures, Cinematic Urdu Drill, 140 BPM, Melodic	true	28
stations	gurukul	Gurukul	18f8e3e2-f827-4ebf-8bd3-61acd858385d	سर्द جھونکے سایہ	gurukul	Other / Misc	Hindi	Dark Cinematic Urdu Drill, Emotional Atmospheric Intro, 140 BPM, Heavy Sliding 8	true	28
stations	gurukul	Gurukul	1e4e9b8a-2308-4cca-aa41-81c3c0d6b743	سर्द جھونکے سایہ	gurukul	Other / Misc	Hindi	Dark Cinematic Urdu Drill, Emotional Atmospheric Intro, 140 BPM, Heavy Sliding 8	true	28
stations	gurukul	Gurukul	68117724-c78f-4788-b723-577b30f31f69	लम्स-ए-हवा साया	gurukul	Other / Misc	Hindi	Cinematic Hip-Hop, Dark Drill, 140 BPM, Deep Sub-bass, Atmospheric Wind SFX Intr	true	19
stations	gurukul	Gurukul	4b0c2c01-f4bd-4229-85d2-c39b1e719b8a	झोंका हवा	gurukul	Other / Misc	Hindi	Cinematic Hip-Hop, Dark Drill, 140 BPM, Deep Sub-bass, Atmospheric Wind SFX Intr	true	17
stations	gurukul	Gurukul	d2d8b4cd-bbfb-47c4-a65f-d009691f616a	झोंका हवा	gurukul	Other / Misc	Hindi	Cinematic Hip-Hop, Dark Drill, 140 BPM, Deep Sub-bass, Atmospheric Wind SFX Intr	true	17
stations	gurukul	Gurukul	55c3b42c-b321-4d8e-982f-b33f33fd17a4	झोंका सच	gurukul	Other / Misc	Hindi	Cinematic Hip-Hop, Dark Drill, 140 BPM, Deep Sub-bass, Atmospheric Wind SFX Intr	true	17
stations	gurukul	Gurukul	4d6f705f-a026-4060-a32f-77594f87a633	Log Kahte Hain	gurukul	Other / Misc	English	Meditative Sufi Qawwali, 432Hz deep drone, Cinematic Ambient, Ethereal Armenian	true	48
stations	gurukul	Gurukul	2571d6ce-4581-46f0-979a-ad146a326d31	Chirag-Hawa Saza	gurukul	Other / Misc	English	[Style: Sufi Qawwali, Male vocal solo and ensemble, No instruments, Only human v	true	78
stations	gurukul	Gurukul	e34d5702-04b2-4e44-8ee0-ba8fa513b3f9	Khaki Naata	gurukul	Other / Misc	English	[Style: Sufi Qawwali, Male vocal solo and ensemble, No instruments, Only human v	true	78
stations	gurukul	Gurukul	eb83681b-2fdb-4f0f-b17b-e4d834c5e311	تدبیرِ خاک	gurukul	Other / Misc	Hindi	[Style: Sufi Qawwali, Male vocal solo and ensemble, No instruments, Only human v	true	79
stations	gurukul	Gurukul	6cd28c91-198a-4d8b-bad2-26ebd34288a2	Khaksar Diya	gurukul	Other / Misc	English	[Style: Sufi Qawwali, Male vocal solo and ensemble, No instruments, Only human v	true	136
stations	gurukul	Gurukul	5156c5cc-0a46-4b76-bdcd-a344c362d213	आग बराबर दोनों की पर एक बहुत शरमाए	gurukul	Other / Misc	Hindi	Other / Misc	true	38
stations	gurukul	Gurukul	d6804818-7296-4af6-8e5e-d58ed14b5587	मुंह-खून खांचा	gurukul	Other / Misc	Hindi	NULL	true	38
stations	gurukul	Gurukul	7fb4da9f-98db-4b16-a0e8-40fccfa0e245	Money-Drags Us	gurukul	Other / Misc	English	Bilingual indie ballad in E minor, 68 BPM. 432 Hz tanpura drone throughout (121.	true	46
stations	gurukul	Gurukul	27c452cf-2f79-4805-9f19-a6ba4be5ef89	“सैलाब हार्मोन्स”	gurukul	Other / Misc	Hindi	Bilingual indie ballad in E minor, 68 BPM. Intimate, healing, unresolved. Intro:	true	6
stations	gurukul	Gurukul	60d9371d-c871-4f23-952d-2248fc838d54	हर बार की कहानी	gurukul	Other / Misc	Hindi	FULL PROMPT – DO NOT EDIT  Title: Same Story / हर बार की कहानी  Genre: Bilingual	true	42
stations	gurukul	Gurukul	c8df8309-2e96-4199-ad2e-32c87be3002e	“सैलाब हार्मोन्स”	gurukul	Other / Misc	Hindi	Bilingual indie ballad in E minor, 68 BPM. Intimate, healing, unresolved. Intro:	true	6
stations	gurukul	Gurukul	6891158c-b10e-4ec4-9cb0-454f0c1bd1f6	सैलाब हार्मोन्स	gurukul	Other / Misc	Hindi	Bilingual indie ballad in E minor, 68 BPM. Intimate, healing, unresolved. Intro:	true	6
stations	gurukul	Gurukul	a4bf888b-805c-406a-bdc5-cdf12d97c225	परमाणु रद्दी	gurukul	Other / Misc	Hindi	NULL	true	24
stations	gurukul	Gurukul	f6c100fa-e5b7-4b9a-97b5-4ce34def6953	शून्य की डोरी अदालत	gurukul	Other / Misc	Hindi	NULL	true	24
stations	gurukul	Gurukul	ff2b259f-36d3-441b-ad10-8e1669c878d3	काला कोट	gurukul	Other / Misc	Hindi	NULL	true	90
stations	gurukul	Gurukul	aabfe9a1-a902-4348-9d22-19d7aa99fda5	दो घड़े टूटा	gurukul	Other / Misc	Hindi	Sufi Qawwali, Nirguni Bhajan, Raga Todi, Harmonium, Tabla Keherva, Male Passiona	true	34
stations	gurukul	Gurukul	bdf3c9a0-9989-4f8e-bca8-bb66f06bc9d7	Ek Ghade	gurukul	Other / Misc	English	Qawwali, traditional Pakistani/Indian Sufi devotional music, slow to fast build	true	41
stations	gurukul	Gurukul	1d7debbc-1158-44de-a83a-eb493f33f9e5	Baabaa bole – mat ro re deewaane	gurukul	Other / Misc	English	Other / Misc	true	16
stations	gurukul	Gurukul	dae97a92-4622-481b-aa4f-6ba251fa0cfe	गुफा-ढोल धड़कन	gurukul	Other / Misc	Hindi	NULL	true	44
stations	gurukul	Gurukul	827207b7-54fc-42ba-925e-43760527026f	शक्ति जाग री	gurukul	Other / Misc	Hindi	Other / Misc	true	44
stations	gurukul	Gurukul	515aac2c-c52d-4c0d-baa0-080f2902d9d3	main daudta raha	gurukul	Other / Misc	English	Other / Misc	true	24
stations	gurukul	Gurukul	8c4f4c73-6541-40f0-bead-2812bbb715e4	Dada Tak	gurukul	Other / Misc	English	NULL	true	24
stations	gurukul	Gurukul	3b0a1cea-2d31-4c18-97af-6bf498f3ca3c	Om Shanti Digita	gurukul	Other / Misc	English	NULL	true	5
stations	gurukul	Gurukul	80646dc1-cf8b-4341-9f99-2944928e2ac5	Future-Past Clearance	gurukul	Other / Misc	English	NULL	true	4
stations	gurukul	Gurukul	2237b80c-30f9-4391-aa68-2921ab6116ab	Frequency of Future-Past	gurukul	Other / Misc	English	NULL	true	4
stations	gurukul	Gurukul	f5b153c7-06ea-4ec2-9553-41c64e7105b4	Raga Yaman	gurukul	Other / Misc	English	warm analog saturation, plate reverb on vocals, close-mic vocal position, tabla	true	53
stations	gurukul	Gurukul	834f3ae2-e513-4ffc-8431-1d842ab13e3e	(untitled)	gurukul	Other / Misc	English	NULL	true	57
stations	gurukul	Gurukul	d9c620a9-bac1-48e7-ab58-17bf6968d47a	(untitled)	gurukul	Other / Misc	English	गीत का शीर्षक: धूमिल अक्स शैली: कॉन्शियस हिप-हॉप (Conscious Hip-Hop) बीट: भारी 8	true	25
stations	gurukul	Gurukul	028206e0-2473-4078-8ef9-eb731d376d7e	(untitled)	gurukul	Other / Misc	English	soul devotional with live folk	true	40
stations	gurukul	Gurukul	bec3e96c-fe0e-4577-a229-e39d1d8af390	(untitled)	gurukul	Other / Misc	English	NULL	true	55
stations	gurukul	Gurukul	400320f5-5add-4c1b-ab1d-a32f4e351b71	(untitled)	gurukul	Other / Misc	English	॥ लोक-संगीत का 'बंडल' विश्लेषण ॥शैली (Folk Style)मुख्य तत्व (Element)प्रभाव (Eff	true	26
stations	gurukul	Gurukul	b1dc4291-5dbc-4d58-8b74-4b5021142672	(untitled)	gurukul	Other / Misc	English	॥ लोक-संगीत का 'बंडल' विश्लेषण ॥शैली (Folk Style)मुख्य तत्व (Element)प्रभाव (Eff	true	26
stations	gurukul	Gurukul	0cf02bcf-c380-42a6-baba-564f159d1717	(untitled)	gurukul	Other / Misc	English	॥ स्वर्भानु: AI म्यूजिक प्रोम्प्ट्स (The Coding Guide) ॥ १. महा-एन्थम प्रोम्प्ट	true	43
stations	gurukul	Gurukul	dac78322-f9d7-4d52-a059-a227443c746c	(untitled)	gurukul	Other / Misc	English	स्थायी (Chorus): "शक्ति जाग री" — यह चेतना के सामूहिक उत्थान का आह्वान है।  लय (	true	43
stations	gurukul	Gurukul	41cbd44d-470c-442b-9747-3da9f5052256	(untitled)	gurukul	Other / Misc	English	स्थायी (Chorus): "शक्ति जाग री" — यह चेतना के सामूहिक उत्थान का आह्वान है।  लय (	true	43
stations	gurukul	Gurukul	982a1594-b969-4c2d-9966-d617a47e4e2d	(untitled)	gurukul	Other / Misc	English	[Title: Shakti Jaag Ri – Manushya Chetna Jagriti]  [Style: Indian devotional, Ve	true	31
stations	gurukul	Gurukul	6ae75b0d-c1cc-4641-b483-6b48a9747ac1	(untitled)	gurukul	Other / Misc	English	[Title: Shakti Jaag Ri – Manushya Chetna Jagriti]  [Style: Indian devotional, Ve	true	31
stations	gurukul	Gurukul	c9e3d20d-1c8f-4301-8f48-b90bcad4dbbf	(untitled)	gurukul	Other / Misc	English	"solo phakkad and whistle only no equipments"	true	39
stations	gurukul	Gurukul	52951995-1c96-40b6-ab48-93b43e9bd488	(untitled)	gurukul	Other / Misc	English	"solo phakkad and whistle only no equipments"	true	39
stations	gurukul	Gurukul	4c9c262d-a876-4406-8e42-79d64f585366	WhatsApp Image 2025-06-17 at 20.41.57	gurukul	Other / Misc	English	A dark and atmospheric Hindi indie-folk track with a haunting, cinematic quality	true	26
stations	gurukul	Gurukul	37323280-425b-4fde-b2c9-385619da2dce	(untitled)	gurukul	Other / Misc	English	NULL	true	55
stations	gurukul	Gurukul	631a4c65-636f-4b24-aeea-1d3c99c8f664	(untitled)	gurukul	Other / Misc	English	NULL	true	55
stations	gurukul	Gurukul	d040faac-7e44-42a5-b776-ba7a276966fc	(untitled)	gurukul	Other / Misc	English	NULL	true	11
stations	gurukul	Gurukul	31752ecb-d9f6-4d7f-8582-96ad901c2bff	(untitled)	gurukul	Other / Misc	English	"A haunting and minimalist 'Phakkad' soundscape. The core rhythm is a deep, reso	true	22
stations	gurukul	Gurukul	42c55ab5-6656-4c72-bcae-0560c1afdacf	(untitled)	gurukul	Other / Misc	English	"Grand Republic Day Brass Band, Heavy Snare Drum Rolls, Triumphant Trumpets, Orc	true	24
stations	gurukul	Gurukul	ef8c9b76-6af4-46b3-9c34-f9f7408dba40	(untitled)	gurukul	Other / Misc	English	dada potaa poti  gang fun.. use kids voices of various ages.. cute catchy..	true	53
stations	gurukul	Gurukul	c01a92ed-1135-4bc5-b9f6-7ec8eaeef43c	(untitled)	gurukul	Other / Misc	English	🎬 🎭 FULL STAGE SETUP (LIVE PERFORMANCE) 🌌 Stage Zones Left (🔥 DWAIT ZONE): Orang	true	168
stations	gurukul	Gurukul	2705713e-7211-41ce-8805-62d72c7038f2	(untitled)	gurukul	Other / Misc	English	🎤 QUANTUM ANTHEM (HUMAN SOUND VERSION)	true	130
stations	gurukul	Gurukul	71c2f8e7-6626-4dc8-b873-971485c0725f	(untitled)	gurukul	Other / Misc	English	🎤 QUANTUM ANTHEM (HUMAN SOUND VERSION) (90 BPM | Body Percussion + Breath + Voic	true	88
stations	gurukul	Gurukul	d6015bf7-056c-43bb-b3a7-c42012ac30b6	(untitled)	gurukul	Other / Misc	English	Binaural cinematic spoken word, dual voices (female energetic left, male calm ri	true	60
stations	gurukul	Gurukul	9b85885b-774d-4b2d-babf-e39fea6294e0	🎤 “वक़्त के घोड़े” — जागरण काव्य	gurukul	Other / Misc	Hindi	Other / Misc	true	43
stations	gurukul	Gurukul	1802409c-450b-4fa0-82bb-9ae1c98c6f58	(untitled)	gurukul	Other / Misc	English	NULL	true	43
stations	gurukul	Gurukul	31a89117-5333-4f09-96f9-da776986d02d	(untitled)	gurukul	Other / Misc	English	NULL	true	36
stations	gurukul	Gurukul	92c993d5-8cd1-48c2-a8fb-5c04053f9dcd	O.I.riginal.nteligence	gurukul	Other / Misc	English	[Add metallic bell sounds rhythmic] Use strong percussion (dhol + war drums) Fem	true	65
stations	gurukul	Gurukul	b7260b36-705a-493e-ab43-4cf6d9ba9bb9	O.I.riginal.nteligence	gurukul	Other / Misc	English	NULL	true	47
stations	gurukul	Gurukul	877a4cae-7aaa-4d7a-b037-021fcc544fb5	O.I.riginal.nteligence	gurukul	Other / Misc	English	NULL	true	92
stations	gurukul	Gurukul	9b907c3a-8874-4c5a-93bb-ba08f8477cdc	neural jogi	gurukul	Other / Misc	English	maataa gangaur aashirwaad	true	100
stations	gurukul	Gurukul	cf3dbe9b-e2f2-4b21-bd5b-4332afa2a38e	neural jogi	gurukul	Other / Misc	English	ancient instruments.. folk raw celebrations.. ancient sounds of joy	true	48
stations	gurukul	Gurukul	95afba01-5a36-42ca-8dcc-2506b2523fe4	neural jogi	gurukul	Other / Misc	English	[Style: Rajasthani Folk, Mand, Village Women Chorus, Festive, Simple]  [Tempo: 9	true	22
stations	gurukul	Gurukul	9d65a1fd-2546-4c3c-817e-49c52a5ebb0b	neural jogi	gurukul	Other / Misc	English	[Style: Rajasthani Folk, Mand, Village Women Chorus, Festive, Simple]  [Tempo: 9	true	21
stations	gurukul	Gurukul	7789d061-f161-4e4d-ad2d-4bf0d70bd861	neural jogi	gurukul	Other / Misc	English	[Style: Indian Folk + Rajasthani Mand + Tribal + Ambient + Devotional + Cinemati	true	30
stations	gurukul	Gurukul	68b7f05f-0d8c-4740-b17b-f2e679aacd98	neural jogi	gurukul	Other / Misc	English	[Style: Indian Folk + Rajasthani Mand + Tribal + Ambient + Devotional + Cinemati	true	18
stations	gurukul	Gurukul	056a8cec-f924-4fbe-be2e-5a026a8477a1	(untitled)	gurukul	Other / Misc	English	NULL	true	70
stations	gurukul	Gurukul	2ca29e2e-9207-45f0-9d88-9c0793d7393b	(untitled)	gurukul	Other / Misc	English	NULL	true	66
stations	gurukul	Gurukul	83d40aab-8c12-48c7-8a5f-316e377ae254	ल्या.. दे	gurukul	Other / Misc	Hindi	Other / Misc	true	66
stations	gurukul	Gurukul	f3a9813d-753a-4dc8-80c0-1761b6138f1b	(untitled)	gurukul	Other / Misc	English	folk dravidian authenticity	true	27
stations	gurukul	Gurukul	e4415236-01a9-49bb-a68a-359e7f67f091	(untitled)	gurukul	Other / Misc	English	NULL	true	38
stations	gurukul	Gurukul	7895a9b2-a1dc-4fee-8ac4-44a096b2c6a8	(untitled)	gurukul	Other / Misc	English	NULL	true	38
stations	gurukul	Gurukul	1712384b-9b51-4094-b444-b464a3aa0e27	(untitled)	gurukul	Other / Misc	English	NULL	true	40
stations	gurukul	Gurukul	527b35cd-7313-4af7-82d2-007ce8ac75a1	हे माँ शैलपुत्री	gurukul	Other / Misc	Hindi	Other / Misc	true	40
stations	gurukul	Gurukul	51869413-dafe-45f6-b76f-583c3b8e1991	(untitled)	gurukul	Other / Misc	English	NULL	true	79
stations	gurukul	Gurukul	64a8bb69-c68d-48dc-88bf-9bcf53a35229	हाय हाय हाय… हाय लुगाई	gurukul	Other / Misc	Hindi	Other / Misc	true	79
stations	gurukul	Gurukul	4c162f53-2f79-4fed-b3c9-93841a1755f3	(untitled)	gurukul	Other / Misc	English	NULL	true	223
stations	gurukul	Gurukul	15044912-afce-435c-a55e-9158b065f46a	(untitled)	gurukul	Other / Misc	English	NULL	true	224
stations	gurukul	Gurukul	830aef5d-267b-442b-800e-9335aa9c8cd4	Naaraayana Uunh	gurukul	Other / Misc	English	Hip।hop superstar nagin।। 1000 snake charmers.. 1000 pungi.. 1 soulfull pungi br	true	41
stations	gurukul	Gurukul	011fd342-d778-41bf-9986-f10d95e00637	Naaraayana Uunh	gurukul	Other / Misc	English	Hip।hop superstar nagin।। 1000 snake charmers.. 1000 pungi.. 1 soulfull pungi br	true	41
stations	gurukul	Gurukul	103c9db6-e1ee-45f8-815d-0a7612a6ea10	Naaraayana Uunh	gurukul	Other / Misc	English	NULL	true	43
stations	gurukul	Gurukul	ee9c206f-9027-4024-8cfb-42506142c9a2	(untitled)	gurukul	Other / Misc	English	rajisthaani group of snake charmers with been controlling karna pishaachini. neu	true	40
stations	gurukul	Gurukul	d42a34a6-86f1-42c4-8ee3-d94d850cc73b	Naaraayana Uunh	gurukul	Other / Misc	English	सुपर फंकी फुल नौटंकी	true	9
stations	gurukul	Gurukul	e39d4168-ab51-4b9d-a5c3-abccf188281c	Naaraayana Uunh	gurukul	Other / Misc	English	सुपर फंकी	true	9
stations	gurukul	Gurukul	5e5689c5-b3b9-48fb-ac29-11a1a7304d5d	Naaraayana Uunh	gurukul	Other / Misc	English	सुपर फंकी	true	9
stations	gurukul	Gurukul	e7732295-f853-4506-ac1f-9ba75d645982	(untitled)	gurukul	Other / Misc	English	NULL	true	13
stations	gurukul	Gurukul	2ae593af-d471-49fe-802c-a910664b5b29	दृश्य: महामात्य का 'विराट' क्रोध	gurukul	Other / Misc	Hindi	Other / Misc	true	13
stations	gurukul	Gurukul	4012494c-6d32-4fac-8a87-2e82ebfe57d0	दृश्य: महामात्य का 'विराट' क्रोध	gurukul	Other / Misc	Hindi	Other / Misc	true	13
stations	gurukul	Gurukul	1b94e28b-5e0d-4d10-9519-57a4a340dea5	(untitled)	gurukul	Other / Misc	English	NULL	true	13
stations	gurukul	Gurukul	519cfa96-09e0-43be-b008-6631b9302357	Naaraayana Uunh	gurukul	Other / Misc	English	NULL	true	38
stations	gurukul	Gurukul	b394760e-a22a-4ddf-ae84-669d76820b25	Naaraayana Uunh	gurukul	Other / Misc	English	NULL	true	38
stations	gurukul	Gurukul	9b025b3c-78a3-487c-8d1f-7af1bb72fa2b	(untitled)	gurukul	Other / Misc	English	a war cry of a child to bhaarat maa tera Pop, Indie Pop men tera naketa shaitaan	true	106
stations	gurukul	Gurukul	1300d386-6424-4a89-b7ca-77780a29db42	(untitled)	gurukul	Other / Misc	English	neural	true	96
stations	gurukul	Gurukul	4c78ef45-06b9-4c43-a575-3ffb6e0fa7b7	(untitled)	gurukul	Other / Misc	English	neural	true	96
stations	gurukul	Gurukul	7cd38250-4106-4fb8-8a4f-bbc7df32238e	(untitled)	gurukul	Other / Misc	English	start with hyperfun funk hiphop adwait and bhairav on bike maya and Pop, Latin P	true	76
stations	gurukul	Gurukul	f850c20c-670d-4871-bd1a-6f0652c7700a	(untitled)	gurukul	Other / Misc	English	start with hyperfun funk hiphop adwait and bhairav on bike maya and Pop, Latin P	true	34
stations	gurukul	Gurukul	347d4a25-0d54-445c-982e-c1c6c1c7e091	(untitled)	gurukul	Other / Misc	English	start with hyperfun funk hiphop adwait and bhairav on bike maya and Pop, Latin P	true	37
stations	gurukul	Gurukul	143f3ee1-541a-4c92-8ae8-84b53e7b66d9	(untitled)	gurukul	Other / Misc	English	सुरीले भैरव कुकुर्  के रूप में लाली कुतिया रूप में सुपर फंकी। Neuro-Tantra Folk	true	35
stations	gurukul	Gurukul	d1df8eeb-036c-4d6b-b998-dc9ebc94f23e	(untitled)	gurukul	Other / Misc	English	सुरीले भैरव कुकुर्  के रूप में लाली कुतिया रूप में सुपर फंकी। Neuro-Tantra Folk	true	35
stations	gurukul	Gurukul	558e63bc-7079-4a66-ac9e-a5dd188afd14	(untitled)	gurukul	Other / Misc	English	aghories sitting with german sages... adwait sitting sings his heart out in ange	true	45
stations	gurukul	Gurukul	b2771eb5-3689-4318-82e1-aebe591bb103	(untitled)	gurukul	Other / Misc	English	aghories sitting with german sages... adwait sitting sings his heart out in ange	true	45
stations	gurukul	Gurukul	edddf045-01a6-446c-bff3-49e2fc953d69	(untitled)	gurukul	Other / Misc	English	aghories sitting with german sages... adwait sitting sings his heart out in ange	true	45
stations	gurukul	Gurukul	a9945093-a511-431f-a149-6978e172135c	(untitled)	gurukul	Other / Misc	English	अद्वैत अद्वैत द्वैत द वैत त   द्वैतत तत तत तत तट  त्री कट ट्री कट कट  त्रिकट रिक	true	41
stations	gurukul	Gurukul	6afe4ba5-a95a-437f-8ba4-09ea1e0d7589	(untitled)	gurukul	Other / Misc	English	aghories sitting with german sages... adwait sitting sings his heart out in ange	true	41
stations	gurukul	Gurukul	16e6f905-49c1-42d2-ad44-46130e1b7dda	(untitled)	gurukul	Other / Misc	English	अद्वैत अद्वैत द्वैत द वैत त   द्वैतत तत तत तत तट  त्री कट ट्री कट कट  त्रिकट रिक	true	41
stations	gurukul	Gurukul	8296abb7-b694-4517-b505-74a1482acc86	(untitled)	gurukul	Other / Misc	English	अद्वैत अद्वैत द्वैत द वैत त  द्वैतत तत तत तत तट त्री कट ट्री कट कट त्रिकट रिकट र	true	36
stations	gurukul	Gurukul	9a3c2b4d-d452-4c45-80d4-2d277e37d1eb	(untitled)	gurukul	Other / Misc	English	डीजे सुपर फंकी. fun   ,,,	true	27
stations	gurukul	Gurukul	370a4d03-deca-434e-9414-305c4a1a849f	(untitled)	gurukul	Other / Misc	English	NULL	true	24
stations	gurukul	Gurukul	da8bd16a-76ab-4e2f-a35e-fb138515ce39	(untitled)	gurukul	Other / Misc	English	Experimental Avant-Garde Soundscape meets Indian Nautanki Street Theater. NO MUS	true	31
stations	gurukul	Gurukul	043fd8db-51e3-4bcf-a025-7c0e9e70d65e	(untitled)	gurukul	Other / Misc	English	NULL	true	24
stations	gurukul	Gurukul	e5a682c7-62e9-401e-94ce-af4dff412f71	(untitled)	gurukul	Other / Misc	English	Funky folk duet with earthy groove and sensual playful chemistry between lovers	true	26
stations	gurukul	Gurukul	eec95412-60c5-41d3-b2f8-59313a044060	(untitled)	gurukul	Other / Misc	English	Funky folk duet with earthy groove and sensual playful chemistry between lovers	true	26
stations	gurukul	Gurukul	eb079cd7-e435-40eb-bee2-b82846008f09	(untitled)	gurukul	Other / Misc	English	Funky folk duet with earthy groove and sensual playful chemistry between lovers	true	26
stations	gurukul	Gurukul	cf734c04-3a7d-47f5-8575-3545ca0152db	(untitled)	gurukul	Other / Misc	English	Funky folk duet with earthy groove and sensual playful chemistry between lovers	true	26
stations	gurukul	Gurukul	c0ed3b71-8057-44e9-bbc9-7edbeb1cb247	(untitled)	gurukul	Other / Misc	English	Funky folk duet with earthy groove and sensual playful chemistry between lovers	true	26
stations	gurukul	Gurukul	ee903ee8-bc90-4636-b704-94eaad28c4e6	(untitled)	gurukul	Other / Misc	English	Funky folk duet with earthy groove and sensual playful chemistry between lovers	true	26
stations	gurukul	Gurukul	2f1b59d6-e3e2-4a2e-b7da-8ef193729bb8	काम की कामना पुण्य	gurukul	Other / Misc	Hindi	Other / Misc	true	26
stations	gurukul	Gurukul	a55e5fb9-1715-4647-ba0a-9cc10d0cdead	(untitled)	gurukul	Other / Misc	English	lets create environment as a village where a husband is singing to his wife. hip	true	27
stations	gurukul	Gurukul	709d0eb7-9410-4ef3-ab3f-b36462a15a6c	(untitled)	gurukul	Other / Misc	English	lets create environment as a village where a husband is singing to his wife. hip	true	27
stations	gurukul	Gurukul	73522d09-58c9-4824-b255-989b4bafebf0	(untitled)	gurukul	Other / Misc	English	गाँव की सुपर मस्ती	true	28
stations	gurukul	Gurukul	c5e03997-b771-4c5b-97fc-4f4a0f24b5de	ये काम बड़े ही काम का है	gurukul	Other / Misc	Hindi	Other / Misc	true	28
stations	gurukul	Gurukul	271aa98c-9ee3-4765-a2f6-cffd21ec6eb5	(untitled)	gurukul	Other / Misc	English	NULL	true	28
stations	gurukul	Gurukul	3266e243-6415-49ae-bae9-55af0a248874	(untitled)	gurukul	Other / Misc	English	गाँव की सुपर मस्ती	true	28
stations	gurukul	Gurukul	7e5a3f73-64be-400c-bb83-e8e555d1f02c	(untitled)	gurukul	Other / Misc	English	create a cinematic bollywoodstyle patriotic anthem sung from the perspective of	true	62
stations	gurukul	Gurukul	46605d07-d37f-48d9-bd6d-18f37e1a89ec	(untitled)	gurukul	Other / Misc	English	create a cinematic bollywoodstyle patriotic song from the perspective of a proud	true	62
stations	gurukul	Gurukul	81dde6a6-2dbd-41a8-b10a-bac06e8fad06	(untitled)	gurukul	Other / Misc	English	create a bollywood patriotic blockbuster song about a brave indian soldier and a	true	46
stations	gurukul	Gurukul	8ea9fe01-f585-4b67-a33d-2d2079ccada8	(untitled)	gurukul	Other / Misc	English	create a cinematic bollywoodstyle patriotic song from the perspective of a proud	true	62
stations	gurukul	Gurukul	96bb25a9-9e39-4fe7-bff4-b8f18787b31e	(untitled)	gurukul	Other / Misc	English	create a bollywood patriotic blockbuster song about a brave indian soldier and a	true	70
stations	gurukul	Gurukul	5c4baafd-66b3-4cf6-9215-1f0f94ab8a58	(untitled)	gurukul	Other / Misc	English	Epic Indian patriotic cinematic war anthem about a brave soldier and a mother’s	true	48
stations	gurukul	Gurukul	73bf25b9-85ef-4617-b2e5-a0e356092784	(untitled)	gurukul	Other / Misc	English	Epic Indian patriotic cinematic war anthem about a brave soldier and a mother’s	true	37
stations	gurukul	Gurukul	e3fd30cb-9358-4914-9195-11c40c5b76b7	(untitled)	gurukul	Other / Misc	English	Epic Indian patriotic cinematic war anthem about a brave soldier and a mother’s	true	37
stations	gurukul	Gurukul	547974ac-4935-4d3a-bec3-2e19bd96ed49	(untitled)	gurukul	Other / Misc	English	"A cinematic, emotional scene in a rustic Indian village. A brave mother with a	true	38
stations	gurukul	Gurukul	1a7174d9-5a96-48f4-8450-a514eb467683	(untitled)	gurukul	Other / Misc	English	ye ek maa ke shbd hai bhai shab apne bete ke liye jiska beta balidan hua hai des	true	37
stations	gurukul	Gurukul	d179411b-b485-440d-ac8b-79a778b6b189	(untitled)	gurukul	Other / Misc	English	Epic Earth Mother Anthem.  Style: Indian folk + cinematic orchestral + stadium c	true	41
stations	gurukul	Gurukul	5202d72f-acdb-4e56-81e2-0cc1456d59d7	लौट के आ रे श्याम सलोना	gurukul	Other / Misc	Hindi	Other / Misc	true	41
stations	gurukul	Gurukul	8782ebf1-5a4b-45ff-9243-bef558d424fc	(untitled)	gurukul	Other / Misc	English	Indian spiritual hip hop anthem, boom bap drums with dhol and khartal, sitar mel	true	84
stations	gurukul	Gurukul	08672d19-c215-4ff6-ac7c-8273ca45eab0	(untitled)	gurukul	Other / Misc	English	मुखड़ा हर अंतरे के बाद दोहराओ  भीड़ से बुलवाओ: “दुनिया में ते खो देगा तन्ने…”  न	true	55
stations	gurukul	Gurukul	94daf0e0-f8b0-4025-b269-39a4f5b63bdc	(untitled)	gurukul	Other / Misc	English	वाद्य:  ढोलक – मुख्य ताल  नगाड़ा – मुखड़े पर जोर  सारंगी – भावपूर्ण हिस्से  बीन	true	83
stations	gurukul	Gurukul	afb6c7b0-fbfc-4889-9c1c-361c8bba3ed4	(untitled)	gurukul	Other / Misc	English	हैवी base male। १ मिनट	true	7
stations	gurukul	Gurukul	348fc72d-5a8b-4126-9498-c2f6cafc4a0e	॥ हेमंत अंतर्मन संवाद: आधिकारिक टीज़र स्क्रिप्ट	gurukul	Other / Misc	Hindi	Other / Misc	true	7
stations	gurukul	Gurukul	22166f36-f1c8-4ca9-9452-f76ee29ff8c9	(untitled)	gurukul	Other / Misc	English	voice  ओवर	true	7
stations	gurukul	Gurukul	92631fc4-6b9e-4dd2-9cd4-83870b8d3d71	(untitled)	gurukul	Other / Misc	English	NULL	true	7
stations	gurukul	Gurukul	e2588540-4aee-4cff-a2d9-023f8e4c0e98	(untitled)	gurukul	Other / Misc	English	NULL	true	7
stations	gurukul	Gurukul	bfac316f-83ab-44b3-8c61-080c6de6c036	॥ हेमंत अंतर्मन संवाद: आधिकारिक टीज़र स्क्रिप्ट	gurukul	Other / Misc	Hindi	Other / Misc	true	7
stations	gurukul	Gurukul	30bf75e7-10f6-4308-b4ee-87d52c599e1a	(untitled)	gurukul	Other / Misc	English	NULL	true	54
stations	gurukul	Gurukul	1f500bc8-f5ba-4d2c-8156-b182c9b0b46b	(untitled)	gurukul	Other / Misc	English	Style: Egyptian lullaby + cinematic awakening anthem + Sufi-orchestral folk Mood	true	98
stations	gurukul	Gurukul	7960d8d5-9742-4fb2-9329-3efae9f39d73	(untitled)	gurukul	Other / Misc	English	Style: Egyptian lullaby + cinematic awakening anthem + Sufi-orchestral folk Mood	true	92
stations	gurukul	Gurukul	92279913-e9a8-4341-a4cc-19bd11b142ec	(untitled)	gurukul	Other / Misc	English	Style: French folk + Enlightenment anthem + divine call  Instrumentation: French	true	61
stations	gurukul	Gurukul	5d4e5f42-752b-4d9c-b766-2969cd7ad903	(untitled)	gurukul	Other / Misc	English	Style: French folk + Enlightenment anthem + divine call  Instrumentation: French	true	66
stations	gurukul	Gurukul	67c23492-7a85-457e-a73a-8686f0dd0aec	(untitled)	gurukul	Other / Misc	English	छोटे rhythmic lines  बार-बार action hooks  बच्चों का choir response  clear moral	true	10
stations	gurukul	Gurukul	12c44280-e16c-405e-92e1-fb9989b71037	(untitled)	gurukul	Other / Misc	English	छोटे rhythmic lines  बार-बार action hooks  बच्चों का choir response  clear moral	true	52
stations	gurukul	Gurukul	474b5afb-1073-42d4-a1b5-16fbfdce636d	(untitled)	gurukul	Other / Misc	English	NULL	true	51
stations	gurukul	Gurukul	a25c876c-0e32-4071-a0f7-7e5cc6bfae69	muniya	gurukul	Other / Misc	English	Indian philosophical hip-hop with spiritual undertones. Deep reflective male voi	true	28
stations	gurukul	Gurukul	1a47a65a-030c-4a27-ba73-ee86926a4f85	First Comes the Word	gurukul	Other / Misc	English	NULL	true	51
stations	gurukul	Gurukul	dc93e92b-de6b-4f68-be8d-4264d2eaf273	First Comes the Word	gurukul	Other / Misc	English	NULL	true	51
stations	gurukul	Gurukul	5ad16b1e-5925-434b-a035-a9c2a7e1579b	First Comes the Word	gurukul	Other / Misc	English	NULL	true	68
stations	gurukul	Gurukul	1f40b6c8-ca9d-4b88-8840-de4658f294ac	First Comes the Word	gurukul	Other / Misc	English	NULL	true	68
stations	gurukul	Gurukul	44e6cfbe-a991-425e-9a7a-3cfdb7ebe013	First Comes the Word	gurukul	Other / Misc	English	Epic Indian cinematic anthem, Baahubali style chorus, deep war drums, powerful m	true	68
stations	gurukul	Gurukul	b13478af-dabb-41ff-be99-296ed703b6f7	First Comes the Word	gurukul	Other / Misc	English	Epic Indian cinematic anthem, Baahubali style chorus, deep war drums, powerful m	true	74
stations	gurukul	Gurukul	9f8f747d-bca4-4422-aeef-8efd76fc5e11	सन्दर्भ की परिभाषा	gurukul	Other / Misc	Hindi	NULL	true	18
stations	gurukul	Gurukul	81730957-69cc-4143-a4a1-ff4f37c7ec2b	सन्दर्भ की परिभाषा	gurukul	Other / Misc	Hindi	NULL	true	18
stations	gurukul	Gurukul	281a3e06-5f91-4e59-9fba-f520b47ff2a4	कालिख के भीतर	gurukul	Other / Misc	Hindi	impact , realization , revolt	true	40
stations	gurukul	Gurukul	8ed97e69-ba32-497e-99e6-5f5ffc1208d7	कालिख के भीतर	gurukul	Other / Misc	Hindi	impact , realization , revolt	true	40
stations	gurukul	Gurukul	b34894ee-52e3-4cd4-b4f9-5336056b318b	mahadev	gurukul	Other / Misc	English	full सुपर  funky	true	58
stations	gurukul	Gurukul	83393fa5-c5e2-48b7-a6b0-09cfa197cc04	mahadev	gurukul	Other / Misc	English	full funky	true	53
stations	gurukul	Gurukul	a19088bc-7520-4b85-95d9-1c3ea882182e	mahadev	gurukul	Other / Misc	English	इस गाने की शुरुआत शांत श्लोक से करें, फिर अचानक "महादेव तेरी सरकार" पर एक रॉक-स्	true	44
stations	gurukul	Gurukul	90a76515-aa8d-4b2a-9a7a-71e21acfebe1	sannata	gurukul	Other / Misc	English	pain hyper	true	25
stations	gurukul	Gurukul	52e21e25-80af-4053-a195-24884c96e8be	sannata	gurukul	Other / Misc	English	pain hyper	true	25
stations	gurukul	Gurukul	c95adbc4-eb40-4508-8a3f-4d9376a62d99	jaleel	gurukul	Other / Misc	English	NULL	true	14
stations	gurukul	Gurukul	dbd35f9f-c48b-4228-b9d7-f7c525bfb562	jaleel	gurukul	Other / Misc	English	NULL	true	14
stations	gurukul	Gurukul	928d9daa-71ce-4eb4-8c1e-4c6b141d61e4	jaleel	gurukul	Other / Misc	English	NULL	true	14
stations	gurukul	Gurukul	f2d23578-ceb2-4b60-9c76-13bddb621440	jaleel	gurukul	Other / Misc	English	NULL	true	17
stations	gurukul	Gurukul	a605a0c4-5252-478d-9425-b0245d9284e9	jaleel	gurukul	Other / Misc	English	NULL	true	17
stations	gurukul	Gurukul	1692dd58-42ff-46e1-886b-d4de131eb0a0	jaleel	gurukul	Other / Misc	English	NULL	true	17
stations	gurukul	Gurukul	d5005293-034b-4647-873f-85619d1208d1	del	gurukul	Other / Misc	English	Other / Misc	false	0
stations	gurukul	Gurukul	90a083bf-668c-4356-bc4d-8e8f9a4dbfc0	kewat	gurukul	Other / Misc	English	soul devotional with live folk	true	40
stations	gurukul	Gurukul	4f8cb656-ad2a-40ae-ba45-ffb7315eeb30	kewat	gurukul	Other / Misc	English	soul devotional with live folk	true	40
stations	gurukul	Gurukul	cc53857c-041f-4d0d-afae-8a762ddc7425	kewat	gurukul	Other / Misc	English	soul devotional with live folk	true	40
stations	gurukul	Gurukul	13631800-7722-4099-8cdd-7872cc3b56d6	kewat	gurukul	Other / Misc	English	soul devotional with live folk	true	40
stations	gurukul	Gurukul	3f789a12-3090-4729-8e17-03745470ffde	banjara	gurukul	Other / Misc	English	NULL	true	16
stations	gurukul	Gurukul	de7c66a0-7383-4a67-87be-742eaafdc1cb	banjara	gurukul	Other / Misc	English	NULL	true	16
stations	gurukul	Gurukul	4ae291ce-bd61-493c-9ae1-020abe22f194	banjara	gurukul	Other / Misc	English	NULL	true	16
stations	kabir-clubbing	Kabir Clubbing	86fe2a68-593c-4b20-a76a-d0f504f89943	हट हट हट होनी तू हट	kabir-clubbing	Bhakti & Katha	Hindi	Bhakti & Katha	true	34
stations	kabir-clubbing	Kabir Clubbing	974ae0bf-c90c-47bb-803a-18160360bc54	हट हट हट होनी तू हट	kabir-clubbing	Bhakti & Katha	Hindi	Bhakti & Katha	true	38
stations	kabir-clubbing	Kabir Clubbing	75291d2d-784d-46f7-8c5a-774e99eb3e3e	सिंहिका पथ दियाये केतु भागे भटका भटक	kabir-clubbing	Bhakti & Katha	Hindi	Bhakti & Katha	true	38
stations	kabir-clubbing	Kabir Clubbing	4ddbdc9c-240c-4e5d-8b50-ee61576d136e	हट हट हट होनी तू हट	kabir-clubbing	Bhakti & Katha	Hindi	Bhakti & Katha	true	45
stations	kabir-clubbing	Kabir Clubbing	a24721b3-51c9-48b8-997b-0aab5ae3f158	Vocals : "हा... हू... हौ... हन्... हनु... हनु...	kabir-clubbing	Bhakti & Katha	English	Bhakti & Katha	true	7
stations	kabir-clubbing	Kabir Clubbing	39c60af7-873d-464c-ab83-86a116aa3a19	ह्-हनु अनुमान	kabir-clubbing	Rap & Fusion	Hindi	Fast-paced hyper-articulated phonetic staccato trap-folk, 115 BPM, rapid rhythmi	true	7
stations	kabir-clubbing	Kabir Clubbing	ce81e083-36e5-4e52-9024-06159cb42409	काश वो बचपन फिर से लौट आए	kabir-clubbing	Bhakti & Katha	Hindi	Bhakti & Katha	true	31
stations	kabir-clubbing	Kabir Clubbing	6d0a9964-c0d3-45cf-925a-c9fa28f97ba3	काश वो बचपन फिर से लौट आए	kabir-clubbing	Bhakti & Katha	Hindi	Bhakti & Katha	true	23
stations	kabir-clubbing	Kabir Clubbing	b1bd425e-a117-432d-81ca-2acb4c87fa00	काश वो बचपन फिर से लौट आए	kabir-clubbing	Bhakti & Katha	Hindi	Bhakti & Katha	true	23
stations	kabir-clubbing	Kabir Clubbing	236a15f1-5e9d-4489-9d6a-28e76211f10f	काली-कलम-का	kabir-clubbing	Naagin & Mystic	Hindi	.  🎵 KA KAA RAHASYA (क का रहस्य) [मृदंगम –  – सारंगी संग ] Add sargam notation (	true	128
stations	kabir-clubbing	Kabir Clubbing	2cba3a04-39a7-4cb7-8c74-33800f3a25d7	काली कलम	kabir-clubbing	Naagin & Mystic	Hindi	.  🎵 KA KAA RAHASYA (क का रहस्य) A Narrator-Style Neural Mystical Ballad Directi	true	83
stations	kabir-clubbing	Kabir Clubbing	3c08a390-57b0-4deb-b710-ffd81cd63cec	Ka Kau Question	kabir-clubbing	Naagin & Mystic	English	🎵 Song: Ka Kaa Rahasya (The Secret of 'Ka') Style: Neural Narrative mystical bal	true	131
stations	kabir-clubbing	Kabir Clubbing	0551f9c5-85b2-43c5-a715-b29b3a10df0c	कबीर निर्गुण	kabir-clubbing	Bhakti & Katha	Hindi	Acoustic Neural Trans fused with Raw Crisp Drill Beats, emotional Sufi-Drill voc	true	41
stations	kabir-clubbing	Kabir Clubbing	77a40556-adc6-4bd2-bf2d-3bfac249ad2a	मूल्यों के प्रति ये निष्ठा अपनी	kabir-clubbing	Bhakti & Katha	Hindi	Bhakti & Katha	true	41
stations	kabir-clubbing	Kabir Clubbing	c7fabad5-bd6d-4a60-b985-ad0aae6819c3	चणक्य चांदी	kabir-clubbing	Rap & Fusion	Hindi	Aggressive Haryanvi Hyperrap fused with powerful Sufi Qawwali claps, crushing di	true	47
stations	kabir-clubbing	Kabir Clubbing	e1ec848b-c158-4366-ba75-bb0d12943801	चाणक्य सिक्का	kabir-clubbing	Rap & Fusion	Hindi	Aggressive Haryanvi Hyperrap fused with powerful Sufi Qawwali claps, high-impact	true	20
stations	kabir-clubbing	Kabir Clubbing	2b968ed3-b8ee-44e4-ad96-e3da7d583ae0	कौतूहल की दुनिया में लॉजिक अपार है	kabir-clubbing	Rap & Fusion	Hindi	Rap & Fusion	true	51
stations	kabir-clubbing	Kabir Clubbing	f31751f4-ec55-4c42-a423-07f42895a464	कौतूहल की दुनिया में लॉजिक अपार है	kabir-clubbing	Rap & Fusion	Hindi	Rap & Fusion	true	21
stations	kabir-clubbing	Kabir Clubbing	eae4f2af-ad53-414e-b47b-70dcd331427a	चांदी का सिक्का	kabir-clubbing	Rap & Fusion	Hindi	Aggressive Haryanvi Hyperrap fused with powerful Sufi Qawwali claps, high-impact	true	46
stations	kabir-clubbing	Kabir Clubbing	ccd4fdeb-6879-4797-ae1f-f37fe6330b64	पिंगल-बाइनरी ट्राम	kabir-clubbing	Bhakti & Katha	Hindi	neural radio program for students	true	38
stations	kabir-clubbing	Kabir Clubbing	1c0f3567-660d-40a2-8672-943688dd3c89	O meri bhaarat maataa	kabir-clubbing	Rap & Fusion	English	Rap & Fusion	true	52
stations	kabir-clubbing	Kabir Clubbing	d60bbdd7-852b-4638-9bfc-de2be9c9f0e9	Reversed Sitar Whisper	kabir-clubbing	Rap & Fusion	English	Style: Desi Trap, Indian Hip Hop, Dark Trap, 140 BPM, male autotuned rap, heavy	true	52
stations	kabir-clubbing	Kabir Clubbing	b1673a2d-91fa-478f-a3c3-79d253fd7444	परदेसां धड़कन	kabir-clubbing	Rap & Fusion	Hindi	[Genre: Psytrance, Funky House, Hyperpop, Indian Fusion, 145 BPM, Male Vocals, H	true	51
stations	kabir-clubbing	Kabir Clubbing	6145df1e-62b2-4fd3-a150-ebef60393608	O meri bhaarat maataa	kabir-clubbing	Rap & Fusion	English	Rap & Fusion	true	51
stations	kabir-clubbing	Kabir Clubbing	4f82c591-30f7-4369-8544-9c90f7b11d0d	रही धड़क ना सीने में।	kabir-clubbing	Rap & Fusion	Hindi	Rap & Fusion	true	48
stations	kabir-clubbing	Kabir Clubbing	60bb8f17-03b5-4159-ab31-2927d80a2629	Distorted Sarangi Wobble	kabir-clubbing	Rap & Fusion	English	[Genre: Psytrance, Funky House, Hyperpop, Indian Fusion, 145 BPM, Male Vocals, H	true	48
stations	kabir-clubbing	Kabir Clubbing	4c151ea0-4e12-4f3c-8767-e25ed0ee02cb	तेरे बिना मैंने परदेसां में	kabir-clubbing	Rap & Fusion	Hindi	Rap & Fusion	true	45
stations	kabir-clubbing	Kabir Clubbing	ee86a23e-0007-4d04-99f8-4b605086de9e	रही धड़क ना सीने में।	kabir-clubbing	Rap & Fusion	Hindi	Rap & Fusion	true	44
stations	kabir-clubbing	Kabir Clubbing	cb8ff251-d3a7-4271-a3a0-33969db28cb0	Paradesi Wobble	kabir-clubbing	Rap & Fusion	English	[Genre: Psytrance, Funky House, Hyperpop, Indian Fusion, 145 BPM, Male Vocals,	true	44
stations	kabir-clubbing	Kabir Clubbing	55b29326-16e4-4e61-84ab-ce7f6cd164df	साती माटी-चोला	kabir-clubbing	Rap & Fusion	Hindi	Style: Raga Bhairavi, Raga Yaman, Raga Malkauns, Sufi fusion, Rajasthani folk,	true	37
stations	kabir-clubbing	Kabir Clubbing	989e203d-59cf-43b4-b450-bd5f5fdf28a6	ख़्वाब-धागा आधा	kabir-clubbing	Rap & Fusion	Hindi	[Cinematic World-Fusion, Deep Spiritual Qawwali Vocals, 142 BPM, UK Drill influe	true	49
stations	kabir-clubbing	Kabir Clubbing	081d7d0e-d5f4-455e-9716-46f8bfcd192f	साहब खोज जंग	kabir-clubbing	Rap & Fusion	Hindi	[Cinematic World-Fusion, Deep Spiritual Qawwali vocals mixed with High-Impact UK	true	23
stations	kabir-clubbing	Kabir Clubbing	de8f6167-d436-420a-93af-8127c00e163b	सवा लाख जाट	kabir-clubbing	Rap & Fusion	Hindi	[Genre: Hyperrap, Haryanvi folk, Afghan dambura, rubab, dhol, bakhshi style, fas	true	54
stations	kabir-clubbing	Kabir Clubbing	a37f2f45-fd0e-4254-a6cc-1dd4376ceaa2	नाम तेरे रखे अनेक	kabir-clubbing	Bhakti & Katha	Hindi	Bhakti & Katha	true	36
stations	kabir-clubbing	Kabir Clubbing	f0e7033c-a246-4902-a230-945e9796c695	नाम तेरे रखे अनेक	kabir-clubbing	Bhakti & Katha	Hindi	Bhakti & Katha	true	61
stations	kabir-clubbing	Kabir Clubbing	e553b9c9-27cd-43b9-a4e0-f97ca910e45d	तोरै ही भरोसो	kabir-clubbing	Bhakti & Katha	Hindi	Bhakti & Katha	true	1
stations	kabir-clubbing	Kabir Clubbing	4ee44646-3967-4f0a-bbae-22021f58063f	तुझ पर ही भरोसा... तुझ पर है यक़ीन	kabir-clubbing	Bhakti & Katha	Hindi	Bhakti & Katha	true	1
stations	kabir-clubbing	Kabir Clubbing	4cf08691-a7ea-40e0-bd21-8b0b272cb3f6	वो है-इसलिए मैं	kabir-clubbing	Rap & Fusion	Hindi	[Style: Sufi devotional, slow meditative recitation, no rhythm, no beat, only de	true	12
stations	kabir-clubbing	Kabir Clubbing	dd450e4b-6a76-42d9-8a70-2e4a0244702d	बोटी-फुर्र अरदास	kabir-clubbing	Rap & Fusion	Hindi	Hyper Rap, Punjabi Trap, 170 BPM, male rapid-fire vocals, chaotic fun, meme ener	true	56
stations	kabir-clubbing	Kabir Clubbing	8bcb26e4-6909-4e70-9291-af3e5452bf87	बोटी-फुर्र अरदास	kabir-clubbing	Rap & Fusion	Hindi	Hyper Rap, Punjabi Trap, 170 BPM, male rapid-fire vocals, chaotic fun, meme ener	true	56
stations	kabir-clubbing	Kabir Clubbing	bb4a0cdc-93a8-4846-a9c5-30071f2fcf78	चप्पल-झिड़कियाँ	kabir-clubbing	Rap & Fusion	Hindi	[Genre: Qawwali × Hip-Hop Fusion, Indian Devotional Folk, Comedy, Urban Desi, Ma	true	51
stations	kabir-clubbing	Kabir Clubbing	e6e7cdf5-7183-436b-b56a-c8060859c0de	माँ की बेलन-झिड़कियाँ	kabir-clubbing	Rap & Fusion	Hindi	[Genre: Qawwali × Hip-Hop Fusion, Indian Devotional Folk, Comedy, Urban Desi, Ma	true	49
stations	kabir-clubbing	Kabir Clubbing	438a6526-4837-43f4-a7e5-50ae007fa00d	माताओं के दिवस नहीं	kabir-clubbing	Bhakti & Katha	Hindi	Bhakti & Katha	true	42
stations	kabir-clubbing	Kabir Clubbing	7f168537-a968-41cb-ba05-f17737463764	घूँघट के पट खोलि दे आली	kabir-clubbing	Bhakti & Katha	Hindi	Bhakti & Katha	true	43
stations	kabir-clubbing	Kabir Clubbing	d8e1bbbb-d558-49bb-9961-e2caa023d9aa	बंसीधर मुकुट	kabir-clubbing	Rap & Fusion	Hindi	Genre/Style: Braj Sankirtan, Dhrupad-folk fusion, Raw Devotional, Indian Temple	true	43
stations	kabir-clubbing	Kabir Clubbing	0ad49695-99db-42e9-8a89-cc45b2f0875d	कौन कहे मनुस को जनम अभागो	kabir-clubbing	Bhakti & Katha	Hindi	Bhakti & Katha	true	16
stations	kabir-clubbing	Kabir Clubbing	2ad65ecc-4658-4a67-ad4f-68cbd8705a93	तोरी बंसी की तान... सुनन को तरस गए मोरे कान।	kabir-clubbing	Bhakti & Katha	Hindi	Bhakti & Katha	true	65
stations	kabir-clubbing	Kabir Clubbing	bc6100f3-8fad-4df5-a8c1-3cd98848d069	तोरी बंसी की तान	kabir-clubbing	Bhakti & Katha	Hindi	Bhakti & Katha	true	43
stations	kabir-clubbing	Kabir Clubbing	b4c47e00-23e3-4b09-aafa-1ea1cb27d65c	तोरी बंसी की तान	kabir-clubbing	Bhakti & Katha	Hindi	Bhakti & Katha	true	20
stations	kabir-clubbing	Kabir Clubbing	0d0501a9-8f1f-4a21-98f0-69b8429600fd	तोरी बंसी की तान	kabir-clubbing	Bhakti & Katha	Hindi	Bhakti & Katha	true	20
stations	kabir-clubbing	Kabir Clubbing	9a2ad423-1f61-4b9b-896d-68cb77193f5c	तोरी बंसी की तान	kabir-clubbing	Bhakti & Katha	Hindi	Bhakti & Katha	true	20
stations	kabir-clubbing	Kabir Clubbing	8e2f8fd9-7f9d-4716-94c1-4bac528a767b	तेरी बंसी की तान	kabir-clubbing	Bhakti & Katha	Hindi	Bhakti & Katha	true	19
stations	kabir-clubbing	Kabir Clubbing	40960b06-71f2-42db-a4f7-ca440d0a25be	तेरी बंसी की तान	kabir-clubbing	Bhakti & Katha	Hindi	Bhakti & Katha	true	30
stations	kabir-clubbing	Kabir Clubbing	74a54818-5c55-4db4-bc1f-7dfa1e9fce6d	नीऑन लस्का	kabir-clubbing	Rap & Fusion	Hindi	Style: Cyberpunk Hip Hop, Hyper-rap, Industrial Trap, 160 BPM, D# minor  Vocal:	true	57
stations	kabir-clubbing	Kabir Clubbing	b81894bf-4e0b-489f-b54c-a471f30a051a	चस्का फीडबैक	kabir-clubbing	Rap & Fusion	Hindi	[Genre: HyperRa, Boom Bap, Cyberpunk, High Tempo Rap] [BPM: 120-140] [Vocal Styl	true	59
stations	kabir-clubbing	Kabir Clubbing	e3e41c8a-d755-4128-b6d7-eb79a61facec	चस्का ढार	kabir-clubbing	Rap & Fusion	Hindi	[Genre: Desi Hip Hop, Boom Bap, Slow to Mid Tempo Rap] [BPM: 85-95] [Vocal Style	true	59
stations	kabir-clubbing	Kabir Clubbing	4417277d-8df9-416a-ac8b-9b68e3cdf5be	चस्का ढार	kabir-clubbing	Rap & Fusion	Hindi	[Genre: Desi Hip Hop, Boom Bap, Slow to Mid Tempo Rap] [BPM: 85-95] [Vocal Style	true	59
stations	kabir-clubbing	Kabir Clubbing	216ca16d-22ff-4a35-959c-89ff65126a95	Chaska Laska	kabir-clubbing	Rap & Fusion	English	style desi hip hop rajasthani folk fusion heavy bass fast beat male aggressive v	true	60
stations	kabir-clubbing	Kabir Clubbing	534e2457-1af3-4ffb-92cb-4d53662c9940	बे... थमसी आती है	kabir-clubbing	Rap & Fusion	Hindi	Male  vocal, hyperpop / hyperrap, high energy, fast tempo 160 BPM, aggressive 80	true	36
stations	kabir-clubbing	Kabir Clubbing	f7390bf3-2335-444e-baed-c5e5cd17cfc1	बे... थमसी आती है	kabir-clubbing	Rap & Fusion	Hindi	Male  vocal, hyperpop / hyperrap, high energy, fast tempo 160 BPM, aggressive 80	true	36
stations	kabir-clubbing	Kabir Clubbing	b621900d-687c-4fdb-8eb9-638c8124b1e4	बे...	kabir-clubbing	Rap & Fusion	Hindi	Male  vocal, hyperpop / hyperrap, high energy, fast tempo 160 BPM, aggressive 80	true	36
stations	kabir-clubbing	Kabir Clubbing	decc359e-6a2c-4531-8b3c-f829ac5700be	बे...	kabir-clubbing	Rap & Fusion	Hindi	Male  vocal, hyperpop / hyperrap, high energy, fast tempo 160 BPM, aggressive 80	true	36
stations	kabir-clubbing	Kabir Clubbing	ee8a117b-ef9c-4b4e-9cbe-9d314232d018	बेधड़क करीब	kabir-clubbing	Rap & Fusion	Hindi	Female vocal, hyperpop / hyperrap, high energy, fast tempo 160 BPM, aggressive 8	true	36
stations	kabir-clubbing	Kabir Clubbing	6c333810-2183-40c8-91a7-bd198ff98290	इतनी करीब आ जाती है	kabir-clubbing	Rap & Fusion	Hindi	Rap & Fusion	true	36
stations	kabir-clubbing	Kabir Clubbing	fec3e2d0-b4c1-47aa-b22f-a7b5f2ea4774	कैसी वैसी सी	kabir-clubbing	Rap & Fusion	Hindi	Female vocal, Punjabi pop meets Bollywood, upbeat and celebratory yet emotional,	true	22
stations	kabir-clubbing	Kabir Clubbing	45ebedf4-7d51-4716-a12b-764243daad4a	Pinki… Pinki… maut ka samaan	kabir-clubbing	Bhakti & Katha	English	Bhakti & Katha	true	8
stations	kabir-clubbing	Kabir Clubbing	c8598710-c924-4b3c-8e32-0a1fded87efb	Din Mein Sarpanch	kabir-clubbing	Rap & Fusion	English	Dark cinematic Indian folk trap song with female vocals.  Theme: A powerful Hary	true	8
stations	kabir-clubbing	Kabir Clubbing	f3c2518c-d6a6-4235-8da6-208eae4ee71a	“Roach Sirens”	kabir-clubbing	Rap & Fusion	English	[Style: Opera + Hyper-rap + Trap Metal + Cinematic Orchestra, aggressive male te	true	40
stations	kabir-clubbing	Kabir Clubbing	c6ab00bc-f4fc-49fb-91b6-93fbb717ec43	Who raised you? Who trained you	kabir-clubbing	Rap & Fusion	English	Rap & Fusion	true	40
stations	kabir-clubbing	Kabir Clubbing	ad88ec20-844d-47ac-ae8e-5634a628daee	धरती का नून	kabir-clubbing	Rap & Fusion	Hindi	dark hindustani bhajan meets ambient trance  d bhairavi  72 to 108 bpm  male gri	true	57
stations	kabir-clubbing	Kabir Clubbing	a5469ce5-e8c0-40f9-86c7-934fe766e66a	चलते पर्वत	kabir-clubbing	Bhakti & Katha	Hindi	Bhakti & Katha	true	57
stations	kabir-clubbing	Kabir Clubbing	b3e24cb5-dd86-475b-b84c-00356ec425f6	मेरा अंतरमन डोले	kabir-clubbing	Rap & Fusion	Hindi	Rap & Fusion	true	66
stations	kabir-clubbing	Kabir Clubbing	50efcdb2-3927-4d22-9dff-23ab30048e3e	मेरा अंतरमन डोले	kabir-clubbing	Rap & Fusion	Hindi	Rap & Fusion	true	65
stations	kabir-clubbing	Kabir Clubbing	489eb949-4a6f-43a9-a57f-0c8d38c447f8	मेरा अंतरमन डोले	kabir-clubbing	Rap & Fusion	Hindi	Rap & Fusion	true	68
stations	kabir-clubbing	Kabir Clubbing	fe9e7ab6-a016-4774-9a1e-43f4e2598a18	मेरा अंतरमन डोले	kabir-clubbing	Rap & Fusion	Hindi	Rap & Fusion	true	65
stations	kabir-clubbing	Kabir Clubbing	bbdbe9f0-9175-4132-989e-36fbc9b6ea40	मेरा अंतरमन डोले	kabir-clubbing	Rap & Fusion	Hindi	Rap & Fusion	true	50
stations	kabir-clubbing	Kabir Clubbing	6fdb63c2-38cc-46f4-9872-4c0d1fec3922	मेरा अंतरमन डोले	kabir-clubbing	Rap & Fusion	Hindi	Rap & Fusion	true	63
stations	kabir-clubbing	Kabir Clubbing	f4537e0d-1ee4-43aa-886c-096606a8877f	Animatrix Loading (Remastered)	kabir-clubbing	Rap & Fusion	English	Dark Drift Phonk, Afrobeat percussion, Cyber-Sufi, Cinematic Space Atmosphere, H	true	50
stations	kabir-clubbing	Kabir Clubbing	1b6225a2-fb64-49aa-94db-802efe864623	Duduk Cello Oath	kabir-clubbing	Rap & Fusion	English	Cinematic World-Sufi Fusion, Avant-garde Qawwali, Mournful Armenian Duduk Intro,	true	25
stations	kabir-clubbing	Kabir Clubbing	3e849ef6-8f9e-467f-b6cd-23ece1febccc	Animatrix Loading	kabir-clubbing	Rap & Fusion	English	Dark Drift Phonk, Afrobeat percussion, Cyber-Sufi, Cinematic Space Atmosphere, H	true	50
stations	kabir-clubbing	Kabir Clubbing	eb94acbb-29cd-4d8f-8cfd-bc1845d25b66	Animatrix Loading	kabir-clubbing	Rap & Fusion	English	Dark Drift Phonk, Afrobeat percussion, Cyber-Sufi, Cinematic Space Atmosphere, H	true	50
stations	kabir-clubbing	Kabir Clubbing	2020dea5-b656-40ad-afab-e188b5b87eb4	Earth Station Static	kabir-clubbing	Rap & Fusion	English	Dark Drift Phonk, Afrobeat percussion, Cyber-Sufi, Cinematic Space Atmosphere, H	true	25
stations	kabir-clubbing	Kabir Clubbing	0d8bd230-e8fb-40c1-bd65-a1d4ba490f2a	मेरा अंतरमान डोले कितने आयाम	kabir-clubbing	Rap & Fusion	Hindi	Rap & Fusion	true	25
stations	kabir-clubbing	Kabir Clubbing	da33ae1c-117f-41b3-9784-fe362d228637	मेरा अंतरमन डोले कितने आयाम	kabir-clubbing	Rap & Fusion	Hindi	Rap & Fusion	true	18
stations	kabir-clubbing	Kabir Clubbing	ef0b0bee-7663-448a-879e-09acd3a01be8	मेरा अंतरमान डोले कितने आयामा	kabir-clubbing	Rap & Fusion	Hindi	Rap & Fusion	true	18
stations	kabir-clubbing	Kabir Clubbing	3a04f1ee-76c8-4231-a913-8316bd017536	प्यार प्यार प्यार रहे	kabir-clubbing	Bhakti & Katha	Hindi	Bhakti & Katha	true	50
stations	kabir-clubbing	Kabir Clubbing	376451ac-cca7-45f8-888b-707b3fce09ba	अंक 1 – शहर	kabir-clubbing	Bhakti & Katha	Hindi	Bhakti & Katha	true	36
stations	kabir-clubbing	Kabir Clubbing	dbccc64f-268b-4c67-b479-32878a298eab	आंसू तौल-मोल	kabir-clubbing	Bhakti & Katha	Hindi	[Artist: P.H.K.D. (Pure Honest Kabir Driven) Genre: Trans UX, use ambience sound	true	36
stations	kabir-clubbing	Kabir Clubbing	2f8b76a0-2fea-4f3f-9f7f-09611a2f27d7	माटी घट-विक्री	kabir-clubbing	Bhakti & Katha	Hindi	[Artist: P.H.K.D. (Pure Honest Kabir Driven) Genre: Spiritual Phonk / Cinematic	true	34
stations	kabir-clubbing	Kabir Clubbing	134c2704-6219-40e0-ac0d-cb7ea6ad4857	कबीरा न रो	kabir-clubbing	Bhakti & Katha	Hindi	Bhakti & Katha	true	34
stations	kabir-clubbing	Kabir Clubbing	e7929024-f570-473c-9c81-bd82372023c1	कबीरा नमक मंडी	kabir-clubbing	Bhakti & Katha	Hindi	[Artist: P.H.K.D. (Pure Honest Kabir Driven) Genre: Spiritual Phonk / Cinematic	true	34
stations	kabir-clubbing	Kabir Clubbing	cd4e2b2c-3363-4c01-81bd-4482ad356954	कबीरा नमक मंडी	kabir-clubbing	Bhakti & Katha	Hindi	[Artist: P.H.K.D. (Pure Honest Kabir Driven) Genre: Spiritual Phonk / Cinematic	true	34
stations	kabir-clubbing	Kabir Clubbing	5b609e38-5b63-4174-ab7f-05565cfb36bd	कबीरा न रो	kabir-clubbing	Bhakti & Katha	Hindi	Bhakti & Katha	true	13
stations	kabir-clubbing	Kabir Clubbing	064fb6c2-bf1e-4247-8603-1a4228fd88b0	Saltless Tears	kabir-clubbing	Rap & Fusion	English	[Genre: Afrobeat, Indian folk fusion, Telugu folk, Tamil folk, Bangla folk, Erhu	true	13
stations	kabir-clubbing	Kabir Clubbing	e81cfcda-4146-4974-97ad-0def356a7395	नमक सनक	kabir-clubbing	Rap & Fusion	Hindi	[Genre: Afrobeat, Chinese folk fusion, Erhu, Guzheng, talking drum, deep bass, s	true	41
stations	kabir-clubbing	Kabir Clubbing	a8149b61-2d92-49dc-953c-4ada38600bae	कबीरा न रो	kabir-clubbing	Bhakti & Katha	Hindi	Bhakti & Katha	true	41
stations	kabir-clubbing	Kabir Clubbing	a908fdd1-014a-4f0a-8f1d-eb3e613a3396	Kabira Sanak	kabir-clubbing	Bhakti & Katha	English	[Genre: Afrobeat, Chinese folk, Erhu, Guzheng, Telugu folk, Tamil folk, Bangla f	true	63
stations	kabir-clubbing	Kabir Clubbing	3018222c-053b-4835-ac77-5369dfc07619	कबीरा न रो	kabir-clubbing	Bhakti & Katha	Hindi	Bhakti & Katha	true	63
stations	kabir-clubbing	Kabir Clubbing	aa1881d9-c310-46ae-a942-bbcdeaa35490	नमक की सनक	kabir-clubbing	Rap & Fusion	Hindi	[Genre: World fusion, Afrobeat, Chinese Erhu, Telugu Nadhaswaram, Tamil Thavil,	true	84
stations	kabir-clubbing	Kabir Clubbing	75a7a676-5662-4f89-b35d-b1f787192f99	कबीरा न रो	kabir-clubbing	Bhakti & Katha	Hindi	Bhakti & Katha	true	84
stations	kabir-clubbing	Kabir Clubbing	119e5763-3ed3-4801-b36d-5146d62459cb	कबीरा न रो	kabir-clubbing	Bhakti & Katha	Hindi	Bhakti & Katha	true	32
stations	kabir-clubbing	Kabir Clubbing	b893c0fe-1e67-4f62-9a13-005c52b42182	कबीरा न रो	kabir-clubbing	Bhakti & Katha	Hindi	[Genre: Afrobeat, Afro-fusion, Indian folk fusion, spiritual, philosophical, tal	true	32
stations	kabir-clubbing	Kabir Clubbing	2e0e6ce6-2cc7-486b-a473-7cb8e45e78e8	Kabira na ro	kabir-clubbing	Bhakti & Katha	English	Bhakti & Katha	true	20
stations	kabir-clubbing	Kabir Clubbing	531d0f3b-bd07-4bf6-8d1d-242097d6a447	Paisa Sanak	kabir-clubbing	Rap & Fusion	English	[Genre: Afrobeat, Afro-fusion, Nigerian folk, Indian folk fusion, talking drum,	true	20
stations	kabir-clubbing	Kabir Clubbing	b9b2a6e0-f8d8-4111-b187-f3d395a61245	नेता नेमा — नमकहराम	kabir-clubbing	Bhakti & Katha	Hindi	Bhakti & Katha	true	37
stations	kabir-clubbing	Kabir Clubbing	7925c2fc-1f6f-4aac-aa53-3cd7eadd9fbd	नेता एकम डेटा	kabir-clubbing	Rap & Fusion	Hindi	[Genre: Cyberpunk, Industrial Hip-Hop, Hindi Protest Rap, Dark Synthwave] [BPM:	true	29
stations	kabir-clubbing	Kabir Clubbing	9d4efeb8-a43d-43e2-9bd9-aa8ec1017c23	डमरू तांडव	kabir-clubbing	Rap & Fusion	Hindi	Acoustic Ritual Trance. 140 BPM. NO ELECTRONICS. Raw human claps, sharp metallic	true	24
stations	kabir-clubbing	Kabir Clubbing	200924f6-fd97-4641-9ce1-dc0071add716	झूठ-ध्वनि साधन	kabir-clubbing	Rap & Fusion	Hindi	"100% Acoustic Ritual Folk, Neural Trance, No Electronic Instruments. Raw and hy	true	22
stations	kabir-clubbing	Kabir Clubbing	4a506fe2-5611-45d3-8b3c-5636aa1122bf	रूह से फकीर	kabir-clubbing	Rap & Fusion	Hindi	Rap & Fusion	true	37
stations	kabir-clubbing	Kabir Clubbing	0d363331-c315-4e90-8f78-300af99db0c0	Degrees? Those are for the students	kabir-clubbing	Rap & Fusion	English	Rap & Fusion	true	37
stations	kabir-clubbing	Kabir Clubbing	9bc77208-c25b-427f-8860-d87651658f49	अंखिया न देखूँ	kabir-clubbing	Bhakti & Katha	Hindi	Bhakti & Katha	true	41
stations	kabir-clubbing	Kabir Clubbing	889cb216-db14-474f-9186-192f838f34cf	Kabir Clubdevotion	kabir-clubbing	Bhakti & Katha	English	Style/Genre: Afro-house meets Sexy Drill meets Indian Bhajan, 110 BPM, heavy log	true	17
stations	kabir-clubbing	Kabir Clubbing	de9697c5-2352-4e2d-b84e-6f5ba6d6e35e	Kabir Shayo Groove	kabir-clubbing	Bhakti & Katha	English	[style: Afro-house meets Sexy Drill meets Indian Bhajan, 110 BPM, log drums, con	true	17
stations	kabir-clubbing	Kabir Clubbing	9f37476d-d3d6-4986-94f7-243dd1767838	बंद आँखों से प्रत्यक्ष	kabir-clubbing	Bhakti & Katha	Hindi	Bhakti & Katha	true	17
stations	kabir-clubbing	Kabir Clubbing	3d8b096f-9f2a-4def-815f-b12ca6b1d3de	Kabir Shayo Groove	kabir-clubbing	Bhakti & Katha	English	[style: Afro-house meets Sexy Drill meets Indian Bhajan, 110 BPM, log drums, con	true	17
stations	kabir-clubbing	Kabir Clubbing	4f57a0d7-1f5e-47fe-a249-405c77fc2ddf	Kabir Pillar Collapse	kabir-clubbing	Bhakti & Katha	English	[style: devotional drill, Indian bhajan meets Sexy Drill, 60 BPM, harmonium + he	true	27
stations	kabir-clubbing	Kabir Clubbing	55944a75-e58c-47d0-b0fd-0053dcf655e5	बंद आँखों से प्रत्यक्ष	kabir-clubbing	Bhakti & Katha	Hindi	Bhakti & Katha	true	27
stations	kabir-clubbing	Kabir Clubbing	261bc9a5-7397-48d4-8adb-d5ddf5d4b2c5	Eyes closed	kabir-clubbing	Bhakti & Katha	English	Bhakti & Katha	true	10
stations	kabir-clubbing	Kabir Clubbing	55b087c3-f3be-437a-9900-27fd029e6c9c	अधूरे से मंत्रों में पूर्ण की परिकल्पना	kabir-clubbing	Bhakti & Katha	Hindi	Bhakti & Katha	true	27
stations	kabir-clubbing	Kabir Clubbing	5bb71084-6ab7-4e1b-b9d2-1b1f5dcd962a	ला ला ला ला ला ला	kabir-clubbing	Bhakti & Katha	Hindi	Bhakti & Katha	true	40
stations	kabir-clubbing	Kabir Clubbing	23ec5f01-efef-4073-8948-4870619c32c9	ला ला ला ला ला ला	kabir-clubbing	Bhakti & Katha	Hindi	Bhakti & Katha	true	37
stations	kabir-clubbing	Kabir Clubbing	9feeffc6-46ed-4d5d-9f48-82803d34d8ca	ला ला ला ला ला ला	kabir-clubbing	Bhakti & Katha	Hindi	Bhakti & Katha	true	40
stations	kabir-clubbing	Kabir Clubbing	38523b11-2e31-40ac-bdc6-03bfd30b1186	कुचली पुचली लाला	kabir-clubbing	Rap & Fusion	Hindi	Indian folk fusion, bansuri flute, meditative drone,  cyberpunk eastern, raw kab	true	40
stations	kabir-clubbing	Kabir Clubbing	96a7ddf6-2c5b-44ad-b1db-16634387d175	बहरूपिया-ऑनलाइन	kabir-clubbing	Rap & Fusion	Hindi	Indian folk fusion, bansuri flute, meditative drone,  cyberpunk eastern, raw kab	true	76
stations	kabir-clubbing	Kabir Clubbing	d65dfcf3-c12e-4e51-9d93-f6f106c0ca3f	Baharupiya Reboot	kabir-clubbing	Bhakti & Katha	English	[Style: Cyberpunk + Hyper Rap + Neural Lo-fi + Raw Kabir + Time Travel Vibe + Da	true	76
stations	kabir-clubbing	Kabir Clubbing	0af7e65f-47a4-4c0f-aed2-53fa90952fb4	Baharupiya Reboot	kabir-clubbing	Bhakti & Katha	English	[Style: Cyberpunk + Hyper Rap + Neural Lo-fi + Raw Kabir + Time Travel Vibe + Da	true	76
stations	kabir-clubbing	Kabir Clubbing	507a1183-07e8-4762-b317-b03c850a9f66	॥ महा-काव्य: आदि-अनंत ॥	kabir-clubbing	Rap & Fusion	Hindi	Rap & Fusion	true	30
stations	kabir-clubbing	Kabir Clubbing	19a9d094-81bf-4578-af5a-103ad79c94f8	चक्रव्यूह' —अभिमन्यु की तरह हर इंसान इन 'चार लोग	kabir-clubbing	Rap & Fusion	Hindi	Rap & Fusion	true	18
stations	kabir-clubbing	Kabir Clubbing	958e690b-3e28-4eb1-9fa5-e1bd4d2435c2	गुमान था कि तन्हाई में सुकूँ मिलेगा मुझे	kabir-clubbing	Rap & Fusion	Hindi	Rap & Fusion	true	28
stations	kabir-clubbing	Kabir Clubbing	8d30c99c-2bb7-4bcc-b193-5a78f1af4af6	गुमान था कि तन्हाई में सुकूँ मिलेगा मुझे	kabir-clubbing	Rap & Fusion	Hindi	Rap & Fusion	true	48
stations	kabir-clubbing	Kabir Clubbing	0e22ce3a-a007-42f4-a89c-1a5ef6ebc4f4	गुमान था कि तन्हाई में सुकूँ मिलेगा मुझे	kabir-clubbing	Rap & Fusion	Hindi	Rap & Fusion	true	48
stations	kabir-clubbing	Kabir Clubbing	d797f61d-e2f9-435d-b724-45791d7e898d	Radif : ...जिया न गया	kabir-clubbing	Rap & Fusion	English	Rap & Fusion	true	59
stations	kabir-clubbing	Kabir Clubbing	49b598f9-6112-492d-98e5-28979537fdc4	जो अभी इक लम्स-ए-हवा बन कर गुज़रा	kabir-clubbing	Rap & Fusion	Hindi	Rap & Fusion	true	19
stations	kabir-clubbing	Kabir Clubbing	38638635-c5dc-4adf-a993-68d94475738d	जो अभी एक झोंका हवा का गया	kabir-clubbing	Rap & Fusion	Hindi	Rap & Fusion	true	17
stations	kabir-clubbing	Kabir Clubbing	950bf07f-98a2-4abb-ab2d-2cae95ac004e	१०० साल टोरी	kabir-clubbing	Rap & Fusion	Hindi	शीर्षक: १०० साल (हिस्स्स... टोरी) Style: Dark Experimental Folk-Trap. Descriptio	true	29
stations	kabir-clubbing	Kabir Clubbing	54bf5f39-3312-4413-8690-fc756c1e073b	लोग कहते हैं तेरे होने से मेरी तदबीर तबाह है	kabir-clubbing	Bhakti & Katha	Hindi	Bhakti & Katha	true	48
stations	kabir-clubbing	Kabir Clubbing	dc660165-69b6-427e-bf5d-63ad71c4fe72	क्या बताऊँ	kabir-clubbing	Bhakti & Katha	Hindi	Bhakti & Katha	true	78
stations	kabir-clubbing	Kabir Clubbing	1ce73d27-b360-4dfa-8533-a54c5e1743b0	क्या बयाँ करूँ	kabir-clubbing	Bhakti & Katha	Hindi	Bhakti & Katha	true	78
stations	kabir-clubbing	Kabir Clubbing	42b244c3-4969-4900-a05f-905ab4afdd3a	क्या बयाँ करूँ	kabir-clubbing	Bhakti & Katha	Hindi	Bhakti & Katha	true	79
stations	kabir-clubbing	Kabir Clubbing	87fea1fe-2c22-4af4-a777-87a8b62cc57a	Tadbeer Barbaad	kabir-clubbing	Rap & Fusion	English	[Style: Sufi Qawwali mixed with modern Beatbox, Acoustic, Spiritual, Mystical, S	true	39
stations	kabir-clubbing	Kabir Clubbing	ec8c8bad-3326-4953-a468-776d3732f487	Log kahte hain tere hone se meri tadbeer barbaad	kabir-clubbing	Bhakti & Katha	English	Bhakti & Katha	true	39
stations	kabir-clubbing	Kabir Clubbing	b85e41bd-e69a-481f-b12a-88bbf8b8902b	Kya kahoon	kabir-clubbing	Bhakti & Katha	English	Bhakti & Katha	true	136
stations	kabir-clubbing	Kabir Clubbing	781c9290-2241-4ea8-8ca4-c206d5ee558a	Iltija Jor-Aazmaish	kabir-clubbing	Rap & Fusion	English	Style: world fusion, spiritual awakening, slow sufi ghazal, cinematic ambient, n	true	41
stations	kabir-clubbing	Kabir Clubbing	cc349f0b-7495-4b69-8753-ecc62cb1ee80	घचा घच	kabir-clubbing	Rap & Fusion	Hindi	dark erotic hip hop, hyper rap, horrorcore, trap metal, 150-180 BPM, distorted 8	true	67
stations	kabir-clubbing	Kabir Clubbing	56c6ee93-d6c7-4a25-bf41-942cec57818f	आग बराबर दोनों की पर एक बहुत शरमाए	kabir-clubbing	Rap & Fusion	Hindi	Rap & Fusion	true	67
stations	kabir-clubbing	Kabir Clubbing	91b02afc-ce51-407b-9fed-8ab45bf8d00d	गीली साँस घचा	kabir-clubbing	Rap & Fusion	Hindi	dark erotic hip hop, hyper rap, horrorcore, trap metal, 150 BPM, distorted 808s,	true	67
stations	kabir-clubbing	Kabir Clubbing	0ad2d889-56ad-4107-a42f-9ffdd61e99dc	आग बराबर दोनों की पर एक बहुत शरमाए	kabir-clubbing	Rap & Fusion	Hindi	Rap & Fusion	true	67
stations	kabir-clubbing	Kabir Clubbing	b14f7e57-d779-489d-b0d2-7adb9a065fac	घचा घच	kabir-clubbing	Rap & Fusion	Hindi	dark erotic hip hop, hyper rap, horrorcore, trap metal, 150 BPM, distorted 808s,	true	65
stations	kabir-clubbing	Kabir Clubbing	53697704-706d-4df6-a476-e7944459b93d	घचा घच	kabir-clubbing	Rap & Fusion	Hindi	dark erotic hip hop, hyper rap, horrorcore, trap metal, 150 BPM, distorted 808s,	true	65
stations	kabir-clubbing	Kabir Clubbing	1fbda308-1986-4821-96e6-a89fbc1d2fd7	आग बराबर दोनों की पर एक बहुत शरमाए	kabir-clubbing	Rap & Fusion	Hindi	Rap & Fusion	true	65
stations	kabir-clubbing	Kabir Clubbing	713de290-3d6e-45d1-a4fe-163b86903f58	घचा घच	kabir-clubbing	Rap & Fusion	Hindi	dark erotic hip hop, hyper rap, horrorcore, trap metal, 150 BPM, distorted 808s,	true	65
stations	kabir-clubbing	Kabir Clubbing	904d98b2-e279-48b7-83e2-29184af62f47	गीला घचा	kabir-clubbing	Rap & Fusion	Hindi	बीटबॉक्स + इरोटिक साउंड्स + हाइपर रैप BPM: 130 से शुरू (धीमा, घुटता हुआ) → बीच म	true	65
stations	kabir-clubbing	Kabir Clubbing	3620a61f-947c-4be7-bac2-a93a6eaa5a9c	गीला घचा	kabir-clubbing	Rap & Fusion	Hindi	बीटबॉक्स + इरोटिक साउंड्स + हाइपर रैप BPM: 130 से शुरू (धीमा, घुटता हुआ) → बीच म	true	65
stations	kabir-clubbing	Kabir Clubbing	2a6843e3-bc23-478e-8ced-eab4bdc44ee1	ਟੁੱਟੇ ਪੈਸੇ	kabir-clubbing	Rap & Fusion	Hindi	Punjabi folk fusion ballad in E (Punjabi folk scale: E F# G# B C#). 70 BPM Dhama	true	52
stations	kabir-clubbing	Kabir Clubbing	03b043a1-b777-4366-8b83-766f61b5ec66	E-tumbi Dhamal	kabir-clubbing	Rap & Fusion	English	Opera + Punjabi folk fusion ballad. Key: E minor (operatic) over E Punjabi folk	true	52
stations	kabir-clubbing	Kabir Clubbing	6e735a57-85ab-45fc-912a-9c64579dc9f2	ਟੁੱਟੇ ਪੈਸੇ	kabir-clubbing	Rap & Fusion	Hindi	Punjabi folk fusion ballad in E (Punjabi folk scale: E F# G# B C#). 70 BPM Dhama	true	52
stations	kabir-clubbing	Kabir Clubbing	86ee6acf-c17f-4674-bf19-557333906d47	अक्षर-बेच समझौता	kabir-clubbing	Rap & Fusion	Hindi	Style: Haryanvi Folk-Drill x Industrial Qawwali Fusion. Atmosphere: A high-stake	true	23
stations	kabir-clubbing	Kabir Clubbing	e773bb44-f4cd-4cdd-b0cd-2a3b9749060f	अक्षर-बेच समझौता	kabir-clubbing	Rap & Fusion	Hindi	Style: Haryanvi Folk-Drill x Industrial Qawwali Fusion. Atmosphere: A high-stake	true	23
stations	kabir-clubbing	Kabir Clubbing	ffeaefee-fcca-45f2-afcf-27c219f71bff	लॉट-जीरो-वन	kabir-clubbing	Rap & Fusion	Hindi	Style/Genre: Haryanvi Folk-Drill, Industrial Qawwali Fusion, Cinematic Dark Synt	true	24
stations	kabir-clubbing	Kabir Clubbing	1b4b29a3-0bc4-40d8-a882-8dec76cfbcac	Lot 001 Tanpura Snap	kabir-clubbing	Rap & Fusion	English	Style/Genre: Haryanvi Folk-Drill, Industrial Qawwali Fusion, Cinematic Dark Synt	true	24
stations	kabir-clubbing	Kabir Clubbing	91fa6d67-0722-4664-bf50-57a42d36afe0	आवाज़ों की अदालत	kabir-clubbing	Rap & Fusion	Hindi	"Hyper-Rap, Acapella, Ancient Throat Singing, Fast Human Beatboxing, Experiment	true	29
stations	kabir-clubbing	Kabir Clubbing	05aa80d4-acdd-4719-9275-9692846ebe1a	तीखी फकीराना सीटी	kabir-clubbing	Rap & Fusion	Hindi	"Acapella Qawwali, Indian Folk Fusion, Vocal Percussion, Beatboxing, Human whist	true	17
stations	kabir-clubbing	Kabir Clubbing	7f329b6d-8172-4674-adad-6f83614ad576	आवाज़ों की अदालत	kabir-clubbing	Rap & Fusion	Hindi	"Acapella, Aggressive Beatboxing, Vocal Bass, Whistling, Dark Indian Folk Fusion	true	20
stations	kabir-clubbing	Kabir Clubbing	7ed796e3-32c4-42d3-89a2-f658115084dd	नसीब का ऐलान	kabir-clubbing	Rap & Fusion	Hindi	Genre: Haryanvi Pop, Desi Hip Hop, Upbeat Dance, Only Male announcer & Only Fema	true	61
stations	kabir-clubbing	Kabir Clubbing	517563f4-4c0a-447c-a6c7-5e81307423c3	“नसीब का ऐलान”	kabir-clubbing	Rap & Fusion	Hindi	Genre: Haryanvi Pop, Desi Hip Hop, Upbeat Dance, Male announcer & Female vocals	true	62
stations	kabir-clubbing	Kabir Clubbing	3d3e0685-76e1-4447-88b2-83897ac87205	इश्क-ए-इलाका	kabir-clubbing	Rap & Fusion	Hindi	Genre: Haryanvi Pop, Desi Hip Hop, Upbeat Dance, Male & Female vocals (Duo), ene	true	62
stations	kabir-clubbing	Kabir Clubbing	cba259ca-2b8c-46df-b367-0ff9b780bbe2	कुछ भी व्यर्थ नहीं जाए	kabir-clubbing	Bhakti & Katha	Hindi	Bhakti & Katha	true	34
stations	kabir-clubbing	Kabir Clubbing	91dc965a-d24b-4254-bfb1-8d7c28015225	जागता कबीर	kabir-clubbing	Bhakti & Katha	Hindi	warm analog saturation, plate reverb on vocals, close-mic vocal position, tabla	true	51
stations	kabir-clubbing	Kabir Clubbing	e1b56541-6cab-4cc3-af30-269fc2cc21d8	ओ.......... जी......... मेरे........ सरकार......	kabir-clubbing	Bhakti & Katha	Hindi	Bhakti & Katha	true	57
stations	kabir-clubbing	Kabir Clubbing	77a5f693-5564-40c9-8b50-75d5eabe64f6	बड़ी पुरानी बात है	kabir-clubbing	Rap & Fusion	Hindi	Rap & Fusion	true	25
stations	kabir-clubbing	Kabir Clubbing	92aab6f9-e79d-4b27-af30-0a7ab03f0536	एक केवट के ले जाने से	kabir-clubbing	Bhakti & Katha	Hindi	Bhakti & Katha	true	40
stations	kabir-clubbing	Kabir Clubbing	0d931d51-3575-4bd1-8740-0ed133c1eba9	(untitled)	kabir-clubbing	Rap & Fusion	English	haryanvi quebradita fusion Banda, Regional Mexican, Technobanda bright staccato	true	93
stations	kabir-clubbing	Kabir Clubbing	83603ef3-3ea0-4277-a309-8bfaadcd9dbc	१. हरियाणवी रागनी	kabir-clubbing	Bhakti & Katha	Hindi	Bhakti & Katha	true	26
stations	kabir-clubbing	Kabir Clubbing	ac50152c-f82a-4333-bef4-0b7a404e8399	(untitled)	kabir-clubbing	Rap & Fusion	English	"A dark, gothic Cinematic Opera fusion. Dramatic Orchestral score with soaring v	true	39
stations	kabir-clubbing	Kabir Clubbing	f3e77ca3-d3b1-4029-8814-3da77d041154	(untitled)	kabir-clubbing	Bhakti & Katha	English	"A raw, minimalist, and hauntingly soulful PHKD (Folk-HipHop-Kabir) fusion. The	true	27
stations	kabir-clubbing	Kabir Clubbing	fbbf00c4-df9a-4c12-8222-5a8f83d3d229	ज़ीरो के उन हीरों को	kabir-clubbing	Bhakti & Katha	Hindi	Bhakti & Katha	true	27
stations	kabir-clubbing	Kabir Clubbing	7d695546-b4a9-4369-8770-054ea7711700	This is for informational purposes only. For med	kabir-clubbing	Bhakti & Katha	English	Bhakti & Katha	true	22
stations	kabir-clubbing	Kabir Clubbing	20aaab8c-af31-4a63-954e-b956c837119a	(untitled)	kabir-clubbing	Rap & Fusion	English	145 BPM, Heavy Psytrance and Haryanvi Folk Fusion, Gritty Haryanvi Female Vocals	true	37
stations	kabir-clubbing	Kabir Clubbing	c6c9c569-2051-4d98-ba3c-85f7982b04b9	विदाई रो दुख लागे रे	kabir-clubbing	Bhakti & Katha	Hindi	Bhakti & Katha	true	21
stations	kabir-clubbing	Kabir Clubbing	e18525dd-f972-4860-9008-b147a0576764	(untitled)	kabir-clubbing	Rap & Fusion	English	"A high-octane Psytrance and Haryanvi Folk Fusion anthem. Tempo: 145 BPM. Vocals	true	56
stations	kabir-clubbing	Kabir Clubbing	14a370bd-8e3e-4b27-9afc-31fede5f5c94	(untitled)	kabir-clubbing	Rap & Fusion	English	haryanvi tamil folk trance	true	54
stations	kabir-clubbing	Kabir Clubbing	a41086c8-d15a-40b1-a8c7-8a6d0a450688	दादा फौजी बनवा दे न	kabir-clubbing	Bhakti & Katha	Hindi	Bhakti & Katha	true	24
stations	kabir-clubbing	Kabir Clubbing	42eea408-81a9-4c2f-8ffb-8d5c5656d202	फौजी बनवा दे न	kabir-clubbing	Bhakti & Katha	Hindi	Bhakti & Katha	true	53
stations	kabir-clubbing	Kabir Clubbing	e557151f-686a-4ba6-a428-40ef37236172	(untitled)	kabir-clubbing	Rap & Fusion	English	Style: Haryanvi Ragni + Hip-Hop Rap (Climax Section)   Tempo: 95 BPM   Energy: H	true	97
stations	kabir-clubbing	Kabir Clubbing	2bf46bbc-1f00-42b1-ada9-5dd38b02ca3b	We are the practice	kabir-clubbing	Rap & Fusion	English	Rap & Fusion	true	130
stations	kabir-clubbing	Kabir Clubbing	b632670a-92f5-44aa-862f-4a03120bd6e3	(untitled)	kabir-clubbing	Rap & Fusion	English	Global cinematic spoken word, deep Indian philosophical poetry, fusion of world	true	89
stations	kabir-clubbing	Kabir Clubbing	1ec4ae2f-b4ab-441b-8234-f5fcca48b606	(untitled)	kabir-clubbing	Rap & Fusion	English	Global cinematic spoken word, deep Indian philosophical poetry, fusion of world	true	95
stations	kabir-clubbing	Kabir Clubbing	8b68b69c-b07f-43f8-ac20-ed65fbc03fc7	(untitled)	kabir-clubbing	Rap & Fusion	English	Global cinematic spoken word, deep Indian philosophical poetry, fusion of world	true	95
stations	kabir-clubbing	Kabir Clubbing	e5e11b4f-d05d-444f-9b0e-5b91e5e70206	kush..mana..da	kabir-clubbing	Bhakti & Katha	English	[Style: Rajasthani Folk + Bhakti Rap + Ambient Cinematic]  [Tempo: 88 BPM] [Scal	true	43
stations	kabir-clubbing	Kabir Clubbing	8d7517ab-5f3a-4d8e-b2e4-92f170be6ed4	maa… maa… maa	kabir-clubbing	Bhakti & Katha	English	Bhakti & Katha	true	78
stations	kabir-clubbing	Kabir Clubbing	1630fdc7-2ea0-4737-a448-84a9e3a68bc4	(untitled)	kabir-clubbing	Rap & Fusion	English	Neuro-Tantra Devotional Trance Start: whisper + tanpura (no beat) Gradually add	true	78
stations	kabir-clubbing	Kabir Clubbing	35c9d20a-94e6-4b53-9e14-073f7c519e47	ॐ देवी चन्द्रघण्टायै नमः	kabir-clubbing	Bhakti & Katha	Sanskrit	Bhakti & Katha	true	92
stations	kabir-clubbing	Kabir Clubbing	1482a051-de1c-4ca4-bc3b-2a183763c075	ए री माता गौर आई रे	kabir-clubbing	Bhakti & Katha	Hindi	Bhakti & Katha	true	100
stations	kabir-clubbing	Kabir Clubbing	e09752f7-8498-4ed6-bcf6-594f85308686	गणगौर आई रे	kabir-clubbing	Bhakti & Katha	Hindi	Bhakti & Katha	true	48
stations	kabir-clubbing	Kabir Clubbing	43e46f35-5912-4f95-84b9-92edf0d0fb86	neural jogi	kabir-clubbing	Rap & Fusion	English	[Style: Rajasthani Folk Fusion, Mand, Ghoomar, Devotional]  [Concept] Gangaur so	true	48
stations	kabir-clubbing	Kabir Clubbing	6a5dd84e-6da0-4b09-9a52-1db8c4acef47	neural jogi	kabir-clubbing	Rap & Fusion	English	[Style: Rajasthani Folk Fusion, Mand, Ghoomar, Devotional]  [Concept] Gangaur so	true	48
stations	kabir-clubbing	Kabir Clubbing	050e19ec-ac35-452e-bb9e-16277b396b08	गणगौर आई रे… आई रे… आई रे	kabir-clubbing	Bhakti & Katha	Hindi	Bhakti & Katha	true	22
stations	kabir-clubbing	Kabir Clubbing	75687504-db82-463a-96f8-62dd4c6ad2b1	gangaur aayi re aayi re aayi re	kabir-clubbing	Bhakti & Katha	English	Bhakti & Katha	true	21
stations	kabir-clubbing	Kabir Clubbing	971b76d4-9982-4b49-9419-b8e39097a769	हे र अ अ अ	kabir-clubbing	Bhakti & Katha	Hindi	Bhakti & Katha	true	26
stations	kabir-clubbing	Kabir Clubbing	5b1a2a19-1787-49a9-b01a-795121534e08	Dekh mere yaar	kabir-clubbing	Bhakti & Katha	English	Bhakti & Katha	true	27
stations	kabir-clubbing	Kabir Clubbing	a33956a5-2081-468d-b0aa-1507b51cf541	हे र अ अ अ...	kabir-clubbing	Bhakti & Katha	Hindi	Bhakti & Katha	true	42
stations	kabir-clubbing	Kabir Clubbing	5813c3d7-64ae-4dcd-86cc-6c4cc319f0d7	He Ra a a a	kabir-clubbing	Bhakti & Katha	English	Bhakti & Katha	true	51
stations	kabir-clubbing	Kabir Clubbing	7c45ec0d-f3b8-4cb9-beaf-2d74f4302da5	रत्नावली की रत्नावली	kabir-clubbing	Bhakti & Katha	Hindi	Bhakti & Katha	true	125
stations	kabir-clubbing	Kabir Clubbing	dab64572-477f-4561-ae33-43b27a37fb2a	(untitled)	kabir-clubbing	Rap & Fusion	English	High-energy Haryanvi Trap-Folk Fusion, Heavy 808 Bass, Cinematic Sound Design, T	true	33
stations	kabir-clubbing	Kabir Clubbing	b4eb0ad2-7b9a-47a7-9dbb-243f6869fd07	(untitled)	kabir-clubbing	Rap & Fusion	English	Style Descriptor: > Epic Ancient-Futuristic Fusion, Haryanvi Ragni meets Dravidi	true	18
stations	kabir-clubbing	Kabir Clubbing	164acf5c-2f05-4aa5-a11e-e8726aa075c1	(untitled)	kabir-clubbing	Rap & Fusion	English	"Epic Cinematic-Carnatic Fusion. Hybrid of Ancient Mesopotamian Lyre and heavy S	true	31
stations	kabir-clubbing	Kabir Clubbing	bd2091ee-707a-465e-9dff-021eac34daed	(untitled)	kabir-clubbing	Rap & Fusion	English	Style: Dark Ambient Trance, Binaural beats background, Deep male vocals,  Sanskr	true	34
stations	kabir-clubbing	Kabir Clubbing	80a39cda-0980-4c6e-bffb-50088c2967de	(untitled)	kabir-clubbing	Rap & Fusion	English	trance hip-hop haryanvi flavour use train whistle and station ambiances. unique	true	48
stations	kabir-clubbing	Kabir Clubbing	94f4c705-c5c7-4637-b67d-06a21a3e1771	(untitled)	kabir-clubbing	Rap & Fusion	English	trance hip-hop haryanvi flavour	true	48
stations	kabir-clubbing	Kabir Clubbing	edf821b2-166e-4650-a7ca-0b131dcc109b	(untitled)	kabir-clubbing	Rap & Fusion	English	trance hip-hop haryanvi flavour	true	48
stations	kabir-clubbing	Kabir Clubbing	14ce1222-9f05-4f2f-bcdd-c9b871cca5a1	(untitled)	kabir-clubbing	Rap & Fusion	English	trance hip-hop haryanvi flavour	true	57
stations	kabir-clubbing	Kabir Clubbing	3bd10216-5f47-4506-8828-9fc84e552bba	(untitled)	kabir-clubbing	Rap & Fusion	English	trance hip-hop haryanvi flavour	true	57
stations	kabir-clubbing	Kabir Clubbing	4cd1088b-b87b-4b02-b781-ad7ecea54492	(untitled)	kabir-clubbing	Rap & Fusion	English	Intro: Whisper + slow breath + distant “हाय…”  Beat Start: Heartbeat (dhak dhak)	true	67
stations	kabir-clubbing	Kabir Clubbing	08b16e64-f600-411c-807f-6c943c14f56e	kudru ki beti naagin	kabir-clubbing	Naagin & Mystic	English	Genre: World music / emotional instrumental  Mood: Deep longing, universal femal	true	64
stations	kabir-clubbing	Kabir Clubbing	dac36f36-1b07-4909-bd88-88bb40d18bc8	kudru ki beti naagin	kabir-clubbing	Naagin & Mystic	English	Genre: Haryanvi Folk Ragni  Theme: Betrayal and emotional virah of a woman whose	true	56
stations	kabir-clubbing	Kabir Clubbing	e55b3ea6-14b8-462f-b43e-dc03bf4e9f18	kudru ki beti naagin	kabir-clubbing	Naagin & Mystic	English	Genre: Haryanvi Folk Ragni  Theme: Betrayal and emotional virah of a woman whose	true	56
stations	kabir-clubbing	Kabir Clubbing	3f3cee67-4312-4a74-926f-1e1e089df3e5	kudru ki beti naagin	kabir-clubbing	Naagin & Mystic	English	Genre: World music / emotional instrumental  Mood: Deep longing, universal virah	true	56
stations	kabir-clubbing	Kabir Clubbing	dc697cc3-5cb9-43ab-a2de-622b7348bff5	kudru ki beti naagin	kabir-clubbing	Rap & Fusion	English	Psychedelic Haryanvi Folk-Trance, 140 BPM, Piercing Ethnic Been (Snake Charmer F	true	23
stations	kabir-clubbing	Kabir Clubbing	6760d633-7fec-4c2b-9747-6d8f0963d5a2	kudru ki beti naagin	kabir-clubbing	Naagin & Mystic	English	ताल और नाद: वाद्यों (संगीत यंत्रों) से ताल लगाने को कहना उस 'नाद' को पैदा करने क	true	28
stations	kabir-clubbing	Kabir Clubbing	430b028b-8fd1-4267-a16b-8eb1bb791e10	kudru ki beti naagin	kabir-clubbing	Rap & Fusion	English	Create a mystical Aghor Nagini trance track with pungi (snake-charmer flute), kh	true	111
stations	kabir-clubbing	Kabir Clubbing	14fa2fe8-0de2-4ace-9ee4-404348db0270	kudru ki beti naagin	kabir-clubbing	Naagin & Mystic	English	NULL	true	22
stations	kabir-clubbing	Kabir Clubbing	ae318a44-4e70-4bf5-ac17-58cd30dfa4d0	kudru ki beti naagin	kabir-clubbing	Rap & Fusion	English	Haryanvi-Bagri Folk Fusion, Psychedelic Trance, Khamak-driven rhythmic vibration	true	41
stations	kabir-clubbing	Kabir Clubbing	770b4285-cc03-4121-9c55-4fd9e710a9ef	kudru ki beti naagin	kabir-clubbing	Rap & Fusion	English	Haryanvi-Bagri Folk Fusion, Psychedelic Trance, Khamak-driven rhythmic vibration	true	41
stations	kabir-clubbing	Kabir Clubbing	71f75486-1686-40eb-bbf3-1018b7e8b3b7	kudru ki beti naagin	kabir-clubbing	Rap & Fusion	English	Haryanvi-Bagri Folk Fusion, Psychedelic Trance, Khamak-driven rhythmic vibration	true	19
stations	kabir-clubbing	Kabir Clubbing	a3b96400-fe65-4f1c-904d-9aff23390ee0	kudru ki beti naagin	kabir-clubbing	Naagin & Mystic	English	use snake charmers orchestra. aghor rock	true	52
stations	kabir-clubbing	Kabir Clubbing	7c7a4b38-9322-4dcc-a49f-ec91ad8874d0	साँस मेरी देख	kabir-clubbing	Naagin & Mystic	Hindi	Naagin & Mystic	true	49
stations	kabir-clubbing	Kabir Clubbing	09294d81-a6e4-4c9e-a676-98b05856accd	kudru ki beti naagin	kabir-clubbing	Naagin & Mystic	English	use snake charmers orchestra. aghor rock	true	49
stations	kabir-clubbing	Kabir Clubbing	860e7a0e-a8d8-473f-b660-d2449b65da69	kudru ki beti naagin	kabir-clubbing	Naagin & Mystic	English	The Pungi Effect: पुंगी की आवाज़ को 'Eco' और 'Reverb' के साथ इस्तेमाल करें ताकि	true	52
stations	kabir-clubbing	Kabir Clubbing	4d9a720f-aeeb-408e-b64a-c666f1db644a	kudru ki beti naagin	kabir-clubbing	Naagin & Mystic	English	The Pungi Effect: पुंगी की आवाज़ को 'Eco' और 'Reverb' के साथ इस्तेमाल करें ताकि	true	45
stations	kabir-clubbing	Kabir Clubbing	97570150-635e-406d-b142-62c45c19be2d	साँस मेरी देख	kabir-clubbing	Naagin & Mystic	Hindi	Naagin & Mystic	true	45
stations	kabir-clubbing	Kabir Clubbing	b7e6675d-ed56-4e23-964d-9614994fca12	kudru ki beti naagin	kabir-clubbing	Naagin & Mystic	English	Desi haryanvi SuperFun superstar nagin. 1 soulfull pungi bridge. 1 one stringed	true	39
stations	kabir-clubbing	Kabir Clubbing	5fe2fc4c-7692-43dd-ab51-5478384c4dfc	नागिन है	kabir-clubbing	Naagin & Mystic	Hindi	Naagin & Mystic	true	40
stations	kabir-clubbing	Kabir Clubbing	3039cb6f-dd49-498f-826d-d7774013946e	(untitled)	kabir-clubbing	Rap & Fusion	English	The Drill Beat: गाने के बीच में जब 'ड्रिल भी लेगे' आए, तो संगीत में एक मशीनी धात	true	79
stations	kabir-clubbing	Kabir Clubbing	69ad7184-23e8-475b-8193-a947d68dc738	लालाल-लाल हनु होनी बोले	kabir-clubbing	Bhakti & Katha	Hindi	Bhakti & Katha	true	79
stations	kabir-clubbing	Kabir Clubbing	a8134b33-18e5-4f3f-a044-32a2f8db1161	लालाल-लाल हनु होनी बोले	kabir-clubbing	Bhakti & Katha	Hindi	Bhakti & Katha	true	82
stations	kabir-clubbing	Kabir Clubbing	769d1a0a-cfa4-40ca-95d0-0f7761260847	(untitled)	kabir-clubbing	Rap & Fusion	English	The Drill Beat: गाने के बीच में जब 'ड्रिल भी लेगे' आए, तो संगीत में एक मशीनी धात	true	82
stations	kabir-clubbing	Kabir Clubbing	8b14bc36-b9fc-409a-9efd-acd558db7d7f	(untitled)	kabir-clubbing	Rap & Fusion	English	The Drill Beat: गाने के बीच में जब 'ड्रिल भी लेगे' आए, तो संगीत में एक मशीनी धात	true	88
stations	kabir-clubbing	Kabir Clubbing	b3f171d7-567c-439e-9d6c-8aec3854e4a1	मने मेरी माँ	kabir-clubbing	Bhakti & Katha	Hindi	Bhakti & Katha	true	88
stations	kabir-clubbing	Kabir Clubbing	9b80022a-996a-488b-82c6-8377e3dda26a	(untitled)	kabir-clubbing	Bhakti & Katha	English	सिनेमैटिक ड्रामा कैरेक्टर्स लार्जर देन लाइफ न्यूरल चक्रा अवेकनिंग the science वै	true	19
stations	kabir-clubbing	Kabir Clubbing	4edf51d3-f4e1-4827-a506-85192bc47867	दृश्य: महामात्य का 'विराट' क्रोध	kabir-clubbing	Bhakti & Katha	Hindi	Bhakti & Katha	true	19
stations	kabir-clubbing	Kabir Clubbing	ca39964f-fe6f-417b-8869-8ff0a2749fab	(untitled)	kabir-clubbing	Bhakti & Katha	English	सिनेमैटिक ड्रामा कैरेक्टर्स लार्जर देन लाइफ न्यूरल चक्रा अवेकनिंग the science वै	true	13
stations	kabir-clubbing	Kabir Clubbing	98fd044c-85e8-4661-bfd1-c295679b7801	(untitled)	kabir-clubbing	Bhakti & Katha	English	सिनेमैटिक ड्रामा कैरेक्टर्स लार्जर देन लाइफ न्यूरल चक्रा अवेकनिंग the science वै	true	13
stations	kabir-clubbing	Kabir Clubbing	5dae1dc4-0ca1-43fa-8d39-63cbce1d6cc4	मने मेरी माँ	kabir-clubbing	Bhakti & Katha	Hindi	Bhakti & Katha	true	177
stations	kabir-clubbing	Kabir Clubbing	fe0a5f9a-addb-4bcf-8cec-503ccf732ea0	मने मेरी माँ	kabir-clubbing	Bhakti & Katha	Hindi	Bhakti & Katha	true	177
stations	kabir-clubbing	Kabir Clubbing	8372084d-8049-4db1-a68a-fd8ac5eb438c	मने मेरी माँ	kabir-clubbing	Bhakti & Katha	Hindi	Bhakti & Katha	true	96
stations	kabir-clubbing	Kabir Clubbing	46a0e0b1-a456-4550-b57d-dd7271cf0096	(untitled)	kabir-clubbing	Rap & Fusion	English	super fun funky rap mix hyper fun	true	37
stations	kabir-clubbing	Kabir Clubbing	114a0d17-28b3-4a56-a251-50c1fbf4f659	(untitled)	kabir-clubbing	Rap & Fusion	English	super fun funky rap mix hyper fun	true	37
stations	kabir-clubbing	Kabir Clubbing	80c9a826-108b-4377-9983-7d052c254217	(untitled)	kabir-clubbing	Rap & Fusion	English	सुपर फ़न फंकी कुतिया कुक्कुर रैप अंदर तक फ़न। हास्य और ज्ञान का भाव। गंभीर बात व	true	37
stations	kabir-clubbing	Kabir Clubbing	73f2af74-5054-49d8-896c-e82524eddc06	(untitled)	kabir-clubbing	Rap & Fusion	English	full on masti, dj, dance, dj banger,, full on drum beats, with full on trumpet	true	24
stations	kabir-clubbing	Kabir Clubbing	3ce196ce-9876-4bc9-8d96-a2d296db8b1c	(untitled)	kabir-clubbing	Rap & Fusion	English	dj banger, full on masti, dj, dance, लहर, full on drum beats, with full on trum	true	24
stations	kabir-clubbing	Kabir Clubbing	beb18e30-ad60-4f61-b962-bf72577a984c	(untitled)	kabir-clubbing	Rap & Fusion	English	super fun funky rap with dog souls..  a bitch being  requested by dog. howls, do	true	26
stations	kabir-clubbing	Kabir Clubbing	71819a1c-7df5-443a-bedf-56c547e4efe1	(untitled)	kabir-clubbing	Rap & Fusion	English	super fun funky rap with dog souls..  a bitch being  requested by dog. howls, do	true	26
stations	kabir-clubbing	Kabir Clubbing	5e09dadb-f03e-4b45-b8fa-7a825b7cdb46	(untitled)	kabir-clubbing	Rap & Fusion	English	super fun funky rap with dog souls..  a bitch being  requested by dog. howls, do	true	26
stations	kabir-clubbing	Kabir Clubbing	9b58de99-1027-44cb-bcfb-cb9727dd1c42	(untitled)	kabir-clubbing	Rap & Fusion	English	super fun funky rap with dog souls..  a bitch being  requested by dog. howls, do	true	26
stations	kabir-clubbing	Kabir Clubbing	96b01103-f99a-4fd7-87f8-53354681845d	(untitled)	kabir-clubbing	Rap & Fusion	English	hyper rap	true	26
stations	kabir-clubbing	Kabir Clubbing	7de27deb-3279-4b67-a31c-0a53042c556e	(untitled)	kabir-clubbing	Rap & Fusion	English	hyper rap	true	26
stations	kabir-clubbing	Kabir Clubbing	2339fc5d-3d73-4745-b001-53d00b204c3d	(untitled)	kabir-clubbing	Rap & Fusion	English	Haryanvi Folk Pop, Trap, Energetic, Raw, Male Vocals, Dholak, Harmonium	true	26
stations	kabir-clubbing	Kabir Clubbing	6434e417-4488-4db2-856e-37c633ed4491	(untitled)	kabir-clubbing	Rap & Fusion	English	Haryanvi Folk Pop, Trap, Energetic, Raw, Male Vocals, Dholak, Harmonium	true	26
stations	kabir-clubbing	Kabir Clubbing	4bb71763-a381-4680-aace-94dddb13d3f5	सुनो र मेरी शान फौजी	kabir-clubbing	Bhakti & Katha	Hindi	Bhakti & Katha	true	32
stations	kabir-clubbing	Kabir Clubbing	d4ffa363-4285-40ba-8e17-48ff83716c88	हाय र मेरी शान फौजी	kabir-clubbing	Bhakti & Katha	Hindi	Bhakti & Katha	true	46
stations	kabir-clubbing	Kabir Clubbing	00dc1de7-95fa-48ae-98bc-cfa3a4e35ef3	हाय र मेरी शान फौजी	kabir-clubbing	Bhakti & Katha	Hindi	Bhakti & Katha	true	70
stations	kabir-clubbing	Kabir Clubbing	ee50a4e3-c4b6-4f9b-9063-c75f82168ff5	जय हिन्द – जय हिन्द के नारे त	kabir-clubbing	Bhakti & Katha	Hindi	Bhakti & Katha	true	48
stations	kabir-clubbing	Kabir Clubbing	0ea61384-e105-4758-9481-a5ebd3204d19	(untitled)	kabir-clubbing	Rap & Fusion	English	title Pop, Indie Pop tapasya  upanishadic epic rap  prompt  cinematic spiritual	true	79
stations	kabir-clubbing	Kabir Clubbing	3c9729ee-8720-460f-8d5a-b37b5b52d274	(untitled)	kabir-clubbing	Rap & Fusion	English	Epic Upanishadic rap about Dhruva from Bhagavata Purana. Deep cinematic bass, ba	true	85
stations	kabir-clubbing	Kabir Clubbing	e9ed9222-9fbc-46ee-8946-506aaa0fa006	(untitled)	kabir-clubbing	Rap & Fusion	English	Haryanvi ragni folk song with trap rap flow but only traditional instruments. Us	true	74
stations	kabir-clubbing	Kabir Clubbing	0b19285e-3b76-42bf-80ae-41d8fde84fea	(untitled)	kabir-clubbing	Rap & Fusion	English	Haryanvi ragni folk song with trap rap flow but only traditional instruments. Us	true	74
stations	kabir-clubbing	Kabir Clubbing	ba695ae4-1b95-4193-b8db-5a873b79c6c4	म्हारी माता के मस्तक पे	kabir-clubbing	Bhakti & Katha	Hindi	Bhakti & Katha	true	76
stations	kabir-clubbing	Kabir Clubbing	2f477298-ce1a-472e-b84b-8930b9c66478	(untitled)	kabir-clubbing	Rap & Fusion	English	Epic Haryanvi stadium anthem, folk + rap fusion, powerful male chorus, nagada dr	true	76
stations	kabir-clubbing	Kabir Clubbing	915943e4-087a-4961-9b3c-e24b00c223b8	(untitled)	kabir-clubbing	Rap & Fusion	English	Tempo: 92–96 BPM Trap + Ethnic Drums  Instruments: Rudra veena, damru, French ho	true	95
stations	kabir-clubbing	Kabir Clubbing	2b8896a5-71c2-4521-b7e8-8a07648444d3	(untitled)	kabir-clubbing	Rap & Fusion	English	Tempo: 92–96 BPM Trap + Ethnic Drums  Instruments: Rudra veena, damru, French ho	true	96
stations	kabir-clubbing	Kabir Clubbing	01105ba5-4a3d-4314-8720-0437796ffc45	नम्मा	kabir-clubbing	Bhakti & Katha	Hindi	Bhakti & Katha	true	92
stations	kabir-clubbing	Kabir Clubbing	711f7e2e-f0b6-4c14-8e99-e10c4e480b9e	दौड़ में सब जीत लिया	kabir-clubbing	Bhakti & Katha	Hindi	Bhakti & Katha	true	38
stations	kabir-clubbing	Kabir Clubbing	a922b75d-8465-4cea-b908-b28e65969c56	(untitled)	kabir-clubbing	Rap & Fusion	English	Hard Philosophical Rap — “नियमों का हऊआ”  दार्शनिक, व्यंग्यात्मक और तीखा clear m	true	69
stations	kabir-clubbing	Kabir Clubbing	0eb2d750-cbc8-4f32-a693-53d8d313e086	(untitled)	kabir-clubbing	Rap & Fusion	English	Chinese folk melody + Sufi Qawwali + philosophical hip-hop rap fusion. Male powe	true	38
stations	kabir-clubbing	Kabir Clubbing	a83302ba-61f6-48d3-98d6-d5f17a0e49b8	(untitled)	kabir-clubbing	Rap & Fusion	English	epic spiritual world fusion song, powerful male qawwali singer, cinematic produc	true	38
stations	kabir-clubbing	Kabir Clubbing	44ef161a-fd07-43af-bc23-c78ad8ea773f	(untitled)	kabir-clubbing	Rap & Fusion	English	Hard Philosophical Rap — “नियमों का हऊआ”  दार्शनिक, व्यंग्यात्मक और तीखा clear m	true	70
stations	kabir-clubbing	Kabir Clubbing	b7d087b3-1e0d-4990-b8aa-4710ea0af909	(untitled)	kabir-clubbing	Rap & Fusion	English	Hard Philosophical Rap — “नियमों का हऊआ”  दार्शनिक, व्यंग्यात्मक और तीखा clear m	true	69
stations	kabir-clubbing	Kabir Clubbing	31740e34-6f43-4223-91e9-739374878a3d	(untitled)	kabir-clubbing	Rap & Fusion	English	Hard Philosophical Rap — “नियमों का हऊआ”  दार्शनिक, व्यंग्यात्मक और तीखा clear m	true	69
stations	kabir-clubbing	Kabir Clubbing	297597bc-b729-4b1f-9b1b-9f422c20d617	(untitled)	kabir-clubbing	Rap & Fusion	English	Hard Philosophical Rap — “नियमों का हऊआ”  दार्शनिक, व्यंग्यात्मक और तीखा clear m	true	61
stations	kabir-clubbing	Kabir Clubbing	dbe4cfd2-9ac6-4fc5-a67c-a5ac9669c690	(untitled)	kabir-clubbing	Rap & Fusion	English	Hard Philosophical Rap — “नियमों का हऊआ”  दार्शनिक, व्यंग्यात्मक और तीखा clear m	true	68
stations	kabir-clubbing	Kabir Clubbing	35380dae-bb24-481e-a416-af515d22edc3	(untitled)	kabir-clubbing	Rap & Fusion	English	Hard Philosophical Rap — “नियमों का हऊआ”  दार्शनिक, व्यंग्यात्मक और तीखा clear m	true	57
stations	kabir-clubbing	Kabir Clubbing	a6a27e86-3c84-453d-8d74-eeedd44ba048	(untitled)	kabir-clubbing	Rap & Fusion	English	Hard Philosophical Rap — “नियमों का हऊआ”  दार्शनिक, व्यंग्यात्मक और तीखा clear m	true	56
stations	kabir-clubbing	Kabir Clubbing	89ba03d5-ee75-473b-b331-4013c130a44a	(untitled)	kabir-clubbing	Rap & Fusion	English	Hard Philosophical Rap — “नियमों का हऊआ”  दार्शनिक, व्यंग्यात्मक और तीखा clear m	true	71
stations	kabir-clubbing	Kabir Clubbing	90e901c9-4ec2-40b0-af7f-1e81570ae502	(untitled)	kabir-clubbing	Rap & Fusion	English	kids rap	true	52
stations	kabir-clubbing	Kabir Clubbing	a9f1f04b-bcc9-49ba-b1b1-d71abc204a0c	(untitled)	kabir-clubbing	Rap & Fusion	English	kids rap	true	52
stations	kabir-clubbing	Kabir Clubbing	6566cc36-9229-4c37-9ea5-5692ffbf2526	(untitled)	kabir-clubbing	Rap & Fusion	English	kids rap	true	16
stations	kabir-clubbing	Kabir Clubbing	ffa5cf10-0865-4bac-9d60-f37822b2f922	Verse 1	kabir-clubbing	Bhakti & Katha	English	Bhakti & Katha	true	40
stations	kabir-clubbing	Kabir Clubbing	b3551c59-d528-429c-a6a6-0768b5981845	उत्कर्ष का आभास है	kabir-clubbing	Bhakti & Katha	Hindi	Bhakti & Katha	true	28
stations	kabir-clubbing	Kabir Clubbing	764eab1d-f307-4665-bfc4-feb4bbb042a4	muniya	kabir-clubbing	Rap & Fusion	English	Aggressive Indian hard rap, underground hip hop, dark spiritual theme, heavy 808	true	51
stations	kabir-clubbing	Kabir Clubbing	ced1ef9f-bfc6-4a3a-9818-6308807aef1e	muniya	kabir-clubbing	Rap & Fusion	English	Aggressive Indian philosophical hip-hop rap. Deep male voice with powerful deliv	true	44
stations	kabir-clubbing	Kabir Clubbing	920388e7-ef57-4d79-98b1-2a977977bb39	ये दुनिया झूठ का मेला है	kabir-clubbing	Rap & Fusion	Hindi	Rap & Fusion	true	58
stations	kabir-clubbing	Kabir Clubbing	b54e87b1-dff9-41bf-969d-e0a19cce756c	muniya	kabir-clubbing	Rap & Fusion	English	Aggressive Indian hard rap, underground hip hop, dark spiritual theme, heavy 808	true	57
stations	kabir-clubbing	Kabir Clubbing	c566f06c-9015-4d31-9d83-5f54111a1d61	muniya	kabir-clubbing	Rap & Fusion	English	Aggressive Indian hard rap, underground hip hop, dark spiritual theme, heavy 808	true	48
stations	kabir-clubbing	Kabir Clubbing	ee7a49e1-a296-4e95-acfb-ff3390b8c92f	muniya	kabir-clubbing	Rap & Fusion	English	Aggressive Indian hard rap, underground hip hop, dark spiritual theme, heavy 808	true	48
stations	kabir-clubbing	Kabir Clubbing	a5ddb660-04fc-46c2-b2b3-145c9da1449e	muniya	kabir-clubbing	Rap & Fusion	English	Aggressive Indian hard rap, underground hip hop, dark spiritual theme, heavy 808	true	58
stations	kabir-clubbing	Kabir Clubbing	4bf11224-86d3-49f9-8ddd-60e3375da890	red compare	kabir-clubbing	Rap & Fusion	English	Hard philosophical divine hip-hop, Indian spiritual rap, deep male voice, mystic	true	48
stations	kabir-clubbing	Kabir Clubbing	f300c6d7-1406-4536-a0f3-80e6ae23cc66	red compare	kabir-clubbing	Rap & Fusion	English	hyper rap	true	58
stations	kabir-clubbing	Kabir Clubbing	2819887e-1ed1-4383-aad3-921d07bae811	जब तक “दो” था ही नहीं	kabir-clubbing	Rap & Fusion	Hindi	Rap & Fusion	true	48
stations	kabir-clubbing	Kabir Clubbing	9145668e-e9bf-4d35-967b-50a953dcf0f9	red compare	kabir-clubbing	Rap & Fusion	English	Hard divine hip-hop, philosophical rap, deep Indian spiritual vibe, male powerfu	true	48
stations	kabir-clubbing	Kabir Clubbing	5b4e7c91-3ba1-403e-8ee8-215dc22f61b3	red compare	kabir-clubbing	Rap & Fusion	English	hyper rap	true	58
stations	kabir-clubbing	Kabir Clubbing	dd614877-e23b-45fa-b39a-80fa94764196	red compare	kabir-clubbing	Rap & Fusion	English	Hard Divine Hip-Hop with Sufi spiritual undertone. Hindi rap, deep powerful male	true	58
stations	kabir-clubbing	Kabir Clubbing	ca2f7d24-dce8-4f7e-8f4d-63b8c399382c	red compare	kabir-clubbing	Rap & Fusion	English	Revolutionary Hindi rap mixed with Sufi folk. Male deep voice, intense delivery.	true	32
stations	kabir-clubbing	Kabir Clubbing	017eae0e-3187-4026-8476-c835ec9d9c4c	red compare	kabir-clubbing	Rap & Fusion	English	Fast rap version (200 BPM) 🔥 Divine battle rap of gods and human	true	56
stations	kabir-clubbing	Kabir Clubbing	80c5903a-5fb9-4a5c-b183-abf496ee486c	red compare	kabir-clubbing	Rap & Fusion	English	Fast rap version (200 BPM) 🔥 Divine battle rap of gods and human	true	56
stations	kabir-clubbing	Kabir Clubbing	c1566bd7-d739-4e75-a23f-eb87d2905be2	कोई बताओ इन रेखाओं को	kabir-clubbing	Rap & Fusion	Hindi	Rap & Fusion	true	56
stations	kabir-clubbing	Kabir Clubbing	20ac85f2-c56a-4083-8706-6f1531493cea	red compare	kabir-clubbing	Rap & Fusion	English	hard philosophical rap indian spiritual hiphop deep male voice aggressive delive	true	56
stations	kabir-clubbing	Kabir Clubbing	5d48bd7a-3499-431d-b9e1-a84103c69938	red compare	kabir-clubbing	Rap & Fusion	English	haryanvi ragni fusion male	true	51
stations	kabir-clubbing	Kabir Clubbing	a25843ec-cf77-404a-ba33-1c77bf208a5f	जय सिया राम	kabir-clubbing	Bhakti & Katha	Hindi	Bhakti & Katha	true	76
stations	kabir-clubbing	Kabir Clubbing	ca288e06-1055-405b-b5d6-0658613608d7	ram ki gilahari	kabir-clubbing	Rap & Fusion	English	Indian EDM bhajan fusion. Tempo: 110 BPM. Style: devotional electronic + festiva	true	76
stations	kabir-clubbing	Kabir Clubbing	f281e5bc-94e4-4a34-a3f4-601fcbfb4f1b	ram ki gilahari	kabir-clubbing	Rap & Fusion	English	Indian EDM bhajan fusion. Tempo: 110 BPM. Style: devotional electronic + festiva	true	76
stations	kabir-clubbing	Kabir Clubbing	1a0e5d48-e452-49c3-aa99-901dbf9b1e23	राम की गिलहरी का एक ही काम	kabir-clubbing	Bhakti & Katha	Hindi	Bhakti & Katha	true	11
stations	kabir-clubbing	Kabir Clubbing	e60a91fa-776c-4076-8d17-2b16fc0b4a46	जय सिया राम	kabir-clubbing	Bhakti & Katha	Hindi	Bhakti & Katha	true	38
stations	kabir-clubbing	Kabir Clubbing	d8019a5d-29e1-445e-a172-633778687c7d	पपिया	kabir-clubbing	Rap & Fusion	Hindi	Indian EDM bhajan fusion. Tempo: 110 BPM. Style: devotional electronic + festiva	true	38
stations	kabir-clubbing	Kabir Clubbing	bb19047e-add0-43b2-8a8c-9b3350c0666d	पपिया	kabir-clubbing	Rap & Fusion	Hindi	Haryanvi folk fusion song with emotional rural storytelling. Male raw voice with	true	75
stations	kabir-clubbing	Kabir Clubbing	f478b032-6f73-4a1e-8e33-cd1862b9037e	सुन	kabir-clubbing	Rap & Fusion	Hindi	Rap & Fusion	true	51
stations	kabir-clubbing	Kabir Clubbing	528f2a41-6fab-4d6b-b0f0-45a21fb3cfee	कालिख के भीतर	kabir-clubbing	Rap & Fusion	Hindi	Style: Hard Philosophical Rap / Divine Hip-Hop Tempo: 95 BPM Key: D minor Mood:	true	51
stations	kabir-clubbing	Kabir Clubbing	9bf062dd-ac56-449f-9f77-b6f50d235b4e	दो नयनों के बीच में	kabir-clubbing	Rap & Fusion	Hindi	Rap & Fusion	true	36
stations	kabir-clubbing	Kabir Clubbing	38e46be7-3f17-43e1-8de5-3661e8c064e3	कालिख के भीतर	kabir-clubbing	Rap & Fusion	Hindi	Genre: Philosophical Sufi Rap Fusion Tempo: 90 BPM Scale: D minor Mood: Deep, in	true	36
stations	kabir-clubbing	Kabir Clubbing	cdb84859-bd8f-43a9-b7f9-6a080b49e779	कालिख के भीतर	kabir-clubbing	Rap & Fusion	Hindi	Genre: Philosophical Sufi Rap Fusion Tempo: 90 BPM Scale: D minor Mood: Deep, in	true	40
stations	kabir-clubbing	Kabir Clubbing	6b1f15fd-b06f-4ab7-a74e-dc18eab976cd	अंदर भरी थी कालिख बेमिसाल	kabir-clubbing	Rap & Fusion	Hindi	Rap & Fusion	true	40
stations	kabir-clubbing	Kabir Clubbing	fb702292-2df5-48c4-a411-e9ef6e6dee7c	तू तो न्यू चाले छोरी	kabir-clubbing	Bhakti & Katha	Hindi	Bhakti & Katha	true	58
stations	kabir-clubbing	Kabir Clubbing	40f5ec47-9a5c-45e0-8821-71f32e377d2c	अगड़म बगड़म डिगड़म डू	kabir-clubbing	Bhakti & Katha	Hindi	Bhakti & Katha	true	53
stations	kabir-clubbing	Kabir Clubbing	5cb1b6d1-c87b-4bd1-a81b-6c2531a63320	mahadev	kabir-clubbing	Rap & Fusion	English	breathless rap	true	41
stations	kabir-clubbing	Kabir Clubbing	a02e5b7b-4082-4379-8728-b47dd277d6bc	mahadev	kabir-clubbing	Rap & Fusion	English	"Agori Folk-Rock, Cinematic Shiva Tandav, Tribal Fusion, High-energy Dhak and Da	true	44
stations	kabir-clubbing	Kabir Clubbing	a1b21d0a-772f-4abb-844b-e635fe83916d	mahadev	kabir-clubbing	Rap & Fusion	English	"Agori Folk-Rock, Cinematic Shiva Tandav, Tribal Fusion, High-energy Dhak and Da	true	44
stations	kabir-clubbing	Kabir Clubbing	6815cf49-e461-4ae3-a61f-755b3568de88	माएं तू मान जाइये रि	kabir-clubbing	Bhakti & Katha	Hindi	Bhakti & Katha	true	30
stations	kabir-clubbing	Kabir Clubbing	c7eb6659-3af1-4afd-9c2e-73cd9ddbaa3a	माएं तू मान जाइये रि	kabir-clubbing	Bhakti & Katha	Hindi	Bhakti & Katha	true	37
stations	kabir-clubbing	Kabir Clubbing	bd0e5226-f00f-414a-83dc-c3845c5cfc52	bhagat ki maa	kabir-clubbing	Rap & Fusion	English	Haryanvi Accent , Style: Haryanvi Folk Fusion, Patriotic Rock, Powerful Male Voc	true	37
stations	kabir-clubbing	Kabir Clubbing	21f36fd3-91ca-4f6f-a5b9-1a61d8438a3d	bhagat ki maa	kabir-clubbing	Rap & Fusion	English	Haryanvi Accent , Style: Haryanvi Folk Fusion, Patriotic Rock, Powerful Male Voc	true	37
stations	kabir-clubbing	Kabir Clubbing	cf2b9095-277e-40b6-b9c3-2aca73883c48	मेकाले के जाल में	kabir-clubbing	Rap & Fusion	Hindi	Rap & Fusion	true	38
stations	kabir-clubbing	Kabir Clubbing	7d670bc0-8519-486b-a33c-0bc00f021318	abdul	kabir-clubbing	Rap & Fusion	English	hyper rap.. greek.. thrill.. conspiracy.. anger.. hope	true	16
stations	kabir-clubbing	Kabir Clubbing	5884fc52-aa08-4850-912b-272e7b063c6d	मेकाले के जाल में	kabir-clubbing	Rap & Fusion	Hindi	hyper rap.. greek.. thrill.. conspiracy.. anger.. hope	true	38
stations	kabir-clubbing	Kabir Clubbing	03cd6e42-1ff0-486e-a597-17b4f5bf7db8	अब्दुल नहीं है पंचर वाला	kabir-clubbing	Rap & Fusion	Hindi	Rap & Fusion	true	16
stations	kabir-clubbing	Kabir Clubbing	a9505c01-2145-47a6-bf34-71f71a1c7798	mooshak	kabir-clubbing	Rap & Fusion	English	Indian hip hop fusion, boom bap beat, tabla percussion, tanpura drone, cinematic	true	20
stations	kabir-clubbing	Kabir Clubbing	99e3f540-91d6-46d9-a363-a20ab43ac51d	superman	kabir-clubbing	Rap & Fusion	English	haryanvi super energy  rap	true	74
stations	kabir-clubbing	Kabir Clubbing	78837c54-c069-4a21-9043-052477368de3	superman	kabir-clubbing	Rap & Fusion	English	haryanvi super energy hip hop rap	true	74
stations	kabir-clubbing	Kabir Clubbing	c964708d-4954-4972-bfd9-eb13399ed835	superman	kabir-clubbing	Rap & Fusion	English	haryanvi super energy hip hop rap	true	74
stations	kabir-clubbing	Kabir Clubbing	9a171e56-f4d0-4e86-8dd8-b88e38cfe848	superman	kabir-clubbing	Rap & Fusion	English	haryanvi super energy hip hop rap	true	74
stations	kabir-clubbing	Kabir Clubbing	8c4d0b31-24ca-46ea-8d9e-01e80745e77f	superman	kabir-clubbing	Rap & Fusion	English	haryanvi super energy hip hop rap	true	74
stations	kabir-clubbing	Kabir Clubbing	e547d7c0-12d6-41a8-bfb3-1a6b84a2f447	(untitled)	kabir-clubbing	Rap & Fusion	English	folk fusion	true	26
stations	kabir-clubbing	Kabir Clubbing	40e5bcc1-b2c0-467d-b3cd-7f4b8310f042	(untitled)	kabir-clubbing	Rap & Fusion	English	folk fusion	true	26
stations	kabir-clubbing	Kabir Clubbing	f0f3206d-e731-4bb5-9182-1b17907541b8	(untitled)	kabir-clubbing	Rap & Fusion	English	folk fusion	true	26
stations	sanaatana-vaigyaniq	Sanaatana Vaigyaniq	30e92ffe-423f-48cf-9e93-5fd9bb7113c1	विज़ुअल: अंतरिक्ष में तैरते हुए ३३-डिजिट संख्या	sanaatana-vaigyaniq	Sanatan & Vedic	Sanskrit	Sanatan & Vedic	true	30
stations	sanaatana-vaigyaniq	Sanaatana Vaigyaniq	d5f6d9bc-5c76-48d6-859d-957ef84f79b3	हनुमान-अनुमान छट	sanaatana-vaigyaniq	Sanatan & Vedic	Sanskrit	Heavy cinematic Vedic metal-phonk epic, 115 to 142 BPM, roaring traditional dhol	true	28
stations	sanaatana-vaigyaniq	Sanaatana Vaigyaniq	1bb556f0-a4fb-4994-9096-3ab4f66de0b8	विज़ुअल: अंतरिक्ष में घूमते सूर्य और ग्रहों के ब	sanaatana-vaigyaniq	Sanatan & Vedic	Sanskrit	Sanatan & Vedic	true	28
stations	sanaatana-vaigyaniq	Sanaatana Vaigyaniq	ada89c81-d8fa-4ec0-9938-d9435397b7cd	हा... हू... हौ... हन्... हनु... हनु... हनु... मा	sanaatana-vaigyaniq	Sanatan & Vedic	Sanskrit	Sanatan & Vedic	true	29
stations	sanaatana-vaigyaniq	Sanaatana Vaigyaniq	0691bbaf-1f16-453a-9c00-0eecd71d1e14	३३-डिजिट नियॉन	sanaatana-vaigyaniq	Sanatan & Vedic	Sanskrit	Hyper-aggressive cinematic Vedic folk-hop epic, 115 BPM, rapid-fire phonetic sta	true	29
stations	sanaatana-vaigyaniq	Sanaatana Vaigyaniq	bcb08d50-076e-4408-ae04-389701191ee3	Vocals : "हा... हू... हौ... हन्... हनु... हनु...	sanaatana-vaigyaniq	Sanatan & Vedic	English	Sanatan & Vedic	true	32
stations	sanaatana-vaigyaniq	Sanaatana Vaigyaniq	31cd60d6-6b7d-4e15-9847-9c3866d60440	जुग सहस्र जोजन पर भानू	sanaatana-vaigyaniq	Sanatan & Vedic	Sanskrit	Sanatan & Vedic	true	29
stations	sanaatana-vaigyaniq	Sanaatana Vaigyaniq	1fe3b620-3a18-4632-b128-12c1b2245f47	Hyper-dynamic Indian electronic folk-pop	sanaatana-vaigyaniq	Sanatan & Vedic	English	Sanatan & Vedic	true	14
stations	sanaatana-vaigyaniq	Sanaatana Vaigyaniq	83db2f7e-ae48-418d-9587-c807af8e24e3	चक्र-इंजन शंखनाद	sanaatana-vaigyaniq	Sanatan & Vedic	Sanskrit	Aggressive cinematic Vedic folk-hop epic, 115 BPM, intense traditional Chalisa r	true	29
stations	sanaatana-vaigyaniq	Sanaatana Vaigyaniq	9b8b2f04-0e8b-4270-af63-84bd21bb7574	```text	sanaatana-vaigyaniq	Sanatan & Vedic	English	Sanatan & Vedic	true	41
stations	sanaatana-vaigyaniq	Sanaatana Vaigyaniq	1f6a6bc0-d85f-4858-b13d-776e839401cf	द सनातन एक्सप्रेस	sanaatana-vaigyaniq	Sanatan & Vedic	Sanskrit	NULL	true	41
stations	sanaatana-vaigyaniq	Sanaatana Vaigyaniq	2cde1a1a-4b66-4a74-ba16-bd13a1f93fd4	छत की चादर	sanaatana-vaigyaniq	Classical & Raag	Hindi	[Style: Hindustani Classical + Folk + Bollywood Sad + Acoustic Guitar + Tabla +	true	23
stations	sanaatana-vaigyaniq	Sanaatana Vaigyaniq	467d741a-c022-402a-b47d-0a2abb53f043	छत वाला सितारों	sanaatana-vaigyaniq	Classical & Raag	Hindi	[Style: Hindustani Classical + Folk + Bollywood Sad + Acoustic Guitar + Tabla +	true	23
stations	sanaatana-vaigyaniq	Sanaatana Vaigyaniq	832210ad-c382-4ee4-8099-264df30ef06c	ताल: आदि तीव्र	sanaatana-vaigyaniq	Sanatan & Vedic	Sanskrit	Sanatan & Vedic	true	128
stations	sanaatana-vaigyaniq	Sanaatana Vaigyaniq	58a470f5-a299-4fb9-b539-f879df9db3c0	🎵 ka kaa rahasya niraalaa	sanaatana-vaigyaniq	Sanatan & Vedic	English	Sanatan & Vedic	true	99
stations	sanaatana-vaigyaniq	Sanaatana Vaigyaniq	d85bffd9-6420-4844-bef4-34a1ed0cfffd	🎵 क का रहस्य निराला	sanaatana-vaigyaniq	Sanatan & Vedic	Sanskrit	Sanatan & Vedic	true	83
stations	sanaatana-vaigyaniq	Sanaatana Vaigyaniq	c086c759-c522-42a2-9718-bf85eb3d3dc7	ekla chalo re... nahi	sanaatana-vaigyaniq	Sanatan & Vedic	English	Sanatan & Vedic	true	131
stations	sanaatana-vaigyaniq	Sanaatana Vaigyaniq	f090d601-40e5-4874-b303-4bc84220564c	ka kau ke	sanaatana-vaigyaniq	Sanatan & Vedic	English	Sanatan & Vedic	true	51
stations	sanaatana-vaigyaniq	Sanaatana Vaigyaniq	c0a0b8a2-6b5b-4c50-a7d1-5bd85bd7e24d	छुक-छुक गाड़ी	sanaatana-vaigyaniq	Classical & Raag	Hindi	Playful energetic Indian classical folk-pop, 112 BPM, bouncy tech-folk sarangi,	true	28
stations	sanaatana-vaigyaniq	Sanaatana Vaigyaniq	9438a33e-1869-4686-89f7-2b1b3746fbe8	छुक-छुक चलती कोडिंग की गाड़ी	sanaatana-vaigyaniq	Sanatan & Vedic	Sanskrit	Sanatan & Vedic	true	36
stations	sanaatana-vaigyaniq	Sanaatana Vaigyaniq	61a1c2e8-6e9b-4636-b976-9c0a3c82cc60	राजधर्म चक्र	sanaatana-vaigyaniq	Sanatan & Vedic	Sanskrit	Heavy Industrial Drop, Vedic chanting trap mix, fast-paced aggressive rap cadenc	true	41
stations	sanaatana-vaigyaniq	Sanaatana Vaigyaniq	2ed5e119-5a3e-4f8f-9802-0b0a921375b4	महामात्य का आदेश सुनो अब	sanaatana-vaigyaniq	Sanatan & Vedic	Sanskrit	Sanatan & Vedic	true	41
stations	sanaatana-vaigyaniq	Sanaatana Vaigyaniq	cc265065-cce9-480d-8e32-6f6530047d9b	कक्षा सात का गणित प्रकाश	sanaatana-vaigyaniq	Sanatan & Vedic	Sanskrit	Sanatan & Vedic	true	37
stations	sanaatana-vaigyaniq	Sanaatana Vaigyaniq	28ed327a-4860-4957-a494-fcd59d36bcd9	Shankhnaad Cowbell Drop	sanaatana-vaigyaniq	Sanatan & Vedic	English	High-energy Cyberpunk Phonk fused with Aggressive Indian Drill, crushing distort	true	37
stations	sanaatana-vaigyaniq	Sanaatana Vaigyaniq	e038f00c-f649-44ca-8cc5-f2110a995703	कोष्ठक शंखनाद	sanaatana-vaigyaniq	Sanatan & Vedic	Sanskrit	Raw Aggressive Indian Drill Phonk, heavy distorted 808 sub-bass, crisp metallic	true	18
stations	sanaatana-vaigyaniq	Sanaatana Vaigyaniq	bc9e8406-4ced-4d22-a476-896c9d6b31e3	कक्षा सात का गणित प्रकाश	sanaatana-vaigyaniq	Sanatan & Vedic	Sanskrit	Sanatan & Vedic	true	18
stations	sanaatana-vaigyaniq	Sanaatana Vaigyaniq	5430725d-e817-463d-8233-7d08e6bb2a8c	दिन और रात का लूप चलता है	sanaatana-vaigyaniq	Sanatan & Vedic	Sanskrit	Sanatan & Vedic	true	48
stations	sanaatana-vaigyaniq	Sanaatana Vaigyaniq	7136ecc0-1cde-4b63-93df-1bd8100300b5	छट-छट चलती बुद्धि की गाड़ी	sanaatana-vaigyaniq	Sanatan & Vedic	Sanskrit	Sanatan & Vedic	true	56
stations	sanaatana-vaigyaniq	Sanaatana Vaigyaniq	7ad70850-e3ae-4d26-b0e9-05197e2cb4f9	शंखनाद बाइनरी	sanaatana-vaigyaniq	Sanatan & Vedic	Sanskrit	Raw Aggressive Indian Drill Phonk, heavy distorted 808 bass, crisp metallic perc	true	56
stations	sanaatana-vaigyaniq	Sanaatana Vaigyaniq	f6051273-d0f3-41f7-b3fe-3b657023d007	🎵 3. सनातन वैज्ञानिक एक्सप्रेस गाना	sanaatana-vaigyaniq	Sanatan & Vedic	Sanskrit	Sanatan & Vedic	true	38
stations	sanaatana-vaigyaniq	Sanaatana Vaigyaniq	289f8c8d-4172-4b06-aa7f-5a73fd559b01	🎙️ रेडियो सनातन वैज्ञानिक पर महा-अभिलेखागार का ल	sanaatana-vaigyaniq	Sanatan & Vedic	Sanskrit	Sanatan & Vedic	true	1
stations	sanaatana-vaigyaniq	Sanaatana Vaigyaniq	8dfe144d-a4e9-4c51-8d4b-2c642a9eb4be	🎵 सनातन वैज्ञानिक एक्सप्रेस गाना: पाठ्यक्रम का त	sanaatana-vaigyaniq	Sanatan & Vedic	Sanskrit	Sanatan & Vedic	true	16
stations	sanaatana-vaigyaniq	Sanaatana Vaigyaniq	db77a1fc-e18d-44a0-a28d-7653ea20e3c3	🎙️ रेडियो सनातन वैज्ञानिक पर महा-अभिलेखागार का ल	sanaatana-vaigyaniq	Sanatan & Vedic	Sanskrit	Sanatan & Vedic	true	1
stations	sanaatana-vaigyaniq	Sanaatana Vaigyaniq	00702de5-9189-4230-8040-d9c213a28c7c	बम बाबा बम भोला	sanaatana-vaigyaniq	Sanatan & Vedic	Sanskrit	Sanatan & Vedic	true	35
stations	sanaatana-vaigyaniq	Sanaatana Vaigyaniq	04511a31-131b-44c4-a3a6-d3daa32e8026	बम बाबा बम भोला	sanaatana-vaigyaniq	Sanatan & Vedic	Sanskrit	[Genre: Devotional Folk Rock, Bhajan, Energetic Chant, Rajasthani Folk] [Tempo:	true	35
stations	sanaatana-vaigyaniq	Sanaatana Vaigyaniq	c43bb926-b90b-41ce-b1ca-1079d49eb675	बम भोला चोला	sanaatana-vaigyaniq	Sanatan & Vedic	Sanskrit	[Genre: Devotional Folk Rock, Bhajan, Energetic Chant, Rajasthani Folk] [Tempo:	true	38
stations	sanaatana-vaigyaniq	Sanaatana Vaigyaniq	5ca9eaf3-f217-487c-b700-28362ca02ec0	चला आर्यो का टोला	sanaatana-vaigyaniq	Sanatan & Vedic	Sanskrit	Sanatan & Vedic	true	38
stations	sanaatana-vaigyaniq	Sanaatana Vaigyaniq	67800d7d-2832-4abd-9273-de538c1471a0	भगवा चोला बम	sanaatana-vaigyaniq	Sanatan & Vedic	Sanskrit	[Genre: Devotional Folk Rock, Bhajan, Energetic Chant, Rajasthani Folk] [Tempo:	true	37
stations	sanaatana-vaigyaniq	Sanaatana Vaigyaniq	b355bd3b-7913-40b5-8f0d-a482329e49b6	चला आर्यो का टोला	sanaatana-vaigyaniq	Sanatan & Vedic	Sanskrit	Sanatan & Vedic	true	37
stations	sanaatana-vaigyaniq	Sanaatana Vaigyaniq	97f6c423-1e8d-4dec-92a5-a11b38363ee4	माँ की ममता-8D	sanaatana-vaigyaniq	Classical & Raag	English	ध्वनि का स्तर: इसे 8D साउंड में अनुभव करें, जहाँ 'राग माता' के सुर आपके चारों ओर	true	42
stations	sanaatana-vaigyaniq	Sanaatana Vaigyaniq	30275318-8155-4d3f-8d49-c49ddaf3e5c1	तोरि बंसी की तान... सुनिबे कूँ तरस गये मोरै कान।	sanaatana-vaigyaniq	Sanatan & Vedic	Sanskrit	Sanatan & Vedic	true	46
stations	sanaatana-vaigyaniq	Sanaatana Vaigyaniq	17abc34f-fad4-4b66-86f5-340e07c01725	तोरि बंसी की तान... सुनिबे कूँ तरस गये मोरै कान।	sanaatana-vaigyaniq	Sanatan & Vedic	Sanskrit	Sanatan & Vedic	true	47
stations	sanaatana-vaigyaniq	Sanaatana Vaigyaniq	d33be684-25d7-4e85-87ef-49230095291a	श्याम-धागो धरी	sanaatana-vaigyaniq	Classical & Raag	Hindi	[Style: Indian devotional bhajan, Hindustani classical, Raga Khamaj, Taal Keherw	true	16
stations	sanaatana-vaigyaniq	Sanaatana Vaigyaniq	20d780b6-4235-4a2e-85ae-2221c73e89ef	श्याम-धागो	sanaatana-vaigyaniq	Classical & Raag	Hindi	[Style: Indian devotional bhajan, Hindustani classical, Raga Khamaj, Taal Keherw	true	16
stations	sanaatana-vaigyaniq	Sanaatana Vaigyaniq	819c6001-5eb8-472a-ae59-0a0ebab6a312	श्याम-धागो	sanaatana-vaigyaniq	Classical & Raag	Hindi	[Style: Indian devotional bhajan, Hindustani classical, Raga Khamaj, Taal Keherw	true	16
stations	sanaatana-vaigyaniq	Sanaatana Vaigyaniq	36dbb97d-2e8b-4a53-bbec-f43d0afa75ad	तोरी बंसी की तान	sanaatana-vaigyaniq	Sanatan & Vedic	Sanskrit	Sanatan & Vedic	false	0
stations	sanaatana-vaigyaniq	Sanaatana Vaigyaniq	831ce982-3173-46ec-8fde-6f2a71f624d8	तोरी बंसी तान	sanaatana-vaigyaniq	Classical & Raag	Hindi	[Style: Indian classical, Raga Todi, slow 70 BPM, female devotional, acoustic, b	true	20
stations	sanaatana-vaigyaniq	Sanaatana Vaigyaniq	24d21a4f-0895-4c56-aec7-a4bfa9864ef5	तोरी बंसीतरस	sanaatana-vaigyaniq	Classical & Raag	Hindi	[Style: Indian classical, Raga Todi, slow 70 BPM, female devotional, acoustic, b	true	20
stations	sanaatana-vaigyaniq	Sanaatana Vaigyaniq	86a31444-8c53-4fa0-aba2-cb6ca15aaa59	बंसीधर-तोरि	sanaatana-vaigyaniq	Classical & Raag	Hindi	[Style: Indian classical, Raga Todi, slow 70 BPM, female devotional, acoustic, b	true	20
stations	sanaatana-vaigyaniq	Sanaatana Vaigyaniq	c10e8a3e-5744-4640-aff1-e1378f937cc5	बंसी तान-तड़प	sanaatana-vaigyaniq	Classical & Raag	Hindi	[Style: Indian classical, Raga Todi, slow 70 BPM, female devotional, acoustic, b	true	19
stations	sanaatana-vaigyaniq	Sanaatana Vaigyaniq	9f8b0cb8-2b2d-47cb-8906-259a2f1e6144	अमर शत्रुहंता	sanaatana-vaigyaniq	Sanatan & Vedic	Sanskrit	Sanatan & Vedic	true	34
stations	sanaatana-vaigyaniq	Sanaatana Vaigyaniq	2859728c-7217-4382-bc09-22ad41ee0de0	बंसी की तान	sanaatana-vaigyaniq	Classical & Raag	Hindi	[Style: Indian classical, Raga Todi, slow 70 BPM, female devotional, acoustic, b	true	30
stations	sanaatana-vaigyaniq	Sanaatana Vaigyaniq	4cacd011-00d8-408e-97ef-d7bfb366b23e	महाराणा क़फ़िया	sanaatana-vaigyaniq	Classical & Raag	Hindi	Epic Hindustani classical war anthem, Raag Bilawal, male heroic vocal with deep	true	34
stations	sanaatana-vaigyaniq	Sanaatana Vaigyaniq	4e99c51c-14d1-43a5-a536-c58f63a6d5f4	Dhol Stutter March	sanaatana-vaigyaniq	Classical & Raag	English	Epic Bollywood film score, grand orchestral, Raag Bilawal based, male power voca	true	40
stations	sanaatana-vaigyaniq	Sanaatana Vaigyaniq	63dd43a7-8fe0-465d-bcaf-b5986297d7ab	प्रताप का तान	sanaatana-vaigyaniq	Classical & Raag	Hindi	Hindustani classical raga Bilawal, male heroic vocal, dhol shehnai, war drums, 7	true	40
stations	sanaatana-vaigyaniq	Sanaatana Vaigyaniq	4d3c3d6c-edc8-4836-af39-6100059283e0	प्रताप का तान	sanaatana-vaigyaniq	Classical & Raag	Hindi	Hindustani classical raga Bilawal, male heroic vocal, dhol shehnai, war drums, 7	true	40
stations	sanaatana-vaigyaniq	Sanaatana Vaigyaniq	40f0eebb-2347-467a-b12f-57371526672e	आशिका न	sanaatana-vaigyaniq	Sanatan & Vedic	Sanskrit	Sanatan & Vedic	true	59
stations	sanaatana-vaigyaniq	Sanaatana Vaigyaniq	c50d2540-0f2b-4c94-bb28-6a3c4883e847	सुनहर हारा फूका	sanaatana-vaigyaniq	Classical & Raag	Hindi	Haryanvi Folk + Rajasthani Folk + Indian Classical + Hyper-Rap Fusion. Suno v4.	true	101
stations	sanaatana-vaigyaniq	Sanaatana Vaigyaniq	d195714f-a2b3-4d77-ae4f-f18670428eb0	मेघ की विरह	sanaatana-vaigyaniq	Classical & Raag	Hindi	Haryanvi Folk + Indian Classical + Hyper-Rap Fusion. Suno v4. Dynamic genre swit	true	68
stations	sanaatana-vaigyaniq	Sanaatana Vaigyaniq	8abf9e3b-198d-42d4-b547-c789d030e9fa	नाच र पिंकी	sanaatana-vaigyaniq	Sanatan & Vedic	Sanskrit	Sanatan & Vedic	true	85
stations	sanaatana-vaigyaniq	Sanaatana Vaigyaniq	3ab7074f-3f3a-4669-8f7d-3b93838e728b	नाच र पिंकी	sanaatana-vaigyaniq	Sanatan & Vedic	Sanskrit	Sanatan & Vedic	true	102
stations	sanaatana-vaigyaniq	Sanaatana Vaigyaniq	b56bd6df-5167-43b3-b0a6-cf5f42c72589	मेट्रो दरवाज़े बंद x Animatrix लोडिंग (Mashup)	sanaatana-vaigyaniq	Sanatan & Vedic	English	Afro-Phonk Fusion, Vedic Chanting, Modern Indian Folk, Neon-Sufi, Syncopated Dje	true	68
stations	sanaatana-vaigyaniq	Sanaatana Vaigyaniq	d0569990-a19a-4e68-b82b-1db44b271e2a	मेट्रो दरवाज़े बंद x Animatrix लोडिंग (Mashup)	sanaatana-vaigyaniq	Sanatan & Vedic	English	Afro-Phonk Fusion, Vedic Chanting, Modern Indian Folk, Neon-Sufi, Syncopated Dje	true	68
stations	sanaatana-vaigyaniq	Sanaatana Vaigyaniq	803ae36b-ad83-4a45-9256-606bf42e2514	मेरा अंतरमन डोले	sanaatana-vaigyaniq	Sanatan & Vedic	Sanskrit	Sanatan & Vedic	true	68
stations	sanaatana-vaigyaniq	Sanaatana Vaigyaniq	e48f5522-c4e9-43c9-8080-e6a097fa596c	मेट्रो दरवाज़े बंद	sanaatana-vaigyaniq	Sanatan & Vedic	Sanskrit	Afro-Phonk Fusion, Vedic Chanting, Modern Indian Folk, Neon-Sufi, Syncopated Dje	true	68
stations	sanaatana-vaigyaniq	Sanaatana Vaigyaniq	e4126f4b-d140-4061-9c2f-294733f12904	Animatrix Loading	sanaatana-vaigyaniq	Sanatan & Vedic	English	Afro-Phonk Fusion, Vedic Chanting, Modern Indian Folk, Neon-Sufi, Syncopated Dje	true	66
stations	sanaatana-vaigyaniq	Sanaatana Vaigyaniq	9aa4b117-b9b0-46de-9c7d-4e16fadb5159	Animatrix लोड	sanaatana-vaigyaniq	Sanatan & Vedic	English	Afro-Phonk Fusion, Vedic Chanting, Modern Indian Folk, Neon-Sufi, Syncopated Dje	true	66
stations	sanaatana-vaigyaniq	Sanaatana Vaigyaniq	40bc367c-0e8b-4773-800e-f68e8cf45f1e	Animatrix Loading	sanaatana-vaigyaniq	Sanatan & Vedic	English	Afro-Phonk Fusion, Vedic Chanting, Modern Indian Folk, Neon-Sufi, Syncopated Dje	true	66
stations	sanaatana-vaigyaniq	Sanaatana Vaigyaniq	47ed762a-d69b-40e3-8c6b-9feee3c9bd95	Animatrix लोड	sanaatana-vaigyaniq	Sanatan & Vedic	English	Afro-Phonk Fusion, Vedic Chanting, Modern Indian Folk, Neon-Sufi, Syncopated Dje	true	66
stations	sanaatana-vaigyaniq	Sanaatana Vaigyaniq	a1faf499-0ae9-40d2-ac91-2d8e83b55f0c	Animatrix लोडिंग	sanaatana-vaigyaniq	Sanatan & Vedic	English	Afro-Phonk Fusion, Vedic Chanting, Modern Indian Folk, Neon-Sufi, Syncopated Dje	true	66
stations	sanaatana-vaigyaniq	Sanaatana Vaigyaniq	64809c5c-f7d0-4faf-b884-c3a9e25efa99	**धून रे-साधो**	sanaatana-vaigyaniq	Classical & Raag	Hindi	[Genre: Hindustani classical meets dark ambient trance, Bhairavi raga, slow burn	false	0
stations	sanaatana-vaigyaniq	Sanaatana Vaigyaniq	3b1bbfb3-e88d-49d5-91b4-f619dc802de3	मैं धरती का नून	sanaatana-vaigyaniq	Sanatan & Vedic	Sanskrit	Sanatan & Vedic	true	102
stations	sanaatana-vaigyaniq	Sanaatana Vaigyaniq	c2da4a42-4081-4f8b-bcce-99e67d38740e	Animatrix लोडिंग	sanaatana-vaigyaniq	Sanatan & Vedic	English	Afro-Phonk Fusion, Vedic Chanting, Modern Indian Folk, Neon-Sufi, Syncopated Dje	true	66
stations	sanaatana-vaigyaniq	Sanaatana Vaigyaniq	55ff3fb9-78dd-47aa-954e-b679fb027780	Sanatan Data (Woodwinds)	sanaatana-vaigyaniq	Sanatan & Vedic	English	NULL	false	0
stations	sanaatana-vaigyaniq	Sanaatana Vaigyaniq	750b55e5-c14a-4830-b809-46c5c268bb10	Sanatan Data (FX)	sanaatana-vaigyaniq	Sanatan & Vedic	English	NULL	false	0
stations	sanaatana-vaigyaniq	Sanaatana Vaigyaniq	6733d2a3-417b-48bc-860b-da829db4aea6	Sanatan Data (Brass)	sanaatana-vaigyaniq	Sanatan & Vedic	English	NULL	false	0
stations	sanaatana-vaigyaniq	Sanaatana Vaigyaniq	df9decba-6d7a-4b41-b934-ece15438bc04	Sanatan Data (Synth)	sanaatana-vaigyaniq	Sanatan & Vedic	English	NULL	false	0
stations	sanaatana-vaigyaniq	Sanaatana Vaigyaniq	4038805a-13f2-4ea4-8ebc-0aaf8b8d4a63	Sanatan Data (Strings)	sanaatana-vaigyaniq	Sanatan & Vedic	English	NULL	false	0
stations	sanaatana-vaigyaniq	Sanaatana Vaigyaniq	5b28d996-b797-44fd-84e6-91260239f99a	Sanatan Data (Percussion)	sanaatana-vaigyaniq	Sanatan & Vedic	English	NULL	false	0
stations	sanaatana-vaigyaniq	Sanaatana Vaigyaniq	d52c5488-160e-4898-95b6-9aba85fc57b1	Sanatan Data (Keyboard)	sanaatana-vaigyaniq	Sanatan & Vedic	English	NULL	false	0
stations	sanaatana-vaigyaniq	Sanaatana Vaigyaniq	06022320-56b7-4569-93f1-46ff24219ab6	Sanatan Data (Guitar)	sanaatana-vaigyaniq	Sanatan & Vedic	English	NULL	false	0
stations	sanaatana-vaigyaniq	Sanaatana Vaigyaniq	b6eefd3b-f41e-41d8-9e90-857f3d92e322	Sanatan Data (Bass)	sanaatana-vaigyaniq	Sanatan & Vedic	English	NULL	false	0
stations	sanaatana-vaigyaniq	Sanaatana Vaigyaniq	fcb87d9a-652c-460e-bc96-12071b018834	Sanatan Data (Drums)	sanaatana-vaigyaniq	Sanatan & Vedic	English	NULL	false	0
stations	sanaatana-vaigyaniq	Sanaatana Vaigyaniq	fad79731-3877-425f-a565-dc7a091f1209	Sanatan Data (Vocals)	sanaatana-vaigyaniq	Sanatan & Vedic	English	NULL	true	42
stations	sanaatana-vaigyaniq	Sanaatana Vaigyaniq	2df22d4b-e5ef-452e-9aae-60e2c60cfbb4	Sanatan Data (Backing Vocals)	sanaatana-vaigyaniq	Sanatan & Vedic	English	NULL	true	42
stations	sanaatana-vaigyaniq	Sanaatana Vaigyaniq	bff7af57-604d-4eb1-8620-88141375f222	Sanatan Data (Woodwinds)	sanaatana-vaigyaniq	Sanatan & Vedic	English	NULL	false	0
stations	sanaatana-vaigyaniq	Sanaatana Vaigyaniq	92163cc3-c08b-4c75-94ac-496254f1f521	Sanatan Data (Brass)	sanaatana-vaigyaniq	Sanatan & Vedic	English	NULL	false	0
stations	sanaatana-vaigyaniq	Sanaatana Vaigyaniq	fdc7c260-7895-4cf1-a49a-4c69b66d3ffd	Sanatan Data (FX)	sanaatana-vaigyaniq	Sanatan & Vedic	English	NULL	false	0
stations	sanaatana-vaigyaniq	Sanaatana Vaigyaniq	3afc05ed-d817-4a5d-8bc7-283c5aabfd16	Sanatan Data (Synth)	sanaatana-vaigyaniq	Sanatan & Vedic	English	NULL	false	0
stations	sanaatana-vaigyaniq	Sanaatana Vaigyaniq	c34d5864-b138-4724-8ce0-42b8df09bc20	Sanatan Data (Percussion)	sanaatana-vaigyaniq	Sanatan & Vedic	English	NULL	false	0
stations	sanaatana-vaigyaniq	Sanaatana Vaigyaniq	8fb6e001-23ae-46fd-864d-27f15ca9c8a9	Sanatan Data (Strings)	sanaatana-vaigyaniq	Sanatan & Vedic	English	NULL	false	0
stations	sanaatana-vaigyaniq	Sanaatana Vaigyaniq	30abfc96-11b2-4d86-b059-077e1cbd984c	Sanatan Data (Keyboard)	sanaatana-vaigyaniq	Sanatan & Vedic	English	NULL	false	0
stations	sanaatana-vaigyaniq	Sanaatana Vaigyaniq	5c1e3da3-0ba0-4e42-ac96-403818537176	Sanatan Data (Guitar)	sanaatana-vaigyaniq	Sanatan & Vedic	English	NULL	false	0
stations	sanaatana-vaigyaniq	Sanaatana Vaigyaniq	b20658c7-bce6-4c52-aa19-264349be1606	Sanatan Data (Bass)	sanaatana-vaigyaniq	Sanatan & Vedic	English	NULL	false	0
stations	sanaatana-vaigyaniq	Sanaatana Vaigyaniq	a7d65933-ac13-4ad7-ab6a-5aa7d140a532	Sanatan Data (Drums)	sanaatana-vaigyaniq	Sanatan & Vedic	English	NULL	false	0
stations	sanaatana-vaigyaniq	Sanaatana Vaigyaniq	0e3e9b9c-f329-493b-a0a5-bc60ac1606d4	Sanatan Data (Backing Vocals)	sanaatana-vaigyaniq	Sanatan & Vedic	English	NULL	true	42
stations	sanaatana-vaigyaniq	Sanaatana Vaigyaniq	ebd8e4bb-3d61-4661-89bf-5f04d9c473fe	Sanatan Data (Vocals)	sanaatana-vaigyaniq	Sanatan & Vedic	English	NULL	true	42
stations	sanaatana-vaigyaniq	Sanaatana Vaigyaniq	3580b58a-f911-4e7a-a531-b00a0b28b285	Sanatan Data	sanaatana-vaigyaniq	Sanatan & Vedic	English	Dark Drift Phonk, Afrobeat percussion, Cyber-Sufi, Cinematic Space Atmosphere, H	true	42
stations	sanaatana-vaigyaniq	Sanaatana Vaigyaniq	3225dd25-cc33-46f2-a2ae-25251f5514bd	मेरा अंतरमन डोले	sanaatana-vaigyaniq	Sanatan & Vedic	Sanskrit	Sanatan & Vedic	true	42
stations	sanaatana-vaigyaniq	Sanaatana Vaigyaniq	2fd61f04-cf7c-48c8-b0fc-88e954b400a3	सनातन ट्रेन	sanaatana-vaigyaniq	Sanatan & Vedic	Sanskrit	NULL	true	20
stations	sanaatana-vaigyaniq	Sanaatana Vaigyaniq	f3bece2c-8fd5-4865-af7e-d5cc311fcaf9	प्यार प्यार प्यार रहे	sanaatana-vaigyaniq	Sanatan & Vedic	Sanskrit	Sanatan & Vedic	true	20
stations	sanaatana-vaigyaniq	Sanaatana Vaigyaniq	4755eedc-6653-4f47-a62c-4c49b907cf1d	🎵 नया गीत – "पंडित होने की कोशिश	sanaatana-vaigyaniq	Sanatan & Vedic	Sanskrit	Sanatan & Vedic	true	30
stations	sanaatana-vaigyaniq	Sanaatana Vaigyaniq	0ee9ebdc-e004-4d32-a610-eebd7d83bb83	झूठ के नाम हज़ार.. सत्य घर में बेनाम	sanaatana-vaigyaniq	Sanatan & Vedic	Sanskrit	Sanatan & Vedic	true	24
stations	sanaatana-vaigyaniq	Sanaatana Vaigyaniq	d192c358-e056-42b1-87ac-fb68c6578234	ॐ झं! झौं! झीं! फटक मार	sanaatana-vaigyaniq	Sanatan & Vedic	Sanskrit	Sanatan & Vedic	true	22
stations	sanaatana-vaigyaniq	Sanaatana Vaigyaniq	676e99b3-6ffb-4c8a-b389-dcdc0ac45ece	न नाश	sanaatana-vaigyaniq	Sanatan & Vedic	Sanskrit	Sanatan & Vedic	true	32
stations	sanaatana-vaigyaniq	Sanaatana Vaigyaniq	97a3a9b7-6579-4077-8f26-19f8c61113b4	शंख-कोड गूँज	sanaatana-vaigyaniq	Sanatan & Vedic	Sanskrit	Genre: Fast-Paced Trap / Melodic Rap Neural Futurism Tempo: 150 BPM (High Energy	true	32
stations	sanaatana-vaigyaniq	Sanaatana Vaigyaniq	a8db0e7b-ca71-4345-9952-aebc3c4d9c7d	शून्य शंख-पैड	sanaatana-vaigyaniq	Sanatan & Vedic	Sanskrit	Atmospheric Afro-Zen x Deep Minimalism. 110 BPM.  Texture: आवाज़ों के बजाय 'Space	true	28
stations	sanaatana-vaigyaniq	Sanaatana Vaigyaniq	a780eeee-8325-40dc-91b9-a2a2ee4a7515	मिटा दे नाम को	sanaatana-vaigyaniq	Sanatan & Vedic	Sanskrit	Sanatan & Vedic	true	28
stations	sanaatana-vaigyaniq	Sanaatana Vaigyaniq	fad3edfd-8f23-410c-82fb-282dbdd51c59	पंडित हेमंत कुमार... दीक्षित	sanaatana-vaigyaniq	Sanatan & Vedic	Sanskrit	Sanatan & Vedic	true	32
stations	sanaatana-vaigyaniq	Sanaatana Vaigyaniq	be8830ac-7a68-434c-b532-0d602396c088	शून्य-लय पंडित	sanaatana-vaigyaniq	Sanatan & Vedic	Sanskrit	Cinematic Afro-Drill x Vedic Industrial. 110 BPM. Vocal: Deep, commanding barito	true	32
stations	sanaatana-vaigyaniq	Sanaatana Vaigyaniq	5fc639fe-7b5a-4ff3-b972-17f25f8a13f4	शून्य-शोर अकाल	sanaatana-vaigyaniq	Sanatan & Vedic	Sanskrit	Neo-Vedic Phonk meets Afro-Drill. 110 BPM.  Instrumentation: > * Intro (0:00-0:0	true	41
stations	sanaatana-vaigyaniq	Sanaatana Vaigyaniq	2c6b5c78-e36b-43aa-b1c2-7fb8770902d3	शून्य के भीतर शोर खड़ा है	sanaatana-vaigyaniq	Sanatan & Vedic	Sanskrit	Sanatan & Vedic	true	41
stations	sanaatana-vaigyaniq	Sanaatana Vaigyaniq	d296596e-d584-45b6-85f0-188c6772452a	ईश्वर एक बहरूपिया	sanaatana-vaigyaniq	Sanatan & Vedic	Sanskrit	Sanatan & Vedic	true	76
stations	sanaatana-vaigyaniq	Sanaatana Vaigyaniq	b60cb4ba-3ab7-4c77-868c-3d2af99231ee	पत्थर बुत	sanaatana-vaigyaniq	Classical & Raag	Hindi	cyberpunk+hyper rap + classical + narrator=divine awakening	true	30
stations	sanaatana-vaigyaniq	Sanaatana Vaigyaniq	96dc0ed7-a8a1-4c68-ac02-b6ff0d8c8fab	चार पर्चे खर्चा	sanaatana-vaigyaniq	Classical & Raag	Hindi	hyper rap + classical + narrator=divine awakening	true	18
stations	sanaatana-vaigyaniq	Sanaatana Vaigyaniq	4086da7e-a7d2-40ff-8851-44664db08a56	सर्द झोंके	sanaatana-vaigyaniq	Classical & Raag	Hindi	Indian classical, Raga Darbari Kanhada, slow alap intro, deep dark mood, tanpura	true	48
stations	sanaatana-vaigyaniq	Sanaatana Vaigyaniq	143c21d0-d594-407b-b732-0b8d048a530c	सर्द झोंके	sanaatana-vaigyaniq	Classical & Raag	Hindi	Indian classical, Raga Darbari Kanhada, slow alap intro, deep dark mood, tanpura	true	48
stations	sanaatana-vaigyaniq	Sanaatana Vaigyaniq	f3d54008-8c4c-4587-9e7f-360cd09bb378	सर्द झोंके-ड्रिल	sanaatana-vaigyaniq	Classical & Raag	Hindi	Soprano textures, Indian classical, Raga Darbari Kanhada, slow alap intro, deep	true	48
stations	sanaatana-vaigyaniq	Sanaatana Vaigyaniq	01bede88-dab1-420a-a9d1-2fd6f4f8b71b	सर्द झोंके-ड्रिल	sanaatana-vaigyaniq	Classical & Raag	Hindi	Soprano textures, Indian classical, Raga Darbari Kanhada, slow alap intro, deep	true	48
stations	sanaatana-vaigyaniq	Sanaatana Vaigyaniq	e7c87a7c-4f0b-438c-8846-2b6ff056e7a6	लम्स-ए-हवा	sanaatana-vaigyaniq	Classical & Raag	Hindi	Indian classical, Raga Darbari Kanhada, slow alap intro, deep dark mood, tanpura	true	48
stations	sanaatana-vaigyaniq	Sanaatana Vaigyaniq	fb4055fe-37de-4a6c-a098-7c00c77c048f	Lams-e-Hawa Drone	sanaatana-vaigyaniq	Classical & Raag	English	Indian classical, Raga Darbari Kanhada, slow alap intro, deep dark mood, tanpura	true	48
stations	sanaatana-vaigyaniq	Sanaatana Vaigyaniq	617e2c52-66f1-4c4c-9a88-37b2388e34c9	ये... हिस्स्स... इस-इस-इस-इस... टोरी	sanaatana-vaigyaniq	Sanatan & Vedic	Sanskrit	Sanatan & Vedic	true	25
stations	sanaatana-vaigyaniq	Sanaatana Vaigyaniq	c6626624-b9b4-4338-9550-008f9f82502f	दादा चेन टोरी	sanaatana-vaigyaniq	Sanatan & Vedic	Sanskrit	Cinematic Dark Vedic-Trap, 90 BPM Hypnotic Shamanic Pulse, Multi-vocal arrangeme	true	25
stations	sanaatana-vaigyaniq	Sanaatana Vaigyaniq	f4a8a880-7287-459d-8490-d48a3278d365	Zindagi guzar rahi sabki jor-aazmaish mein	sanaatana-vaigyaniq	Sanatan & Vedic	English	Sanatan & Vedic	true	41
stations	sanaatana-vaigyaniq	Sanaatana Vaigyaniq	a9b3bf78-406c-4fae-a4ad-3cb4afe8447b	साँस की गुंजाइश	sanaatana-vaigyaniq	Classical & Raag	Hindi	style  slow sufi ghazal  indian classical  hindustani  minimal  ambient  no perc	true	17
stations	sanaatana-vaigyaniq	Sanaatana Vaigyaniq	f4b382b7-da16-448e-8a6b-1e49367d23d6	साँस की गुंजाइश	sanaatana-vaigyaniq	Classical & Raag	Hindi	style  slow sufi ghazal  indian classical  hindustani  minimal  ambient  no perc	true	17
stations	sanaatana-vaigyaniq	Sanaatana Vaigyaniq	37fb9699-f1ca-49b8-acaa-6903ab65d04b	सांस-गुंजाइश	sanaatana-vaigyaniq	Classical & Raag	Hindi	style  slow sufi ghazal  indian classical  hindustani  minimal  ambient  no perc	true	17
stations	sanaatana-vaigyaniq	Sanaatana Vaigyaniq	5068a560-60b3-4b89-8e83-0043262dc67f	What is truth? What is a lie	sanaatana-vaigyaniq	Sanatan & Vedic	English	Sanatan & Vedic	true	52
stations	sanaatana-vaigyaniq	Sanaatana Vaigyaniq	212b81f6-e8b1-474c-9352-45c27deed354	आवाज़ों की अदालत	sanaatana-vaigyaniq	Sanatan & Vedic	Sanskrit	Sanatan & Vedic	true	29
stations	sanaatana-vaigyaniq	Sanaatana Vaigyaniq	59d3489b-c33c-4509-bbff-c4bfdb962cda	पीएच कला-दीक्षित अदालत	sanaatana-vaigyaniq	Classical & Raag	Hindi	"Indian Classical Bandish, Hindustani Vocal, Ragam-Tanam-Pallavi style, Acapella	true	31
stations	sanaatana-vaigyaniq	Sanaatana Vaigyaniq	0fe62a75-f9ed-431e-9780-297f79a24721	P.H.K.D. अदालत	sanaatana-vaigyaniq	Classical & Raag	English	"Indian Classical Bandish, Hindustani Vocal, Ragam-Tanam-Pallavi style, Acapella	true	31
stations	sanaatana-vaigyaniq	Sanaatana Vaigyaniq	d80e4b3a-e710-464d-b061-83ff02e2c7da	पीएच कला-दीक्षित अदालत	sanaatana-vaigyaniq	Classical & Raag	Hindi	"Indian Classical Bandish, Hindustani Vocal, Ragam-Tanam-Pallavi style, Acapella	true	31
stations	sanaatana-vaigyaniq	Sanaatana Vaigyaniq	9e058f7c-2ab6-4715-a723-643881330f31	आवाज़ों की अदालत	sanaatana-vaigyaniq	Sanatan & Vedic	Sanskrit	Sanatan & Vedic	true	31
stations	sanaatana-vaigyaniq	Sanaatana Vaigyaniq	e69716ad-6001-4c92-9160-2a4a79565ed6	पकड़ लिया एटम एक P.H.K.D. हुया दीवाना	sanaatana-vaigyaniq	Sanatan & Vedic	English	Sanatan & Vedic	true	34
stations	sanaatana-vaigyaniq	Sanaatana Vaigyaniq	fa7b702f-3dea-44bc-967c-93860cd46e1a	आवाज़ों की अदालत	sanaatana-vaigyaniq	Classical & Raag	Hindi	"Indian Classical Bandish, Hindustani Vocal, Ragam-Tanam-Pallavi style, Acapella	true	34
stations	sanaatana-vaigyaniq	Sanaatana Vaigyaniq	e16d94cb-b3c5-4238-a1c5-c60c69bed286	गात झुनझुनी खावे	sanaatana-vaigyaniq	Sanatan & Vedic	Sanskrit	Sanatan & Vedic	true	61
stations	sanaatana-vaigyaniq	Sanaatana Vaigyaniq	47df1a51-f676-4534-9f25-5dd295225c24	गात झुनझुनी खावे	sanaatana-vaigyaniq	Sanatan & Vedic	Sanskrit	Sanatan & Vedic	true	62
stations	sanaatana-vaigyaniq	Sanaatana Vaigyaniq	b2c55b1c-8a02-4b27-93aa-0ef9015a5a48	गात झुनझुनी खावे	sanaatana-vaigyaniq	Sanatan & Vedic	Sanskrit	Sanatan & Vedic	true	62
stations	sanaatana-vaigyaniq	Sanaatana Vaigyaniq	b6c9f3e8-e3b5-4dc5-84ea-bea07bfc4631	Toota Ghadaa Gaaye	sanaatana-vaigyaniq	Classical & Raag	English	[Style: Traditional Sufi Qawwali, Hindustani classical, Raga Todi, slow harmoniu	true	47
stations	sanaatana-vaigyaniq	Sanaatana Vaigyaniq	44df1c96-0eb7-4f53-bbe5-8eec51102318	Ek chilam... ek baabaa... do ghade ka khel... Ek	sanaatana-vaigyaniq	Sanatan & Vedic	English	Sanatan & Vedic	true	47
stations	sanaatana-vaigyaniq	Sanaatana Vaigyaniq	a13887b3-fd6f-4171-a02c-199d56c390fa	Toota Ghada	sanaatana-vaigyaniq	Classical & Raag	English	World music fusion, cinematic spiritual folk, Indian classical meets Celtic and	true	16
stations	sanaatana-vaigyaniq	Sanaatana Vaigyaniq	5fc46f1d-1412-45b1-876d-64343d2f90e6	Data corrupted	sanaatana-vaigyaniq	Sanatan & Vedic	English	Sanatan & Vedic	true	5
stations	sanaatana-vaigyaniq	Sanaatana Vaigyaniq	caf9e4e7-7ec2-483a-9a2d-9a82681054d5	Radio Vaigyaaniq: Sanatana Station	sanaatana-vaigyaniq	Sanatan & Vedic	English	Sanatan & Vedic	true	4
stations	sanaatana-vaigyaniq	Sanaatana Vaigyaniq	879f8447-37de-41b3-8b68-3cdb2079792a	Sanatana Station	sanaatana-vaigyaniq	Sanatan & Vedic	English	NULL	true	5
stations	sanaatana-vaigyaniq	Sanaatana Vaigyaniq	02d26992-b08d-4a7e-9759-9120eaca1a4e	Radio Vaigyaaniq: Sanatana Station	sanaatana-vaigyaniq	Sanatan & Vedic	English	Sanatan & Vedic	true	4
stations	sanaatana-vaigyaniq	Sanaatana Vaigyaniq	456fd8aa-be4b-4bda-93a3-d35206867b65	Radio Vaigyaaniq: Sanatana Station	sanaatana-vaigyaniq	Sanatan & Vedic	English	Sanatan & Vedic	true	5
stations	sanaatana-vaigyaniq	Sanaatana Vaigyaniq	5edc6f4a-ebf7-4d22-b8e7-cd4bb333735f	लाडो बसंती मेहमान	sanaatana-vaigyaniq	Classical & Raag	Hindi	[Genre: Acoustic Hindustani classical folk fusion, jagarana night vigil, father-	true	20
stations	sanaatana-vaigyaniq	Sanaatana Vaigyaniq	c866c36a-ad31-4461-a2df-711fcbb455d4	रिश्ता है!!	sanaatana-vaigyaniq	Classical & Raag	Hindi	style  qawwali with heavy taan  murki  toda  hindustani classical ornamentation	true	36
stations	sanaatana-vaigyaniq	Sanaatana Vaigyaniq	5310feb2-43cf-491d-a8cf-058a6e885ea5	रिश्ता-नाल-इम्तिहाँ	sanaatana-vaigyaniq	Classical & Raag	Hindi	style  qawwali with heavy taan  murki  toda  hindustani classical ornamentation	true	36
stations	sanaatana-vaigyaniq	Sanaatana Vaigyaniq	7c76f4be-b274-4727-952b-4bd968da0040	रिश्ता-नाल-इम्तिहाँ	sanaatana-vaigyaniq	Classical & Raag	Hindi	[Style: Qawwali with heavy taan, murki, toda, Hindustani classical ornamentation	true	36
stations	sanaatana-vaigyaniq	Sanaatana Vaigyaniq	887fa5d3-8f3a-458d-a688-c674623e6c56	रिश्ता आलाپ	sanaatana-vaigyaniq	Classical & Raag	Hindi	style  qawwali with heavy taan  murki  toda  hindustani classical ornamentation	true	42
stations	sanaatana-vaigyaniq	Sanaatana Vaigyaniq	5f341636-2cac-4b43-abf7-f4ebd3899795	रिश्ता आलाپ	sanaatana-vaigyaniq	Classical & Raag	Hindi	style  qawwali with heavy taan  murki  toda  hindustani classical ornamentation	true	42
stations	sanaatana-vaigyaniq	Sanaatana Vaigyaniq	8e951426-a919-48cd-9432-5ffbeec40bb2	खो गई पहचान	sanaatana-vaigyaniq	Classical & Raag	Hindi	[Style: Indian classical fusion, dark devotional, sufi rock, slow tempo, male vo	true	18
stations	sanaatana-vaigyaniq	Sanaatana Vaigyaniq	891ce80b-b8ba-45a7-96ec-a3d25cc8854c	मैं हूँ तेरा	sanaatana-vaigyaniq	Sanatan & Vedic	Sanskrit	Sanatan & Vedic	true	53
stations	sanaatana-vaigyaniq	Sanaatana Vaigyaniq	b9633887-5995-40bd-9ea7-8e4197f229d5	मैं हूँ तेरा	sanaatana-vaigyaniq	Sanatan & Vedic	Sanskrit	Sanatan & Vedic	true	51
stations	sanaatana-vaigyaniq	Sanaatana Vaigyaniq	dd8e3e0b-2ec6-4e7f-b8a9-5a53d281c275	सोए मन जाग	sanaatana-vaigyaniq	Classical & Raag	Hindi	Hindustani classical, Bollywood ballad, Raga Yaman, 75 BPM, sitar, tabla, harmon	true	48
stations	sanaatana-vaigyaniq	Sanaatana Vaigyaniq	0823ba9f-bc73-4d90-a3f7-90ee284167ab	स्वर्ण पताका उड़ रही	sanaatana-vaigyaniq	Classical & Raag	Hindi	Hindustani classical, Bollywood ballad, Raga Yaman, 75 BPM, sitar, tabla, harmon	true	20
stations	sanaatana-vaigyaniq	Sanaatana Vaigyaniq	458d70be-5ef2-4bbb-af05-f6c7536d0356	ह-ह-ह-ह हुट... हे-हे-हे झट	sanaatana-vaigyaniq	Sanatan & Vedic	Sanskrit	Sanatan & Vedic	true	38
stations	sanaatana-vaigyaniq	Sanaatana Vaigyaniq	79df050a-9ca2-4238-8c67-f3470d7b0b0f	(untitled)	sanaatana-vaigyaniq	Sanatan & Vedic	English	Vedic Industrial Rock, Nu-Metal, Indian Raga Hansadhwani on Bansuri flute, Cinem	true	38
stations	sanaatana-vaigyaniq	Sanaatana Vaigyaniq	1c19af11-e727-40ce-ab1f-10a6cc04b68e	(untitled)	sanaatana-vaigyaniq	Sanatan & Vedic	English	[Intro: Atmospheric Flute and Cosmic Pads] [Verse: Soulful Indian Male Vocals, D	true	26
stations	sanaatana-vaigyaniq	Sanaatana Vaigyaniq	e24efd14-993f-446c-b6bc-af7aa99c96b1	Main sabko khud mein samaye ek pyala hoon	sanaatana-vaigyaniq	Sanatan & Vedic	English	Sanatan & Vedic	true	26
stations	sanaatana-vaigyaniq	Sanaatana Vaigyaniq	53d6b687-9225-46f0-a82d-448af2a35562	S r G r S	sanaatana-vaigyaniq	Sanatan & Vedic	English	Sanatan & Vedic	true	55
stations	sanaatana-vaigyaniq	Sanaatana Vaigyaniq	9b949712-cb52-489b-89a8-c9c2c9b52db2	(untitled)	sanaatana-vaigyaniq	Classical & Raag	English	॥ स्वर्भानु: देसी AI प्रोम्प्ट्स (The Folk Edition) ॥ १. हरियाणवी रागनी-रॉक (तर्	true	26
stations	sanaatana-vaigyaniq	Sanaatana Vaigyaniq	3139ea17-9462-4aa7-998a-06ca08e7d1ac	दो हिस्से	sanaatana-vaigyaniq	Sanatan & Vedic	Sanskrit	Sanatan & Vedic	true	43
stations	sanaatana-vaigyaniq	Sanaatana Vaigyaniq	81109d76-22c0-4e21-9bd6-a57682008382	शक्ति जाग री	sanaatana-vaigyaniq	Sanatan & Vedic	Sanskrit	Sanatan & Vedic	true	31
stations	sanaatana-vaigyaniq	Sanaatana Vaigyaniq	7f4291cd-2f2a-4714-bc31-69d28eec6c38	Shakti jaag ri	sanaatana-vaigyaniq	Sanatan & Vedic	English	Sanatan & Vedic	true	31
stations	sanaatana-vaigyaniq	Sanaatana Vaigyaniq	dcc995be-7ebf-4fd1-8ad6-c5afa618439d	जैसे ही छुआ उसे... लालच के हाथों ने	sanaatana-vaigyaniq	Sanatan & Vedic	Sanskrit	Sanatan & Vedic	true	39
stations	sanaatana-vaigyaniq	Sanaatana Vaigyaniq	3733b4fd-e7f9-418c-a5cb-dcdc0b661384	0:00 Tanpura + Siddham “Om”	sanaatana-vaigyaniq	Sanatan & Vedic	English	Sanatan & Vedic	true	11
stations	sanaatana-vaigyaniq	Sanaatana Vaigyaniq	acf72279-b350-4e2d-8241-7c4de927afb4	(untitled)	sanaatana-vaigyaniq	Classical & Raag	English	"A haunting, cinematic Avant-Garde Folk-Fusion based on Raag Todi. 100% Human-ge	true	26
stations	sanaatana-vaigyaniq	Sanaatana Vaigyaniq	29ce4071-ec2f-4be4-9034-d4332fe76f86	ज़ीरो के उन हीरों को	sanaatana-vaigyaniq	Sanatan & Vedic	Sanskrit	Sanatan & Vedic	true	26
stations	sanaatana-vaigyaniq	Sanaatana Vaigyaniq	e0e9d663-7d49-4351-aa8e-639120657766	(untitled)	sanaatana-vaigyaniq	Classical & Raag	English	"A soulful and cinematic Global-Folk fusion farewell song based on Raag Pilu. >	true	21
stations	sanaatana-vaigyaniq	Sanaatana Vaigyaniq	61ca183b-a733-45f2-a526-40124620f6a1	(untitled)	sanaatana-vaigyaniq	Sanatan & Vedic	English	🎤 haryanvi ragni suparfun vs vedant chanting	true	175
stations	sanaatana-vaigyaniq	Sanaatana Vaigyaniq	0907ea5b-01db-4afe-a2a1-958b706d1c5a	तू है समंदर	sanaatana-vaigyaniq	Sanatan & Vedic	Sanskrit	Sanatan & Vedic	true	88
stations	sanaatana-vaigyaniq	Sanaatana Vaigyaniq	57f63a2a-a5cc-4eca-b189-530e667d6c1d	(untitled)	sanaatana-vaigyaniq	Classical & Raag	English	Epic spiritual hip-hop + Indian classical fusion, deep bass, tanpura drone, conc	true	86
stations	sanaatana-vaigyaniq	Sanaatana Vaigyaniq	c442e04f-271b-411b-ba4b-42d0ecff3a38	ब्राह्मी → प्राकृत → खरोष्ठी का flow	sanaatana-vaigyaniq	Sanatan & Vedic	English	Sanatan & Vedic	true	86
stations	sanaatana-vaigyaniq	Sanaatana Vaigyaniq	e96f8afe-e1fc-4cc8-9998-16627bca7b9c	ठहर	sanaatana-vaigyaniq	Sanatan & Vedic	Sanskrit	Sanatan & Vedic	true	60
stations	sanaatana-vaigyaniq	Sanaatana Vaigyaniq	acefb505-26f4-4b95-b378-e064eaccf86f	वक़्त के घोड़ों को	sanaatana-vaigyaniq	Sanatan & Vedic	Sanskrit	Sanatan & Vedic	true	89
stations	sanaatana-vaigyaniq	Sanaatana Vaigyaniq	c8a46987-b4d4-41ee-aa0c-36c1f1115cf2	Tibetan Bowl	sanaatana-vaigyaniq	Sanatan & Vedic	English	Sanatan & Vedic	true	95
stations	sanaatana-vaigyaniq	Sanaatana Vaigyaniq	7e3ba569-59f8-4cf2-aebb-45d436b941ef	Tibetan Bowl	sanaatana-vaigyaniq	Sanatan & Vedic	English	Sanatan & Vedic	true	95
stations	sanaatana-vaigyaniq	Sanaatana Vaigyaniq	713998e8-14d5-4633-b01a-3fb4275561f9	(untitled)	sanaatana-vaigyaniq	Classical & Raag	English	Deep cinematic spoken word, Indian classical fusion, ambient drone, slow heartbe	true	116
stations	sanaatana-vaigyaniq	Sanaatana Vaigyaniq	22925574-1f8c-4bba-927a-63bf25e66c7c	Desert wind	sanaatana-vaigyaniq	Sanatan & Vedic	English	Sanatan & Vedic	true	116
stations	sanaatana-vaigyaniq	Sanaatana Vaigyaniq	4c9ffaea-c955-4c6e-b22b-974c6fbe1284	kush..mana..da	sanaatana-vaigyaniq	Sanatan & Vedic	English	Cinematic Vedic Psy-Trap, 145 BPM, Heavy pulsating 808 Sub-bass, Fast-paced Trib	true	34
stations	sanaatana-vaigyaniq	Sanaatana Vaigyaniq	17cea20d-3770-4288-aeac-d5d0a9677a3f	kush..mana..da	sanaatana-vaigyaniq	Sanatan & Vedic	English	Cinematic Vedic Psy-Trap, 145 BPM, Heavy pulsating 808 Sub-bass, Fast-paced Trib	true	34
stations	sanaatana-vaigyaniq	Sanaatana Vaigyaniq	0366db7b-3209-4ccf-af83-12fda3311c23	kush..mana..da	sanaatana-vaigyaniq	Sanatan & Vedic	English	Cinematic Vedic Psy-Trap, 145 BPM, Heavy pulsating 808 Sub-bass, Fast-paced Trib	true	34
stations	sanaatana-vaigyaniq	Sanaatana Vaigyaniq	575f5473-b86b-466f-b63d-980c2bec7855	माँ कूष्माण्डा की प्यारी मुस्कान	sanaatana-vaigyaniq	Sanatan & Vedic	Sanskrit	Sanatan & Vedic	true	34
stations	sanaatana-vaigyaniq	Sanaatana Vaigyaniq	bea936de-88c1-4d19-9f9a-04973bec0cc0	kush..mana..da	sanaatana-vaigyaniq	Sanatan & Vedic	English	Cinematic Vedic-Trap, Heavy 808 Bass, 140 BPM, Aggressive Haryanvi Ragni Rap flo	true	34
stations	sanaatana-vaigyaniq	Sanaatana Vaigyaniq	87176aad-96cb-487c-b065-7faa93e5d442	kush..mana..da	sanaatana-vaigyaniq	Sanatan & Vedic	English	Cinematic Vedic-Trap, Heavy 808 Bass, 140 BPM, Aggressive Haryanvi Ragni Rap flo	true	34
stations	sanaatana-vaigyaniq	Sanaatana Vaigyaniq	01b47c28-4773-42d5-b158-8a73c0cc9248	kush..mana..da	sanaatana-vaigyaniq	Sanatan & Vedic	English	Cinematic Vedic Trap, Massive 808 Bass, 140 BPM, Deep Atmospheric Reverb, Ancien	true	42
stations	sanaatana-vaigyaniq	Sanaatana Vaigyaniq	e8ac43d3-688b-49ee-8ec3-ed025ddcb33b	कूष्माण्डा की 'स्मित' है शक्ति	sanaatana-vaigyaniq	Sanatan & Vedic	Sanskrit	Sanatan & Vedic	true	42
stations	sanaatana-vaigyaniq	Sanaatana Vaigyaniq	4cf5c8eb-fe72-483f-952d-0556a8e4b408	Om Devi Chandraghantayai Namah! माथे पे चंदा	sanaatana-vaigyaniq	Sanatan & Vedic	Sanskrit	Sanatan & Vedic	true	65
stations	sanaatana-vaigyaniq	Sanaatana Vaigyaniq	a13e3aff-822d-4a39-840c-333df718a6a6	Om Devi Chandraghantayai Namah! माथे पे चंदा	sanaatana-vaigyaniq	Sanatan & Vedic	Sanskrit	Sanatan & Vedic	true	47
stations	sanaatana-vaigyaniq	Sanaatana Vaigyaniq	ad20ad65-6256-4cde-b283-500aae7ad4fd	Om Devi Chandraghantayai Namah	sanaatana-vaigyaniq	Sanatan & Vedic	Sanskrit	Sanatan & Vedic	true	82
stations	sanaatana-vaigyaniq	Sanaatana Vaigyaniq	092cd586-b79b-465f-b06c-972aa38bd494	neural jogi	sanaatana-vaigyaniq	Sanatan & Vedic	English	Haryanvi Ragni-Trap Fusion, Psytrance, 432Hz Tuning, Cinematic Vedic Bass, Aggre	true	82
stations	sanaatana-vaigyaniq	Sanaatana Vaigyaniq	c2ff4d29-bde8-449a-847e-9dcdc78e4a69	neural jogi	sanaatana-vaigyaniq	Sanatan & Vedic	English	Haryanvi Ragni-Trap Fusion, Psytrance, 432Hz Tuning, Cinematic Vedic Bass, Aggre	true	66
stations	sanaatana-vaigyaniq	Sanaatana Vaigyaniq	78e037f2-edcd-4a6c-bdc4-099e1b4774e9	Om Devi Chandraghantayai Namah	sanaatana-vaigyaniq	Sanatan & Vedic	Sanskrit	Sanatan & Vedic	true	66
stations	sanaatana-vaigyaniq	Sanaatana Vaigyaniq	ccb6b23a-62e2-44e4-b1f4-94283dd7bdfc	neural jogi	sanaatana-vaigyaniq	Sanatan & Vedic	English	Haryanvi Ragni-Trap Fusion, Psytrance, 432Hz Tuning, Cinematic Vedic Bass, Aggre	true	23
stations	sanaatana-vaigyaniq	Sanaatana Vaigyaniq	32b5d3c2-5566-44b7-9d81-86e8f1685967	Om Devi Chandraghantayai Namah	sanaatana-vaigyaniq	Sanatan & Vedic	Sanskrit	Sanatan & Vedic	true	23
stations	sanaatana-vaigyaniq	Sanaatana Vaigyaniq	c1f60054-5682-4989-a470-f3ba4295c065	गणगौर आई रे… सज धज जाई रे	sanaatana-vaigyaniq	Sanatan & Vedic	Sanskrit	Sanatan & Vedic	true	30
stations	sanaatana-vaigyaniq	Sanaatana Vaigyaniq	b3dab790-2dfb-43e9-bd08-6fed863e2e42	om gaurishankaraya namah	sanaatana-vaigyaniq	Sanatan & Vedic	Sanskrit	Sanatan & Vedic	true	18
stations	sanaatana-vaigyaniq	Sanaatana Vaigyaniq	26ae8b47-2aa1-4fc3-9a27-bfc906169f67	chhor de	sanaatana-vaigyaniq	Classical & Raag	English	Cinematic Global Fusion, Haryanvi Folk-Opera, Raag Shivranjani & Marwa base, 60	true	26
stations	sanaatana-vaigyaniq	Sanaatana Vaigyaniq	48d4c16c-f0af-4e47-8834-ce416cc8312e	chhor de	sanaatana-vaigyaniq	Classical & Raag	English	Cinematic Global Fusion, Haryanvi Folk-Opera, Raag Shivranjani & Marwa base, 60	true	27
stations	sanaatana-vaigyaniq	Sanaatana Vaigyaniq	e7134e4e-a3b4-4eb2-830d-e9a1e0791ca4	chhor de	sanaatana-vaigyaniq	Classical & Raag	English	Haunting Haryanvi Folk Fusion, Raag Shivranjani base, Pathos, Melancholic, Ether	true	42
stations	sanaatana-vaigyaniq	Sanaatana Vaigyaniq	ae00fa9b-6761-4e45-89a4-c8bebb0ec9e2	(untitled)	sanaatana-vaigyaniq	Classical & Raag	English	Haunting Haryanvi Folk Fusion, Raag Shivranjani base, Pathos, Melancholic, Ether	true	51
stations	sanaatana-vaigyaniq	Sanaatana Vaigyaniq	b7ab25e5-8f36-4dd2-a0ed-a64c5f9f0b63	हर-हर महादेव... हर-हर महादेव	sanaatana-vaigyaniq	Sanatan & Vedic	Sanskrit	Sanatan & Vedic	true	95
stations	sanaatana-vaigyaniq	Sanaatana Vaigyaniq	abdadc18-6d3f-43c5-aacc-5df4eba20e4d	(untitled)	sanaatana-vaigyaniq	Sanatan & Vedic	English	hard death rock  vedic sanskrit	true	95
stations	sanaatana-vaigyaniq	Sanaatana Vaigyaniq	9ea90a62-a2d7-462c-9f8c-fb078246a1ae	eeee ee eeee eaeaeaaeen	sanaatana-vaigyaniq	Sanatan & Vedic	English	Sanatan & Vedic	true	7
stations	sanaatana-vaigyaniq	Sanaatana Vaigyaniq	f5ee1b21-dfd0-497c-8f70-18a04305df49	(untitled)	sanaatana-vaigyaniq	Sanatan & Vedic	English	वैदिक तंत्र हेमंत तत्व	true	7
stations	sanaatana-vaigyaniq	Sanaatana Vaigyaniq	322826de-5054-4df5-868c-4d8eefd1140f	सीधी दुनिया उल्टे लोग	sanaatana-vaigyaniq	Sanatan & Vedic	Sanskrit	Sanatan & Vedic	true	101
stations	sanaatana-vaigyaniq	Sanaatana Vaigyaniq	75db9ef6-ac44-4361-aa4f-64d05aab70a8	(untitled)	sanaatana-vaigyaniq	Sanatan & Vedic	English	वैदिक तंत्र हेमंत तत्व	true	101
stations	sanaatana-vaigyaniq	Sanaatana Vaigyaniq	200d3cac-7b7b-437a-8877-c560fdd74b80	neural jogi	sanaatana-vaigyaniq	Classical & Raag	English	🎵 गीत (Lyrics): उल्टी चाल चल पड़े शिव राग: भैरवी (सुबह का राग, करुण रस से भरपूर)	true	125
stations	sanaatana-vaigyaniq	Sanaatana Vaigyaniq	f02bb457-88b6-415c-9b34-da9e9896a390	neural jogi	sanaatana-vaigyaniq	Sanatan & Vedic	English	TITLE: Triveni Naad – Inner Jogi Duet  [STYLE: Indian Folk Jogi Ragni + Gurbani	true	79
stations	sanaatana-vaigyaniq	Sanaatana Vaigyaniq	57e3125d-6eff-4b5a-883a-4da698ee8f1d	Deep serious alaap	sanaatana-vaigyaniq	Sanatan & Vedic	English	Sanatan & Vedic	true	51
stations	sanaatana-vaigyaniq	Sanaatana Vaigyaniq	2fc25f01-e1af-419b-af18-4a94b1792d7b	(untitled)	sanaatana-vaigyaniq	Sanatan & Vedic	English	TITLE: **“NAAD BRAHM: 31 RAAG NEURAL JOGI ALBUM”**  STYLE: Indian Folk (Haryanvi	true	51
stations	sanaatana-vaigyaniq	Sanaatana Vaigyaniq	28f32076-2c38-4dfd-8f9b-27aeeee9b5bc	❤️ जोगी देवे गारंटी बात	sanaatana-vaigyaniq	Sanatan & Vedic	Sanskrit	Sanatan & Vedic	true	79
stations	sanaatana-vaigyaniq	Sanaatana Vaigyaniq	17393950-853a-4aed-9e6f-229ac70f25e0	“NAAD BRAHM: 31 RAAG NEURAL JOGI ALBUM”	sanaatana-vaigyaniq	Sanatan & Vedic	English	Sanatan & Vedic	true	70
stations	sanaatana-vaigyaniq	Sanaatana Vaigyaniq	47377bea-9774-4f7b-afe4-f4e941c19c0f	(untitled)	sanaatana-vaigyaniq	Classical & Raag	English	Haryanvi-Trap... राग पीलू की धुन को मुख्य हुक में रख सकते हैं और 'रैप' वाले हिस्	true	99
stations	sanaatana-vaigyaniq	Sanaatana Vaigyaniq	f394c2ee-40d3-4222-96f3-594a597d4370	Akhand-Siddham! Akhand-Siddham	sanaatana-vaigyaniq	Sanatan & Vedic	English	Sanatan & Vedic	true	18
stations	sanaatana-vaigyaniq	Sanaatana Vaigyaniq	38c841da-2008-4d6a-b85d-83833454d8ee	लुलु	sanaatana-vaigyaniq	Sanatan & Vedic	Sanskrit	Sanatan & Vedic	true	31
stations	sanaatana-vaigyaniq	Sanaatana Vaigyaniq	b25849ae-7771-4878-a6e9-6ea75ef49a13	इतिहासः सिद्धम्! आनंदोऽस्तु	sanaatana-vaigyaniq	Sanatan & Vedic	Sanskrit	Sanatan & Vedic	true	27
stations	sanaatana-vaigyaniq	Sanaatana Vaigyaniq	1795fde2-4568-429d-86af-bfc929504dc6	(untitled)	sanaatana-vaigyaniq	Sanatan & Vedic	English	Genre: Vedic-Ambient, Cinematic Folk, Cyber-Tribal, Ethno-Industrial.  Mood: Sac	true	38
stations	sanaatana-vaigyaniq	Sanaatana Vaigyaniq	85859d74-b474-4661-aa75-df60336c7497	इतिहासः सिद्धम्! आनंदोऽस्तु	sanaatana-vaigyaniq	Sanatan & Vedic	Sanskrit	Sanatan & Vedic	true	38
stations	sanaatana-vaigyaniq	Sanaatana Vaigyaniq	c2942834-cd11-4b45-8610-08a32d23be82	(untitled)	sanaatana-vaigyaniq	Sanatan & Vedic	English	aghories with been, khamak, damru, naad... shiv gaNa aghore. rudra veeNa.  only	true	34
stations	sanaatana-vaigyaniq	Sanaatana Vaigyaniq	cef36d0f-7570-45ad-b4cd-9e9d1999be10	(untitled)	sanaatana-vaigyaniq	Sanatan & Vedic	English	aghories with been, khamak, damru, naad... shiv gaNa aghore. rudra veeNa.  only	true	34
stations	sanaatana-vaigyaniq	Sanaatana Vaigyaniq	1bd52bf2-d26e-4822-8299-2ef883803518	अघोर... अघोर... अघोर	sanaatana-vaigyaniq	Sanatan & Vedic	Sanskrit	Sanatan & Vedic	true	34
stations	sanaatana-vaigyaniq	Sanaatana Vaigyaniq	20b2eae2-e758-4646-b7ca-94502619813e	इतनी ही दया	sanaatana-vaigyaniq	Sanatan & Vedic	Sanskrit	Sanatan & Vedic	true	49
stations	sanaatana-vaigyaniq	Sanaatana Vaigyaniq	ac3d350b-35f3-42d9-b74c-c30e8c71d677	(untitled)	sanaatana-vaigyaniq	Classical & Raag	English	Style: Indian Devotional Bhakti, Raag Yaman, slow tempo (60–65 BPM), cinematic s	true	49
stations	sanaatana-vaigyaniq	Sanaatana Vaigyaniq	29a17f2c-a3b6-463d-9a08-8fede6cb142a	का खा गा घा	sanaatana-vaigyaniq	Sanatan & Vedic	Sanskrit	Sanatan & Vedic	true	223
stations	sanaatana-vaigyaniq	Sanaatana Vaigyaniq	ecfcf3e2-e6b5-4377-b4bf-52d3acda1360	का खा गा घा	sanaatana-vaigyaniq	Sanatan & Vedic	Sanskrit	Sanatan & Vedic	true	224
stations	sanaatana-vaigyaniq	Sanaatana Vaigyaniq	e97cc568-6578-4bba-a1c3-0580783e1d53	(untitled)	sanaatana-vaigyaniq	Sanatan & Vedic	English	Genre:  Vedic Cosmic Rap  Nautanki folk + Hip-hop  Cinematic mythological rap  I	true	211
stations	sanaatana-vaigyaniq	Sanaatana Vaigyaniq	954ceeb0-8f77-4fdc-9b97-439fd3559810	का खा गा घा	sanaatana-vaigyaniq	Sanatan & Vedic	Sanskrit	Sanatan & Vedic	true	211
stations	sanaatana-vaigyaniq	Sanaatana Vaigyaniq	c8e9d4ca-0d7d-4624-8efb-0b23973de9a3	का खा गा घा	sanaatana-vaigyaniq	Sanatan & Vedic	Sanskrit	Sanatan & Vedic	true	200
stations	sanaatana-vaigyaniq	Sanaatana Vaigyaniq	24b25363-caab-410d-a1a7-a36f5df70481	(untitled)	sanaatana-vaigyaniq	Sanatan & Vedic	English	Genre:  Vedic Cosmic Rap  Nautanki folk + Hip-hop  Cinematic mythological rap  I	true	200
stations	sanaatana-vaigyaniq	Sanaatana Vaigyaniq	4e8ab515-7696-4a5d-ada8-911355a71d61	(untitled)	sanaatana-vaigyaniq	Sanatan & Vedic	English	Genre:  Vedic Cosmic Rap  Nautanki folk + Hip-hop  Cinematic mythological rap  I	true	180
stations	sanaatana-vaigyaniq	Sanaatana Vaigyaniq	e9e95c40-884e-4b74-a1f6-5db9c6bdeb93	का खा गा घा	sanaatana-vaigyaniq	Sanatan & Vedic	Sanskrit	Sanatan & Vedic	true	180
stations	sanaatana-vaigyaniq	Sanaatana Vaigyaniq	bc962e4c-9016-4ba8-bb3e-e257917e3dd4	का खा गा घा	sanaatana-vaigyaniq	Sanatan & Vedic	Sanskrit	Sanatan & Vedic	true	155
stations	sanaatana-vaigyaniq	Sanaatana Vaigyaniq	7b8aaf45-66a4-4e30-acdd-38c437907a8e	(untitled)	sanaatana-vaigyaniq	Sanatan & Vedic	English	Genre:  Vedic Cosmic Rap  Nautanki folk + Hip-hop  Cinematic mythological rap  I	true	155
stations	sanaatana-vaigyaniq	Sanaatana Vaigyaniq	dfe02902-7e32-4106-a738-2f3c88aabf9c	का खा गा घा	sanaatana-vaigyaniq	Sanatan & Vedic	Sanskrit	Sanatan & Vedic	true	112
stations	sanaatana-vaigyaniq	Sanaatana Vaigyaniq	b8e5aa64-0398-4c26-9ef9-aa516d2421c3	(untitled)	sanaatana-vaigyaniq	Sanatan & Vedic	English	Genre:  Vedic Cosmic Rap  Nautanki folk + Hip-hop  Cinematic mythological rap  I	true	108
stations	sanaatana-vaigyaniq	Sanaatana Vaigyaniq	7279327a-abd6-4b19-8bd9-41db02769c97	(untitled)	sanaatana-vaigyaniq	Sanatan & Vedic	English	Genre:  Vedic Cosmic Rap  Nautanki folk + Hip-hop  Cinematic mythological rap  I	true	112
stations	sanaatana-vaigyaniq	Sanaatana Vaigyaniq	68e1e3bc-204b-4335-a599-eb3a0623ec41	का खा गा घा	sanaatana-vaigyaniq	Sanatan & Vedic	Sanskrit	Sanatan & Vedic	true	93
stations	sanaatana-vaigyaniq	Sanaatana Vaigyaniq	339cc960-6eba-46bf-aa4b-9cc390baab6d	का खा गा घा	sanaatana-vaigyaniq	Sanatan & Vedic	Sanskrit	Sanatan & Vedic	true	108
stations	sanaatana-vaigyaniq	Sanaatana Vaigyaniq	2badde9c-1f37-4504-9aaa-b067a58e99c3	का खा गा घा	sanaatana-vaigyaniq	Sanatan & Vedic	Sanskrit	Sanatan & Vedic	true	106
stations	sanaatana-vaigyaniq	Sanaatana Vaigyaniq	05a9ac20-ffc7-4810-a9e2-21d2c683b06a	(untitled)	sanaatana-vaigyaniq	Sanatan & Vedic	English	Genre:  Vedic Cosmic Rap  Nautanki folk + Hip-hop  Cinematic mythological rap  I	true	106
stations	sanaatana-vaigyaniq	Sanaatana Vaigyaniq	72b69742-5e35-4af0-876c-03f7ff259f69	(untitled)	sanaatana-vaigyaniq	Sanatan & Vedic	English	Genre:  Vedic Cosmic Rap  Nautanki folk + Hip-hop  Cinematic mythological rap  I	true	93
stations	sanaatana-vaigyaniq	Sanaatana Vaigyaniq	f932d3fb-72e6-41c0-8754-38bfa4f5417c	(untitled)	sanaatana-vaigyaniq	Sanatan & Vedic	English	Genre:  Vedic Cosmic Rap  Nautanki folk + Hip-hop  Cinematic mythological rap  I	true	87
stations	sanaatana-vaigyaniq	Sanaatana Vaigyaniq	b0ce3910-5638-41ea-baa5-e1711b806520	का खा गा घा	sanaatana-vaigyaniq	Sanatan & Vedic	Sanskrit	Sanatan & Vedic	true	87
stations	sanaatana-vaigyaniq	Sanaatana Vaigyaniq	7d29c576-36bc-4241-be33-bce5fd84775b	का खा गा घा	sanaatana-vaigyaniq	Sanatan & Vedic	Sanskrit	Sanatan & Vedic	true	54
stations	sanaatana-vaigyaniq	Sanaatana Vaigyaniq	aed9aa06-9e15-4413-b39f-b80a8913035e	(untitled)	sanaatana-vaigyaniq	Sanatan & Vedic	English	Vedantic cosmic Indian folk theatre song, female mystical lead voice, male drama	true	54
stations	sanaatana-vaigyaniq	Sanaatana Vaigyaniq	310f549f-b41a-4685-9afd-023bc7de4632	नागिन है	sanaatana-vaigyaniq	Sanatan & Vedic	Sanskrit	Sanatan & Vedic	true	28
stations	sanaatana-vaigyaniq	Sanaatana Vaigyaniq	99a91265-7f9c-4b3d-a76a-745dfb3a5ec9	नागिन है	sanaatana-vaigyaniq	Sanatan & Vedic	Sanskrit	Sanatan & Vedic	true	111
stations	sanaatana-vaigyaniq	Sanaatana Vaigyaniq	1793b6b5-9f36-4f77-a6fa-630d6a66cdbb	kudru ki beti naagin	sanaatana-vaigyaniq	Classical & Raag	English	इस रचना के लिए 'राग भैरवी' और 'राग जोगिया' का मिश्रण सबसे सटीक है, जिसमें 'राग व	true	56
stations	sanaatana-vaigyaniq	Sanaatana Vaigyaniq	20709bfc-b04e-49bb-b50a-81112046ab9d	🕉️ वैदिक फ्यूज़न — चेतना नागिन नाद	sanaatana-vaigyaniq	Sanatan & Vedic	Sanskrit	Sanatan & Vedic	true	56
stations	sanaatana-vaigyaniq	Sanaatana Vaigyaniq	783c7290-99f4-43f8-adc4-b8681b56114d	साँस मेरी देख	sanaatana-vaigyaniq	Sanatan & Vedic	Sanskrit	Sanatan & Vedic	true	52
stations	sanaatana-vaigyaniq	Sanaatana Vaigyaniq	93dd0e34-eefb-4555-91c0-b5297eef283f	साँस मेरी देख	sanaatana-vaigyaniq	Sanatan & Vedic	Sanskrit	Sanatan & Vedic	true	52
stations	sanaatana-vaigyaniq	Sanaatana Vaigyaniq	29bbf8d9-f160-43ef-b3fa-fe632e29b925	नागिन है	sanaatana-vaigyaniq	Sanatan & Vedic	Sanskrit	Sanatan & Vedic	true	39
stations	sanaatana-vaigyaniq	Sanaatana Vaigyaniq	a06bfdbd-c7e9-401a-a6df-d87a575e3893	Naaraayana Uunh	sanaatana-vaigyaniq	Sanatan & Vedic	English	वैदिक रॉक	true	43
stations	sanaatana-vaigyaniq	Sanaatana Vaigyaniq	413e4582-680e-4824-95e8-252bfe180608	सुनो	sanaatana-vaigyaniq	Sanatan & Vedic	Sanskrit	Sanatan & Vedic	true	43
stations	sanaatana-vaigyaniq	Sanaatana Vaigyaniq	790f6743-e536-4370-8191-d2dfc093831c	सुनो	sanaatana-vaigyaniq	Sanatan & Vedic	Sanskrit	Sanatan & Vedic	true	43
stations	sanaatana-vaigyaniq	Sanaatana Vaigyaniq	67162988-1ccc-4fa7-beab-230a0f681db0	बुलाओ तुम्हारे पितरों को	sanaatana-vaigyaniq	Sanatan & Vedic	Sanskrit	Sanatan & Vedic	true	74
stations	sanaatana-vaigyaniq	Sanaatana Vaigyaniq	87f41c73-b4cc-49e0-8e94-2058edd285bf	ॐ	sanaatana-vaigyaniq	Sanatan & Vedic	Sanskrit	Cinematic Vedic Neural-Raaga Fusion, 432Hz Sacred Tuning. Devine Tribal-Rock, Ag	true	74
stations	sanaatana-vaigyaniq	Sanaatana Vaigyaniq	c237cdca-4f81-4f53-b062-92e3183b8389	बुलाओ तुम्हारे पितरों को	sanaatana-vaigyaniq	Sanatan & Vedic	Sanskrit	Sanatan & Vedic	true	62
stations	sanaatana-vaigyaniq	Sanaatana Vaigyaniq	42fb0963-ee69-497e-9b18-e76247c23bce	ॐ	sanaatana-vaigyaniq	Sanatan & Vedic	Sanskrit	Cinematic Vedic Neural-Raaga Fusion, 432Hz Sacred Tuning. Devine Tribal-Rock, Ag	true	62
stations	sanaatana-vaigyaniq	Sanaatana Vaigyaniq	7039ea86-720e-4eff-a9b3-f972963b5395	बुलाओ तुम्हारे पितरों को	sanaatana-vaigyaniq	Sanatan & Vedic	Sanskrit	Sanatan & Vedic	true	35
stations	sanaatana-vaigyaniq	Sanaatana Vaigyaniq	f74b3b54-2435-4d24-ab58-9acb3d5c29f0	(untitled)	sanaatana-vaigyaniq	Sanatan & Vedic	English	Cinematic Vedic Neural-Raaga Fusion, 432Hz Sacred Tuning. Industrial Tribal-Rock	true	35
stations	sanaatana-vaigyaniq	Sanaatana Vaigyaniq	2aa2ef58-c4be-4799-8641-a73b48881047	जागो जागो जागो हेमंत राणा जी महाराज... मेरे तुम	sanaatana-vaigyaniq	Sanatan & Vedic	Sanskrit	Sanatan & Vedic	true	20
stations	sanaatana-vaigyaniq	Sanaatana Vaigyaniq	9302edde-499a-40a3-b22e-3ccfadaf169c	(untitled)	sanaatana-vaigyaniq	Classical & Raag	English	Cinematic Neural-Raaga Fusion, 432Hz Sacred Tuning. Industrial Tribal-Rock, Aggr	true	20
stations	sanaatana-vaigyaniq	Sanaatana Vaigyaniq	2c5e4dbe-097d-4f30-aabf-618cc31ef0b0	नमस्कार श्रोताओं! आपका स्वागत है रेडियो सनातन वै	sanaatana-vaigyaniq	Sanatan & Vedic	Sanskrit	Sanatan & Vedic	true	9
stations	sanaatana-vaigyaniq	Sanaatana Vaigyaniq	a8d556f6-269d-4029-bb1a-0abd4bc16064	Naaraayana uunh	sanaatana-vaigyaniq	Sanatan & Vedic	English	Sanatan & Vedic	true	38
stations	sanaatana-vaigyaniq	Sanaatana Vaigyaniq	f5cb9407-24a2-45f0-8ee2-aa403a65a74b	Naaraayana Uunh	sanaatana-vaigyaniq	Sanatan & Vedic	English	आप सुन रहे हैं रेडियो सनातन वैज्ञानिक	true	38
stations	sanaatana-vaigyaniq	Sanaatana Vaigyaniq	07c7426b-552d-49a1-bc86-7613ded094bc	(untitled)	sanaatana-vaigyaniq	Sanatan & Vedic	English	Cinematic Vedic-Blues Fusion, Aggressive ग्लोबल   Folk, Deep Guttural Aghori Cha	true	89
stations	sanaatana-vaigyaniq	Sanaatana Vaigyaniq	a63d8cca-295c-4ca4-a467-dd2d8c222a7e	मने मेरी माँ	sanaatana-vaigyaniq	Sanatan & Vedic	Sanskrit	Sanatan & Vedic	true	89
stations	sanaatana-vaigyaniq	Sanaatana Vaigyaniq	b4b42938-0fdb-407a-9716-d99479b0e0b0	मने मेरी माँ	sanaatana-vaigyaniq	Sanatan & Vedic	Sanskrit	Sanatan & Vedic	true	157
stations	sanaatana-vaigyaniq	Sanaatana Vaigyaniq	faf8624e-52ff-41ac-a98c-562728ffac2d	(untitled)	sanaatana-vaigyaniq	Sanatan & Vedic	English	Cinematic Vedic-Blues Fusion, Aggressive भोजपुरी  Folk-Rock, Deep Guttural Aghor	true	157
stations	sanaatana-vaigyaniq	Sanaatana Vaigyaniq	49a3ba5c-8404-4a55-be2f-8b74d04587be	मेरा भाई	sanaatana-vaigyaniq	Sanatan & Vedic	Sanskrit	Sanatan & Vedic	true	178
stations	sanaatana-vaigyaniq	Sanaatana Vaigyaniq	359fe041-9682-478b-8b22-2025ce5af3c8	(untitled)	sanaatana-vaigyaniq	Sanatan & Vedic	English	Cinematic Vedic-Blues Fusion, Aggressive Haryanvi Folk-Rock, Deep Guttural Aghor	true	178
stations	sanaatana-vaigyaniq	Sanaatana Vaigyaniq	85364529-043a-45e8-8ec2-6e2a4895644e	मेरा भाई	sanaatana-vaigyaniq	Sanatan & Vedic	Sanskrit	Sanatan & Vedic	true	22
stations	sanaatana-vaigyaniq	Sanaatana Vaigyaniq	aaca4dcb-a21a-4e20-9585-e2827cb88d9a	(untitled)	sanaatana-vaigyaniq	Sanatan & Vedic	English	Cinematic Vedic-Blues Fusion, Aggressive Haryanvi Folk-Rock, Deep Guttural Aghor	true	22
stations	sanaatana-vaigyaniq	Sanaatana Vaigyaniq	0902ef6d-8f19-458b-b932-855765d1dcd1	(untitled)	sanaatana-vaigyaniq	Sanatan & Vedic	English	Haryanvi folk ragni, Sufi qawwali, cinematic anthem, Vedic chant, epic choir, sp	true	177
stations	sanaatana-vaigyaniq	Sanaatana Vaigyaniq	ff00e623-ff9b-4092-8866-9a775e6de626	(untitled)	sanaatana-vaigyaniq	Sanatan & Vedic	English	Haryanvi folk ragni, Sufi qawwali, cinematic anthem, Vedic chant, epic choir, sp	true	177
stations	sanaatana-vaigyaniq	Sanaatana Vaigyaniq	a8b958f9-3065-46de-bc14-080bd949892e	सुन रे जग के यात्री	sanaatana-vaigyaniq	Classical & Raag	Hindi	Classical & Raag	true	76
stations	sanaatana-vaigyaniq	Sanaatana Vaigyaniq	bfb4ac18-d356-4ab5-84b1-0691c5635560	सुन री कुतिये ध्यान से	sanaatana-vaigyaniq	Sanatan & Vedic	Sanskrit	Sanatan & Vedic	true	37
stations	sanaatana-vaigyaniq	Sanaatana Vaigyaniq	a8738d5a-73c8-4c1b-8537-6f306f014715	सुन री कुतिये ध्यान से	sanaatana-vaigyaniq	Sanatan & Vedic	Sanskrit	Sanatan & Vedic	true	34
stations	sanaatana-vaigyaniq	Sanaatana Vaigyaniq	3ba8da22-5a9f-43e1-b1c1-b80db6e17e04	सुन री कुतिये ध्यान से	sanaatana-vaigyaniq	Sanatan & Vedic	Sanskrit	Sanatan & Vedic	true	37
stations	sanaatana-vaigyaniq	Sanaatana Vaigyaniq	1210841d-cb58-4632-96de-39a6f862b69a	(untitled)	sanaatana-vaigyaniq	Sanatan & Vedic	English	Atmospheric Aghori Chants, Tribal Trance, Haryanvi Folk-Blues Fusion. Starts wit	true	32
stations	sanaatana-vaigyaniq	Sanaatana Vaigyaniq	41e8f0c6-6363-44dd-b118-bfc2dc2c8dd6	मने मेरे देश ईब यूं सताना छोड़ दे	sanaatana-vaigyaniq	Sanatan & Vedic	Sanskrit	Sanatan & Vedic	true	32
stations	sanaatana-vaigyaniq	Sanaatana Vaigyaniq	bdb93b4d-edf6-418f-bedf-5d1b5204ed1d	मने मेरे देश ईब यूं सताना छोड़ दे	sanaatana-vaigyaniq	Sanatan & Vedic	Sanskrit	Sanatan & Vedic	true	45
stations	sanaatana-vaigyaniq	Sanaatana Vaigyaniq	02b55369-c2c7-4541-b858-99a73400ed7e	मने मेरे देश ईब यूं सताना छोड़ दे	sanaatana-vaigyaniq	Sanatan & Vedic	Sanskrit	Sanatan & Vedic	true	41
stations	sanaatana-vaigyaniq	Sanaatana Vaigyaniq	a118e163-e5f4-459d-a9f4-e82bbb5d48ec	सुन री कुतिये ध्यान से	sanaatana-vaigyaniq	Sanatan & Vedic	Sanskrit	Sanatan & Vedic	true	31
stations	sanaatana-vaigyaniq	Sanaatana Vaigyaniq	e4e6e3b0-e45c-4464-933f-ec6a37a9fc1a	(untitled)	sanaatana-vaigyaniq	Sanatan & Vedic	English	Funky हरियाणवी folk duet about lovers discovering cosmic love and body-mind harm	true	26
stations	sanaatana-vaigyaniq	Sanaatana Vaigyaniq	6a9729a2-bfde-48a5-bc3a-95d1de82ccbd	(untitled)	sanaatana-vaigyaniq	Sanatan & Vedic	English	Funky हरियाणवी folk duet about lovers discovering cosmic love and body-mind harm	true	26
stations	sanaatana-vaigyaniq	Sanaatana Vaigyaniq	3a30e4a6-c5b1-4cf9-bdda-324b95054db1	(untitled)	sanaatana-vaigyaniq	Sanatan & Vedic	English	Funky folk duet about lovers discovering cosmic love and body-mind harmony. Use	true	26
stations	sanaatana-vaigyaniq	Sanaatana Vaigyaniq	e5e5c4ed-7013-4378-8baf-ec76665ed5ea	(untitled)	sanaatana-vaigyaniq	Sanatan & Vedic	English	Funky folk duet about lovers discovering cosmic love and body-mind harmony. Use	true	26
stations	sanaatana-vaigyaniq	Sanaatana Vaigyaniq	1883b6f9-b6fb-44d5-98e4-a32b63d3fd5a	ये काम बड़े ही काम का है	sanaatana-vaigyaniq	Sanatan & Vedic	Sanskrit	Sanatan & Vedic	true	27
stations	sanaatana-vaigyaniq	Sanaatana Vaigyaniq	ceb76bb6-5502-4d7e-8c67-0273d1e4404c	(untitled)	sanaatana-vaigyaniq	Sanatan & Vedic	English	Funky folk duet about lovers discovering cosmic love and body-mind harmony. Use	true	27
stations	sanaatana-vaigyaniq	Sanaatana Vaigyaniq	2a0e9125-5a5d-4c09-a4e9-c2554b3dbd7e	सुनो र मेरी शान फौजी	sanaatana-vaigyaniq	Sanatan & Vedic	Sanskrit	Sanatan & Vedic	true	62
stations	sanaatana-vaigyaniq	Sanaatana Vaigyaniq	984da1fd-8ce8-4e3a-953a-94ebfd0fae42	लौट के आ रे श्याम सलोना	sanaatana-vaigyaniq	Sanatan & Vedic	Sanskrit	Sanatan & Vedic	true	48
stations	sanaatana-vaigyaniq	Sanaatana Vaigyaniq	f770f15f-5b74-4116-991f-95e607edeadf	(untitled)	sanaatana-vaigyaniq	Sanatan & Vedic	English	Cosmic Earth Anthem.  Genre: Indian folk + cinematic orchestral + Vedic chant +	true	48
stations	sanaatana-vaigyaniq	Sanaatana Vaigyaniq	fd028fa8-b2c3-4b4c-9be6-18aa0f01f0a6	Syntyi aurinko	sanaatana-vaigyaniq	Sanatan & Vedic	English	Sanatan & Vedic	true	91
stations	sanaatana-vaigyaniq	Sanaatana Vaigyaniq	78a88e07-df27-4c02-b739-c36f5768ab2a	Universal Vedic Cosmic Connect	sanaatana-vaigyaniq	Sanatan & Vedic	English	Epic cinematic hip-hop track called “Cosmic Egg Civilization Rap”. Tempo around	true	91
stations	sanaatana-vaigyaniq	Sanaatana Vaigyaniq	996a9054-d146-4a5e-adc4-d15be4f5b9d1	(untitled)	sanaatana-vaigyaniq	Sanatan & Vedic	English	Epic cinematic hip-hop track called “Cosmic Egg Civilization Rap”. Tempo around	true	60
stations	sanaatana-vaigyaniq	Sanaatana Vaigyaniq	234ea386-635d-4c47-901f-8c56d201db27	ॐ हिरण्यगर्भः समवर्तताग्रे	sanaatana-vaigyaniq	Sanatan & Vedic	Sanskrit	Sanatan & Vedic	true	60
stations	sanaatana-vaigyaniq	Sanaatana Vaigyaniq	aec7dc35-1ec0-44a4-bb7d-f79a1e7686ce	(untitled)	sanaatana-vaigyaniq	Sanatan & Vedic	English	Epic Vedic rap, Rigvedic chant intro, deep trap beat, mridangam and shankh accen	true	89
stations	sanaatana-vaigyaniq	Sanaatana Vaigyaniq	fcc40853-3fac-4ab3-a1a3-b2d506a7f016	खरोष्ठी का तंत्र	sanaatana-vaigyaniq	Sanatan & Vedic	Sanskrit	Sanatan & Vedic	true	89
stations	sanaatana-vaigyaniq	Sanaatana Vaigyaniq	ddac23b1-dc19-495b-9b9c-d830bec759ad	खरोष्ठी का तंत्र	sanaatana-vaigyaniq	Sanatan & Vedic	Sanskrit	Sanatan & Vedic	true	89
stations	sanaatana-vaigyaniq	Sanaatana Vaigyaniq	0ef3ebdb-02ca-487a-9448-4fa7858cc0ce	(untitled)	sanaatana-vaigyaniq	Sanatan & Vedic	English	Epic Vedic rap, Rigvedic chanting intro, powerful hip-hop trap beat, Indian clas	true	89
stations	sanaatana-vaigyaniq	Sanaatana Vaigyaniq	ffdf9645-e582-468d-af7f-75613fbbb25b	(untitled)	sanaatana-vaigyaniq	Sanatan & Vedic	English	Epic Vedic rap, Rigvedic chanting intro, powerful hip-hop trap beat, Indian clas	true	89
stations	sanaatana-vaigyaniq	Sanaatana Vaigyaniq	6d654c1f-fbca-4c85-ad3c-5033c566c156	(untitled)	sanaatana-vaigyaniq	Sanatan & Vedic	English	Epic Vedic rap, Rigvedic chanting intro, powerful hip-hop trap beat, Indian clas	true	89
stations	sanaatana-vaigyaniq	Sanaatana Vaigyaniq	93f61d64-57c6-4b30-afcf-5b0bab061bd8	(untitled)	sanaatana-vaigyaniq	Sanatan & Vedic	English	super funky  revolutionary  Verse 1 (Rap)  Hook / Crowd chant  Verse 2 (Rap)  Br	true	47
stations	sanaatana-vaigyaniq	Sanaatana Vaigyaniq	aba5bb64-54f6-4798-8ba8-8bba9a599c53	ॐ नमो भगवते वासुदेवाय	sanaatana-vaigyaniq	Sanatan & Vedic	Sanskrit	Sanatan & Vedic	true	79
stations	sanaatana-vaigyaniq	Sanaatana Vaigyaniq	96ab99cb-c3fa-407f-92e0-a01aca8ea61a	(untitled)	sanaatana-vaigyaniq	Sanatan & Vedic	English	super funky  revolutionary  Verse 1 (Rap)  Hook / Crowd chant  Verse 2 (Rap)  Br	true	47
stations	sanaatana-vaigyaniq	Sanaatana Vaigyaniq	ab212f3f-c109-44ae-9b52-d915ac62f436	(untitled)	sanaatana-vaigyaniq	Sanatan & Vedic	English	Epic Vedic Hip-Hop stadium anthem, powerful Hindi rap, deep cinematic bass, trap	true	47
stations	sanaatana-vaigyaniq	Sanaatana Vaigyaniq	8b1a651b-bad0-4fab-99e7-00b34ab4d128	फ़िक्सिट फ़िक्सिट फ़िक्सिट	sanaatana-vaigyaniq	Sanatan & Vedic	Sanskrit	Sanatan & Vedic	true	47
stations	sanaatana-vaigyaniq	Sanaatana Vaigyaniq	5eb33a33-5e7a-423c-bb04-6dd4e31455ce	अटल है ध्रुव	sanaatana-vaigyaniq	Sanatan & Vedic	Sanskrit	Sanatan & Vedic	true	43
stations	sanaatana-vaigyaniq	Sanaatana Vaigyaniq	2c95a655-1853-4020-a611-bc4e844aaee0	ॐ नमो भगवते वासुदेवाय	sanaatana-vaigyaniq	Sanatan & Vedic	Sanskrit	Sanatan & Vedic	true	85
stations	sanaatana-vaigyaniq	Sanaatana Vaigyaniq	cd0bf69c-c712-497a-a324-4f5ca98fe911	(untitled)	sanaatana-vaigyaniq	Sanatan & Vedic	English	Upanishadic Epic Rap, cinematic Vedic hip-hop, deep bass, powerful taiko drums,	true	43
stations	sanaatana-vaigyaniq	Sanaatana Vaigyaniq	44d6eaee-1e67-4eaf-af1a-1b53349e55f1	(untitled)	sanaatana-vaigyaniq	Sanatan & Vedic	English	dark cinematic vedic rap deep bass slow trap drums haunting flute throat singing	true	124
stations	sanaatana-vaigyaniq	Sanaatana Vaigyaniq	b854fd41-d448-436a-9e15-3727d2099aa7	उत्तिष्ठत जाग्रत	sanaatana-vaigyaniq	Sanatan & Vedic	Sanskrit	Sanatan & Vedic	true	124
stations	sanaatana-vaigyaniq	Sanaatana Vaigyaniq	bfa3c452-eab1-44c3-9c0a-869f6c15bc26	यही भारत की पहचान।	sanaatana-vaigyaniq	Sanatan & Vedic	Sanskrit	Sanatan & Vedic	true	84
stations	sanaatana-vaigyaniq	Sanaatana Vaigyaniq	0feb7548-012f-4367-8ed6-f47fba0f6ae2	(untitled)	sanaatana-vaigyaniq	Sanatan & Vedic	English	Epic divine hip-hop, heavy cinematic bass, conch shell intro, Vedic choir textur	true	70
stations	sanaatana-vaigyaniq	Sanaatana Vaigyaniq	da000daa-342d-4df9-89ab-8523bb3b5320	खोल अकल के ढक्कन	sanaatana-vaigyaniq	Sanatan & Vedic	Sanskrit	Sanatan & Vedic	true	88
stations	sanaatana-vaigyaniq	Sanaatana Vaigyaniq	8860015e-eb23-42e2-aaee-c4f0344caf19	(untitled)	sanaatana-vaigyaniq	Sanatan & Vedic	English	Epic divine hip-hop, heavy cinematic bass, conch shell intro, Vedic choir textur	true	88
stations	sanaatana-vaigyaniq	Sanaatana Vaigyaniq	d15ffb48-0e22-4344-96a5-13c18cb5a67f	खोल अकल के ढक्कन	sanaatana-vaigyaniq	Sanatan & Vedic	Sanskrit	Sanatan & Vedic	true	70
stations	sanaatana-vaigyaniq	Sanaatana Vaigyaniq	e521f486-dc2d-450c-ad6b-6dc60c076e3b	आज की बात सुनो रे भाई	sanaatana-vaigyaniq	Sanatan & Vedic	Sanskrit	Sanatan & Vedic	true	83
stations	sanaatana-vaigyaniq	Sanaatana Vaigyaniq	9ed3d7a1-f789-4aed-8f87-c21c9ae61bf6	खोल अकल के ढक्कन	sanaatana-vaigyaniq	Sanatan & Vedic	Sanskrit	Sanatan & Vedic	true	70
stations	sanaatana-vaigyaniq	Sanaatana Vaigyaniq	d10508db-bd53-40ce-a03c-92f1791b1278	(untitled)	sanaatana-vaigyaniq	Sanatan & Vedic	English	Epic divine hip-hop, heavy cinematic bass, conch shell intro, Vedic choir textur	true	70
stations	sanaatana-vaigyaniq	Sanaatana Vaigyaniq	b30f1dc1-1d59-41dd-af90-dedba164ed3f	【प्रस्तावना – ब्रह्मांड का मंच】	sanaatana-vaigyaniq	Sanatan & Vedic	Sanskrit	Sanatan & Vedic	true	101
stations	sanaatana-vaigyaniq	Sanaatana Vaigyaniq	33ebe00e-d888-4500-be76-653588dca063	【प्रस्तावना – ब्रह्मांड का मंच】	sanaatana-vaigyaniq	Sanatan & Vedic	Sanskrit	Sanatan & Vedic	true	113
stations	sanaatana-vaigyaniq	Sanaatana Vaigyaniq	c76edf13-95b3-42c3-b51e-44b0d31a10dc	(untitled)	sanaatana-vaigyaniq	Sanatan & Vedic	English	Tempo: 95 BPM Cosmic Hip-Hop  Instruments:  temple bells  mridangam  ancient lyr	true	101
stations	sanaatana-vaigyaniq	Sanaatana Vaigyaniq	2c90ee6b-74e3-4d2e-9843-9b5fb835b297	(untitled)	sanaatana-vaigyaniq	Sanatan & Vedic	English	100-voice Vedic choir  Trap + orchestral beat  Ancient instruments (lyre, mridan	true	113
stations	sanaatana-vaigyaniq	Sanaatana Vaigyaniq	42598efd-76d4-4683-87c1-176aa832b4ba	(untitled)	sanaatana-vaigyaniq	Sanatan & Vedic	English	100-voice Vedic choir  Trap + orchestral beat  Ancient instruments (lyre, mridan	true	125
stations	sanaatana-vaigyaniq	Sanaatana Vaigyaniq	bb7e2b90-d7ca-49b6-9135-fe4251447df2	【प्रस्तावना – ब्रह्मांड का मंच】	sanaatana-vaigyaniq	Sanatan & Vedic	Sanskrit	Sanatan & Vedic	true	125
stations	sanaatana-vaigyaniq	Sanaatana Vaigyaniq	e569c9e8-b660-4a47-83ea-2a36219c3cbd	[Intro – Cosmic Awakening】	sanaatana-vaigyaniq	Sanatan & Vedic	English	Sanatan & Vedic	true	95
stations	sanaatana-vaigyaniq	Sanaatana Vaigyaniq	ab674c75-8585-4fd0-89ae-715906b3f772	Cosmic Awakening】	sanaatana-vaigyaniq	Sanatan & Vedic	English	Sanatan & Vedic	true	96
stations	sanaatana-vaigyaniq	Sanaatana Vaigyaniq	a27569a5-0751-4d15-842c-63a1adffb59c	जाग ओ धरती के वंशज	sanaatana-vaigyaniq	Sanatan & Vedic	Sanskrit	Sanatan & Vedic	true	98
stations	sanaatana-vaigyaniq	Sanaatana Vaigyaniq	5b8abaaa-7c56-450e-acfc-00b012e50990	Frère Jacques	sanaatana-vaigyaniq	Sanatan & Vedic	English	Sanatan & Vedic	true	61
stations	sanaatana-vaigyaniq	Sanaatana Vaigyaniq	a93223c5-90c5-469e-aa1d-602c99611cf7	Frère Jacques	sanaatana-vaigyaniq	Sanatan & Vedic	English	Sanatan & Vedic	true	66
stations	sanaatana-vaigyaniq	Sanaatana Vaigyaniq	f4ffd57d-7c3c-440f-814c-1f4307fefb61	(untitled)	sanaatana-vaigyaniq	Sanatan & Vedic	English	[Title] खोकन और पराई नाव — Cosmic Stadium Anthem  [Style] Baul Folk  + Trap Beat	true	78
stations	sanaatana-vaigyaniq	Sanaatana Vaigyaniq	7153c43c-d1d0-4621-8af5-edb81572ef1b	(untitled)	sanaatana-vaigyaniq	Sanatan & Vedic	English	[Title] खोकन और पराई नाव — Cosmic Stadium Anthem  [Style] Baul Folk + Stadium An	true	78
stations	sanaatana-vaigyaniq	Sanaatana Vaigyaniq	298d61be-50b0-46d5-b063-082b1afd7c3a	(untitled)	sanaatana-vaigyaniq	Sanatan & Vedic	English	[Title] खोकन और पराई नाव — Cosmic Stadium Anthem  [Style] Baul Folk  + Trap Beat	true	78
stations	sanaatana-vaigyaniq	Sanaatana Vaigyaniq	0dfca798-d9bf-41eb-ad1b-fea2ddd3e6fb	(untitled)	sanaatana-vaigyaniq	Sanatan & Vedic	English	[Title] खोकन और पराई नाव — Cosmic Stadium Anthem  [Style] Baul Folk + Stadium An	true	78
stations	sanaatana-vaigyaniq	Sanaatana Vaigyaniq	108c7fe6-6dd1-4e66-92d8-25403bb67a40	सात-ति चोरे दूँड़ बाये	sanaatana-vaigyaniq	Sanatan & Vedic	Sanskrit	Sanatan & Vedic	true	78
stations	sanaatana-vaigyaniq	Sanaatana Vaigyaniq	222f41c8-19ab-42d9-b87c-ca9c4c818caa	खोकन खोकन कोरे माय	sanaatana-vaigyaniq	Sanatan & Vedic	Sanskrit	Sanatan & Vedic	true	78
stations	sanaatana-vaigyaniq	Sanaatana Vaigyaniq	431ccd3f-faa0-48e0-9e03-34be24b470aa	खोकन खोकन कोरे माय	sanaatana-vaigyaniq	Sanatan & Vedic	Sanskrit	Sanatan & Vedic	true	79
stations	sanaatana-vaigyaniq	Sanaatana Vaigyaniq	94ff85f6-fcbf-4004-a7df-5a2b9b6d95eb	(untitled)	sanaatana-vaigyaniq	Sanatan & Vedic	English	[Title] खोकन और पराई नाव — Cosmic Rigveda Folk Rap  [Style] Rigvedic Chant + Ben	true	79
stations	sanaatana-vaigyaniq	Sanaatana Vaigyaniq	df23e9c7-8898-438c-92a6-49d15136beca	सत्य सनातन वैज्ञानिक का ज्ञान	sanaatana-vaigyaniq	Sanatan & Vedic	Sanskrit	Sanatan & Vedic	true	69
stations	sanaatana-vaigyaniq	Sanaatana Vaigyaniq	b3268cd7-82f5-4cbe-97e3-68d735616d14	सत्य सनातन वैज्ञानिक का ज्ञान	sanaatana-vaigyaniq	Sanatan & Vedic	Sanskrit	Sanatan & Vedic	true	70
stations	sanaatana-vaigyaniq	Sanaatana Vaigyaniq	e11f34b8-6597-49cb-b8ab-c265596a828d	सत्य सनातन वैज्ञानिक का ज्ञान	sanaatana-vaigyaniq	Sanatan & Vedic	Sanskrit	Sanatan & Vedic	true	69
stations	sanaatana-vaigyaniq	Sanaatana Vaigyaniq	5da37790-97be-4139-ab9a-d1a6c5dd24c0	सत्य सनातन वैज्ञानिक का है ज्ञान	sanaatana-vaigyaniq	Sanatan & Vedic	Sanskrit	Sanatan & Vedic	true	69
stations	sanaatana-vaigyaniq	Sanaatana Vaigyaniq	da37bf5f-f038-4cf4-a836-c5d2c6c74a9c	सत्य सनातन का है ज्ञान	sanaatana-vaigyaniq	Sanatan & Vedic	Sanskrit	Sanatan & Vedic	true	68
stations	sanaatana-vaigyaniq	Sanaatana Vaigyaniq	471fdd7d-17b3-4d7b-a282-303be24251d5	सत्य सनातन का है ज्ञान	sanaatana-vaigyaniq	Sanatan & Vedic	Sanskrit	Sanatan & Vedic	true	61
stations	sanaatana-vaigyaniq	Sanaatana Vaigyaniq	7140414f-9a6d-4f4c-a9e6-ebaf4c61009e	सत्य सनातन का है ज्ञान	sanaatana-vaigyaniq	Sanatan & Vedic	Sanskrit	Sanatan & Vedic	true	57
stations	sanaatana-vaigyaniq	Sanaatana Vaigyaniq	668f75f1-428a-476d-9bed-614ad964053e	सत्य सनातन का है ज्ञान	sanaatana-vaigyaniq	Sanatan & Vedic	Sanskrit	Sanatan & Vedic	true	56
stations	sanaatana-vaigyaniq	Sanaatana Vaigyaniq	811a9828-7ae3-4fc9-ba2c-9d1c523520c5	सत्य सनातन का है ज्ञान	sanaatana-vaigyaniq	Sanatan & Vedic	Sanskrit	Sanatan & Vedic	true	71
stations	sanaatana-vaigyaniq	Sanaatana Vaigyaniq	4683717a-d5df-4665-836e-b5252b9bb43f	नियमों का हऊआ और सत्य की जड़ें	sanaatana-vaigyaniq	Sanatan & Vedic	Sanskrit	Sanatan & Vedic	true	10
stations	sanaatana-vaigyaniq	Sanaatana Vaigyaniq	0137e680-bb96-4a04-9603-b48b321e35e1	मात-पिता का मान रखो	sanaatana-vaigyaniq	Sanatan & Vedic	Sanskrit	Sanatan & Vedic	true	52
stations	sanaatana-vaigyaniq	Sanaatana Vaigyaniq	a986c2c7-138a-4786-8d1f-79fa9f4a8d8d	सत्य सनातन का है ज्ञान	sanaatana-vaigyaniq	Sanatan & Vedic	Sanskrit	Sanatan & Vedic	true	16
stations	sanaatana-vaigyaniq	Sanaatana Vaigyaniq	99753716-34be-4a43-80b6-7c8bf416bb3e	(untitled)	sanaatana-vaigyaniq	Sanatan & Vedic	English	Epic multilingual scientific rap mixing Latin chant, Siddham script mantra, Sans	true	96
stations	sanaatana-vaigyaniq	Sanaatana Vaigyaniq	ad5b8312-e863-4629-adf2-a05966aee8a3	Force equals	sanaatana-vaigyaniq	Sanatan & Vedic	English	Sanatan & Vedic	true	96
stations	sanaatana-vaigyaniq	Sanaatana Vaigyaniq	643bbbac-2567-4efb-9f3a-50ac19ce3cd3	(untitled)	sanaatana-vaigyaniq	Sanatan & Vedic	English	Epic multilingual scientific rap mixing Latin chant, Siddham script mantra, Sans	true	70
stations	sanaatana-vaigyaniq	Sanaatana Vaigyaniq	79c218fd-2902-4029-acdf-6a572e2d09a0	ॐ नादब्रह्माय नमः	sanaatana-vaigyaniq	Sanatan & Vedic	Sanskrit	Sanatan & Vedic	true	70
stations	sanaatana-vaigyaniq	Sanaatana Vaigyaniq	5e5636bf-1737-4f24-b7f7-cef44e0f22fe	(untitled)	sanaatana-vaigyaniq	Sanatan & Vedic	English	Epic multilingual scientific rap mixing Latin chant, Siddham script mantra, Sans	true	86
stations	sanaatana-vaigyaniq	Sanaatana Vaigyaniq	c25688a0-b774-48e2-8998-c9783f0d195f	Siddhaṃ + Sanskrit Chant	sanaatana-vaigyaniq	Sanatan & Vedic	English	Sanatan & Vedic	true	86
stations	sanaatana-vaigyaniq	Sanaatana Vaigyaniq	11b2b802-1595-456f-899e-cc1e79f05185	ॐ नादब्रह्माय नमः	sanaatana-vaigyaniq	Sanatan & Vedic	Sanskrit	Sanatan & Vedic	true	79
stations	sanaatana-vaigyaniq	Sanaatana Vaigyaniq	f19142fa-b005-4281-857e-bae5435451ca	(untitled)	sanaatana-vaigyaniq	Sanatan & Vedic	English	Epic multilingual scientific rap mixing Latin chant, Sanskrit mantra, Hindi and	true	79
stations	sanaatana-vaigyaniq	Sanaatana Vaigyaniq	7837396f-b847-4359-b544-5774ac2f5daa	Cosmic Chant	sanaatana-vaigyaniq	Sanatan & Vedic	English	Sanatan & Vedic	true	85
stations	sanaatana-vaigyaniq	Sanaatana Vaigyaniq	e6510e78-0f69-43f6-9923-8163b91fc272	(untitled)	sanaatana-vaigyaniq	Sanatan & Vedic	English	Epic cosmic knowledge rap with Sanskrit mantra chanting, Siddham script visuals,	true	85
stations	sanaatana-vaigyaniq	Sanaatana Vaigyaniq	0e0098d4-f9c4-4d28-b3f0-20f38ba73e36	(untitled)	sanaatana-vaigyaniq	Sanatan & Vedic	English	Epic philosophical Indian rap with Sanskrit chanting intro, deep trap beat, dama	true	42
stations	sanaatana-vaigyaniq	Sanaatana Vaigyaniq	f5bedf87-fc25-478b-94ad-3e18b12e6ba2	आयी आयी आयी	sanaatana-vaigyaniq	Sanatan & Vedic	Sanskrit	Sanatan & Vedic	true	42
stations	sanaatana-vaigyaniq	Sanaatana Vaigyaniq	8637c70f-2e69-4d3c-8902-20a2dbdbf3a3	(untitled)	sanaatana-vaigyaniq	Sanatan & Vedic	English	Epic philosophical Indian rap with Sanskrit chanting intro, deep trap beat, dama	true	40
stations	sanaatana-vaigyaniq	Sanaatana Vaigyaniq	0d3d2d6f-939b-4d8a-bf49-2b1e080d944e	Replace 01:09-01:09 (06:30 AM Mar 12)	sanaatana-vaigyaniq	Sanatan & Vedic	English	Style: Vedic chant + Sufi qawwali fusion Tempo: 90 BPM gradually rising to 105 B	true	49
stations	sanaatana-vaigyaniq	Sanaatana Vaigyaniq	cf70934b-58c5-4191-91e7-de0bd63362c4	उसका कौन कफ़न करो	sanaatana-vaigyaniq	Sanatan & Vedic	Sanskrit	Sanatan & Vedic	true	49
stations	sanaatana-vaigyaniq	Sanaatana Vaigyaniq	b876868f-7ad9-437c-8a9a-985c1e15869d	ॐ नाद ब्रह्माय नमः	sanaatana-vaigyaniq	Sanatan & Vedic	Sanskrit	Divine Vedic hip-hop rap with Sanskrit chanting, deep 808 bass, damaru percussio	true	115
stations	sanaatana-vaigyaniq	Sanaatana Vaigyaniq	b4587005-bec9-4fd3-be9a-f8a9704d9c09	ॐ नाद ब्रह्माय नमः	sanaatana-vaigyaniq	Sanatan & Vedic	Sanskrit	Divine Vedic hip-hop rap with Sanskrit chanting, deep 808 bass, damaru percussio	true	74
stations	sanaatana-vaigyaniq	Sanaatana Vaigyaniq	32f65fcc-9867-4491-9f3f-f79076b657df	आयी आयी आयी	sanaatana-vaigyaniq	Sanatan & Vedic	Sanskrit	Sanatan & Vedic	true	115
stations	sanaatana-vaigyaniq	Sanaatana Vaigyaniq	d9cce68e-a94b-4ad4-baaa-f327f7b3b857	“न मा	sanaatana-vaigyaniq	Sanatan & Vedic	Sanskrit	Sanatan & Vedic	true	28
stations	sanaatana-vaigyaniq	Sanaatana Vaigyaniq	a4e0a7f3-9d30-4d38-917f-7152d7ab7cbb	ॐ नाद ब्रह्माय नमः	sanaatana-vaigyaniq	Sanatan & Vedic	Sanskrit	Divine Vedic hip-hop rap with Sanskrit chanting, deep 808 bass, damaru percussio	true	28
stations	sanaatana-vaigyaniq	Sanaatana Vaigyaniq	1daf1c07-046b-424d-8daa-53684e2182dd	शब्दों का खेल है	sanaatana-vaigyaniq	Sanatan & Vedic	Sanskrit	Sanatan & Vedic	true	74
stations	sanaatana-vaigyaniq	Sanaatana Vaigyaniq	506a890d-db34-4aca-a456-9943e1467713	संस्कृत देव	sanaatana-vaigyaniq	Sanatan & Vedic	Sanskrit	Sanatan & Vedic	true	36
stations	sanaatana-vaigyaniq	Sanaatana Vaigyaniq	5f3c39b1-4e21-4da6-8fec-d0305d37cfd8	ॐ नाद ब्रह्माय नमः	sanaatana-vaigyaniq	Sanatan & Vedic	Sanskrit	Divine Vedic hip-hop rap with Sanskrit chanting, deep 808 bass, damaru percussio	true	36
stations	sanaatana-vaigyaniq	Sanaatana Vaigyaniq	3dea2c46-9d5a-402e-9058-77e26312bb54	(untitled)	sanaatana-vaigyaniq	Sanatan & Vedic	English	Divine Vedic hip-hop rap with Sanskrit chanting, deep 808 bass, damaru percussio	true	76
stations	sanaatana-vaigyaniq	Sanaatana Vaigyaniq	bc3038d3-816b-4879-aa78-6815db0853df	शब्दों का खेल है	sanaatana-vaigyaniq	Sanatan & Vedic	Sanskrit	Sanatan & Vedic	true	76
stations	sanaatana-vaigyaniq	Sanaatana Vaigyaniq	3741f8d9-ee63-459b-8ebe-01454f706d38	(untitled)	sanaatana-vaigyaniq	Sanatan & Vedic	English	Sanatan & Vedic	false	0
stations	sanaatana-vaigyaniq	Sanaatana Vaigyaniq	5d0161fa-6647-4a40-be7e-121a88d2b2a3	शब्दों का खेल है	sanaatana-vaigyaniq	Sanatan & Vedic	Sanskrit	Sanatan & Vedic	true	51
stations	sanaatana-vaigyaniq	Sanaatana Vaigyaniq	fabdd7cf-3445-4b3f-8bd3-d5df256ebc2b	आयी आयी आयी	sanaatana-vaigyaniq	Sanatan & Vedic	Sanskrit	Sanatan & Vedic	true	51
stations	sanaatana-vaigyaniq	Sanaatana Vaigyaniq	25982a1c-a0b7-4bdc-9d4c-c685bb4d58d2	(untitled)	sanaatana-vaigyaniq	Sanatan & Vedic	English	Style: Vedic chant + Sufi qawwali fusion Tempo: 90 BPM gradually rising to 105 B	true	60
stations	sanaatana-vaigyaniq	Sanaatana Vaigyaniq	b7c30d72-6ce4-4dcf-a098-a08b77b3c805	(untitled)	sanaatana-vaigyaniq	Sanatan & Vedic	English	Sanatan & Vedic	false	0
stations	sanaatana-vaigyaniq	Sanaatana Vaigyaniq	17d23524-7ba8-4e59-a60c-3536c34d0a1b	भर्गो देवस्य धीमहि	sanaatana-vaigyaniq	Sanatan & Vedic	Sanskrit	Sanatan & Vedic	true	60
stations	sanaatana-vaigyaniq	Sanaatana Vaigyaniq	a4e69def-6d0d-4f12-8718-029de266a4a2	भर्गो देवस्य धीमहि	sanaatana-vaigyaniq	Sanatan & Vedic	Sanskrit	Sanatan & Vedic	true	73
stations	sanaatana-vaigyaniq	Sanaatana Vaigyaniq	319ac1b1-c380-4dbf-a2d5-8b7855354317	ईश्वर अल्ला दो थे भाई	sanaatana-vaigyaniq	Sanatan & Vedic	Sanskrit	Sanatan & Vedic	true	44
stations	sanaatana-vaigyaniq	Sanaatana Vaigyaniq	77d02fc3-250d-47bd-bcf8-80f45421948d	ॐ अग्ने सत्यदीपाय नमः	sanaatana-vaigyaniq	Sanatan & Vedic	Sanskrit	Sanatan & Vedic	true	51
stations	sanaatana-vaigyaniq	Sanaatana Vaigyaniq	73ebc666-cec7-4c6b-a855-1de4b0db7dc4	Mantra Invocation	sanaatana-vaigyaniq	Sanatan & Vedic	English	Sanatan & Vedic	true	57
stations	sanaatana-vaigyaniq	Sanaatana Vaigyaniq	fc2e9468-9cb2-4110-8a81-60b45d7424ab	माया का ये जाल है	sanaatana-vaigyaniq	Sanatan & Vedic	Sanskrit	Sanatan & Vedic	true	48
stations	sanaatana-vaigyaniq	Sanaatana Vaigyaniq	79b04114-d41e-4c68-9933-4e9a7845ff81	red compare	sanaatana-vaigyaniq	Sanatan & Vedic	English	Vedic mantra rap, deep Indian spiritual hip-hop, male powerful voice with Sanskr	true	56
stations	sanaatana-vaigyaniq	Sanaatana Vaigyaniq	9e52df79-607c-4e64-9b32-89b97c3e8dc9	तमसो मा ज्योतिर्गमय	sanaatana-vaigyaniq	Sanatan & Vedic	Sanskrit	Sanatan & Vedic	true	56
stations	sanaatana-vaigyaniq	Sanaatana Vaigyaniq	767143b0-de77-4777-a7b7-1eee32a17256	red compare	sanaatana-vaigyaniq	Sanatan & Vedic	English	Vedic mantra rap, deep Indian spiritual hip-hop, male powerful voice with Sanskr	true	56
stations	sanaatana-vaigyaniq	Sanaatana Vaigyaniq	6adf98e7-94d8-4005-a05b-25fbfda301f0	तमसो मा ज्योतिर्गमय	sanaatana-vaigyaniq	Sanatan & Vedic	Sanskrit	Sanatan & Vedic	true	56
stations	sanaatana-vaigyaniq	Sanaatana Vaigyaniq	0ef3d205-739a-4b55-991e-f733b6ea9a29	नासदासीन्नो सदासीत्तदानीं नासीद्रजो नो व्योमापरो	sanaatana-vaigyaniq	Sanatan & Vedic	Sanskrit	Sanatan & Vedic	true	12
stations	sanaatana-vaigyaniq	Sanaatana Vaigyaniq	f15c8e9b-271a-4e48-8fd3-77cedf717209	First Comes the Word	sanaatana-vaigyaniq	Sanatan & Vedic	English	Title: The Birth of Speech  Genre: Vedic cinematic epic, spiritual world music	true	12
stations	sanaatana-vaigyaniq	Sanaatana Vaigyaniq	3aee5620-6355-4e7c-8dab-c1e12f9a32dc	सन्दर्भ की परिभाषा	sanaatana-vaigyaniq	Classical & Raag	Hindi	Genre: Mystical Sanskrit Philosophy Song  Style: Indian classical + cinematic am	true	77
stations	sanaatana-vaigyaniq	Sanaatana Vaigyaniq	933572dc-5bc2-4924-9f94-ea6aa0e873c8	🌌 १. सृष्टि से पहले	sanaatana-vaigyaniq	Sanatan & Vedic	Sanskrit	Sanatan & Vedic	true	77
stations	sanaatana-vaigyaniq	Sanaatana Vaigyaniq	496810df-e327-42bc-bf1e-1ae6d9f62ca4	सन्दर्भ की परिभाषा	sanaatana-vaigyaniq	Classical & Raag	Hindi	Genre: Mystical Sanskrit Philosophy Song  Style: Indian classical + cinematic am	true	101
stations	sanaatana-vaigyaniq	Sanaatana Vaigyaniq	63dee4cd-523c-47e2-a9bd-925baf55aa2d	संस्कृत	sanaatana-vaigyaniq	Sanatan & Vedic	Sanskrit	Sanatan & Vedic	true	101
stations	sanaatana-vaigyaniq	Sanaatana Vaigyaniq	10e904b9-006d-4a2f-989d-9d613a84c9d1	सन्दर्भ की परिभाषा	sanaatana-vaigyaniq	Sanatan & Vedic	Sanskrit	Sanatan & Vedic	true	1
stations	sanaatana-vaigyaniq	Sanaatana Vaigyaniq	423f80fa-88d7-4cf4-b06d-c284d9d11d66	सन्दर्भ की परिभाषा	sanaatana-vaigyaniq	Classical & Raag	Hindi	Genre: Mystical Sanskrit Philosophy Song  Style: Indian classical + cinematic am	true	1
stations	sanaatana-vaigyaniq	Sanaatana Vaigyaniq	8850934b-cdb1-4254-bedf-83595eb359bb	तुम अनंत सनातन हो	sanaatana-vaigyaniq	Sanatan & Vedic	Sanskrit	Sanatan & Vedic	true	48
stations	sanaatana-vaigyaniq	Sanaatana Vaigyaniq	48b87be5-26d7-45e7-8598-8bcfc1de303a	ram ki gilahari	sanaatana-vaigyaniq	Sanatan & Vedic	English	Epic stadium anthem devotional song, male chorus with crowd chants, powerful dru	true	48
stations	sanaatana-vaigyaniq	Sanaatana Vaigyaniq	b72a5071-8cf9-4efd-9204-269cc25de272	ram ki gilahari	sanaatana-vaigyaniq	Sanatan & Vedic	English	Epic stadium anthem devotional song, male chorus with crowd chants, powerful dru	true	76
stations	sanaatana-vaigyaniq	Sanaatana Vaigyaniq	d5b1f403-2b0e-4ea3-a03a-02ebfcaba03f	शिव की पवन जटा में बसता	sanaatana-vaigyaniq	Sanatan & Vedic	Sanskrit	Sanatan & Vedic	true	41
stations	sanaatana-vaigyaniq	Sanaatana Vaigyaniq	d08d5d69-511b-4d16-86f7-9f38fabf7bff	Har har har har har Haryana	sanaatana-vaigyaniq	Sanatan & Vedic	English	Sanatan & Vedic	true	41
stations	sanaatana-vaigyaniq	Sanaatana Vaigyaniq	26be0fe7-c291-4924-9ac3-2b083d18f6a7	डमड्डमड्डमड्डमन्निनादवड्डमर्वयं	sanaatana-vaigyaniq	Sanatan & Vedic	Sanskrit	Sanatan & Vedic	true	44
stations	sanaatana-vaigyaniq	Sanaatana Vaigyaniq	9255b006-4615-4e25-8de3-371066006607	bhagat ki maa	sanaatana-vaigyaniq	Classical & Raag	English	वोकल्स (Vocals): रागिनी में गायक की आवाज़ बहुत ऊँची (High Pitch) और कड़क होती है।	true	30
stations	sanaatana-vaigyaniq	Sanaatana Vaigyaniq	c60bddff-5831-45b2-aeda-56c210e42bee	भ्रम का जाल ये दुनिया	sanaatana-vaigyaniq	Sanatan & Vedic	Sanskrit	Sanatan & Vedic	true	20
labels	sanatan-and-vedic	Sanatan & Vedic	30e92ffe-423f-48cf-9e93-5fd9bb7113c1	विज़ुअल: अंतरिक्ष में तैरते हुए ३३-डिजिट संख्या	sanaatana-vaigyaniq	Sanatan & Vedic	Sanskrit	Sanatan & Vedic	true	30
labels	sanatan-and-vedic	Sanatan & Vedic	d5f6d9bc-5c76-48d6-859d-957ef84f79b3	हनुमान-अनुमान छट	sanaatana-vaigyaniq	Sanatan & Vedic	Sanskrit	Heavy cinematic Vedic metal-phonk epic, 115 to 142 BPM, roaring traditional dhol	true	28
labels	sanatan-and-vedic	Sanatan & Vedic	1bb556f0-a4fb-4994-9096-3ab4f66de0b8	विज़ुअल: अंतरिक्ष में घूमते सूर्य और ग्रहों के ब	sanaatana-vaigyaniq	Sanatan & Vedic	Sanskrit	Sanatan & Vedic	true	28
labels	sanatan-and-vedic	Sanatan & Vedic	ada89c81-d8fa-4ec0-9938-d9435397b7cd	हा... हू... हौ... हन्... हनु... हनु... हनु... मा	sanaatana-vaigyaniq	Sanatan & Vedic	Sanskrit	Sanatan & Vedic	true	29
labels	sanatan-and-vedic	Sanatan & Vedic	0691bbaf-1f16-453a-9c00-0eecd71d1e14	३३-डिजिट नियॉन	sanaatana-vaigyaniq	Sanatan & Vedic	Sanskrit	Hyper-aggressive cinematic Vedic folk-hop epic, 115 BPM, rapid-fire phonetic sta	true	29
labels	sanatan-and-vedic	Sanatan & Vedic	bcb08d50-076e-4408-ae04-389701191ee3	Vocals : "हा... हू... हौ... हन्... हनु... हनु...	sanaatana-vaigyaniq	Sanatan & Vedic	English	Sanatan & Vedic	true	32
labels	sanatan-and-vedic	Sanatan & Vedic	31cd60d6-6b7d-4e15-9847-9c3866d60440	जुग सहस्र जोजन पर भानू	sanaatana-vaigyaniq	Sanatan & Vedic	Sanskrit	Sanatan & Vedic	true	29
labels	sanatan-and-vedic	Sanatan & Vedic	1fe3b620-3a18-4632-b128-12c1b2245f47	Hyper-dynamic Indian electronic folk-pop	sanaatana-vaigyaniq	Sanatan & Vedic	English	Sanatan & Vedic	true	14
labels	sanatan-and-vedic	Sanatan & Vedic	83db2f7e-ae48-418d-9587-c807af8e24e3	चक्र-इंजन शंखनाद	sanaatana-vaigyaniq	Sanatan & Vedic	Sanskrit	Aggressive cinematic Vedic folk-hop epic, 115 BPM, intense traditional Chalisa r	true	29
labels	sanatan-and-vedic	Sanatan & Vedic	9b8b2f04-0e8b-4270-af63-84bd21bb7574	```text	sanaatana-vaigyaniq	Sanatan & Vedic	English	Sanatan & Vedic	true	41
labels	sanatan-and-vedic	Sanatan & Vedic	1f6a6bc0-d85f-4858-b13d-776e839401cf	द सनातन एक्सप्रेस	sanaatana-vaigyaniq	Sanatan & Vedic	Sanskrit	NULL	true	41
labels	sanatan-and-vedic	Sanatan & Vedic	832210ad-c382-4ee4-8099-264df30ef06c	ताल: आदि तीव्र	sanaatana-vaigyaniq	Sanatan & Vedic	Sanskrit	Sanatan & Vedic	true	128
labels	sanatan-and-vedic	Sanatan & Vedic	58a470f5-a299-4fb9-b539-f879df9db3c0	🎵 ka kaa rahasya niraalaa	sanaatana-vaigyaniq	Sanatan & Vedic	English	Sanatan & Vedic	true	99
labels	sanatan-and-vedic	Sanatan & Vedic	d85bffd9-6420-4844-bef4-34a1ed0cfffd	🎵 क का रहस्य निराला	sanaatana-vaigyaniq	Sanatan & Vedic	Sanskrit	Sanatan & Vedic	true	83
labels	sanatan-and-vedic	Sanatan & Vedic	c086c759-c522-42a2-9718-bf85eb3d3dc7	ekla chalo re... nahi	sanaatana-vaigyaniq	Sanatan & Vedic	English	Sanatan & Vedic	true	131
labels	sanatan-and-vedic	Sanatan & Vedic	f090d601-40e5-4874-b303-4bc84220564c	ka kau ke	sanaatana-vaigyaniq	Sanatan & Vedic	English	Sanatan & Vedic	true	51
labels	sanatan-and-vedic	Sanatan & Vedic	9438a33e-1869-4686-89f7-2b1b3746fbe8	छुक-छुक चलती कोडिंग की गाड़ी	sanaatana-vaigyaniq	Sanatan & Vedic	Sanskrit	Sanatan & Vedic	true	36
labels	sanatan-and-vedic	Sanatan & Vedic	61a1c2e8-6e9b-4636-b976-9c0a3c82cc60	राजधर्म चक्र	sanaatana-vaigyaniq	Sanatan & Vedic	Sanskrit	Heavy Industrial Drop, Vedic chanting trap mix, fast-paced aggressive rap cadenc	true	41
labels	sanatan-and-vedic	Sanatan & Vedic	2ed5e119-5a3e-4f8f-9802-0b0a921375b4	महामात्य का आदेश सुनो अब	sanaatana-vaigyaniq	Sanatan & Vedic	Sanskrit	Sanatan & Vedic	true	41
labels	sanatan-and-vedic	Sanatan & Vedic	cc265065-cce9-480d-8e32-6f6530047d9b	कक्षा सात का गणित प्रकाश	sanaatana-vaigyaniq	Sanatan & Vedic	Sanskrit	Sanatan & Vedic	true	37
labels	sanatan-and-vedic	Sanatan & Vedic	28ed327a-4860-4957-a494-fcd59d36bcd9	Shankhnaad Cowbell Drop	sanaatana-vaigyaniq	Sanatan & Vedic	English	High-energy Cyberpunk Phonk fused with Aggressive Indian Drill, crushing distort	true	37
labels	sanatan-and-vedic	Sanatan & Vedic	e038f00c-f649-44ca-8cc5-f2110a995703	कोष्ठक शंखनाद	sanaatana-vaigyaniq	Sanatan & Vedic	Sanskrit	Raw Aggressive Indian Drill Phonk, heavy distorted 808 sub-bass, crisp metallic	true	18
labels	sanatan-and-vedic	Sanatan & Vedic	bc9e8406-4ced-4d22-a476-896c9d6b31e3	कक्षा सात का गणित प्रकाश	sanaatana-vaigyaniq	Sanatan & Vedic	Sanskrit	Sanatan & Vedic	true	18
labels	sanatan-and-vedic	Sanatan & Vedic	5430725d-e817-463d-8233-7d08e6bb2a8c	दिन और रात का लूप चलता है	sanaatana-vaigyaniq	Sanatan & Vedic	Sanskrit	Sanatan & Vedic	true	48
labels	sanatan-and-vedic	Sanatan & Vedic	7136ecc0-1cde-4b63-93df-1bd8100300b5	छट-छट चलती बुद्धि की गाड़ी	sanaatana-vaigyaniq	Sanatan & Vedic	Sanskrit	Sanatan & Vedic	true	56
labels	sanatan-and-vedic	Sanatan & Vedic	7ad70850-e3ae-4d26-b0e9-05197e2cb4f9	शंखनाद बाइनरी	sanaatana-vaigyaniq	Sanatan & Vedic	Sanskrit	Raw Aggressive Indian Drill Phonk, heavy distorted 808 bass, crisp metallic perc	true	56
labels	sanatan-and-vedic	Sanatan & Vedic	f6051273-d0f3-41f7-b3fe-3b657023d007	🎵 3. सनातन वैज्ञानिक एक्सप्रेस गाना	sanaatana-vaigyaniq	Sanatan & Vedic	Sanskrit	Sanatan & Vedic	true	38
labels	sanatan-and-vedic	Sanatan & Vedic	289f8c8d-4172-4b06-aa7f-5a73fd559b01	🎙️ रेडियो सनातन वैज्ञानिक पर महा-अभिलेखागार का ल	sanaatana-vaigyaniq	Sanatan & Vedic	Sanskrit	Sanatan & Vedic	true	1
labels	sanatan-and-vedic	Sanatan & Vedic	8dfe144d-a4e9-4c51-8d4b-2c642a9eb4be	🎵 सनातन वैज्ञानिक एक्सप्रेस गाना: पाठ्यक्रम का त	sanaatana-vaigyaniq	Sanatan & Vedic	Sanskrit	Sanatan & Vedic	true	16
labels	sanatan-and-vedic	Sanatan & Vedic	db77a1fc-e18d-44a0-a28d-7653ea20e3c3	🎙️ रेडियो सनातन वैज्ञानिक पर महा-अभिलेखागार का ल	sanaatana-vaigyaniq	Sanatan & Vedic	Sanskrit	Sanatan & Vedic	true	1
labels	sanatan-and-vedic	Sanatan & Vedic	00702de5-9189-4230-8040-d9c213a28c7c	बम बाबा बम भोला	sanaatana-vaigyaniq	Sanatan & Vedic	Sanskrit	Sanatan & Vedic	true	35
labels	sanatan-and-vedic	Sanatan & Vedic	04511a31-131b-44c4-a3a6-d3daa32e8026	बम बाबा बम भोला	sanaatana-vaigyaniq	Sanatan & Vedic	Sanskrit	[Genre: Devotional Folk Rock, Bhajan, Energetic Chant, Rajasthani Folk] [Tempo:	true	35
labels	sanatan-and-vedic	Sanatan & Vedic	c43bb926-b90b-41ce-b1ca-1079d49eb675	बम भोला चोला	sanaatana-vaigyaniq	Sanatan & Vedic	Sanskrit	[Genre: Devotional Folk Rock, Bhajan, Energetic Chant, Rajasthani Folk] [Tempo:	true	38
labels	sanatan-and-vedic	Sanatan & Vedic	5ca9eaf3-f217-487c-b700-28362ca02ec0	चला आर्यो का टोला	sanaatana-vaigyaniq	Sanatan & Vedic	Sanskrit	Sanatan & Vedic	true	38
labels	sanatan-and-vedic	Sanatan & Vedic	67800d7d-2832-4abd-9273-de538c1471a0	भगवा चोला बम	sanaatana-vaigyaniq	Sanatan & Vedic	Sanskrit	[Genre: Devotional Folk Rock, Bhajan, Energetic Chant, Rajasthani Folk] [Tempo:	true	37
labels	sanatan-and-vedic	Sanatan & Vedic	b355bd3b-7913-40b5-8f0d-a482329e49b6	चला आर्यो का टोला	sanaatana-vaigyaniq	Sanatan & Vedic	Sanskrit	Sanatan & Vedic	true	37
labels	sanatan-and-vedic	Sanatan & Vedic	30275318-8155-4d3f-8d49-c49ddaf3e5c1	तोरि बंसी की तान... सुनिबे कूँ तरस गये मोरै कान।	sanaatana-vaigyaniq	Sanatan & Vedic	Sanskrit	Sanatan & Vedic	true	46
labels	sanatan-and-vedic	Sanatan & Vedic	17abc34f-fad4-4b66-86f5-340e07c01725	तोरि बंसी की तान... सुनिबे कूँ तरस गये मोरै कान।	sanaatana-vaigyaniq	Sanatan & Vedic	Sanskrit	Sanatan & Vedic	true	47
labels	sanatan-and-vedic	Sanatan & Vedic	36dbb97d-2e8b-4a53-bbec-f43d0afa75ad	तोरी बंसी की तान	sanaatana-vaigyaniq	Sanatan & Vedic	Sanskrit	Sanatan & Vedic	false	0
labels	sanatan-and-vedic	Sanatan & Vedic	9f8b0cb8-2b2d-47cb-8906-259a2f1e6144	अमर शत्रुहंता	sanaatana-vaigyaniq	Sanatan & Vedic	Sanskrit	Sanatan & Vedic	true	34
labels	sanatan-and-vedic	Sanatan & Vedic	40f0eebb-2347-467a-b12f-57371526672e	आशिका न	sanaatana-vaigyaniq	Sanatan & Vedic	Sanskrit	Sanatan & Vedic	true	59
labels	sanatan-and-vedic	Sanatan & Vedic	8abf9e3b-198d-42d4-b547-c789d030e9fa	नाच र पिंकी	sanaatana-vaigyaniq	Sanatan & Vedic	Sanskrit	Sanatan & Vedic	true	85
labels	sanatan-and-vedic	Sanatan & Vedic	3ab7074f-3f3a-4669-8f7d-3b93838e728b	नाच र पिंकी	sanaatana-vaigyaniq	Sanatan & Vedic	Sanskrit	Sanatan & Vedic	true	102
labels	sanatan-and-vedic	Sanatan & Vedic	b56bd6df-5167-43b3-b0a6-cf5f42c72589	मेट्रो दरवाज़े बंद x Animatrix लोडिंग (Mashup)	sanaatana-vaigyaniq	Sanatan & Vedic	English	Afro-Phonk Fusion, Vedic Chanting, Modern Indian Folk, Neon-Sufi, Syncopated Dje	true	68
labels	sanatan-and-vedic	Sanatan & Vedic	d0569990-a19a-4e68-b82b-1db44b271e2a	मेट्रो दरवाज़े बंद x Animatrix लोडिंग (Mashup)	sanaatana-vaigyaniq	Sanatan & Vedic	English	Afro-Phonk Fusion, Vedic Chanting, Modern Indian Folk, Neon-Sufi, Syncopated Dje	true	68
labels	sanatan-and-vedic	Sanatan & Vedic	803ae36b-ad83-4a45-9256-606bf42e2514	मेरा अंतरमन डोले	sanaatana-vaigyaniq	Sanatan & Vedic	Sanskrit	Sanatan & Vedic	true	68
labels	sanatan-and-vedic	Sanatan & Vedic	e48f5522-c4e9-43c9-8080-e6a097fa596c	मेट्रो दरवाज़े बंद	sanaatana-vaigyaniq	Sanatan & Vedic	Sanskrit	Afro-Phonk Fusion, Vedic Chanting, Modern Indian Folk, Neon-Sufi, Syncopated Dje	true	68
labels	sanatan-and-vedic	Sanatan & Vedic	e4126f4b-d140-4061-9c2f-294733f12904	Animatrix Loading	sanaatana-vaigyaniq	Sanatan & Vedic	English	Afro-Phonk Fusion, Vedic Chanting, Modern Indian Folk, Neon-Sufi, Syncopated Dje	true	66
labels	sanatan-and-vedic	Sanatan & Vedic	9aa4b117-b9b0-46de-9c7d-4e16fadb5159	Animatrix लोड	sanaatana-vaigyaniq	Sanatan & Vedic	English	Afro-Phonk Fusion, Vedic Chanting, Modern Indian Folk, Neon-Sufi, Syncopated Dje	true	66
labels	sanatan-and-vedic	Sanatan & Vedic	40bc367c-0e8b-4773-800e-f68e8cf45f1e	Animatrix Loading	sanaatana-vaigyaniq	Sanatan & Vedic	English	Afro-Phonk Fusion, Vedic Chanting, Modern Indian Folk, Neon-Sufi, Syncopated Dje	true	66
labels	sanatan-and-vedic	Sanatan & Vedic	47ed762a-d69b-40e3-8c6b-9feee3c9bd95	Animatrix लोड	sanaatana-vaigyaniq	Sanatan & Vedic	English	Afro-Phonk Fusion, Vedic Chanting, Modern Indian Folk, Neon-Sufi, Syncopated Dje	true	66
labels	sanatan-and-vedic	Sanatan & Vedic	a1faf499-0ae9-40d2-ac91-2d8e83b55f0c	Animatrix लोडिंग	sanaatana-vaigyaniq	Sanatan & Vedic	English	Afro-Phonk Fusion, Vedic Chanting, Modern Indian Folk, Neon-Sufi, Syncopated Dje	true	66
labels	sanatan-and-vedic	Sanatan & Vedic	3b1bbfb3-e88d-49d5-91b4-f619dc802de3	मैं धरती का नून	sanaatana-vaigyaniq	Sanatan & Vedic	Sanskrit	Sanatan & Vedic	true	102
labels	sanatan-and-vedic	Sanatan & Vedic	c2da4a42-4081-4f8b-bcce-99e67d38740e	Animatrix लोडिंग	sanaatana-vaigyaniq	Sanatan & Vedic	English	Afro-Phonk Fusion, Vedic Chanting, Modern Indian Folk, Neon-Sufi, Syncopated Dje	true	66
labels	sanatan-and-vedic	Sanatan & Vedic	55ff3fb9-78dd-47aa-954e-b679fb027780	Sanatan Data (Woodwinds)	sanaatana-vaigyaniq	Sanatan & Vedic	English	NULL	false	0
labels	sanatan-and-vedic	Sanatan & Vedic	750b55e5-c14a-4830-b809-46c5c268bb10	Sanatan Data (FX)	sanaatana-vaigyaniq	Sanatan & Vedic	English	NULL	false	0
labels	sanatan-and-vedic	Sanatan & Vedic	6733d2a3-417b-48bc-860b-da829db4aea6	Sanatan Data (Brass)	sanaatana-vaigyaniq	Sanatan & Vedic	English	NULL	false	0
labels	sanatan-and-vedic	Sanatan & Vedic	df9decba-6d7a-4b41-b934-ece15438bc04	Sanatan Data (Synth)	sanaatana-vaigyaniq	Sanatan & Vedic	English	NULL	false	0
labels	sanatan-and-vedic	Sanatan & Vedic	4038805a-13f2-4ea4-8ebc-0aaf8b8d4a63	Sanatan Data (Strings)	sanaatana-vaigyaniq	Sanatan & Vedic	English	NULL	false	0
labels	sanatan-and-vedic	Sanatan & Vedic	5b28d996-b797-44fd-84e6-91260239f99a	Sanatan Data (Percussion)	sanaatana-vaigyaniq	Sanatan & Vedic	English	NULL	false	0
labels	sanatan-and-vedic	Sanatan & Vedic	d52c5488-160e-4898-95b6-9aba85fc57b1	Sanatan Data (Keyboard)	sanaatana-vaigyaniq	Sanatan & Vedic	English	NULL	false	0
labels	sanatan-and-vedic	Sanatan & Vedic	06022320-56b7-4569-93f1-46ff24219ab6	Sanatan Data (Guitar)	sanaatana-vaigyaniq	Sanatan & Vedic	English	NULL	false	0
labels	sanatan-and-vedic	Sanatan & Vedic	b6eefd3b-f41e-41d8-9e90-857f3d92e322	Sanatan Data (Bass)	sanaatana-vaigyaniq	Sanatan & Vedic	English	NULL	false	0
labels	sanatan-and-vedic	Sanatan & Vedic	fcb87d9a-652c-460e-bc96-12071b018834	Sanatan Data (Drums)	sanaatana-vaigyaniq	Sanatan & Vedic	English	NULL	false	0
labels	sanatan-and-vedic	Sanatan & Vedic	fad79731-3877-425f-a565-dc7a091f1209	Sanatan Data (Vocals)	sanaatana-vaigyaniq	Sanatan & Vedic	English	NULL	true	42
labels	sanatan-and-vedic	Sanatan & Vedic	2df22d4b-e5ef-452e-9aae-60e2c60cfbb4	Sanatan Data (Backing Vocals)	sanaatana-vaigyaniq	Sanatan & Vedic	English	NULL	true	42
labels	sanatan-and-vedic	Sanatan & Vedic	bff7af57-604d-4eb1-8620-88141375f222	Sanatan Data (Woodwinds)	sanaatana-vaigyaniq	Sanatan & Vedic	English	NULL	false	0
labels	sanatan-and-vedic	Sanatan & Vedic	92163cc3-c08b-4c75-94ac-496254f1f521	Sanatan Data (Brass)	sanaatana-vaigyaniq	Sanatan & Vedic	English	NULL	false	0
labels	sanatan-and-vedic	Sanatan & Vedic	fdc7c260-7895-4cf1-a49a-4c69b66d3ffd	Sanatan Data (FX)	sanaatana-vaigyaniq	Sanatan & Vedic	English	NULL	false	0
labels	sanatan-and-vedic	Sanatan & Vedic	3afc05ed-d817-4a5d-8bc7-283c5aabfd16	Sanatan Data (Synth)	sanaatana-vaigyaniq	Sanatan & Vedic	English	NULL	false	0
labels	sanatan-and-vedic	Sanatan & Vedic	c34d5864-b138-4724-8ce0-42b8df09bc20	Sanatan Data (Percussion)	sanaatana-vaigyaniq	Sanatan & Vedic	English	NULL	false	0
labels	sanatan-and-vedic	Sanatan & Vedic	8fb6e001-23ae-46fd-864d-27f15ca9c8a9	Sanatan Data (Strings)	sanaatana-vaigyaniq	Sanatan & Vedic	English	NULL	false	0
labels	sanatan-and-vedic	Sanatan & Vedic	30abfc96-11b2-4d86-b059-077e1cbd984c	Sanatan Data (Keyboard)	sanaatana-vaigyaniq	Sanatan & Vedic	English	NULL	false	0
labels	sanatan-and-vedic	Sanatan & Vedic	5c1e3da3-0ba0-4e42-ac96-403818537176	Sanatan Data (Guitar)	sanaatana-vaigyaniq	Sanatan & Vedic	English	NULL	false	0
labels	sanatan-and-vedic	Sanatan & Vedic	b20658c7-bce6-4c52-aa19-264349be1606	Sanatan Data (Bass)	sanaatana-vaigyaniq	Sanatan & Vedic	English	NULL	false	0
labels	sanatan-and-vedic	Sanatan & Vedic	a7d65933-ac13-4ad7-ab6a-5aa7d140a532	Sanatan Data (Drums)	sanaatana-vaigyaniq	Sanatan & Vedic	English	NULL	false	0
labels	sanatan-and-vedic	Sanatan & Vedic	0e3e9b9c-f329-493b-a0a5-bc60ac1606d4	Sanatan Data (Backing Vocals)	sanaatana-vaigyaniq	Sanatan & Vedic	English	NULL	true	42
labels	sanatan-and-vedic	Sanatan & Vedic	ebd8e4bb-3d61-4661-89bf-5f04d9c473fe	Sanatan Data (Vocals)	sanaatana-vaigyaniq	Sanatan & Vedic	English	NULL	true	42
labels	sanatan-and-vedic	Sanatan & Vedic	3580b58a-f911-4e7a-a531-b00a0b28b285	Sanatan Data	sanaatana-vaigyaniq	Sanatan & Vedic	English	Dark Drift Phonk, Afrobeat percussion, Cyber-Sufi, Cinematic Space Atmosphere, H	true	42
labels	sanatan-and-vedic	Sanatan & Vedic	3225dd25-cc33-46f2-a2ae-25251f5514bd	मेरा अंतरमन डोले	sanaatana-vaigyaniq	Sanatan & Vedic	Sanskrit	Sanatan & Vedic	true	42
labels	sanatan-and-vedic	Sanatan & Vedic	2fd61f04-cf7c-48c8-b0fc-88e954b400a3	सनातन ट्रेन	sanaatana-vaigyaniq	Sanatan & Vedic	Sanskrit	NULL	true	20
labels	sanatan-and-vedic	Sanatan & Vedic	f3bece2c-8fd5-4865-af7e-d5cc311fcaf9	प्यार प्यार प्यार रहे	sanaatana-vaigyaniq	Sanatan & Vedic	Sanskrit	Sanatan & Vedic	true	20
labels	sanatan-and-vedic	Sanatan & Vedic	4755eedc-6653-4f47-a62c-4c49b907cf1d	🎵 नया गीत – "पंडित होने की कोशिश	sanaatana-vaigyaniq	Sanatan & Vedic	Sanskrit	Sanatan & Vedic	true	30
labels	sanatan-and-vedic	Sanatan & Vedic	0ee9ebdc-e004-4d32-a610-eebd7d83bb83	झूठ के नाम हज़ार.. सत्य घर में बेनाम	sanaatana-vaigyaniq	Sanatan & Vedic	Sanskrit	Sanatan & Vedic	true	24
labels	sanatan-and-vedic	Sanatan & Vedic	d192c358-e056-42b1-87ac-fb68c6578234	ॐ झं! झौं! झीं! फटक मार	sanaatana-vaigyaniq	Sanatan & Vedic	Sanskrit	Sanatan & Vedic	true	22
labels	sanatan-and-vedic	Sanatan & Vedic	676e99b3-6ffb-4c8a-b389-dcdc0ac45ece	न नाश	sanaatana-vaigyaniq	Sanatan & Vedic	Sanskrit	Sanatan & Vedic	true	32
labels	sanatan-and-vedic	Sanatan & Vedic	97a3a9b7-6579-4077-8f26-19f8c61113b4	शंख-कोड गूँज	sanaatana-vaigyaniq	Sanatan & Vedic	Sanskrit	Genre: Fast-Paced Trap / Melodic Rap Neural Futurism Tempo: 150 BPM (High Energy	true	32
labels	sanatan-and-vedic	Sanatan & Vedic	a8db0e7b-ca71-4345-9952-aebc3c4d9c7d	शून्य शंख-पैड	sanaatana-vaigyaniq	Sanatan & Vedic	Sanskrit	Atmospheric Afro-Zen x Deep Minimalism. 110 BPM.  Texture: आवाज़ों के बजाय 'Space	true	28
labels	sanatan-and-vedic	Sanatan & Vedic	a780eeee-8325-40dc-91b9-a2a2ee4a7515	मिटा दे नाम को	sanaatana-vaigyaniq	Sanatan & Vedic	Sanskrit	Sanatan & Vedic	true	28
labels	sanatan-and-vedic	Sanatan & Vedic	fad3edfd-8f23-410c-82fb-282dbdd51c59	पंडित हेमंत कुमार... दीक्षित	sanaatana-vaigyaniq	Sanatan & Vedic	Sanskrit	Sanatan & Vedic	true	32
labels	sanatan-and-vedic	Sanatan & Vedic	be8830ac-7a68-434c-b532-0d602396c088	शून्य-लय पंडित	sanaatana-vaigyaniq	Sanatan & Vedic	Sanskrit	Cinematic Afro-Drill x Vedic Industrial. 110 BPM. Vocal: Deep, commanding barito	true	32
labels	sanatan-and-vedic	Sanatan & Vedic	5fc639fe-7b5a-4ff3-b972-17f25f8a13f4	शून्य-शोर अकाल	sanaatana-vaigyaniq	Sanatan & Vedic	Sanskrit	Neo-Vedic Phonk meets Afro-Drill. 110 BPM.  Instrumentation: > * Intro (0:00-0:0	true	41
labels	sanatan-and-vedic	Sanatan & Vedic	2c6b5c78-e36b-43aa-b1c2-7fb8770902d3	शून्य के भीतर शोर खड़ा है	sanaatana-vaigyaniq	Sanatan & Vedic	Sanskrit	Sanatan & Vedic	true	41
labels	sanatan-and-vedic	Sanatan & Vedic	d296596e-d584-45b6-85f0-188c6772452a	ईश्वर एक बहरूपिया	sanaatana-vaigyaniq	Sanatan & Vedic	Sanskrit	Sanatan & Vedic	true	76
labels	sanatan-and-vedic	Sanatan & Vedic	617e2c52-66f1-4c4c-9a88-37b2388e34c9	ये... हिस्स्स... इस-इस-इस-इस... टोरी	sanaatana-vaigyaniq	Sanatan & Vedic	Sanskrit	Sanatan & Vedic	true	25
labels	sanatan-and-vedic	Sanatan & Vedic	c6626624-b9b4-4338-9550-008f9f82502f	दादा चेन टोरी	sanaatana-vaigyaniq	Sanatan & Vedic	Sanskrit	Cinematic Dark Vedic-Trap, 90 BPM Hypnotic Shamanic Pulse, Multi-vocal arrangeme	true	25
labels	sanatan-and-vedic	Sanatan & Vedic	f4a8a880-7287-459d-8490-d48a3278d365	Zindagi guzar rahi sabki jor-aazmaish mein	sanaatana-vaigyaniq	Sanatan & Vedic	English	Sanatan & Vedic	true	41
labels	sanatan-and-vedic	Sanatan & Vedic	5068a560-60b3-4b89-8e83-0043262dc67f	What is truth? What is a lie	sanaatana-vaigyaniq	Sanatan & Vedic	English	Sanatan & Vedic	true	52
labels	sanatan-and-vedic	Sanatan & Vedic	212b81f6-e8b1-474c-9352-45c27deed354	आवाज़ों की अदालत	sanaatana-vaigyaniq	Sanatan & Vedic	Sanskrit	Sanatan & Vedic	true	29
labels	sanatan-and-vedic	Sanatan & Vedic	9e058f7c-2ab6-4715-a723-643881330f31	आवाज़ों की अदालत	sanaatana-vaigyaniq	Sanatan & Vedic	Sanskrit	Sanatan & Vedic	true	31
labels	sanatan-and-vedic	Sanatan & Vedic	e69716ad-6001-4c92-9160-2a4a79565ed6	पकड़ लिया एटम एक P.H.K.D. हुया दीवाना	sanaatana-vaigyaniq	Sanatan & Vedic	English	Sanatan & Vedic	true	34
labels	sanatan-and-vedic	Sanatan & Vedic	e16d94cb-b3c5-4238-a1c5-c60c69bed286	गात झुनझुनी खावे	sanaatana-vaigyaniq	Sanatan & Vedic	Sanskrit	Sanatan & Vedic	true	61
labels	sanatan-and-vedic	Sanatan & Vedic	47df1a51-f676-4534-9f25-5dd295225c24	गात झुनझुनी खावे	sanaatana-vaigyaniq	Sanatan & Vedic	Sanskrit	Sanatan & Vedic	true	62
labels	sanatan-and-vedic	Sanatan & Vedic	b2c55b1c-8a02-4b27-93aa-0ef9015a5a48	गात झुनझुनी खावे	sanaatana-vaigyaniq	Sanatan & Vedic	Sanskrit	Sanatan & Vedic	true	62
labels	sanatan-and-vedic	Sanatan & Vedic	44df1c96-0eb7-4f53-bbe5-8eec51102318	Ek chilam... ek baabaa... do ghade ka khel... Ek	sanaatana-vaigyaniq	Sanatan & Vedic	English	Sanatan & Vedic	true	47
labels	sanatan-and-vedic	Sanatan & Vedic	5fc46f1d-1412-45b1-876d-64343d2f90e6	Data corrupted	sanaatana-vaigyaniq	Sanatan & Vedic	English	Sanatan & Vedic	true	5
labels	sanatan-and-vedic	Sanatan & Vedic	caf9e4e7-7ec2-483a-9a2d-9a82681054d5	Radio Vaigyaaniq: Sanatana Station	sanaatana-vaigyaniq	Sanatan & Vedic	English	Sanatan & Vedic	true	4
labels	sanatan-and-vedic	Sanatan & Vedic	879f8447-37de-41b3-8b68-3cdb2079792a	Sanatana Station	sanaatana-vaigyaniq	Sanatan & Vedic	English	NULL	true	5
labels	sanatan-and-vedic	Sanatan & Vedic	02d26992-b08d-4a7e-9759-9120eaca1a4e	Radio Vaigyaaniq: Sanatana Station	sanaatana-vaigyaniq	Sanatan & Vedic	English	Sanatan & Vedic	true	4
labels	sanatan-and-vedic	Sanatan & Vedic	456fd8aa-be4b-4bda-93a3-d35206867b65	Radio Vaigyaaniq: Sanatana Station	sanaatana-vaigyaniq	Sanatan & Vedic	English	Sanatan & Vedic	true	5
labels	sanatan-and-vedic	Sanatan & Vedic	891ce80b-b8ba-45a7-96ec-a3d25cc8854c	मैं हूँ तेरा	sanaatana-vaigyaniq	Sanatan & Vedic	Sanskrit	Sanatan & Vedic	true	53
labels	sanatan-and-vedic	Sanatan & Vedic	b9633887-5995-40bd-9ea7-8e4197f229d5	मैं हूँ तेरा	sanaatana-vaigyaniq	Sanatan & Vedic	Sanskrit	Sanatan & Vedic	true	51
labels	sanatan-and-vedic	Sanatan & Vedic	458d70be-5ef2-4bbb-af05-f6c7536d0356	ह-ह-ह-ह हुट... हे-हे-हे झट	sanaatana-vaigyaniq	Sanatan & Vedic	Sanskrit	Sanatan & Vedic	true	38
labels	sanatan-and-vedic	Sanatan & Vedic	79df050a-9ca2-4238-8c67-f3470d7b0b0f	(untitled)	sanaatana-vaigyaniq	Sanatan & Vedic	English	Vedic Industrial Rock, Nu-Metal, Indian Raga Hansadhwani on Bansuri flute, Cinem	true	38
labels	sanatan-and-vedic	Sanatan & Vedic	1c19af11-e727-40ce-ab1f-10a6cc04b68e	(untitled)	sanaatana-vaigyaniq	Sanatan & Vedic	English	[Intro: Atmospheric Flute and Cosmic Pads] [Verse: Soulful Indian Male Vocals, D	true	26
labels	sanatan-and-vedic	Sanatan & Vedic	e24efd14-993f-446c-b6bc-af7aa99c96b1	Main sabko khud mein samaye ek pyala hoon	sanaatana-vaigyaniq	Sanatan & Vedic	English	Sanatan & Vedic	true	26
labels	sanatan-and-vedic	Sanatan & Vedic	53d6b687-9225-46f0-a82d-448af2a35562	S r G r S	sanaatana-vaigyaniq	Sanatan & Vedic	English	Sanatan & Vedic	true	55
labels	sanatan-and-vedic	Sanatan & Vedic	3139ea17-9462-4aa7-998a-06ca08e7d1ac	दो हिस्से	sanaatana-vaigyaniq	Sanatan & Vedic	Sanskrit	Sanatan & Vedic	true	43
labels	sanatan-and-vedic	Sanatan & Vedic	81109d76-22c0-4e21-9bd6-a57682008382	शक्ति जाग री	sanaatana-vaigyaniq	Sanatan & Vedic	Sanskrit	Sanatan & Vedic	true	31
labels	sanatan-and-vedic	Sanatan & Vedic	7f4291cd-2f2a-4714-bc31-69d28eec6c38	Shakti jaag ri	sanaatana-vaigyaniq	Sanatan & Vedic	English	Sanatan & Vedic	true	31
labels	sanatan-and-vedic	Sanatan & Vedic	dcc995be-7ebf-4fd1-8ad6-c5afa618439d	जैसे ही छुआ उसे... लालच के हाथों ने	sanaatana-vaigyaniq	Sanatan & Vedic	Sanskrit	Sanatan & Vedic	true	39
labels	sanatan-and-vedic	Sanatan & Vedic	3733b4fd-e7f9-418c-a5cb-dcdc0b661384	0:00 Tanpura + Siddham “Om”	sanaatana-vaigyaniq	Sanatan & Vedic	English	Sanatan & Vedic	true	11
labels	sanatan-and-vedic	Sanatan & Vedic	29ce4071-ec2f-4be4-9034-d4332fe76f86	ज़ीरो के उन हीरों को	sanaatana-vaigyaniq	Sanatan & Vedic	Sanskrit	Sanatan & Vedic	true	26
labels	sanatan-and-vedic	Sanatan & Vedic	61ca183b-a733-45f2-a526-40124620f6a1	(untitled)	sanaatana-vaigyaniq	Sanatan & Vedic	English	🎤 haryanvi ragni suparfun vs vedant chanting	true	175
labels	sanatan-and-vedic	Sanatan & Vedic	0907ea5b-01db-4afe-a2a1-958b706d1c5a	तू है समंदर	sanaatana-vaigyaniq	Sanatan & Vedic	Sanskrit	Sanatan & Vedic	true	88
labels	sanatan-and-vedic	Sanatan & Vedic	c442e04f-271b-411b-ba4b-42d0ecff3a38	ब्राह्मी → प्राकृत → खरोष्ठी का flow	sanaatana-vaigyaniq	Sanatan & Vedic	English	Sanatan & Vedic	true	86
labels	sanatan-and-vedic	Sanatan & Vedic	e96f8afe-e1fc-4cc8-9998-16627bca7b9c	ठहर	sanaatana-vaigyaniq	Sanatan & Vedic	Sanskrit	Sanatan & Vedic	true	60
labels	sanatan-and-vedic	Sanatan & Vedic	acefb505-26f4-4b95-b378-e064eaccf86f	वक़्त के घोड़ों को	sanaatana-vaigyaniq	Sanatan & Vedic	Sanskrit	Sanatan & Vedic	true	89
labels	sanatan-and-vedic	Sanatan & Vedic	c8a46987-b4d4-41ee-aa0c-36c1f1115cf2	Tibetan Bowl	sanaatana-vaigyaniq	Sanatan & Vedic	English	Sanatan & Vedic	true	95
labels	sanatan-and-vedic	Sanatan & Vedic	7e3ba569-59f8-4cf2-aebb-45d436b941ef	Tibetan Bowl	sanaatana-vaigyaniq	Sanatan & Vedic	English	Sanatan & Vedic	true	95
labels	sanatan-and-vedic	Sanatan & Vedic	22925574-1f8c-4bba-927a-63bf25e66c7c	Desert wind	sanaatana-vaigyaniq	Sanatan & Vedic	English	Sanatan & Vedic	true	116
labels	sanatan-and-vedic	Sanatan & Vedic	4c9ffaea-c955-4c6e-b22b-974c6fbe1284	kush..mana..da	sanaatana-vaigyaniq	Sanatan & Vedic	English	Cinematic Vedic Psy-Trap, 145 BPM, Heavy pulsating 808 Sub-bass, Fast-paced Trib	true	34
labels	sanatan-and-vedic	Sanatan & Vedic	17cea20d-3770-4288-aeac-d5d0a9677a3f	kush..mana..da	sanaatana-vaigyaniq	Sanatan & Vedic	English	Cinematic Vedic Psy-Trap, 145 BPM, Heavy pulsating 808 Sub-bass, Fast-paced Trib	true	34
labels	sanatan-and-vedic	Sanatan & Vedic	0366db7b-3209-4ccf-af83-12fda3311c23	kush..mana..da	sanaatana-vaigyaniq	Sanatan & Vedic	English	Cinematic Vedic Psy-Trap, 145 BPM, Heavy pulsating 808 Sub-bass, Fast-paced Trib	true	34
labels	sanatan-and-vedic	Sanatan & Vedic	575f5473-b86b-466f-b63d-980c2bec7855	माँ कूष्माण्डा की प्यारी मुस्कान	sanaatana-vaigyaniq	Sanatan & Vedic	Sanskrit	Sanatan & Vedic	true	34
labels	sanatan-and-vedic	Sanatan & Vedic	bea936de-88c1-4d19-9f9a-04973bec0cc0	kush..mana..da	sanaatana-vaigyaniq	Sanatan & Vedic	English	Cinematic Vedic-Trap, Heavy 808 Bass, 140 BPM, Aggressive Haryanvi Ragni Rap flo	true	34
labels	sanatan-and-vedic	Sanatan & Vedic	87176aad-96cb-487c-b065-7faa93e5d442	kush..mana..da	sanaatana-vaigyaniq	Sanatan & Vedic	English	Cinematic Vedic-Trap, Heavy 808 Bass, 140 BPM, Aggressive Haryanvi Ragni Rap flo	true	34
labels	sanatan-and-vedic	Sanatan & Vedic	01b47c28-4773-42d5-b158-8a73c0cc9248	kush..mana..da	sanaatana-vaigyaniq	Sanatan & Vedic	English	Cinematic Vedic Trap, Massive 808 Bass, 140 BPM, Deep Atmospheric Reverb, Ancien	true	42
labels	sanatan-and-vedic	Sanatan & Vedic	e8ac43d3-688b-49ee-8ec3-ed025ddcb33b	कूष्माण्डा की 'स्मित' है शक्ति	sanaatana-vaigyaniq	Sanatan & Vedic	Sanskrit	Sanatan & Vedic	true	42
labels	sanatan-and-vedic	Sanatan & Vedic	4cf5c8eb-fe72-483f-952d-0556a8e4b408	Om Devi Chandraghantayai Namah! माथे पे चंदा	sanaatana-vaigyaniq	Sanatan & Vedic	Sanskrit	Sanatan & Vedic	true	65
labels	sanatan-and-vedic	Sanatan & Vedic	a13e3aff-822d-4a39-840c-333df718a6a6	Om Devi Chandraghantayai Namah! माथे पे चंदा	sanaatana-vaigyaniq	Sanatan & Vedic	Sanskrit	Sanatan & Vedic	true	47
labels	sanatan-and-vedic	Sanatan & Vedic	ad20ad65-6256-4cde-b283-500aae7ad4fd	Om Devi Chandraghantayai Namah	sanaatana-vaigyaniq	Sanatan & Vedic	Sanskrit	Sanatan & Vedic	true	82
labels	sanatan-and-vedic	Sanatan & Vedic	092cd586-b79b-465f-b06c-972aa38bd494	neural jogi	sanaatana-vaigyaniq	Sanatan & Vedic	English	Haryanvi Ragni-Trap Fusion, Psytrance, 432Hz Tuning, Cinematic Vedic Bass, Aggre	true	82
labels	sanatan-and-vedic	Sanatan & Vedic	c2ff4d29-bde8-449a-847e-9dcdc78e4a69	neural jogi	sanaatana-vaigyaniq	Sanatan & Vedic	English	Haryanvi Ragni-Trap Fusion, Psytrance, 432Hz Tuning, Cinematic Vedic Bass, Aggre	true	66
labels	sanatan-and-vedic	Sanatan & Vedic	78e037f2-edcd-4a6c-bdc4-099e1b4774e9	Om Devi Chandraghantayai Namah	sanaatana-vaigyaniq	Sanatan & Vedic	Sanskrit	Sanatan & Vedic	true	66
labels	sanatan-and-vedic	Sanatan & Vedic	ccb6b23a-62e2-44e4-b1f4-94283dd7bdfc	neural jogi	sanaatana-vaigyaniq	Sanatan & Vedic	English	Haryanvi Ragni-Trap Fusion, Psytrance, 432Hz Tuning, Cinematic Vedic Bass, Aggre	true	23
labels	sanatan-and-vedic	Sanatan & Vedic	32b5d3c2-5566-44b7-9d81-86e8f1685967	Om Devi Chandraghantayai Namah	sanaatana-vaigyaniq	Sanatan & Vedic	Sanskrit	Sanatan & Vedic	true	23
labels	sanatan-and-vedic	Sanatan & Vedic	c1f60054-5682-4989-a470-f3ba4295c065	गणगौर आई रे… सज धज जाई रे	sanaatana-vaigyaniq	Sanatan & Vedic	Sanskrit	Sanatan & Vedic	true	30
labels	sanatan-and-vedic	Sanatan & Vedic	b3dab790-2dfb-43e9-bd08-6fed863e2e42	om gaurishankaraya namah	sanaatana-vaigyaniq	Sanatan & Vedic	Sanskrit	Sanatan & Vedic	true	18
labels	sanatan-and-vedic	Sanatan & Vedic	b7ab25e5-8f36-4dd2-a0ed-a64c5f9f0b63	हर-हर महादेव... हर-हर महादेव	sanaatana-vaigyaniq	Sanatan & Vedic	Sanskrit	Sanatan & Vedic	true	95
labels	sanatan-and-vedic	Sanatan & Vedic	abdadc18-6d3f-43c5-aacc-5df4eba20e4d	(untitled)	sanaatana-vaigyaniq	Sanatan & Vedic	English	hard death rock  vedic sanskrit	true	95
labels	sanatan-and-vedic	Sanatan & Vedic	9ea90a62-a2d7-462c-9f8c-fb078246a1ae	eeee ee eeee eaeaeaaeen	sanaatana-vaigyaniq	Sanatan & Vedic	English	Sanatan & Vedic	true	7
labels	sanatan-and-vedic	Sanatan & Vedic	f5ee1b21-dfd0-497c-8f70-18a04305df49	(untitled)	sanaatana-vaigyaniq	Sanatan & Vedic	English	वैदिक तंत्र हेमंत तत्व	true	7
labels	sanatan-and-vedic	Sanatan & Vedic	322826de-5054-4df5-868c-4d8eefd1140f	सीधी दुनिया उल्टे लोग	sanaatana-vaigyaniq	Sanatan & Vedic	Sanskrit	Sanatan & Vedic	true	101
labels	sanatan-and-vedic	Sanatan & Vedic	75db9ef6-ac44-4361-aa4f-64d05aab70a8	(untitled)	sanaatana-vaigyaniq	Sanatan & Vedic	English	वैदिक तंत्र हेमंत तत्व	true	101
labels	sanatan-and-vedic	Sanatan & Vedic	f02bb457-88b6-415c-9b34-da9e9896a390	neural jogi	sanaatana-vaigyaniq	Sanatan & Vedic	English	TITLE: Triveni Naad – Inner Jogi Duet  [STYLE: Indian Folk Jogi Ragni + Gurbani	true	79
labels	sanatan-and-vedic	Sanatan & Vedic	57e3125d-6eff-4b5a-883a-4da698ee8f1d	Deep serious alaap	sanaatana-vaigyaniq	Sanatan & Vedic	English	Sanatan & Vedic	true	51
labels	sanatan-and-vedic	Sanatan & Vedic	2fc25f01-e1af-419b-af18-4a94b1792d7b	(untitled)	sanaatana-vaigyaniq	Sanatan & Vedic	English	TITLE: **“NAAD BRAHM: 31 RAAG NEURAL JOGI ALBUM”**  STYLE: Indian Folk (Haryanvi	true	51
labels	sanatan-and-vedic	Sanatan & Vedic	28f32076-2c38-4dfd-8f9b-27aeeee9b5bc	❤️ जोगी देवे गारंटी बात	sanaatana-vaigyaniq	Sanatan & Vedic	Sanskrit	Sanatan & Vedic	true	79
labels	sanatan-and-vedic	Sanatan & Vedic	17393950-853a-4aed-9e6f-229ac70f25e0	“NAAD BRAHM: 31 RAAG NEURAL JOGI ALBUM”	sanaatana-vaigyaniq	Sanatan & Vedic	English	Sanatan & Vedic	true	70
labels	sanatan-and-vedic	Sanatan & Vedic	f394c2ee-40d3-4222-96f3-594a597d4370	Akhand-Siddham! Akhand-Siddham	sanaatana-vaigyaniq	Sanatan & Vedic	English	Sanatan & Vedic	true	18
labels	sanatan-and-vedic	Sanatan & Vedic	38c841da-2008-4d6a-b85d-83833454d8ee	लुलु	sanaatana-vaigyaniq	Sanatan & Vedic	Sanskrit	Sanatan & Vedic	true	31
labels	sanatan-and-vedic	Sanatan & Vedic	b25849ae-7771-4878-a6e9-6ea75ef49a13	इतिहासः सिद्धम्! आनंदोऽस्तु	sanaatana-vaigyaniq	Sanatan & Vedic	Sanskrit	Sanatan & Vedic	true	27
labels	sanatan-and-vedic	Sanatan & Vedic	1795fde2-4568-429d-86af-bfc929504dc6	(untitled)	sanaatana-vaigyaniq	Sanatan & Vedic	English	Genre: Vedic-Ambient, Cinematic Folk, Cyber-Tribal, Ethno-Industrial.  Mood: Sac	true	38
labels	sanatan-and-vedic	Sanatan & Vedic	85859d74-b474-4661-aa75-df60336c7497	इतिहासः सिद्धम्! आनंदोऽस्तु	sanaatana-vaigyaniq	Sanatan & Vedic	Sanskrit	Sanatan & Vedic	true	38
labels	sanatan-and-vedic	Sanatan & Vedic	c2942834-cd11-4b45-8610-08a32d23be82	(untitled)	sanaatana-vaigyaniq	Sanatan & Vedic	English	aghories with been, khamak, damru, naad... shiv gaNa aghore. rudra veeNa.  only	true	34
labels	sanatan-and-vedic	Sanatan & Vedic	cef36d0f-7570-45ad-b4cd-9e9d1999be10	(untitled)	sanaatana-vaigyaniq	Sanatan & Vedic	English	aghories with been, khamak, damru, naad... shiv gaNa aghore. rudra veeNa.  only	true	34
labels	sanatan-and-vedic	Sanatan & Vedic	1bd52bf2-d26e-4822-8299-2ef883803518	अघोर... अघोर... अघोर	sanaatana-vaigyaniq	Sanatan & Vedic	Sanskrit	Sanatan & Vedic	true	34
labels	sanatan-and-vedic	Sanatan & Vedic	20b2eae2-e758-4646-b7ca-94502619813e	इतनी ही दया	sanaatana-vaigyaniq	Sanatan & Vedic	Sanskrit	Sanatan & Vedic	true	49
labels	sanatan-and-vedic	Sanatan & Vedic	29a17f2c-a3b6-463d-9a08-8fede6cb142a	का खा गा घा	sanaatana-vaigyaniq	Sanatan & Vedic	Sanskrit	Sanatan & Vedic	true	223
labels	sanatan-and-vedic	Sanatan & Vedic	ecfcf3e2-e6b5-4377-b4bf-52d3acda1360	का खा गा घा	sanaatana-vaigyaniq	Sanatan & Vedic	Sanskrit	Sanatan & Vedic	true	224
labels	sanatan-and-vedic	Sanatan & Vedic	e97cc568-6578-4bba-a1c3-0580783e1d53	(untitled)	sanaatana-vaigyaniq	Sanatan & Vedic	English	Genre:  Vedic Cosmic Rap  Nautanki folk + Hip-hop  Cinematic mythological rap  I	true	211
labels	sanatan-and-vedic	Sanatan & Vedic	954ceeb0-8f77-4fdc-9b97-439fd3559810	का खा गा घा	sanaatana-vaigyaniq	Sanatan & Vedic	Sanskrit	Sanatan & Vedic	true	211
labels	sanatan-and-vedic	Sanatan & Vedic	c8e9d4ca-0d7d-4624-8efb-0b23973de9a3	का खा गा घा	sanaatana-vaigyaniq	Sanatan & Vedic	Sanskrit	Sanatan & Vedic	true	200
labels	sanatan-and-vedic	Sanatan & Vedic	24b25363-caab-410d-a1a7-a36f5df70481	(untitled)	sanaatana-vaigyaniq	Sanatan & Vedic	English	Genre:  Vedic Cosmic Rap  Nautanki folk + Hip-hop  Cinematic mythological rap  I	true	200
labels	sanatan-and-vedic	Sanatan & Vedic	4e8ab515-7696-4a5d-ada8-911355a71d61	(untitled)	sanaatana-vaigyaniq	Sanatan & Vedic	English	Genre:  Vedic Cosmic Rap  Nautanki folk + Hip-hop  Cinematic mythological rap  I	true	180
labels	sanatan-and-vedic	Sanatan & Vedic	e9e95c40-884e-4b74-a1f6-5db9c6bdeb93	का खा गा घा	sanaatana-vaigyaniq	Sanatan & Vedic	Sanskrit	Sanatan & Vedic	true	180
labels	sanatan-and-vedic	Sanatan & Vedic	bc962e4c-9016-4ba8-bb3e-e257917e3dd4	का खा गा घा	sanaatana-vaigyaniq	Sanatan & Vedic	Sanskrit	Sanatan & Vedic	true	155
labels	sanatan-and-vedic	Sanatan & Vedic	7b8aaf45-66a4-4e30-acdd-38c437907a8e	(untitled)	sanaatana-vaigyaniq	Sanatan & Vedic	English	Genre:  Vedic Cosmic Rap  Nautanki folk + Hip-hop  Cinematic mythological rap  I	true	155
labels	sanatan-and-vedic	Sanatan & Vedic	dfe02902-7e32-4106-a738-2f3c88aabf9c	का खा गा घा	sanaatana-vaigyaniq	Sanatan & Vedic	Sanskrit	Sanatan & Vedic	true	112
labels	sanatan-and-vedic	Sanatan & Vedic	b8e5aa64-0398-4c26-9ef9-aa516d2421c3	(untitled)	sanaatana-vaigyaniq	Sanatan & Vedic	English	Genre:  Vedic Cosmic Rap  Nautanki folk + Hip-hop  Cinematic mythological rap  I	true	108
labels	sanatan-and-vedic	Sanatan & Vedic	7279327a-abd6-4b19-8bd9-41db02769c97	(untitled)	sanaatana-vaigyaniq	Sanatan & Vedic	English	Genre:  Vedic Cosmic Rap  Nautanki folk + Hip-hop  Cinematic mythological rap  I	true	112
labels	sanatan-and-vedic	Sanatan & Vedic	68e1e3bc-204b-4335-a599-eb3a0623ec41	का खा गा घा	sanaatana-vaigyaniq	Sanatan & Vedic	Sanskrit	Sanatan & Vedic	true	93
labels	sanatan-and-vedic	Sanatan & Vedic	339cc960-6eba-46bf-aa4b-9cc390baab6d	का खा गा घा	sanaatana-vaigyaniq	Sanatan & Vedic	Sanskrit	Sanatan & Vedic	true	108
labels	sanatan-and-vedic	Sanatan & Vedic	2badde9c-1f37-4504-9aaa-b067a58e99c3	का खा गा घा	sanaatana-vaigyaniq	Sanatan & Vedic	Sanskrit	Sanatan & Vedic	true	106
labels	sanatan-and-vedic	Sanatan & Vedic	05a9ac20-ffc7-4810-a9e2-21d2c683b06a	(untitled)	sanaatana-vaigyaniq	Sanatan & Vedic	English	Genre:  Vedic Cosmic Rap  Nautanki folk + Hip-hop  Cinematic mythological rap  I	true	106
labels	sanatan-and-vedic	Sanatan & Vedic	72b69742-5e35-4af0-876c-03f7ff259f69	(untitled)	sanaatana-vaigyaniq	Sanatan & Vedic	English	Genre:  Vedic Cosmic Rap  Nautanki folk + Hip-hop  Cinematic mythological rap  I	true	93
labels	sanatan-and-vedic	Sanatan & Vedic	f932d3fb-72e6-41c0-8754-38bfa4f5417c	(untitled)	sanaatana-vaigyaniq	Sanatan & Vedic	English	Genre:  Vedic Cosmic Rap  Nautanki folk + Hip-hop  Cinematic mythological rap  I	true	87
labels	sanatan-and-vedic	Sanatan & Vedic	b0ce3910-5638-41ea-baa5-e1711b806520	का खा गा घा	sanaatana-vaigyaniq	Sanatan & Vedic	Sanskrit	Sanatan & Vedic	true	87
labels	sanatan-and-vedic	Sanatan & Vedic	7d29c576-36bc-4241-be33-bce5fd84775b	का खा गा घा	sanaatana-vaigyaniq	Sanatan & Vedic	Sanskrit	Sanatan & Vedic	true	54
labels	sanatan-and-vedic	Sanatan & Vedic	aed9aa06-9e15-4413-b39f-b80a8913035e	(untitled)	sanaatana-vaigyaniq	Sanatan & Vedic	English	Vedantic cosmic Indian folk theatre song, female mystical lead voice, male drama	true	54
labels	sanatan-and-vedic	Sanatan & Vedic	310f549f-b41a-4685-9afd-023bc7de4632	नागिन है	sanaatana-vaigyaniq	Sanatan & Vedic	Sanskrit	Sanatan & Vedic	true	28
labels	sanatan-and-vedic	Sanatan & Vedic	99a91265-7f9c-4b3d-a76a-745dfb3a5ec9	नागिन है	sanaatana-vaigyaniq	Sanatan & Vedic	Sanskrit	Sanatan & Vedic	true	111
labels	sanatan-and-vedic	Sanatan & Vedic	20709bfc-b04e-49bb-b50a-81112046ab9d	🕉️ वैदिक फ्यूज़न — चेतना नागिन नाद	sanaatana-vaigyaniq	Sanatan & Vedic	Sanskrit	Sanatan & Vedic	true	56
labels	sanatan-and-vedic	Sanatan & Vedic	783c7290-99f4-43f8-adc4-b8681b56114d	साँस मेरी देख	sanaatana-vaigyaniq	Sanatan & Vedic	Sanskrit	Sanatan & Vedic	true	52
labels	sanatan-and-vedic	Sanatan & Vedic	93dd0e34-eefb-4555-91c0-b5297eef283f	साँस मेरी देख	sanaatana-vaigyaniq	Sanatan & Vedic	Sanskrit	Sanatan & Vedic	true	52
labels	sanatan-and-vedic	Sanatan & Vedic	29bbf8d9-f160-43ef-b3fa-fe632e29b925	नागिन है	sanaatana-vaigyaniq	Sanatan & Vedic	Sanskrit	Sanatan & Vedic	true	39
labels	sanatan-and-vedic	Sanatan & Vedic	a06bfdbd-c7e9-401a-a6df-d87a575e3893	Naaraayana Uunh	sanaatana-vaigyaniq	Sanatan & Vedic	English	वैदिक रॉक	true	43
labels	sanatan-and-vedic	Sanatan & Vedic	413e4582-680e-4824-95e8-252bfe180608	सुनो	sanaatana-vaigyaniq	Sanatan & Vedic	Sanskrit	Sanatan & Vedic	true	43
labels	sanatan-and-vedic	Sanatan & Vedic	790f6743-e536-4370-8191-d2dfc093831c	सुनो	sanaatana-vaigyaniq	Sanatan & Vedic	Sanskrit	Sanatan & Vedic	true	43
labels	sanatan-and-vedic	Sanatan & Vedic	67162988-1ccc-4fa7-beab-230a0f681db0	बुलाओ तुम्हारे पितरों को	sanaatana-vaigyaniq	Sanatan & Vedic	Sanskrit	Sanatan & Vedic	true	74
labels	sanatan-and-vedic	Sanatan & Vedic	87f41c73-b4cc-49e0-8e94-2058edd285bf	ॐ	sanaatana-vaigyaniq	Sanatan & Vedic	Sanskrit	Cinematic Vedic Neural-Raaga Fusion, 432Hz Sacred Tuning. Devine Tribal-Rock, Ag	true	74
labels	sanatan-and-vedic	Sanatan & Vedic	c237cdca-4f81-4f53-b062-92e3183b8389	बुलाओ तुम्हारे पितरों को	sanaatana-vaigyaniq	Sanatan & Vedic	Sanskrit	Sanatan & Vedic	true	62
labels	sanatan-and-vedic	Sanatan & Vedic	42fb0963-ee69-497e-9b18-e76247c23bce	ॐ	sanaatana-vaigyaniq	Sanatan & Vedic	Sanskrit	Cinematic Vedic Neural-Raaga Fusion, 432Hz Sacred Tuning. Devine Tribal-Rock, Ag	true	62
labels	sanatan-and-vedic	Sanatan & Vedic	7039ea86-720e-4eff-a9b3-f972963b5395	बुलाओ तुम्हारे पितरों को	sanaatana-vaigyaniq	Sanatan & Vedic	Sanskrit	Sanatan & Vedic	true	35
labels	sanatan-and-vedic	Sanatan & Vedic	f74b3b54-2435-4d24-ab58-9acb3d5c29f0	(untitled)	sanaatana-vaigyaniq	Sanatan & Vedic	English	Cinematic Vedic Neural-Raaga Fusion, 432Hz Sacred Tuning. Industrial Tribal-Rock	true	35
labels	sanatan-and-vedic	Sanatan & Vedic	2aa2ef58-c4be-4799-8641-a73b48881047	जागो जागो जागो हेमंत राणा जी महाराज... मेरे तुम	sanaatana-vaigyaniq	Sanatan & Vedic	Sanskrit	Sanatan & Vedic	true	20
labels	sanatan-and-vedic	Sanatan & Vedic	2c5e4dbe-097d-4f30-aabf-618cc31ef0b0	नमस्कार श्रोताओं! आपका स्वागत है रेडियो सनातन वै	sanaatana-vaigyaniq	Sanatan & Vedic	Sanskrit	Sanatan & Vedic	true	9
labels	sanatan-and-vedic	Sanatan & Vedic	a8d556f6-269d-4029-bb1a-0abd4bc16064	Naaraayana uunh	sanaatana-vaigyaniq	Sanatan & Vedic	English	Sanatan & Vedic	true	38
labels	sanatan-and-vedic	Sanatan & Vedic	f5cb9407-24a2-45f0-8ee2-aa403a65a74b	Naaraayana Uunh	sanaatana-vaigyaniq	Sanatan & Vedic	English	आप सुन रहे हैं रेडियो सनातन वैज्ञानिक	true	38
labels	sanatan-and-vedic	Sanatan & Vedic	07c7426b-552d-49a1-bc86-7613ded094bc	(untitled)	sanaatana-vaigyaniq	Sanatan & Vedic	English	Cinematic Vedic-Blues Fusion, Aggressive ग्लोबल   Folk, Deep Guttural Aghori Cha	true	89
labels	sanatan-and-vedic	Sanatan & Vedic	a63d8cca-295c-4ca4-a467-dd2d8c222a7e	मने मेरी माँ	sanaatana-vaigyaniq	Sanatan & Vedic	Sanskrit	Sanatan & Vedic	true	89
labels	sanatan-and-vedic	Sanatan & Vedic	b4b42938-0fdb-407a-9716-d99479b0e0b0	मने मेरी माँ	sanaatana-vaigyaniq	Sanatan & Vedic	Sanskrit	Sanatan & Vedic	true	157
labels	sanatan-and-vedic	Sanatan & Vedic	faf8624e-52ff-41ac-a98c-562728ffac2d	(untitled)	sanaatana-vaigyaniq	Sanatan & Vedic	English	Cinematic Vedic-Blues Fusion, Aggressive भोजपुरी  Folk-Rock, Deep Guttural Aghor	true	157
labels	sanatan-and-vedic	Sanatan & Vedic	49a3ba5c-8404-4a55-be2f-8b74d04587be	मेरा भाई	sanaatana-vaigyaniq	Sanatan & Vedic	Sanskrit	Sanatan & Vedic	true	178
labels	sanatan-and-vedic	Sanatan & Vedic	359fe041-9682-478b-8b22-2025ce5af3c8	(untitled)	sanaatana-vaigyaniq	Sanatan & Vedic	English	Cinematic Vedic-Blues Fusion, Aggressive Haryanvi Folk-Rock, Deep Guttural Aghor	true	178
labels	sanatan-and-vedic	Sanatan & Vedic	85364529-043a-45e8-8ec2-6e2a4895644e	मेरा भाई	sanaatana-vaigyaniq	Sanatan & Vedic	Sanskrit	Sanatan & Vedic	true	22
labels	sanatan-and-vedic	Sanatan & Vedic	aaca4dcb-a21a-4e20-9585-e2827cb88d9a	(untitled)	sanaatana-vaigyaniq	Sanatan & Vedic	English	Cinematic Vedic-Blues Fusion, Aggressive Haryanvi Folk-Rock, Deep Guttural Aghor	true	22
labels	sanatan-and-vedic	Sanatan & Vedic	0902ef6d-8f19-458b-b932-855765d1dcd1	(untitled)	sanaatana-vaigyaniq	Sanatan & Vedic	English	Haryanvi folk ragni, Sufi qawwali, cinematic anthem, Vedic chant, epic choir, sp	true	177
labels	sanatan-and-vedic	Sanatan & Vedic	ff00e623-ff9b-4092-8866-9a775e6de626	(untitled)	sanaatana-vaigyaniq	Sanatan & Vedic	English	Haryanvi folk ragni, Sufi qawwali, cinematic anthem, Vedic chant, epic choir, sp	true	177
labels	sanatan-and-vedic	Sanatan & Vedic	bfb4ac18-d356-4ab5-84b1-0691c5635560	सुन री कुतिये ध्यान से	sanaatana-vaigyaniq	Sanatan & Vedic	Sanskrit	Sanatan & Vedic	true	37
labels	sanatan-and-vedic	Sanatan & Vedic	a8738d5a-73c8-4c1b-8537-6f306f014715	सुन री कुतिये ध्यान से	sanaatana-vaigyaniq	Sanatan & Vedic	Sanskrit	Sanatan & Vedic	true	34
labels	sanatan-and-vedic	Sanatan & Vedic	3ba8da22-5a9f-43e1-b1c1-b80db6e17e04	सुन री कुतिये ध्यान से	sanaatana-vaigyaniq	Sanatan & Vedic	Sanskrit	Sanatan & Vedic	true	37
labels	sanatan-and-vedic	Sanatan & Vedic	1210841d-cb58-4632-96de-39a6f862b69a	(untitled)	sanaatana-vaigyaniq	Sanatan & Vedic	English	Atmospheric Aghori Chants, Tribal Trance, Haryanvi Folk-Blues Fusion. Starts wit	true	32
labels	sanatan-and-vedic	Sanatan & Vedic	41e8f0c6-6363-44dd-b118-bfc2dc2c8dd6	मने मेरे देश ईब यूं सताना छोड़ दे	sanaatana-vaigyaniq	Sanatan & Vedic	Sanskrit	Sanatan & Vedic	true	32
labels	sanatan-and-vedic	Sanatan & Vedic	bdb93b4d-edf6-418f-bedf-5d1b5204ed1d	मने मेरे देश ईब यूं सताना छोड़ दे	sanaatana-vaigyaniq	Sanatan & Vedic	Sanskrit	Sanatan & Vedic	true	45
labels	sanatan-and-vedic	Sanatan & Vedic	02b55369-c2c7-4541-b858-99a73400ed7e	मने मेरे देश ईब यूं सताना छोड़ दे	sanaatana-vaigyaniq	Sanatan & Vedic	Sanskrit	Sanatan & Vedic	true	41
labels	sanatan-and-vedic	Sanatan & Vedic	a118e163-e5f4-459d-a9f4-e82bbb5d48ec	सुन री कुतिये ध्यान से	sanaatana-vaigyaniq	Sanatan & Vedic	Sanskrit	Sanatan & Vedic	true	31
labels	sanatan-and-vedic	Sanatan & Vedic	e4e6e3b0-e45c-4464-933f-ec6a37a9fc1a	(untitled)	sanaatana-vaigyaniq	Sanatan & Vedic	English	Funky हरियाणवी folk duet about lovers discovering cosmic love and body-mind harm	true	26
labels	sanatan-and-vedic	Sanatan & Vedic	6a9729a2-bfde-48a5-bc3a-95d1de82ccbd	(untitled)	sanaatana-vaigyaniq	Sanatan & Vedic	English	Funky हरियाणवी folk duet about lovers discovering cosmic love and body-mind harm	true	26
labels	sanatan-and-vedic	Sanatan & Vedic	3a30e4a6-c5b1-4cf9-bdda-324b95054db1	(untitled)	sanaatana-vaigyaniq	Sanatan & Vedic	English	Funky folk duet about lovers discovering cosmic love and body-mind harmony. Use	true	26
labels	sanatan-and-vedic	Sanatan & Vedic	e5e5c4ed-7013-4378-8baf-ec76665ed5ea	(untitled)	sanaatana-vaigyaniq	Sanatan & Vedic	English	Funky folk duet about lovers discovering cosmic love and body-mind harmony. Use	true	26
labels	sanatan-and-vedic	Sanatan & Vedic	1883b6f9-b6fb-44d5-98e4-a32b63d3fd5a	ये काम बड़े ही काम का है	sanaatana-vaigyaniq	Sanatan & Vedic	Sanskrit	Sanatan & Vedic	true	27
labels	sanatan-and-vedic	Sanatan & Vedic	ceb76bb6-5502-4d7e-8c67-0273d1e4404c	(untitled)	sanaatana-vaigyaniq	Sanatan & Vedic	English	Funky folk duet about lovers discovering cosmic love and body-mind harmony. Use	true	27
labels	sanatan-and-vedic	Sanatan & Vedic	2a0e9125-5a5d-4c09-a4e9-c2554b3dbd7e	सुनो र मेरी शान फौजी	sanaatana-vaigyaniq	Sanatan & Vedic	Sanskrit	Sanatan & Vedic	true	62
labels	sanatan-and-vedic	Sanatan & Vedic	984da1fd-8ce8-4e3a-953a-94ebfd0fae42	लौट के आ रे श्याम सलोना	sanaatana-vaigyaniq	Sanatan & Vedic	Sanskrit	Sanatan & Vedic	true	48
labels	sanatan-and-vedic	Sanatan & Vedic	f770f15f-5b74-4116-991f-95e607edeadf	(untitled)	sanaatana-vaigyaniq	Sanatan & Vedic	English	Cosmic Earth Anthem.  Genre: Indian folk + cinematic orchestral + Vedic chant +	true	48
labels	sanatan-and-vedic	Sanatan & Vedic	fd028fa8-b2c3-4b4c-9be6-18aa0f01f0a6	Syntyi aurinko	sanaatana-vaigyaniq	Sanatan & Vedic	English	Sanatan & Vedic	true	91
labels	sanatan-and-vedic	Sanatan & Vedic	78a88e07-df27-4c02-b739-c36f5768ab2a	Universal Vedic Cosmic Connect	sanaatana-vaigyaniq	Sanatan & Vedic	English	Epic cinematic hip-hop track called “Cosmic Egg Civilization Rap”. Tempo around	true	91
labels	sanatan-and-vedic	Sanatan & Vedic	996a9054-d146-4a5e-adc4-d15be4f5b9d1	(untitled)	sanaatana-vaigyaniq	Sanatan & Vedic	English	Epic cinematic hip-hop track called “Cosmic Egg Civilization Rap”. Tempo around	true	60
labels	sanatan-and-vedic	Sanatan & Vedic	234ea386-635d-4c47-901f-8c56d201db27	ॐ हिरण्यगर्भः समवर्तताग्रे	sanaatana-vaigyaniq	Sanatan & Vedic	Sanskrit	Sanatan & Vedic	true	60
labels	sanatan-and-vedic	Sanatan & Vedic	aec7dc35-1ec0-44a4-bb7d-f79a1e7686ce	(untitled)	sanaatana-vaigyaniq	Sanatan & Vedic	English	Epic Vedic rap, Rigvedic chant intro, deep trap beat, mridangam and shankh accen	true	89
labels	sanatan-and-vedic	Sanatan & Vedic	fcc40853-3fac-4ab3-a1a3-b2d506a7f016	खरोष्ठी का तंत्र	sanaatana-vaigyaniq	Sanatan & Vedic	Sanskrit	Sanatan & Vedic	true	89
labels	sanatan-and-vedic	Sanatan & Vedic	ddac23b1-dc19-495b-9b9c-d830bec759ad	खरोष्ठी का तंत्र	sanaatana-vaigyaniq	Sanatan & Vedic	Sanskrit	Sanatan & Vedic	true	89
labels	sanatan-and-vedic	Sanatan & Vedic	0ef3ebdb-02ca-487a-9448-4fa7858cc0ce	(untitled)	sanaatana-vaigyaniq	Sanatan & Vedic	English	Epic Vedic rap, Rigvedic chanting intro, powerful hip-hop trap beat, Indian clas	true	89
labels	sanatan-and-vedic	Sanatan & Vedic	ffdf9645-e582-468d-af7f-75613fbbb25b	(untitled)	sanaatana-vaigyaniq	Sanatan & Vedic	English	Epic Vedic rap, Rigvedic chanting intro, powerful hip-hop trap beat, Indian clas	true	89
labels	sanatan-and-vedic	Sanatan & Vedic	6d654c1f-fbca-4c85-ad3c-5033c566c156	(untitled)	sanaatana-vaigyaniq	Sanatan & Vedic	English	Epic Vedic rap, Rigvedic chanting intro, powerful hip-hop trap beat, Indian clas	true	89
labels	sanatan-and-vedic	Sanatan & Vedic	93f61d64-57c6-4b30-afcf-5b0bab061bd8	(untitled)	sanaatana-vaigyaniq	Sanatan & Vedic	English	super funky  revolutionary  Verse 1 (Rap)  Hook / Crowd chant  Verse 2 (Rap)  Br	true	47
labels	sanatan-and-vedic	Sanatan & Vedic	aba5bb64-54f6-4798-8ba8-8bba9a599c53	ॐ नमो भगवते वासुदेवाय	sanaatana-vaigyaniq	Sanatan & Vedic	Sanskrit	Sanatan & Vedic	true	79
labels	sanatan-and-vedic	Sanatan & Vedic	96ab99cb-c3fa-407f-92e0-a01aca8ea61a	(untitled)	sanaatana-vaigyaniq	Sanatan & Vedic	English	super funky  revolutionary  Verse 1 (Rap)  Hook / Crowd chant  Verse 2 (Rap)  Br	true	47
labels	sanatan-and-vedic	Sanatan & Vedic	ab212f3f-c109-44ae-9b52-d915ac62f436	(untitled)	sanaatana-vaigyaniq	Sanatan & Vedic	English	Epic Vedic Hip-Hop stadium anthem, powerful Hindi rap, deep cinematic bass, trap	true	47
labels	sanatan-and-vedic	Sanatan & Vedic	8b1a651b-bad0-4fab-99e7-00b34ab4d128	फ़िक्सिट फ़िक्सिट फ़िक्सिट	sanaatana-vaigyaniq	Sanatan & Vedic	Sanskrit	Sanatan & Vedic	true	47
labels	sanatan-and-vedic	Sanatan & Vedic	5eb33a33-5e7a-423c-bb04-6dd4e31455ce	अटल है ध्रुव	sanaatana-vaigyaniq	Sanatan & Vedic	Sanskrit	Sanatan & Vedic	true	43
labels	sanatan-and-vedic	Sanatan & Vedic	2c95a655-1853-4020-a611-bc4e844aaee0	ॐ नमो भगवते वासुदेवाय	sanaatana-vaigyaniq	Sanatan & Vedic	Sanskrit	Sanatan & Vedic	true	85
labels	sanatan-and-vedic	Sanatan & Vedic	cd0bf69c-c712-497a-a324-4f5ca98fe911	(untitled)	sanaatana-vaigyaniq	Sanatan & Vedic	English	Upanishadic Epic Rap, cinematic Vedic hip-hop, deep bass, powerful taiko drums,	true	43
labels	sanatan-and-vedic	Sanatan & Vedic	44d6eaee-1e67-4eaf-af1a-1b53349e55f1	(untitled)	sanaatana-vaigyaniq	Sanatan & Vedic	English	dark cinematic vedic rap deep bass slow trap drums haunting flute throat singing	true	124
labels	sanatan-and-vedic	Sanatan & Vedic	b854fd41-d448-436a-9e15-3727d2099aa7	उत्तिष्ठत जाग्रत	sanaatana-vaigyaniq	Sanatan & Vedic	Sanskrit	Sanatan & Vedic	true	124
labels	sanatan-and-vedic	Sanatan & Vedic	bfa3c452-eab1-44c3-9c0a-869f6c15bc26	यही भारत की पहचान।	sanaatana-vaigyaniq	Sanatan & Vedic	Sanskrit	Sanatan & Vedic	true	84
labels	sanatan-and-vedic	Sanatan & Vedic	0feb7548-012f-4367-8ed6-f47fba0f6ae2	(untitled)	sanaatana-vaigyaniq	Sanatan & Vedic	English	Epic divine hip-hop, heavy cinematic bass, conch shell intro, Vedic choir textur	true	70
labels	sanatan-and-vedic	Sanatan & Vedic	da000daa-342d-4df9-89ab-8523bb3b5320	खोल अकल के ढक्कन	sanaatana-vaigyaniq	Sanatan & Vedic	Sanskrit	Sanatan & Vedic	true	88
labels	sanatan-and-vedic	Sanatan & Vedic	8860015e-eb23-42e2-aaee-c4f0344caf19	(untitled)	sanaatana-vaigyaniq	Sanatan & Vedic	English	Epic divine hip-hop, heavy cinematic bass, conch shell intro, Vedic choir textur	true	88
labels	sanatan-and-vedic	Sanatan & Vedic	d15ffb48-0e22-4344-96a5-13c18cb5a67f	खोल अकल के ढक्कन	sanaatana-vaigyaniq	Sanatan & Vedic	Sanskrit	Sanatan & Vedic	true	70
labels	sanatan-and-vedic	Sanatan & Vedic	e521f486-dc2d-450c-ad6b-6dc60c076e3b	आज की बात सुनो रे भाई	sanaatana-vaigyaniq	Sanatan & Vedic	Sanskrit	Sanatan & Vedic	true	83
labels	sanatan-and-vedic	Sanatan & Vedic	9ed3d7a1-f789-4aed-8f87-c21c9ae61bf6	खोल अकल के ढक्कन	sanaatana-vaigyaniq	Sanatan & Vedic	Sanskrit	Sanatan & Vedic	true	70
labels	sanatan-and-vedic	Sanatan & Vedic	d10508db-bd53-40ce-a03c-92f1791b1278	(untitled)	sanaatana-vaigyaniq	Sanatan & Vedic	English	Epic divine hip-hop, heavy cinematic bass, conch shell intro, Vedic choir textur	true	70
labels	sanatan-and-vedic	Sanatan & Vedic	b30f1dc1-1d59-41dd-af90-dedba164ed3f	【प्रस्तावना – ब्रह्मांड का मंच】	sanaatana-vaigyaniq	Sanatan & Vedic	Sanskrit	Sanatan & Vedic	true	101
labels	sanatan-and-vedic	Sanatan & Vedic	33ebe00e-d888-4500-be76-653588dca063	【प्रस्तावना – ब्रह्मांड का मंच】	sanaatana-vaigyaniq	Sanatan & Vedic	Sanskrit	Sanatan & Vedic	true	113
labels	sanatan-and-vedic	Sanatan & Vedic	c76edf13-95b3-42c3-b51e-44b0d31a10dc	(untitled)	sanaatana-vaigyaniq	Sanatan & Vedic	English	Tempo: 95 BPM Cosmic Hip-Hop  Instruments:  temple bells  mridangam  ancient lyr	true	101
labels	sanatan-and-vedic	Sanatan & Vedic	2c90ee6b-74e3-4d2e-9843-9b5fb835b297	(untitled)	sanaatana-vaigyaniq	Sanatan & Vedic	English	100-voice Vedic choir  Trap + orchestral beat  Ancient instruments (lyre, mridan	true	113
labels	sanatan-and-vedic	Sanatan & Vedic	42598efd-76d4-4683-87c1-176aa832b4ba	(untitled)	sanaatana-vaigyaniq	Sanatan & Vedic	English	100-voice Vedic choir  Trap + orchestral beat  Ancient instruments (lyre, mridan	true	125
labels	sanatan-and-vedic	Sanatan & Vedic	bb7e2b90-d7ca-49b6-9135-fe4251447df2	【प्रस्तावना – ब्रह्मांड का मंच】	sanaatana-vaigyaniq	Sanatan & Vedic	Sanskrit	Sanatan & Vedic	true	125
labels	sanatan-and-vedic	Sanatan & Vedic	e569c9e8-b660-4a47-83ea-2a36219c3cbd	[Intro – Cosmic Awakening】	sanaatana-vaigyaniq	Sanatan & Vedic	English	Sanatan & Vedic	true	95
labels	sanatan-and-vedic	Sanatan & Vedic	ab674c75-8585-4fd0-89ae-715906b3f772	Cosmic Awakening】	sanaatana-vaigyaniq	Sanatan & Vedic	English	Sanatan & Vedic	true	96
labels	sanatan-and-vedic	Sanatan & Vedic	a27569a5-0751-4d15-842c-63a1adffb59c	जाग ओ धरती के वंशज	sanaatana-vaigyaniq	Sanatan & Vedic	Sanskrit	Sanatan & Vedic	true	98
labels	sanatan-and-vedic	Sanatan & Vedic	5b8abaaa-7c56-450e-acfc-00b012e50990	Frère Jacques	sanaatana-vaigyaniq	Sanatan & Vedic	English	Sanatan & Vedic	true	61
labels	sanatan-and-vedic	Sanatan & Vedic	a93223c5-90c5-469e-aa1d-602c99611cf7	Frère Jacques	sanaatana-vaigyaniq	Sanatan & Vedic	English	Sanatan & Vedic	true	66
labels	sanatan-and-vedic	Sanatan & Vedic	f4ffd57d-7c3c-440f-814c-1f4307fefb61	(untitled)	sanaatana-vaigyaniq	Sanatan & Vedic	English	[Title] खोकन और पराई नाव — Cosmic Stadium Anthem  [Style] Baul Folk  + Trap Beat	true	78
labels	sanatan-and-vedic	Sanatan & Vedic	7153c43c-d1d0-4621-8af5-edb81572ef1b	(untitled)	sanaatana-vaigyaniq	Sanatan & Vedic	English	[Title] खोकन और पराई नाव — Cosmic Stadium Anthem  [Style] Baul Folk + Stadium An	true	78
labels	sanatan-and-vedic	Sanatan & Vedic	298d61be-50b0-46d5-b063-082b1afd7c3a	(untitled)	sanaatana-vaigyaniq	Sanatan & Vedic	English	[Title] खोकन और पराई नाव — Cosmic Stadium Anthem  [Style] Baul Folk  + Trap Beat	true	78
labels	sanatan-and-vedic	Sanatan & Vedic	0dfca798-d9bf-41eb-ad1b-fea2ddd3e6fb	(untitled)	sanaatana-vaigyaniq	Sanatan & Vedic	English	[Title] खोकन और पराई नाव — Cosmic Stadium Anthem  [Style] Baul Folk + Stadium An	true	78
labels	sanatan-and-vedic	Sanatan & Vedic	108c7fe6-6dd1-4e66-92d8-25403bb67a40	सात-ति चोरे दूँड़ बाये	sanaatana-vaigyaniq	Sanatan & Vedic	Sanskrit	Sanatan & Vedic	true	78
labels	sanatan-and-vedic	Sanatan & Vedic	222f41c8-19ab-42d9-b87c-ca9c4c818caa	खोकन खोकन कोरे माय	sanaatana-vaigyaniq	Sanatan & Vedic	Sanskrit	Sanatan & Vedic	true	78
labels	sanatan-and-vedic	Sanatan & Vedic	431ccd3f-faa0-48e0-9e03-34be24b470aa	खोकन खोकन कोरे माय	sanaatana-vaigyaniq	Sanatan & Vedic	Sanskrit	Sanatan & Vedic	true	79
labels	sanatan-and-vedic	Sanatan & Vedic	94ff85f6-fcbf-4004-a7df-5a2b9b6d95eb	(untitled)	sanaatana-vaigyaniq	Sanatan & Vedic	English	[Title] खोकन और पराई नाव — Cosmic Rigveda Folk Rap  [Style] Rigvedic Chant + Ben	true	79
labels	sanatan-and-vedic	Sanatan & Vedic	df23e9c7-8898-438c-92a6-49d15136beca	सत्य सनातन वैज्ञानिक का ज्ञान	sanaatana-vaigyaniq	Sanatan & Vedic	Sanskrit	Sanatan & Vedic	true	69
labels	sanatan-and-vedic	Sanatan & Vedic	b3268cd7-82f5-4cbe-97e3-68d735616d14	सत्य सनातन वैज्ञानिक का ज्ञान	sanaatana-vaigyaniq	Sanatan & Vedic	Sanskrit	Sanatan & Vedic	true	70
labels	sanatan-and-vedic	Sanatan & Vedic	e11f34b8-6597-49cb-b8ab-c265596a828d	सत्य सनातन वैज्ञानिक का ज्ञान	sanaatana-vaigyaniq	Sanatan & Vedic	Sanskrit	Sanatan & Vedic	true	69
labels	sanatan-and-vedic	Sanatan & Vedic	5da37790-97be-4139-ab9a-d1a6c5dd24c0	सत्य सनातन वैज्ञानिक का है ज्ञान	sanaatana-vaigyaniq	Sanatan & Vedic	Sanskrit	Sanatan & Vedic	true	69
labels	sanatan-and-vedic	Sanatan & Vedic	da37bf5f-f038-4cf4-a836-c5d2c6c74a9c	सत्य सनातन का है ज्ञान	sanaatana-vaigyaniq	Sanatan & Vedic	Sanskrit	Sanatan & Vedic	true	68
labels	sanatan-and-vedic	Sanatan & Vedic	471fdd7d-17b3-4d7b-a282-303be24251d5	सत्य सनातन का है ज्ञान	sanaatana-vaigyaniq	Sanatan & Vedic	Sanskrit	Sanatan & Vedic	true	61
labels	sanatan-and-vedic	Sanatan & Vedic	7140414f-9a6d-4f4c-a9e6-ebaf4c61009e	सत्य सनातन का है ज्ञान	sanaatana-vaigyaniq	Sanatan & Vedic	Sanskrit	Sanatan & Vedic	true	57
labels	sanatan-and-vedic	Sanatan & Vedic	668f75f1-428a-476d-9bed-614ad964053e	सत्य सनातन का है ज्ञान	sanaatana-vaigyaniq	Sanatan & Vedic	Sanskrit	Sanatan & Vedic	true	56
labels	sanatan-and-vedic	Sanatan & Vedic	811a9828-7ae3-4fc9-ba2c-9d1c523520c5	सत्य सनातन का है ज्ञान	sanaatana-vaigyaniq	Sanatan & Vedic	Sanskrit	Sanatan & Vedic	true	71
labels	sanatan-and-vedic	Sanatan & Vedic	4683717a-d5df-4665-836e-b5252b9bb43f	नियमों का हऊआ और सत्य की जड़ें	sanaatana-vaigyaniq	Sanatan & Vedic	Sanskrit	Sanatan & Vedic	true	10
labels	sanatan-and-vedic	Sanatan & Vedic	0137e680-bb96-4a04-9603-b48b321e35e1	मात-पिता का मान रखो	sanaatana-vaigyaniq	Sanatan & Vedic	Sanskrit	Sanatan & Vedic	true	52
labels	sanatan-and-vedic	Sanatan & Vedic	a986c2c7-138a-4786-8d1f-79fa9f4a8d8d	सत्य सनातन का है ज्ञान	sanaatana-vaigyaniq	Sanatan & Vedic	Sanskrit	Sanatan & Vedic	true	16
labels	sanatan-and-vedic	Sanatan & Vedic	99753716-34be-4a43-80b6-7c8bf416bb3e	(untitled)	sanaatana-vaigyaniq	Sanatan & Vedic	English	Epic multilingual scientific rap mixing Latin chant, Siddham script mantra, Sans	true	96
labels	sanatan-and-vedic	Sanatan & Vedic	ad5b8312-e863-4629-adf2-a05966aee8a3	Force equals	sanaatana-vaigyaniq	Sanatan & Vedic	English	Sanatan & Vedic	true	96
labels	sanatan-and-vedic	Sanatan & Vedic	643bbbac-2567-4efb-9f3a-50ac19ce3cd3	(untitled)	sanaatana-vaigyaniq	Sanatan & Vedic	English	Epic multilingual scientific rap mixing Latin chant, Siddham script mantra, Sans	true	70
labels	sanatan-and-vedic	Sanatan & Vedic	79c218fd-2902-4029-acdf-6a572e2d09a0	ॐ नादब्रह्माय नमः	sanaatana-vaigyaniq	Sanatan & Vedic	Sanskrit	Sanatan & Vedic	true	70
labels	sanatan-and-vedic	Sanatan & Vedic	5e5636bf-1737-4f24-b7f7-cef44e0f22fe	(untitled)	sanaatana-vaigyaniq	Sanatan & Vedic	English	Epic multilingual scientific rap mixing Latin chant, Siddham script mantra, Sans	true	86
labels	sanatan-and-vedic	Sanatan & Vedic	c25688a0-b774-48e2-8998-c9783f0d195f	Siddhaṃ + Sanskrit Chant	sanaatana-vaigyaniq	Sanatan & Vedic	English	Sanatan & Vedic	true	86
labels	sanatan-and-vedic	Sanatan & Vedic	11b2b802-1595-456f-899e-cc1e79f05185	ॐ नादब्रह्माय नमः	sanaatana-vaigyaniq	Sanatan & Vedic	Sanskrit	Sanatan & Vedic	true	79
labels	sanatan-and-vedic	Sanatan & Vedic	f19142fa-b005-4281-857e-bae5435451ca	(untitled)	sanaatana-vaigyaniq	Sanatan & Vedic	English	Epic multilingual scientific rap mixing Latin chant, Sanskrit mantra, Hindi and	true	79
labels	sanatan-and-vedic	Sanatan & Vedic	7837396f-b847-4359-b544-5774ac2f5daa	Cosmic Chant	sanaatana-vaigyaniq	Sanatan & Vedic	English	Sanatan & Vedic	true	85
labels	sanatan-and-vedic	Sanatan & Vedic	e6510e78-0f69-43f6-9923-8163b91fc272	(untitled)	sanaatana-vaigyaniq	Sanatan & Vedic	English	Epic cosmic knowledge rap with Sanskrit mantra chanting, Siddham script visuals,	true	85
labels	sanatan-and-vedic	Sanatan & Vedic	0e0098d4-f9c4-4d28-b3f0-20f38ba73e36	(untitled)	sanaatana-vaigyaniq	Sanatan & Vedic	English	Epic philosophical Indian rap with Sanskrit chanting intro, deep trap beat, dama	true	42
labels	sanatan-and-vedic	Sanatan & Vedic	f5bedf87-fc25-478b-94ad-3e18b12e6ba2	आयी आयी आयी	sanaatana-vaigyaniq	Sanatan & Vedic	Sanskrit	Sanatan & Vedic	true	42
labels	sanatan-and-vedic	Sanatan & Vedic	8637c70f-2e69-4d3c-8902-20a2dbdbf3a3	(untitled)	sanaatana-vaigyaniq	Sanatan & Vedic	English	Epic philosophical Indian rap with Sanskrit chanting intro, deep trap beat, dama	true	40
labels	sanatan-and-vedic	Sanatan & Vedic	0d3d2d6f-939b-4d8a-bf49-2b1e080d944e	Replace 01:09-01:09 (06:30 AM Mar 12)	sanaatana-vaigyaniq	Sanatan & Vedic	English	Style: Vedic chant + Sufi qawwali fusion Tempo: 90 BPM gradually rising to 105 B	true	49
labels	sanatan-and-vedic	Sanatan & Vedic	cf70934b-58c5-4191-91e7-de0bd63362c4	उसका कौन कफ़न करो	sanaatana-vaigyaniq	Sanatan & Vedic	Sanskrit	Sanatan & Vedic	true	49
labels	sanatan-and-vedic	Sanatan & Vedic	b876868f-7ad9-437c-8a9a-985c1e15869d	ॐ नाद ब्रह्माय नमः	sanaatana-vaigyaniq	Sanatan & Vedic	Sanskrit	Divine Vedic hip-hop rap with Sanskrit chanting, deep 808 bass, damaru percussio	true	115
labels	sanatan-and-vedic	Sanatan & Vedic	b4587005-bec9-4fd3-be9a-f8a9704d9c09	ॐ नाद ब्रह्माय नमः	sanaatana-vaigyaniq	Sanatan & Vedic	Sanskrit	Divine Vedic hip-hop rap with Sanskrit chanting, deep 808 bass, damaru percussio	true	74
labels	sanatan-and-vedic	Sanatan & Vedic	32f65fcc-9867-4491-9f3f-f79076b657df	आयी आयी आयी	sanaatana-vaigyaniq	Sanatan & Vedic	Sanskrit	Sanatan & Vedic	true	115
labels	sanatan-and-vedic	Sanatan & Vedic	d9cce68e-a94b-4ad4-baaa-f327f7b3b857	“न मा	sanaatana-vaigyaniq	Sanatan & Vedic	Sanskrit	Sanatan & Vedic	true	28
labels	sanatan-and-vedic	Sanatan & Vedic	a4e0a7f3-9d30-4d38-917f-7152d7ab7cbb	ॐ नाद ब्रह्माय नमः	sanaatana-vaigyaniq	Sanatan & Vedic	Sanskrit	Divine Vedic hip-hop rap with Sanskrit chanting, deep 808 bass, damaru percussio	true	28
labels	sanatan-and-vedic	Sanatan & Vedic	1daf1c07-046b-424d-8daa-53684e2182dd	शब्दों का खेल है	sanaatana-vaigyaniq	Sanatan & Vedic	Sanskrit	Sanatan & Vedic	true	74
labels	sanatan-and-vedic	Sanatan & Vedic	506a890d-db34-4aca-a456-9943e1467713	संस्कृत देव	sanaatana-vaigyaniq	Sanatan & Vedic	Sanskrit	Sanatan & Vedic	true	36
labels	sanatan-and-vedic	Sanatan & Vedic	5f3c39b1-4e21-4da6-8fec-d0305d37cfd8	ॐ नाद ब्रह्माय नमः	sanaatana-vaigyaniq	Sanatan & Vedic	Sanskrit	Divine Vedic hip-hop rap with Sanskrit chanting, deep 808 bass, damaru percussio	true	36
labels	sanatan-and-vedic	Sanatan & Vedic	3dea2c46-9d5a-402e-9058-77e26312bb54	(untitled)	sanaatana-vaigyaniq	Sanatan & Vedic	English	Divine Vedic hip-hop rap with Sanskrit chanting, deep 808 bass, damaru percussio	true	76
labels	sanatan-and-vedic	Sanatan & Vedic	bc3038d3-816b-4879-aa78-6815db0853df	शब्दों का खेल है	sanaatana-vaigyaniq	Sanatan & Vedic	Sanskrit	Sanatan & Vedic	true	76
labels	sanatan-and-vedic	Sanatan & Vedic	3741f8d9-ee63-459b-8ebe-01454f706d38	(untitled)	sanaatana-vaigyaniq	Sanatan & Vedic	English	Sanatan & Vedic	false	0
labels	sanatan-and-vedic	Sanatan & Vedic	5d0161fa-6647-4a40-be7e-121a88d2b2a3	शब्दों का खेल है	sanaatana-vaigyaniq	Sanatan & Vedic	Sanskrit	Sanatan & Vedic	true	51
labels	sanatan-and-vedic	Sanatan & Vedic	fabdd7cf-3445-4b3f-8bd3-d5df256ebc2b	आयी आयी आयी	sanaatana-vaigyaniq	Sanatan & Vedic	Sanskrit	Sanatan & Vedic	true	51
labels	sanatan-and-vedic	Sanatan & Vedic	25982a1c-a0b7-4bdc-9d4c-c685bb4d58d2	(untitled)	sanaatana-vaigyaniq	Sanatan & Vedic	English	Style: Vedic chant + Sufi qawwali fusion Tempo: 90 BPM gradually rising to 105 B	true	60
labels	sanatan-and-vedic	Sanatan & Vedic	b7c30d72-6ce4-4dcf-a098-a08b77b3c805	(untitled)	sanaatana-vaigyaniq	Sanatan & Vedic	English	Sanatan & Vedic	false	0
labels	sanatan-and-vedic	Sanatan & Vedic	17d23524-7ba8-4e59-a60c-3536c34d0a1b	भर्गो देवस्य धीमहि	sanaatana-vaigyaniq	Sanatan & Vedic	Sanskrit	Sanatan & Vedic	true	60
labels	sanatan-and-vedic	Sanatan & Vedic	a4e69def-6d0d-4f12-8718-029de266a4a2	भर्गो देवस्य धीमहि	sanaatana-vaigyaniq	Sanatan & Vedic	Sanskrit	Sanatan & Vedic	true	73
labels	sanatan-and-vedic	Sanatan & Vedic	319ac1b1-c380-4dbf-a2d5-8b7855354317	ईश्वर अल्ला दो थे भाई	sanaatana-vaigyaniq	Sanatan & Vedic	Sanskrit	Sanatan & Vedic	true	44
labels	sanatan-and-vedic	Sanatan & Vedic	77d02fc3-250d-47bd-bcf8-80f45421948d	ॐ अग्ने सत्यदीपाय नमः	sanaatana-vaigyaniq	Sanatan & Vedic	Sanskrit	Sanatan & Vedic	true	51
labels	sanatan-and-vedic	Sanatan & Vedic	73ebc666-cec7-4c6b-a855-1de4b0db7dc4	Mantra Invocation	sanaatana-vaigyaniq	Sanatan & Vedic	English	Sanatan & Vedic	true	57
labels	sanatan-and-vedic	Sanatan & Vedic	fc2e9468-9cb2-4110-8a81-60b45d7424ab	माया का ये जाल है	sanaatana-vaigyaniq	Sanatan & Vedic	Sanskrit	Sanatan & Vedic	true	48
labels	sanatan-and-vedic	Sanatan & Vedic	79b04114-d41e-4c68-9933-4e9a7845ff81	red compare	sanaatana-vaigyaniq	Sanatan & Vedic	English	Vedic mantra rap, deep Indian spiritual hip-hop, male powerful voice with Sanskr	true	56
labels	sanatan-and-vedic	Sanatan & Vedic	9e52df79-607c-4e64-9b32-89b97c3e8dc9	तमसो मा ज्योतिर्गमय	sanaatana-vaigyaniq	Sanatan & Vedic	Sanskrit	Sanatan & Vedic	true	56
labels	sanatan-and-vedic	Sanatan & Vedic	767143b0-de77-4777-a7b7-1eee32a17256	red compare	sanaatana-vaigyaniq	Sanatan & Vedic	English	Vedic mantra rap, deep Indian spiritual hip-hop, male powerful voice with Sanskr	true	56
labels	sanatan-and-vedic	Sanatan & Vedic	6adf98e7-94d8-4005-a05b-25fbfda301f0	तमसो मा ज्योतिर्गमय	sanaatana-vaigyaniq	Sanatan & Vedic	Sanskrit	Sanatan & Vedic	true	56
labels	sanatan-and-vedic	Sanatan & Vedic	0ef3d205-739a-4b55-991e-f733b6ea9a29	नासदासीन्नो सदासीत्तदानीं नासीद्रजो नो व्योमापरो	sanaatana-vaigyaniq	Sanatan & Vedic	Sanskrit	Sanatan & Vedic	true	12
labels	sanatan-and-vedic	Sanatan & Vedic	f15c8e9b-271a-4e48-8fd3-77cedf717209	First Comes the Word	sanaatana-vaigyaniq	Sanatan & Vedic	English	Title: The Birth of Speech  Genre: Vedic cinematic epic, spiritual world music	true	12
labels	sanatan-and-vedic	Sanatan & Vedic	933572dc-5bc2-4924-9f94-ea6aa0e873c8	🌌 १. सृष्टि से पहले	sanaatana-vaigyaniq	Sanatan & Vedic	Sanskrit	Sanatan & Vedic	true	77
labels	sanatan-and-vedic	Sanatan & Vedic	63dee4cd-523c-47e2-a9bd-925baf55aa2d	संस्कृत	sanaatana-vaigyaniq	Sanatan & Vedic	Sanskrit	Sanatan & Vedic	true	101
labels	sanatan-and-vedic	Sanatan & Vedic	10e904b9-006d-4a2f-989d-9d613a84c9d1	सन्दर्भ की परिभाषा	sanaatana-vaigyaniq	Sanatan & Vedic	Sanskrit	Sanatan & Vedic	true	1
labels	sanatan-and-vedic	Sanatan & Vedic	8850934b-cdb1-4254-bedf-83595eb359bb	तुम अनंत सनातन हो	sanaatana-vaigyaniq	Sanatan & Vedic	Sanskrit	Sanatan & Vedic	true	48
labels	sanatan-and-vedic	Sanatan & Vedic	48b87be5-26d7-45e7-8598-8bcfc1de303a	ram ki gilahari	sanaatana-vaigyaniq	Sanatan & Vedic	English	Epic stadium anthem devotional song, male chorus with crowd chants, powerful dru	true	48
labels	sanatan-and-vedic	Sanatan & Vedic	b72a5071-8cf9-4efd-9204-269cc25de272	ram ki gilahari	sanaatana-vaigyaniq	Sanatan & Vedic	English	Epic stadium anthem devotional song, male chorus with crowd chants, powerful dru	true	76
labels	sanatan-and-vedic	Sanatan & Vedic	d5b1f403-2b0e-4ea3-a03a-02ebfcaba03f	शिव की पवन जटा में बसता	sanaatana-vaigyaniq	Sanatan & Vedic	Sanskrit	Sanatan & Vedic	true	41
labels	sanatan-and-vedic	Sanatan & Vedic	d08d5d69-511b-4d16-86f7-9f38fabf7bff	Har har har har har Haryana	sanaatana-vaigyaniq	Sanatan & Vedic	English	Sanatan & Vedic	true	41
labels	sanatan-and-vedic	Sanatan & Vedic	26be0fe7-c291-4924-9ac3-2b083d18f6a7	डमड्डमड्डमड्डमन्निनादवड्डमर्वयं	sanaatana-vaigyaniq	Sanatan & Vedic	Sanskrit	Sanatan & Vedic	true	44
labels	sanatan-and-vedic	Sanatan & Vedic	c60bddff-5831-45b2-aeda-56c210e42bee	भ्रम का जाल ये दुनिया	sanaatana-vaigyaniq	Sanatan & Vedic	Sanskrit	Sanatan & Vedic	true	20
labels	other-misc	Other / Misc	2f332d7d-3202-4e03-ac8e-c8c057223685	छट का दिन	gurukul	Other / Misc	Hindi	NULL	true	34
labels	other-misc	Other / Misc	2bfbe15e-ac6a-487e-94bd-f535bdbe9f7a	हनु मूड खाने	gurukul	Other / Misc	Hindi	NULL	true	38
labels	other-misc	Other / Misc	fa8592bb-2d3c-443d-aaf7-9882825a0f19	हनु की पटक	gurukul	Other / Misc	Hindi	फंक	true	38
labels	other-misc	Other / Misc	01e30f52-01cf-403d-af40-041dac751bd0	स्वरभानु माँ सिखाए	gurukul	Other / Misc	Hindi	NULL	true	45
labels	other-misc	Other / Misc	25e7d717-7de7-45e6-8f5e-c53ef846cac3	छत-छट ताल	gurukul	Other / Misc	Hindi	NULL	true	30
labels	other-misc	Other / Misc	5873f9a6-c7cc-475b-8560-a6200c367731	हनु-मान् हनु	gurukul	Other / Misc	Hindi	[Style of Music: Global Sovereign Calibration] Hyper-dynamic K-12 educational fu	true	32
labels	other-misc	Other / Misc	7333a108-d5a5-4cf4-9e36-6ce6aec10997	Chhat-Chhat Sanaatana	gurukul	Other / Misc	English	NULL	true	14
labels	other-misc	Other / Misc	684a2e17-9992-459b-970a-279f3f506e59	Kash Bachpan Phir	gurukul	Other / Misc	English	Braj folk mixed with funky pop. Bollywood dance style. Fast tempo 115 BPM. Male	true	31
labels	other-misc	Other / Misc	8aee516c-0320-41bb-9f30-695a8a3b34df	कागद काली कलम	gurukul	Other / Misc	Hindi	NULL	true	99
labels	other-misc	Other / Misc	0d2391f0-56a0-4e55-b0a6-3054cf623259	Kaahe Kaagaz	gurukul	Other / Misc	English	NULL	true	112
labels	other-misc	Other / Misc	8eb95048-e740-4624-99bf-e1c3293c9dfb	Kaahe Kaagaz	gurukul	Other / Misc	English	NULL	true	112
labels	other-misc	Other / Misc	e0c8c103-aedf-4560-a5f1-875275518f0f	Kaal Likhe Kaal	gurukul	Other / Misc	English	NULL	true	112
labels	other-misc	Other / Misc	da4174c6-2d45-4d98-8050-72dcb85f6fb9	ka kau ke	gurukul	Other / Misc	English	Other / Misc	true	112
labels	other-misc	Other / Misc	dec1c74f-f3ae-4b2b-b293-27081aef1c5e	Kaa Rahasya	gurukul	Other / Misc	English	NULL	true	51
labels	other-misc	Other / Misc	8334c7f3-00ab-48e5-8e90-fae9c7898ec4	छुक-छुक भाषा गाड़ी	gurukul	Other / Misc	Hindi	Playful energetic Indian electronic folk-pop, 112 BPM, bouncy tech-folk drums, c	true	28
labels	other-misc	Other / Misc	130d4a7c-79cc-4c0e-827e-a011ef1e0689	छुक-छुक भाषा गाड़ी	gurukul	Other / Misc	Hindi	Playful energetic Indian electronic folk-pop, 112 BPM, bouncy tech-folk drums, c	true	28
labels	other-misc	Other / Misc	4de46a49-de10-4bc4-8e89-bded6e92e5e8	छुक-छुक भाषा गाड़ी	gurukul	Other / Misc	Hindi	Playful energetic Indian electronic folk-pop, 112 BPM, bouncy tech-folk drums, c	true	28
labels	other-misc	Other / Misc	d3047e94-747e-478b-84d0-ebcd931b6ebf	छुक-छुक कोडिंग गाड़ी	gurukul	Other / Misc	Hindi	Playful energetic Indian electronic folk-pop, 112 BPM, bouncy tech-folk drums, c	true	36
labels	other-misc	Other / Misc	f9f70b24-e62f-40a2-b42f-f3a0ba272777	संप्रभुता का डंका	gurukul	Other / Misc	Hindi	Dark Aggressive Cinematic Phonk, heavy brass orchestration, ancient Indian war d	true	41
labels	other-misc	Other / Misc	da33361a-8617-4815-b444-dd6d95f00bca	डिजिटल गुरुकुल	gurukul	Other / Misc	Hindi	High-energy Cyberpunk Phonk fused with Aggressive Indian Drill, crushing distort	true	51
labels	other-misc	Other / Misc	05bb41b7-0a36-4c99-a245-d5d727f902c3	लिटमस परिपथ	gurukul	Other / Misc	Hindi	High-energy Cyberpunk Phonk, traditional Indian folk accents, punchy aggressive	true	21
labels	other-misc	Other / Misc	ee8190df-8ed5-4fd2-b83e-f6908dad6089	तेईस दशमलव पाँच	gurukul	Other / Misc	Hindi	High-energy Cyberpunk Phonk fused with Aggressive Indian Folk, punchy industrial	true	48
labels	other-misc	Other / Misc	ac3bbd7c-13ce-4c58-8852-a3ba11cf9d62	कोर लॉग्स लाइव	gurukul	Other / Misc	Hindi	neural radio program for students	true	1
labels	other-misc	Other / Misc	cac083e2-5eba-42df-a500-188660293076	डिजिटल गुरुकुल मैट्रिक्स	gurukul	Other / Misc	Hindi	NULL	true	16
labels	other-misc	Other / Misc	9e69f682-8e35-49be-bd83-e64b31b91832	डिजिटल गुरुकुल लॉग्स	gurukul	Other / Misc	Hindi	Style: real radio, sanaatana telecast	true	1
labels	other-misc	Other / Misc	1fe24a9e-568a-49b0-ba5b-a24b30c0d106	डिजिटल गुरुकुल लॉग्स	gurukul	Other / Misc	Hindi	Style: real radio, sanaatana telecast	true	1
labels	other-misc	Other / Misc	161f3183-f997-4981-afda-e28650b9f92d	डिजिटल गुरुकुल-कनेक्टर	gurukul	Other / Misc	Hindi	Style: radio sanaatana telecast	true	1
labels	other-misc	Other / Misc	6657399e-3da3-424d-9965-024cc4786644	Tanpura Rainbird	gurukul	Other / Misc	English	Style: Lo-fi Hip Hop, Chillhop, Indian folk sample, 75 BPM, soft male vocals, v	true	45
labels	other-misc	Other / Misc	2f7dc4d3-998d-4f4c-b011-9f88e7a482c1	Tanpura Rainbird	gurukul	Other / Misc	English	Style: Lo-fi Hip Hop, Chillhop, Indian folk sample, 75 BPM, soft male vocals, v	true	45
labels	other-misc	Other / Misc	9da0a583-254e-4712-bf3d-e40b49a6856e	परदेसां कीधूप	gurukul	Other / Misc	Hindi	Style: Lo-fi Hip Hop, Chillhop, Indian folk sample, 75 BPM, soft male vocals, v	true	45
labels	other-misc	Other / Misc	6058ab0b-f41c-4639-a96a-1b58b31a999d	परदेसा धड़कन	gurukul	Other / Misc	Hindi	NULL	true	58
labels	other-misc	Other / Misc	8433a493-5a44-4032-8243-bc0263a6ba2f	जमा उघाड़ी	gurukul	Other / Misc	Hindi	[Style: World's saddest folk singing, extremely melancholic, cry voice, male rur	true	64
labels	other-misc	Other / Misc	27601dd5-f441-413d-bb6e-6efae567a7f7	आँखें रातभर	gurukul	Other / Misc	Hindi	[Style: World's saddest folk singing, extremely melancholic, cry voice, male rur	true	29
labels	other-misc	Other / Misc	7e3ed4ad-570a-4867-849a-9eae418e6564	बम भोला बम	gurukul	Other / Misc	Hindi	NULL	true	35
labels	other-misc	Other / Misc	c180868a-e9f9-4af0-b85f-9e47ea6a94a0	बम भोला बम	gurukul	Other / Misc	Hindi	NULL	true	35
labels	other-misc	Other / Misc	7c43c6d1-991a-46e1-b557-7e9b8528b4a3	भगवा चोला	gurukul	Other / Misc	Hindi	NULL	true	35
labels	other-misc	Other / Misc	acce7b02-b36e-4aa7-8bc4-899e425e1f7f	भगवा चोला	gurukul	Other / Misc	Hindi	NULL	true	35
labels	other-misc	Other / Misc	f5f173d2-b941-4beb-8383-123e56486214	सिलेंस के पार	gurukul	Other / Misc	Hindi	[Style: Nautanki-Swang-Qawwali hybrid audio drama. Single male vocalist performi	true	36
labels	other-misc	Other / Misc	2b4d9843-2835-4383-b5f5-f90a9f2cde42	घुटने-छुपा एक	gurukul	Other / Misc	Hindi	[Style: Three-voice dialogue Qawwali. Characters: Raskhan (Braj, mischievous, su	true	61
labels	other-misc	Other / Misc	91ec0002-3ce7-418e-a969-3c1a00f9f662	नाम अनेक एक	gurukul	Other / Misc	Hindi	[Style: Traditional Qawwali sung in Braj Bhasha dialect, Sufi devotional tone, m	true	1
labels	other-misc	Other / Misc	b25c705c-37d8-4b8f-8f80-49fc861fb6a5	नाम-छुपा दाता	gurukul	Other / Misc	Hindi	[Style: Hybrid Sufi composition — alternating between solo spoken-word Nazm and	true	37
labels	other-misc	Other / Misc	cb2c77c5-2aab-4459-9d5f-84c4024be973	तुझ पर ही भरोसा	gurukul	Other / Misc	Hindi	Other / Misc	true	37
labels	other-misc	Other / Misc	31e87d44-ff07-4ab5-8a2d-4381d75a2b64	Tujh Par भरोसा	gurukul	Other / Misc	English	[Style: Traditional Qawwali, male lead vocal with 3-voice male chorus, harmonium	true	1
labels	other-misc	Other / Misc	2aa5f8f0-1fd1-4473-9dd2-a3db61cfd0dc	तुझ पर ही भरोसा	gurukul	Other / Misc	Hindi	Other / Misc	true	12
labels	other-misc	Other / Misc	12134426-c294-4dd0-9375-9f507bb1140a	इसी वाली बोटी	gurukul	Other / Misc	Hindi	Genre: Punjabi Folk Pop / Bhangra Pop / Energetic Party Song BPM: 120-130 Mood:	true	56
labels	other-misc	Other / Misc	cf6d9e3e-ae51-435d-895a-c4d7f95ebf4d	मिट्टी-तालि उछाल	gurukul	Other / Misc	Hindi	1980s lo-fi field recording, live at Nidhivan temple courtyard, Raga Todi, Raw B	true	46
labels	other-misc	Other / Misc	a0c2cd04-1c26-49ec-b699-610ef0a62630	बंसी की तान	gurukul	Other / Misc	Hindi	1980s lo-fi field recording, live at Nidhivan temple courtyard, Raga Todi, Raw B	true	47
labels	other-misc	Other / Misc	bd82b09f-8f58-4b13-8ae8-b3c88ea71ee4	बंसी तान बिरह	gurukul	Other / Misc	Hindi	Raw street temple qawwali, Raga Todi, live at Nidhivan Vrindavan, thousands of g	true	43
labels	other-misc	Other / Misc	cb3b5a5b-0158-437f-bb0f-a905d88de403	बंसी तान बिरह	gurukul	Other / Misc	Hindi	Raw street temple qawwali, Raga Todi, live at Nidhivan Vrindavan, thousands of g	true	43
labels	other-misc	Other / Misc	6093fffc-e0fc-44c3-b9b9-66d4d27c8180	तोरि बंसी तान	gurukul	Other / Misc	Hindi	Raw street temple qawwali, Raga Todi, live at Nidhivan Vrindavan, thousands of g	true	65
labels	other-misc	Other / Misc	bdf090e4-3d39-4d47-863b-7bd1757feb8d	बंसीधर ताज	gurukul	Other / Misc	Hindi	Cinematic qawwali, Raga Todi, thousands of gopis + Radha solo, 60-120 BPM, femal	true	43
labels	other-misc	Other / Misc	52095580-5eef-4721-9a8a-1f615159529c	बंसीधर का ताज	gurukul	Other / Misc	Hindi	Raga Todi qawwali, 70 to 110 BPM, female devotional voice, bansuri, harmonium, t	false	0
labels	other-misc	Other / Misc	c5f1d8b4-1e92-4d0f-9936-e632bd0922de	म्यूअर क़िला-धुआं	gurukul	Other / Misc	Hindi	Epic Bollywood patriotic ballad, heroic male vocals, orchestral with dhol and sh	true	20
labels	other-misc	Other / Misc	3dfe2673-db12-496e-a169-ea75a891fef2	इस रंज-ओ-ग़म की दुनिया में मुझको यक़ीन न था	gurukul	Other / Misc	Hindi	Other / Misc	true	14
labels	other-misc	Other / Misc	4cccdb69-4cb8-41f3-91bc-bac82f3583af	WhatsApp Image 2025-06-17 at 20.41.57 (Remastered)	gurukul	Other / Misc	English	A dark and atmospheric Hindi indie-folk track with a haunting, cinematic quality	true	26
labels	other-misc	Other / Misc	9944d4d4-a519-4243-8abc-0eb7245f81f0	पायल बजती धुन	gurukul	Other / Misc	Hindi	NULL	true	39
labels	other-misc	Other / Misc	1b8e0980-f89e-41df-9a65-5a6eb313c777	पिंकी की थाली	gurukul	Other / Misc	Hindi	[Genre: Rajasthani Folk Horror × Disco × Dark Electronic] [BPM: 128, Key: D mino	true	102
labels	other-misc	Other / Misc	7e7aaecb-6ae5-41b2-86d2-c53c30b96231	गूंगों का स्टेशन	gurukul	Other / Misc	Hindi	NULL	true	74
labels	other-misc	Other / Misc	226a516c-1c24-4e20-b60b-33c5d07903e0	हर ट्रैक एक दृश्य और भाव के साथ।	gurukul	Other / Misc	Hindi	Other / Misc	true	74
labels	other-misc	Other / Misc	87cb98e9-3781-4876-86b0-4540f8ecf4b1	रेत पर निशाँ	gurukul	Other / Misc	Hindi	Modern Sufi Qawwali, divine male vocals, slow emotional tempo, harmonium, soft t	true	17
labels	other-misc	Other / Misc	7e0d2809-671f-4a5d-ac1b-393bdf43d3fb	रेत में नमक	gurukul	Other / Misc	Hindi	धरती का नून DHARTI KA NOON — Full Adlib & Reverb Annotated Score BPM / Tempo 72	true	102
labels	other-misc	Other / Misc	12168a29-23fd-464a-8f32-b552fd6e4571	Animatrix Loading	gurukul	Other / Misc	English	Cyber-Sufi Afro-Phonk, Heavy Distorted 808 Bass, Cowbell Phonk Melody, Fast Sync	true	66
labels	other-misc	Other / Misc	8e51259c-2c1b-4d8c-9937-a9210c11f9e0	मेट्रो हम-डोल	gurukul	Other / Misc	Hindi	Dark Drift Phonk, Heavy Distorted 808 Bass, Cowbell Melody, Fast Afro-Phonk Perc	true	68
labels	other-misc	Other / Misc	eba6ef4c-4673-47d3-a972-ec071def7fc1	मेट्रो डिब्बा मोबाइल	gurukul	Other / Misc	Hindi	Cyber-Sufi Afro-Phonk, Heavy Distorted 808 Bass, Cowbell Phonk Melody, Fast Sync	true	65
labels	other-misc	Other / Misc	302d74f4-c980-41ab-9517-7315d88c6f17	Animatrix Bootloop	gurukul	Other / Misc	English	Dark Drift Phonk, Heavy Distorted 808 Bass, Cowbell Melody, Fast Afro-Phonk Perc	true	65
labels	other-misc	Other / Misc	920539b8-cbfd-4c49-8404-bb0fbaa9dc11	मेरा अंतरमान डोले	gurukul	Other / Misc	Hindi	Dark Drift Phonk, Heavy Distorted 808 Bass, Cowbell Melody, Fast Afro-Phonk Perc	true	63
labels	other-misc	Other / Misc	a4a5bc5a-d81d-4f39-9713-104d788188ad	आ भी जा	gurukul	Other / Misc	Hindi	Other / Misc	true	25
labels	other-misc	Other / Misc	ba996ff1-61da-4e8f-8887-34fa43c9dd27	चुंग-चुंग गज़ब	gurukul	Other / Misc	Hindi	Indian Psychedelic Folk, Memphis Phonk, hypnotic Ektara loops, train rhythmic ch	true	18
labels	other-misc	Other / Misc	3c427c65-53cf-4f73-8314-f7c17ce91bfd	Train Chug-Chug चमत्कार	gurukul	Other / Misc	English	Indian Psychedelic Folk, Memphis Phonk, hypnotic Ektara loops, train rhythmic ch	true	18
labels	other-misc	Other / Misc	8a1552e3-f66a-47d5-9b8f-962ea1ca02d7	अधिनारा हँसी	gurukul	Other / Misc	Hindi	NULL	true	50
labels	other-misc	Other / Misc	5b648092-0e75-4f22-95e2-5ee3f1cfe456	पंडित होने की कोशिश	gurukul	Other / Misc	Hindi	NULL	true	30
labels	other-misc	Other / Misc	2b9f2515-2617-4f67-93ba-594138f00b7a	पहाड़ा सत्तालोलुप	gurukul	Other / Misc	Hindi	[Genre: Viral Funk, Hindi Disco, Ghetto Funk, Bollywood Bass, TikTok Dance Chall	true	37
labels	other-misc	Other / Misc	2ff31d7c-3d3c-4c10-8f2d-d61355484a92	गधा पहलवान	gurukul	Other / Misc	Hindi	[Genre: Viral Funk, Hindi Dance Pop, Ghetto Funk, Bollywood Bass, TikTok Ready,	true	34
labels	other-misc	Other / Misc	510031ab-3950-43ea-bcb9-b2e19ede7eb2	करुणा-शस्त्र विधान	gurukul	Other / Misc	Hindi	Zen-Drill x Afro-Phonk. 110 BPM. Soundscape: शुरुआत एक बहुत ही शांत 'Tibetan Bow	true	37
labels	other-misc	Other / Misc	80022ecf-60fd-434c-9110-3782fd30a128	P.H.K.D. Shatter	gurukul	Other / Misc	English	Industrial Afro-Drill with a "Boss-Level" Cinematic Intro. 110 BPM. Vibe: Defian	true	37
labels	other-misc	Other / Misc	2a18d142-6534-4a1d-a2da-00703e7e9621	अंखिया मूँद	gurukul	Other / Misc	Hindi	Style/Genre: Afro-house meets Sexy Drill meets Indian Bhajan, 110 BPM, heavy log	true	41
labels	other-misc	Other / Misc	cc885ad5-533d-4658-97f5-c6ba2a9a87cc	अंखिया मूँद	gurukul	Other / Misc	Hindi	Style/Genre: Afro-house meets Sexy Drill meets Indian Bhajan, 110 BPM, heavy log	true	41
labels	other-misc	Other / Misc	e1953d58-6e85-4b69-9fa0-b2a991ba6816	अंखिया मूँद	gurukul	Other / Misc	Hindi	Style/Genre: Afro-house meets Sexy Drill meets Indian Bhajan, 110 BPM, heavy log	true	41
labels	other-misc	Other / Misc	e512512c-6e61-42ce-8ccc-8fd96d37f200	Sahair Real Deal	gurukul	Other / Misc	English	[style: Indian folk bhajan meets West Coast G-Funk hip-hop, slow tempo, harmoniu	true	10
labels	other-misc	Other / Misc	5a96815a-5320-4ebb-83ad-5088f4d5119f	कुचली पुचली लोरी	gurukul	Other / Misc	Hindi	Lullaby, Indian Folk, Soft Female or Male Vocals, Harmonium, Gentle Tabla, Bansu	true	20
labels	other-misc	Other / Misc	57e5c812-cb4c-4121-8851-0bb1adf03ea3	बंद आँखों का प्रत्यक्ष	gurukul	Other / Misc	Hindi	गीत का शीर्षक: बंद आँखों का प्रत्यक्ष [style: Indian folk, bhajan, slow-medium	true	27
labels	other-misc	Other / Misc	f3e731fd-6f31-461c-a2a6-3b473777fab5	कुचली पुचली लोरी	gurukul	Other / Misc	Hindi	Lullaby, Indian Folk, Soft Female or Male Vocals, Harmonium, Gentle Tabla, Bansu	true	20
labels	other-misc	Other / Misc	35f7f955-01dd-4c65-bbbd-ba0e87bf0900	कुचली पुचली सो जा	gurukul	Other / Misc	Hindi	Lullaby, Indian Folk, Soft Female or Male Vocals, Harmonium, Gentle Tabla, Bansu	true	20
labels	other-misc	Other / Misc	a3921a5e-3468-4352-82c7-464bbbbdee6f	कुचली-पुचली लाला	gurukul	Other / Misc	Hindi	Sufi, Indian Folk, Acoustic Lullaby, Soft Male Vocals, Harmonium, Tabla, Sitar,	true	40
labels	other-misc	Other / Misc	3118ddf7-ffd5-4762-a8c4-74a78371a3e4	कुचली पुचली लाला	gurukul	Other / Misc	Hindi	[Style: Sufi, Acoustic Lullaby, Indian Folk, Soft Male Vocals, Harmonium, Tabla,	true	37
labels	other-misc	Other / Misc	7024a723-80fe-4ead-8ec4-4372a3bb4e7b	पत्थर बुत	gurukul	Other / Misc	Hindi	NULL	true	35
labels	other-misc	Other / Misc	c0070cfc-f61e-4c18-9854-d401c1d1ccc9	लम्स-ए-हवा रोया	gurukul	Other / Misc	Hindi	Haunting Female Vocals, Soprano textures, Cinematic Urdu Drill, 140 BPM, Melodic	true	28
labels	other-misc	Other / Misc	18f8e3e2-f827-4ebf-8bd3-61acd858385d	سर्द جھونکے سایہ	gurukul	Other / Misc	Hindi	Dark Cinematic Urdu Drill, Emotional Atmospheric Intro, 140 BPM, Heavy Sliding 8	true	28
labels	other-misc	Other / Misc	1e4e9b8a-2308-4cca-aa41-81c3c0d6b743	سर्द جھونکے سایہ	gurukul	Other / Misc	Hindi	Dark Cinematic Urdu Drill, Emotional Atmospheric Intro, 140 BPM, Heavy Sliding 8	true	28
labels	other-misc	Other / Misc	68117724-c78f-4788-b723-577b30f31f69	लम्स-ए-हवा साया	gurukul	Other / Misc	Hindi	Cinematic Hip-Hop, Dark Drill, 140 BPM, Deep Sub-bass, Atmospheric Wind SFX Intr	true	19
labels	other-misc	Other / Misc	4b0c2c01-f4bd-4229-85d2-c39b1e719b8a	झोंका हवा	gurukul	Other / Misc	Hindi	Cinematic Hip-Hop, Dark Drill, 140 BPM, Deep Sub-bass, Atmospheric Wind SFX Intr	true	17
labels	other-misc	Other / Misc	d2d8b4cd-bbfb-47c4-a65f-d009691f616a	झोंका हवा	gurukul	Other / Misc	Hindi	Cinematic Hip-Hop, Dark Drill, 140 BPM, Deep Sub-bass, Atmospheric Wind SFX Intr	true	17
labels	other-misc	Other / Misc	55c3b42c-b321-4d8e-982f-b33f33fd17a4	झोंका सच	gurukul	Other / Misc	Hindi	Cinematic Hip-Hop, Dark Drill, 140 BPM, Deep Sub-bass, Atmospheric Wind SFX Intr	true	17
labels	other-misc	Other / Misc	4d6f705f-a026-4060-a32f-77594f87a633	Log Kahte Hain	gurukul	Other / Misc	English	Meditative Sufi Qawwali, 432Hz deep drone, Cinematic Ambient, Ethereal Armenian	true	48
labels	other-misc	Other / Misc	2571d6ce-4581-46f0-979a-ad146a326d31	Chirag-Hawa Saza	gurukul	Other / Misc	English	[Style: Sufi Qawwali, Male vocal solo and ensemble, No instruments, Only human v	true	78
labels	other-misc	Other / Misc	e34d5702-04b2-4e44-8ee0-ba8fa513b3f9	Khaki Naata	gurukul	Other / Misc	English	[Style: Sufi Qawwali, Male vocal solo and ensemble, No instruments, Only human v	true	78
labels	other-misc	Other / Misc	eb83681b-2fdb-4f0f-b17b-e4d834c5e311	تدبیرِ خاک	gurukul	Other / Misc	Hindi	[Style: Sufi Qawwali, Male vocal solo and ensemble, No instruments, Only human v	true	79
labels	other-misc	Other / Misc	6cd28c91-198a-4d8b-bad2-26ebd34288a2	Khaksar Diya	gurukul	Other / Misc	English	[Style: Sufi Qawwali, Male vocal solo and ensemble, No instruments, Only human v	true	136
labels	other-misc	Other / Misc	5156c5cc-0a46-4b76-bdcd-a344c362d213	आग बराबर दोनों की पर एक बहुत शरमाए	gurukul	Other / Misc	Hindi	Other / Misc	true	38
labels	other-misc	Other / Misc	d6804818-7296-4af6-8e5e-d58ed14b5587	मुंह-खून खांचा	gurukul	Other / Misc	Hindi	NULL	true	38
labels	other-misc	Other / Misc	7fb4da9f-98db-4b16-a0e8-40fccfa0e245	Money-Drags Us	gurukul	Other / Misc	English	Bilingual indie ballad in E minor, 68 BPM. 432 Hz tanpura drone throughout (121.	true	46
labels	other-misc	Other / Misc	27c452cf-2f79-4805-9f19-a6ba4be5ef89	“सैलाब हार्मोन्स”	gurukul	Other / Misc	Hindi	Bilingual indie ballad in E minor, 68 BPM. Intimate, healing, unresolved. Intro:	true	6
labels	other-misc	Other / Misc	60d9371d-c871-4f23-952d-2248fc838d54	हर बार की कहानी	gurukul	Other / Misc	Hindi	FULL PROMPT – DO NOT EDIT  Title: Same Story / हर बार की कहानी  Genre: Bilingual	true	42
labels	other-misc	Other / Misc	c8df8309-2e96-4199-ad2e-32c87be3002e	“सैलाब हार्मोन्स”	gurukul	Other / Misc	Hindi	Bilingual indie ballad in E minor, 68 BPM. Intimate, healing, unresolved. Intro:	true	6
labels	other-misc	Other / Misc	6891158c-b10e-4ec4-9cb0-454f0c1bd1f6	सैलाब हार्मोन्स	gurukul	Other / Misc	Hindi	Bilingual indie ballad in E minor, 68 BPM. Intimate, healing, unresolved. Intro:	true	6
labels	other-misc	Other / Misc	a4bf888b-805c-406a-bdc5-cdf12d97c225	परमाणु रद्दी	gurukul	Other / Misc	Hindi	NULL	true	24
labels	other-misc	Other / Misc	f6c100fa-e5b7-4b9a-97b5-4ce34def6953	शून्य की डोरी अदालत	gurukul	Other / Misc	Hindi	NULL	true	24
labels	other-misc	Other / Misc	ff2b259f-36d3-441b-ad10-8e1669c878d3	काला कोट	gurukul	Other / Misc	Hindi	NULL	true	90
labels	other-misc	Other / Misc	aabfe9a1-a902-4348-9d22-19d7aa99fda5	दो घड़े टूटा	gurukul	Other / Misc	Hindi	Sufi Qawwali, Nirguni Bhajan, Raga Todi, Harmonium, Tabla Keherva, Male Passiona	true	34
labels	other-misc	Other / Misc	bdf3c9a0-9989-4f8e-bca8-bb66f06bc9d7	Ek Ghade	gurukul	Other / Misc	English	Qawwali, traditional Pakistani/Indian Sufi devotional music, slow to fast build	true	41
labels	other-misc	Other / Misc	1d7debbc-1158-44de-a83a-eb493f33f9e5	Baabaa bole – mat ro re deewaane	gurukul	Other / Misc	English	Other / Misc	true	16
labels	other-misc	Other / Misc	dae97a92-4622-481b-aa4f-6ba251fa0cfe	गुफा-ढोल धड़कन	gurukul	Other / Misc	Hindi	NULL	true	44
labels	other-misc	Other / Misc	827207b7-54fc-42ba-925e-43760527026f	शक्ति जाग री	gurukul	Other / Misc	Hindi	Other / Misc	true	44
labels	other-misc	Other / Misc	515aac2c-c52d-4c0d-baa0-080f2902d9d3	main daudta raha	gurukul	Other / Misc	English	Other / Misc	true	24
labels	other-misc	Other / Misc	8c4f4c73-6541-40f0-bead-2812bbb715e4	Dada Tak	gurukul	Other / Misc	English	NULL	true	24
labels	other-misc	Other / Misc	3b0a1cea-2d31-4c18-97af-6bf498f3ca3c	Om Shanti Digita	gurukul	Other / Misc	English	NULL	true	5
labels	other-misc	Other / Misc	80646dc1-cf8b-4341-9f99-2944928e2ac5	Future-Past Clearance	gurukul	Other / Misc	English	NULL	true	4
labels	other-misc	Other / Misc	2237b80c-30f9-4391-aa68-2921ab6116ab	Frequency of Future-Past	gurukul	Other / Misc	English	NULL	true	4
labels	other-misc	Other / Misc	f5b153c7-06ea-4ec2-9553-41c64e7105b4	Raga Yaman	gurukul	Other / Misc	English	warm analog saturation, plate reverb on vocals, close-mic vocal position, tabla	true	53
labels	other-misc	Other / Misc	834f3ae2-e513-4ffc-8431-1d842ab13e3e	(untitled)	gurukul	Other / Misc	English	NULL	true	57
labels	other-misc	Other / Misc	d9c620a9-bac1-48e7-ab58-17bf6968d47a	(untitled)	gurukul	Other / Misc	English	गीत का शीर्षक: धूमिल अक्स शैली: कॉन्शियस हिप-हॉप (Conscious Hip-Hop) बीट: भारी 8	true	25
labels	other-misc	Other / Misc	028206e0-2473-4078-8ef9-eb731d376d7e	(untitled)	gurukul	Other / Misc	English	soul devotional with live folk	true	40
labels	other-misc	Other / Misc	bec3e96c-fe0e-4577-a229-e39d1d8af390	(untitled)	gurukul	Other / Misc	English	NULL	true	55
labels	other-misc	Other / Misc	400320f5-5add-4c1b-ab1d-a32f4e351b71	(untitled)	gurukul	Other / Misc	English	॥ लोक-संगीत का 'बंडल' विश्लेषण ॥शैली (Folk Style)मुख्य तत्व (Element)प्रभाव (Eff	true	26
labels	other-misc	Other / Misc	b1dc4291-5dbc-4d58-8b74-4b5021142672	(untitled)	gurukul	Other / Misc	English	॥ लोक-संगीत का 'बंडल' विश्लेषण ॥शैली (Folk Style)मुख्य तत्व (Element)प्रभाव (Eff	true	26
labels	other-misc	Other / Misc	0cf02bcf-c380-42a6-baba-564f159d1717	(untitled)	gurukul	Other / Misc	English	॥ स्वर्भानु: AI म्यूजिक प्रोम्प्ट्स (The Coding Guide) ॥ १. महा-एन्थम प्रोम्प्ट	true	43
labels	other-misc	Other / Misc	dac78322-f9d7-4d52-a059-a227443c746c	(untitled)	gurukul	Other / Misc	English	स्थायी (Chorus): "शक्ति जाग री" — यह चेतना के सामूहिक उत्थान का आह्वान है।  लय (	true	43
labels	other-misc	Other / Misc	41cbd44d-470c-442b-9747-3da9f5052256	(untitled)	gurukul	Other / Misc	English	स्थायी (Chorus): "शक्ति जाग री" — यह चेतना के सामूहिक उत्थान का आह्वान है।  लय (	true	43
labels	other-misc	Other / Misc	982a1594-b969-4c2d-9966-d617a47e4e2d	(untitled)	gurukul	Other / Misc	English	[Title: Shakti Jaag Ri – Manushya Chetna Jagriti]  [Style: Indian devotional, Ve	true	31
labels	other-misc	Other / Misc	6ae75b0d-c1cc-4641-b483-6b48a9747ac1	(untitled)	gurukul	Other / Misc	English	[Title: Shakti Jaag Ri – Manushya Chetna Jagriti]  [Style: Indian devotional, Ve	true	31
labels	other-misc	Other / Misc	c9e3d20d-1c8f-4301-8f48-b90bcad4dbbf	(untitled)	gurukul	Other / Misc	English	"solo phakkad and whistle only no equipments"	true	39
labels	other-misc	Other / Misc	52951995-1c96-40b6-ab48-93b43e9bd488	(untitled)	gurukul	Other / Misc	English	"solo phakkad and whistle only no equipments"	true	39
labels	other-misc	Other / Misc	4c9c262d-a876-4406-8e42-79d64f585366	WhatsApp Image 2025-06-17 at 20.41.57	gurukul	Other / Misc	English	A dark and atmospheric Hindi indie-folk track with a haunting, cinematic quality	true	26
labels	other-misc	Other / Misc	37323280-425b-4fde-b2c9-385619da2dce	(untitled)	gurukul	Other / Misc	English	NULL	true	55
labels	other-misc	Other / Misc	631a4c65-636f-4b24-aeea-1d3c99c8f664	(untitled)	gurukul	Other / Misc	English	NULL	true	55
labels	other-misc	Other / Misc	d040faac-7e44-42a5-b776-ba7a276966fc	(untitled)	gurukul	Other / Misc	English	NULL	true	11
labels	other-misc	Other / Misc	31752ecb-d9f6-4d7f-8582-96ad901c2bff	(untitled)	gurukul	Other / Misc	English	"A haunting and minimalist 'Phakkad' soundscape. The core rhythm is a deep, reso	true	22
labels	other-misc	Other / Misc	42c55ab5-6656-4c72-bcae-0560c1afdacf	(untitled)	gurukul	Other / Misc	English	"Grand Republic Day Brass Band, Heavy Snare Drum Rolls, Triumphant Trumpets, Orc	true	24
labels	other-misc	Other / Misc	ef8c9b76-6af4-46b3-9c34-f9f7408dba40	(untitled)	gurukul	Other / Misc	English	dada potaa poti  gang fun.. use kids voices of various ages.. cute catchy..	true	53
labels	other-misc	Other / Misc	c01a92ed-1135-4bc5-b9f6-7ec8eaeef43c	(untitled)	gurukul	Other / Misc	English	🎬 🎭 FULL STAGE SETUP (LIVE PERFORMANCE) 🌌 Stage Zones Left (🔥 DWAIT ZONE): Orang	true	168
labels	other-misc	Other / Misc	2705713e-7211-41ce-8805-62d72c7038f2	(untitled)	gurukul	Other / Misc	English	🎤 QUANTUM ANTHEM (HUMAN SOUND VERSION)	true	130
labels	other-misc	Other / Misc	71c2f8e7-6626-4dc8-b873-971485c0725f	(untitled)	gurukul	Other / Misc	English	🎤 QUANTUM ANTHEM (HUMAN SOUND VERSION) (90 BPM | Body Percussion + Breath + Voic	true	88
labels	other-misc	Other / Misc	d6015bf7-056c-43bb-b3a7-c42012ac30b6	(untitled)	gurukul	Other / Misc	English	Binaural cinematic spoken word, dual voices (female energetic left, male calm ri	true	60
labels	other-misc	Other / Misc	9b85885b-774d-4b2d-babf-e39fea6294e0	🎤 “वक़्त के घोड़े” — जागरण काव्य	gurukul	Other / Misc	Hindi	Other / Misc	true	43
labels	other-misc	Other / Misc	1802409c-450b-4fa0-82bb-9ae1c98c6f58	(untitled)	gurukul	Other / Misc	English	NULL	true	43
labels	other-misc	Other / Misc	31a89117-5333-4f09-96f9-da776986d02d	(untitled)	gurukul	Other / Misc	English	NULL	true	36
labels	other-misc	Other / Misc	92c993d5-8cd1-48c2-a8fb-5c04053f9dcd	O.I.riginal.nteligence	gurukul	Other / Misc	English	[Add metallic bell sounds rhythmic] Use strong percussion (dhol + war drums) Fem	true	65
labels	other-misc	Other / Misc	b7260b36-705a-493e-ab43-4cf6d9ba9bb9	O.I.riginal.nteligence	gurukul	Other / Misc	English	NULL	true	47
labels	other-misc	Other / Misc	877a4cae-7aaa-4d7a-b037-021fcc544fb5	O.I.riginal.nteligence	gurukul	Other / Misc	English	NULL	true	92
labels	other-misc	Other / Misc	9b907c3a-8874-4c5a-93bb-ba08f8477cdc	neural jogi	gurukul	Other / Misc	English	maataa gangaur aashirwaad	true	100
labels	other-misc	Other / Misc	cf3dbe9b-e2f2-4b21-bd5b-4332afa2a38e	neural jogi	gurukul	Other / Misc	English	ancient instruments.. folk raw celebrations.. ancient sounds of joy	true	48
labels	other-misc	Other / Misc	95afba01-5a36-42ca-8dcc-2506b2523fe4	neural jogi	gurukul	Other / Misc	English	[Style: Rajasthani Folk, Mand, Village Women Chorus, Festive, Simple]  [Tempo: 9	true	22
labels	other-misc	Other / Misc	9d65a1fd-2546-4c3c-817e-49c52a5ebb0b	neural jogi	gurukul	Other / Misc	English	[Style: Rajasthani Folk, Mand, Village Women Chorus, Festive, Simple]  [Tempo: 9	true	21
labels	other-misc	Other / Misc	7789d061-f161-4e4d-ad2d-4bf0d70bd861	neural jogi	gurukul	Other / Misc	English	[Style: Indian Folk + Rajasthani Mand + Tribal + Ambient + Devotional + Cinemati	true	30
labels	other-misc	Other / Misc	68b7f05f-0d8c-4740-b17b-f2e679aacd98	neural jogi	gurukul	Other / Misc	English	[Style: Indian Folk + Rajasthani Mand + Tribal + Ambient + Devotional + Cinemati	true	18
labels	other-misc	Other / Misc	056a8cec-f924-4fbe-be2e-5a026a8477a1	(untitled)	gurukul	Other / Misc	English	NULL	true	70
labels	other-misc	Other / Misc	2ca29e2e-9207-45f0-9d88-9c0793d7393b	(untitled)	gurukul	Other / Misc	English	NULL	true	66
labels	other-misc	Other / Misc	83d40aab-8c12-48c7-8a5f-316e377ae254	ल्या.. दे	gurukul	Other / Misc	Hindi	Other / Misc	true	66
labels	other-misc	Other / Misc	f3a9813d-753a-4dc8-80c0-1761b6138f1b	(untitled)	gurukul	Other / Misc	English	folk dravidian authenticity	true	27
labels	other-misc	Other / Misc	e4415236-01a9-49bb-a68a-359e7f67f091	(untitled)	gurukul	Other / Misc	English	NULL	true	38
labels	other-misc	Other / Misc	7895a9b2-a1dc-4fee-8ac4-44a096b2c6a8	(untitled)	gurukul	Other / Misc	English	NULL	true	38
labels	other-misc	Other / Misc	1712384b-9b51-4094-b444-b464a3aa0e27	(untitled)	gurukul	Other / Misc	English	NULL	true	40
labels	other-misc	Other / Misc	527b35cd-7313-4af7-82d2-007ce8ac75a1	हे माँ शैलपुत्री	gurukul	Other / Misc	Hindi	Other / Misc	true	40
labels	other-misc	Other / Misc	51869413-dafe-45f6-b76f-583c3b8e1991	(untitled)	gurukul	Other / Misc	English	NULL	true	79
labels	other-misc	Other / Misc	64a8bb69-c68d-48dc-88bf-9bcf53a35229	हाय हाय हाय… हाय लुगाई	gurukul	Other / Misc	Hindi	Other / Misc	true	79
labels	other-misc	Other / Misc	4c162f53-2f79-4fed-b3c9-93841a1755f3	(untitled)	gurukul	Other / Misc	English	NULL	true	223
labels	other-misc	Other / Misc	15044912-afce-435c-a55e-9158b065f46a	(untitled)	gurukul	Other / Misc	English	NULL	true	224
labels	other-misc	Other / Misc	830aef5d-267b-442b-800e-9335aa9c8cd4	Naaraayana Uunh	gurukul	Other / Misc	English	Hip।hop superstar nagin।। 1000 snake charmers.. 1000 pungi.. 1 soulfull pungi br	true	41
labels	other-misc	Other / Misc	011fd342-d778-41bf-9986-f10d95e00637	Naaraayana Uunh	gurukul	Other / Misc	English	Hip।hop superstar nagin।। 1000 snake charmers.. 1000 pungi.. 1 soulfull pungi br	true	41
labels	other-misc	Other / Misc	103c9db6-e1ee-45f8-815d-0a7612a6ea10	Naaraayana Uunh	gurukul	Other / Misc	English	NULL	true	43
labels	other-misc	Other / Misc	ee9c206f-9027-4024-8cfb-42506142c9a2	(untitled)	gurukul	Other / Misc	English	rajisthaani group of snake charmers with been controlling karna pishaachini. neu	true	40
labels	other-misc	Other / Misc	d42a34a6-86f1-42c4-8ee3-d94d850cc73b	Naaraayana Uunh	gurukul	Other / Misc	English	सुपर फंकी फुल नौटंकी	true	9
labels	other-misc	Other / Misc	e39d4168-ab51-4b9d-a5c3-abccf188281c	Naaraayana Uunh	gurukul	Other / Misc	English	सुपर फंकी	true	9
labels	other-misc	Other / Misc	5e5689c5-b3b9-48fb-ac29-11a1a7304d5d	Naaraayana Uunh	gurukul	Other / Misc	English	सुपर फंकी	true	9
labels	other-misc	Other / Misc	e7732295-f853-4506-ac1f-9ba75d645982	(untitled)	gurukul	Other / Misc	English	NULL	true	13
labels	other-misc	Other / Misc	2ae593af-d471-49fe-802c-a910664b5b29	दृश्य: महामात्य का 'विराट' क्रोध	gurukul	Other / Misc	Hindi	Other / Misc	true	13
labels	other-misc	Other / Misc	4012494c-6d32-4fac-8a87-2e82ebfe57d0	दृश्य: महामात्य का 'विराट' क्रोध	gurukul	Other / Misc	Hindi	Other / Misc	true	13
labels	other-misc	Other / Misc	1b94e28b-5e0d-4d10-9519-57a4a340dea5	(untitled)	gurukul	Other / Misc	English	NULL	true	13
labels	other-misc	Other / Misc	519cfa96-09e0-43be-b008-6631b9302357	Naaraayana Uunh	gurukul	Other / Misc	English	NULL	true	38
labels	other-misc	Other / Misc	b394760e-a22a-4ddf-ae84-669d76820b25	Naaraayana Uunh	gurukul	Other / Misc	English	NULL	true	38
labels	other-misc	Other / Misc	9b025b3c-78a3-487c-8d1f-7af1bb72fa2b	(untitled)	gurukul	Other / Misc	English	a war cry of a child to bhaarat maa tera Pop, Indie Pop men tera naketa shaitaan	true	106
labels	other-misc	Other / Misc	1300d386-6424-4a89-b7ca-77780a29db42	(untitled)	gurukul	Other / Misc	English	neural	true	96
labels	other-misc	Other / Misc	4c78ef45-06b9-4c43-a575-3ffb6e0fa7b7	(untitled)	gurukul	Other / Misc	English	neural	true	96
labels	other-misc	Other / Misc	7cd38250-4106-4fb8-8a4f-bbc7df32238e	(untitled)	gurukul	Other / Misc	English	start with hyperfun funk hiphop adwait and bhairav on bike maya and Pop, Latin P	true	76
labels	other-misc	Other / Misc	f850c20c-670d-4871-bd1a-6f0652c7700a	(untitled)	gurukul	Other / Misc	English	start with hyperfun funk hiphop adwait and bhairav on bike maya and Pop, Latin P	true	34
labels	other-misc	Other / Misc	347d4a25-0d54-445c-982e-c1c6c1c7e091	(untitled)	gurukul	Other / Misc	English	start with hyperfun funk hiphop adwait and bhairav on bike maya and Pop, Latin P	true	37
labels	other-misc	Other / Misc	143f3ee1-541a-4c92-8ae8-84b53e7b66d9	(untitled)	gurukul	Other / Misc	English	सुरीले भैरव कुकुर्  के रूप में लाली कुतिया रूप में सुपर फंकी। Neuro-Tantra Folk	true	35
labels	other-misc	Other / Misc	d1df8eeb-036c-4d6b-b998-dc9ebc94f23e	(untitled)	gurukul	Other / Misc	English	सुरीले भैरव कुकुर्  के रूप में लाली कुतिया रूप में सुपर फंकी। Neuro-Tantra Folk	true	35
labels	other-misc	Other / Misc	558e63bc-7079-4a66-ac9e-a5dd188afd14	(untitled)	gurukul	Other / Misc	English	aghories sitting with german sages... adwait sitting sings his heart out in ange	true	45
labels	other-misc	Other / Misc	b2771eb5-3689-4318-82e1-aebe591bb103	(untitled)	gurukul	Other / Misc	English	aghories sitting with german sages... adwait sitting sings his heart out in ange	true	45
labels	other-misc	Other / Misc	edddf045-01a6-446c-bff3-49e2fc953d69	(untitled)	gurukul	Other / Misc	English	aghories sitting with german sages... adwait sitting sings his heart out in ange	true	45
labels	other-misc	Other / Misc	a9945093-a511-431f-a149-6978e172135c	(untitled)	gurukul	Other / Misc	English	अद्वैत अद्वैत द्वैत द वैत त   द्वैतत तत तत तत तट  त्री कट ट्री कट कट  त्रिकट रिक	true	41
labels	other-misc	Other / Misc	6afe4ba5-a95a-437f-8ba4-09ea1e0d7589	(untitled)	gurukul	Other / Misc	English	aghories sitting with german sages... adwait sitting sings his heart out in ange	true	41
labels	other-misc	Other / Misc	16e6f905-49c1-42d2-ad44-46130e1b7dda	(untitled)	gurukul	Other / Misc	English	अद्वैत अद्वैत द्वैत द वैत त   द्वैतत तत तत तत तट  त्री कट ट्री कट कट  त्रिकट रिक	true	41
labels	other-misc	Other / Misc	8296abb7-b694-4517-b505-74a1482acc86	(untitled)	gurukul	Other / Misc	English	अद्वैत अद्वैत द्वैत द वैत त  द्वैतत तत तत तत तट त्री कट ट्री कट कट त्रिकट रिकट र	true	36
labels	other-misc	Other / Misc	9a3c2b4d-d452-4c45-80d4-2d277e37d1eb	(untitled)	gurukul	Other / Misc	English	डीजे सुपर फंकी. fun   ,,,	true	27
labels	other-misc	Other / Misc	370a4d03-deca-434e-9414-305c4a1a849f	(untitled)	gurukul	Other / Misc	English	NULL	true	24
labels	other-misc	Other / Misc	da8bd16a-76ab-4e2f-a35e-fb138515ce39	(untitled)	gurukul	Other / Misc	English	Experimental Avant-Garde Soundscape meets Indian Nautanki Street Theater. NO MUS	true	31
labels	other-misc	Other / Misc	043fd8db-51e3-4bcf-a025-7c0e9e70d65e	(untitled)	gurukul	Other / Misc	English	NULL	true	24
labels	other-misc	Other / Misc	e5a682c7-62e9-401e-94ce-af4dff412f71	(untitled)	gurukul	Other / Misc	English	Funky folk duet with earthy groove and sensual playful chemistry between lovers	true	26
labels	other-misc	Other / Misc	eec95412-60c5-41d3-b2f8-59313a044060	(untitled)	gurukul	Other / Misc	English	Funky folk duet with earthy groove and sensual playful chemistry between lovers	true	26
labels	other-misc	Other / Misc	eb079cd7-e435-40eb-bee2-b82846008f09	(untitled)	gurukul	Other / Misc	English	Funky folk duet with earthy groove and sensual playful chemistry between lovers	true	26
labels	other-misc	Other / Misc	cf734c04-3a7d-47f5-8575-3545ca0152db	(untitled)	gurukul	Other / Misc	English	Funky folk duet with earthy groove and sensual playful chemistry between lovers	true	26
labels	other-misc	Other / Misc	c0ed3b71-8057-44e9-bbc9-7edbeb1cb247	(untitled)	gurukul	Other / Misc	English	Funky folk duet with earthy groove and sensual playful chemistry between lovers	true	26
labels	other-misc	Other / Misc	ee903ee8-bc90-4636-b704-94eaad28c4e6	(untitled)	gurukul	Other / Misc	English	Funky folk duet with earthy groove and sensual playful chemistry between lovers	true	26
labels	other-misc	Other / Misc	2f1b59d6-e3e2-4a2e-b7da-8ef193729bb8	काम की कामना पुण्य	gurukul	Other / Misc	Hindi	Other / Misc	true	26
labels	other-misc	Other / Misc	a55e5fb9-1715-4647-ba0a-9cc10d0cdead	(untitled)	gurukul	Other / Misc	English	lets create environment as a village where a husband is singing to his wife. hip	true	27
labels	other-misc	Other / Misc	709d0eb7-9410-4ef3-ab3f-b36462a15a6c	(untitled)	gurukul	Other / Misc	English	lets create environment as a village where a husband is singing to his wife. hip	true	27
labels	other-misc	Other / Misc	73522d09-58c9-4824-b255-989b4bafebf0	(untitled)	gurukul	Other / Misc	English	गाँव की सुपर मस्ती	true	28
labels	other-misc	Other / Misc	c5e03997-b771-4c5b-97fc-4f4a0f24b5de	ये काम बड़े ही काम का है	gurukul	Other / Misc	Hindi	Other / Misc	true	28
labels	other-misc	Other / Misc	271aa98c-9ee3-4765-a2f6-cffd21ec6eb5	(untitled)	gurukul	Other / Misc	English	NULL	true	28
labels	other-misc	Other / Misc	3266e243-6415-49ae-bae9-55af0a248874	(untitled)	gurukul	Other / Misc	English	गाँव की सुपर मस्ती	true	28
labels	other-misc	Other / Misc	7e5a3f73-64be-400c-bb83-e8e555d1f02c	(untitled)	gurukul	Other / Misc	English	create a cinematic bollywoodstyle patriotic anthem sung from the perspective of	true	62
labels	other-misc	Other / Misc	46605d07-d37f-48d9-bd6d-18f37e1a89ec	(untitled)	gurukul	Other / Misc	English	create a cinematic bollywoodstyle patriotic song from the perspective of a proud	true	62
labels	other-misc	Other / Misc	81dde6a6-2dbd-41a8-b10a-bac06e8fad06	(untitled)	gurukul	Other / Misc	English	create a bollywood patriotic blockbuster song about a brave indian soldier and a	true	46
labels	other-misc	Other / Misc	8ea9fe01-f585-4b67-a33d-2d2079ccada8	(untitled)	gurukul	Other / Misc	English	create a cinematic bollywoodstyle patriotic song from the perspective of a proud	true	62
labels	other-misc	Other / Misc	96bb25a9-9e39-4fe7-bff4-b8f18787b31e	(untitled)	gurukul	Other / Misc	English	create a bollywood patriotic blockbuster song about a brave indian soldier and a	true	70
labels	other-misc	Other / Misc	5c4baafd-66b3-4cf6-9215-1f0f94ab8a58	(untitled)	gurukul	Other / Misc	English	Epic Indian patriotic cinematic war anthem about a brave soldier and a mother’s	true	48
labels	other-misc	Other / Misc	73bf25b9-85ef-4617-b2e5-a0e356092784	(untitled)	gurukul	Other / Misc	English	Epic Indian patriotic cinematic war anthem about a brave soldier and a mother’s	true	37
labels	other-misc	Other / Misc	e3fd30cb-9358-4914-9195-11c40c5b76b7	(untitled)	gurukul	Other / Misc	English	Epic Indian patriotic cinematic war anthem about a brave soldier and a mother’s	true	37
labels	other-misc	Other / Misc	547974ac-4935-4d3a-bec3-2e19bd96ed49	(untitled)	gurukul	Other / Misc	English	"A cinematic, emotional scene in a rustic Indian village. A brave mother with a	true	38
labels	other-misc	Other / Misc	1a7174d9-5a96-48f4-8450-a514eb467683	(untitled)	gurukul	Other / Misc	English	ye ek maa ke shbd hai bhai shab apne bete ke liye jiska beta balidan hua hai des	true	37
labels	other-misc	Other / Misc	d179411b-b485-440d-ac8b-79a778b6b189	(untitled)	gurukul	Other / Misc	English	Epic Earth Mother Anthem.  Style: Indian folk + cinematic orchestral + stadium c	true	41
labels	other-misc	Other / Misc	5202d72f-acdb-4e56-81e2-0cc1456d59d7	लौट के आ रे श्याम सलोना	gurukul	Other / Misc	Hindi	Other / Misc	true	41
labels	other-misc	Other / Misc	8782ebf1-5a4b-45ff-9243-bef558d424fc	(untitled)	gurukul	Other / Misc	English	Indian spiritual hip hop anthem, boom bap drums with dhol and khartal, sitar mel	true	84
labels	other-misc	Other / Misc	08672d19-c215-4ff6-ac7c-8273ca45eab0	(untitled)	gurukul	Other / Misc	English	मुखड़ा हर अंतरे के बाद दोहराओ  भीड़ से बुलवाओ: “दुनिया में ते खो देगा तन्ने…”  न	true	55
labels	other-misc	Other / Misc	94daf0e0-f8b0-4025-b269-39a4f5b63bdc	(untitled)	gurukul	Other / Misc	English	वाद्य:  ढोलक – मुख्य ताल  नगाड़ा – मुखड़े पर जोर  सारंगी – भावपूर्ण हिस्से  बीन	true	83
labels	other-misc	Other / Misc	afb6c7b0-fbfc-4889-9c1c-361c8bba3ed4	(untitled)	gurukul	Other / Misc	English	हैवी base male। १ मिनट	true	7
labels	other-misc	Other / Misc	348fc72d-5a8b-4126-9498-c2f6cafc4a0e	॥ हेमंत अंतर्मन संवाद: आधिकारिक टीज़र स्क्रिप्ट	gurukul	Other / Misc	Hindi	Other / Misc	true	7
labels	other-misc	Other / Misc	22166f36-f1c8-4ca9-9452-f76ee29ff8c9	(untitled)	gurukul	Other / Misc	English	voice  ओवर	true	7
labels	other-misc	Other / Misc	92631fc4-6b9e-4dd2-9cd4-83870b8d3d71	(untitled)	gurukul	Other / Misc	English	NULL	true	7
labels	other-misc	Other / Misc	e2588540-4aee-4cff-a2d9-023f8e4c0e98	(untitled)	gurukul	Other / Misc	English	NULL	true	7
labels	other-misc	Other / Misc	bfac316f-83ab-44b3-8c61-080c6de6c036	॥ हेमंत अंतर्मन संवाद: आधिकारिक टीज़र स्क्रिप्ट	gurukul	Other / Misc	Hindi	Other / Misc	true	7
labels	other-misc	Other / Misc	30bf75e7-10f6-4308-b4ee-87d52c599e1a	(untitled)	gurukul	Other / Misc	English	NULL	true	54
labels	other-misc	Other / Misc	1f500bc8-f5ba-4d2c-8156-b182c9b0b46b	(untitled)	gurukul	Other / Misc	English	Style: Egyptian lullaby + cinematic awakening anthem + Sufi-orchestral folk Mood	true	98
labels	other-misc	Other / Misc	7960d8d5-9742-4fb2-9329-3efae9f39d73	(untitled)	gurukul	Other / Misc	English	Style: Egyptian lullaby + cinematic awakening anthem + Sufi-orchestral folk Mood	true	92
labels	other-misc	Other / Misc	92279913-e9a8-4341-a4cc-19bd11b142ec	(untitled)	gurukul	Other / Misc	English	Style: French folk + Enlightenment anthem + divine call  Instrumentation: French	true	61
labels	other-misc	Other / Misc	5d4e5f42-752b-4d9c-b766-2969cd7ad903	(untitled)	gurukul	Other / Misc	English	Style: French folk + Enlightenment anthem + divine call  Instrumentation: French	true	66
labels	other-misc	Other / Misc	67c23492-7a85-457e-a73a-8686f0dd0aec	(untitled)	gurukul	Other / Misc	English	छोटे rhythmic lines  बार-बार action hooks  बच्चों का choir response  clear moral	true	10
labels	other-misc	Other / Misc	12c44280-e16c-405e-92e1-fb9989b71037	(untitled)	gurukul	Other / Misc	English	छोटे rhythmic lines  बार-बार action hooks  बच्चों का choir response  clear moral	true	52
labels	other-misc	Other / Misc	474b5afb-1073-42d4-a1b5-16fbfdce636d	(untitled)	gurukul	Other / Misc	English	NULL	true	51
labels	other-misc	Other / Misc	a25c876c-0e32-4071-a0f7-7e5cc6bfae69	muniya	gurukul	Other / Misc	English	Indian philosophical hip-hop with spiritual undertones. Deep reflective male voi	true	28
labels	other-misc	Other / Misc	1a47a65a-030c-4a27-ba73-ee86926a4f85	First Comes the Word	gurukul	Other / Misc	English	NULL	true	51
labels	other-misc	Other / Misc	dc93e92b-de6b-4f68-be8d-4264d2eaf273	First Comes the Word	gurukul	Other / Misc	English	NULL	true	51
labels	other-misc	Other / Misc	5ad16b1e-5925-434b-a035-a9c2a7e1579b	First Comes the Word	gurukul	Other / Misc	English	NULL	true	68
labels	other-misc	Other / Misc	1f40b6c8-ca9d-4b88-8840-de4658f294ac	First Comes the Word	gurukul	Other / Misc	English	NULL	true	68
labels	other-misc	Other / Misc	44e6cfbe-a991-425e-9a7a-3cfdb7ebe013	First Comes the Word	gurukul	Other / Misc	English	Epic Indian cinematic anthem, Baahubali style chorus, deep war drums, powerful m	true	68
labels	other-misc	Other / Misc	b13478af-dabb-41ff-be99-296ed703b6f7	First Comes the Word	gurukul	Other / Misc	English	Epic Indian cinematic anthem, Baahubali style chorus, deep war drums, powerful m	true	74
labels	other-misc	Other / Misc	9f8f747d-bca4-4422-aeef-8efd76fc5e11	सन्दर्भ की परिभाषा	gurukul	Other / Misc	Hindi	NULL	true	18
labels	other-misc	Other / Misc	81730957-69cc-4143-a4a1-ff4f37c7ec2b	सन्दर्भ की परिभाषा	gurukul	Other / Misc	Hindi	NULL	true	18
labels	other-misc	Other / Misc	281a3e06-5f91-4e59-9fba-f520b47ff2a4	कालिख के भीतर	gurukul	Other / Misc	Hindi	impact , realization , revolt	true	40
labels	other-misc	Other / Misc	8ed97e69-ba32-497e-99e6-5f5ffc1208d7	कालिख के भीतर	gurukul	Other / Misc	Hindi	impact , realization , revolt	true	40
labels	other-misc	Other / Misc	b34894ee-52e3-4cd4-b4f9-5336056b318b	mahadev	gurukul	Other / Misc	English	full सुपर  funky	true	58
labels	other-misc	Other / Misc	83393fa5-c5e2-48b7-a6b0-09cfa197cc04	mahadev	gurukul	Other / Misc	English	full funky	true	53
labels	other-misc	Other / Misc	a19088bc-7520-4b85-95d9-1c3ea882182e	mahadev	gurukul	Other / Misc	English	इस गाने की शुरुआत शांत श्लोक से करें, फिर अचानक "महादेव तेरी सरकार" पर एक रॉक-स्	true	44
labels	other-misc	Other / Misc	90a76515-aa8d-4b2a-9a7a-71e21acfebe1	sannata	gurukul	Other / Misc	English	pain hyper	true	25
labels	other-misc	Other / Misc	52e21e25-80af-4053-a195-24884c96e8be	sannata	gurukul	Other / Misc	English	pain hyper	true	25
labels	other-misc	Other / Misc	c95adbc4-eb40-4508-8a3f-4d9376a62d99	jaleel	gurukul	Other / Misc	English	NULL	true	14
labels	other-misc	Other / Misc	dbd35f9f-c48b-4228-b9d7-f7c525bfb562	jaleel	gurukul	Other / Misc	English	NULL	true	14
labels	other-misc	Other / Misc	928d9daa-71ce-4eb4-8c1e-4c6b141d61e4	jaleel	gurukul	Other / Misc	English	NULL	true	14
labels	other-misc	Other / Misc	f2d23578-ceb2-4b60-9c76-13bddb621440	jaleel	gurukul	Other / Misc	English	NULL	true	17
labels	other-misc	Other / Misc	a605a0c4-5252-478d-9425-b0245d9284e9	jaleel	gurukul	Other / Misc	English	NULL	true	17
labels	other-misc	Other / Misc	1692dd58-42ff-46e1-886b-d4de131eb0a0	jaleel	gurukul	Other / Misc	English	NULL	true	17
labels	other-misc	Other / Misc	d5005293-034b-4647-873f-85619d1208d1	del	gurukul	Other / Misc	English	Other / Misc	false	0
labels	other-misc	Other / Misc	90a083bf-668c-4356-bc4d-8e8f9a4dbfc0	kewat	gurukul	Other / Misc	English	soul devotional with live folk	true	40
labels	other-misc	Other / Misc	4f8cb656-ad2a-40ae-ba45-ffb7315eeb30	kewat	gurukul	Other / Misc	English	soul devotional with live folk	true	40
labels	other-misc	Other / Misc	cc53857c-041f-4d0d-afae-8a762ddc7425	kewat	gurukul	Other / Misc	English	soul devotional with live folk	true	40
labels	other-misc	Other / Misc	13631800-7722-4099-8cdd-7872cc3b56d6	kewat	gurukul	Other / Misc	English	soul devotional with live folk	true	40
labels	other-misc	Other / Misc	3f789a12-3090-4729-8e17-03745470ffde	banjara	gurukul	Other / Misc	English	NULL	true	16
labels	other-misc	Other / Misc	de7c66a0-7383-4a67-87be-742eaafdc1cb	banjara	gurukul	Other / Misc	English	NULL	true	16
labels	other-misc	Other / Misc	4ae291ce-bd61-493c-9ae1-020abe22f194	banjara	gurukul	Other / Misc	English	NULL	true	16
labels	rap-and-fusion	Rap & Fusion	39c60af7-873d-464c-ab83-86a116aa3a19	ह्-हनु अनुमान	kabir-clubbing	Rap & Fusion	Hindi	Fast-paced hyper-articulated phonetic staccato trap-folk, 115 BPM, rapid rhythmi	true	7
labels	rap-and-fusion	Rap & Fusion	c7fabad5-bd6d-4a60-b985-ad0aae6819c3	चणक्य चांदी	kabir-clubbing	Rap & Fusion	Hindi	Aggressive Haryanvi Hyperrap fused with powerful Sufi Qawwali claps, crushing di	true	47
labels	rap-and-fusion	Rap & Fusion	e1ec848b-c158-4366-ba75-bb0d12943801	चाणक्य सिक्का	kabir-clubbing	Rap & Fusion	Hindi	Aggressive Haryanvi Hyperrap fused with powerful Sufi Qawwali claps, high-impact	true	20
labels	rap-and-fusion	Rap & Fusion	2b968ed3-b8ee-44e4-ad96-e3da7d583ae0	कौतूहल की दुनिया में लॉजिक अपार है	kabir-clubbing	Rap & Fusion	Hindi	Rap & Fusion	true	51
labels	rap-and-fusion	Rap & Fusion	f31751f4-ec55-4c42-a423-07f42895a464	कौतूहल की दुनिया में लॉजिक अपार है	kabir-clubbing	Rap & Fusion	Hindi	Rap & Fusion	true	21
labels	rap-and-fusion	Rap & Fusion	eae4f2af-ad53-414e-b47b-70dcd331427a	चांदी का सिक्का	kabir-clubbing	Rap & Fusion	Hindi	Aggressive Haryanvi Hyperrap fused with powerful Sufi Qawwali claps, high-impact	true	46
labels	rap-and-fusion	Rap & Fusion	1c0f3567-660d-40a2-8672-943688dd3c89	O meri bhaarat maataa	kabir-clubbing	Rap & Fusion	English	Rap & Fusion	true	52
labels	rap-and-fusion	Rap & Fusion	d60bbdd7-852b-4638-9bfc-de2be9c9f0e9	Reversed Sitar Whisper	kabir-clubbing	Rap & Fusion	English	Style: Desi Trap, Indian Hip Hop, Dark Trap, 140 BPM, male autotuned rap, heavy	true	52
labels	rap-and-fusion	Rap & Fusion	b1673a2d-91fa-478f-a3c3-79d253fd7444	परदेसां धड़कन	kabir-clubbing	Rap & Fusion	Hindi	[Genre: Psytrance, Funky House, Hyperpop, Indian Fusion, 145 BPM, Male Vocals, H	true	51
labels	rap-and-fusion	Rap & Fusion	6145df1e-62b2-4fd3-a150-ebef60393608	O meri bhaarat maataa	kabir-clubbing	Rap & Fusion	English	Rap & Fusion	true	51
labels	rap-and-fusion	Rap & Fusion	4f82c591-30f7-4369-8544-9c90f7b11d0d	रही धड़क ना सीने में।	kabir-clubbing	Rap & Fusion	Hindi	Rap & Fusion	true	48
labels	rap-and-fusion	Rap & Fusion	60bb8f17-03b5-4159-ab31-2927d80a2629	Distorted Sarangi Wobble	kabir-clubbing	Rap & Fusion	English	[Genre: Psytrance, Funky House, Hyperpop, Indian Fusion, 145 BPM, Male Vocals, H	true	48
labels	rap-and-fusion	Rap & Fusion	4c151ea0-4e12-4f3c-8767-e25ed0ee02cb	तेरे बिना मैंने परदेसां में	kabir-clubbing	Rap & Fusion	Hindi	Rap & Fusion	true	45
labels	rap-and-fusion	Rap & Fusion	ee86a23e-0007-4d04-99f8-4b605086de9e	रही धड़क ना सीने में।	kabir-clubbing	Rap & Fusion	Hindi	Rap & Fusion	true	44
labels	rap-and-fusion	Rap & Fusion	cb8ff251-d3a7-4271-a3a0-33969db28cb0	Paradesi Wobble	kabir-clubbing	Rap & Fusion	English	[Genre: Psytrance, Funky House, Hyperpop, Indian Fusion, 145 BPM, Male Vocals,	true	44
labels	rap-and-fusion	Rap & Fusion	55b29326-16e4-4e61-84ab-ce7f6cd164df	साती माटी-चोला	kabir-clubbing	Rap & Fusion	Hindi	Style: Raga Bhairavi, Raga Yaman, Raga Malkauns, Sufi fusion, Rajasthani folk,	true	37
labels	rap-and-fusion	Rap & Fusion	989e203d-59cf-43b4-b450-bd5f5fdf28a6	ख़्वाब-धागा आधा	kabir-clubbing	Rap & Fusion	Hindi	[Cinematic World-Fusion, Deep Spiritual Qawwali Vocals, 142 BPM, UK Drill influe	true	49
labels	rap-and-fusion	Rap & Fusion	081d7d0e-d5f4-455e-9716-46f8bfcd192f	साहब खोज जंग	kabir-clubbing	Rap & Fusion	Hindi	[Cinematic World-Fusion, Deep Spiritual Qawwali vocals mixed with High-Impact UK	true	23
labels	rap-and-fusion	Rap & Fusion	de8f6167-d436-420a-93af-8127c00e163b	सवा लाख जाट	kabir-clubbing	Rap & Fusion	Hindi	[Genre: Hyperrap, Haryanvi folk, Afghan dambura, rubab, dhol, bakhshi style, fas	true	54
labels	rap-and-fusion	Rap & Fusion	4cf08691-a7ea-40e0-bd21-8b0b272cb3f6	वो है-इसलिए मैं	kabir-clubbing	Rap & Fusion	Hindi	[Style: Sufi devotional, slow meditative recitation, no rhythm, no beat, only de	true	12
labels	rap-and-fusion	Rap & Fusion	dd450e4b-6a76-42d9-8a70-2e4a0244702d	बोटी-फुर्र अरदास	kabir-clubbing	Rap & Fusion	Hindi	Hyper Rap, Punjabi Trap, 170 BPM, male rapid-fire vocals, chaotic fun, meme ener	true	56
labels	rap-and-fusion	Rap & Fusion	8bcb26e4-6909-4e70-9291-af3e5452bf87	बोटी-फुर्र अरदास	kabir-clubbing	Rap & Fusion	Hindi	Hyper Rap, Punjabi Trap, 170 BPM, male rapid-fire vocals, chaotic fun, meme ener	true	56
labels	rap-and-fusion	Rap & Fusion	bb4a0cdc-93a8-4846-a9c5-30071f2fcf78	चप्पल-झिड़कियाँ	kabir-clubbing	Rap & Fusion	Hindi	[Genre: Qawwali × Hip-Hop Fusion, Indian Devotional Folk, Comedy, Urban Desi, Ma	true	51
labels	rap-and-fusion	Rap & Fusion	e6e7cdf5-7183-436b-b56a-c8060859c0de	माँ की बेलन-झिड़कियाँ	kabir-clubbing	Rap & Fusion	Hindi	[Genre: Qawwali × Hip-Hop Fusion, Indian Devotional Folk, Comedy, Urban Desi, Ma	true	49
labels	rap-and-fusion	Rap & Fusion	d8e1bbbb-d558-49bb-9961-e2caa023d9aa	बंसीधर मुकुट	kabir-clubbing	Rap & Fusion	Hindi	Genre/Style: Braj Sankirtan, Dhrupad-folk fusion, Raw Devotional, Indian Temple	true	43
labels	rap-and-fusion	Rap & Fusion	74a54818-5c55-4db4-bc1f-7dfa1e9fce6d	नीऑन लस्का	kabir-clubbing	Rap & Fusion	Hindi	Style: Cyberpunk Hip Hop, Hyper-rap, Industrial Trap, 160 BPM, D# minor  Vocal:	true	57
labels	rap-and-fusion	Rap & Fusion	b81894bf-4e0b-489f-b54c-a471f30a051a	चस्का फीडबैक	kabir-clubbing	Rap & Fusion	Hindi	[Genre: HyperRa, Boom Bap, Cyberpunk, High Tempo Rap] [BPM: 120-140] [Vocal Styl	true	59
labels	rap-and-fusion	Rap & Fusion	e3e41c8a-d755-4128-b6d7-eb79a61facec	चस्का ढार	kabir-clubbing	Rap & Fusion	Hindi	[Genre: Desi Hip Hop, Boom Bap, Slow to Mid Tempo Rap] [BPM: 85-95] [Vocal Style	true	59
labels	rap-and-fusion	Rap & Fusion	4417277d-8df9-416a-ac8b-9b68e3cdf5be	चस्का ढार	kabir-clubbing	Rap & Fusion	Hindi	[Genre: Desi Hip Hop, Boom Bap, Slow to Mid Tempo Rap] [BPM: 85-95] [Vocal Style	true	59
labels	rap-and-fusion	Rap & Fusion	216ca16d-22ff-4a35-959c-89ff65126a95	Chaska Laska	kabir-clubbing	Rap & Fusion	English	style desi hip hop rajasthani folk fusion heavy bass fast beat male aggressive v	true	60
labels	rap-and-fusion	Rap & Fusion	534e2457-1af3-4ffb-92cb-4d53662c9940	बे... थमसी आती है	kabir-clubbing	Rap & Fusion	Hindi	Male  vocal, hyperpop / hyperrap, high energy, fast tempo 160 BPM, aggressive 80	true	36
labels	rap-and-fusion	Rap & Fusion	f7390bf3-2335-444e-baed-c5e5cd17cfc1	बे... थमसी आती है	kabir-clubbing	Rap & Fusion	Hindi	Male  vocal, hyperpop / hyperrap, high energy, fast tempo 160 BPM, aggressive 80	true	36
labels	rap-and-fusion	Rap & Fusion	b621900d-687c-4fdb-8eb9-638c8124b1e4	बे...	kabir-clubbing	Rap & Fusion	Hindi	Male  vocal, hyperpop / hyperrap, high energy, fast tempo 160 BPM, aggressive 80	true	36
labels	rap-and-fusion	Rap & Fusion	decc359e-6a2c-4531-8b3c-f829ac5700be	बे...	kabir-clubbing	Rap & Fusion	Hindi	Male  vocal, hyperpop / hyperrap, high energy, fast tempo 160 BPM, aggressive 80	true	36
labels	rap-and-fusion	Rap & Fusion	ee8a117b-ef9c-4b4e-9cbe-9d314232d018	बेधड़क करीब	kabir-clubbing	Rap & Fusion	Hindi	Female vocal, hyperpop / hyperrap, high energy, fast tempo 160 BPM, aggressive 8	true	36
labels	rap-and-fusion	Rap & Fusion	6c333810-2183-40c8-91a7-bd198ff98290	इतनी करीब आ जाती है	kabir-clubbing	Rap & Fusion	Hindi	Rap & Fusion	true	36
labels	rap-and-fusion	Rap & Fusion	fec3e2d0-b4c1-47aa-b22f-a7b5f2ea4774	कैसी वैसी सी	kabir-clubbing	Rap & Fusion	Hindi	Female vocal, Punjabi pop meets Bollywood, upbeat and celebratory yet emotional,	true	22
labels	rap-and-fusion	Rap & Fusion	c8598710-c924-4b3c-8e32-0a1fded87efb	Din Mein Sarpanch	kabir-clubbing	Rap & Fusion	English	Dark cinematic Indian folk trap song with female vocals.  Theme: A powerful Hary	true	8
labels	rap-and-fusion	Rap & Fusion	f3c2518c-d6a6-4235-8da6-208eae4ee71a	“Roach Sirens”	kabir-clubbing	Rap & Fusion	English	[Style: Opera + Hyper-rap + Trap Metal + Cinematic Orchestra, aggressive male te	true	40
labels	rap-and-fusion	Rap & Fusion	c6ab00bc-f4fc-49fb-91b6-93fbb717ec43	Who raised you? Who trained you	kabir-clubbing	Rap & Fusion	English	Rap & Fusion	true	40
labels	rap-and-fusion	Rap & Fusion	ad88ec20-844d-47ac-ae8e-5634a628daee	धरती का नून	kabir-clubbing	Rap & Fusion	Hindi	dark hindustani bhajan meets ambient trance  d bhairavi  72 to 108 bpm  male gri	true	57
labels	rap-and-fusion	Rap & Fusion	b3e24cb5-dd86-475b-b84c-00356ec425f6	मेरा अंतरमन डोले	kabir-clubbing	Rap & Fusion	Hindi	Rap & Fusion	true	66
labels	rap-and-fusion	Rap & Fusion	50efcdb2-3927-4d22-9dff-23ab30048e3e	मेरा अंतरमन डोले	kabir-clubbing	Rap & Fusion	Hindi	Rap & Fusion	true	65
labels	rap-and-fusion	Rap & Fusion	489eb949-4a6f-43a9-a57f-0c8d38c447f8	मेरा अंतरमन डोले	kabir-clubbing	Rap & Fusion	Hindi	Rap & Fusion	true	68
labels	rap-and-fusion	Rap & Fusion	fe9e7ab6-a016-4774-9a1e-43f4e2598a18	मेरा अंतरमन डोले	kabir-clubbing	Rap & Fusion	Hindi	Rap & Fusion	true	65
labels	rap-and-fusion	Rap & Fusion	bbdbe9f0-9175-4132-989e-36fbc9b6ea40	मेरा अंतरमन डोले	kabir-clubbing	Rap & Fusion	Hindi	Rap & Fusion	true	50
labels	rap-and-fusion	Rap & Fusion	6fdb63c2-38cc-46f4-9872-4c0d1fec3922	मेरा अंतरमन डोले	kabir-clubbing	Rap & Fusion	Hindi	Rap & Fusion	true	63
labels	rap-and-fusion	Rap & Fusion	f4537e0d-1ee4-43aa-886c-096606a8877f	Animatrix Loading (Remastered)	kabir-clubbing	Rap & Fusion	English	Dark Drift Phonk, Afrobeat percussion, Cyber-Sufi, Cinematic Space Atmosphere, H	true	50
labels	rap-and-fusion	Rap & Fusion	1b6225a2-fb64-49aa-94db-802efe864623	Duduk Cello Oath	kabir-clubbing	Rap & Fusion	English	Cinematic World-Sufi Fusion, Avant-garde Qawwali, Mournful Armenian Duduk Intro,	true	25
labels	rap-and-fusion	Rap & Fusion	3e849ef6-8f9e-467f-b6cd-23ece1febccc	Animatrix Loading	kabir-clubbing	Rap & Fusion	English	Dark Drift Phonk, Afrobeat percussion, Cyber-Sufi, Cinematic Space Atmosphere, H	true	50
labels	rap-and-fusion	Rap & Fusion	eb94acbb-29cd-4d8f-8cfd-bc1845d25b66	Animatrix Loading	kabir-clubbing	Rap & Fusion	English	Dark Drift Phonk, Afrobeat percussion, Cyber-Sufi, Cinematic Space Atmosphere, H	true	50
labels	rap-and-fusion	Rap & Fusion	2020dea5-b656-40ad-afab-e188b5b87eb4	Earth Station Static	kabir-clubbing	Rap & Fusion	English	Dark Drift Phonk, Afrobeat percussion, Cyber-Sufi, Cinematic Space Atmosphere, H	true	25
labels	rap-and-fusion	Rap & Fusion	0d8bd230-e8fb-40c1-bd65-a1d4ba490f2a	मेरा अंतरमान डोले कितने आयाम	kabir-clubbing	Rap & Fusion	Hindi	Rap & Fusion	true	25
labels	rap-and-fusion	Rap & Fusion	da33ae1c-117f-41b3-9784-fe362d228637	मेरा अंतरमन डोले कितने आयाम	kabir-clubbing	Rap & Fusion	Hindi	Rap & Fusion	true	18
labels	rap-and-fusion	Rap & Fusion	ef0b0bee-7663-448a-879e-09acd3a01be8	मेरा अंतरमान डोले कितने आयामा	kabir-clubbing	Rap & Fusion	Hindi	Rap & Fusion	true	18
labels	rap-and-fusion	Rap & Fusion	064fb6c2-bf1e-4247-8603-1a4228fd88b0	Saltless Tears	kabir-clubbing	Rap & Fusion	English	[Genre: Afrobeat, Indian folk fusion, Telugu folk, Tamil folk, Bangla folk, Erhu	true	13
labels	rap-and-fusion	Rap & Fusion	e81cfcda-4146-4974-97ad-0def356a7395	नमक सनक	kabir-clubbing	Rap & Fusion	Hindi	[Genre: Afrobeat, Chinese folk fusion, Erhu, Guzheng, talking drum, deep bass, s	true	41
labels	rap-and-fusion	Rap & Fusion	aa1881d9-c310-46ae-a942-bbcdeaa35490	नमक की सनक	kabir-clubbing	Rap & Fusion	Hindi	[Genre: World fusion, Afrobeat, Chinese Erhu, Telugu Nadhaswaram, Tamil Thavil,	true	84
labels	rap-and-fusion	Rap & Fusion	531d0f3b-bd07-4bf6-8d1d-242097d6a447	Paisa Sanak	kabir-clubbing	Rap & Fusion	English	[Genre: Afrobeat, Afro-fusion, Nigerian folk, Indian folk fusion, talking drum,	true	20
labels	rap-and-fusion	Rap & Fusion	7925c2fc-1f6f-4aac-aa53-3cd7eadd9fbd	नेता एकम डेटा	kabir-clubbing	Rap & Fusion	Hindi	[Genre: Cyberpunk, Industrial Hip-Hop, Hindi Protest Rap, Dark Synthwave] [BPM:	true	29
labels	rap-and-fusion	Rap & Fusion	9d4efeb8-a43d-43e2-9bd9-aa8ec1017c23	डमरू तांडव	kabir-clubbing	Rap & Fusion	Hindi	Acoustic Ritual Trance. 140 BPM. NO ELECTRONICS. Raw human claps, sharp metallic	true	24
labels	rap-and-fusion	Rap & Fusion	200924f6-fd97-4641-9ce1-dc0071add716	झूठ-ध्वनि साधन	kabir-clubbing	Rap & Fusion	Hindi	"100% Acoustic Ritual Folk, Neural Trance, No Electronic Instruments. Raw and hy	true	22
labels	rap-and-fusion	Rap & Fusion	4a506fe2-5611-45d3-8b3c-5636aa1122bf	रूह से फकीर	kabir-clubbing	Rap & Fusion	Hindi	Rap & Fusion	true	37
labels	rap-and-fusion	Rap & Fusion	0d363331-c315-4e90-8f78-300af99db0c0	Degrees? Those are for the students	kabir-clubbing	Rap & Fusion	English	Rap & Fusion	true	37
labels	rap-and-fusion	Rap & Fusion	38523b11-2e31-40ac-bdc6-03bfd30b1186	कुचली पुचली लाला	kabir-clubbing	Rap & Fusion	Hindi	Indian folk fusion, bansuri flute, meditative drone,  cyberpunk eastern, raw kab	true	40
labels	rap-and-fusion	Rap & Fusion	96a7ddf6-2c5b-44ad-b1db-16634387d175	बहरूपिया-ऑनलाइन	kabir-clubbing	Rap & Fusion	Hindi	Indian folk fusion, bansuri flute, meditative drone,  cyberpunk eastern, raw kab	true	76
labels	rap-and-fusion	Rap & Fusion	507a1183-07e8-4762-b317-b03c850a9f66	॥ महा-काव्य: आदि-अनंत ॥	kabir-clubbing	Rap & Fusion	Hindi	Rap & Fusion	true	30
labels	rap-and-fusion	Rap & Fusion	19a9d094-81bf-4578-af5a-103ad79c94f8	चक्रव्यूह' —अभिमन्यु की तरह हर इंसान इन 'चार लोग	kabir-clubbing	Rap & Fusion	Hindi	Rap & Fusion	true	18
labels	rap-and-fusion	Rap & Fusion	958e690b-3e28-4eb1-9fa5-e1bd4d2435c2	गुमान था कि तन्हाई में सुकूँ मिलेगा मुझे	kabir-clubbing	Rap & Fusion	Hindi	Rap & Fusion	true	28
labels	rap-and-fusion	Rap & Fusion	8d30c99c-2bb7-4bcc-b193-5a78f1af4af6	गुमान था कि तन्हाई में सुकूँ मिलेगा मुझे	kabir-clubbing	Rap & Fusion	Hindi	Rap & Fusion	true	48
labels	rap-and-fusion	Rap & Fusion	0e22ce3a-a007-42f4-a89c-1a5ef6ebc4f4	गुमान था कि तन्हाई में सुकूँ मिलेगा मुझे	kabir-clubbing	Rap & Fusion	Hindi	Rap & Fusion	true	48
labels	rap-and-fusion	Rap & Fusion	d797f61d-e2f9-435d-b724-45791d7e898d	Radif : ...जिया न गया	kabir-clubbing	Rap & Fusion	English	Rap & Fusion	true	59
labels	rap-and-fusion	Rap & Fusion	49b598f9-6112-492d-98e5-28979537fdc4	जो अभी इक लम्स-ए-हवा बन कर गुज़रा	kabir-clubbing	Rap & Fusion	Hindi	Rap & Fusion	true	19
labels	rap-and-fusion	Rap & Fusion	38638635-c5dc-4adf-a993-68d94475738d	जो अभी एक झोंका हवा का गया	kabir-clubbing	Rap & Fusion	Hindi	Rap & Fusion	true	17
labels	rap-and-fusion	Rap & Fusion	950bf07f-98a2-4abb-ab2d-2cae95ac004e	१०० साल टोरी	kabir-clubbing	Rap & Fusion	Hindi	शीर्षक: १०० साल (हिस्स्स... टोरी) Style: Dark Experimental Folk-Trap. Descriptio	true	29
labels	rap-and-fusion	Rap & Fusion	87fea1fe-2c22-4af4-a777-87a8b62cc57a	Tadbeer Barbaad	kabir-clubbing	Rap & Fusion	English	[Style: Sufi Qawwali mixed with modern Beatbox, Acoustic, Spiritual, Mystical, S	true	39
labels	rap-and-fusion	Rap & Fusion	781c9290-2241-4ea8-8ca4-c206d5ee558a	Iltija Jor-Aazmaish	kabir-clubbing	Rap & Fusion	English	Style: world fusion, spiritual awakening, slow sufi ghazal, cinematic ambient, n	true	41
labels	rap-and-fusion	Rap & Fusion	cc349f0b-7495-4b69-8753-ecc62cb1ee80	घचा घच	kabir-clubbing	Rap & Fusion	Hindi	dark erotic hip hop, hyper rap, horrorcore, trap metal, 150-180 BPM, distorted 8	true	67
labels	rap-and-fusion	Rap & Fusion	56c6ee93-d6c7-4a25-bf41-942cec57818f	आग बराबर दोनों की पर एक बहुत शरमाए	kabir-clubbing	Rap & Fusion	Hindi	Rap & Fusion	true	67
labels	rap-and-fusion	Rap & Fusion	91b02afc-ce51-407b-9fed-8ab45bf8d00d	गीली साँस घचा	kabir-clubbing	Rap & Fusion	Hindi	dark erotic hip hop, hyper rap, horrorcore, trap metal, 150 BPM, distorted 808s,	true	67
labels	rap-and-fusion	Rap & Fusion	0ad2d889-56ad-4107-a42f-9ffdd61e99dc	आग बराबर दोनों की पर एक बहुत शरमाए	kabir-clubbing	Rap & Fusion	Hindi	Rap & Fusion	true	67
labels	rap-and-fusion	Rap & Fusion	b14f7e57-d779-489d-b0d2-7adb9a065fac	घचा घच	kabir-clubbing	Rap & Fusion	Hindi	dark erotic hip hop, hyper rap, horrorcore, trap metal, 150 BPM, distorted 808s,	true	65
labels	rap-and-fusion	Rap & Fusion	53697704-706d-4df6-a476-e7944459b93d	घचा घच	kabir-clubbing	Rap & Fusion	Hindi	dark erotic hip hop, hyper rap, horrorcore, trap metal, 150 BPM, distorted 808s,	true	65
labels	rap-and-fusion	Rap & Fusion	1fbda308-1986-4821-96e6-a89fbc1d2fd7	आग बराबर दोनों की पर एक बहुत शरमाए	kabir-clubbing	Rap & Fusion	Hindi	Rap & Fusion	true	65
labels	rap-and-fusion	Rap & Fusion	713de290-3d6e-45d1-a4fe-163b86903f58	घचा घच	kabir-clubbing	Rap & Fusion	Hindi	dark erotic hip hop, hyper rap, horrorcore, trap metal, 150 BPM, distorted 808s,	true	65
labels	rap-and-fusion	Rap & Fusion	904d98b2-e279-48b7-83e2-29184af62f47	गीला घचा	kabir-clubbing	Rap & Fusion	Hindi	बीटबॉक्स + इरोटिक साउंड्स + हाइपर रैप BPM: 130 से शुरू (धीमा, घुटता हुआ) → बीच म	true	65
labels	rap-and-fusion	Rap & Fusion	3620a61f-947c-4be7-bac2-a93a6eaa5a9c	गीला घचा	kabir-clubbing	Rap & Fusion	Hindi	बीटबॉक्स + इरोटिक साउंड्स + हाइपर रैप BPM: 130 से शुरू (धीमा, घुटता हुआ) → बीच म	true	65
labels	rap-and-fusion	Rap & Fusion	2a6843e3-bc23-478e-8ced-eab4bdc44ee1	ਟੁੱਟੇ ਪੈਸੇ	kabir-clubbing	Rap & Fusion	Hindi	Punjabi folk fusion ballad in E (Punjabi folk scale: E F# G# B C#). 70 BPM Dhama	true	52
labels	rap-and-fusion	Rap & Fusion	03b043a1-b777-4366-8b83-766f61b5ec66	E-tumbi Dhamal	kabir-clubbing	Rap & Fusion	English	Opera + Punjabi folk fusion ballad. Key: E minor (operatic) over E Punjabi folk	true	52
labels	rap-and-fusion	Rap & Fusion	6e735a57-85ab-45fc-912a-9c64579dc9f2	ਟੁੱਟੇ ਪੈਸੇ	kabir-clubbing	Rap & Fusion	Hindi	Punjabi folk fusion ballad in E (Punjabi folk scale: E F# G# B C#). 70 BPM Dhama	true	52
labels	rap-and-fusion	Rap & Fusion	86ee6acf-c17f-4674-bf19-557333906d47	अक्षर-बेच समझौता	kabir-clubbing	Rap & Fusion	Hindi	Style: Haryanvi Folk-Drill x Industrial Qawwali Fusion. Atmosphere: A high-stake	true	23
labels	rap-and-fusion	Rap & Fusion	e773bb44-f4cd-4cdd-b0cd-2a3b9749060f	अक्षर-बेच समझौता	kabir-clubbing	Rap & Fusion	Hindi	Style: Haryanvi Folk-Drill x Industrial Qawwali Fusion. Atmosphere: A high-stake	true	23
labels	rap-and-fusion	Rap & Fusion	ffeaefee-fcca-45f2-afcf-27c219f71bff	लॉट-जीरो-वन	kabir-clubbing	Rap & Fusion	Hindi	Style/Genre: Haryanvi Folk-Drill, Industrial Qawwali Fusion, Cinematic Dark Synt	true	24
labels	rap-and-fusion	Rap & Fusion	1b4b29a3-0bc4-40d8-a882-8dec76cfbcac	Lot 001 Tanpura Snap	kabir-clubbing	Rap & Fusion	English	Style/Genre: Haryanvi Folk-Drill, Industrial Qawwali Fusion, Cinematic Dark Synt	true	24
labels	rap-and-fusion	Rap & Fusion	91fa6d67-0722-4664-bf50-57a42d36afe0	आवाज़ों की अदालत	kabir-clubbing	Rap & Fusion	Hindi	"Hyper-Rap, Acapella, Ancient Throat Singing, Fast Human Beatboxing, Experiment	true	29
labels	rap-and-fusion	Rap & Fusion	05aa80d4-acdd-4719-9275-9692846ebe1a	तीखी फकीराना सीटी	kabir-clubbing	Rap & Fusion	Hindi	"Acapella Qawwali, Indian Folk Fusion, Vocal Percussion, Beatboxing, Human whist	true	17
labels	rap-and-fusion	Rap & Fusion	7f329b6d-8172-4674-adad-6f83614ad576	आवाज़ों की अदालत	kabir-clubbing	Rap & Fusion	Hindi	"Acapella, Aggressive Beatboxing, Vocal Bass, Whistling, Dark Indian Folk Fusion	true	20
labels	rap-and-fusion	Rap & Fusion	7ed796e3-32c4-42d3-89a2-f658115084dd	नसीब का ऐलान	kabir-clubbing	Rap & Fusion	Hindi	Genre: Haryanvi Pop, Desi Hip Hop, Upbeat Dance, Only Male announcer & Only Fema	true	61
labels	rap-and-fusion	Rap & Fusion	517563f4-4c0a-447c-a6c7-5e81307423c3	“नसीब का ऐलान”	kabir-clubbing	Rap & Fusion	Hindi	Genre: Haryanvi Pop, Desi Hip Hop, Upbeat Dance, Male announcer & Female vocals	true	62
labels	rap-and-fusion	Rap & Fusion	3d3e0685-76e1-4447-88b2-83897ac87205	इश्क-ए-इलाका	kabir-clubbing	Rap & Fusion	Hindi	Genre: Haryanvi Pop, Desi Hip Hop, Upbeat Dance, Male & Female vocals (Duo), ene	true	62
labels	rap-and-fusion	Rap & Fusion	77a5f693-5564-40c9-8b50-75d5eabe64f6	बड़ी पुरानी बात है	kabir-clubbing	Rap & Fusion	Hindi	Rap & Fusion	true	25
labels	rap-and-fusion	Rap & Fusion	0d931d51-3575-4bd1-8740-0ed133c1eba9	(untitled)	kabir-clubbing	Rap & Fusion	English	haryanvi quebradita fusion Banda, Regional Mexican, Technobanda bright staccato	true	93
labels	rap-and-fusion	Rap & Fusion	ac50152c-f82a-4333-bef4-0b7a404e8399	(untitled)	kabir-clubbing	Rap & Fusion	English	"A dark, gothic Cinematic Opera fusion. Dramatic Orchestral score with soaring v	true	39
labels	rap-and-fusion	Rap & Fusion	20aaab8c-af31-4a63-954e-b956c837119a	(untitled)	kabir-clubbing	Rap & Fusion	English	145 BPM, Heavy Psytrance and Haryanvi Folk Fusion, Gritty Haryanvi Female Vocals	true	37
labels	rap-and-fusion	Rap & Fusion	e18525dd-f972-4860-9008-b147a0576764	(untitled)	kabir-clubbing	Rap & Fusion	English	"A high-octane Psytrance and Haryanvi Folk Fusion anthem. Tempo: 145 BPM. Vocals	true	56
labels	rap-and-fusion	Rap & Fusion	14a370bd-8e3e-4b27-9afc-31fede5f5c94	(untitled)	kabir-clubbing	Rap & Fusion	English	haryanvi tamil folk trance	true	54
labels	rap-and-fusion	Rap & Fusion	e557151f-686a-4ba6-a428-40ef37236172	(untitled)	kabir-clubbing	Rap & Fusion	English	Style: Haryanvi Ragni + Hip-Hop Rap (Climax Section)   Tempo: 95 BPM   Energy: H	true	97
labels	rap-and-fusion	Rap & Fusion	2bf46bbc-1f00-42b1-ada9-5dd38b02ca3b	We are the practice	kabir-clubbing	Rap & Fusion	English	Rap & Fusion	true	130
labels	rap-and-fusion	Rap & Fusion	b632670a-92f5-44aa-862f-4a03120bd6e3	(untitled)	kabir-clubbing	Rap & Fusion	English	Global cinematic spoken word, deep Indian philosophical poetry, fusion of world	true	89
labels	rap-and-fusion	Rap & Fusion	1ec4ae2f-b4ab-441b-8234-f5fcca48b606	(untitled)	kabir-clubbing	Rap & Fusion	English	Global cinematic spoken word, deep Indian philosophical poetry, fusion of world	true	95
labels	rap-and-fusion	Rap & Fusion	8b68b69c-b07f-43f8-ac20-ed65fbc03fc7	(untitled)	kabir-clubbing	Rap & Fusion	English	Global cinematic spoken word, deep Indian philosophical poetry, fusion of world	true	95
labels	rap-and-fusion	Rap & Fusion	1630fdc7-2ea0-4737-a448-84a9e3a68bc4	(untitled)	kabir-clubbing	Rap & Fusion	English	Neuro-Tantra Devotional Trance Start: whisper + tanpura (no beat) Gradually add	true	78
labels	rap-and-fusion	Rap & Fusion	43e46f35-5912-4f95-84b9-92edf0d0fb86	neural jogi	kabir-clubbing	Rap & Fusion	English	[Style: Rajasthani Folk Fusion, Mand, Ghoomar, Devotional]  [Concept] Gangaur so	true	48
labels	rap-and-fusion	Rap & Fusion	6a5dd84e-6da0-4b09-9a52-1db8c4acef47	neural jogi	kabir-clubbing	Rap & Fusion	English	[Style: Rajasthani Folk Fusion, Mand, Ghoomar, Devotional]  [Concept] Gangaur so	true	48
labels	rap-and-fusion	Rap & Fusion	dab64572-477f-4561-ae33-43b27a37fb2a	(untitled)	kabir-clubbing	Rap & Fusion	English	High-energy Haryanvi Trap-Folk Fusion, Heavy 808 Bass, Cinematic Sound Design, T	true	33
labels	rap-and-fusion	Rap & Fusion	b4eb0ad2-7b9a-47a7-9dbb-243f6869fd07	(untitled)	kabir-clubbing	Rap & Fusion	English	Style Descriptor: > Epic Ancient-Futuristic Fusion, Haryanvi Ragni meets Dravidi	true	18
labels	rap-and-fusion	Rap & Fusion	164acf5c-2f05-4aa5-a11e-e8726aa075c1	(untitled)	kabir-clubbing	Rap & Fusion	English	"Epic Cinematic-Carnatic Fusion. Hybrid of Ancient Mesopotamian Lyre and heavy S	true	31
labels	rap-and-fusion	Rap & Fusion	bd2091ee-707a-465e-9dff-021eac34daed	(untitled)	kabir-clubbing	Rap & Fusion	English	Style: Dark Ambient Trance, Binaural beats background, Deep male vocals,  Sanskr	true	34
labels	rap-and-fusion	Rap & Fusion	80a39cda-0980-4c6e-bffb-50088c2967de	(untitled)	kabir-clubbing	Rap & Fusion	English	trance hip-hop haryanvi flavour use train whistle and station ambiances. unique	true	48
labels	rap-and-fusion	Rap & Fusion	94f4c705-c5c7-4637-b67d-06a21a3e1771	(untitled)	kabir-clubbing	Rap & Fusion	English	trance hip-hop haryanvi flavour	true	48
labels	rap-and-fusion	Rap & Fusion	edf821b2-166e-4650-a7ca-0b131dcc109b	(untitled)	kabir-clubbing	Rap & Fusion	English	trance hip-hop haryanvi flavour	true	48
labels	rap-and-fusion	Rap & Fusion	14ce1222-9f05-4f2f-bcdd-c9b871cca5a1	(untitled)	kabir-clubbing	Rap & Fusion	English	trance hip-hop haryanvi flavour	true	57
labels	rap-and-fusion	Rap & Fusion	3bd10216-5f47-4506-8828-9fc84e552bba	(untitled)	kabir-clubbing	Rap & Fusion	English	trance hip-hop haryanvi flavour	true	57
labels	rap-and-fusion	Rap & Fusion	4cd1088b-b87b-4b02-b781-ad7ecea54492	(untitled)	kabir-clubbing	Rap & Fusion	English	Intro: Whisper + slow breath + distant “हाय…”  Beat Start: Heartbeat (dhak dhak)	true	67
labels	rap-and-fusion	Rap & Fusion	dc697cc3-5cb9-43ab-a2de-622b7348bff5	kudru ki beti naagin	kabir-clubbing	Rap & Fusion	English	Psychedelic Haryanvi Folk-Trance, 140 BPM, Piercing Ethnic Been (Snake Charmer F	true	23
labels	rap-and-fusion	Rap & Fusion	430b028b-8fd1-4267-a16b-8eb1bb791e10	kudru ki beti naagin	kabir-clubbing	Rap & Fusion	English	Create a mystical Aghor Nagini trance track with pungi (snake-charmer flute), kh	true	111
labels	rap-and-fusion	Rap & Fusion	ae318a44-4e70-4bf5-ac17-58cd30dfa4d0	kudru ki beti naagin	kabir-clubbing	Rap & Fusion	English	Haryanvi-Bagri Folk Fusion, Psychedelic Trance, Khamak-driven rhythmic vibration	true	41
labels	rap-and-fusion	Rap & Fusion	770b4285-cc03-4121-9c55-4fd9e710a9ef	kudru ki beti naagin	kabir-clubbing	Rap & Fusion	English	Haryanvi-Bagri Folk Fusion, Psychedelic Trance, Khamak-driven rhythmic vibration	true	41
labels	rap-and-fusion	Rap & Fusion	71f75486-1686-40eb-bbf3-1018b7e8b3b7	kudru ki beti naagin	kabir-clubbing	Rap & Fusion	English	Haryanvi-Bagri Folk Fusion, Psychedelic Trance, Khamak-driven rhythmic vibration	true	19
labels	rap-and-fusion	Rap & Fusion	3039cb6f-dd49-498f-826d-d7774013946e	(untitled)	kabir-clubbing	Rap & Fusion	English	The Drill Beat: गाने के बीच में जब 'ड्रिल भी लेगे' आए, तो संगीत में एक मशीनी धात	true	79
labels	rap-and-fusion	Rap & Fusion	769d1a0a-cfa4-40ca-95d0-0f7761260847	(untitled)	kabir-clubbing	Rap & Fusion	English	The Drill Beat: गाने के बीच में जब 'ड्रिल भी लेगे' आए, तो संगीत में एक मशीनी धात	true	82
labels	rap-and-fusion	Rap & Fusion	8b14bc36-b9fc-409a-9efd-acd558db7d7f	(untitled)	kabir-clubbing	Rap & Fusion	English	The Drill Beat: गाने के बीच में जब 'ड्रिल भी लेगे' आए, तो संगीत में एक मशीनी धात	true	88
labels	rap-and-fusion	Rap & Fusion	46a0e0b1-a456-4550-b57d-dd7271cf0096	(untitled)	kabir-clubbing	Rap & Fusion	English	super fun funky rap mix hyper fun	true	37
labels	rap-and-fusion	Rap & Fusion	114a0d17-28b3-4a56-a251-50c1fbf4f659	(untitled)	kabir-clubbing	Rap & Fusion	English	super fun funky rap mix hyper fun	true	37
labels	rap-and-fusion	Rap & Fusion	80c9a826-108b-4377-9983-7d052c254217	(untitled)	kabir-clubbing	Rap & Fusion	English	सुपर फ़न फंकी कुतिया कुक्कुर रैप अंदर तक फ़न। हास्य और ज्ञान का भाव। गंभीर बात व	true	37
labels	rap-and-fusion	Rap & Fusion	73f2af74-5054-49d8-896c-e82524eddc06	(untitled)	kabir-clubbing	Rap & Fusion	English	full on masti, dj, dance, dj banger,, full on drum beats, with full on trumpet	true	24
labels	rap-and-fusion	Rap & Fusion	3ce196ce-9876-4bc9-8d96-a2d296db8b1c	(untitled)	kabir-clubbing	Rap & Fusion	English	dj banger, full on masti, dj, dance, लहर, full on drum beats, with full on trum	true	24
labels	rap-and-fusion	Rap & Fusion	beb18e30-ad60-4f61-b962-bf72577a984c	(untitled)	kabir-clubbing	Rap & Fusion	English	super fun funky rap with dog souls..  a bitch being  requested by dog. howls, do	true	26
labels	rap-and-fusion	Rap & Fusion	71819a1c-7df5-443a-bedf-56c547e4efe1	(untitled)	kabir-clubbing	Rap & Fusion	English	super fun funky rap with dog souls..  a bitch being  requested by dog. howls, do	true	26
labels	rap-and-fusion	Rap & Fusion	5e09dadb-f03e-4b45-b8fa-7a825b7cdb46	(untitled)	kabir-clubbing	Rap & Fusion	English	super fun funky rap with dog souls..  a bitch being  requested by dog. howls, do	true	26
labels	rap-and-fusion	Rap & Fusion	9b58de99-1027-44cb-bcfb-cb9727dd1c42	(untitled)	kabir-clubbing	Rap & Fusion	English	super fun funky rap with dog souls..  a bitch being  requested by dog. howls, do	true	26
labels	rap-and-fusion	Rap & Fusion	96b01103-f99a-4fd7-87f8-53354681845d	(untitled)	kabir-clubbing	Rap & Fusion	English	hyper rap	true	26
labels	rap-and-fusion	Rap & Fusion	7de27deb-3279-4b67-a31c-0a53042c556e	(untitled)	kabir-clubbing	Rap & Fusion	English	hyper rap	true	26
labels	rap-and-fusion	Rap & Fusion	2339fc5d-3d73-4745-b001-53d00b204c3d	(untitled)	kabir-clubbing	Rap & Fusion	English	Haryanvi Folk Pop, Trap, Energetic, Raw, Male Vocals, Dholak, Harmonium	true	26
labels	rap-and-fusion	Rap & Fusion	6434e417-4488-4db2-856e-37c633ed4491	(untitled)	kabir-clubbing	Rap & Fusion	English	Haryanvi Folk Pop, Trap, Energetic, Raw, Male Vocals, Dholak, Harmonium	true	26
labels	rap-and-fusion	Rap & Fusion	0ea61384-e105-4758-9481-a5ebd3204d19	(untitled)	kabir-clubbing	Rap & Fusion	English	title Pop, Indie Pop tapasya  upanishadic epic rap  prompt  cinematic spiritual	true	79
labels	rap-and-fusion	Rap & Fusion	3c9729ee-8720-460f-8d5a-b37b5b52d274	(untitled)	kabir-clubbing	Rap & Fusion	English	Epic Upanishadic rap about Dhruva from Bhagavata Purana. Deep cinematic bass, ba	true	85
labels	rap-and-fusion	Rap & Fusion	e9ed9222-9fbc-46ee-8946-506aaa0fa006	(untitled)	kabir-clubbing	Rap & Fusion	English	Haryanvi ragni folk song with trap rap flow but only traditional instruments. Us	true	74
labels	rap-and-fusion	Rap & Fusion	0b19285e-3b76-42bf-80ae-41d8fde84fea	(untitled)	kabir-clubbing	Rap & Fusion	English	Haryanvi ragni folk song with trap rap flow but only traditional instruments. Us	true	74
labels	rap-and-fusion	Rap & Fusion	2f477298-ce1a-472e-b84b-8930b9c66478	(untitled)	kabir-clubbing	Rap & Fusion	English	Epic Haryanvi stadium anthem, folk + rap fusion, powerful male chorus, nagada dr	true	76
labels	rap-and-fusion	Rap & Fusion	915943e4-087a-4961-9b3c-e24b00c223b8	(untitled)	kabir-clubbing	Rap & Fusion	English	Tempo: 92–96 BPM Trap + Ethnic Drums  Instruments: Rudra veena, damru, French ho	true	95
labels	rap-and-fusion	Rap & Fusion	2b8896a5-71c2-4521-b7e8-8a07648444d3	(untitled)	kabir-clubbing	Rap & Fusion	English	Tempo: 92–96 BPM Trap + Ethnic Drums  Instruments: Rudra veena, damru, French ho	true	96
labels	rap-and-fusion	Rap & Fusion	a922b75d-8465-4cea-b908-b28e65969c56	(untitled)	kabir-clubbing	Rap & Fusion	English	Hard Philosophical Rap — “नियमों का हऊआ”  दार्शनिक, व्यंग्यात्मक और तीखा clear m	true	69
labels	rap-and-fusion	Rap & Fusion	0eb2d750-cbc8-4f32-a693-53d8d313e086	(untitled)	kabir-clubbing	Rap & Fusion	English	Chinese folk melody + Sufi Qawwali + philosophical hip-hop rap fusion. Male powe	true	38
labels	rap-and-fusion	Rap & Fusion	a83302ba-61f6-48d3-98d6-d5f17a0e49b8	(untitled)	kabir-clubbing	Rap & Fusion	English	epic spiritual world fusion song, powerful male qawwali singer, cinematic produc	true	38
labels	rap-and-fusion	Rap & Fusion	44ef161a-fd07-43af-bc23-c78ad8ea773f	(untitled)	kabir-clubbing	Rap & Fusion	English	Hard Philosophical Rap — “नियमों का हऊआ”  दार्शनिक, व्यंग्यात्मक और तीखा clear m	true	70
labels	rap-and-fusion	Rap & Fusion	b7d087b3-1e0d-4990-b8aa-4710ea0af909	(untitled)	kabir-clubbing	Rap & Fusion	English	Hard Philosophical Rap — “नियमों का हऊआ”  दार्शनिक, व्यंग्यात्मक और तीखा clear m	true	69
labels	rap-and-fusion	Rap & Fusion	31740e34-6f43-4223-91e9-739374878a3d	(untitled)	kabir-clubbing	Rap & Fusion	English	Hard Philosophical Rap — “नियमों का हऊआ”  दार्शनिक, व्यंग्यात्मक और तीखा clear m	true	69
labels	rap-and-fusion	Rap & Fusion	297597bc-b729-4b1f-9b1b-9f422c20d617	(untitled)	kabir-clubbing	Rap & Fusion	English	Hard Philosophical Rap — “नियमों का हऊआ”  दार्शनिक, व्यंग्यात्मक और तीखा clear m	true	61
labels	rap-and-fusion	Rap & Fusion	dbe4cfd2-9ac6-4fc5-a67c-a5ac9669c690	(untitled)	kabir-clubbing	Rap & Fusion	English	Hard Philosophical Rap — “नियमों का हऊआ”  दार्शनिक, व्यंग्यात्मक और तीखा clear m	true	68
labels	rap-and-fusion	Rap & Fusion	35380dae-bb24-481e-a416-af515d22edc3	(untitled)	kabir-clubbing	Rap & Fusion	English	Hard Philosophical Rap — “नियमों का हऊआ”  दार्शनिक, व्यंग्यात्मक और तीखा clear m	true	57
labels	rap-and-fusion	Rap & Fusion	a6a27e86-3c84-453d-8d74-eeedd44ba048	(untitled)	kabir-clubbing	Rap & Fusion	English	Hard Philosophical Rap — “नियमों का हऊआ”  दार्शनिक, व्यंग्यात्मक और तीखा clear m	true	56
labels	rap-and-fusion	Rap & Fusion	89ba03d5-ee75-473b-b331-4013c130a44a	(untitled)	kabir-clubbing	Rap & Fusion	English	Hard Philosophical Rap — “नियमों का हऊआ”  दार्शनिक, व्यंग्यात्मक और तीखा clear m	true	71
labels	rap-and-fusion	Rap & Fusion	90e901c9-4ec2-40b0-af7f-1e81570ae502	(untitled)	kabir-clubbing	Rap & Fusion	English	kids rap	true	52
labels	rap-and-fusion	Rap & Fusion	a9f1f04b-bcc9-49ba-b1b1-d71abc204a0c	(untitled)	kabir-clubbing	Rap & Fusion	English	kids rap	true	52
labels	rap-and-fusion	Rap & Fusion	6566cc36-9229-4c37-9ea5-5692ffbf2526	(untitled)	kabir-clubbing	Rap & Fusion	English	kids rap	true	16
labels	rap-and-fusion	Rap & Fusion	764eab1d-f307-4665-bfc4-feb4bbb042a4	muniya	kabir-clubbing	Rap & Fusion	English	Aggressive Indian hard rap, underground hip hop, dark spiritual theme, heavy 808	true	51
labels	rap-and-fusion	Rap & Fusion	ced1ef9f-bfc6-4a3a-9818-6308807aef1e	muniya	kabir-clubbing	Rap & Fusion	English	Aggressive Indian philosophical hip-hop rap. Deep male voice with powerful deliv	true	44
labels	rap-and-fusion	Rap & Fusion	920388e7-ef57-4d79-98b1-2a977977bb39	ये दुनिया झूठ का मेला है	kabir-clubbing	Rap & Fusion	Hindi	Rap & Fusion	true	58
labels	rap-and-fusion	Rap & Fusion	b54e87b1-dff9-41bf-969d-e0a19cce756c	muniya	kabir-clubbing	Rap & Fusion	English	Aggressive Indian hard rap, underground hip hop, dark spiritual theme, heavy 808	true	57
labels	rap-and-fusion	Rap & Fusion	c566f06c-9015-4d31-9d83-5f54111a1d61	muniya	kabir-clubbing	Rap & Fusion	English	Aggressive Indian hard rap, underground hip hop, dark spiritual theme, heavy 808	true	48
labels	rap-and-fusion	Rap & Fusion	ee7a49e1-a296-4e95-acfb-ff3390b8c92f	muniya	kabir-clubbing	Rap & Fusion	English	Aggressive Indian hard rap, underground hip hop, dark spiritual theme, heavy 808	true	48
labels	rap-and-fusion	Rap & Fusion	a5ddb660-04fc-46c2-b2b3-145c9da1449e	muniya	kabir-clubbing	Rap & Fusion	English	Aggressive Indian hard rap, underground hip hop, dark spiritual theme, heavy 808	true	58
labels	rap-and-fusion	Rap & Fusion	4bf11224-86d3-49f9-8ddd-60e3375da890	red compare	kabir-clubbing	Rap & Fusion	English	Hard philosophical divine hip-hop, Indian spiritual rap, deep male voice, mystic	true	48
labels	rap-and-fusion	Rap & Fusion	f300c6d7-1406-4536-a0f3-80e6ae23cc66	red compare	kabir-clubbing	Rap & Fusion	English	hyper rap	true	58
labels	rap-and-fusion	Rap & Fusion	2819887e-1ed1-4383-aad3-921d07bae811	जब तक “दो” था ही नहीं	kabir-clubbing	Rap & Fusion	Hindi	Rap & Fusion	true	48
labels	rap-and-fusion	Rap & Fusion	9145668e-e9bf-4d35-967b-50a953dcf0f9	red compare	kabir-clubbing	Rap & Fusion	English	Hard divine hip-hop, philosophical rap, deep Indian spiritual vibe, male powerfu	true	48
labels	rap-and-fusion	Rap & Fusion	5b4e7c91-3ba1-403e-8ee8-215dc22f61b3	red compare	kabir-clubbing	Rap & Fusion	English	hyper rap	true	58
labels	rap-and-fusion	Rap & Fusion	dd614877-e23b-45fa-b39a-80fa94764196	red compare	kabir-clubbing	Rap & Fusion	English	Hard Divine Hip-Hop with Sufi spiritual undertone. Hindi rap, deep powerful male	true	58
labels	rap-and-fusion	Rap & Fusion	ca2f7d24-dce8-4f7e-8f4d-63b8c399382c	red compare	kabir-clubbing	Rap & Fusion	English	Revolutionary Hindi rap mixed with Sufi folk. Male deep voice, intense delivery.	true	32
labels	rap-and-fusion	Rap & Fusion	017eae0e-3187-4026-8476-c835ec9d9c4c	red compare	kabir-clubbing	Rap & Fusion	English	Fast rap version (200 BPM) 🔥 Divine battle rap of gods and human	true	56
labels	rap-and-fusion	Rap & Fusion	80c5903a-5fb9-4a5c-b183-abf496ee486c	red compare	kabir-clubbing	Rap & Fusion	English	Fast rap version (200 BPM) 🔥 Divine battle rap of gods and human	true	56
labels	rap-and-fusion	Rap & Fusion	c1566bd7-d739-4e75-a23f-eb87d2905be2	कोई बताओ इन रेखाओं को	kabir-clubbing	Rap & Fusion	Hindi	Rap & Fusion	true	56
labels	rap-and-fusion	Rap & Fusion	20ac85f2-c56a-4083-8706-6f1531493cea	red compare	kabir-clubbing	Rap & Fusion	English	hard philosophical rap indian spiritual hiphop deep male voice aggressive delive	true	56
labels	rap-and-fusion	Rap & Fusion	5d48bd7a-3499-431d-b9e1-a84103c69938	red compare	kabir-clubbing	Rap & Fusion	English	haryanvi ragni fusion male	true	51
labels	rap-and-fusion	Rap & Fusion	ca288e06-1055-405b-b5d6-0658613608d7	ram ki gilahari	kabir-clubbing	Rap & Fusion	English	Indian EDM bhajan fusion. Tempo: 110 BPM. Style: devotional electronic + festiva	true	76
labels	rap-and-fusion	Rap & Fusion	f281e5bc-94e4-4a34-a3f4-601fcbfb4f1b	ram ki gilahari	kabir-clubbing	Rap & Fusion	English	Indian EDM bhajan fusion. Tempo: 110 BPM. Style: devotional electronic + festiva	true	76
labels	rap-and-fusion	Rap & Fusion	d8019a5d-29e1-445e-a172-633778687c7d	पपिया	kabir-clubbing	Rap & Fusion	Hindi	Indian EDM bhajan fusion. Tempo: 110 BPM. Style: devotional electronic + festiva	true	38
labels	rap-and-fusion	Rap & Fusion	bb19047e-add0-43b2-8a8c-9b3350c0666d	पपिया	kabir-clubbing	Rap & Fusion	Hindi	Haryanvi folk fusion song with emotional rural storytelling. Male raw voice with	true	75
labels	rap-and-fusion	Rap & Fusion	f478b032-6f73-4a1e-8e33-cd1862b9037e	सुन	kabir-clubbing	Rap & Fusion	Hindi	Rap & Fusion	true	51
labels	rap-and-fusion	Rap & Fusion	528f2a41-6fab-4d6b-b0f0-45a21fb3cfee	कालिख के भीतर	kabir-clubbing	Rap & Fusion	Hindi	Style: Hard Philosophical Rap / Divine Hip-Hop Tempo: 95 BPM Key: D minor Mood:	true	51
labels	rap-and-fusion	Rap & Fusion	9bf062dd-ac56-449f-9f77-b6f50d235b4e	दो नयनों के बीच में	kabir-clubbing	Rap & Fusion	Hindi	Rap & Fusion	true	36
labels	rap-and-fusion	Rap & Fusion	38e46be7-3f17-43e1-8de5-3661e8c064e3	कालिख के भीतर	kabir-clubbing	Rap & Fusion	Hindi	Genre: Philosophical Sufi Rap Fusion Tempo: 90 BPM Scale: D minor Mood: Deep, in	true	36
labels	rap-and-fusion	Rap & Fusion	cdb84859-bd8f-43a9-b7f9-6a080b49e779	कालिख के भीतर	kabir-clubbing	Rap & Fusion	Hindi	Genre: Philosophical Sufi Rap Fusion Tempo: 90 BPM Scale: D minor Mood: Deep, in	true	40
labels	rap-and-fusion	Rap & Fusion	6b1f15fd-b06f-4ab7-a74e-dc18eab976cd	अंदर भरी थी कालिख बेमिसाल	kabir-clubbing	Rap & Fusion	Hindi	Rap & Fusion	true	40
labels	rap-and-fusion	Rap & Fusion	5cb1b6d1-c87b-4bd1-a81b-6c2531a63320	mahadev	kabir-clubbing	Rap & Fusion	English	breathless rap	true	41
labels	rap-and-fusion	Rap & Fusion	a02e5b7b-4082-4379-8728-b47dd277d6bc	mahadev	kabir-clubbing	Rap & Fusion	English	"Agori Folk-Rock, Cinematic Shiva Tandav, Tribal Fusion, High-energy Dhak and Da	true	44
labels	rap-and-fusion	Rap & Fusion	a1b21d0a-772f-4abb-844b-e635fe83916d	mahadev	kabir-clubbing	Rap & Fusion	English	"Agori Folk-Rock, Cinematic Shiva Tandav, Tribal Fusion, High-energy Dhak and Da	true	44
labels	rap-and-fusion	Rap & Fusion	bd0e5226-f00f-414a-83dc-c3845c5cfc52	bhagat ki maa	kabir-clubbing	Rap & Fusion	English	Haryanvi Accent , Style: Haryanvi Folk Fusion, Patriotic Rock, Powerful Male Voc	true	37
labels	rap-and-fusion	Rap & Fusion	21f36fd3-91ca-4f6f-a5b9-1a61d8438a3d	bhagat ki maa	kabir-clubbing	Rap & Fusion	English	Haryanvi Accent , Style: Haryanvi Folk Fusion, Patriotic Rock, Powerful Male Voc	true	37
labels	rap-and-fusion	Rap & Fusion	cf2b9095-277e-40b6-b9c3-2aca73883c48	मेकाले के जाल में	kabir-clubbing	Rap & Fusion	Hindi	Rap & Fusion	true	38
labels	rap-and-fusion	Rap & Fusion	7d670bc0-8519-486b-a33c-0bc00f021318	abdul	kabir-clubbing	Rap & Fusion	English	hyper rap.. greek.. thrill.. conspiracy.. anger.. hope	true	16
labels	rap-and-fusion	Rap & Fusion	5884fc52-aa08-4850-912b-272e7b063c6d	मेकाले के जाल में	kabir-clubbing	Rap & Fusion	Hindi	hyper rap.. greek.. thrill.. conspiracy.. anger.. hope	true	38
labels	rap-and-fusion	Rap & Fusion	03cd6e42-1ff0-486e-a597-17b4f5bf7db8	अब्दुल नहीं है पंचर वाला	kabir-clubbing	Rap & Fusion	Hindi	Rap & Fusion	true	16
labels	rap-and-fusion	Rap & Fusion	a9505c01-2145-47a6-bf34-71f71a1c7798	mooshak	kabir-clubbing	Rap & Fusion	English	Indian hip hop fusion, boom bap beat, tabla percussion, tanpura drone, cinematic	true	20
labels	rap-and-fusion	Rap & Fusion	99e3f540-91d6-46d9-a363-a20ab43ac51d	superman	kabir-clubbing	Rap & Fusion	English	haryanvi super energy  rap	true	74
labels	rap-and-fusion	Rap & Fusion	78837c54-c069-4a21-9043-052477368de3	superman	kabir-clubbing	Rap & Fusion	English	haryanvi super energy hip hop rap	true	74
labels	rap-and-fusion	Rap & Fusion	c964708d-4954-4972-bfd9-eb13399ed835	superman	kabir-clubbing	Rap & Fusion	English	haryanvi super energy hip hop rap	true	74
labels	rap-and-fusion	Rap & Fusion	9a171e56-f4d0-4e86-8dd8-b88e38cfe848	superman	kabir-clubbing	Rap & Fusion	English	haryanvi super energy hip hop rap	true	74
labels	rap-and-fusion	Rap & Fusion	8c4d0b31-24ca-46ea-8d9e-01e80745e77f	superman	kabir-clubbing	Rap & Fusion	English	haryanvi super energy hip hop rap	true	74
labels	rap-and-fusion	Rap & Fusion	e547d7c0-12d6-41a8-bfb3-1a6b84a2f447	(untitled)	kabir-clubbing	Rap & Fusion	English	folk fusion	true	26
labels	rap-and-fusion	Rap & Fusion	40e5bcc1-b2c0-467d-b3cd-7f4b8310f042	(untitled)	kabir-clubbing	Rap & Fusion	English	folk fusion	true	26
labels	rap-and-fusion	Rap & Fusion	f0f3206d-e731-4bb5-9182-1b17907541b8	(untitled)	kabir-clubbing	Rap & Fusion	English	folk fusion	true	26
labels	bhakti-and-katha	Bhakti & Katha	86fe2a68-593c-4b20-a76a-d0f504f89943	हट हट हट होनी तू हट	kabir-clubbing	Bhakti & Katha	Hindi	Bhakti & Katha	true	34
labels	bhakti-and-katha	Bhakti & Katha	974ae0bf-c90c-47bb-803a-18160360bc54	हट हट हट होनी तू हट	kabir-clubbing	Bhakti & Katha	Hindi	Bhakti & Katha	true	38
labels	bhakti-and-katha	Bhakti & Katha	75291d2d-784d-46f7-8c5a-774e99eb3e3e	सिंहिका पथ दियाये केतु भागे भटका भटक	kabir-clubbing	Bhakti & Katha	Hindi	Bhakti & Katha	true	38
labels	bhakti-and-katha	Bhakti & Katha	4ddbdc9c-240c-4e5d-8b50-ee61576d136e	हट हट हट होनी तू हट	kabir-clubbing	Bhakti & Katha	Hindi	Bhakti & Katha	true	45
labels	bhakti-and-katha	Bhakti & Katha	a24721b3-51c9-48b8-997b-0aab5ae3f158	Vocals : "हा... हू... हौ... हन्... हनु... हनु...	kabir-clubbing	Bhakti & Katha	English	Bhakti & Katha	true	7
labels	bhakti-and-katha	Bhakti & Katha	ce81e083-36e5-4e52-9024-06159cb42409	काश वो बचपन फिर से लौट आए	kabir-clubbing	Bhakti & Katha	Hindi	Bhakti & Katha	true	31
labels	bhakti-and-katha	Bhakti & Katha	6d0a9964-c0d3-45cf-925a-c9fa28f97ba3	काश वो बचपन फिर से लौट आए	kabir-clubbing	Bhakti & Katha	Hindi	Bhakti & Katha	true	23
labels	bhakti-and-katha	Bhakti & Katha	b1bd425e-a117-432d-81ca-2acb4c87fa00	काश वो बचपन फिर से लौट आए	kabir-clubbing	Bhakti & Katha	Hindi	Bhakti & Katha	true	23
labels	bhakti-and-katha	Bhakti & Katha	0551f9c5-85b2-43c5-a715-b29b3a10df0c	कबीर निर्गुण	kabir-clubbing	Bhakti & Katha	Hindi	Acoustic Neural Trans fused with Raw Crisp Drill Beats, emotional Sufi-Drill voc	true	41
labels	bhakti-and-katha	Bhakti & Katha	77a40556-adc6-4bd2-bf2d-3bfac249ad2a	मूल्यों के प्रति ये निष्ठा अपनी	kabir-clubbing	Bhakti & Katha	Hindi	Bhakti & Katha	true	41
labels	bhakti-and-katha	Bhakti & Katha	ccd4fdeb-6879-4797-ae1f-f37fe6330b64	पिंगल-बाइनरी ट्राम	kabir-clubbing	Bhakti & Katha	Hindi	neural radio program for students	true	38
labels	bhakti-and-katha	Bhakti & Katha	a37f2f45-fd0e-4254-a6cc-1dd4376ceaa2	नाम तेरे रखे अनेक	kabir-clubbing	Bhakti & Katha	Hindi	Bhakti & Katha	true	36
labels	bhakti-and-katha	Bhakti & Katha	f0e7033c-a246-4902-a230-945e9796c695	नाम तेरे रखे अनेक	kabir-clubbing	Bhakti & Katha	Hindi	Bhakti & Katha	true	61
labels	bhakti-and-katha	Bhakti & Katha	e553b9c9-27cd-43b9-a4e0-f97ca910e45d	तोरै ही भरोसो	kabir-clubbing	Bhakti & Katha	Hindi	Bhakti & Katha	true	1
labels	bhakti-and-katha	Bhakti & Katha	4ee44646-3967-4f0a-bbae-22021f58063f	तुझ पर ही भरोसा... तुझ पर है यक़ीन	kabir-clubbing	Bhakti & Katha	Hindi	Bhakti & Katha	true	1
labels	bhakti-and-katha	Bhakti & Katha	438a6526-4837-43f4-a7e5-50ae007fa00d	माताओं के दिवस नहीं	kabir-clubbing	Bhakti & Katha	Hindi	Bhakti & Katha	true	42
labels	bhakti-and-katha	Bhakti & Katha	7f168537-a968-41cb-ba05-f17737463764	घूँघट के पट खोलि दे आली	kabir-clubbing	Bhakti & Katha	Hindi	Bhakti & Katha	true	43
labels	bhakti-and-katha	Bhakti & Katha	0ad49695-99db-42e9-8a89-cc45b2f0875d	कौन कहे मनुस को जनम अभागो	kabir-clubbing	Bhakti & Katha	Hindi	Bhakti & Katha	true	16
labels	bhakti-and-katha	Bhakti & Katha	2ad65ecc-4658-4a67-ad4f-68cbd8705a93	तोरी बंसी की तान... सुनन को तरस गए मोरे कान।	kabir-clubbing	Bhakti & Katha	Hindi	Bhakti & Katha	true	65
labels	bhakti-and-katha	Bhakti & Katha	bc6100f3-8fad-4df5-a8c1-3cd98848d069	तोरी बंसी की तान	kabir-clubbing	Bhakti & Katha	Hindi	Bhakti & Katha	true	43
labels	bhakti-and-katha	Bhakti & Katha	b4c47e00-23e3-4b09-aafa-1ea1cb27d65c	तोरी बंसी की तान	kabir-clubbing	Bhakti & Katha	Hindi	Bhakti & Katha	true	20
labels	bhakti-and-katha	Bhakti & Katha	0d0501a9-8f1f-4a21-98f0-69b8429600fd	तोरी बंसी की तान	kabir-clubbing	Bhakti & Katha	Hindi	Bhakti & Katha	true	20
labels	bhakti-and-katha	Bhakti & Katha	9a2ad423-1f61-4b9b-896d-68cb77193f5c	तोरी बंसी की तान	kabir-clubbing	Bhakti & Katha	Hindi	Bhakti & Katha	true	20
labels	bhakti-and-katha	Bhakti & Katha	8e2f8fd9-7f9d-4716-94c1-4bac528a767b	तेरी बंसी की तान	kabir-clubbing	Bhakti & Katha	Hindi	Bhakti & Katha	true	19
labels	bhakti-and-katha	Bhakti & Katha	40960b06-71f2-42db-a4f7-ca440d0a25be	तेरी बंसी की तान	kabir-clubbing	Bhakti & Katha	Hindi	Bhakti & Katha	true	30
labels	bhakti-and-katha	Bhakti & Katha	45ebedf4-7d51-4716-a12b-764243daad4a	Pinki… Pinki… maut ka samaan	kabir-clubbing	Bhakti & Katha	English	Bhakti & Katha	true	8
labels	bhakti-and-katha	Bhakti & Katha	a5469ce5-e8c0-40f9-86c7-934fe766e66a	चलते पर्वत	kabir-clubbing	Bhakti & Katha	Hindi	Bhakti & Katha	true	57
labels	bhakti-and-katha	Bhakti & Katha	3a04f1ee-76c8-4231-a913-8316bd017536	प्यार प्यार प्यार रहे	kabir-clubbing	Bhakti & Katha	Hindi	Bhakti & Katha	true	50
labels	bhakti-and-katha	Bhakti & Katha	376451ac-cca7-45f8-888b-707b3fce09ba	अंक 1 – शहर	kabir-clubbing	Bhakti & Katha	Hindi	Bhakti & Katha	true	36
labels	bhakti-and-katha	Bhakti & Katha	dbccc64f-268b-4c67-b479-32878a298eab	आंसू तौल-मोल	kabir-clubbing	Bhakti & Katha	Hindi	[Artist: P.H.K.D. (Pure Honest Kabir Driven) Genre: Trans UX, use ambience sound	true	36
labels	bhakti-and-katha	Bhakti & Katha	2f8b76a0-2fea-4f3f-9f7f-09611a2f27d7	माटी घट-विक्री	kabir-clubbing	Bhakti & Katha	Hindi	[Artist: P.H.K.D. (Pure Honest Kabir Driven) Genre: Spiritual Phonk / Cinematic	true	34
labels	bhakti-and-katha	Bhakti & Katha	134c2704-6219-40e0-ac0d-cb7ea6ad4857	कबीरा न रो	kabir-clubbing	Bhakti & Katha	Hindi	Bhakti & Katha	true	34
labels	bhakti-and-katha	Bhakti & Katha	e7929024-f570-473c-9c81-bd82372023c1	कबीरा नमक मंडी	kabir-clubbing	Bhakti & Katha	Hindi	[Artist: P.H.K.D. (Pure Honest Kabir Driven) Genre: Spiritual Phonk / Cinematic	true	34
labels	bhakti-and-katha	Bhakti & Katha	cd4e2b2c-3363-4c01-81bd-4482ad356954	कबीरा नमक मंडी	kabir-clubbing	Bhakti & Katha	Hindi	[Artist: P.H.K.D. (Pure Honest Kabir Driven) Genre: Spiritual Phonk / Cinematic	true	34
labels	bhakti-and-katha	Bhakti & Katha	5b609e38-5b63-4174-ab7f-05565cfb36bd	कबीरा न रो	kabir-clubbing	Bhakti & Katha	Hindi	Bhakti & Katha	true	13
labels	bhakti-and-katha	Bhakti & Katha	a8149b61-2d92-49dc-953c-4ada38600bae	कबीरा न रो	kabir-clubbing	Bhakti & Katha	Hindi	Bhakti & Katha	true	41
labels	bhakti-and-katha	Bhakti & Katha	a908fdd1-014a-4f0a-8f1d-eb3e613a3396	Kabira Sanak	kabir-clubbing	Bhakti & Katha	English	[Genre: Afrobeat, Chinese folk, Erhu, Guzheng, Telugu folk, Tamil folk, Bangla f	true	63
labels	bhakti-and-katha	Bhakti & Katha	3018222c-053b-4835-ac77-5369dfc07619	कबीरा न रो	kabir-clubbing	Bhakti & Katha	Hindi	Bhakti & Katha	true	63
labels	bhakti-and-katha	Bhakti & Katha	75a7a676-5662-4f89-b35d-b1f787192f99	कबीरा न रो	kabir-clubbing	Bhakti & Katha	Hindi	Bhakti & Katha	true	84
labels	bhakti-and-katha	Bhakti & Katha	119e5763-3ed3-4801-b36d-5146d62459cb	कबीरा न रो	kabir-clubbing	Bhakti & Katha	Hindi	Bhakti & Katha	true	32
labels	bhakti-and-katha	Bhakti & Katha	b893c0fe-1e67-4f62-9a13-005c52b42182	कबीरा न रो	kabir-clubbing	Bhakti & Katha	Hindi	[Genre: Afrobeat, Afro-fusion, Indian folk fusion, spiritual, philosophical, tal	true	32
labels	bhakti-and-katha	Bhakti & Katha	2e0e6ce6-2cc7-486b-a473-7cb8e45e78e8	Kabira na ro	kabir-clubbing	Bhakti & Katha	English	Bhakti & Katha	true	20
labels	bhakti-and-katha	Bhakti & Katha	b9b2a6e0-f8d8-4111-b187-f3d395a61245	नेता नेमा — नमकहराम	kabir-clubbing	Bhakti & Katha	Hindi	Bhakti & Katha	true	37
labels	bhakti-and-katha	Bhakti & Katha	9bc77208-c25b-427f-8860-d87651658f49	अंखिया न देखूँ	kabir-clubbing	Bhakti & Katha	Hindi	Bhakti & Katha	true	41
labels	bhakti-and-katha	Bhakti & Katha	889cb216-db14-474f-9186-192f838f34cf	Kabir Clubdevotion	kabir-clubbing	Bhakti & Katha	English	Style/Genre: Afro-house meets Sexy Drill meets Indian Bhajan, 110 BPM, heavy log	true	17
labels	bhakti-and-katha	Bhakti & Katha	de9697c5-2352-4e2d-b84e-6f5ba6d6e35e	Kabir Shayo Groove	kabir-clubbing	Bhakti & Katha	English	[style: Afro-house meets Sexy Drill meets Indian Bhajan, 110 BPM, log drums, con	true	17
labels	bhakti-and-katha	Bhakti & Katha	9f37476d-d3d6-4986-94f7-243dd1767838	बंद आँखों से प्रत्यक्ष	kabir-clubbing	Bhakti & Katha	Hindi	Bhakti & Katha	true	17
labels	bhakti-and-katha	Bhakti & Katha	3d8b096f-9f2a-4def-815f-b12ca6b1d3de	Kabir Shayo Groove	kabir-clubbing	Bhakti & Katha	English	[style: Afro-house meets Sexy Drill meets Indian Bhajan, 110 BPM, log drums, con	true	17
labels	bhakti-and-katha	Bhakti & Katha	4f57a0d7-1f5e-47fe-a249-405c77fc2ddf	Kabir Pillar Collapse	kabir-clubbing	Bhakti & Katha	English	[style: devotional drill, Indian bhajan meets Sexy Drill, 60 BPM, harmonium + he	true	27
labels	bhakti-and-katha	Bhakti & Katha	55944a75-e58c-47d0-b0fd-0053dcf655e5	बंद आँखों से प्रत्यक्ष	kabir-clubbing	Bhakti & Katha	Hindi	Bhakti & Katha	true	27
labels	bhakti-and-katha	Bhakti & Katha	261bc9a5-7397-48d4-8adb-d5ddf5d4b2c5	Eyes closed	kabir-clubbing	Bhakti & Katha	English	Bhakti & Katha	true	10
labels	bhakti-and-katha	Bhakti & Katha	55b087c3-f3be-437a-9900-27fd029e6c9c	अधूरे से मंत्रों में पूर्ण की परिकल्पना	kabir-clubbing	Bhakti & Katha	Hindi	Bhakti & Katha	true	27
labels	bhakti-and-katha	Bhakti & Katha	5bb71084-6ab7-4e1b-b9d2-1b1f5dcd962a	ला ला ला ला ला ला	kabir-clubbing	Bhakti & Katha	Hindi	Bhakti & Katha	true	40
labels	bhakti-and-katha	Bhakti & Katha	23ec5f01-efef-4073-8948-4870619c32c9	ला ला ला ला ला ला	kabir-clubbing	Bhakti & Katha	Hindi	Bhakti & Katha	true	37
labels	bhakti-and-katha	Bhakti & Katha	9feeffc6-46ed-4d5d-9f48-82803d34d8ca	ला ला ला ला ला ला	kabir-clubbing	Bhakti & Katha	Hindi	Bhakti & Katha	true	40
labels	bhakti-and-katha	Bhakti & Katha	d65dfcf3-c12e-4e51-9d93-f6f106c0ca3f	Baharupiya Reboot	kabir-clubbing	Bhakti & Katha	English	[Style: Cyberpunk + Hyper Rap + Neural Lo-fi + Raw Kabir + Time Travel Vibe + Da	true	76
labels	bhakti-and-katha	Bhakti & Katha	0af7e65f-47a4-4c0f-aed2-53fa90952fb4	Baharupiya Reboot	kabir-clubbing	Bhakti & Katha	English	[Style: Cyberpunk + Hyper Rap + Neural Lo-fi + Raw Kabir + Time Travel Vibe + Da	true	76
labels	bhakti-and-katha	Bhakti & Katha	54bf5f39-3312-4413-8690-fc756c1e073b	लोग कहते हैं तेरे होने से मेरी तदबीर तबाह है	kabir-clubbing	Bhakti & Katha	Hindi	Bhakti & Katha	true	48
labels	bhakti-and-katha	Bhakti & Katha	dc660165-69b6-427e-bf5d-63ad71c4fe72	क्या बताऊँ	kabir-clubbing	Bhakti & Katha	Hindi	Bhakti & Katha	true	78
labels	bhakti-and-katha	Bhakti & Katha	1ce73d27-b360-4dfa-8533-a54c5e1743b0	क्या बयाँ करूँ	kabir-clubbing	Bhakti & Katha	Hindi	Bhakti & Katha	true	78
labels	bhakti-and-katha	Bhakti & Katha	42b244c3-4969-4900-a05f-905ab4afdd3a	क्या बयाँ करूँ	kabir-clubbing	Bhakti & Katha	Hindi	Bhakti & Katha	true	79
labels	bhakti-and-katha	Bhakti & Katha	ec8c8bad-3326-4953-a468-776d3732f487	Log kahte hain tere hone se meri tadbeer barbaad	kabir-clubbing	Bhakti & Katha	English	Bhakti & Katha	true	39
labels	bhakti-and-katha	Bhakti & Katha	b85e41bd-e69a-481f-b12a-88bbf8b8902b	Kya kahoon	kabir-clubbing	Bhakti & Katha	English	Bhakti & Katha	true	136
labels	bhakti-and-katha	Bhakti & Katha	cba259ca-2b8c-46df-b367-0ff9b780bbe2	कुछ भी व्यर्थ नहीं जाए	kabir-clubbing	Bhakti & Katha	Hindi	Bhakti & Katha	true	34
labels	bhakti-and-katha	Bhakti & Katha	91dc965a-d24b-4254-bfb1-8d7c28015225	जागता कबीर	kabir-clubbing	Bhakti & Katha	Hindi	warm analog saturation, plate reverb on vocals, close-mic vocal position, tabla	true	51
labels	bhakti-and-katha	Bhakti & Katha	e1b56541-6cab-4cc3-af30-269fc2cc21d8	ओ.......... जी......... मेरे........ सरकार......	kabir-clubbing	Bhakti & Katha	Hindi	Bhakti & Katha	true	57
labels	bhakti-and-katha	Bhakti & Katha	92aab6f9-e79d-4b27-af30-0a7ab03f0536	एक केवट के ले जाने से	kabir-clubbing	Bhakti & Katha	Hindi	Bhakti & Katha	true	40
labels	bhakti-and-katha	Bhakti & Katha	83603ef3-3ea0-4277-a309-8bfaadcd9dbc	१. हरियाणवी रागनी	kabir-clubbing	Bhakti & Katha	Hindi	Bhakti & Katha	true	26
labels	bhakti-and-katha	Bhakti & Katha	f3e77ca3-d3b1-4029-8814-3da77d041154	(untitled)	kabir-clubbing	Bhakti & Katha	English	"A raw, minimalist, and hauntingly soulful PHKD (Folk-HipHop-Kabir) fusion. The	true	27
labels	bhakti-and-katha	Bhakti & Katha	fbbf00c4-df9a-4c12-8222-5a8f83d3d229	ज़ीरो के उन हीरों को	kabir-clubbing	Bhakti & Katha	Hindi	Bhakti & Katha	true	27
labels	bhakti-and-katha	Bhakti & Katha	7d695546-b4a9-4369-8770-054ea7711700	This is for informational purposes only. For med	kabir-clubbing	Bhakti & Katha	English	Bhakti & Katha	true	22
labels	bhakti-and-katha	Bhakti & Katha	c6c9c569-2051-4d98-ba3c-85f7982b04b9	विदाई रो दुख लागे रे	kabir-clubbing	Bhakti & Katha	Hindi	Bhakti & Katha	true	21
labels	bhakti-and-katha	Bhakti & Katha	a41086c8-d15a-40b1-a8c7-8a6d0a450688	दादा फौजी बनवा दे न	kabir-clubbing	Bhakti & Katha	Hindi	Bhakti & Katha	true	24
labels	bhakti-and-katha	Bhakti & Katha	42eea408-81a9-4c2f-8ffb-8d5c5656d202	फौजी बनवा दे न	kabir-clubbing	Bhakti & Katha	Hindi	Bhakti & Katha	true	53
labels	bhakti-and-katha	Bhakti & Katha	e5e11b4f-d05d-444f-9b0e-5b91e5e70206	kush..mana..da	kabir-clubbing	Bhakti & Katha	English	[Style: Rajasthani Folk + Bhakti Rap + Ambient Cinematic]  [Tempo: 88 BPM] [Scal	true	43
labels	bhakti-and-katha	Bhakti & Katha	8d7517ab-5f3a-4d8e-b2e4-92f170be6ed4	maa… maa… maa	kabir-clubbing	Bhakti & Katha	English	Bhakti & Katha	true	78
labels	bhakti-and-katha	Bhakti & Katha	35c9d20a-94e6-4b53-9e14-073f7c519e47	ॐ देवी चन्द्रघण्टायै नमः	kabir-clubbing	Bhakti & Katha	Sanskrit	Bhakti & Katha	true	92
labels	bhakti-and-katha	Bhakti & Katha	1482a051-de1c-4ca4-bc3b-2a183763c075	ए री माता गौर आई रे	kabir-clubbing	Bhakti & Katha	Hindi	Bhakti & Katha	true	100
labels	bhakti-and-katha	Bhakti & Katha	e09752f7-8498-4ed6-bcf6-594f85308686	गणगौर आई रे	kabir-clubbing	Bhakti & Katha	Hindi	Bhakti & Katha	true	48
labels	bhakti-and-katha	Bhakti & Katha	050e19ec-ac35-452e-bb9e-16277b396b08	गणगौर आई रे… आई रे… आई रे	kabir-clubbing	Bhakti & Katha	Hindi	Bhakti & Katha	true	22
labels	bhakti-and-katha	Bhakti & Katha	75687504-db82-463a-96f8-62dd4c6ad2b1	gangaur aayi re aayi re aayi re	kabir-clubbing	Bhakti & Katha	English	Bhakti & Katha	true	21
labels	bhakti-and-katha	Bhakti & Katha	971b76d4-9982-4b49-9419-b8e39097a769	हे र अ अ अ	kabir-clubbing	Bhakti & Katha	Hindi	Bhakti & Katha	true	26
labels	bhakti-and-katha	Bhakti & Katha	5b1a2a19-1787-49a9-b01a-795121534e08	Dekh mere yaar	kabir-clubbing	Bhakti & Katha	English	Bhakti & Katha	true	27
labels	bhakti-and-katha	Bhakti & Katha	a33956a5-2081-468d-b0aa-1507b51cf541	हे र अ अ अ...	kabir-clubbing	Bhakti & Katha	Hindi	Bhakti & Katha	true	42
labels	bhakti-and-katha	Bhakti & Katha	5813c3d7-64ae-4dcd-86cc-6c4cc319f0d7	He Ra a a a	kabir-clubbing	Bhakti & Katha	English	Bhakti & Katha	true	51
labels	bhakti-and-katha	Bhakti & Katha	7c45ec0d-f3b8-4cb9-beaf-2d74f4302da5	रत्नावली की रत्नावली	kabir-clubbing	Bhakti & Katha	Hindi	Bhakti & Katha	true	125
labels	bhakti-and-katha	Bhakti & Katha	69ad7184-23e8-475b-8193-a947d68dc738	लालाल-लाल हनु होनी बोले	kabir-clubbing	Bhakti & Katha	Hindi	Bhakti & Katha	true	79
labels	bhakti-and-katha	Bhakti & Katha	a8134b33-18e5-4f3f-a044-32a2f8db1161	लालाल-लाल हनु होनी बोले	kabir-clubbing	Bhakti & Katha	Hindi	Bhakti & Katha	true	82
labels	bhakti-and-katha	Bhakti & Katha	b3f171d7-567c-439e-9d6c-8aec3854e4a1	मने मेरी माँ	kabir-clubbing	Bhakti & Katha	Hindi	Bhakti & Katha	true	88
labels	bhakti-and-katha	Bhakti & Katha	9b80022a-996a-488b-82c6-8377e3dda26a	(untitled)	kabir-clubbing	Bhakti & Katha	English	सिनेमैटिक ड्रामा कैरेक्टर्स लार्जर देन लाइफ न्यूरल चक्रा अवेकनिंग the science वै	true	19
labels	bhakti-and-katha	Bhakti & Katha	4edf51d3-f4e1-4827-a506-85192bc47867	दृश्य: महामात्य का 'विराट' क्रोध	kabir-clubbing	Bhakti & Katha	Hindi	Bhakti & Katha	true	19
labels	bhakti-and-katha	Bhakti & Katha	ca39964f-fe6f-417b-8869-8ff0a2749fab	(untitled)	kabir-clubbing	Bhakti & Katha	English	सिनेमैटिक ड्रामा कैरेक्टर्स लार्जर देन लाइफ न्यूरल चक्रा अवेकनिंग the science वै	true	13
labels	bhakti-and-katha	Bhakti & Katha	98fd044c-85e8-4661-bfd1-c295679b7801	(untitled)	kabir-clubbing	Bhakti & Katha	English	सिनेमैटिक ड्रामा कैरेक्टर्स लार्जर देन लाइफ न्यूरल चक्रा अवेकनिंग the science वै	true	13
labels	bhakti-and-katha	Bhakti & Katha	5dae1dc4-0ca1-43fa-8d39-63cbce1d6cc4	मने मेरी माँ	kabir-clubbing	Bhakti & Katha	Hindi	Bhakti & Katha	true	177
labels	bhakti-and-katha	Bhakti & Katha	fe0a5f9a-addb-4bcf-8cec-503ccf732ea0	मने मेरी माँ	kabir-clubbing	Bhakti & Katha	Hindi	Bhakti & Katha	true	177
labels	bhakti-and-katha	Bhakti & Katha	8372084d-8049-4db1-a68a-fd8ac5eb438c	मने मेरी माँ	kabir-clubbing	Bhakti & Katha	Hindi	Bhakti & Katha	true	96
labels	bhakti-and-katha	Bhakti & Katha	4bb71763-a381-4680-aace-94dddb13d3f5	सुनो र मेरी शान फौजी	kabir-clubbing	Bhakti & Katha	Hindi	Bhakti & Katha	true	32
labels	bhakti-and-katha	Bhakti & Katha	d4ffa363-4285-40ba-8e17-48ff83716c88	हाय र मेरी शान फौजी	kabir-clubbing	Bhakti & Katha	Hindi	Bhakti & Katha	true	46
labels	bhakti-and-katha	Bhakti & Katha	00dc1de7-95fa-48ae-98bc-cfa3a4e35ef3	हाय र मेरी शान फौजी	kabir-clubbing	Bhakti & Katha	Hindi	Bhakti & Katha	true	70
labels	bhakti-and-katha	Bhakti & Katha	ee50a4e3-c4b6-4f9b-9063-c75f82168ff5	जय हिन्द – जय हिन्द के नारे त	kabir-clubbing	Bhakti & Katha	Hindi	Bhakti & Katha	true	48
labels	bhakti-and-katha	Bhakti & Katha	ba695ae4-1b95-4193-b8db-5a873b79c6c4	म्हारी माता के मस्तक पे	kabir-clubbing	Bhakti & Katha	Hindi	Bhakti & Katha	true	76
labels	bhakti-and-katha	Bhakti & Katha	01105ba5-4a3d-4314-8720-0437796ffc45	नम्मा	kabir-clubbing	Bhakti & Katha	Hindi	Bhakti & Katha	true	92
labels	bhakti-and-katha	Bhakti & Katha	711f7e2e-f0b6-4c14-8e99-e10c4e480b9e	दौड़ में सब जीत लिया	kabir-clubbing	Bhakti & Katha	Hindi	Bhakti & Katha	true	38
labels	bhakti-and-katha	Bhakti & Katha	ffa5cf10-0865-4bac-9d60-f37822b2f922	Verse 1	kabir-clubbing	Bhakti & Katha	English	Bhakti & Katha	true	40
labels	bhakti-and-katha	Bhakti & Katha	b3551c59-d528-429c-a6a6-0768b5981845	उत्कर्ष का आभास है	kabir-clubbing	Bhakti & Katha	Hindi	Bhakti & Katha	true	28
labels	bhakti-and-katha	Bhakti & Katha	a25843ec-cf77-404a-ba33-1c77bf208a5f	जय सिया राम	kabir-clubbing	Bhakti & Katha	Hindi	Bhakti & Katha	true	76
labels	bhakti-and-katha	Bhakti & Katha	1a0e5d48-e452-49c3-aa99-901dbf9b1e23	राम की गिलहरी का एक ही काम	kabir-clubbing	Bhakti & Katha	Hindi	Bhakti & Katha	true	11
labels	bhakti-and-katha	Bhakti & Katha	e60a91fa-776c-4076-8d17-2b16fc0b4a46	जय सिया राम	kabir-clubbing	Bhakti & Katha	Hindi	Bhakti & Katha	true	38
labels	bhakti-and-katha	Bhakti & Katha	fb702292-2df5-48c4-a411-e9ef6e6dee7c	तू तो न्यू चाले छोरी	kabir-clubbing	Bhakti & Katha	Hindi	Bhakti & Katha	true	58
labels	bhakti-and-katha	Bhakti & Katha	40f5ec47-9a5c-45e0-8821-71f32e377d2c	अगड़म बगड़म डिगड़म डू	kabir-clubbing	Bhakti & Katha	Hindi	Bhakti & Katha	true	53
labels	bhakti-and-katha	Bhakti & Katha	6815cf49-e461-4ae3-a61f-755b3568de88	माएं तू मान जाइये रि	kabir-clubbing	Bhakti & Katha	Hindi	Bhakti & Katha	true	30
labels	bhakti-and-katha	Bhakti & Katha	c7eb6659-3af1-4afd-9c2e-73cd9ddbaa3a	माएं तू मान जाइये रि	kabir-clubbing	Bhakti & Katha	Hindi	Bhakti & Katha	true	37
labels	haryanvi-folk	Haryanvi Folk	fc641c78-b723-4744-a9f0-93ca40542e4f	समाज की खोज का सुनो इतिहास	ameerpur	Haryanvi Folk	Haryanvi	Haryanvi Folk	true	47
labels	haryanvi-folk	Haryanvi Folk	4573b54b-63f0-4dac-9e7a-4ba9ddf8acbc	समाज की खोज का सुनो इतिहास	ameerpur	Haryanvi Folk	Haryanvi	Haryanvi Folk	true	20
labels	haryanvi-folk	Haryanvi Folk	961c3ee7-95d5-4fc3-86be-9fc9344cb1b1	चाणक्य की नीति गाओ	ameerpur	Haryanvi Folk	Haryanvi	Haryanvi Folk	true	46
labels	haryanvi-folk	Haryanvi Folk	a3348700-9ecb-4d78-8344-aaf875575f8f	तेरे बिना मैंने परदेसां में	ameerpur	Haryanvi Folk	Haryanvi	Haryanvi Folk	true	37
labels	haryanvi-folk	Haryanvi Folk	6773c614-261b-461b-9eab-54efb5810575	साहब	ameerpur	Haryanvi Folk	Haryanvi	Haryanvi Folk	true	49
labels	haryanvi-folk	Haryanvi Folk	62780b6c-9eb0-43e2-91f7-38e05b1458db	साहब	ameerpur	Haryanvi Folk	Haryanvi	Haryanvi Folk	true	23
labels	haryanvi-folk	Haryanvi Folk	9a501fdc-42a2-43b9-b72f-4acea519537c	जिंदगी... तू जमा उघाड़ी है	ameerpur	Haryanvi Folk	Haryanvi	Haryanvi Folk	true	64
labels	haryanvi-folk	Haryanvi Folk	eeadca81-afe0-426b-aec0-9bb8e7226283	जिंदगी... तू जमा उघाड़ी है	ameerpur	Haryanvi Folk	Haryanvi	Haryanvi Folk	true	29
labels	haryanvi-folk	Haryanvi Folk	79c1b363-10f4-4f23-a2d0-846a1ff744ec	जाट जाट जाट जाट खिले हुए rose हैं	ameerpur	Haryanvi Folk	Haryanvi	Haryanvi Folk	true	54
labels	haryanvi-folk	Haryanvi Folk	42bde3ea-cba3-4e45-acdb-d8b8a10379ca	जाट जाट जाट जाट खिले हुए rose हैं	ameerpur	Haryanvi Folk	Haryanvi	Haryanvi Folk	true	34
labels	haryanvi-folk	Haryanvi Folk	a10e118d-a2df-428c-add4-6624a46a39fc	जटाओं की गड़गड़ाहट	ameerpur	Haryanvi Folk	Haryanvi	[Genre: Haryanvi folk, Rajasthani folk, Afghan rubab, dambura, dhol, bakhshi sty	true	34
labels	haryanvi-folk	Haryanvi Folk	d3340fe8-0440-4a60-afec-7b57312659b8	जटाओं की डमकार	ameerpur	Haryanvi Folk	Haryanvi	[Genre: Haryanvi folk, Rajasthani folk, Afghan rubab, dambura, dhol, bakhshi sty	true	34
labels	haryanvi-folk	Haryanvi Folk	c7719c74-3520-40ba-9a5a-48be9a8e9af4	जटाओं की डमकार	ameerpur	Haryanvi Folk	Haryanvi	[Genre: Haryanvi folk, Rajasthani folk, Afghan rubab, dambura, dhol, bakhshi sty	true	34
labels	haryanvi-folk	Haryanvi Folk	f5ca7479-1bc5-4df4-a86e-e410e27b36cb	जिसकी लांबी लांबी चोटी	ameerpur	Haryanvi Folk	Haryanvi	Haryanvi Folk	true	56
labels	haryanvi-folk	Haryanvi Folk	2dbdbe4b-7abb-4214-b3ea-768e09a3cce1	तेरी चप्पल	ameerpur	Haryanvi Folk	Haryanvi	Haryanvi Folk	true	51
labels	haryanvi-folk	Haryanvi Folk	5d3de852-628c-4d4e-83dc-4e2d0f91338a	तेरी चप्पल	ameerpur	Haryanvi Folk	Haryanvi	Haryanvi Folk	true	49
labels	haryanvi-folk	Haryanvi Folk	b39a1673-b9c4-4eda-a3c6-a9ce936d589f	वो धर्म का जाप था	ameerpur	Haryanvi Folk	Haryanvi	Haryanvi Folk	true	40
labels	haryanvi-folk	Haryanvi Folk	21b9c825-4413-4f7f-90c9-7bcd81cc55c0	वो धर्म का जाप था	ameerpur	Haryanvi Folk	Haryanvi	Haryanvi Folk	true	20
labels	haryanvi-folk	Haryanvi Folk	565636d5-7042-4a96-88a9-f7835e3df3d0	आशिका न	ameerpur	Haryanvi Folk	Haryanvi	Haryanvi Folk	true	57
labels	haryanvi-folk	Haryanvi Folk	b564bd23-5730-4718-b0f9-e2fb7eba934f	आशिका न	ameerpur	Haryanvi Folk	Haryanvi	Haryanvi Folk	true	60
labels	haryanvi-folk	Haryanvi Folk	48633b3f-1638-40cc-b3e8-55bd791ea44e	इतनी करीब आ जाती है	ameerpur	Haryanvi Folk	Haryanvi	Haryanvi Folk	true	22
labels	haryanvi-folk	Haryanvi Folk	6fe0efcf-2803-4ea7-83a7-a2f0a923176d	एक फूल ओ सुनहरा	ameerpur	Haryanvi Folk	Haryanvi	Haryanvi Folk	true	101
labels	haryanvi-folk	Haryanvi Folk	4cacdec0-b868-46d6-b260-0944f8278d76	संग पत्तियां का फहरा	ameerpur	Haryanvi Folk	Haryanvi	Haryanvi Folk	true	68
labels	haryanvi-folk	Haryanvi Folk	809507be-5a63-49dc-8e0d-a16b87287cc8	पिंकी नाच	ameerpur	Haryanvi Folk	Haryanvi	Raw horror folk. Haryanvi male vocal - broken, crying, manic. Female vampire voc	true	46
labels	haryanvi-folk	Haryanvi Folk	55c1da3f-383e-4f89-b2f1-e371ee790fb4	नाच र पिंकी	ameerpur	Haryanvi Folk	Haryanvi	Haryanvi Folk	true	46
labels	haryanvi-folk	Haryanvi Folk	416d0856-a289-4daf-ade4-0c21dfa4b8dd	नाच र पिंकी	ameerpur	Haryanvi Folk	Haryanvi	Haryanvi Folk	true	63
labels	haryanvi-folk	Haryanvi Folk	67e8aee2-9b5a-47cc-88a6-741643a45909	पिंकी थाली	ameerpur	Haryanvi Folk	Haryanvi	[Genre: Cinematic Horror × Rajasthani Folk × Dark Disco × Haryanvi Vampire Weste	true	63
labels	haryanvi-folk	Haryanvi Folk	f23d5bb3-9dc9-487a-902e-fb31cc813dfd	नाच र पिंकी	ameerpur	Haryanvi Folk	Haryanvi	Haryanvi Folk	true	39
labels	haryanvi-folk	Haryanvi Folk	8f0c2cf6-a3ee-488c-a85c-95779c10cd5c	पिंकी का थाली	ameerpur	Haryanvi Folk	Haryanvi	[Genre: Cinematic Horror × Rajasthani Folk × Dark Disco × Haryanvi Vampire Weste	true	85
labels	haryanvi-folk	Haryanvi Folk	340e22ab-5a0e-4a4e-9138-9bece1f77dd1	मैं दौड़ता रहा	ameerpur	Haryanvi Folk	Haryanvi	Haryanvi Folk	true	29
labels	haryanvi-folk	Haryanvi Folk	01646a31-8208-4989-8914-d9835b9c98db	लगा बाज़ार जाने क्या-क्या बिकेगा आज	ameerpur	Haryanvi Folk	Haryanvi	Haryanvi Folk	true	24
labels	haryanvi-folk	Haryanvi Folk	a2f08a86-a136-4082-9a2c-eef50737cff7	Ank se jab hui shuruaat	ameerpur	Haryanvi Folk	Haryanvi	Haryanvi Folk	true	24
labels	haryanvi-folk	Haryanvi Folk	7a79f5a5-df08-4b19-b670-e23e71ff6738	आवाज़ों की अदालत में केस करे दीवाना	ameerpur	Haryanvi Folk	Haryanvi	Haryanvi Folk	true	17
labels	haryanvi-folk	Haryanvi Folk	62dda9f3-677d-48e5-bce1-b5243ae2f1e0	Baabaa bole – mat ro re deewaane	ameerpur	Haryanvi Folk	Haryanvi	Haryanvi Folk	true	41
labels	haryanvi-folk	Haryanvi Folk	68471c7c-8d42-4c98-9c0d-b3f038a459a7	झूलम-झूल झुलाऊँ	ameerpur	Haryanvi Folk	Haryanvi	Haryanvi Folk	true	38
labels	haryanvi-folk	Haryanvi Folk	ee581be0-afd5-4d91-afa7-7fa47bf6e1ad	धूर अम्बरां	ameerpur	Haryanvi Folk	Haryanvi	"High energy Haryanvi folk song, 120 BPM, heavy traditional dhol, stadium crowd	true	38
labels	haryanvi-folk	Haryanvi Folk	ae245f7e-6572-4a7b-9ef6-801c86e507f2	बादलां की लोर	ameerpur	Haryanvi Folk	Haryanvi	"High energy Haryanvi folk song, 120 BPM, heavy traditional dhol, stadium crowd	true	38
labels	haryanvi-folk	Haryanvi Folk	13bbd5ed-b7db-4959-a7d2-79dab85ad756	झूल्म-झूल झुलाऊँ	ameerpur	Haryanvi Folk	Haryanvi	Haryanvi Folk	true	38
labels	haryanvi-folk	Haryanvi Folk	5570be2c-5ead-44af-aa39-57f73225aaa6	मेरी लाडो बसंती	ameerpur	Haryanvi Folk	Haryanvi	Haryanvi Folk	true	34
labels	haryanvi-folk	Haryanvi Folk	3855893f-998c-4c3d-a2a1-3312d2a61986	लाडो बसंती	ameerpur	Haryanvi Folk	Haryanvi	Soulful Haryanvi folk, 100 BPM, male lead vocalist, breathy female backing vocal	true	34
labels	haryanvi-folk	Haryanvi Folk	bbc7b4ba-42c3-4395-bc2a-26134de64ab7	छोरा अघोरी	ameerpur	Haryanvi Folk	Haryanvi	Haryanvi Folk	true	93
labels	haryanvi-folk	Haryanvi Folk	e77952dc-af14-41a8-9ca5-44de89385d85	(untitled)	ameerpur	Haryanvi Folk	Haryanvi	Haryanvi Ragni Rock, Aggressive Male Folk Vocals, Heavy Sarangi, Industrial Drum	true	29
labels	haryanvi-folk	Haryanvi Folk	6b2681d0-8b5e-41fe-857c-74b2d7fcd89a	रंग रूप पै मान करै क्यूं	ameerpur	Haryanvi Folk	Haryanvi	Haryanvi Folk	true	29
labels	haryanvi-folk	Haryanvi Folk	e7905dfe-6d9b-4d8c-9f04-d1645c522f2f	ढोल नगाड़े बाज़न दे तू	ameerpur	Haryanvi Folk	Haryanvi	Haryanvi Folk	true	37
labels	haryanvi-folk	Haryanvi Folk	b6721538-96c3-408c-be12-613ca88da0d7	ढोल नगाड़े बाज़न दे तू	ameerpur	Haryanvi Folk	Haryanvi	Haryanvi Folk	true	54
labels	haryanvi-folk	Haryanvi Folk	8caed3b8-e9a9-48fa-9a64-adeedcfb6231	ढोल नगाड़े बाज़न दे तू	ameerpur	Haryanvi Folk	Haryanvi	Haryanvi Folk	true	56
labels	haryanvi-folk	Haryanvi Folk	dac03dd8-470e-453c-ba40-7a6da1100b59	हाय रे मच्छरी	ameerpur	Haryanvi Folk	Haryanvi	Haryanvi Folk	true	97
labels	haryanvi-folk	Haryanvi Folk	c3895754-34ef-42e5-b30f-03de838fa995	हाय रे मच्छरी	ameerpur	Haryanvi Folk	Haryanvi	Haryanvi Folk	true	168
labels	haryanvi-folk	Haryanvi Folk	11d2c6aa-6e6e-4b33-a0f1-514fb4e2cf9b	Not a curse	ameerpur	Haryanvi Folk	Haryanvi	Haryanvi Folk	true	175
labels	haryanvi-folk	Haryanvi Folk	3b5bc702-ef70-4745-9a21-5e41252a6c47	Yo Yo Pandit! बोल माआता का naam	ameerpur	Haryanvi Folk	Haryanvi	Haryanvi Folk	true	43
labels	haryanvi-folk	Haryanvi Folk	bf134052-5fe4-4f02-aa15-5757082f17fe	He shaheed shera	ameerpur	Haryanvi Folk	Haryanvi	Haryanvi Folk	true	36
labels	haryanvi-folk	Haryanvi Folk	374bbc29-2826-4b31-ba70-48ad9999fa35	(untitled)	ameerpur	Haryanvi Folk	Haryanvi	global fun haryanvi-superstar..  1000 girls 1 boy	true	45
labels	haryanvi-folk	Haryanvi Folk	bed764bc-151e-4046-a0b6-773835719384	Bhai Mardana... vajda rabab	ameerpur	Haryanvi Folk	Haryanvi	Haryanvi Folk	true	45
labels	haryanvi-folk	Haryanvi Folk	1b2ec847-7d17-420f-9042-dbced94d6763	गाम के छोरे	ameerpur	Haryanvi Folk	Haryanvi	Haryanvi Folk	true	90
labels	haryanvi-folk	Haryanvi Folk	6b3651e9-9f2d-4597-a0a5-de2414135203	(untitled)	ameerpur	Haryanvi Folk	Haryanvi	global fun haryanvi-superstar..  1000 girls 1 boy	true	90
labels	haryanvi-folk	Haryanvi Folk	2b4451e0-029c-4fb6-b9e5-78fd60f4046c	देव-दानव: यो गोबर नहीं	ameerpur	Haryanvi Folk	Haryanvi	Haryanvi Folk	true	33
labels	haryanvi-folk	Haryanvi Folk	fdfe3689-13d3-4488-96a7-d2b0ad9210da	गौसे ल्या दे	ameerpur	Haryanvi Folk	Haryanvi	Haryanvi Folk	true	99
labels	haryanvi-folk	Haryanvi Folk	cabac8a7-5365-4ff9-b762-86e8a6586cd1	पिया जी तेरी याद आती है	ameerpur	Haryanvi Folk	Haryanvi	Haryanvi Folk	true	48
labels	haryanvi-folk	Haryanvi Folk	448602fe-eb24-4bcd-9a1a-2d3d00a4c21b	पिया जी तेरी याद आवे सै	ameerpur	Haryanvi Folk	Haryanvi	Haryanvi Folk	true	57
labels	haryanvi-folk	Haryanvi Folk	7c657b60-4bbc-4e9f-90d4-2d42575ca1c6	(untitled)	ameerpur	Haryanvi Folk	Haryanvi	Genre: Haryanvi Ragni Folk, Dangal style Tempo: 75 BPM  Instruments: Dholak, han	true	57
labels	haryanvi-folk	Haryanvi Folk	cfbb1757-8e35-4d6f-a25d-810bab2e0e8a	पिया जी तेरी याद आती है	ameerpur	Haryanvi Folk	Haryanvi	Haryanvi Folk	true	55
labels	haryanvi-folk	Haryanvi Folk	6a41359d-7625-415a-bb50-9685b970ef3b	हाय हाय हाय… हाय लुगाई	ameerpur	Haryanvi Folk	Haryanvi	Haryanvi Folk	true	89
labels	haryanvi-folk	Haryanvi Folk	c694a74a-44a2-4a34-aee4-ffc260690881	(untitled)	ameerpur	Haryanvi Folk	Haryanvi	Style: Haryanvi Folk Ragni, Jogi Spiritual Anthem, Human Voice Driven, Minimal	true	89
labels	haryanvi-folk	Haryanvi Folk	ddf3ca17-816c-47e8-b49c-a5834334e64b	(untitled)	ameerpur	Haryanvi Folk	Haryanvi	Style: Haryanvi Folk Ragni, Jogi Spiritual Crow Anthem, Human Voice Driven, Fig	true	89
labels	haryanvi-folk	Haryanvi Folk	ada50c4b-3ce4-475c-b27e-f2536d77da49	(untitled)	ameerpur	Haryanvi Folk	Haryanvi	Style: Haryanvi Folk Ragni, Jogi Spiritual Anthem, Human Voice Driven, Minimal	true	89
labels	haryanvi-folk	Haryanvi Folk	fddbba2f-61ec-4d72-ad3f-69baba354abb	(untitled)	ameerpur	Haryanvi Folk	Haryanvi	Style: Haryanvi Folk Ragni, Jogi Spiritual Anthem, Human Voice Driven, Minimal	true	95
labels	haryanvi-folk	Haryanvi Folk	5a3ed490-c3be-4e41-99f0-3abc89a1f13d	हाय हाय हाय… हाय लुगाई	ameerpur	Haryanvi Folk	Haryanvi	Haryanvi Folk	true	95
labels	haryanvi-folk	Haryanvi Folk	e80360e4-03de-401c-ae2a-6936ff596b3f	(untitled)	ameerpur	Haryanvi Folk	Haryanvi	मलंगों का ग्रुप एक भविष्य के ट्रेन स्टेशन पर ट्रेन स्टेशन उद्गोषण  Style: Haryan	true	61
labels	haryanvi-folk	Haryanvi Folk	978c1c42-cd78-429d-952f-ff66978f4531	हाय हाय हाय… हाय लुगाई	ameerpur	Haryanvi Folk	Haryanvi	Haryanvi Folk	true	61
labels	haryanvi-folk	Haryanvi Folk	65fd8ecc-a24d-4af1-a21d-db7e5e5107e6	(untitled)	ameerpur	Haryanvi Folk	Haryanvi	Style: Haryanvi Folk Ragni, Jogi Spiritual Anthem, Human Voice Driven, Minimal F	true	100
labels	haryanvi-folk	Haryanvi Folk	513a10d6-1b4e-43a3-b1ef-a1c0427e3b78	हाय हाय हाय… हाय लुगाई	ameerpur	Haryanvi Folk	Haryanvi	Haryanvi Folk	true	100
labels	haryanvi-folk	Haryanvi Folk	4dd54537-f0dc-4226-b83f-32edeb629a35	(untitled)	ameerpur	Haryanvi Folk	Haryanvi	Style: Haryanvi Folk Ragni, Jogi Spiritual Anthem, Human Voice Driven, Minimal F	true	87
labels	haryanvi-folk	Haryanvi Folk	ea666c4c-b61d-46ea-a289-627704a7f204	हाय हाय हाय… हाय लुगाई	ameerpur	Haryanvi Folk	Haryanvi	Haryanvi Folk	true	87
labels	haryanvi-folk	Haryanvi Folk	e8c8a60e-4a6e-4924-b306-aeb182829a8b	हाय हाय हाय ... हाय लुगाई	ameerpur	Haryanvi Folk	Haryanvi	Haryanvi Folk	true	67
labels	haryanvi-folk	Haryanvi Folk	0021a7c0-89d9-4d5e-8967-d9c1095a9f77	सजन मेरा धोखेबाज़ है।	ameerpur	Haryanvi Folk	Haryanvi	Haryanvi Folk	true	64
labels	haryanvi-folk	Haryanvi Folk	aefdf09c-1e5d-4549-b489-188a4f354615	नागिन है	ameerpur	Haryanvi Folk	Haryanvi	Haryanvi Folk	true	23
labels	haryanvi-folk	Haryanvi Folk	cbd88d04-4767-4c26-8d29-ba96e43adce7	नागिन है	ameerpur	Haryanvi Folk	Haryanvi	Haryanvi Folk	true	22
labels	haryanvi-folk	Haryanvi Folk	4bd5f9be-6507-4e41-bad2-b3345f66e6cc	नागिन है	ameerpur	Haryanvi Folk	Haryanvi	Haryanvi Folk	true	41
labels	haryanvi-folk	Haryanvi Folk	f3c0d550-9297-4842-ba8b-b4a6118a71a6	नागिन है	ameerpur	Haryanvi Folk	Haryanvi	Haryanvi Folk	true	41
labels	haryanvi-folk	Haryanvi Folk	b9a9901e-2fa1-4550-aa1d-a1bb4dc7db40	अद्वैत पिता	ameerpur	Haryanvi Folk	Haryanvi	Haryanvi Folk	true	19
labels	haryanvi-folk	Haryanvi Folk	f08167a7-810e-47ac-928d-b72cd95f99f9	Naaraayana Uunh	ameerpur	Haryanvi Folk	Haryanvi	Desi haryanvi SuperFun superstar nagin।। 1000 snake charmers.. 1000 pungi.. 1 so	true	41
labels	haryanvi-folk	Haryanvi Folk	d94d112f-aa24-4a8e-9f37-be6d81219f5e	Naaraayana Uunh	ameerpur	Haryanvi Folk	Haryanvi	Desi haryanvi SuperFun superstar nagin।। 1000 snake charmers.. 1000 pungi.. 1 so	true	41
labels	haryanvi-folk	Haryanvi Folk	ddf4af6e-aef4-4ac2-9b4a-59cd3d896e25	(untitled)	ameerpur	Haryanvi Folk	Haryanvi	title mne meऋ भारत माँ  swatantra yantra folk ballad  genre  style haryanvi folk	true	96
labels	haryanvi-folk	Haryanvi Folk	c126fb19-0b0a-4e01-b48c-2bc66f1bb766	(untitled)	ameerpur	Haryanvi Folk	Haryanvi	Haryanvi Folk	false	0
labels	haryanvi-folk	Haryanvi Folk	0bf24918-dcf5-4396-9eff-75fff2af6946	मने मेरे देश	ameerpur	Haryanvi Folk	Haryanvi	Haryanvi Folk	true	71
labels	haryanvi-folk	Haryanvi Folk	afa3c84f-25e6-4dfe-88a0-9f638a8b1582	पिंकी हंस नंदिनी	ameerpur	Haryanvi Folk	Haryanvi	Haryanvi Folk	true	27
labels	haryanvi-folk	Haryanvi Folk	606fe1e9-61e4-4248-bd93-73fa98153abc	पिंकी हंस नंदिनी	ameerpur	Haryanvi Folk	Haryanvi	Haryanvi Folk	true	24
labels	haryanvi-folk	Haryanvi Folk	083ed8dc-672d-423d-bda9-9714b4ae62f4	पिंकी हंस नंदिनी	ameerpur	Haryanvi Folk	Haryanvi	Haryanvi Folk	true	24
labels	haryanvi-folk	Haryanvi Folk	8a5abcc5-bf22-4a21-be55-0e7dee8d4eb0	(untitled)	ameerpur	Haryanvi Folk	Haryanvi	Funky हरियाणवी folk रगनी duet  super funky	true	26
labels	haryanvi-folk	Haryanvi Folk	c2cfd34c-47f2-44fc-9c9d-dcb40dfd0ffc	(untitled)	ameerpur	Haryanvi Folk	Haryanvi	Funky हरियाणवी folk रगनी duet	true	26
labels	haryanvi-folk	Haryanvi Folk	f6b91a35-6661-45fa-af60-6af4f69f5adc	(untitled)	ameerpur	Haryanvi Folk	Haryanvi	Funky हरियाणवी folk रगनी duet	true	26
labels	haryanvi-folk	Haryanvi Folk	e2525d01-1af3-4f50-b3ff-5d0cc10ba18e	(untitled)	ameerpur	Haryanvi Folk	Haryanvi	create a haryanvi bollywood patriotic blockbuster song about a brave indian sold	true	32
labels	haryanvi-folk	Haryanvi Folk	7f7d8aa2-6b4b-4a0f-bf2e-395eb0fb9e71	जय हिन्द जय हिन्द के नारे त	ameerpur	Haryanvi Folk	Haryanvi	Haryanvi Folk	true	70
labels	haryanvi-folk	Haryanvi Folk	a1775f44-6629-41be-8e84-34c4d86063db	जय हिन्द – जय हिन्द के नारे त	ameerpur	Haryanvi Folk	Haryanvi	Haryanvi Folk	true	38
labels	haryanvi-folk	Haryanvi Folk	7aa13792-c537-4535-878c-bd7c7925e869	र भाई र..र..र	ameerpur	Haryanvi Folk	Haryanvi	Haryanvi Folk	true	55
labels	haryanvi-folk	Haryanvi Folk	ec1e421e-953b-4a94-b3d8-1844bc19fcb6	बहम लुगाई का	ameerpur	Haryanvi Folk	Haryanvi	Haryanvi Folk	true	74
labels	haryanvi-folk	Haryanvi Folk	a98dfdd6-8325-4c7e-85d1-a763d9a47e83	(untitled)	ameerpur	Haryanvi Folk	Haryanvi	Haryanvi ragni folk song with  only मिनिमल traditional instruments. Use matka ,	true	74
labels	haryanvi-folk	Haryanvi Folk	854208c5-1a84-4ed7-b85c-5ecc3dda4952	red compare	ameerpur	Haryanvi Folk	Haryanvi	haryanvi ragni super funk	true	51
labels	haryanvi-folk	Haryanvi Folk	12e2bb46-4dc7-475b-8a89-61146e585918	red compare	ameerpur	Haryanvi Folk	Haryanvi	haryanvi ragni super funk	true	51
labels	haryanvi-folk	Haryanvi Folk	7b1e3079-09a2-4953-ba2a-ac65c94940f1	रंग लाल लाल लआगे मिठिये	ameerpur	Haryanvi Folk	Haryanvi	Haryanvi Folk	true	51
labels	haryanvi-folk	Haryanvi Folk	36cc152d-9ac7-43e5-aeb4-6739c08f6a5c	जिन्दा रहव जिन्दा रहव	ameerpur	Haryanvi Folk	Haryanvi	Haryanvi Folk	true	75
labels	haryanvi-folk	Haryanvi Folk	3cfdad3a-c550-43eb-88d3-59f7d788eae5	bhagat ki maa	ameerpur	Haryanvi Folk	Haryanvi	Haryanvi Accent , Style: Haryanvi Ragani   Vibe: शुरू में भावुक (Emotional) और ध	true	37
labels	haryanvi-folk	Haryanvi Folk	d053cd05-5b69-4079-b2af-485b0e656142	तू है म्हारा सुपरमैन	ameerpur	Haryanvi Folk	Haryanvi	Haryanvi Folk	true	74
labels	haryanvi-folk	Haryanvi Folk	1774f3f7-a1f2-4c36-b1bd-ddc4ac836ba9	तुम आ कर मेरे भीतर	ameerpur	Haryanvi Folk	Haryanvi	Haryanvi Folk	true	16
labels	haryanvi-folk	Haryanvi Folk	d0be1546-ee3d-4e7d-a6ed-bd8e2502a139	मां मेरी	ameerpur	Haryanvi Folk	Haryanvi	Haryanvi Folk	true	26
labels	classical-and-raag	Classical & Raag	2cde1a1a-4b66-4a74-ba16-bd13a1f93fd4	छत की चादर	sanaatana-vaigyaniq	Classical & Raag	Hindi	[Style: Hindustani Classical + Folk + Bollywood Sad + Acoustic Guitar + Tabla +	true	23
labels	classical-and-raag	Classical & Raag	467d741a-c022-402a-b47d-0a2abb53f043	छत वाला सितारों	sanaatana-vaigyaniq	Classical & Raag	Hindi	[Style: Hindustani Classical + Folk + Bollywood Sad + Acoustic Guitar + Tabla +	true	23
labels	classical-and-raag	Classical & Raag	c0a0b8a2-6b5b-4c50-a7d1-5bd85bd7e24d	छुक-छुक गाड़ी	sanaatana-vaigyaniq	Classical & Raag	Hindi	Playful energetic Indian classical folk-pop, 112 BPM, bouncy tech-folk sarangi,	true	28
labels	classical-and-raag	Classical & Raag	97f6c423-1e8d-4dec-92a5-a11b38363ee4	माँ की ममता-8D	sanaatana-vaigyaniq	Classical & Raag	English	ध्वनि का स्तर: इसे 8D साउंड में अनुभव करें, जहाँ 'राग माता' के सुर आपके चारों ओर	true	42
labels	classical-and-raag	Classical & Raag	d33be684-25d7-4e85-87ef-49230095291a	श्याम-धागो धरी	sanaatana-vaigyaniq	Classical & Raag	Hindi	[Style: Indian devotional bhajan, Hindustani classical, Raga Khamaj, Taal Keherw	true	16
labels	classical-and-raag	Classical & Raag	20d780b6-4235-4a2e-85ae-2221c73e89ef	श्याम-धागो	sanaatana-vaigyaniq	Classical & Raag	Hindi	[Style: Indian devotional bhajan, Hindustani classical, Raga Khamaj, Taal Keherw	true	16
labels	classical-and-raag	Classical & Raag	819c6001-5eb8-472a-ae59-0a0ebab6a312	श्याम-धागो	sanaatana-vaigyaniq	Classical & Raag	Hindi	[Style: Indian devotional bhajan, Hindustani classical, Raga Khamaj, Taal Keherw	true	16
labels	classical-and-raag	Classical & Raag	831ce982-3173-46ec-8fde-6f2a71f624d8	तोरी बंसी तान	sanaatana-vaigyaniq	Classical & Raag	Hindi	[Style: Indian classical, Raga Todi, slow 70 BPM, female devotional, acoustic, b	true	20
labels	classical-and-raag	Classical & Raag	24d21a4f-0895-4c56-aec7-a4bfa9864ef5	तोरी बंसीतरस	sanaatana-vaigyaniq	Classical & Raag	Hindi	[Style: Indian classical, Raga Todi, slow 70 BPM, female devotional, acoustic, b	true	20
labels	classical-and-raag	Classical & Raag	86a31444-8c53-4fa0-aba2-cb6ca15aaa59	बंसीधर-तोरि	sanaatana-vaigyaniq	Classical & Raag	Hindi	[Style: Indian classical, Raga Todi, slow 70 BPM, female devotional, acoustic, b	true	20
labels	classical-and-raag	Classical & Raag	c10e8a3e-5744-4640-aff1-e1378f937cc5	बंसी तान-तड़प	sanaatana-vaigyaniq	Classical & Raag	Hindi	[Style: Indian classical, Raga Todi, slow 70 BPM, female devotional, acoustic, b	true	19
labels	classical-and-raag	Classical & Raag	2859728c-7217-4382-bc09-22ad41ee0de0	बंसी की तान	sanaatana-vaigyaniq	Classical & Raag	Hindi	[Style: Indian classical, Raga Todi, slow 70 BPM, female devotional, acoustic, b	true	30
labels	classical-and-raag	Classical & Raag	4cacd011-00d8-408e-97ef-d7bfb366b23e	महाराणा क़फ़िया	sanaatana-vaigyaniq	Classical & Raag	Hindi	Epic Hindustani classical war anthem, Raag Bilawal, male heroic vocal with deep	true	34
labels	classical-and-raag	Classical & Raag	4e99c51c-14d1-43a5-a536-c58f63a6d5f4	Dhol Stutter March	sanaatana-vaigyaniq	Classical & Raag	English	Epic Bollywood film score, grand orchestral, Raag Bilawal based, male power voca	true	40
labels	classical-and-raag	Classical & Raag	63dd43a7-8fe0-465d-bcaf-b5986297d7ab	प्रताप का तान	sanaatana-vaigyaniq	Classical & Raag	Hindi	Hindustani classical raga Bilawal, male heroic vocal, dhol shehnai, war drums, 7	true	40
labels	classical-and-raag	Classical & Raag	4d3c3d6c-edc8-4836-af39-6100059283e0	प्रताप का तान	sanaatana-vaigyaniq	Classical & Raag	Hindi	Hindustani classical raga Bilawal, male heroic vocal, dhol shehnai, war drums, 7	true	40
labels	classical-and-raag	Classical & Raag	c50d2540-0f2b-4c94-bb28-6a3c4883e847	सुनहर हारा फूका	sanaatana-vaigyaniq	Classical & Raag	Hindi	Haryanvi Folk + Rajasthani Folk + Indian Classical + Hyper-Rap Fusion. Suno v4.	true	101
labels	classical-and-raag	Classical & Raag	d195714f-a2b3-4d77-ae4f-f18670428eb0	मेघ की विरह	sanaatana-vaigyaniq	Classical & Raag	Hindi	Haryanvi Folk + Indian Classical + Hyper-Rap Fusion. Suno v4. Dynamic genre swit	true	68
labels	classical-and-raag	Classical & Raag	64809c5c-f7d0-4faf-b884-c3a9e25efa99	**धून रे-साधो**	sanaatana-vaigyaniq	Classical & Raag	Hindi	[Genre: Hindustani classical meets dark ambient trance, Bhairavi raga, slow burn	false	0
labels	classical-and-raag	Classical & Raag	b60cb4ba-3ab7-4c77-868c-3d2af99231ee	पत्थर बुत	sanaatana-vaigyaniq	Classical & Raag	Hindi	cyberpunk+hyper rap + classical + narrator=divine awakening	true	30
labels	classical-and-raag	Classical & Raag	96dc0ed7-a8a1-4c68-ac02-b6ff0d8c8fab	चार पर्चे खर्चा	sanaatana-vaigyaniq	Classical & Raag	Hindi	hyper rap + classical + narrator=divine awakening	true	18
labels	classical-and-raag	Classical & Raag	4086da7e-a7d2-40ff-8851-44664db08a56	सर्द झोंके	sanaatana-vaigyaniq	Classical & Raag	Hindi	Indian classical, Raga Darbari Kanhada, slow alap intro, deep dark mood, tanpura	true	48
labels	classical-and-raag	Classical & Raag	143c21d0-d594-407b-b732-0b8d048a530c	सर्द झोंके	sanaatana-vaigyaniq	Classical & Raag	Hindi	Indian classical, Raga Darbari Kanhada, slow alap intro, deep dark mood, tanpura	true	48
labels	classical-and-raag	Classical & Raag	f3d54008-8c4c-4587-9e7f-360cd09bb378	सर्द झोंके-ड्रिल	sanaatana-vaigyaniq	Classical & Raag	Hindi	Soprano textures, Indian classical, Raga Darbari Kanhada, slow alap intro, deep	true	48
labels	classical-and-raag	Classical & Raag	01bede88-dab1-420a-a9d1-2fd6f4f8b71b	सर्द झोंके-ड्रिल	sanaatana-vaigyaniq	Classical & Raag	Hindi	Soprano textures, Indian classical, Raga Darbari Kanhada, slow alap intro, deep	true	48
labels	classical-and-raag	Classical & Raag	e7c87a7c-4f0b-438c-8846-2b6ff056e7a6	लम्स-ए-हवा	sanaatana-vaigyaniq	Classical & Raag	Hindi	Indian classical, Raga Darbari Kanhada, slow alap intro, deep dark mood, tanpura	true	48
labels	classical-and-raag	Classical & Raag	fb4055fe-37de-4a6c-a098-7c00c77c048f	Lams-e-Hawa Drone	sanaatana-vaigyaniq	Classical & Raag	English	Indian classical, Raga Darbari Kanhada, slow alap intro, deep dark mood, tanpura	true	48
labels	classical-and-raag	Classical & Raag	a9b3bf78-406c-4fae-a4ad-3cb4afe8447b	साँस की गुंजाइश	sanaatana-vaigyaniq	Classical & Raag	Hindi	style  slow sufi ghazal  indian classical  hindustani  minimal  ambient  no perc	true	17
labels	classical-and-raag	Classical & Raag	f4b382b7-da16-448e-8a6b-1e49367d23d6	साँस की गुंजाइश	sanaatana-vaigyaniq	Classical & Raag	Hindi	style  slow sufi ghazal  indian classical  hindustani  minimal  ambient  no perc	true	17
labels	classical-and-raag	Classical & Raag	37fb9699-f1ca-49b8-acaa-6903ab65d04b	सांस-गुंजाइश	sanaatana-vaigyaniq	Classical & Raag	Hindi	style  slow sufi ghazal  indian classical  hindustani  minimal  ambient  no perc	true	17
labels	classical-and-raag	Classical & Raag	59d3489b-c33c-4509-bbff-c4bfdb962cda	पीएच कला-दीक्षित अदालत	sanaatana-vaigyaniq	Classical & Raag	Hindi	"Indian Classical Bandish, Hindustani Vocal, Ragam-Tanam-Pallavi style, Acapella	true	31
labels	classical-and-raag	Classical & Raag	0fe62a75-f9ed-431e-9780-297f79a24721	P.H.K.D. अदालत	sanaatana-vaigyaniq	Classical & Raag	English	"Indian Classical Bandish, Hindustani Vocal, Ragam-Tanam-Pallavi style, Acapella	true	31
labels	classical-and-raag	Classical & Raag	d80e4b3a-e710-464d-b061-83ff02e2c7da	पीएच कला-दीक्षित अदालत	sanaatana-vaigyaniq	Classical & Raag	Hindi	"Indian Classical Bandish, Hindustani Vocal, Ragam-Tanam-Pallavi style, Acapella	true	31
labels	classical-and-raag	Classical & Raag	fa7b702f-3dea-44bc-967c-93860cd46e1a	आवाज़ों की अदालत	sanaatana-vaigyaniq	Classical & Raag	Hindi	"Indian Classical Bandish, Hindustani Vocal, Ragam-Tanam-Pallavi style, Acapella	true	34
labels	classical-and-raag	Classical & Raag	b6c9f3e8-e3b5-4dc5-84ea-bea07bfc4631	Toota Ghadaa Gaaye	sanaatana-vaigyaniq	Classical & Raag	English	[Style: Traditional Sufi Qawwali, Hindustani classical, Raga Todi, slow harmoniu	true	47
labels	classical-and-raag	Classical & Raag	a13887b3-fd6f-4171-a02c-199d56c390fa	Toota Ghada	sanaatana-vaigyaniq	Classical & Raag	English	World music fusion, cinematic spiritual folk, Indian classical meets Celtic and	true	16
labels	classical-and-raag	Classical & Raag	5edc6f4a-ebf7-4d22-b8e7-cd4bb333735f	लाडो बसंती मेहमान	sanaatana-vaigyaniq	Classical & Raag	Hindi	[Genre: Acoustic Hindustani classical folk fusion, jagarana night vigil, father-	true	20
labels	classical-and-raag	Classical & Raag	c866c36a-ad31-4461-a2df-711fcbb455d4	रिश्ता है!!	sanaatana-vaigyaniq	Classical & Raag	Hindi	style  qawwali with heavy taan  murki  toda  hindustani classical ornamentation	true	36
labels	classical-and-raag	Classical & Raag	5310feb2-43cf-491d-a8cf-058a6e885ea5	रिश्ता-नाल-इम्तिहाँ	sanaatana-vaigyaniq	Classical & Raag	Hindi	style  qawwali with heavy taan  murki  toda  hindustani classical ornamentation	true	36
labels	classical-and-raag	Classical & Raag	7c76f4be-b274-4727-952b-4bd968da0040	रिश्ता-नाल-इम्तिहाँ	sanaatana-vaigyaniq	Classical & Raag	Hindi	[Style: Qawwali with heavy taan, murki, toda, Hindustani classical ornamentation	true	36
labels	classical-and-raag	Classical & Raag	887fa5d3-8f3a-458d-a688-c674623e6c56	रिश्ता आलाپ	sanaatana-vaigyaniq	Classical & Raag	Hindi	style  qawwali with heavy taan  murki  toda  hindustani classical ornamentation	true	42
labels	classical-and-raag	Classical & Raag	5f341636-2cac-4b43-abf7-f4ebd3899795	रिश्ता आलाپ	sanaatana-vaigyaniq	Classical & Raag	Hindi	style  qawwali with heavy taan  murki  toda  hindustani classical ornamentation	true	42
labels	classical-and-raag	Classical & Raag	8e951426-a919-48cd-9432-5ffbeec40bb2	खो गई पहचान	sanaatana-vaigyaniq	Classical & Raag	Hindi	[Style: Indian classical fusion, dark devotional, sufi rock, slow tempo, male vo	true	18
labels	classical-and-raag	Classical & Raag	dd8e3e0b-2ec6-4e7f-b8a9-5a53d281c275	सोए मन जाग	sanaatana-vaigyaniq	Classical & Raag	Hindi	Hindustani classical, Bollywood ballad, Raga Yaman, 75 BPM, sitar, tabla, harmon	true	48
labels	classical-and-raag	Classical & Raag	0823ba9f-bc73-4d90-a3f7-90ee284167ab	स्वर्ण पताका उड़ रही	sanaatana-vaigyaniq	Classical & Raag	Hindi	Hindustani classical, Bollywood ballad, Raga Yaman, 75 BPM, sitar, tabla, harmon	true	20
labels	classical-and-raag	Classical & Raag	9b949712-cb52-489b-89a8-c9c2c9b52db2	(untitled)	sanaatana-vaigyaniq	Classical & Raag	English	॥ स्वर्भानु: देसी AI प्रोम्प्ट्स (The Folk Edition) ॥ १. हरियाणवी रागनी-रॉक (तर्	true	26
labels	classical-and-raag	Classical & Raag	acf72279-b350-4e2d-8241-7c4de927afb4	(untitled)	sanaatana-vaigyaniq	Classical & Raag	English	"A haunting, cinematic Avant-Garde Folk-Fusion based on Raag Todi. 100% Human-ge	true	26
labels	classical-and-raag	Classical & Raag	e0e9d663-7d49-4351-aa8e-639120657766	(untitled)	sanaatana-vaigyaniq	Classical & Raag	English	"A soulful and cinematic Global-Folk fusion farewell song based on Raag Pilu. >	true	21
labels	classical-and-raag	Classical & Raag	57f63a2a-a5cc-4eca-b189-530e667d6c1d	(untitled)	sanaatana-vaigyaniq	Classical & Raag	English	Epic spiritual hip-hop + Indian classical fusion, deep bass, tanpura drone, conc	true	86
labels	classical-and-raag	Classical & Raag	713998e8-14d5-4633-b01a-3fb4275561f9	(untitled)	sanaatana-vaigyaniq	Classical & Raag	English	Deep cinematic spoken word, Indian classical fusion, ambient drone, slow heartbe	true	116
labels	classical-and-raag	Classical & Raag	26ae8b47-2aa1-4fc3-9a27-bfc906169f67	chhor de	sanaatana-vaigyaniq	Classical & Raag	English	Cinematic Global Fusion, Haryanvi Folk-Opera, Raag Shivranjani & Marwa base, 60	true	26
labels	classical-and-raag	Classical & Raag	48d4c16c-f0af-4e47-8834-ce416cc8312e	chhor de	sanaatana-vaigyaniq	Classical & Raag	English	Cinematic Global Fusion, Haryanvi Folk-Opera, Raag Shivranjani & Marwa base, 60	true	27
labels	classical-and-raag	Classical & Raag	e7134e4e-a3b4-4eb2-830d-e9a1e0791ca4	chhor de	sanaatana-vaigyaniq	Classical & Raag	English	Haunting Haryanvi Folk Fusion, Raag Shivranjani base, Pathos, Melancholic, Ether	true	42
labels	classical-and-raag	Classical & Raag	ae00fa9b-6761-4e45-89a4-c8bebb0ec9e2	(untitled)	sanaatana-vaigyaniq	Classical & Raag	English	Haunting Haryanvi Folk Fusion, Raag Shivranjani base, Pathos, Melancholic, Ether	true	51
labels	classical-and-raag	Classical & Raag	200d3cac-7b7b-437a-8877-c560fdd74b80	neural jogi	sanaatana-vaigyaniq	Classical & Raag	English	🎵 गीत (Lyrics): उल्टी चाल चल पड़े शिव राग: भैरवी (सुबह का राग, करुण रस से भरपूर)	true	125
labels	classical-and-raag	Classical & Raag	47377bea-9774-4f7b-afe4-f4e941c19c0f	(untitled)	sanaatana-vaigyaniq	Classical & Raag	English	Haryanvi-Trap... राग पीलू की धुन को मुख्य हुक में रख सकते हैं और 'रैप' वाले हिस्	true	99
labels	classical-and-raag	Classical & Raag	ac3d350b-35f3-42d9-b74c-c30e8c71d677	(untitled)	sanaatana-vaigyaniq	Classical & Raag	English	Style: Indian Devotional Bhakti, Raag Yaman, slow tempo (60–65 BPM), cinematic s	true	49
labels	classical-and-raag	Classical & Raag	1793b6b5-9f36-4f77-a6fa-630d6a66cdbb	kudru ki beti naagin	sanaatana-vaigyaniq	Classical & Raag	English	इस रचना के लिए 'राग भैरवी' और 'राग जोगिया' का मिश्रण सबसे सटीक है, जिसमें 'राग व	true	56
labels	classical-and-raag	Classical & Raag	9302edde-499a-40a3-b22e-3ccfadaf169c	(untitled)	sanaatana-vaigyaniq	Classical & Raag	English	Cinematic Neural-Raaga Fusion, 432Hz Sacred Tuning. Industrial Tribal-Rock, Aggr	true	20
labels	classical-and-raag	Classical & Raag	a8b958f9-3065-46de-bc14-080bd949892e	सुन रे जग के यात्री	sanaatana-vaigyaniq	Classical & Raag	Hindi	Classical & Raag	true	76
labels	classical-and-raag	Classical & Raag	3aee5620-6355-4e7c-8dab-c1e12f9a32dc	सन्दर्भ की परिभाषा	sanaatana-vaigyaniq	Classical & Raag	Hindi	Genre: Mystical Sanskrit Philosophy Song  Style: Indian classical + cinematic am	true	77
labels	classical-and-raag	Classical & Raag	496810df-e327-42bc-bf1e-1ae6d9f62ca4	सन्दर्भ की परिभाषा	sanaatana-vaigyaniq	Classical & Raag	Hindi	Genre: Mystical Sanskrit Philosophy Song  Style: Indian classical + cinematic am	true	101
labels	classical-and-raag	Classical & Raag	423f80fa-88d7-4cf4-b06d-c284d9d11d66	सन्दर्भ की परिभाषा	sanaatana-vaigyaniq	Classical & Raag	Hindi	Genre: Mystical Sanskrit Philosophy Song  Style: Indian classical + cinematic am	true	1
labels	classical-and-raag	Classical & Raag	9255b006-4615-4e25-8de3-371066006607	bhagat ki maa	sanaatana-vaigyaniq	Classical & Raag	English	वोकल्स (Vocals): रागिनी में गायक की आवाज़ बहुत ऊँची (High Pitch) और कड़क होती है।	true	30
labels	desh-patriotic	Desh / Patriotic	5791e93b-a997-4765-b8d1-c0fcbb88c384	धारानगरी का वो राजा	ameerpur	Desh / Patriotic	Hindi	Desh / Patriotic	true	41
labels	desh-patriotic	Desh / Patriotic	b39097fb-81be-40f8-bc18-46c757b2ce0c	जिंदगी... तू जमा उघाड़ी है	ameerpur	Desh / Patriotic	Hindi	Desh / Patriotic	true	25
labels	desh-patriotic	Desh / Patriotic	4df6f608-207a-494e-91e5-296847785ef2	Giddhon ke sheher mein	ameerpur	Desh / Patriotic	English	Desh / Patriotic	true	26
labels	desh-patriotic	Desh / Patriotic	d6049185-a418-4c6a-a1d9-fcc801c751b9	लाश हटाता	ameerpur	Desh / Patriotic	Hindi	Desh / Patriotic	false	0
labels	desh-patriotic	Desh / Patriotic	d16e0a51-7641-4ea2-9b3d-6c5316629611	चार सौ बीस	ameerpur	Desh / Patriotic	Hindi	Desh / Patriotic	true	34
labels	desh-patriotic	Desh / Patriotic	6f0d30c8-5d5b-48d1-afb1-e5c08aefc694	नेता एकम नेता	ameerpur	Desh / Patriotic	Hindi	Desh / Patriotic	true	29
labels	desh-patriotic	Desh / Patriotic	9e091800-f3fb-4c79-8a1e-09783a3f3392	गुमान था कि तन्हाई में सुकूँ मिलेगा मुझे	ameerpur	Desh / Patriotic	Hindi	Desh / Patriotic	true	95
labels	desh-patriotic	Desh / Patriotic	5c1e1843-62f8-4103-9861-23f07e11ce12	गुमान था कि तन्हाई में सुकूँ मिलेगा मुझे	ameerpur	Desh / Patriotic	Hindi	Desh / Patriotic	true	47
labels	desh-patriotic	Desh / Patriotic	bce359ca-a7fd-4325-9cda-b272232acfea	नाम बस एक रह गया साँस की गुंजाइश में	ameerpur	Desh / Patriotic	Hindi	Desh / Patriotic	true	17
labels	desh-patriotic	Desh / Patriotic	0c6cc8cd-b3b2-43db-92df-b3cad31e1866	क्या सच है क्या झूठ है	ameerpur	Desh / Patriotic	Hindi	Desh / Patriotic	true	46
labels	desh-patriotic	Desh / Patriotic	4648abb5-f970-4287-9894-5ef12762ff04	क्या सच है क्या झूठ है	ameerpur	Desh / Patriotic	Hindi	Desh / Patriotic	true	42
labels	desh-patriotic	Desh / Patriotic	9682f67f-4799-479e-a59e-b827566b078e	क्या सच है क्या झूठ है.. What is truth? What is	ameerpur	Desh / Patriotic	English	Desh / Patriotic	true	6
labels	desh-patriotic	Desh / Patriotic	fa63a507-2f0d-4477-b328-7e8895a24c68	आवाज़ों की अदालत	ameerpur	Desh / Patriotic	Hindi	Desh / Patriotic	true	20
labels	desh-patriotic	Desh / Patriotic	79d13c77-eca1-459b-806f-cd40985c3208	फक्कड़ पंडित हेमंत दीक्षित	ameerpur	Desh / Patriotic	Hindi	Desh / Patriotic	true	24
labels	desh-patriotic	Desh / Patriotic	a3fc8cdd-425f-4eb3-bca9-b17e10505af4	पकड़ लिया एटम एक भाभा बाबा हुया दीवाना।।	ameerpur	Desh / Patriotic	Hindi	Desh / Patriotic	true	24
labels	desh-patriotic	Desh / Patriotic	a798ae26-3fed-4d39-9f32-c0bcd9d9fb15	Male alone	ameerpur	Desh / Patriotic	English	Desh / Patriotic	true	20
labels	desh-patriotic	Desh / Patriotic	492c5721-3555-4908-9a41-6e9cf2767765	रि ^ श्ता ~ है सब-का ^ अ-पना	ameerpur	Desh / Patriotic	Hindi	Desh / Patriotic	true	36
labels	desh-patriotic	Desh / Patriotic	dcf39bdd-302c-442d-9207-648a18074511	मैं हूँ तेरा	ameerpur	Desh / Patriotic	Hindi	Desh / Patriotic	true	48
labels	desh-patriotic	Desh / Patriotic	aa8bd4d4-7f49-4fd1-952e-956f27f5bbb2	मैं हूँ तेरा	ameerpur	Desh / Patriotic	Hindi	Desh / Patriotic	true	20
labels	desh-patriotic	Desh / Patriotic	1c396b4f-4f16-4262-9ffb-5f866d7b4ff1	सजन मेरा धोखेबाज़ है	ameerpur	Desh / Patriotic	Hindi	Desh / Patriotic	true	56
labels	desh-patriotic	Desh / Patriotic	0b09e473-9d9a-48aa-bc7f-39c41ccc5b8d	मने मेरी माँ	ameerpur	Desh / Patriotic	Hindi	Desh / Patriotic	true	106
labels	desh-patriotic	Desh / Patriotic	74ebed02-df6f-4443-b566-63929be6a05d	मने मेरे देश ईब यूं सताना छोड़ दे	ameerpur	Desh / Patriotic	Hindi	Desh / Patriotic	true	36
labels	desh-patriotic	Desh / Patriotic	ed23ef25-ed22-4f98-8326-7048a173f950	जय हिन्द – जय हिन्द के नारे त	ameerpur	Desh / Patriotic	Hindi	Desh / Patriotic	true	37
labels	desh-patriotic	Desh / Patriotic	1f885a53-57ed-448b-b0b6-c3c53c8504d9	यु हर हर हर हर महादेव	ameerpur	Desh / Patriotic	Hindi	Desh / Patriotic	true	54
labels	desh-patriotic	Desh / Patriotic	3c45f08c-6f36-47fd-a968-8b739875b98a	दौड़ में सब जीत लिया	ameerpur	Desh / Patriotic	Hindi	Desh / Patriotic	true	38
labels	desh-patriotic	Desh / Patriotic	ab8341bb-bf13-42ed-96a7-260d7b78c176	जागो रे जागो	ameerpur	Desh / Patriotic	Hindi	Desh / Patriotic	true	58
labels	desh-patriotic	Desh / Patriotic	dfb1bf8b-6966-41d8-b245-3da8220288a9	जरा तुम जाग कर देखो	ameerpur	Desh / Patriotic	Hindi	Desh / Patriotic	true	32
labels	desh-patriotic	Desh / Patriotic	1c7fc244-297c-434e-9ae6-57a76707f38d	Nahi hai koi shikva tumse ki tumhari koi nahi kh	ameerpur	Desh / Patriotic	English	Desh / Patriotic	true	17
labels	desh-patriotic	Desh / Patriotic	11ca7860-3587-4ba9-ae50-0a75df533e5d	दिल ये फिर भी तुम्हें चाहता है	ameerpur	Desh / Patriotic	Hindi	Desh / Patriotic	true	65
labels	love-and-virah	Love & Virah	6c05306f-bf60-44fc-9a7c-cd6a8d07190d	छुक-छुक चलती भाषा की गाड़ी	ameerpur	Love & Virah	Hindi	Love & Virah	true	28
labels	love-and-virah	Love & Virah	935837be-7dfb-4f7d-ae0c-36743a8de966	छुक-छुक चलती भाषा की गाड़ी	ameerpur	Love & Virah	Hindi	Love & Virah	true	28
labels	love-and-virah	Love & Virah	e73bb277-81d9-40d3-94bc-f8f3f7893688	O my darling	ameerpur	Love & Virah	English	Love & Virah	true	58
labels	love-and-virah	Love & Virah	d02ff9aa-08de-4c3c-894a-5d78bf3883f8	जैठ की दुपहरी	ameerpur	Love & Virah	Hindi	[Style: Slow emotional ghazal, Sufi, male voice, crying tone, melancholic, acous	true	25
labels	love-and-virah	Love & Virah	091ab81d-180d-4521-8005-1d08377b3f14	साँस का पहरा	ameerpur	Love & Virah	Hindi	Cinematic Modern Ghazal, Dark Ambient, Ethereal Baritone Male Vocals, Deep Cello	true	14
labels	love-and-virah	Love & Virah	18cc6ebd-d8fe-4bf0-a598-1abdd0082fc7	करें परेशान	ameerpur	Love & Virah	Hindi	Love & Virah	true	17
labels	love-and-virah	Love & Virah	b37c71bb-dbeb-4ae3-99d2-7debde5ee2be	ला ला ला... सो जा रे	ameerpur	Love & Virah	Hindi	Love & Virah	true	20
labels	love-and-virah	Love & Virah	cd7f3a61-d005-4eac-aecc-373368cd6ccb	॥ रूह-देह संवाद: आदि से अनंत ॥	ameerpur	Love & Virah	Hindi	Love & Virah	true	35
labels	love-and-virah	Love & Virah	1826d08a-5fb4-4ab4-adb0-4163baf9acfc	लम्स-ए-हवा रोया	ameerpur	Love & Virah	Hindi	Drill, Urdu/Hindi poetry, Ghazal elements, slow melodic hook, heavy 808 bass, em	true	95
labels	love-and-virah	Love & Virah	ef834e73-a6e2-4dc4-a69f-cf8697e9de12	लम्स-ए-हवा सर्द	ameerpur	Love & Virah	Hindi	Drill, Urdu/Hindi poetry, Ghazal elements, slow melodic hook, heavy 808 bass, em	true	47
labels	love-and-virah	Love & Virah	a1a5dd9d-4535-4bdc-aef8-0471e275049f	लम्स-ए-हवा साया	ameerpur	Love & Virah	Hindi	[Intro] – Spoken word / wind sound (Ghazal mood)  [DROP] – Heavy 808 + drill per	true	59
labels	love-and-virah	Love & Virah	65806a40-681c-40b3-a051-6052aac0137c	ओ काला कोट	ameerpur	Love & Virah	Hindi	Love & Virah	true	90
labels	love-and-virah	Love & Virah	1372ca04-8fbc-4cad-acee-e993865dae48	खो गई मेरी पहचान	ameerpur	Love & Virah	Hindi	Love & Virah	true	18
labels	love-and-virah	Love & Virah	eea1f46e-7cbb-441d-abcb-52a46144583a	(untitled)	ameerpur	Love & Virah	English	Genre: Indic-Sufi-Lusophone-Blues Virah Raga Tempo: 70 BPM slow emotional  Vocal	true	55
labels	love-and-virah	Love & Virah	1392cfca-0b75-4795-bdb5-b82e430c9f7b	(untitled)	ameerpur	Love & Virah	English	आत्मा जगराना जागो जागो जागो हेमंत राणा जी महाराज मेरे तुम दीक्षित प्यारे  बेटे ह	true	177
labels	love-and-virah	Love & Virah	399e2400-18cc-4988-ac09-c3fbc115916f	(untitled)	ameerpur	Love & Virah	English	आत्मा जगराना जागो जागो जागो हेमंत राणा जी महाराज मेरे तुम दीक्षित प्यारे  बेटे ह	true	177
labels	love-and-virah	Love & Virah	092a0654-5362-4efb-8bf3-46414fad9d47	रुद्रस्थली पुकारे	ameerpur	Love & Virah	Hindi	Love & Virah	true	68
labels	love-and-virah	Love & Virah	596518d8-aaa8-4de7-b73b-3b3c96b44600	रुद्रस्थली पुकारे	ameerpur	Love & Virah	Hindi	Love & Virah	true	74
labels	love-and-virah	Love & Virah	ff609686-fea5-492d-a625-50aca90796bf	पपिया	ameerpur	Love & Virah	Hindi	Indian devotional folk song, female chorus with male lead, emotional and uplifti	true	11
labels	love-and-virah	Love & Virah	52c58392-c320-4d60-9797-60253639ce60	Haryana! Haryana! Scream it out loud	ameerpur	Love & Virah	English	Love & Virah	true	67
labels	love-and-virah	Love & Virah	0cd6de16-1e2e-4e49-bd95-27a49a090626	पपिया	ameerpur	Love & Virah	Hindi	3 female	true	67
labels	love-and-virah	Love & Virah	088c25b7-9b4d-456c-a60e-be4ae8acd986	पपिया	ameerpur	Love & Virah	Hindi	NULL	true	67
labels	love-and-virah	Love & Virah	ecbd67a9-247c-4170-87eb-439355d54dc6	पपिया	ameerpur	Love & Virah	Hindi	NULL	true	67
labels	love-and-virah	Love & Virah	177adbe2-a0c9-4531-96cc-8a502ee40194	नहीं है कोई शिकवा उनसे	ameerpur	Love & Virah	Hindi	Love & Virah	true	14
labels	love-and-virah	Love & Virah	930eee1f-783e-47bf-a120-b800f71460ab	ग़ज़ल	ameerpur	Love & Virah	Hindi	Love & Virah	true	17
labels	love-and-virah	Love & Virah	0c99df73-cc56-439f-a358-0cdbaff0f6f3	del	ameerpur	Love & Virah	English	Bollywood Romantic Duet Emotional Ghazal Pop Soft Acoustic Love Song	true	65
labels	love-and-virah	Love & Virah	ce3542f2-07bf-4e0e-94d0-849e29cc7cc7	del	ameerpur	Love & Virah	English	Bollywood Romantic Duet Emotional Ghazal Pop Soft Acoustic Love Song	true	65
labels	naagin-and-mystic	Naagin & Mystic	236a15f1-5e9d-4489-9d6a-28e76211f10f	काली-कलम-का	kabir-clubbing	Naagin & Mystic	Hindi	.  🎵 KA KAA RAHASYA (क का रहस्य) [मृदंगम –  – सारंगी संग ] Add sargam notation (	true	128
labels	naagin-and-mystic	Naagin & Mystic	2cba3a04-39a7-4cb7-8c74-33800f3a25d7	काली कलम	kabir-clubbing	Naagin & Mystic	Hindi	.  🎵 KA KAA RAHASYA (क का रहस्य) A Narrator-Style Neural Mystical Ballad Directi	true	83
labels	naagin-and-mystic	Naagin & Mystic	3c08a390-57b0-4deb-b710-ffd81cd63cec	Ka Kau Question	kabir-clubbing	Naagin & Mystic	English	🎵 Song: Ka Kaa Rahasya (The Secret of 'Ka') Style: Neural Narrative mystical bal	true	131
labels	naagin-and-mystic	Naagin & Mystic	08b16e64-f600-411c-807f-6c943c14f56e	kudru ki beti naagin	kabir-clubbing	Naagin & Mystic	English	Genre: World music / emotional instrumental  Mood: Deep longing, universal femal	true	64
labels	naagin-and-mystic	Naagin & Mystic	dac36f36-1b07-4909-bd88-88bb40d18bc8	kudru ki beti naagin	kabir-clubbing	Naagin & Mystic	English	Genre: Haryanvi Folk Ragni  Theme: Betrayal and emotional virah of a woman whose	true	56
labels	naagin-and-mystic	Naagin & Mystic	e55b3ea6-14b8-462f-b43e-dc03bf4e9f18	kudru ki beti naagin	kabir-clubbing	Naagin & Mystic	English	Genre: Haryanvi Folk Ragni  Theme: Betrayal and emotional virah of a woman whose	true	56
labels	naagin-and-mystic	Naagin & Mystic	3f3cee67-4312-4a74-926f-1e1e089df3e5	kudru ki beti naagin	kabir-clubbing	Naagin & Mystic	English	Genre: World music / emotional instrumental  Mood: Deep longing, universal virah	true	56
labels	naagin-and-mystic	Naagin & Mystic	6760d633-7fec-4c2b-9747-6d8f0963d5a2	kudru ki beti naagin	kabir-clubbing	Naagin & Mystic	English	ताल और नाद: वाद्यों (संगीत यंत्रों) से ताल लगाने को कहना उस 'नाद' को पैदा करने क	true	28
labels	naagin-and-mystic	Naagin & Mystic	14fa2fe8-0de2-4ace-9ee4-404348db0270	kudru ki beti naagin	kabir-clubbing	Naagin & Mystic	English	NULL	true	22
labels	naagin-and-mystic	Naagin & Mystic	a3b96400-fe65-4f1c-904d-9aff23390ee0	kudru ki beti naagin	kabir-clubbing	Naagin & Mystic	English	use snake charmers orchestra. aghor rock	true	52
labels	naagin-and-mystic	Naagin & Mystic	7c7a4b38-9322-4dcc-a49f-ec91ad8874d0	साँस मेरी देख	kabir-clubbing	Naagin & Mystic	Hindi	Naagin & Mystic	true	49
labels	naagin-and-mystic	Naagin & Mystic	09294d81-a6e4-4c9e-a676-98b05856accd	kudru ki beti naagin	kabir-clubbing	Naagin & Mystic	English	use snake charmers orchestra. aghor rock	true	49
labels	naagin-and-mystic	Naagin & Mystic	860e7a0e-a8d8-473f-b660-d2449b65da69	kudru ki beti naagin	kabir-clubbing	Naagin & Mystic	English	The Pungi Effect: पुंगी की आवाज़ को 'Eco' और 'Reverb' के साथ इस्तेमाल करें ताकि	true	52
labels	naagin-and-mystic	Naagin & Mystic	4d9a720f-aeeb-408e-b64a-c666f1db644a	kudru ki beti naagin	kabir-clubbing	Naagin & Mystic	English	The Pungi Effect: पुंगी की आवाज़ को 'Eco' और 'Reverb' के साथ इस्तेमाल करें ताकि	true	45
labels	naagin-and-mystic	Naagin & Mystic	97570150-635e-406d-b142-62c45c19be2d	साँस मेरी देख	kabir-clubbing	Naagin & Mystic	Hindi	Naagin & Mystic	true	45
labels	naagin-and-mystic	Naagin & Mystic	b7e6675d-ed56-4e23-964d-9614994fca12	kudru ki beti naagin	kabir-clubbing	Naagin & Mystic	English	Desi haryanvi SuperFun superstar nagin. 1 soulfull pungi bridge. 1 one stringed	true	39
labels	naagin-and-mystic	Naagin & Mystic	5fe2fc4c-7692-43dd-ab51-5478384c4dfc	नागिन है	kabir-clubbing	Naagin & Mystic	Hindi	Naagin & Mystic	true	40
labels	lyrics-null	Lyrics NULL	52095580-5eef-4721-9a8a-1f615159529c	बंसीधर का ताज	gurukul	Other / Misc	Hindi	Raga Todi qawwali, 70 to 110 BPM, female devotional voice, bansuri, harmonium, t	false	0
labels	lyrics-null	Lyrics NULL	36dbb97d-2e8b-4a53-bbec-f43d0afa75ad	तोरी बंसी की तान	sanaatana-vaigyaniq	Sanatan & Vedic	Sanskrit	Sanatan & Vedic	false	0
labels	lyrics-null	Lyrics NULL	64809c5c-f7d0-4faf-b884-c3a9e25efa99	**धून रे-साधो**	sanaatana-vaigyaniq	Classical & Raag	Hindi	[Genre: Hindustani classical meets dark ambient trance, Bhairavi raga, slow burn	false	0
labels	lyrics-null	Lyrics NULL	d6049185-a418-4c6a-a1d9-fcc801c751b9	लाश हटाता	ameerpur	Desh / Patriotic	Hindi	Desh / Patriotic	false	0
labels	lyrics-null	Lyrics NULL	55ff3fb9-78dd-47aa-954e-b679fb027780	Sanatan Data (Woodwinds)	sanaatana-vaigyaniq	Sanatan & Vedic	English	NULL	false	0
labels	lyrics-null	Lyrics NULL	750b55e5-c14a-4830-b809-46c5c268bb10	Sanatan Data (FX)	sanaatana-vaigyaniq	Sanatan & Vedic	English	NULL	false	0
labels	lyrics-null	Lyrics NULL	6733d2a3-417b-48bc-860b-da829db4aea6	Sanatan Data (Brass)	sanaatana-vaigyaniq	Sanatan & Vedic	English	NULL	false	0
labels	lyrics-null	Lyrics NULL	df9decba-6d7a-4b41-b934-ece15438bc04	Sanatan Data (Synth)	sanaatana-vaigyaniq	Sanatan & Vedic	English	NULL	false	0
labels	lyrics-null	Lyrics NULL	4038805a-13f2-4ea4-8ebc-0aaf8b8d4a63	Sanatan Data (Strings)	sanaatana-vaigyaniq	Sanatan & Vedic	English	NULL	false	0
labels	lyrics-null	Lyrics NULL	5b28d996-b797-44fd-84e6-91260239f99a	Sanatan Data (Percussion)	sanaatana-vaigyaniq	Sanatan & Vedic	English	NULL	false	0
labels	lyrics-null	Lyrics NULL	d52c5488-160e-4898-95b6-9aba85fc57b1	Sanatan Data (Keyboard)	sanaatana-vaigyaniq	Sanatan & Vedic	English	NULL	false	0
labels	lyrics-null	Lyrics NULL	06022320-56b7-4569-93f1-46ff24219ab6	Sanatan Data (Guitar)	sanaatana-vaigyaniq	Sanatan & Vedic	English	NULL	false	0
labels	lyrics-null	Lyrics NULL	b6eefd3b-f41e-41d8-9e90-857f3d92e322	Sanatan Data (Bass)	sanaatana-vaigyaniq	Sanatan & Vedic	English	NULL	false	0
labels	lyrics-null	Lyrics NULL	fcb87d9a-652c-460e-bc96-12071b018834	Sanatan Data (Drums)	sanaatana-vaigyaniq	Sanatan & Vedic	English	NULL	false	0
labels	lyrics-null	Lyrics NULL	bff7af57-604d-4eb1-8620-88141375f222	Sanatan Data (Woodwinds)	sanaatana-vaigyaniq	Sanatan & Vedic	English	NULL	false	0
labels	lyrics-null	Lyrics NULL	92163cc3-c08b-4c75-94ac-496254f1f521	Sanatan Data (Brass)	sanaatana-vaigyaniq	Sanatan & Vedic	English	NULL	false	0
labels	lyrics-null	Lyrics NULL	fdc7c260-7895-4cf1-a49a-4c69b66d3ffd	Sanatan Data (FX)	sanaatana-vaigyaniq	Sanatan & Vedic	English	NULL	false	0
labels	lyrics-null	Lyrics NULL	3afc05ed-d817-4a5d-8bc7-283c5aabfd16	Sanatan Data (Synth)	sanaatana-vaigyaniq	Sanatan & Vedic	English	NULL	false	0
labels	lyrics-null	Lyrics NULL	c34d5864-b138-4724-8ce0-42b8df09bc20	Sanatan Data (Percussion)	sanaatana-vaigyaniq	Sanatan & Vedic	English	NULL	false	0
labels	lyrics-null	Lyrics NULL	8fb6e001-23ae-46fd-864d-27f15ca9c8a9	Sanatan Data (Strings)	sanaatana-vaigyaniq	Sanatan & Vedic	English	NULL	false	0
labels	lyrics-null	Lyrics NULL	30abfc96-11b2-4d86-b059-077e1cbd984c	Sanatan Data (Keyboard)	sanaatana-vaigyaniq	Sanatan & Vedic	English	NULL	false	0
labels	lyrics-null	Lyrics NULL	5c1e3da3-0ba0-4e42-ac96-403818537176	Sanatan Data (Guitar)	sanaatana-vaigyaniq	Sanatan & Vedic	English	NULL	false	0
labels	lyrics-null	Lyrics NULL	b20658c7-bce6-4c52-aa19-264349be1606	Sanatan Data (Bass)	sanaatana-vaigyaniq	Sanatan & Vedic	English	NULL	false	0
labels	lyrics-null	Lyrics NULL	a7d65933-ac13-4ad7-ab6a-5aa7d140a532	Sanatan Data (Drums)	sanaatana-vaigyaniq	Sanatan & Vedic	English	NULL	false	0
labels	lyrics-null	Lyrics NULL	c126fb19-0b0a-4e01-b48c-2bc66f1bb766	(untitled)	ameerpur	Haryanvi Folk	Haryanvi	Haryanvi Folk	false	0
labels	lyrics-null	Lyrics NULL	3741f8d9-ee63-459b-8ebe-01454f706d38	(untitled)	sanaatana-vaigyaniq	Sanatan & Vedic	English	Sanatan & Vedic	false	0
labels	lyrics-null	Lyrics NULL	b7c30d72-6ce4-4dcf-a098-a08b77b3c805	(untitled)	sanaatana-vaigyaniq	Sanatan & Vedic	English	Sanatan & Vedic	false	0
labels	lyrics-null	Lyrics NULL	d5005293-034b-4647-873f-85619d1208d1	del	gurukul	Other / Misc	English	Other / Misc	false	0
labels	style-null	Style NULL	2f332d7d-3202-4e03-ac8e-c8c057223685	छट का दिन	gurukul	Other / Misc	Hindi	NULL	true	34
labels	style-null	Style NULL	2bfbe15e-ac6a-487e-94bd-f535bdbe9f7a	हनु मूड खाने	gurukul	Other / Misc	Hindi	NULL	true	38
labels	style-null	Style NULL	01e30f52-01cf-403d-af40-041dac751bd0	स्वरभानु माँ सिखाए	gurukul	Other / Misc	Hindi	NULL	true	45
labels	style-null	Style NULL	25e7d717-7de7-45e6-8f5e-c53ef846cac3	छत-छट ताल	gurukul	Other / Misc	Hindi	NULL	true	30
labels	style-null	Style NULL	7333a108-d5a5-4cf4-9e36-6ce6aec10997	Chhat-Chhat Sanaatana	gurukul	Other / Misc	English	NULL	true	14
labels	style-null	Style NULL	1f6a6bc0-d85f-4858-b13d-776e839401cf	द सनातन एक्सप्रेस	sanaatana-vaigyaniq	Sanatan & Vedic	Sanskrit	NULL	true	41
labels	style-null	Style NULL	8aee516c-0320-41bb-9f30-695a8a3b34df	कागद काली कलम	gurukul	Other / Misc	Hindi	NULL	true	99
labels	style-null	Style NULL	0d2391f0-56a0-4e55-b0a6-3054cf623259	Kaahe Kaagaz	gurukul	Other / Misc	English	NULL	true	112
labels	style-null	Style NULL	8eb95048-e740-4624-99bf-e1c3293c9dfb	Kaahe Kaagaz	gurukul	Other / Misc	English	NULL	true	112
labels	style-null	Style NULL	e0c8c103-aedf-4560-a5f1-875275518f0f	Kaal Likhe Kaal	gurukul	Other / Misc	English	NULL	true	112
labels	style-null	Style NULL	dec1c74f-f3ae-4b2b-b293-27081aef1c5e	Kaa Rahasya	gurukul	Other / Misc	English	NULL	true	51
labels	style-null	Style NULL	cac083e2-5eba-42df-a500-188660293076	डिजिटल गुरुकुल मैट्रिक्स	gurukul	Other / Misc	Hindi	NULL	true	16
labels	style-null	Style NULL	6058ab0b-f41c-4639-a96a-1b58b31a999d	परदेसा धड़कन	gurukul	Other / Misc	Hindi	NULL	true	58
labels	style-null	Style NULL	7e3ed4ad-570a-4867-849a-9eae418e6564	बम भोला बम	gurukul	Other / Misc	Hindi	NULL	true	35
labels	style-null	Style NULL	c180868a-e9f9-4af0-b85f-9e47ea6a94a0	बम भोला बम	gurukul	Other / Misc	Hindi	NULL	true	35
labels	style-null	Style NULL	7c43c6d1-991a-46e1-b557-7e9b8528b4a3	भगवा चोला	gurukul	Other / Misc	Hindi	NULL	true	35
labels	style-null	Style NULL	acce7b02-b36e-4aa7-8bc4-899e425e1f7f	भगवा चोला	gurukul	Other / Misc	Hindi	NULL	true	35
labels	style-null	Style NULL	9944d4d4-a519-4243-8abc-0eb7245f81f0	पायल बजती धुन	gurukul	Other / Misc	Hindi	NULL	true	39
labels	style-null	Style NULL	7e7aaecb-6ae5-41b2-86d2-c53c30b96231	गूंगों का स्टेशन	gurukul	Other / Misc	Hindi	NULL	true	74
labels	style-null	Style NULL	55ff3fb9-78dd-47aa-954e-b679fb027780	Sanatan Data (Woodwinds)	sanaatana-vaigyaniq	Sanatan & Vedic	English	NULL	false	0
labels	style-null	Style NULL	750b55e5-c14a-4830-b809-46c5c268bb10	Sanatan Data (FX)	sanaatana-vaigyaniq	Sanatan & Vedic	English	NULL	false	0
labels	style-null	Style NULL	6733d2a3-417b-48bc-860b-da829db4aea6	Sanatan Data (Brass)	sanaatana-vaigyaniq	Sanatan & Vedic	English	NULL	false	0
labels	style-null	Style NULL	df9decba-6d7a-4b41-b934-ece15438bc04	Sanatan Data (Synth)	sanaatana-vaigyaniq	Sanatan & Vedic	English	NULL	false	0
labels	style-null	Style NULL	4038805a-13f2-4ea4-8ebc-0aaf8b8d4a63	Sanatan Data (Strings)	sanaatana-vaigyaniq	Sanatan & Vedic	English	NULL	false	0
labels	style-null	Style NULL	5b28d996-b797-44fd-84e6-91260239f99a	Sanatan Data (Percussion)	sanaatana-vaigyaniq	Sanatan & Vedic	English	NULL	false	0
labels	style-null	Style NULL	d52c5488-160e-4898-95b6-9aba85fc57b1	Sanatan Data (Keyboard)	sanaatana-vaigyaniq	Sanatan & Vedic	English	NULL	false	0
labels	style-null	Style NULL	06022320-56b7-4569-93f1-46ff24219ab6	Sanatan Data (Guitar)	sanaatana-vaigyaniq	Sanatan & Vedic	English	NULL	false	0
labels	style-null	Style NULL	b6eefd3b-f41e-41d8-9e90-857f3d92e322	Sanatan Data (Bass)	sanaatana-vaigyaniq	Sanatan & Vedic	English	NULL	false	0
labels	style-null	Style NULL	fcb87d9a-652c-460e-bc96-12071b018834	Sanatan Data (Drums)	sanaatana-vaigyaniq	Sanatan & Vedic	English	NULL	false	0
labels	style-null	Style NULL	fad79731-3877-425f-a565-dc7a091f1209	Sanatan Data (Vocals)	sanaatana-vaigyaniq	Sanatan & Vedic	English	NULL	true	42
labels	style-null	Style NULL	2df22d4b-e5ef-452e-9aae-60e2c60cfbb4	Sanatan Data (Backing Vocals)	sanaatana-vaigyaniq	Sanatan & Vedic	English	NULL	true	42
labels	style-null	Style NULL	bff7af57-604d-4eb1-8620-88141375f222	Sanatan Data (Woodwinds)	sanaatana-vaigyaniq	Sanatan & Vedic	English	NULL	false	0
labels	style-null	Style NULL	92163cc3-c08b-4c75-94ac-496254f1f521	Sanatan Data (Brass)	sanaatana-vaigyaniq	Sanatan & Vedic	English	NULL	false	0
labels	style-null	Style NULL	fdc7c260-7895-4cf1-a49a-4c69b66d3ffd	Sanatan Data (FX)	sanaatana-vaigyaniq	Sanatan & Vedic	English	NULL	false	0
labels	style-null	Style NULL	3afc05ed-d817-4a5d-8bc7-283c5aabfd16	Sanatan Data (Synth)	sanaatana-vaigyaniq	Sanatan & Vedic	English	NULL	false	0
labels	style-null	Style NULL	c34d5864-b138-4724-8ce0-42b8df09bc20	Sanatan Data (Percussion)	sanaatana-vaigyaniq	Sanatan & Vedic	English	NULL	false	0
labels	style-null	Style NULL	8fb6e001-23ae-46fd-864d-27f15ca9c8a9	Sanatan Data (Strings)	sanaatana-vaigyaniq	Sanatan & Vedic	English	NULL	false	0
labels	style-null	Style NULL	30abfc96-11b2-4d86-b059-077e1cbd984c	Sanatan Data (Keyboard)	sanaatana-vaigyaniq	Sanatan & Vedic	English	NULL	false	0
labels	style-null	Style NULL	5c1e3da3-0ba0-4e42-ac96-403818537176	Sanatan Data (Guitar)	sanaatana-vaigyaniq	Sanatan & Vedic	English	NULL	false	0
labels	style-null	Style NULL	b20658c7-bce6-4c52-aa19-264349be1606	Sanatan Data (Bass)	sanaatana-vaigyaniq	Sanatan & Vedic	English	NULL	false	0
labels	style-null	Style NULL	a7d65933-ac13-4ad7-ab6a-5aa7d140a532	Sanatan Data (Drums)	sanaatana-vaigyaniq	Sanatan & Vedic	English	NULL	false	0
labels	style-null	Style NULL	0e3e9b9c-f329-493b-a0a5-bc60ac1606d4	Sanatan Data (Backing Vocals)	sanaatana-vaigyaniq	Sanatan & Vedic	English	NULL	true	42
labels	style-null	Style NULL	ebd8e4bb-3d61-4661-89bf-5f04d9c473fe	Sanatan Data (Vocals)	sanaatana-vaigyaniq	Sanatan & Vedic	English	NULL	true	42
labels	style-null	Style NULL	2fd61f04-cf7c-48c8-b0fc-88e954b400a3	सनातन ट्रेन	sanaatana-vaigyaniq	Sanatan & Vedic	Sanskrit	NULL	true	20
labels	style-null	Style NULL	8a1552e3-f66a-47d5-9b8f-962ea1ca02d7	अधिनारा हँसी	gurukul	Other / Misc	Hindi	NULL	true	50
labels	style-null	Style NULL	5b648092-0e75-4f22-95e2-5ee3f1cfe456	पंडित होने की कोशिश	gurukul	Other / Misc	Hindi	NULL	true	30
labels	style-null	Style NULL	7024a723-80fe-4ead-8ec4-4372a3bb4e7b	पत्थर बुत	gurukul	Other / Misc	Hindi	NULL	true	35
labels	style-null	Style NULL	d6804818-7296-4af6-8e5e-d58ed14b5587	मुंह-खून खांचा	gurukul	Other / Misc	Hindi	NULL	true	38
labels	style-null	Style NULL	a4bf888b-805c-406a-bdc5-cdf12d97c225	परमाणु रद्दी	gurukul	Other / Misc	Hindi	NULL	true	24
labels	style-null	Style NULL	f6c100fa-e5b7-4b9a-97b5-4ce34def6953	शून्य की डोरी अदालत	gurukul	Other / Misc	Hindi	NULL	true	24
labels	style-null	Style NULL	ff2b259f-36d3-441b-ad10-8e1669c878d3	काला कोट	gurukul	Other / Misc	Hindi	NULL	true	90
labels	style-null	Style NULL	dae97a92-4622-481b-aa4f-6ba251fa0cfe	गुफा-ढोल धड़कन	gurukul	Other / Misc	Hindi	NULL	true	44
labels	style-null	Style NULL	8c4f4c73-6541-40f0-bead-2812bbb715e4	Dada Tak	gurukul	Other / Misc	English	NULL	true	24
labels	style-null	Style NULL	3b0a1cea-2d31-4c18-97af-6bf498f3ca3c	Om Shanti Digita	gurukul	Other / Misc	English	NULL	true	5
labels	style-null	Style NULL	80646dc1-cf8b-4341-9f99-2944928e2ac5	Future-Past Clearance	gurukul	Other / Misc	English	NULL	true	4
labels	style-null	Style NULL	2237b80c-30f9-4391-aa68-2921ab6116ab	Frequency of Future-Past	gurukul	Other / Misc	English	NULL	true	4
labels	style-null	Style NULL	879f8447-37de-41b3-8b68-3cdb2079792a	Sanatana Station	sanaatana-vaigyaniq	Sanatan & Vedic	English	NULL	true	5
labels	style-null	Style NULL	834f3ae2-e513-4ffc-8431-1d842ab13e3e	(untitled)	gurukul	Other / Misc	English	NULL	true	57
labels	style-null	Style NULL	bec3e96c-fe0e-4577-a229-e39d1d8af390	(untitled)	gurukul	Other / Misc	English	NULL	true	55
labels	style-null	Style NULL	37323280-425b-4fde-b2c9-385619da2dce	(untitled)	gurukul	Other / Misc	English	NULL	true	55
labels	style-null	Style NULL	631a4c65-636f-4b24-aeea-1d3c99c8f664	(untitled)	gurukul	Other / Misc	English	NULL	true	55
labels	style-null	Style NULL	d040faac-7e44-42a5-b776-ba7a276966fc	(untitled)	gurukul	Other / Misc	English	NULL	true	11
labels	style-null	Style NULL	1802409c-450b-4fa0-82bb-9ae1c98c6f58	(untitled)	gurukul	Other / Misc	English	NULL	true	43
labels	style-null	Style NULL	31a89117-5333-4f09-96f9-da776986d02d	(untitled)	gurukul	Other / Misc	English	NULL	true	36
labels	style-null	Style NULL	b7260b36-705a-493e-ab43-4cf6d9ba9bb9	O.I.riginal.nteligence	gurukul	Other / Misc	English	NULL	true	47
labels	style-null	Style NULL	877a4cae-7aaa-4d7a-b037-021fcc544fb5	O.I.riginal.nteligence	gurukul	Other / Misc	English	NULL	true	92
labels	style-null	Style NULL	056a8cec-f924-4fbe-be2e-5a026a8477a1	(untitled)	gurukul	Other / Misc	English	NULL	true	70
labels	style-null	Style NULL	2ca29e2e-9207-45f0-9d88-9c0793d7393b	(untitled)	gurukul	Other / Misc	English	NULL	true	66
labels	style-null	Style NULL	e4415236-01a9-49bb-a68a-359e7f67f091	(untitled)	gurukul	Other / Misc	English	NULL	true	38
labels	style-null	Style NULL	7895a9b2-a1dc-4fee-8ac4-44a096b2c6a8	(untitled)	gurukul	Other / Misc	English	NULL	true	38
labels	style-null	Style NULL	1712384b-9b51-4094-b444-b464a3aa0e27	(untitled)	gurukul	Other / Misc	English	NULL	true	40
labels	style-null	Style NULL	51869413-dafe-45f6-b76f-583c3b8e1991	(untitled)	gurukul	Other / Misc	English	NULL	true	79
labels	style-null	Style NULL	4c162f53-2f79-4fed-b3c9-93841a1755f3	(untitled)	gurukul	Other / Misc	English	NULL	true	223
labels	style-null	Style NULL	15044912-afce-435c-a55e-9158b065f46a	(untitled)	gurukul	Other / Misc	English	NULL	true	224
labels	style-null	Style NULL	14fa2fe8-0de2-4ace-9ee4-404348db0270	kudru ki beti naagin	kabir-clubbing	Naagin & Mystic	English	NULL	true	22
labels	style-null	Style NULL	103c9db6-e1ee-45f8-815d-0a7612a6ea10	Naaraayana Uunh	gurukul	Other / Misc	English	NULL	true	43
labels	style-null	Style NULL	e7732295-f853-4506-ac1f-9ba75d645982	(untitled)	gurukul	Other / Misc	English	NULL	true	13
labels	style-null	Style NULL	1b94e28b-5e0d-4d10-9519-57a4a340dea5	(untitled)	gurukul	Other / Misc	English	NULL	true	13
labels	style-null	Style NULL	519cfa96-09e0-43be-b008-6631b9302357	Naaraayana Uunh	gurukul	Other / Misc	English	NULL	true	38
labels	style-null	Style NULL	b394760e-a22a-4ddf-ae84-669d76820b25	Naaraayana Uunh	gurukul	Other / Misc	English	NULL	true	38
labels	style-null	Style NULL	370a4d03-deca-434e-9414-305c4a1a849f	(untitled)	gurukul	Other / Misc	English	NULL	true	24
labels	style-null	Style NULL	043fd8db-51e3-4bcf-a025-7c0e9e70d65e	(untitled)	gurukul	Other / Misc	English	NULL	true	24
labels	style-null	Style NULL	271aa98c-9ee3-4765-a2f6-cffd21ec6eb5	(untitled)	gurukul	Other / Misc	English	NULL	true	28
labels	style-null	Style NULL	92631fc4-6b9e-4dd2-9cd4-83870b8d3d71	(untitled)	gurukul	Other / Misc	English	NULL	true	7
labels	style-null	Style NULL	e2588540-4aee-4cff-a2d9-023f8e4c0e98	(untitled)	gurukul	Other / Misc	English	NULL	true	7
labels	style-null	Style NULL	30bf75e7-10f6-4308-b4ee-87d52c599e1a	(untitled)	gurukul	Other / Misc	English	NULL	true	54
labels	style-null	Style NULL	474b5afb-1073-42d4-a1b5-16fbfdce636d	(untitled)	gurukul	Other / Misc	English	NULL	true	51
labels	style-null	Style NULL	1a47a65a-030c-4a27-ba73-ee86926a4f85	First Comes the Word	gurukul	Other / Misc	English	NULL	true	51
labels	style-null	Style NULL	dc93e92b-de6b-4f68-be8d-4264d2eaf273	First Comes the Word	gurukul	Other / Misc	English	NULL	true	51
labels	style-null	Style NULL	5ad16b1e-5925-434b-a035-a9c2a7e1579b	First Comes the Word	gurukul	Other / Misc	English	NULL	true	68
labels	style-null	Style NULL	1f40b6c8-ca9d-4b88-8840-de4658f294ac	First Comes the Word	gurukul	Other / Misc	English	NULL	true	68
labels	style-null	Style NULL	9f8f747d-bca4-4422-aeef-8efd76fc5e11	सन्दर्भ की परिभाषा	gurukul	Other / Misc	Hindi	NULL	true	18
labels	style-null	Style NULL	81730957-69cc-4143-a4a1-ff4f37c7ec2b	सन्दर्भ की परिभाषा	gurukul	Other / Misc	Hindi	NULL	true	18
labels	style-null	Style NULL	088c25b7-9b4d-456c-a60e-be4ae8acd986	पपिया	ameerpur	Love & Virah	Hindi	NULL	true	67
labels	style-null	Style NULL	ecbd67a9-247c-4170-87eb-439355d54dc6	पपिया	ameerpur	Love & Virah	Hindi	NULL	true	67
labels	style-null	Style NULL	c95adbc4-eb40-4508-8a3f-4d9376a62d99	jaleel	gurukul	Other / Misc	English	NULL	true	14
labels	style-null	Style NULL	dbd35f9f-c48b-4228-b9d7-f7c525bfb562	jaleel	gurukul	Other / Misc	English	NULL	true	14
labels	style-null	Style NULL	928d9daa-71ce-4eb4-8c1e-4c6b141d61e4	jaleel	gurukul	Other / Misc	English	NULL	true	14
labels	style-null	Style NULL	f2d23578-ceb2-4b60-9c76-13bddb621440	jaleel	gurukul	Other / Misc	English	NULL	true	17
labels	style-null	Style NULL	a605a0c4-5252-478d-9425-b0245d9284e9	jaleel	gurukul	Other / Misc	English	NULL	true	17
labels	style-null	Style NULL	1692dd58-42ff-46e1-886b-d4de131eb0a0	jaleel	gurukul	Other / Misc	English	NULL	true	17
labels	style-null	Style NULL	3f789a12-3090-4729-8e17-03745470ffde	banjara	gurukul	Other / Misc	English	NULL	true	16
labels	style-null	Style NULL	de7c66a0-7383-4a67-87be-742eaafdc1cb	banjara	gurukul	Other / Misc	English	NULL	true	16
labels	style-null	Style NULL	4ae291ce-bd61-493c-9ae1-020abe22f194	banjara	gurukul	Other / Misc	English	NULL	true	16
