sunoId,title,styles,duration,createdAt,model,playCount,audioPath
"2f332d7d-3202-4e03-ac8e-c8c057223685","छट का दिन","","","2026-05-24","","0","_radio_index/suno_backup/audio/2f332d7d-3202-4e03-ac8e-c8c057223685.mp3"
"2bfbe15e-ac6a-487e-94bd-f535bdbe9f7a","हनु मूड खाने","","","2026-05-24","","0","_radio_index/suno_backup/audio/2bfbe15e-ac6a-487e-94bd-f535bdbe9f7a.mp3"
"86fe2a68-593c-4b20-a76a-d0f504f89943","हट हट हट होनी तू हट","Bhakti & Katha","","2026-05-24","","0","_radio_index/suno_backup/audio/86fe2a68-593c-4b20-a76a-d0f504f89943.mp3"
"974ae0bf-c90c-47bb-803a-18160360bc54","हट हट हट होनी तू हट","Bhakti & Katha","","2026-05-24","","0","_radio_index/suno_backup/audio/974ae0bf-c90c-47bb-803a-18160360bc54.mp3"
"75291d2d-784d-46f7-8c5a-774e99eb3e3e","सिंहिका पथ दियाये केतु भागे भटका भटक","Bhakti & Katha","","2026-05-24","","0","_radio_index/suno_backup/audio/75291d2d-784d-46f7-8c5a-774e99eb3e3e.mp3"
"fa8592bb-2d3c-443d-aaf7-9882825a0f19","हनु की पटक","फंक","","2026-05-24","","0","_radio_index/suno_backup/audio/fa8592bb-2d3c-443d-aaf7-9882825a0f19.mp3"
"4ddbdc9c-240c-4e5d-8b50-ee61576d136e","हट हट हट होनी तू हट","Bhakti & Katha","","2026-05-24","","0","_radio_index/suno_backup/audio/4ddbdc9c-240c-4e5d-8b50-ee61576d136e.mp3"
"01e30f52-01cf-403d-af40-041dac751bd0","स्वरभानु माँ सिखाए","","","2026-05-24","","0","_radio_index/suno_backup/audio/01e30f52-01cf-403d-af40-041dac751bd0.mp3"
"25e7d717-7de7-45e6-8f5e-c53ef846cac3","छत-छट ताल","","","2026-05-24","","0","_radio_index/suno_backup/audio/25e7d717-7de7-45e6-8f5e-c53ef846cac3.mp3"
"30e92ffe-423f-48cf-9e93-5fd9bb7113c1","विज़ुअल: अंतरिक्ष में तैरते हुए ३३-डिजिट संख्या","Sanatan & Vedic","","2026-05-24","","0","_radio_index/suno_backup/audio/30e92ffe-423f-48cf-9e93-5fd9bb7113c1.mp3"
"d5f6d9bc-5c76-48d6-859d-957ef84f79b3","हनुमान-अनुमान छट","Heavy cinematic Vedic metal-phonk epic, 115 to 142 BPM, roaring traditional dhol","","2026-05-24","","0","_radio_index/suno_backup/audio/d5f6d9bc-5c76-48d6-859d-957ef84f79b3.mp3"
"1bb556f0-a4fb-4994-9096-3ab4f66de0b8","विज़ुअल: अंतरिक्ष में घूमते सूर्य और ग्रहों के ब","Sanatan & Vedic","","2026-05-24","","0","_radio_index/suno_backup/audio/1bb556f0-a4fb-4994-9096-3ab4f66de0b8.mp3"
"ada89c81-d8fa-4ec0-9938-d9435397b7cd","हा... हू... हौ... हन्... हनु... हनु... हनु... मा","Sanatan & Vedic","","2026-05-24","","0","_radio_index/suno_backup/audio/ada89c81-d8fa-4ec0-9938-d9435397b7cd.mp3"
"a24721b3-51c9-48b8-997b-0aab5ae3f158","Vocals : ""हा... हू... हौ... हन्... हनु... हनु...","Bhakti & Katha","","2026-05-24","","0","_radio_index/suno_backup/audio/a24721b3-51c9-48b8-997b-0aab5ae3f158.mp3"
"39c60af7-873d-464c-ab83-86a116aa3a19","ह्-हनु अनुमान","Fast-paced hyper-articulated phonetic staccato trap-folk, 115 BPM, rapid rhythmi","","2026-05-24","","0","_radio_index/suno_backup/audio/39c60af7-873d-464c-ab83-86a116aa3a19.mp3"
"0691bbaf-1f16-453a-9c00-0eecd71d1e14","३३-डिजिट नियॉन","Hyper-aggressive cinematic Vedic folk-hop epic, 115 BPM, rapid-fire phonetic sta","","2026-05-24","","0","_radio_index/suno_backup/audio/0691bbaf-1f16-453a-9c00-0eecd71d1e14.mp3"
"5873f9a6-c7cc-475b-8560-a6200c367731","हनु-मान् हनु","[Style of Music: Global Sovereign Calibration] Hyper-dynamic K-12 educational fu","","2026-05-24","","0","_radio_index/suno_backup/audio/5873f9a6-c7cc-475b-8560-a6200c367731.mp3"
"bcb08d50-076e-4408-ae04-389701191ee3","Vocals : ""हा... हू... हौ... हन्... हनु... हनु...","Sanatan & Vedic","","2026-05-24","","0","_radio_index/suno_backup/audio/bcb08d50-076e-4408-ae04-389701191ee3.mp3"
"31cd60d6-6b7d-4e15-9847-9c3866d60440","जुग सहस्र जोजन पर भानू","Sanatan & Vedic","","2026-05-24","","0","_radio_index/suno_backup/audio/31cd60d6-6b7d-4e15-9847-9c3866d60440.mp3"
"7333a108-d5a5-4cf4-9e36-6ce6aec10997","Chhat-Chhat Sanaatana","","","2026-05-24","","0","_radio_index/suno_backup/audio/7333a108-d5a5-4cf4-9e36-6ce6aec10997.mp3"
"1fe3b620-3a18-4632-b128-12c1b2245f47","Hyper-dynamic Indian electronic folk-pop","Sanatan & Vedic","","2026-05-24","","0","_radio_index/suno_backup/audio/1fe3b620-3a18-4632-b128-12c1b2245f47.mp3"
"83db2f7e-ae48-418d-9587-c807af8e24e3","चक्र-इंजन शंखनाद","Aggressive cinematic Vedic folk-hop epic, 115 BPM, intense traditional Chalisa r","","2026-05-24","","0","_radio_index/suno_backup/audio/83db2f7e-ae48-418d-9587-c807af8e24e3.mp3"
"9b8b2f04-0e8b-4270-af63-84bd21bb7574","```text","Sanatan & Vedic","","2026-05-24","","0","_radio_index/suno_backup/audio/9b8b2f04-0e8b-4270-af63-84bd21bb7574.mp3"
"1f6a6bc0-d85f-4858-b13d-776e839401cf","द सनातन एक्सप्रेस","","","2026-05-24","","0","_radio_index/suno_backup/audio/1f6a6bc0-d85f-4858-b13d-776e839401cf.mp3"
"ce81e083-36e5-4e52-9024-06159cb42409","काश वो बचपन फिर से लौट आए","Bhakti & Katha","","2026-05-24","","0","_radio_index/suno_backup/audio/ce81e083-36e5-4e52-9024-06159cb42409.mp3"
"684a2e17-9992-459b-970a-279f3f506e59","Kash Bachpan Phir","Braj folk mixed with funky pop. Bollywood dance style. Fast tempo 115 BPM. Male","","2026-05-24","","0","_radio_index/suno_backup/audio/684a2e17-9992-459b-970a-279f3f506e59.mp3"
"6d0a9964-c0d3-45cf-925a-c9fa28f97ba3","काश वो बचपन फिर से लौट आए","Bhakti & Katha","","2026-05-24","","0","_radio_index/suno_backup/audio/6d0a9964-c0d3-45cf-925a-c9fa28f97ba3.mp3"
"2cde1a1a-4b66-4a74-ba16-bd13a1f93fd4","छत की चादर","[Style: Hindustani Classical + Folk + Bollywood Sad + Acoustic Guitar + Tabla +","","2026-05-24","","0","_radio_index/suno_backup/audio/2cde1a1a-4b66-4a74-ba16-bd13a1f93fd4.mp3"
"467d741a-c022-402a-b47d-0a2abb53f043","छत वाला सितारों","[Style: Hindustani Classical + Folk + Bollywood Sad + Acoustic Guitar + Tabla +","","2026-05-24","","0","_radio_index/suno_backup/audio/467d741a-c022-402a-b47d-0a2abb53f043.mp3"
"b1bd425e-a117-432d-81ca-2acb4c87fa00","काश वो बचपन फिर से लौट आए","Bhakti & Katha","","2026-05-24","","0","_radio_index/suno_backup/audio/b1bd425e-a117-432d-81ca-2acb4c87fa00.mp3"
"832210ad-c382-4ee4-8099-264df30ef06c","ताल: आदि तीव्र","Sanatan & Vedic","","2026-05-24","","0","_radio_index/suno_backup/audio/832210ad-c382-4ee4-8099-264df30ef06c.mp3"
"236a15f1-5e9d-4489-9d6a-28e76211f10f","काली-कलम-का",".  🎵 KA KAA RAHASYA (क का रहस्य) [मृदंगम –  – सारंगी संग ] Add sargam notation (","","2026-05-24","","0","_radio_index/suno_backup/audio/236a15f1-5e9d-4489-9d6a-28e76211f10f.mp3"
"58a470f5-a299-4fb9-b539-f879df9db3c0","🎵 ka kaa rahasya niraalaa","Sanatan & Vedic","","2026-05-24","","0","_radio_index/suno_backup/audio/58a470f5-a299-4fb9-b539-f879df9db3c0.mp3"
"d85bffd9-6420-4844-bef4-34a1ed0cfffd","🎵 क का रहस्य निराला","Sanatan & Vedic","","2026-05-24","","0","_radio_index/suno_backup/audio/d85bffd9-6420-4844-bef4-34a1ed0cfffd.mp3"
"2cba3a04-39a7-4cb7-8c74-33800f3a25d7","काली कलम",".  🎵 KA KAA RAHASYA (क का रहस्य) A Narrator-Style Neural Mystical Ballad Directi","","2026-05-24","","0","_radio_index/suno_backup/audio/2cba3a04-39a7-4cb7-8c74-33800f3a25d7.mp3"
"8aee516c-0320-41bb-9f30-695a8a3b34df","कागद काली कलम","","","2026-05-24","","0","_radio_index/suno_backup/audio/8aee516c-0320-41bb-9f30-695a8a3b34df.mp3"
"3c08a390-57b0-4deb-b710-ffd81cd63cec","Ka Kau Question","🎵 Song: Ka Kaa Rahasya (The Secret of 'Ka') Style: Neural Narrative mystical bal","","2026-05-24","","0","_radio_index/suno_backup/audio/3c08a390-57b0-4deb-b710-ffd81cd63cec.mp3"
"c086c759-c522-42a2-9718-bf85eb3d3dc7","ekla chalo re... nahi","Sanatan & Vedic","","2026-05-24","","0","_radio_index/suno_backup/audio/c086c759-c522-42a2-9718-bf85eb3d3dc7.mp3"
"0d2391f0-56a0-4e55-b0a6-3054cf623259","Kaahe Kaagaz","","","2026-05-24","","0","_radio_index/suno_backup/audio/0d2391f0-56a0-4e55-b0a6-3054cf623259.mp3"
"8eb95048-e740-4624-99bf-e1c3293c9dfb","Kaahe Kaagaz","","","2026-05-24","","0","_radio_index/suno_backup/audio/8eb95048-e740-4624-99bf-e1c3293c9dfb.mp3"
"e0c8c103-aedf-4560-a5f1-875275518f0f","Kaal Likhe Kaal","","","2026-05-24","","0","_radio_index/suno_backup/audio/e0c8c103-aedf-4560-a5f1-875275518f0f.mp3"
"da4174c6-2d45-4d98-8050-72dcb85f6fb9","ka kau ke","Other / Misc","","2026-05-24","","0","_radio_index/suno_backup/audio/da4174c6-2d45-4d98-8050-72dcb85f6fb9.mp3"
"f090d601-40e5-4874-b303-4bc84220564c","ka kau ke","Sanatan & Vedic","","2026-05-24","","0","_radio_index/suno_backup/audio/f090d601-40e5-4874-b303-4bc84220564c.mp3"
"dec1c74f-f3ae-4b2b-b293-27081aef1c5e","Kaa Rahasya","","","2026-05-24","","0","_radio_index/suno_backup/audio/dec1c74f-f3ae-4b2b-b293-27081aef1c5e.mp3"
"6c05306f-bf60-44fc-9a7c-cd6a8d07190d","छुक-छुक चलती भाषा की गाड़ी","Love & Virah","","2026-05-23","","0","_radio_index/suno_backup/audio/6c05306f-bf60-44fc-9a7c-cd6a8d07190d.mp3"
"c0a0b8a2-6b5b-4c50-a7d1-5bd85bd7e24d","छुक-छुक गाड़ी","Playful energetic Indian classical folk-pop, 112 BPM, bouncy tech-folk sarangi,","","2026-05-23","","0","_radio_index/suno_backup/audio/c0a0b8a2-6b5b-4c50-a7d1-5bd85bd7e24d.mp3"
"8334c7f3-00ab-48e5-8e90-fae9c7898ec4","छुक-छुक भाषा गाड़ी","Playful energetic Indian electronic folk-pop, 112 BPM, bouncy tech-folk drums, c","","2026-05-23","","0","_radio_index/suno_backup/audio/8334c7f3-00ab-48e5-8e90-fae9c7898ec4.mp3"
"130d4a7c-79cc-4c0e-827e-a011ef1e0689","छुक-छुक भाषा गाड़ी","Playful energetic Indian electronic folk-pop, 112 BPM, bouncy tech-folk drums, c","","2026-05-23","","0","_radio_index/suno_backup/audio/130d4a7c-79cc-4c0e-827e-a011ef1e0689.mp3"
"935837be-7dfb-4f7d-ae0c-36743a8de966","छुक-छुक चलती भाषा की गाड़ी","Love & Virah","","2026-05-23","","0","_radio_index/suno_backup/audio/935837be-7dfb-4f7d-ae0c-36743a8de966.mp3"
"4de46a49-de10-4bc4-8e89-bded6e92e5e8","छुक-छुक भाषा गाड़ी","Playful energetic Indian electronic folk-pop, 112 BPM, bouncy tech-folk drums, c","","2026-05-23","","0","_radio_index/suno_backup/audio/4de46a49-de10-4bc4-8e89-bded6e92e5e8.mp3"
"d3047e94-747e-478b-84d0-ebcd931b6ebf","छुक-छुक कोडिंग गाड़ी","Playful energetic Indian electronic folk-pop, 112 BPM, bouncy tech-folk drums, c","","2026-05-23","","0","_radio_index/suno_backup/audio/d3047e94-747e-478b-84d0-ebcd931b6ebf.mp3"
"9438a33e-1869-4686-89f7-2b1b3746fbe8","छुक-छुक चलती कोडिंग की गाड़ी","Sanatan & Vedic","","2026-05-23","","0","_radio_index/suno_backup/audio/9438a33e-1869-4686-89f7-2b1b3746fbe8.mp3"
"61a1c2e8-6e9b-4636-b976-9c0a3c82cc60","राजधर्म चक्र","Heavy Industrial Drop, Vedic chanting trap mix, fast-paced aggressive rap cadenc","","2026-05-23","","0","_radio_index/suno_backup/audio/61a1c2e8-6e9b-4636-b976-9c0a3c82cc60.mp3"
"2ed5e119-5a3e-4f8f-9802-0b0a921375b4","महामात्य का आदेश सुनो अब","Sanatan & Vedic","","2026-05-23","","0","_radio_index/suno_backup/audio/2ed5e119-5a3e-4f8f-9802-0b0a921375b4.mp3"
"0551f9c5-85b2-43c5-a715-b29b3a10df0c","कबीर निर्गुण","Acoustic Neural Trans fused with Raw Crisp Drill Beats, emotional Sufi-Drill voc","","2026-05-23","","0","_radio_index/suno_backup/audio/0551f9c5-85b2-43c5-a715-b29b3a10df0c.mp3"
"5791e93b-a997-4765-b8d1-c0fcbb88c384","धारानगरी का वो राजा","Desh / Patriotic","","2026-05-23","","0","_radio_index/suno_backup/audio/5791e93b-a997-4765-b8d1-c0fcbb88c384.mp3"
"77a40556-adc6-4bd2-bf2d-3bfac249ad2a","मूल्यों के प्रति ये निष्ठा अपनी","Bhakti & Katha","","2026-05-23","","0","_radio_index/suno_backup/audio/77a40556-adc6-4bd2-bf2d-3bfac249ad2a.mp3"
"c7fabad5-bd6d-4a60-b985-ad0aae6819c3","चणक्य चांदी","Aggressive Haryanvi Hyperrap fused with powerful Sufi Qawwali claps, crushing di","","2026-05-23","","0","_radio_index/suno_backup/audio/c7fabad5-bd6d-4a60-b985-ad0aae6819c3.mp3"
"f9f70b24-e62f-40a2-b42f-f3a0ba272777","संप्रभुता का डंका","Dark Aggressive Cinematic Phonk, heavy brass orchestration, ancient Indian war d","","2026-05-23","","0","_radio_index/suno_backup/audio/f9f70b24-e62f-40a2-b42f-f3a0ba272777.mp3"
"fc641c78-b723-4744-a9f0-93ca40542e4f","समाज की खोज का सुनो इतिहास","Haryanvi Folk","","2026-05-23","","0","_radio_index/suno_backup/audio/fc641c78-b723-4744-a9f0-93ca40542e4f.mp3"
"4573b54b-63f0-4dac-9e7a-4ba9ddf8acbc","समाज की खोज का सुनो इतिहास","Haryanvi Folk","","2026-05-23","","0","_radio_index/suno_backup/audio/4573b54b-63f0-4dac-9e7a-4ba9ddf8acbc.mp3"
"e1ec848b-c158-4366-ba75-bb0d12943801","चाणक्य सिक्का","Aggressive Haryanvi Hyperrap fused with powerful Sufi Qawwali claps, high-impact","","2026-05-23","","0","_radio_index/suno_backup/audio/e1ec848b-c158-4366-ba75-bb0d12943801.mp3"
"2b968ed3-b8ee-44e4-ad96-e3da7d583ae0","कौतूहल की दुनिया में लॉजिक अपार है","Rap & Fusion","","2026-05-23","","0","_radio_index/suno_backup/audio/2b968ed3-b8ee-44e4-ad96-e3da7d583ae0.mp3"
"da33361a-8617-4815-b444-dd6d95f00bca","डिजिटल गुरुकुल","High-energy Cyberpunk Phonk fused with Aggressive Indian Drill, crushing distort","","2026-05-23","","0","_radio_index/suno_backup/audio/da33361a-8617-4815-b444-dd6d95f00bca.mp3"
"f31751f4-ec55-4c42-a423-07f42895a464","कौतूहल की दुनिया में लॉजिक अपार है","Rap & Fusion","","2026-05-23","","0","_radio_index/suno_backup/audio/f31751f4-ec55-4c42-a423-07f42895a464.mp3"
"cc265065-cce9-480d-8e32-6f6530047d9b","कक्षा सात का गणित प्रकाश","Sanatan & Vedic","","2026-05-23","","0","_radio_index/suno_backup/audio/cc265065-cce9-480d-8e32-6f6530047d9b.mp3"
"05bb41b7-0a36-4c99-a245-d5d727f902c3","लिटमस परिपथ","High-energy Cyberpunk Phonk, traditional Indian folk accents, punchy aggressive","","2026-05-23","","0","_radio_index/suno_backup/audio/05bb41b7-0a36-4c99-a245-d5d727f902c3.mp3"
"28ed327a-4860-4957-a494-fcd59d36bcd9","Shankhnaad Cowbell Drop","High-energy Cyberpunk Phonk fused with Aggressive Indian Drill, crushing distort","","2026-05-23","","0","_radio_index/suno_backup/audio/28ed327a-4860-4957-a494-fcd59d36bcd9.mp3"
"e038f00c-f649-44ca-8cc5-f2110a995703","कोष्ठक शंखनाद","Raw Aggressive Indian Drill Phonk, heavy distorted 808 sub-bass, crisp metallic","","2026-05-23","","0","_radio_index/suno_backup/audio/e038f00c-f649-44ca-8cc5-f2110a995703.mp3"
"bc9e8406-4ced-4d22-a476-896c9d6b31e3","कक्षा सात का गणित प्रकाश","Sanatan & Vedic","","2026-05-23","","0","_radio_index/suno_backup/audio/bc9e8406-4ced-4d22-a476-896c9d6b31e3.mp3"
"eae4f2af-ad53-414e-b47b-70dcd331427a","चांदी का सिक्का","Aggressive Haryanvi Hyperrap fused with powerful Sufi Qawwali claps, high-impact","","2026-05-23","","0","_radio_index/suno_backup/audio/eae4f2af-ad53-414e-b47b-70dcd331427a.mp3"
"961c3ee7-95d5-4fc3-86be-9fc9344cb1b1","चाणक्य की नीति गाओ","Haryanvi Folk","","2026-05-23","","0","_radio_index/suno_backup/audio/961c3ee7-95d5-4fc3-86be-9fc9344cb1b1.mp3"
"ee8190df-8ed5-4fd2-b83e-f6908dad6089","तेईस दशमलव पाँच","High-energy Cyberpunk Phonk fused with Aggressive Indian Folk, punchy industrial","","2026-05-23","","0","_radio_index/suno_backup/audio/ee8190df-8ed5-4fd2-b83e-f6908dad6089.mp3"
"5430725d-e817-463d-8233-7d08e6bb2a8c","दिन और रात का लूप चलता है","Sanatan & Vedic","","2026-05-23","","0","_radio_index/suno_backup/audio/5430725d-e817-463d-8233-7d08e6bb2a8c.mp3"
"7136ecc0-1cde-4b63-93df-1bd8100300b5","छट-छट चलती बुद्धि की गाड़ी","Sanatan & Vedic","","2026-05-23","","0","_radio_index/suno_backup/audio/7136ecc0-1cde-4b63-93df-1bd8100300b5.mp3"
"7ad70850-e3ae-4d26-b0e9-05197e2cb4f9","शंखनाद बाइनरी","Raw Aggressive Indian Drill Phonk, heavy distorted 808 bass, crisp metallic perc","","2026-05-23","","0","_radio_index/suno_backup/audio/7ad70850-e3ae-4d26-b0e9-05197e2cb4f9.mp3"
"ccd4fdeb-6879-4797-ae1f-f37fe6330b64","पिंगल-बाइनरी ट्राम","neural radio program for students","","2026-05-22","","0","_radio_index/suno_backup/audio/ccd4fdeb-6879-4797-ae1f-f37fe6330b64.mp3"
"f6051273-d0f3-41f7-b3fe-3b657023d007","🎵 3. सनातन वैज्ञानिक एक्सप्रेस गाना","Sanatan & Vedic","","2026-05-22","","0","_radio_index/suno_backup/audio/f6051273-d0f3-41f7-b3fe-3b657023d007.mp3"
"289f8c8d-4172-4b06-aa7f-5a73fd559b01","🎙️ रेडियो सनातन वैज्ञानिक पर महा-अभिलेखागार का ल","Sanatan & Vedic","","2026-05-22","","0","_radio_index/suno_backup/audio/289f8c8d-4172-4b06-aa7f-5a73fd559b01.mp3"
"ac3bbd7c-13ce-4c58-8852-a3ba11cf9d62","कोर लॉग्स लाइव","neural radio program for students","","2026-05-22","","0","_radio_index/suno_backup/audio/ac3bbd7c-13ce-4c58-8852-a3ba11cf9d62.mp3"
"cac083e2-5eba-42df-a500-188660293076","डिजिटल गुरुकुल मैट्रिक्स","","","2026-05-22","","0","_radio_index/suno_backup/audio/cac083e2-5eba-42df-a500-188660293076.mp3"
"9e69f682-8e35-49be-bd83-e64b31b91832","डिजिटल गुरुकुल लॉग्स","Style: real radio, sanaatana telecast","","2026-05-22","","0","_radio_index/suno_backup/audio/9e69f682-8e35-49be-bd83-e64b31b91832.mp3"
"8dfe144d-a4e9-4c51-8d4b-2c642a9eb4be","🎵 सनातन वैज्ञानिक एक्सप्रेस गाना: पाठ्यक्रम का त","Sanatan & Vedic","","2026-05-22","","0","_radio_index/suno_backup/audio/8dfe144d-a4e9-4c51-8d4b-2c642a9eb4be.mp3"
"1fe24a9e-568a-49b0-ba5b-a24b30c0d106","डिजिटल गुरुकुल लॉग्स","Style: real radio, sanaatana telecast","","2026-05-22","","0","_radio_index/suno_backup/audio/1fe24a9e-568a-49b0-ba5b-a24b30c0d106.mp3"
"161f3183-f997-4981-afda-e28650b9f92d","डिजिटल गुरुकुल-कनेक्टर","Style: radio sanaatana telecast","","2026-05-22","","0","_radio_index/suno_backup/audio/161f3183-f997-4981-afda-e28650b9f92d.mp3"
"db77a1fc-e18d-44a0-a28d-7653ea20e3c3","🎙️ रेडियो सनातन वैज्ञानिक पर महा-अभिलेखागार का ल","Sanatan & Vedic","","2026-05-22","","0","_radio_index/suno_backup/audio/db77a1fc-e18d-44a0-a28d-7653ea20e3c3.mp3"
"1c0f3567-660d-40a2-8672-943688dd3c89","O meri bhaarat maataa","Rap & Fusion","","2026-05-19","","0","_radio_index/suno_backup/audio/1c0f3567-660d-40a2-8672-943688dd3c89.mp3"
"d60bbdd7-852b-4638-9bfc-de2be9c9f0e9","Reversed Sitar Whisper","Style: Desi Trap, Indian Hip Hop, Dark Trap, 140 BPM, male autotuned rap, heavy","","2026-05-19","","0","_radio_index/suno_backup/audio/d60bbdd7-852b-4638-9bfc-de2be9c9f0e9.mp3"
"b1673a2d-91fa-478f-a3c3-79d253fd7444","परदेसां धड़कन","[Genre: Psytrance, Funky House, Hyperpop, Indian Fusion, 145 BPM, Male Vocals, H","","2026-05-19","","0","_radio_index/suno_backup/audio/b1673a2d-91fa-478f-a3c3-79d253fd7444.mp3"
"6145df1e-62b2-4fd3-a150-ebef60393608","O meri bhaarat maataa","Rap & Fusion","","2026-05-19","","0","_radio_index/suno_backup/audio/6145df1e-62b2-4fd3-a150-ebef60393608.mp3"
"4f82c591-30f7-4369-8544-9c90f7b11d0d","रही धड़क ना सीने में।","Rap & Fusion","","2026-05-19","","0","_radio_index/suno_backup/audio/4f82c591-30f7-4369-8544-9c90f7b11d0d.mp3"
"60bb8f17-03b5-4159-ab31-2927d80a2629","Distorted Sarangi Wobble","[Genre: Psytrance, Funky House, Hyperpop, Indian Fusion, 145 BPM, Male Vocals, H","","2026-05-19","","0","_radio_index/suno_backup/audio/60bb8f17-03b5-4159-ab31-2927d80a2629.mp3"
"6657399e-3da3-424d-9965-024cc4786644","Tanpura Rainbird","Style: Lo-fi Hip Hop, Chillhop, Indian folk sample, 75 BPM, soft male vocals, v","","2026-05-19","","0","_radio_index/suno_backup/audio/6657399e-3da3-424d-9965-024cc4786644.mp3"
"4c151ea0-4e12-4f3c-8767-e25ed0ee02cb","तेरे बिना मैंने परदेसां में","Rap & Fusion","","2026-05-19","","0","_radio_index/suno_backup/audio/4c151ea0-4e12-4f3c-8767-e25ed0ee02cb.mp3"
"2f7dc4d3-998d-4f4c-b011-9f88e7a482c1","Tanpura Rainbird","Style: Lo-fi Hip Hop, Chillhop, Indian folk sample, 75 BPM, soft male vocals, v","","2026-05-19","","0","_radio_index/suno_backup/audio/2f7dc4d3-998d-4f4c-b011-9f88e7a482c1.mp3"
"9da0a583-254e-4712-bf3d-e40b49a6856e","परदेसां कीधूप","Style: Lo-fi Hip Hop, Chillhop, Indian folk sample, 75 BPM, soft male vocals, v","","2026-05-19","","0","_radio_index/suno_backup/audio/9da0a583-254e-4712-bf3d-e40b49a6856e.mp3"
"ee86a23e-0007-4d04-99f8-4b605086de9e","रही धड़क ना सीने में।","Rap & Fusion","","2026-05-19","","0","_radio_index/suno_backup/audio/ee86a23e-0007-4d04-99f8-4b605086de9e.mp3"
"cb8ff251-d3a7-4271-a3a0-33969db28cb0","Paradesi Wobble","[Genre: Psytrance, Funky House, Hyperpop, Indian Fusion, 145 BPM, Male Vocals,","","2026-05-19","","0","_radio_index/suno_backup/audio/cb8ff251-d3a7-4271-a3a0-33969db28cb0.mp3"
"55b29326-16e4-4e61-84ab-ce7f6cd164df","साती माटी-चोला","Style: Raga Bhairavi, Raga Yaman, Raga Malkauns, Sufi fusion, Rajasthani folk,","","2026-05-19","","0","_radio_index/suno_backup/audio/55b29326-16e4-4e61-84ab-ce7f6cd164df.mp3"
"a3348700-9ecb-4d78-8344-aaf875575f8f","तेरे बिना मैंने परदेसां में","Haryanvi Folk","","2026-05-19","","0","_radio_index/suno_backup/audio/a3348700-9ecb-4d78-8344-aaf875575f8f.mp3"
"e73bb277-81d9-40d3-94bc-f8f3f7893688","O my darling","Love & Virah","","2026-05-19","","0","_radio_index/suno_backup/audio/e73bb277-81d9-40d3-94bc-f8f3f7893688.mp3"
"6058ab0b-f41c-4639-a96a-1b58b31a999d","परदेसा धड़कन","","","2026-05-19","","0","_radio_index/suno_backup/audio/6058ab0b-f41c-4639-a96a-1b58b31a999d.mp3"
"6773c614-261b-461b-9eab-54efb5810575","साहब","Haryanvi Folk","","2026-05-15","","0","_radio_index/suno_backup/audio/6773c614-261b-461b-9eab-54efb5810575.mp3"
"989e203d-59cf-43b4-b450-bd5f5fdf28a6","ख़्वाब-धागा आधा","[Cinematic World-Fusion, Deep Spiritual Qawwali Vocals, 142 BPM, UK Drill influe","","2026-05-15","","0","_radio_index/suno_backup/audio/989e203d-59cf-43b4-b450-bd5f5fdf28a6.mp3"
"62780b6c-9eb0-43e2-91f7-38e05b1458db","साहब","Haryanvi Folk","","2026-05-15","","0","_radio_index/suno_backup/audio/62780b6c-9eb0-43e2-91f7-38e05b1458db.mp3"
"081d7d0e-d5f4-455e-9716-46f8bfcd192f","साहब खोज जंग","[Cinematic World-Fusion, Deep Spiritual Qawwali vocals mixed with High-Impact UK","","2026-05-15","","0","_radio_index/suno_backup/audio/081d7d0e-d5f4-455e-9716-46f8bfcd192f.mp3"
"8433a493-5a44-4032-8243-bc0263a6ba2f","जमा उघाड़ी","[Style: World's saddest folk singing, extremely melancholic, cry voice, male rur","","2026-05-15","","0","_radio_index/suno_backup/audio/8433a493-5a44-4032-8243-bc0263a6ba2f.mp3"
"9a501fdc-42a2-43b9-b72f-4acea519537c","जिंदगी... तू जमा उघाड़ी है","Haryanvi Folk","","2026-05-15","","0","_radio_index/suno_backup/audio/9a501fdc-42a2-43b9-b72f-4acea519537c.mp3"
"27601dd5-f441-413d-bb6e-6efae567a7f7","आँखें रातभर","[Style: World's saddest folk singing, extremely melancholic, cry voice, male rur","","2026-05-15","","0","_radio_index/suno_backup/audio/27601dd5-f441-413d-bb6e-6efae567a7f7.mp3"
"eeadca81-afe0-426b-aec0-9bb8e7226283","जिंदगी... तू जमा उघाड़ी है","Haryanvi Folk","","2026-05-15","","0","_radio_index/suno_backup/audio/eeadca81-afe0-426b-aec0-9bb8e7226283.mp3"
"d02ff9aa-08de-4c3c-894a-5d78bf3883f8","जैठ की दुपहरी","[Style: Slow emotional ghazal, Sufi, male voice, crying tone, melancholic, acous","","2026-05-15","","0","_radio_index/suno_backup/audio/d02ff9aa-08de-4c3c-894a-5d78bf3883f8.mp3"
"b39097fb-81be-40f8-bc18-46c757b2ce0c","जिंदगी... तू जमा उघाड़ी है","Desh / Patriotic","","2026-05-15","","0","_radio_index/suno_backup/audio/b39097fb-81be-40f8-bc18-46c757b2ce0c.mp3"
"79c1b363-10f4-4f23-a2d0-846a1ff744ec","जाट जाट जाट जाट खिले हुए rose हैं","Haryanvi Folk","","2026-05-15","","0","_radio_index/suno_backup/audio/79c1b363-10f4-4f23-a2d0-846a1ff744ec.mp3"
"de8f6167-d436-420a-93af-8127c00e163b","सवा लाख जाट","[Genre: Hyperrap, Haryanvi folk, Afghan dambura, rubab, dhol, bakhshi style, fas","","2026-05-15","","0","_radio_index/suno_backup/audio/de8f6167-d436-420a-93af-8127c00e163b.mp3"
"42bde3ea-cba3-4e45-acdb-d8b8a10379ca","जाट जाट जाट जाट खिले हुए rose हैं","Haryanvi Folk","","2026-05-15","","0","_radio_index/suno_backup/audio/42bde3ea-cba3-4e45-acdb-d8b8a10379ca.mp3"
"a10e118d-a2df-428c-add4-6624a46a39fc","जटाओं की गड़गड़ाहट","[Genre: Haryanvi folk, Rajasthani folk, Afghan rubab, dambura, dhol, bakhshi sty","","2026-05-15","","0","_radio_index/suno_backup/audio/a10e118d-a2df-428c-add4-6624a46a39fc.mp3"
"d3340fe8-0440-4a60-afec-7b57312659b8","जटाओं की डमकार","[Genre: Haryanvi folk, Rajasthani folk, Afghan rubab, dambura, dhol, bakhshi sty","","2026-05-15","","0","_radio_index/suno_backup/audio/d3340fe8-0440-4a60-afec-7b57312659b8.mp3"
"c7719c74-3520-40ba-9a5a-48be9a8e9af4","जटाओं की डमकार","[Genre: Haryanvi folk, Rajasthani folk, Afghan rubab, dambura, dhol, bakhshi sty","","2026-05-15","","0","_radio_index/suno_backup/audio/c7719c74-3520-40ba-9a5a-48be9a8e9af4.mp3"
"7e3ed4ad-570a-4867-849a-9eae418e6564","बम भोला बम","","","2026-05-15","","0","_radio_index/suno_backup/audio/7e3ed4ad-570a-4867-849a-9eae418e6564.mp3"
"c180868a-e9f9-4af0-b85f-9e47ea6a94a0","बम भोला बम","","","2026-05-15","","0","_radio_index/suno_backup/audio/c180868a-e9f9-4af0-b85f-9e47ea6a94a0.mp3"
"7c43c6d1-991a-46e1-b557-7e9b8528b4a3","भगवा चोला","","","2026-05-15","","0","_radio_index/suno_backup/audio/7c43c6d1-991a-46e1-b557-7e9b8528b4a3.mp3"
"acce7b02-b36e-4aa7-8bc4-899e425e1f7f","भगवा चोला","","","2026-05-15","","0","_radio_index/suno_backup/audio/acce7b02-b36e-4aa7-8bc4-899e425e1f7f.mp3"
"00702de5-9189-4230-8040-d9c213a28c7c","बम बाबा बम भोला","Sanatan & Vedic","","2026-05-15","","0","_radio_index/suno_backup/audio/00702de5-9189-4230-8040-d9c213a28c7c.mp3"
"04511a31-131b-44c4-a3a6-d3daa32e8026","बम बाबा बम भोला","[Genre: Devotional Folk Rock, Bhajan, Energetic Chant, Rajasthani Folk] [Tempo:","","2026-05-15","","0","_radio_index/suno_backup/audio/04511a31-131b-44c4-a3a6-d3daa32e8026.mp3"
"c43bb926-b90b-41ce-b1ca-1079d49eb675","बम भोला चोला","[Genre: Devotional Folk Rock, Bhajan, Energetic Chant, Rajasthani Folk] [Tempo:","","2026-05-15","","0","_radio_index/suno_backup/audio/c43bb926-b90b-41ce-b1ca-1079d49eb675.mp3"
"5ca9eaf3-f217-487c-b700-28362ca02ec0","चला आर्यो का टोला","Sanatan & Vedic","","2026-05-15","","0","_radio_index/suno_backup/audio/5ca9eaf3-f217-487c-b700-28362ca02ec0.mp3"
"67800d7d-2832-4abd-9273-de538c1471a0","भगवा चोला बम","[Genre: Devotional Folk Rock, Bhajan, Energetic Chant, Rajasthani Folk] [Tempo:","","2026-05-15","","0","_radio_index/suno_backup/audio/67800d7d-2832-4abd-9273-de538c1471a0.mp3"
"b355bd3b-7913-40b5-8f0d-a482329e49b6","चला आर्यो का टोला","Sanatan & Vedic","","2026-05-15","","0","_radio_index/suno_backup/audio/b355bd3b-7913-40b5-8f0d-a482329e49b6.mp3"
"f5f173d2-b941-4beb-8383-123e56486214","सिलेंस के पार","[Style: Nautanki-Swang-Qawwali hybrid audio drama. Single male vocalist performi","","2026-05-13","","0","_radio_index/suno_backup/audio/f5f173d2-b941-4beb-8383-123e56486214.mp3"
"a37f2f45-fd0e-4254-a6cc-1dd4376ceaa2","नाम तेरे रखे अनेक","Bhakti & Katha","","2026-05-13","","0","_radio_index/suno_backup/audio/a37f2f45-fd0e-4254-a6cc-1dd4376ceaa2.mp3"
"2b4d9843-2835-4383-b5f5-f90a9f2cde42","घुटने-छुपा एक","[Style: Three-voice dialogue Qawwali. Characters: Raskhan (Braj, mischievous, su","","2026-05-13","","0","_radio_index/suno_backup/audio/2b4d9843-2835-4383-b5f5-f90a9f2cde42.mp3"
"f0e7033c-a246-4902-a230-945e9796c695","नाम तेरे रखे अनेक","Bhakti & Katha","","2026-05-13","","0","_radio_index/suno_backup/audio/f0e7033c-a246-4902-a230-945e9796c695.mp3"
"e553b9c9-27cd-43b9-a4e0-f97ca910e45d","तोरै ही भरोसो","Bhakti & Katha","","2026-05-13","","0","_radio_index/suno_backup/audio/e553b9c9-27cd-43b9-a4e0-f97ca910e45d.mp3"
"91ec0002-3ce7-418e-a969-3c1a00f9f662","नाम अनेक एक","[Style: Traditional Qawwali sung in Braj Bhasha dialect, Sufi devotional tone, m","","2026-05-13","","0","_radio_index/suno_backup/audio/91ec0002-3ce7-418e-a969-3c1a00f9f662.mp3"
"b25c705c-37d8-4b8f-8f80-49fc861fb6a5","नाम-छुपा दाता","[Style: Hybrid Sufi composition — alternating between solo spoken-word Nazm and","","2026-05-13","","0","_radio_index/suno_backup/audio/b25c705c-37d8-4b8f-8f80-49fc861fb6a5.mp3"
"cb2c77c5-2aab-4459-9d5f-84c4024be973","तुझ पर ही भरोसा","Other / Misc","","2026-05-13","","0","_radio_index/suno_backup/audio/cb2c77c5-2aab-4459-9d5f-84c4024be973.mp3"
"4ee44646-3967-4f0a-bbae-22021f58063f","तुझ पर ही भरोसा... तुझ पर है यक़ीन","Bhakti & Katha","","2026-05-13","","0","_radio_index/suno_backup/audio/4ee44646-3967-4f0a-bbae-22021f58063f.mp3"
"31e87d44-ff07-4ab5-8a2d-4381d75a2b64","Tujh Par भरोसा","[Style: Traditional Qawwali, male lead vocal with 3-voice male chorus, harmonium","","2026-05-13","","0","_radio_index/suno_backup/audio/31e87d44-ff07-4ab5-8a2d-4381d75a2b64.mp3"
"4cf08691-a7ea-40e0-bd21-8b0b272cb3f6","वो है-इसलिए मैं","[Style: Sufi devotional, slow meditative recitation, no rhythm, no beat, only de","","2026-05-13","","0","_radio_index/suno_backup/audio/4cf08691-a7ea-40e0-bd21-8b0b272cb3f6.mp3"
"2aa5f8f0-1fd1-4473-9dd2-a3db61cfd0dc","तुझ पर ही भरोसा","Other / Misc","","2026-05-13","","0","_radio_index/suno_backup/audio/2aa5f8f0-1fd1-4473-9dd2-a3db61cfd0dc.mp3"
"dd450e4b-6a76-42d9-8a70-2e4a0244702d","बोटी-फुर्र अरदास","Hyper Rap, Punjabi Trap, 170 BPM, male rapid-fire vocals, chaotic fun, meme ener","","2026-05-12","","0","_radio_index/suno_backup/audio/dd450e4b-6a76-42d9-8a70-2e4a0244702d.mp3"
"8bcb26e4-6909-4e70-9291-af3e5452bf87","बोटी-फुर्र अरदास","Hyper Rap, Punjabi Trap, 170 BPM, male rapid-fire vocals, chaotic fun, meme ener","","2026-05-12","","0","_radio_index/suno_backup/audio/8bcb26e4-6909-4e70-9291-af3e5452bf87.mp3"
"f5ca7479-1bc5-4df4-a86e-e410e27b36cb","जिसकी लांबी लांबी चोटी","Haryanvi Folk","","2026-05-12","","0","_radio_index/suno_backup/audio/f5ca7479-1bc5-4df4-a86e-e410e27b36cb.mp3"
"12134426-c294-4dd0-9375-9f507bb1140a","इसी वाली बोटी","Genre: Punjabi Folk Pop / Bhangra Pop / Energetic Party Song BPM: 120-130 Mood:","","2026-05-12","","0","_radio_index/suno_backup/audio/12134426-c294-4dd0-9375-9f507bb1140a.mp3"
"bb4a0cdc-93a8-4846-a9c5-30071f2fcf78","चप्पल-झिड़कियाँ","[Genre: Qawwali × Hip-Hop Fusion, Indian Devotional Folk, Comedy, Urban Desi, Ma","","2026-05-10","","0","_radio_index/suno_backup/audio/bb4a0cdc-93a8-4846-a9c5-30071f2fcf78.mp3"
"2dbdbe4b-7abb-4214-b3ea-768e09a3cce1","तेरी चप्पल","Haryanvi Folk","","2026-05-10","","0","_radio_index/suno_backup/audio/2dbdbe4b-7abb-4214-b3ea-768e09a3cce1.mp3"
"e6e7cdf5-7183-436b-b56a-c8060859c0de","माँ की बेलन-झिड़कियाँ","[Genre: Qawwali × Hip-Hop Fusion, Indian Devotional Folk, Comedy, Urban Desi, Ma","","2026-05-10","","0","_radio_index/suno_backup/audio/e6e7cdf5-7183-436b-b56a-c8060859c0de.mp3"
"5d3de852-628c-4d4e-83dc-4e2d0f91338a","तेरी चप्पल","Haryanvi Folk","","2026-05-10","","0","_radio_index/suno_backup/audio/5d3de852-628c-4d4e-83dc-4e2d0f91338a.mp3"
"97f6c423-1e8d-4dec-92a5-a11b38363ee4","माँ की ममता-8D","ध्वनि का स्तर: इसे 8D साउंड में अनुभव करें, जहाँ 'राग माता' के सुर आपके चारों ओर","","2026-05-10","","0","_radio_index/suno_backup/audio/97f6c423-1e8d-4dec-92a5-a11b38363ee4.mp3"
"438a6526-4837-43f4-a7e5-50ae007fa00d","माताओं के दिवस नहीं","Bhakti & Katha","","2026-05-10","","0","_radio_index/suno_backup/audio/438a6526-4837-43f4-a7e5-50ae007fa00d.mp3"
"cf6d9e3e-ae51-435d-895a-c4d7f95ebf4d","मिट्टी-तालि उछाल","1980s lo-fi field recording, live at Nidhivan temple courtyard, Raga Todi, Raw B","","2026-05-10","","0","_radio_index/suno_backup/audio/cf6d9e3e-ae51-435d-895a-c4d7f95ebf4d.mp3"
"30275318-8155-4d3f-8d49-c49ddaf3e5c1","तोरि बंसी की तान... सुनिबे कूँ तरस गये मोरै कान।","Sanatan & Vedic","","2026-05-10","","0","_radio_index/suno_backup/audio/30275318-8155-4d3f-8d49-c49ddaf3e5c1.mp3"
"17abc34f-fad4-4b66-86f5-340e07c01725","तोरि बंसी की तान... सुनिबे कूँ तरस गये मोरै कान।","Sanatan & Vedic","","2026-05-10","","0","_radio_index/suno_backup/audio/17abc34f-fad4-4b66-86f5-340e07c01725.mp3"
"a0c2cd04-1c26-49ec-b699-610ef0a62630","बंसी की तान","1980s lo-fi field recording, live at Nidhivan temple courtyard, Raga Todi, Raw B","","2026-05-10","","0","_radio_index/suno_backup/audio/a0c2cd04-1c26-49ec-b699-610ef0a62630.mp3"
"bd82b09f-8f58-4b13-8ae8-b3c88ea71ee4","बंसी तान बिरह","Raw street temple qawwali, Raga Todi, live at Nidhivan Vrindavan, thousands of g","","2026-05-10","","0","_radio_index/suno_backup/audio/bd82b09f-8f58-4b13-8ae8-b3c88ea71ee4.mp3"
"cb3b5a5b-0158-437f-bb0f-a905d88de403","बंसी तान बिरह","Raw street temple qawwali, Raga Todi, live at Nidhivan Vrindavan, thousands of g","","2026-05-10","","0","_radio_index/suno_backup/audio/cb3b5a5b-0158-437f-bb0f-a905d88de403.mp3"
"7f168537-a968-41cb-ba05-f17737463764","घूँघट के पट खोलि दे आली","Bhakti & Katha","","2026-05-10","","0","_radio_index/suno_backup/audio/7f168537-a968-41cb-ba05-f17737463764.mp3"
"d8e1bbbb-d558-49bb-9961-e2caa023d9aa","बंसीधर मुकुट","Genre/Style: Braj Sankirtan, Dhrupad-folk fusion, Raw Devotional, Indian Temple","","2026-05-10","","0","_radio_index/suno_backup/audio/d8e1bbbb-d558-49bb-9961-e2caa023d9aa.mp3"
"d33be684-25d7-4e85-87ef-49230095291a","श्याम-धागो धरी","[Style: Indian devotional bhajan, Hindustani classical, Raga Khamaj, Taal Keherw","","2026-05-09","","0","_radio_index/suno_backup/audio/d33be684-25d7-4e85-87ef-49230095291a.mp3"
"0ad49695-99db-42e9-8a89-cc45b2f0875d","कौन कहे मनुस को जनम अभागो","Bhakti & Katha","","2026-05-09","","0","_radio_index/suno_backup/audio/0ad49695-99db-42e9-8a89-cc45b2f0875d.mp3"
"20d780b6-4235-4a2e-85ae-2221c73e89ef","श्याम-धागो","[Style: Indian devotional bhajan, Hindustani classical, Raga Khamaj, Taal Keherw","","2026-05-09","","0","_radio_index/suno_backup/audio/20d780b6-4235-4a2e-85ae-2221c73e89ef.mp3"
"819c6001-5eb8-472a-ae59-0a0ebab6a312","श्याम-धागो","[Style: Indian devotional bhajan, Hindustani classical, Raga Khamaj, Taal Keherw","","2026-05-09","","0","_radio_index/suno_backup/audio/819c6001-5eb8-472a-ae59-0a0ebab6a312.mp3"
"6093fffc-e0fc-44c3-b9b9-66d4d27c8180","तोरि बंसी तान","Raw street temple qawwali, Raga Todi, live at Nidhivan Vrindavan, thousands of g","","2026-05-09","","0","_radio_index/suno_backup/audio/6093fffc-e0fc-44c3-b9b9-66d4d27c8180.mp3"
"2ad65ecc-4658-4a67-ad4f-68cbd8705a93","तोरी बंसी की तान... सुनन को तरस गए मोरे कान।","Bhakti & Katha","","2026-05-09","","0","_radio_index/suno_backup/audio/2ad65ecc-4658-4a67-ad4f-68cbd8705a93.mp3"
"bc6100f3-8fad-4df5-a8c1-3cd98848d069","तोरी बंसी की तान","Bhakti & Katha","","2026-05-09","","0","_radio_index/suno_backup/audio/bc6100f3-8fad-4df5-a8c1-3cd98848d069.mp3"
"bdf090e4-3d39-4d47-863b-7bd1757feb8d","बंसीधर ताज","Cinematic qawwali, Raga Todi, thousands of gopis + Radha solo, 60-120 BPM, femal","","2026-05-09","","0","_radio_index/suno_backup/audio/bdf090e4-3d39-4d47-863b-7bd1757feb8d.mp3"
"52095580-5eef-4721-9a8a-1f615159529c","बंसीधर का ताज","Raga Todi qawwali, 70 to 110 BPM, female devotional voice, bansuri, harmonium, t","","2026-05-09","","0","_radio_index/suno_backup/audio/52095580-5eef-4721-9a8a-1f615159529c.mp3"
"36dbb97d-2e8b-4a53-bbec-f43d0afa75ad","तोरी बंसी की तान","Sanatan & Vedic","","2026-05-09","","0","_radio_index/suno_backup/audio/36dbb97d-2e8b-4a53-bbec-f43d0afa75ad.mp3"
"b4c47e00-23e3-4b09-aafa-1ea1cb27d65c","तोरी बंसी की तान","Bhakti & Katha","","2026-05-09","","0","_radio_index/suno_backup/audio/b4c47e00-23e3-4b09-aafa-1ea1cb27d65c.mp3"
"831ce982-3173-46ec-8fde-6f2a71f624d8","तोरी बंसी तान","[Style: Indian classical, Raga Todi, slow 70 BPM, female devotional, acoustic, b","","2026-05-09","","0","_radio_index/suno_backup/audio/831ce982-3173-46ec-8fde-6f2a71f624d8.mp3"
"24d21a4f-0895-4c56-aec7-a4bfa9864ef5","तोरी बंसीतरस","[Style: Indian classical, Raga Todi, slow 70 BPM, female devotional, acoustic, b","","2026-05-09","","0","_radio_index/suno_backup/audio/24d21a4f-0895-4c56-aec7-a4bfa9864ef5.mp3"
"0d0501a9-8f1f-4a21-98f0-69b8429600fd","तोरी बंसी की तान","Bhakti & Katha","","2026-05-09","","0","_radio_index/suno_backup/audio/0d0501a9-8f1f-4a21-98f0-69b8429600fd.mp3"
"86a31444-8c53-4fa0-aba2-cb6ca15aaa59","बंसीधर-तोरि","[Style: Indian classical, Raga Todi, slow 70 BPM, female devotional, acoustic, b","","2026-05-09","","0","_radio_index/suno_backup/audio/86a31444-8c53-4fa0-aba2-cb6ca15aaa59.mp3"
"9a2ad423-1f61-4b9b-896d-68cb77193f5c","तोरी बंसी की तान","Bhakti & Katha","","2026-05-09","","0","_radio_index/suno_backup/audio/9a2ad423-1f61-4b9b-896d-68cb77193f5c.mp3"
"8e2f8fd9-7f9d-4716-94c1-4bac528a767b","तेरी बंसी की तान","Bhakti & Katha","","2026-05-09","","0","_radio_index/suno_backup/audio/8e2f8fd9-7f9d-4716-94c1-4bac528a767b.mp3"
"c10e8a3e-5744-4640-aff1-e1378f937cc5","बंसी तान-तड़प","[Style: Indian classical, Raga Todi, slow 70 BPM, female devotional, acoustic, b","","2026-05-09","","0","_radio_index/suno_backup/audio/c10e8a3e-5744-4640-aff1-e1378f937cc5.mp3"
"40960b06-71f2-42db-a4f7-ca440d0a25be","तेरी बंसी की तान","Bhakti & Katha","","2026-05-09","","0","_radio_index/suno_backup/audio/40960b06-71f2-42db-a4f7-ca440d0a25be.mp3"
"9f8b0cb8-2b2d-47cb-8906-259a2f1e6144","अमर शत्रुहंता","Sanatan & Vedic","","2026-05-09","","0","_radio_index/suno_backup/audio/9f8b0cb8-2b2d-47cb-8906-259a2f1e6144.mp3"
"2859728c-7217-4382-bc09-22ad41ee0de0","बंसी की तान","[Style: Indian classical, Raga Todi, slow 70 BPM, female devotional, acoustic, b","","2026-05-09","","0","_radio_index/suno_backup/audio/2859728c-7217-4382-bc09-22ad41ee0de0.mp3"
"4cacd011-00d8-408e-97ef-d7bfb366b23e","महाराणा क़फ़िया","Epic Hindustani classical war anthem, Raag Bilawal, male heroic vocal with deep","","2026-05-09","","0","_radio_index/suno_backup/audio/4cacd011-00d8-408e-97ef-d7bfb366b23e.mp3"
"b39a1673-b9c4-4eda-a3c6-a9ce936d589f","वो धर्म का जाप था","Haryanvi Folk","","2026-05-09","","0","_radio_index/suno_backup/audio/b39a1673-b9c4-4eda-a3c6-a9ce936d589f.mp3"
"4e99c51c-14d1-43a5-a536-c58f63a6d5f4","Dhol Stutter March","Epic Bollywood film score, grand orchestral, Raag Bilawal based, male power voca","","2026-05-09","","0","_radio_index/suno_backup/audio/4e99c51c-14d1-43a5-a536-c58f63a6d5f4.mp3"
"63dd43a7-8fe0-465d-bcaf-b5986297d7ab","प्रताप का तान","Hindustani classical raga Bilawal, male heroic vocal, dhol shehnai, war drums, 7","","2026-05-09","","0","_radio_index/suno_backup/audio/63dd43a7-8fe0-465d-bcaf-b5986297d7ab.mp3"
"c5f1d8b4-1e92-4d0f-9936-e632bd0922de","म्यूअर क़िला-धुआं","Epic Bollywood patriotic ballad, heroic male vocals, orchestral with dhol and sh","","2026-05-09","","0","_radio_index/suno_backup/audio/c5f1d8b4-1e92-4d0f-9936-e632bd0922de.mp3"
"21b9c825-4413-4f7f-90c9-7bcd81cc55c0","वो धर्म का जाप था","Haryanvi Folk","","2026-05-09","","0","_radio_index/suno_backup/audio/21b9c825-4413-4f7f-90c9-7bcd81cc55c0.mp3"
"4d3c3d6c-edc8-4836-af39-6100059283e0","प्रताप का तान","Hindustani classical raga Bilawal, male heroic vocal, dhol shehnai, war drums, 7","","2026-05-09","","0","_radio_index/suno_backup/audio/4d3c3d6c-edc8-4836-af39-6100059283e0.mp3"
"74a54818-5c55-4db4-bc1f-7dfa1e9fce6d","नीऑन लस्का","Style: Cyberpunk Hip Hop, Hyper-rap, Industrial Trap, 160 BPM, D# minor  Vocal:","","2026-05-07","","0","_radio_index/suno_backup/audio/74a54818-5c55-4db4-bc1f-7dfa1e9fce6d.mp3"
"565636d5-7042-4a96-88a9-f7835e3df3d0","आशिका न","Haryanvi Folk","","2026-05-07","","0","_radio_index/suno_backup/audio/565636d5-7042-4a96-88a9-f7835e3df3d0.mp3"
"b81894bf-4e0b-489f-b54c-a471f30a051a","चस्का फीडबैक","[Genre: HyperRa, Boom Bap, Cyberpunk, High Tempo Rap] [BPM: 120-140] [Vocal Styl","","2026-05-07","","0","_radio_index/suno_backup/audio/b81894bf-4e0b-489f-b54c-a471f30a051a.mp3"
"40f0eebb-2347-467a-b12f-57371526672e","आशिका न","Sanatan & Vedic","","2026-05-07","","0","_radio_index/suno_backup/audio/40f0eebb-2347-467a-b12f-57371526672e.mp3"
"e3e41c8a-d755-4128-b6d7-eb79a61facec","चस्का ढार","[Genre: Desi Hip Hop, Boom Bap, Slow to Mid Tempo Rap] [BPM: 85-95] [Vocal Style","","2026-05-06","","0","_radio_index/suno_backup/audio/e3e41c8a-d755-4128-b6d7-eb79a61facec.mp3"
"4417277d-8df9-416a-ac8b-9b68e3cdf5be","चस्का ढार","[Genre: Desi Hip Hop, Boom Bap, Slow to Mid Tempo Rap] [BPM: 85-95] [Vocal Style","","2026-05-06","","0","_radio_index/suno_backup/audio/4417277d-8df9-416a-ac8b-9b68e3cdf5be.mp3"
"3dfe2673-db12-496e-a169-ea75a891fef2","इस रंज-ओ-ग़म की दुनिया में मुझको यक़ीन न था","Other / Misc","","2026-05-06","","0","_radio_index/suno_backup/audio/3dfe2673-db12-496e-a169-ea75a891fef2.mp3"
"216ca16d-22ff-4a35-959c-89ff65126a95","Chaska Laska","style desi hip hop rajasthani folk fusion heavy bass fast beat male aggressive v","","2026-05-06","","0","_radio_index/suno_backup/audio/216ca16d-22ff-4a35-959c-89ff65126a95.mp3"
"091ab81d-180d-4521-8005-1d08377b3f14","साँस का पहरा","Cinematic Modern Ghazal, Dark Ambient, Ethereal Baritone Male Vocals, Deep Cello","","2026-05-06","","0","_radio_index/suno_backup/audio/091ab81d-180d-4521-8005-1d08377b3f14.mp3"
"b564bd23-5730-4718-b0f9-e2fb7eba934f","आशिका न","Haryanvi Folk","","2026-05-06","","0","_radio_index/suno_backup/audio/b564bd23-5730-4718-b0f9-e2fb7eba934f.mp3"
"534e2457-1af3-4ffb-92cb-4d53662c9940","बे... थमसी आती है","Male  vocal, hyperpop / hyperrap, high energy, fast tempo 160 BPM, aggressive 80","","2026-04-30","","0","_radio_index/suno_backup/audio/534e2457-1af3-4ffb-92cb-4d53662c9940.mp3"
"f7390bf3-2335-444e-baed-c5e5cd17cfc1","बे... थमसी आती है","Male  vocal, hyperpop / hyperrap, high energy, fast tempo 160 BPM, aggressive 80","","2026-04-30","","0","_radio_index/suno_backup/audio/f7390bf3-2335-444e-baed-c5e5cd17cfc1.mp3"
"b621900d-687c-4fdb-8eb9-638c8124b1e4","बे...","Male  vocal, hyperpop / hyperrap, high energy, fast tempo 160 BPM, aggressive 80","","2026-04-30","","0","_radio_index/suno_backup/audio/b621900d-687c-4fdb-8eb9-638c8124b1e4.mp3"
"decc359e-6a2c-4531-8b3c-f829ac5700be","बे...","Male  vocal, hyperpop / hyperrap, high energy, fast tempo 160 BPM, aggressive 80","","2026-04-30","","0","_radio_index/suno_backup/audio/decc359e-6a2c-4531-8b3c-f829ac5700be.mp3"
"ee8a117b-ef9c-4b4e-9cbe-9d314232d018","बेधड़क करीब","Female vocal, hyperpop / hyperrap, high energy, fast tempo 160 BPM, aggressive 8","","2026-04-30","","0","_radio_index/suno_backup/audio/ee8a117b-ef9c-4b4e-9cbe-9d314232d018.mp3"
"6c333810-2183-40c8-91a7-bd198ff98290","इतनी करीब आ जाती है","Rap & Fusion","","2026-04-30","","0","_radio_index/suno_backup/audio/6c333810-2183-40c8-91a7-bd198ff98290.mp3"
"fec3e2d0-b4c1-47aa-b22f-a7b5f2ea4774","कैसी वैसी सी","Female vocal, Punjabi pop meets Bollywood, upbeat and celebratory yet emotional,","","2026-04-30","","0","_radio_index/suno_backup/audio/fec3e2d0-b4c1-47aa-b22f-a7b5f2ea4774.mp3"
"48633b3f-1638-40cc-b3e8-55bd791ea44e","इतनी करीब आ जाती है","Haryanvi Folk","","2026-04-30","","0","_radio_index/suno_backup/audio/48633b3f-1638-40cc-b3e8-55bd791ea44e.mp3"
"c50d2540-0f2b-4c94-bb28-6a3c4883e847","सुनहर हारा फूका","Haryanvi Folk + Rajasthani Folk + Indian Classical + Hyper-Rap Fusion. Suno v4.","","2026-04-30","","0","_radio_index/suno_backup/audio/c50d2540-0f2b-4c94-bb28-6a3c4883e847.mp3"
"4cccdb69-4cb8-41f3-91bc-bac82f3583af","WhatsApp Image 2025-06-17 at 20.41.57 (Remastered)","A dark and atmospheric Hindi indie-folk track with a haunting, cinematic quality","","2026-04-30","","0","_radio_index/suno_backup/audio/4cccdb69-4cb8-41f3-91bc-bac82f3583af.mp3"
"4df6f608-207a-494e-91e5-296847785ef2","Giddhon ke sheher mein","Desh / Patriotic","","2026-04-30","","0","_radio_index/suno_backup/audio/4df6f608-207a-494e-91e5-296847785ef2.mp3"
"6fe0efcf-2803-4ea7-83a7-a2f0a923176d","एक फूल ओ सुनहरा","Haryanvi Folk","","2026-04-30","","0","_radio_index/suno_backup/audio/6fe0efcf-2803-4ea7-83a7-a2f0a923176d.mp3"
"4cacdec0-b868-46d6-b260-0944f8278d76","संग पत्तियां का फहरा","Haryanvi Folk","","2026-04-30","","0","_radio_index/suno_backup/audio/4cacdec0-b868-46d6-b260-0944f8278d76.mp3"
"d195714f-a2b3-4d77-ae4f-f18670428eb0","मेघ की विरह","Haryanvi Folk + Indian Classical + Hyper-Rap Fusion. Suno v4. Dynamic genre swit","","2026-04-30","","0","_radio_index/suno_backup/audio/d195714f-a2b3-4d77-ae4f-f18670428eb0.mp3"
"809507be-5a63-49dc-8e0d-a16b87287cc8","पिंकी नाच","Raw horror folk. Haryanvi male vocal - broken, crying, manic. Female vampire voc","","2026-04-29","","0","_radio_index/suno_backup/audio/809507be-5a63-49dc-8e0d-a16b87287cc8.mp3"
"55c1da3f-383e-4f89-b2f1-e371ee790fb4","नाच र पिंकी","Haryanvi Folk","","2026-04-29","","0","_radio_index/suno_backup/audio/55c1da3f-383e-4f89-b2f1-e371ee790fb4.mp3"
"416d0856-a289-4daf-ade4-0c21dfa4b8dd","नाच र पिंकी","Haryanvi Folk","","2026-04-29","","0","_radio_index/suno_backup/audio/416d0856-a289-4daf-ade4-0c21dfa4b8dd.mp3"
"67e8aee2-9b5a-47cc-88a6-741643a45909","पिंकी थाली","[Genre: Cinematic Horror × Rajasthani Folk × Dark Disco × Haryanvi Vampire Weste","","2026-04-29","","0","_radio_index/suno_backup/audio/67e8aee2-9b5a-47cc-88a6-741643a45909.mp3"
"8abf9e3b-198d-42d4-b547-c789d030e9fa","नाच र पिंकी","Sanatan & Vedic","","2026-04-29","","0","_radio_index/suno_backup/audio/8abf9e3b-198d-42d4-b547-c789d030e9fa.mp3"
"f23d5bb3-9dc9-487a-902e-fb31cc813dfd","नाच र पिंकी","Haryanvi Folk","","2026-04-29","","0","_radio_index/suno_backup/audio/f23d5bb3-9dc9-487a-902e-fb31cc813dfd.mp3"
"8f0c2cf6-a3ee-488c-a85c-95779c10cd5c","पिंकी का थाली","[Genre: Cinematic Horror × Rajasthani Folk × Dark Disco × Haryanvi Vampire Weste","","2026-04-29","","0","_radio_index/suno_backup/audio/8f0c2cf6-a3ee-488c-a85c-95779c10cd5c.mp3"
"9944d4d4-a519-4243-8abc-0eb7245f81f0","पायल बजती धुन","","","2026-04-29","","0","_radio_index/suno_backup/audio/9944d4d4-a519-4243-8abc-0eb7245f81f0.mp3"
"1b8e0980-f89e-41df-9a65-5a6eb313c777","पिंकी की थाली","[Genre: Rajasthani Folk Horror × Disco × Dark Electronic] [BPM: 128, Key: D mino","","2026-04-29","","0","_radio_index/suno_backup/audio/1b8e0980-f89e-41df-9a65-5a6eb313c777.mp3"
"3ab7074f-3f3a-4669-8f7d-3b93838e728b","नाच र पिंकी","Sanatan & Vedic","","2026-04-29","","0","_radio_index/suno_backup/audio/3ab7074f-3f3a-4669-8f7d-3b93838e728b.mp3"
"45ebedf4-7d51-4716-a12b-764243daad4a","Pinki… Pinki… maut ka samaan","Bhakti & Katha","","2026-04-28","","0","_radio_index/suno_backup/audio/45ebedf4-7d51-4716-a12b-764243daad4a.mp3"
"c8598710-c924-4b3c-8e32-0a1fded87efb","Din Mein Sarpanch","Dark cinematic Indian folk trap song with female vocals.  Theme: A powerful Hary","","2026-04-28","","0","_radio_index/suno_backup/audio/c8598710-c924-4b3c-8e32-0a1fded87efb.mp3"
"7e7aaecb-6ae5-41b2-86d2-c53c30b96231","गूंगों का स्टेशन","","","2026-04-24","","0","_radio_index/suno_backup/audio/7e7aaecb-6ae5-41b2-86d2-c53c30b96231.mp3"
"226a516c-1c24-4e20-b60b-33c5d07903e0","हर ट्रैक एक दृश्य और भाव के साथ।","Other / Misc","","2026-04-24","","0","_radio_index/suno_backup/audio/226a516c-1c24-4e20-b60b-33c5d07903e0.mp3"
"f3c2518c-d6a6-4235-8da6-208eae4ee71a","“Roach Sirens”","[Style: Opera + Hyper-rap + Trap Metal + Cinematic Orchestra, aggressive male te","","2026-04-22","","0","_radio_index/suno_backup/audio/f3c2518c-d6a6-4235-8da6-208eae4ee71a.mp3"
"18cc6ebd-d8fe-4bf0-a598-1abdd0082fc7","करें परेशान","Love & Virah","","2026-04-22","","0","_radio_index/suno_backup/audio/18cc6ebd-d8fe-4bf0-a598-1abdd0082fc7.mp3"
"87cb98e9-3781-4876-86b0-4540f8ecf4b1","रेत पर निशाँ","Modern Sufi Qawwali, divine male vocals, slow emotional tempo, harmonium, soft t","","2026-04-22","","0","_radio_index/suno_backup/audio/87cb98e9-3781-4876-86b0-4540f8ecf4b1.mp3"
"c6ab00bc-f4fc-49fb-91b6-93fbb717ec43","Who raised you? Who trained you","Rap & Fusion","","2026-04-22","","0","_radio_index/suno_backup/audio/c6ab00bc-f4fc-49fb-91b6-93fbb717ec43.mp3"
"b56bd6df-5167-43b3-b0a6-cf5f42c72589","मेट्रो दरवाज़े बंद x Animatrix लोडिंग (Mashup)","Afro-Phonk Fusion, Vedic Chanting, Modern Indian Folk, Neon-Sufi, Syncopated Dje","","2026-04-21","","0","_radio_index/suno_backup/audio/b56bd6df-5167-43b3-b0a6-cf5f42c72589.mp3"
"d0569990-a19a-4e68-b82b-1db44b271e2a","मेट्रो दरवाज़े बंद x Animatrix लोडिंग (Mashup)","Afro-Phonk Fusion, Vedic Chanting, Modern Indian Folk, Neon-Sufi, Syncopated Dje","","2026-04-21","","0","_radio_index/suno_backup/audio/d0569990-a19a-4e68-b82b-1db44b271e2a.mp3"
"803ae36b-ad83-4a45-9256-606bf42e2514","मेरा अंतरमन डोले","Sanatan & Vedic","","2026-04-21","","0","_radio_index/suno_backup/audio/803ae36b-ad83-4a45-9256-606bf42e2514.mp3"
"e48f5522-c4e9-43c9-8080-e6a097fa596c","मेट्रो दरवाज़े बंद","Afro-Phonk Fusion, Vedic Chanting, Modern Indian Folk, Neon-Sufi, Syncopated Dje","","2026-04-21","","0","_radio_index/suno_backup/audio/e48f5522-c4e9-43c9-8080-e6a097fa596c.mp3"
"e4126f4b-d140-4061-9c2f-294733f12904","Animatrix Loading","Afro-Phonk Fusion, Vedic Chanting, Modern Indian Folk, Neon-Sufi, Syncopated Dje","","2026-04-21","","0","_radio_index/suno_backup/audio/e4126f4b-d140-4061-9c2f-294733f12904.mp3"
"9aa4b117-b9b0-46de-9c7d-4e16fadb5159","Animatrix लोड","Afro-Phonk Fusion, Vedic Chanting, Modern Indian Folk, Neon-Sufi, Syncopated Dje","","2026-04-21","","0","_radio_index/suno_backup/audio/9aa4b117-b9b0-46de-9c7d-4e16fadb5159.mp3"
"40bc367c-0e8b-4773-800e-f68e8cf45f1e","Animatrix Loading","Afro-Phonk Fusion, Vedic Chanting, Modern Indian Folk, Neon-Sufi, Syncopated Dje","","2026-04-21","","0","_radio_index/suno_backup/audio/40bc367c-0e8b-4773-800e-f68e8cf45f1e.mp3"
"ad88ec20-844d-47ac-ae8e-5634a628daee","धरती का नून","dark hindustani bhajan meets ambient trance  d bhairavi  72 to 108 bpm  male gri","","2026-04-21","","0","_radio_index/suno_backup/audio/ad88ec20-844d-47ac-ae8e-5634a628daee.mp3"
"47ed762a-d69b-40e3-8c6b-9feee3c9bd95","Animatrix लोड","Afro-Phonk Fusion, Vedic Chanting, Modern Indian Folk, Neon-Sufi, Syncopated Dje","","2026-04-21","","0","_radio_index/suno_backup/audio/47ed762a-d69b-40e3-8c6b-9feee3c9bd95.mp3"
"a5469ce5-e8c0-40f9-86c7-934fe766e66a","चलते पर्वत","Bhakti & Katha","","2026-04-21","","0","_radio_index/suno_backup/audio/a5469ce5-e8c0-40f9-86c7-934fe766e66a.mp3"
"a1faf499-0ae9-40d2-ac91-2d8e83b55f0c","Animatrix लोडिंग","Afro-Phonk Fusion, Vedic Chanting, Modern Indian Folk, Neon-Sufi, Syncopated Dje","","2026-04-21","","0","_radio_index/suno_backup/audio/a1faf499-0ae9-40d2-ac91-2d8e83b55f0c.mp3"
"64809c5c-f7d0-4faf-b884-c3a9e25efa99","**धून रे-साधो**","[Genre: Hindustani classical meets dark ambient trance, Bhairavi raga, slow burn","","2026-04-21","","0","_radio_index/suno_backup/audio/64809c5c-f7d0-4faf-b884-c3a9e25efa99.mp3"
"d6049185-a418-4c6a-a1d9-fcc801c751b9","लाश हटाता","Desh / Patriotic","","2026-04-21","","0","_radio_index/suno_backup/audio/d6049185-a418-4c6a-a1d9-fcc801c751b9.mp3"
"3b1bbfb3-e88d-49d5-91b4-f619dc802de3","मैं धरती का नून","Sanatan & Vedic","","2026-04-21","","0","_radio_index/suno_backup/audio/3b1bbfb3-e88d-49d5-91b4-f619dc802de3.mp3"
"7e0d2809-671f-4a5d-ac1b-393bdf43d3fb","रेत में नमक","धरती का नून DHARTI KA NOON — Full Adlib & Reverb Annotated Score BPM / Tempo 72","","2026-04-21","","0","_radio_index/suno_backup/audio/7e0d2809-671f-4a5d-ac1b-393bdf43d3fb.mp3"
"c2da4a42-4081-4f8b-bcce-99e67d38740e","Animatrix लोडिंग","Afro-Phonk Fusion, Vedic Chanting, Modern Indian Folk, Neon-Sufi, Syncopated Dje","","2026-04-21","","0","_radio_index/suno_backup/audio/c2da4a42-4081-4f8b-bcce-99e67d38740e.mp3"
"b3e24cb5-dd86-475b-b84c-00356ec425f6","मेरा अंतरमन डोले","Rap & Fusion","","2026-04-21","","0","_radio_index/suno_backup/audio/b3e24cb5-dd86-475b-b84c-00356ec425f6.mp3"
"12168a29-23fd-464a-8f32-b552fd6e4571","Animatrix Loading","Cyber-Sufi Afro-Phonk, Heavy Distorted 808 Bass, Cowbell Phonk Melody, Fast Sync","","2026-04-21","","0","_radio_index/suno_backup/audio/12168a29-23fd-464a-8f32-b552fd6e4571.mp3"
"50efcdb2-3927-4d22-9dff-23ab30048e3e","मेरा अंतरमन डोले","Rap & Fusion","","2026-04-21","","0","_radio_index/suno_backup/audio/50efcdb2-3927-4d22-9dff-23ab30048e3e.mp3"
"8e51259c-2c1b-4d8c-9937-a9210c11f9e0","मेट्रो हम-डोल","Dark Drift Phonk, Heavy Distorted 808 Bass, Cowbell Melody, Fast Afro-Phonk Perc","","2026-04-21","","0","_radio_index/suno_backup/audio/8e51259c-2c1b-4d8c-9937-a9210c11f9e0.mp3"
"eba6ef4c-4673-47d3-a972-ec071def7fc1","मेट्रो डिब्बा मोबाइल","Cyber-Sufi Afro-Phonk, Heavy Distorted 808 Bass, Cowbell Phonk Melody, Fast Sync","","2026-04-21","","0","_radio_index/suno_backup/audio/eba6ef4c-4673-47d3-a972-ec071def7fc1.mp3"
"489eb949-4a6f-43a9-a57f-0c8d38c447f8","मेरा अंतरमन डोले","Rap & Fusion","","2026-04-21","","0","_radio_index/suno_backup/audio/489eb949-4a6f-43a9-a57f-0c8d38c447f8.mp3"
"302d74f4-c980-41ab-9517-7315d88c6f17","Animatrix Bootloop","Dark Drift Phonk, Heavy Distorted 808 Bass, Cowbell Melody, Fast Afro-Phonk Perc","","2026-04-21","","0","_radio_index/suno_backup/audio/302d74f4-c980-41ab-9517-7315d88c6f17.mp3"
"fe9e7ab6-a016-4774-9a1e-43f4e2598a18","मेरा अंतरमन डोले","Rap & Fusion","","2026-04-21","","0","_radio_index/suno_backup/audio/fe9e7ab6-a016-4774-9a1e-43f4e2598a18.mp3"
"bbdbe9f0-9175-4132-989e-36fbc9b6ea40","मेरा अंतरमन डोले","Rap & Fusion","","2026-04-21","","0","_radio_index/suno_backup/audio/bbdbe9f0-9175-4132-989e-36fbc9b6ea40.mp3"
"6fdb63c2-38cc-46f4-9872-4c0d1fec3922","मेरा अंतरमन डोले","Rap & Fusion","","2026-04-21","","0","_radio_index/suno_backup/audio/6fdb63c2-38cc-46f4-9872-4c0d1fec3922.mp3"
"920539b8-cbfd-4c49-8404-bb0fbaa9dc11","मेरा अंतरमान डोले","Dark Drift Phonk, Heavy Distorted 808 Bass, Cowbell Melody, Fast Afro-Phonk Perc","","2026-04-21","","0","_radio_index/suno_backup/audio/920539b8-cbfd-4c49-8404-bb0fbaa9dc11.mp3"
"f4537e0d-1ee4-43aa-886c-096606a8877f","Animatrix Loading (Remastered)","Dark Drift Phonk, Afrobeat percussion, Cyber-Sufi, Cinematic Space Atmosphere, H","","2026-04-21","","0","_radio_index/suno_backup/audio/f4537e0d-1ee4-43aa-886c-096606a8877f.mp3"
"a4a5bc5a-d81d-4f39-9713-104d788188ad","आ भी जा","Other / Misc","","2026-04-21","","0","_radio_index/suno_backup/audio/a4a5bc5a-d81d-4f39-9713-104d788188ad.mp3"
"1b6225a2-fb64-49aa-94db-802efe864623","Duduk Cello Oath","Cinematic World-Sufi Fusion, Avant-garde Qawwali, Mournful Armenian Duduk Intro,","","2026-04-21","","0","_radio_index/suno_backup/audio/1b6225a2-fb64-49aa-94db-802efe864623.mp3"
"55ff3fb9-78dd-47aa-954e-b679fb027780","Sanatan Data (Woodwinds)","","","2026-04-21","","0","_radio_index/suno_backup/audio/55ff3fb9-78dd-47aa-954e-b679fb027780.mp3"
"750b55e5-c14a-4830-b809-46c5c268bb10","Sanatan Data (FX)","","","2026-04-21","","0","_radio_index/suno_backup/audio/750b55e5-c14a-4830-b809-46c5c268bb10.mp3"
"6733d2a3-417b-48bc-860b-da829db4aea6","Sanatan Data (Brass)","","","2026-04-21","","0","_radio_index/suno_backup/audio/6733d2a3-417b-48bc-860b-da829db4aea6.mp3"
"df9decba-6d7a-4b41-b934-ece15438bc04","Sanatan Data (Synth)","","","2026-04-21","","0","_radio_index/suno_backup/audio/df9decba-6d7a-4b41-b934-ece15438bc04.mp3"
"4038805a-13f2-4ea4-8ebc-0aaf8b8d4a63","Sanatan Data (Strings)","","","2026-04-21","","0","_radio_index/suno_backup/audio/4038805a-13f2-4ea4-8ebc-0aaf8b8d4a63.mp3"
"5b28d996-b797-44fd-84e6-91260239f99a","Sanatan Data (Percussion)","","","2026-04-21","","0","_radio_index/suno_backup/audio/5b28d996-b797-44fd-84e6-91260239f99a.mp3"
"d52c5488-160e-4898-95b6-9aba85fc57b1","Sanatan Data (Keyboard)","","","2026-04-21","","0","_radio_index/suno_backup/audio/d52c5488-160e-4898-95b6-9aba85fc57b1.mp3"
"06022320-56b7-4569-93f1-46ff24219ab6","Sanatan Data (Guitar)","","","2026-04-21","","0","_radio_index/suno_backup/audio/06022320-56b7-4569-93f1-46ff24219ab6.mp3"
"b6eefd3b-f41e-41d8-9e90-857f3d92e322","Sanatan Data (Bass)","","","2026-04-21","","0","_radio_index/suno_backup/audio/b6eefd3b-f41e-41d8-9e90-857f3d92e322.mp3"
"fcb87d9a-652c-460e-bc96-12071b018834","Sanatan Data (Drums)","","","2026-04-21","","0","_radio_index/suno_backup/audio/fcb87d9a-652c-460e-bc96-12071b018834.mp3"
"fad79731-3877-425f-a565-dc7a091f1209","Sanatan Data (Vocals)","","","2026-04-21","","0","_radio_index/suno_backup/audio/fad79731-3877-425f-a565-dc7a091f1209.mp3"
"2df22d4b-e5ef-452e-9aae-60e2c60cfbb4","Sanatan Data (Backing Vocals)","","","2026-04-21","","0","_radio_index/suno_backup/audio/2df22d4b-e5ef-452e-9aae-60e2c60cfbb4.mp3"
"bff7af57-604d-4eb1-8620-88141375f222","Sanatan Data (Woodwinds)","","","2026-04-21","","0","_radio_index/suno_backup/audio/bff7af57-604d-4eb1-8620-88141375f222.mp3"
"92163cc3-c08b-4c75-94ac-496254f1f521","Sanatan Data (Brass)","","","2026-04-21","","0","_radio_index/suno_backup/audio/92163cc3-c08b-4c75-94ac-496254f1f521.mp3"
"fdc7c260-7895-4cf1-a49a-4c69b66d3ffd","Sanatan Data (FX)","","","2026-04-21","","0","_radio_index/suno_backup/audio/fdc7c260-7895-4cf1-a49a-4c69b66d3ffd.mp3"
"3afc05ed-d817-4a5d-8bc7-283c5aabfd16","Sanatan Data (Synth)","","","2026-04-21","","0","_radio_index/suno_backup/audio/3afc05ed-d817-4a5d-8bc7-283c5aabfd16.mp3"
"c34d5864-b138-4724-8ce0-42b8df09bc20","Sanatan Data (Percussion)","","","2026-04-21","","0","_radio_index/suno_backup/audio/c34d5864-b138-4724-8ce0-42b8df09bc20.mp3"
"8fb6e001-23ae-46fd-864d-27f15ca9c8a9","Sanatan Data (Strings)","","","2026-04-21","","0","_radio_index/suno_backup/audio/8fb6e001-23ae-46fd-864d-27f15ca9c8a9.mp3"
"30abfc96-11b2-4d86-b059-077e1cbd984c","Sanatan Data (Keyboard)","","","2026-04-21","","0","_radio_index/suno_backup/audio/30abfc96-11b2-4d86-b059-077e1cbd984c.mp3"
"5c1e3da3-0ba0-4e42-ac96-403818537176","Sanatan Data (Guitar)","","","2026-04-21","","0","_radio_index/suno_backup/audio/5c1e3da3-0ba0-4e42-ac96-403818537176.mp3"
"b20658c7-bce6-4c52-aa19-264349be1606","Sanatan Data (Bass)","","","2026-04-21","","0","_radio_index/suno_backup/audio/b20658c7-bce6-4c52-aa19-264349be1606.mp3"
"a7d65933-ac13-4ad7-ab6a-5aa7d140a532","Sanatan Data (Drums)","","","2026-04-21","","0","_radio_index/suno_backup/audio/a7d65933-ac13-4ad7-ab6a-5aa7d140a532.mp3"
"0e3e9b9c-f329-493b-a0a5-bc60ac1606d4","Sanatan Data (Backing Vocals)","","","2026-04-21","","0","_radio_index/suno_backup/audio/0e3e9b9c-f329-493b-a0a5-bc60ac1606d4.mp3"
"ebd8e4bb-3d61-4661-89bf-5f04d9c473fe","Sanatan Data (Vocals)","","","2026-04-21","","0","_radio_index/suno_backup/audio/ebd8e4bb-3d61-4661-89bf-5f04d9c473fe.mp3"
"3e849ef6-8f9e-467f-b6cd-23ece1febccc","Animatrix Loading","Dark Drift Phonk, Afrobeat percussion, Cyber-Sufi, Cinematic Space Atmosphere, H","","2026-04-21","","0","_radio_index/suno_backup/audio/3e849ef6-8f9e-467f-b6cd-23ece1febccc.mp3"
"eb94acbb-29cd-4d8f-8cfd-bc1845d25b66","Animatrix Loading","Dark Drift Phonk, Afrobeat percussion, Cyber-Sufi, Cinematic Space Atmosphere, H","","2026-04-21","","0","_radio_index/suno_backup/audio/eb94acbb-29cd-4d8f-8cfd-bc1845d25b66.mp3"
"3580b58a-f911-4e7a-a531-b00a0b28b285","Sanatan Data","Dark Drift Phonk, Afrobeat percussion, Cyber-Sufi, Cinematic Space Atmosphere, H","","2026-04-21","","0","_radio_index/suno_backup/audio/3580b58a-f911-4e7a-a531-b00a0b28b285.mp3"
"2020dea5-b656-40ad-afab-e188b5b87eb4","Earth Station Static","Dark Drift Phonk, Afrobeat percussion, Cyber-Sufi, Cinematic Space Atmosphere, H","","2026-04-21","","0","_radio_index/suno_backup/audio/2020dea5-b656-40ad-afab-e188b5b87eb4.mp3"
"3225dd25-cc33-46f2-a2ae-25251f5514bd","मेरा अंतरमन डोले","Sanatan & Vedic","","2026-04-21","","0","_radio_index/suno_backup/audio/3225dd25-cc33-46f2-a2ae-25251f5514bd.mp3"
"0d8bd230-e8fb-40c1-bd65-a1d4ba490f2a","मेरा अंतरमान डोले कितने आयाम","Rap & Fusion","","2026-04-21","","0","_radio_index/suno_backup/audio/0d8bd230-e8fb-40c1-bd65-a1d4ba490f2a.mp3"
"ba996ff1-61da-4e8f-8887-34fa43c9dd27","चुंग-चुंग गज़ब","Indian Psychedelic Folk, Memphis Phonk, hypnotic Ektara loops, train rhythmic ch","","2026-04-21","","0","_radio_index/suno_backup/audio/ba996ff1-61da-4e8f-8887-34fa43c9dd27.mp3"
"da33ae1c-117f-41b3-9784-fe362d228637","मेरा अंतरमन डोले कितने आयाम","Rap & Fusion","","2026-04-21","","0","_radio_index/suno_backup/audio/da33ae1c-117f-41b3-9784-fe362d228637.mp3"
"3c427c65-53cf-4f73-8314-f7c17ce91bfd","Train Chug-Chug चमत्कार","Indian Psychedelic Folk, Memphis Phonk, hypnotic Ektara loops, train rhythmic ch","","2026-04-21","","0","_radio_index/suno_backup/audio/3c427c65-53cf-4f73-8314-f7c17ce91bfd.mp3"
"ef0b0bee-7663-448a-879e-09acd3a01be8","मेरा अंतरमान डोले कितने आयामा","Rap & Fusion","","2026-04-21","","0","_radio_index/suno_backup/audio/ef0b0bee-7663-448a-879e-09acd3a01be8.mp3"
"2fd61f04-cf7c-48c8-b0fc-88e954b400a3","सनातन ट्रेन","","","2026-04-21","","0","_radio_index/suno_backup/audio/2fd61f04-cf7c-48c8-b0fc-88e954b400a3.mp3"
"f3bece2c-8fd5-4865-af7e-d5cc311fcaf9","प्यार प्यार प्यार रहे","Sanatan & Vedic","","2026-04-21","","0","_radio_index/suno_backup/audio/f3bece2c-8fd5-4865-af7e-d5cc311fcaf9.mp3"
"8a1552e3-f66a-47d5-9b8f-962ea1ca02d7","अधिनारा हँसी","","","2026-04-21","","0","_radio_index/suno_backup/audio/8a1552e3-f66a-47d5-9b8f-962ea1ca02d7.mp3"
"4755eedc-6653-4f47-a62c-4c49b907cf1d","🎵 नया गीत – ""पंडित होने की कोशिश","Sanatan & Vedic","","2026-04-21","","0","_radio_index/suno_backup/audio/4755eedc-6653-4f47-a62c-4c49b907cf1d.mp3"
"3a04f1ee-76c8-4231-a913-8316bd017536","प्यार प्यार प्यार रहे","Bhakti & Katha","","2026-04-21","","0","_radio_index/suno_backup/audio/3a04f1ee-76c8-4231-a913-8316bd017536.mp3"
"5b648092-0e75-4f22-95e2-5ee3f1cfe456","पंडित होने की कोशिश","","","2026-04-21","","0","_radio_index/suno_backup/audio/5b648092-0e75-4f22-95e2-5ee3f1cfe456.mp3"
"376451ac-cca7-45f8-888b-707b3fce09ba","अंक 1 – शहर","Bhakti & Katha","","2026-04-20","","0","_radio_index/suno_backup/audio/376451ac-cca7-45f8-888b-707b3fce09ba.mp3"
"dbccc64f-268b-4c67-b479-32878a298eab","आंसू तौल-मोल","[Artist: P.H.K.D. (Pure Honest Kabir Driven) Genre: Trans UX, use ambience sound","","2026-04-20","","0","_radio_index/suno_backup/audio/dbccc64f-268b-4c67-b479-32878a298eab.mp3"
"2f8b76a0-2fea-4f3f-9f7f-09611a2f27d7","माटी घट-विक्री","[Artist: P.H.K.D. (Pure Honest Kabir Driven) Genre: Spiritual Phonk / Cinematic","","2026-04-20","","0","_radio_index/suno_backup/audio/2f8b76a0-2fea-4f3f-9f7f-09611a2f27d7.mp3"
"134c2704-6219-40e0-ac0d-cb7ea6ad4857","कबीरा न रो","Bhakti & Katha","","2026-04-20","","0","_radio_index/suno_backup/audio/134c2704-6219-40e0-ac0d-cb7ea6ad4857.mp3"
"e7929024-f570-473c-9c81-bd82372023c1","कबीरा नमक मंडी","[Artist: P.H.K.D. (Pure Honest Kabir Driven) Genre: Spiritual Phonk / Cinematic","","2026-04-20","","0","_radio_index/suno_backup/audio/e7929024-f570-473c-9c81-bd82372023c1.mp3"
"cd4e2b2c-3363-4c01-81bd-4482ad356954","कबीरा नमक मंडी","[Artist: P.H.K.D. (Pure Honest Kabir Driven) Genre: Spiritual Phonk / Cinematic","","2026-04-20","","0","_radio_index/suno_backup/audio/cd4e2b2c-3363-4c01-81bd-4482ad356954.mp3"
"5b609e38-5b63-4174-ab7f-05565cfb36bd","कबीरा न रो","Bhakti & Katha","","2026-04-19","","0","_radio_index/suno_backup/audio/5b609e38-5b63-4174-ab7f-05565cfb36bd.mp3"
"064fb6c2-bf1e-4247-8603-1a4228fd88b0","Saltless Tears","[Genre: Afrobeat, Indian folk fusion, Telugu folk, Tamil folk, Bangla folk, Erhu","","2026-04-19","","0","_radio_index/suno_backup/audio/064fb6c2-bf1e-4247-8603-1a4228fd88b0.mp3"
"e81cfcda-4146-4974-97ad-0def356a7395","नमक सनक","[Genre: Afrobeat, Chinese folk fusion, Erhu, Guzheng, talking drum, deep bass, s","","2026-04-19","","0","_radio_index/suno_backup/audio/e81cfcda-4146-4974-97ad-0def356a7395.mp3"
"a8149b61-2d92-49dc-953c-4ada38600bae","कबीरा न रो","Bhakti & Katha","","2026-04-19","","0","_radio_index/suno_backup/audio/a8149b61-2d92-49dc-953c-4ada38600bae.mp3"
"a908fdd1-014a-4f0a-8f1d-eb3e613a3396","Kabira Sanak","[Genre: Afrobeat, Chinese folk, Erhu, Guzheng, Telugu folk, Tamil folk, Bangla f","","2026-04-19","","0","_radio_index/suno_backup/audio/a908fdd1-014a-4f0a-8f1d-eb3e613a3396.mp3"
"3018222c-053b-4835-ac77-5369dfc07619","कबीरा न रो","Bhakti & Katha","","2026-04-19","","0","_radio_index/suno_backup/audio/3018222c-053b-4835-ac77-5369dfc07619.mp3"
"aa1881d9-c310-46ae-a942-bbcdeaa35490","नमक की सनक","[Genre: World fusion, Afrobeat, Chinese Erhu, Telugu Nadhaswaram, Tamil Thavil,","","2026-04-19","","0","_radio_index/suno_backup/audio/aa1881d9-c310-46ae-a942-bbcdeaa35490.mp3"
"75a7a676-5662-4f89-b35d-b1f787192f99","कबीरा न रो","Bhakti & Katha","","2026-04-19","","0","_radio_index/suno_backup/audio/75a7a676-5662-4f89-b35d-b1f787192f99.mp3"
"119e5763-3ed3-4801-b36d-5146d62459cb","कबीरा न रो","Bhakti & Katha","","2026-04-19","","0","_radio_index/suno_backup/audio/119e5763-3ed3-4801-b36d-5146d62459cb.mp3"
"b893c0fe-1e67-4f62-9a13-005c52b42182","कबीरा न रो","[Genre: Afrobeat, Afro-fusion, Indian folk fusion, spiritual, philosophical, tal","","2026-04-19","","0","_radio_index/suno_backup/audio/b893c0fe-1e67-4f62-9a13-005c52b42182.mp3"
"2e0e6ce6-2cc7-486b-a473-7cb8e45e78e8","Kabira na ro","Bhakti & Katha","","2026-04-19","","0","_radio_index/suno_backup/audio/2e0e6ce6-2cc7-486b-a473-7cb8e45e78e8.mp3"
"531d0f3b-bd07-4bf6-8d1d-242097d6a447","Paisa Sanak","[Genre: Afrobeat, Afro-fusion, Nigerian folk, Indian folk fusion, talking drum,","","2026-04-19","","0","_radio_index/suno_backup/audio/531d0f3b-bd07-4bf6-8d1d-242097d6a447.mp3"
"2b9f2515-2617-4f67-93ba-594138f00b7a","पहाड़ा सत्तालोलुप","[Genre: Viral Funk, Hindi Disco, Ghetto Funk, Bollywood Bass, TikTok Dance Chall","","2026-04-19","","0","_radio_index/suno_backup/audio/2b9f2515-2617-4f67-93ba-594138f00b7a.mp3"
"b9b2a6e0-f8d8-4111-b187-f3d395a61245","नेता नेमा — नमकहराम","Bhakti & Katha","","2026-04-19","","0","_radio_index/suno_backup/audio/b9b2a6e0-f8d8-4111-b187-f3d395a61245.mp3"
"d16e0a51-7641-4ea2-9b3d-6c5316629611","चार सौ बीस","Desh / Patriotic","","2026-04-19","","0","_radio_index/suno_backup/audio/d16e0a51-7641-4ea2-9b3d-6c5316629611.mp3"
"2ff31d7c-3d3c-4c10-8f2d-d61355484a92","गधा पहलवान","[Genre: Viral Funk, Hindi Dance Pop, Ghetto Funk, Bollywood Bass, TikTok Ready,","","2026-04-19","","0","_radio_index/suno_backup/audio/2ff31d7c-3d3c-4c10-8f2d-d61355484a92.mp3"
"6f0d30c8-5d5b-48d1-afb1-e5c08aefc694","नेता एकम नेता","Desh / Patriotic","","2026-04-19","","0","_radio_index/suno_backup/audio/6f0d30c8-5d5b-48d1-afb1-e5c08aefc694.mp3"
"0ee9ebdc-e004-4d32-a610-eebd7d83bb83","झूठ के नाम हज़ार.. सत्य घर में बेनाम","Sanatan & Vedic","","2026-04-19","","0","_radio_index/suno_backup/audio/0ee9ebdc-e004-4d32-a610-eebd7d83bb83.mp3"
"7925c2fc-1f6f-4aac-aa53-3cd7eadd9fbd","नेता एकम डेटा","[Genre: Cyberpunk, Industrial Hip-Hop, Hindi Protest Rap, Dark Synthwave] [BPM:","","2026-04-19","","0","_radio_index/suno_backup/audio/7925c2fc-1f6f-4aac-aa53-3cd7eadd9fbd.mp3"
"9d4efeb8-a43d-43e2-9bd9-aa8ec1017c23","डमरू तांडव","Acoustic Ritual Trance. 140 BPM. NO ELECTRONICS. Raw human claps, sharp metallic","","2026-04-19","","0","_radio_index/suno_backup/audio/9d4efeb8-a43d-43e2-9bd9-aa8ec1017c23.mp3"
"d192c358-e056-42b1-87ac-fb68c6578234","ॐ झं! झौं! झीं! फटक मार","Sanatan & Vedic","","2026-04-19","","0","_radio_index/suno_backup/audio/d192c358-e056-42b1-87ac-fb68c6578234.mp3"
"200924f6-fd97-4641-9ce1-dc0071add716","झूठ-ध्वनि साधन","""100% Acoustic Ritual Folk, Neural Trance, No Electronic Instruments. Raw and hy","","2026-04-19","","0","_radio_index/suno_backup/audio/200924f6-fd97-4641-9ce1-dc0071add716.mp3"
"676e99b3-6ffb-4c8a-b389-dcdc0ac45ece","न नाश","Sanatan & Vedic","","2026-04-19","","0","_radio_index/suno_backup/audio/676e99b3-6ffb-4c8a-b389-dcdc0ac45ece.mp3"
"97a3a9b7-6579-4077-8f26-19f8c61113b4","शंख-कोड गूँज","Genre: Fast-Paced Trap / Melodic Rap Neural Futurism Tempo: 150 BPM (High Energy","","2026-04-19","","0","_radio_index/suno_backup/audio/97a3a9b7-6579-4077-8f26-19f8c61113b4.mp3"
"a8db0e7b-ca71-4345-9952-aebc3c4d9c7d","शून्य शंख-पैड","Atmospheric Afro-Zen x Deep Minimalism. 110 BPM.  Texture: आवाज़ों के बजाय 'Space","","2026-04-18","","0","_radio_index/suno_backup/audio/a8db0e7b-ca71-4345-9952-aebc3c4d9c7d.mp3"
"a780eeee-8325-40dc-91b9-a2a2ee4a7515","मिटा दे नाम को","Sanatan & Vedic","","2026-04-18","","0","_radio_index/suno_backup/audio/a780eeee-8325-40dc-91b9-a2a2ee4a7515.mp3"
"4a506fe2-5611-45d3-8b3c-5636aa1122bf","रूह से फकीर","Rap & Fusion","","2026-04-17","","0","_radio_index/suno_backup/audio/4a506fe2-5611-45d3-8b3c-5636aa1122bf.mp3"
"510031ab-3950-43ea-bcb9-b2e19ede7eb2","करुणा-शस्त्र विधान","Zen-Drill x Afro-Phonk. 110 BPM. Soundscape: शुरुआत एक बहुत ही शांत 'Tibetan Bow","","2026-04-17","","0","_radio_index/suno_backup/audio/510031ab-3950-43ea-bcb9-b2e19ede7eb2.mp3"
"0d363331-c315-4e90-8f78-300af99db0c0","Degrees? Those are for the students","Rap & Fusion","","2026-04-17","","0","_radio_index/suno_backup/audio/0d363331-c315-4e90-8f78-300af99db0c0.mp3"
"80022ecf-60fd-434c-9110-3782fd30a128","P.H.K.D. Shatter","Industrial Afro-Drill with a ""Boss-Level"" Cinematic Intro. 110 BPM. Vibe: Defian","","2026-04-17","","0","_radio_index/suno_backup/audio/80022ecf-60fd-434c-9110-3782fd30a128.mp3"
"fad3edfd-8f23-410c-82fb-282dbdd51c59","पंडित हेमंत कुमार... दीक्षित","Sanatan & Vedic","","2026-04-17","","0","_radio_index/suno_backup/audio/fad3edfd-8f23-410c-82fb-282dbdd51c59.mp3"
"be8830ac-7a68-434c-b532-0d602396c088","शून्य-लय पंडित","Cinematic Afro-Drill x Vedic Industrial. 110 BPM. Vocal: Deep, commanding barito","","2026-04-17","","0","_radio_index/suno_backup/audio/be8830ac-7a68-434c-b532-0d602396c088.mp3"
"5fc639fe-7b5a-4ff3-b972-17f25f8a13f4","शून्य-शोर अकाल","Neo-Vedic Phonk meets Afro-Drill. 110 BPM.  Instrumentation: > * Intro (0:00-0:0","","2026-04-17","","0","_radio_index/suno_backup/audio/5fc639fe-7b5a-4ff3-b972-17f25f8a13f4.mp3"
"9bc77208-c25b-427f-8860-d87651658f49","अंखिया न देखूँ","Bhakti & Katha","","2026-04-17","","0","_radio_index/suno_backup/audio/9bc77208-c25b-427f-8860-d87651658f49.mp3"
"2a18d142-6534-4a1d-a2da-00703e7e9621","अंखिया मूँद","Style/Genre: Afro-house meets Sexy Drill meets Indian Bhajan, 110 BPM, heavy log","","2026-04-17","","0","_radio_index/suno_backup/audio/2a18d142-6534-4a1d-a2da-00703e7e9621.mp3"
"2c6b5c78-e36b-43aa-b1c2-7fb8770902d3","शून्य के भीतर शोर खड़ा है","Sanatan & Vedic","","2026-04-17","","0","_radio_index/suno_backup/audio/2c6b5c78-e36b-43aa-b1c2-7fb8770902d3.mp3"
"889cb216-db14-474f-9186-192f838f34cf","Kabir Clubdevotion","Style/Genre: Afro-house meets Sexy Drill meets Indian Bhajan, 110 BPM, heavy log","","2026-04-17","","0","_radio_index/suno_backup/audio/889cb216-db14-474f-9186-192f838f34cf.mp3"
"cc885ad5-533d-4658-97f5-c6ba2a9a87cc","अंखिया मूँद","Style/Genre: Afro-house meets Sexy Drill meets Indian Bhajan, 110 BPM, heavy log","","2026-04-17","","0","_radio_index/suno_backup/audio/cc885ad5-533d-4658-97f5-c6ba2a9a87cc.mp3"
"e1953d58-6e85-4b69-9fa0-b2a991ba6816","अंखिया मूँद","Style/Genre: Afro-house meets Sexy Drill meets Indian Bhajan, 110 BPM, heavy log","","2026-04-17","","0","_radio_index/suno_backup/audio/e1953d58-6e85-4b69-9fa0-b2a991ba6816.mp3"
"de9697c5-2352-4e2d-b84e-6f5ba6d6e35e","Kabir Shayo Groove","[style: Afro-house meets Sexy Drill meets Indian Bhajan, 110 BPM, log drums, con","","2026-04-17","","0","_radio_index/suno_backup/audio/de9697c5-2352-4e2d-b84e-6f5ba6d6e35e.mp3"
"9f37476d-d3d6-4986-94f7-243dd1767838","बंद आँखों से प्रत्यक्ष","Bhakti & Katha","","2026-04-17","","0","_radio_index/suno_backup/audio/9f37476d-d3d6-4986-94f7-243dd1767838.mp3"
"3d8b096f-9f2a-4def-815f-b12ca6b1d3de","Kabir Shayo Groove","[style: Afro-house meets Sexy Drill meets Indian Bhajan, 110 BPM, log drums, con","","2026-04-17","","0","_radio_index/suno_backup/audio/3d8b096f-9f2a-4def-815f-b12ca6b1d3de.mp3"
"4f57a0d7-1f5e-47fe-a249-405c77fc2ddf","Kabir Pillar Collapse","[style: devotional drill, Indian bhajan meets Sexy Drill, 60 BPM, harmonium + he","","2026-04-17","","0","_radio_index/suno_backup/audio/4f57a0d7-1f5e-47fe-a249-405c77fc2ddf.mp3"
"e512512c-6e61-42ce-8ccc-8fd96d37f200","Sahair Real Deal","[style: Indian folk bhajan meets West Coast G-Funk hip-hop, slow tempo, harmoniu","","2026-04-17","","0","_radio_index/suno_backup/audio/e512512c-6e61-42ce-8ccc-8fd96d37f200.mp3"
"55944a75-e58c-47d0-b0fd-0053dcf655e5","बंद आँखों से प्रत्यक्ष","Bhakti & Katha","","2026-04-17","","0","_radio_index/suno_backup/audio/55944a75-e58c-47d0-b0fd-0053dcf655e5.mp3"
"5a96815a-5320-4ebb-83ad-5088f4d5119f","कुचली पुचली लोरी","Lullaby, Indian Folk, Soft Female or Male Vocals, Harmonium, Gentle Tabla, Bansu","","2026-04-17","","0","_radio_index/suno_backup/audio/5a96815a-5320-4ebb-83ad-5088f4d5119f.mp3"
"261bc9a5-7397-48d4-8adb-d5ddf5d4b2c5","Eyes closed","Bhakti & Katha","","2026-04-17","","0","_radio_index/suno_backup/audio/261bc9a5-7397-48d4-8adb-d5ddf5d4b2c5.mp3"
"57e5c812-cb4c-4121-8851-0bb1adf03ea3","बंद आँखों का प्रत्यक्ष","गीत का शीर्षक: बंद आँखों का प्रत्यक्ष [style: Indian folk, bhajan, slow-medium","","2026-04-17","","0","_radio_index/suno_backup/audio/57e5c812-cb4c-4121-8851-0bb1adf03ea3.mp3"
"55b087c3-f3be-437a-9900-27fd029e6c9c","अधूरे से मंत्रों में पूर्ण की परिकल्पना","Bhakti & Katha","","2026-04-17","","0","_radio_index/suno_backup/audio/55b087c3-f3be-437a-9900-27fd029e6c9c.mp3"
"f3e731fd-6f31-461c-a2a6-3b473777fab5","कुचली पुचली लोरी","Lullaby, Indian Folk, Soft Female or Male Vocals, Harmonium, Gentle Tabla, Bansu","","2026-04-17","","0","_radio_index/suno_backup/audio/f3e731fd-6f31-461c-a2a6-3b473777fab5.mp3"
"b37c71bb-dbeb-4ae3-99d2-7debde5ee2be","ला ला ला... सो जा रे","Love & Virah","","2026-04-17","","0","_radio_index/suno_backup/audio/b37c71bb-dbeb-4ae3-99d2-7debde5ee2be.mp3"
"35f7f955-01dd-4c65-bbbd-ba0e87bf0900","कुचली पुचली सो जा","Lullaby, Indian Folk, Soft Female or Male Vocals, Harmonium, Gentle Tabla, Bansu","","2026-04-17","","0","_radio_index/suno_backup/audio/35f7f955-01dd-4c65-bbbd-ba0e87bf0900.mp3"
"a3921a5e-3468-4352-82c7-464bbbbdee6f","कुचली-पुचली लाला","Sufi, Indian Folk, Acoustic Lullaby, Soft Male Vocals, Harmonium, Tabla, Sitar,","","2026-04-17","","0","_radio_index/suno_backup/audio/a3921a5e-3468-4352-82c7-464bbbbdee6f.mp3"
"5bb71084-6ab7-4e1b-b9d2-1b1f5dcd962a","ला ला ला ला ला ला","Bhakti & Katha","","2026-04-17","","0","_radio_index/suno_backup/audio/5bb71084-6ab7-4e1b-b9d2-1b1f5dcd962a.mp3"
"3118ddf7-ffd5-4762-a8c4-74a78371a3e4","कुचली पुचली लाला","[Style: Sufi, Acoustic Lullaby, Indian Folk, Soft Male Vocals, Harmonium, Tabla,","","2026-04-17","","0","_radio_index/suno_backup/audio/3118ddf7-ffd5-4762-a8c4-74a78371a3e4.mp3"
"23ec5f01-efef-4073-8948-4870619c32c9","ला ला ला ला ला ला","Bhakti & Katha","","2026-04-17","","0","_radio_index/suno_backup/audio/23ec5f01-efef-4073-8948-4870619c32c9.mp3"
"9feeffc6-46ed-4d5d-9f48-82803d34d8ca","ला ला ला ला ला ला","Bhakti & Katha","","2026-04-17","","0","_radio_index/suno_backup/audio/9feeffc6-46ed-4d5d-9f48-82803d34d8ca.mp3"
"38523b11-2e31-40ac-bdc6-03bfd30b1186","कुचली पुचली लाला","Indian folk fusion, bansuri flute, meditative drone,  cyberpunk eastern, raw kab","","2026-04-17","","0","_radio_index/suno_backup/audio/38523b11-2e31-40ac-bdc6-03bfd30b1186.mp3"
"d296596e-d584-45b6-85f0-188c6772452a","ईश्वर एक बहरूपिया","Sanatan & Vedic","","2026-04-17","","0","_radio_index/suno_backup/audio/d296596e-d584-45b6-85f0-188c6772452a.mp3"
"96a7ddf6-2c5b-44ad-b1db-16634387d175","बहरूपिया-ऑनलाइन","Indian folk fusion, bansuri flute, meditative drone,  cyberpunk eastern, raw kab","","2026-04-17","","0","_radio_index/suno_backup/audio/96a7ddf6-2c5b-44ad-b1db-16634387d175.mp3"
"d65dfcf3-c12e-4e51-9d93-f6f106c0ca3f","Baharupiya Reboot","[Style: Cyberpunk + Hyper Rap + Neural Lo-fi + Raw Kabir + Time Travel Vibe + Da","","2026-04-17","","0","_radio_index/suno_backup/audio/d65dfcf3-c12e-4e51-9d93-f6f106c0ca3f.mp3"
"0af7e65f-47a4-4c0f-aed2-53fa90952fb4","Baharupiya Reboot","[Style: Cyberpunk + Hyper Rap + Neural Lo-fi + Raw Kabir + Time Travel Vibe + Da","","2026-04-17","","0","_radio_index/suno_backup/audio/0af7e65f-47a4-4c0f-aed2-53fa90952fb4.mp3"
"b60cb4ba-3ab7-4c77-868c-3d2af99231ee","पत्थर बुत","cyberpunk+hyper rap + classical + narrator=divine awakening","","2026-04-17","","0","_radio_index/suno_backup/audio/b60cb4ba-3ab7-4c77-868c-3d2af99231ee.mp3"
"507a1183-07e8-4762-b317-b03c850a9f66","॥ महा-काव्य: आदि-अनंत ॥","Rap & Fusion","","2026-04-17","","0","_radio_index/suno_backup/audio/507a1183-07e8-4762-b317-b03c850a9f66.mp3"
"19a9d094-81bf-4578-af5a-103ad79c94f8","चक्रव्यूह' —अभिमन्यु की तरह हर इंसान इन 'चार लोग","Rap & Fusion","","2026-04-17","","0","_radio_index/suno_backup/audio/19a9d094-81bf-4578-af5a-103ad79c94f8.mp3"
"96dc0ed7-a8a1-4c68-ac02-b6ff0d8c8fab","चार पर्चे खर्चा","hyper rap + classical + narrator=divine awakening","","2026-04-17","","0","_radio_index/suno_backup/audio/96dc0ed7-a8a1-4c68-ac02-b6ff0d8c8fab.mp3"
"cd7f3a61-d005-4eac-aecc-373368cd6ccb","॥ रूह-देह संवाद: आदि से अनंत ॥","Love & Virah","","2026-04-17","","0","_radio_index/suno_backup/audio/cd7f3a61-d005-4eac-aecc-373368cd6ccb.mp3"
"7024a723-80fe-4ead-8ec4-4372a3bb4e7b","पत्थर बुत","","","2026-04-17","","0","_radio_index/suno_backup/audio/7024a723-80fe-4ead-8ec4-4372a3bb4e7b.mp3"
"4086da7e-a7d2-40ff-8851-44664db08a56","सर्द झोंके","Indian classical, Raga Darbari Kanhada, slow alap intro, deep dark mood, tanpura","","2026-04-16","","0","_radio_index/suno_backup/audio/4086da7e-a7d2-40ff-8851-44664db08a56.mp3"
"143c21d0-d594-407b-b732-0b8d048a530c","सर्द झोंके","Indian classical, Raga Darbari Kanhada, slow alap intro, deep dark mood, tanpura","","2026-04-16","","0","_radio_index/suno_backup/audio/143c21d0-d594-407b-b732-0b8d048a530c.mp3"
"f3d54008-8c4c-4587-9e7f-360cd09bb378","सर्द झोंके-ड्रिल","Soprano textures, Indian classical, Raga Darbari Kanhada, slow alap intro, deep","","2026-04-16","","0","_radio_index/suno_backup/audio/f3d54008-8c4c-4587-9e7f-360cd09bb378.mp3"
"01bede88-dab1-420a-a9d1-2fd6f4f8b71b","सर्द झोंके-ड्रिल","Soprano textures, Indian classical, Raga Darbari Kanhada, slow alap intro, deep","","2026-04-16","","0","_radio_index/suno_backup/audio/01bede88-dab1-420a-a9d1-2fd6f4f8b71b.mp3"
"c0070cfc-f61e-4c18-9854-d401c1d1ccc9","लम्स-ए-हवा रोया","Haunting Female Vocals, Soprano textures, Cinematic Urdu Drill, 140 BPM, Melodic","","2026-04-16","","0","_radio_index/suno_backup/audio/c0070cfc-f61e-4c18-9854-d401c1d1ccc9.mp3"
"958e690b-3e28-4eb1-9fa5-e1bd4d2435c2","गुमान था कि तन्हाई में सुकूँ मिलेगा मुझे","Rap & Fusion","","2026-04-16","","0","_radio_index/suno_backup/audio/958e690b-3e28-4eb1-9fa5-e1bd4d2435c2.mp3"
"18f8e3e2-f827-4ebf-8bd3-61acd858385d","سर्द جھونکے سایہ","Dark Cinematic Urdu Drill, Emotional Atmospheric Intro, 140 BPM, Heavy Sliding 8","","2026-04-16","","0","_radio_index/suno_backup/audio/18f8e3e2-f827-4ebf-8bd3-61acd858385d.mp3"
"1e4e9b8a-2308-4cca-aa41-81c3c0d6b743","سर्द جھونکے سایہ","Dark Cinematic Urdu Drill, Emotional Atmospheric Intro, 140 BPM, Heavy Sliding 8","","2026-04-16","","0","_radio_index/suno_backup/audio/1e4e9b8a-2308-4cca-aa41-81c3c0d6b743.mp3"
"e7c87a7c-4f0b-438c-8846-2b6ff056e7a6","लम्स-ए-हवा","Indian classical, Raga Darbari Kanhada, slow alap intro, deep dark mood, tanpura","","2026-04-16","","0","_radio_index/suno_backup/audio/e7c87a7c-4f0b-438c-8846-2b6ff056e7a6.mp3"
"8d30c99c-2bb7-4bcc-b193-5a78f1af4af6","गुमान था कि तन्हाई में सुकूँ मिलेगा मुझे","Rap & Fusion","","2026-04-16","","0","_radio_index/suno_backup/audio/8d30c99c-2bb7-4bcc-b193-5a78f1af4af6.mp3"
"fb4055fe-37de-4a6c-a098-7c00c77c048f","Lams-e-Hawa Drone","Indian classical, Raga Darbari Kanhada, slow alap intro, deep dark mood, tanpura","","2026-04-16","","0","_radio_index/suno_backup/audio/fb4055fe-37de-4a6c-a098-7c00c77c048f.mp3"
"0e22ce3a-a007-42f4-a89c-1a5ef6ebc4f4","गुमान था कि तन्हाई में सुकूँ मिलेगा मुझे","Rap & Fusion","","2026-04-16","","0","_radio_index/suno_backup/audio/0e22ce3a-a007-42f4-a89c-1a5ef6ebc4f4.mp3"
"9e091800-f3fb-4c79-8a1e-09783a3f3392","गुमान था कि तन्हाई में सुकूँ मिलेगा मुझे","Desh / Patriotic","","2026-04-16","","0","_radio_index/suno_backup/audio/9e091800-f3fb-4c79-8a1e-09783a3f3392.mp3"
"1826d08a-5fb4-4ab4-adb0-4163baf9acfc","लम्स-ए-हवा रोया","Drill, Urdu/Hindi poetry, Ghazal elements, slow melodic hook, heavy 808 bass, em","","2026-04-16","","0","_radio_index/suno_backup/audio/1826d08a-5fb4-4ab4-adb0-4163baf9acfc.mp3"
"5c1e1843-62f8-4103-9861-23f07e11ce12","गुमान था कि तन्हाई में सुकूँ मिलेगा मुझे","Desh / Patriotic","","2026-04-16","","0","_radio_index/suno_backup/audio/5c1e1843-62f8-4103-9861-23f07e11ce12.mp3"
"ef834e73-a6e2-4dc4-a69f-cf8697e9de12","लम्स-ए-हवा सर्द","Drill, Urdu/Hindi poetry, Ghazal elements, slow melodic hook, heavy 808 bass, em","","2026-04-16","","0","_radio_index/suno_backup/audio/ef834e73-a6e2-4dc4-a69f-cf8697e9de12.mp3"
"d797f61d-e2f9-435d-b724-45791d7e898d","Radif : ...जिया न गया","Rap & Fusion","","2026-04-16","","0","_radio_index/suno_backup/audio/d797f61d-e2f9-435d-b724-45791d7e898d.mp3"
"a1a5dd9d-4535-4bdc-aef8-0471e275049f","लम्स-ए-हवा साया","[Intro] – Spoken word / wind sound (Ghazal mood)  [DROP] – Heavy 808 + drill per","","2026-04-16","","0","_radio_index/suno_backup/audio/a1a5dd9d-4535-4bdc-aef8-0471e275049f.mp3"
"68117724-c78f-4788-b723-577b30f31f69","लम्स-ए-हवा साया","Cinematic Hip-Hop, Dark Drill, 140 BPM, Deep Sub-bass, Atmospheric Wind SFX Intr","","2026-04-16","","0","_radio_index/suno_backup/audio/68117724-c78f-4788-b723-577b30f31f69.mp3"
"49b598f9-6112-492d-98e5-28979537fdc4","जो अभी इक लम्स-ए-हवा बन कर गुज़रा","Rap & Fusion","","2026-04-16","","0","_radio_index/suno_backup/audio/49b598f9-6112-492d-98e5-28979537fdc4.mp3"
"38638635-c5dc-4adf-a993-68d94475738d","जो अभी एक झोंका हवा का गया","Rap & Fusion","","2026-04-16","","0","_radio_index/suno_backup/audio/38638635-c5dc-4adf-a993-68d94475738d.mp3"
"4b0c2c01-f4bd-4229-85d2-c39b1e719b8a","झोंका हवा","Cinematic Hip-Hop, Dark Drill, 140 BPM, Deep Sub-bass, Atmospheric Wind SFX Intr","","2026-04-16","","0","_radio_index/suno_backup/audio/4b0c2c01-f4bd-4229-85d2-c39b1e719b8a.mp3"
"d2d8b4cd-bbfb-47c4-a65f-d009691f616a","झोंका हवा","Cinematic Hip-Hop, Dark Drill, 140 BPM, Deep Sub-bass, Atmospheric Wind SFX Intr","","2026-04-16","","0","_radio_index/suno_backup/audio/d2d8b4cd-bbfb-47c4-a65f-d009691f616a.mp3"
"55c3b42c-b321-4d8e-982f-b33f33fd17a4","झोंका सच","Cinematic Hip-Hop, Dark Drill, 140 BPM, Deep Sub-bass, Atmospheric Wind SFX Intr","","2026-04-16","","0","_radio_index/suno_backup/audio/55c3b42c-b321-4d8e-982f-b33f33fd17a4.mp3"
"340e22ab-5a0e-4a4e-9138-9bece1f77dd1","मैं दौड़ता रहा","Haryanvi Folk","","2026-04-16","","0","_radio_index/suno_backup/audio/340e22ab-5a0e-4a4e-9138-9bece1f77dd1.mp3"
"617e2c52-66f1-4c4c-9a88-37b2388e34c9","ये... हिस्स्स... इस-इस-इस-इस... टोरी","Sanatan & Vedic","","2026-04-16","","0","_radio_index/suno_backup/audio/617e2c52-66f1-4c4c-9a88-37b2388e34c9.mp3"
"c6626624-b9b4-4338-9550-008f9f82502f","दादा चेन टोरी","Cinematic Dark Vedic-Trap, 90 BPM Hypnotic Shamanic Pulse, Multi-vocal arrangeme","","2026-04-16","","0","_radio_index/suno_backup/audio/c6626624-b9b4-4338-9550-008f9f82502f.mp3"
"950bf07f-98a2-4abb-ab2d-2cae95ac004e","१०० साल टोरी","शीर्षक: १०० साल (हिस्स्स... टोरी) Style: Dark Experimental Folk-Trap. Descriptio","","2026-04-16","","0","_radio_index/suno_backup/audio/950bf07f-98a2-4abb-ab2d-2cae95ac004e.mp3"
"4d6f705f-a026-4060-a32f-77594f87a633","Log Kahte Hain","Meditative Sufi Qawwali, 432Hz deep drone, Cinematic Ambient, Ethereal Armenian","","2026-04-15","","0","_radio_index/suno_backup/audio/4d6f705f-a026-4060-a32f-77594f87a633.mp3"
"54bf5f39-3312-4413-8690-fc756c1e073b","लोग कहते हैं तेरे होने से मेरी तदबीर तबाह है","Bhakti & Katha","","2026-04-15","","0","_radio_index/suno_backup/audio/54bf5f39-3312-4413-8690-fc756c1e073b.mp3"
"dc660165-69b6-427e-bf5d-63ad71c4fe72","क्या बताऊँ","Bhakti & Katha","","2026-04-15","","0","_radio_index/suno_backup/audio/dc660165-69b6-427e-bf5d-63ad71c4fe72.mp3"
"2571d6ce-4581-46f0-979a-ad146a326d31","Chirag-Hawa Saza","[Style: Sufi Qawwali, Male vocal solo and ensemble, No instruments, Only human v","","2026-04-15","","0","_radio_index/suno_backup/audio/2571d6ce-4581-46f0-979a-ad146a326d31.mp3"
"e34d5702-04b2-4e44-8ee0-ba8fa513b3f9","Khaki Naata","[Style: Sufi Qawwali, Male vocal solo and ensemble, No instruments, Only human v","","2026-04-15","","0","_radio_index/suno_backup/audio/e34d5702-04b2-4e44-8ee0-ba8fa513b3f9.mp3"
"1ce73d27-b360-4dfa-8533-a54c5e1743b0","क्या बयाँ करूँ","Bhakti & Katha","","2026-04-15","","0","_radio_index/suno_backup/audio/1ce73d27-b360-4dfa-8533-a54c5e1743b0.mp3"
"eb83681b-2fdb-4f0f-b17b-e4d834c5e311","تدبیرِ خاک","[Style: Sufi Qawwali, Male vocal solo and ensemble, No instruments, Only human v","","2026-04-15","","0","_radio_index/suno_backup/audio/eb83681b-2fdb-4f0f-b17b-e4d834c5e311.mp3"
"42b244c3-4969-4900-a05f-905ab4afdd3a","क्या बयाँ करूँ","Bhakti & Katha","","2026-04-15","","0","_radio_index/suno_backup/audio/42b244c3-4969-4900-a05f-905ab4afdd3a.mp3"
"87fea1fe-2c22-4af4-a777-87a8b62cc57a","Tadbeer Barbaad","[Style: Sufi Qawwali mixed with modern Beatbox, Acoustic, Spiritual, Mystical, S","","2026-04-15","","0","_radio_index/suno_backup/audio/87fea1fe-2c22-4af4-a777-87a8b62cc57a.mp3"
"6cd28c91-198a-4d8b-bad2-26ebd34288a2","Khaksar Diya","[Style: Sufi Qawwali, Male vocal solo and ensemble, No instruments, Only human v","","2026-04-15","","0","_radio_index/suno_backup/audio/6cd28c91-198a-4d8b-bad2-26ebd34288a2.mp3"
"ec8c8bad-3326-4953-a468-776d3732f487","Log kahte hain tere hone se meri tadbeer barbaad","Bhakti & Katha","","2026-04-15","","0","_radio_index/suno_backup/audio/ec8c8bad-3326-4953-a468-776d3732f487.mp3"
"b85e41bd-e69a-481f-b12a-88bbf8b8902b","Kya kahoon","Bhakti & Katha","","2026-04-15","","0","_radio_index/suno_backup/audio/b85e41bd-e69a-481f-b12a-88bbf8b8902b.mp3"
"f4a8a880-7287-459d-8490-d48a3278d365","Zindagi guzar rahi sabki jor-aazmaish mein","Sanatan & Vedic","","2026-04-15","","0","_radio_index/suno_backup/audio/f4a8a880-7287-459d-8490-d48a3278d365.mp3"
"781c9290-2241-4ea8-8ca4-c206d5ee558a","Iltija Jor-Aazmaish","Style: world fusion, spiritual awakening, slow sufi ghazal, cinematic ambient, n","","2026-04-15","","0","_radio_index/suno_backup/audio/781c9290-2241-4ea8-8ca4-c206d5ee558a.mp3"
"a9b3bf78-406c-4fae-a4ad-3cb4afe8447b","साँस की गुंजाइश","style  slow sufi ghazal  indian classical  hindustani  minimal  ambient  no perc","","2026-04-15","","0","_radio_index/suno_backup/audio/a9b3bf78-406c-4fae-a4ad-3cb4afe8447b.mp3"
"f4b382b7-da16-448e-8a6b-1e49367d23d6","साँस की गुंजाइश","style  slow sufi ghazal  indian classical  hindustani  minimal  ambient  no perc","","2026-04-15","","0","_radio_index/suno_backup/audio/f4b382b7-da16-448e-8a6b-1e49367d23d6.mp3"
"bce359ca-a7fd-4325-9cda-b272232acfea","नाम बस एक रह गया साँस की गुंजाइश में","Desh / Patriotic","","2026-04-15","","0","_radio_index/suno_backup/audio/bce359ca-a7fd-4325-9cda-b272232acfea.mp3"
"37fb9699-f1ca-49b8-acaa-6903ab65d04b","सांस-गुंजाइश","style  slow sufi ghazal  indian classical  hindustani  minimal  ambient  no perc","","2026-04-15","","0","_radio_index/suno_backup/audio/37fb9699-f1ca-49b8-acaa-6903ab65d04b.mp3"
"cc349f0b-7495-4b69-8753-ecc62cb1ee80","घचा घच","dark erotic hip hop, hyper rap, horrorcore, trap metal, 150-180 BPM, distorted 8","","2026-04-15","","0","_radio_index/suno_backup/audio/cc349f0b-7495-4b69-8753-ecc62cb1ee80.mp3"
"56c6ee93-d6c7-4a25-bf41-942cec57818f","आग बराबर दोनों की पर एक बहुत शरमाए","Rap & Fusion","","2026-04-15","","0","_radio_index/suno_backup/audio/56c6ee93-d6c7-4a25-bf41-942cec57818f.mp3"
"91b02afc-ce51-407b-9fed-8ab45bf8d00d","गीली साँस घचा","dark erotic hip hop, hyper rap, horrorcore, trap metal, 150 BPM, distorted 808s,","","2026-04-15","","0","_radio_index/suno_backup/audio/91b02afc-ce51-407b-9fed-8ab45bf8d00d.mp3"
"0ad2d889-56ad-4107-a42f-9ffdd61e99dc","आग बराबर दोनों की पर एक बहुत शरमाए","Rap & Fusion","","2026-04-15","","0","_radio_index/suno_backup/audio/0ad2d889-56ad-4107-a42f-9ffdd61e99dc.mp3"
"b14f7e57-d779-489d-b0d2-7adb9a065fac","घचा घच","dark erotic hip hop, hyper rap, horrorcore, trap metal, 150 BPM, distorted 808s,","","2026-04-15","","0","_radio_index/suno_backup/audio/b14f7e57-d779-489d-b0d2-7adb9a065fac.mp3"
"53697704-706d-4df6-a476-e7944459b93d","घचा घच","dark erotic hip hop, hyper rap, horrorcore, trap metal, 150 BPM, distorted 808s,","","2026-04-15","","0","_radio_index/suno_backup/audio/53697704-706d-4df6-a476-e7944459b93d.mp3"
"1fbda308-1986-4821-96e6-a89fbc1d2fd7","आग बराबर दोनों की पर एक बहुत शरमाए","Rap & Fusion","","2026-04-15","","0","_radio_index/suno_backup/audio/1fbda308-1986-4821-96e6-a89fbc1d2fd7.mp3"
"713de290-3d6e-45d1-a4fe-163b86903f58","घचा घच","dark erotic hip hop, hyper rap, horrorcore, trap metal, 150 BPM, distorted 808s,","","2026-04-15","","0","_radio_index/suno_backup/audio/713de290-3d6e-45d1-a4fe-163b86903f58.mp3"
"904d98b2-e279-48b7-83e2-29184af62f47","गीला घचा","बीटबॉक्स + इरोटिक साउंड्स + हाइपर रैप BPM: 130 से शुरू (धीमा, घुटता हुआ) → बीच म","","2026-04-15","","0","_radio_index/suno_backup/audio/904d98b2-e279-48b7-83e2-29184af62f47.mp3"
"5156c5cc-0a46-4b76-bdcd-a344c362d213","आग बराबर दोनों की पर एक बहुत शरमाए","Other / Misc","","2026-04-15","","0","_radio_index/suno_backup/audio/5156c5cc-0a46-4b76-bdcd-a344c362d213.mp3"
"d6804818-7296-4af6-8e5e-d58ed14b5587","मुंह-खून खांचा","","","2026-04-15","","0","_radio_index/suno_backup/audio/d6804818-7296-4af6-8e5e-d58ed14b5587.mp3"
"3620a61f-947c-4be7-bac2-a93a6eaa5a9c","गीला घचा","बीटबॉक्स + इरोटिक साउंड्स + हाइपर रैप BPM: 130 से शुरू (धीमा, घुटता हुआ) → बीच म","","2026-04-15","","0","_radio_index/suno_backup/audio/3620a61f-947c-4be7-bac2-a93a6eaa5a9c.mp3"
"2a6843e3-bc23-478e-8ced-eab4bdc44ee1","ਟੁੱਟੇ ਪੈਸੇ","Punjabi folk fusion ballad in E (Punjabi folk scale: E F# G# B C#). 70 BPM Dhama","","2026-04-15","","0","_radio_index/suno_backup/audio/2a6843e3-bc23-478e-8ced-eab4bdc44ee1.mp3"
"5068a560-60b3-4b89-8e83-0043262dc67f","What is truth? What is a lie","Sanatan & Vedic","","2026-04-15","","0","_radio_index/suno_backup/audio/5068a560-60b3-4b89-8e83-0043262dc67f.mp3"
"03b043a1-b777-4366-8b83-766f61b5ec66","E-tumbi Dhamal","Opera + Punjabi folk fusion ballad. Key: E minor (operatic) over E Punjabi folk","","2026-04-15","","0","_radio_index/suno_backup/audio/03b043a1-b777-4366-8b83-766f61b5ec66.mp3"
"7fb4da9f-98db-4b16-a0e8-40fccfa0e245","Money-Drags Us","Bilingual indie ballad in E minor, 68 BPM. 432 Hz tanpura drone throughout (121.","","2026-04-15","","0","_radio_index/suno_backup/audio/7fb4da9f-98db-4b16-a0e8-40fccfa0e245.mp3"
"0c6cc8cd-b3b2-43db-92df-b3cad31e1866","क्या सच है क्या झूठ है","Desh / Patriotic","","2026-04-15","","0","_radio_index/suno_backup/audio/0c6cc8cd-b3b2-43db-92df-b3cad31e1866.mp3"
"6e735a57-85ab-45fc-912a-9c64579dc9f2","ਟੁੱਟੇ ਪੈਸੇ","Punjabi folk fusion ballad in E (Punjabi folk scale: E F# G# B C#). 70 BPM Dhama","","2026-04-15","","0","_radio_index/suno_backup/audio/6e735a57-85ab-45fc-912a-9c64579dc9f2.mp3"
"27c452cf-2f79-4805-9f19-a6ba4be5ef89","“सैलाब हार्मोन्स”","Bilingual indie ballad in E minor, 68 BPM. Intimate, healing, unresolved. Intro:","","2026-04-15","","0","_radio_index/suno_backup/audio/27c452cf-2f79-4805-9f19-a6ba4be5ef89.mp3"
"60d9371d-c871-4f23-952d-2248fc838d54","हर बार की कहानी","FULL PROMPT – DO NOT EDIT  Title: Same Story / हर बार की कहानी  Genre: Bilingual","","2026-04-15","","0","_radio_index/suno_backup/audio/60d9371d-c871-4f23-952d-2248fc838d54.mp3"
"4648abb5-f970-4287-9894-5ef12762ff04","क्या सच है क्या झूठ है","Desh / Patriotic","","2026-04-15","","0","_radio_index/suno_backup/audio/4648abb5-f970-4287-9894-5ef12762ff04.mp3"
"c8df8309-2e96-4199-ad2e-32c87be3002e","“सैलाब हार्मोन्स”","Bilingual indie ballad in E minor, 68 BPM. Intimate, healing, unresolved. Intro:","","2026-04-15","","0","_radio_index/suno_backup/audio/c8df8309-2e96-4199-ad2e-32c87be3002e.mp3"
"9682f67f-4799-479e-a59e-b827566b078e","क्या सच है क्या झूठ है.. What is truth? What is","Desh / Patriotic","","2026-04-15","","0","_radio_index/suno_backup/audio/9682f67f-4799-479e-a59e-b827566b078e.mp3"
"6891158c-b10e-4ec4-9cb0-454f0c1bd1f6","सैलाब हार्मोन्स","Bilingual indie ballad in E minor, 68 BPM. Intimate, healing, unresolved. Intro:","","2026-04-15","","0","_radio_index/suno_backup/audio/6891158c-b10e-4ec4-9cb0-454f0c1bd1f6.mp3"
"86ee6acf-c17f-4674-bf19-557333906d47","अक्षर-बेच समझौता","Style: Haryanvi Folk-Drill x Industrial Qawwali Fusion. Atmosphere: A high-stake","","2026-04-14","","0","_radio_index/suno_backup/audio/86ee6acf-c17f-4674-bf19-557333906d47.mp3"
"e773bb44-f4cd-4cdd-b0cd-2a3b9749060f","अक्षर-बेच समझौता","Style: Haryanvi Folk-Drill x Industrial Qawwali Fusion. Atmosphere: A high-stake","","2026-04-14","","0","_radio_index/suno_backup/audio/e773bb44-f4cd-4cdd-b0cd-2a3b9749060f.mp3"
"ffeaefee-fcca-45f2-afcf-27c219f71bff","लॉट-जीरो-वन","Style/Genre: Haryanvi Folk-Drill, Industrial Qawwali Fusion, Cinematic Dark Synt","","2026-04-14","","0","_radio_index/suno_backup/audio/ffeaefee-fcca-45f2-afcf-27c219f71bff.mp3"
"01646a31-8208-4989-8914-d9835b9c98db","लगा बाज़ार जाने क्या-क्या बिकेगा आज","Haryanvi Folk","","2026-04-14","","0","_radio_index/suno_backup/audio/01646a31-8208-4989-8914-d9835b9c98db.mp3"
"a2f08a86-a136-4082-9a2c-eef50737cff7","Ank se jab hui shuruaat","Haryanvi Folk","","2026-04-14","","0","_radio_index/suno_backup/audio/a2f08a86-a136-4082-9a2c-eef50737cff7.mp3"
"1b4b29a3-0bc4-40d8-a882-8dec76cfbcac","Lot 001 Tanpura Snap","Style/Genre: Haryanvi Folk-Drill, Industrial Qawwali Fusion, Cinematic Dark Synt","","2026-04-14","","0","_radio_index/suno_backup/audio/1b4b29a3-0bc4-40d8-a882-8dec76cfbcac.mp3"
"91fa6d67-0722-4664-bf50-57a42d36afe0","आवाज़ों की अदालत","""Hyper-Rap, Acapella, Ancient Throat Singing, Fast Human Beatboxing, Experiment","","2026-04-13","","0","_radio_index/suno_backup/audio/91fa6d67-0722-4664-bf50-57a42d36afe0.mp3"
"212b81f6-e8b1-474c-9352-45c27deed354","आवाज़ों की अदालत","Sanatan & Vedic","","2026-04-13","","0","_radio_index/suno_backup/audio/212b81f6-e8b1-474c-9352-45c27deed354.mp3"
"59d3489b-c33c-4509-bbff-c4bfdb962cda","पीएच कला-दीक्षित अदालत","""Indian Classical Bandish, Hindustani Vocal, Ragam-Tanam-Pallavi style, Acapella","","2026-04-13","","0","_radio_index/suno_backup/audio/59d3489b-c33c-4509-bbff-c4bfdb962cda.mp3"
"0fe62a75-f9ed-431e-9780-297f79a24721","P.H.K.D. अदालत","""Indian Classical Bandish, Hindustani Vocal, Ragam-Tanam-Pallavi style, Acapella","","2026-04-13","","0","_radio_index/suno_backup/audio/0fe62a75-f9ed-431e-9780-297f79a24721.mp3"
"d80e4b3a-e710-464d-b061-83ff02e2c7da","पीएच कला-दीक्षित अदालत","""Indian Classical Bandish, Hindustani Vocal, Ragam-Tanam-Pallavi style, Acapella","","2026-04-13","","0","_radio_index/suno_backup/audio/d80e4b3a-e710-464d-b061-83ff02e2c7da.mp3"
"9e058f7c-2ab6-4715-a723-643881330f31","आवाज़ों की अदालत","Sanatan & Vedic","","2026-04-13","","0","_radio_index/suno_backup/audio/9e058f7c-2ab6-4715-a723-643881330f31.mp3"
"e69716ad-6001-4c92-9160-2a4a79565ed6","पकड़ लिया एटम एक P.H.K.D. हुया दीवाना","Sanatan & Vedic","","2026-04-13","","0","_radio_index/suno_backup/audio/e69716ad-6001-4c92-9160-2a4a79565ed6.mp3"
"fa7b702f-3dea-44bc-967c-93860cd46e1a","आवाज़ों की अदालत","""Indian Classical Bandish, Hindustani Vocal, Ragam-Tanam-Pallavi style, Acapella","","2026-04-13","","0","_radio_index/suno_backup/audio/fa7b702f-3dea-44bc-967c-93860cd46e1a.mp3"
"fa63a507-2f0d-4477-b328-7e8895a24c68","आवाज़ों की अदालत","Desh / Patriotic","","2026-04-13","","0","_radio_index/suno_backup/audio/fa63a507-2f0d-4477-b328-7e8895a24c68.mp3"
"7a79f5a5-df08-4b19-b670-e23e71ff6738","आवाज़ों की अदालत में केस करे दीवाना","Haryanvi Folk","","2026-04-13","","0","_radio_index/suno_backup/audio/7a79f5a5-df08-4b19-b670-e23e71ff6738.mp3"
"05aa80d4-acdd-4719-9275-9692846ebe1a","तीखी फकीराना सीटी","""Acapella Qawwali, Indian Folk Fusion, Vocal Percussion, Beatboxing, Human whist","","2026-04-13","","0","_radio_index/suno_backup/audio/05aa80d4-acdd-4719-9275-9692846ebe1a.mp3"
"7f329b6d-8172-4674-adad-6f83614ad576","आवाज़ों की अदालत","""Acapella, Aggressive Beatboxing, Vocal Bass, Whistling, Dark Indian Folk Fusion","","2026-04-13","","0","_radio_index/suno_backup/audio/7f329b6d-8172-4674-adad-6f83614ad576.mp3"
"a4bf888b-805c-406a-bdc5-cdf12d97c225","परमाणु रद्दी","","","2026-04-13","","0","_radio_index/suno_backup/audio/a4bf888b-805c-406a-bdc5-cdf12d97c225.mp3"
"79d13c77-eca1-459b-806f-cd40985c3208","फक्कड़ पंडित हेमंत दीक्षित","Desh / Patriotic","","2026-04-13","","0","_radio_index/suno_backup/audio/79d13c77-eca1-459b-806f-cd40985c3208.mp3"
"f6c100fa-e5b7-4b9a-97b5-4ce34def6953","शून्य की डोरी अदालत","","","2026-04-13","","0","_radio_index/suno_backup/audio/f6c100fa-e5b7-4b9a-97b5-4ce34def6953.mp3"
"a3fc8cdd-425f-4eb3-bca9-b17e10505af4","पकड़ लिया एटम एक भाभा बाबा हुया दीवाना।।","Desh / Patriotic","","2026-04-13","","0","_radio_index/suno_backup/audio/a3fc8cdd-425f-4eb3-bca9-b17e10505af4.mp3"
"7ed796e3-32c4-42d3-89a2-f658115084dd","नसीब का ऐलान","Genre: Haryanvi Pop, Desi Hip Hop, Upbeat Dance, Only Male announcer & Only Fema","","2026-04-12","","0","_radio_index/suno_backup/audio/7ed796e3-32c4-42d3-89a2-f658115084dd.mp3"
"517563f4-4c0a-447c-a6c7-5e81307423c3","“नसीब का ऐलान”","Genre: Haryanvi Pop, Desi Hip Hop, Upbeat Dance, Male announcer & Female vocals","","2026-04-12","","0","_radio_index/suno_backup/audio/517563f4-4c0a-447c-a6c7-5e81307423c3.mp3"
"e16d94cb-b3c5-4238-a1c5-c60c69bed286","गात झुनझुनी खावे","Sanatan & Vedic","","2026-04-12","","0","_radio_index/suno_backup/audio/e16d94cb-b3c5-4238-a1c5-c60c69bed286.mp3"
"47df1a51-f676-4534-9f25-5dd295225c24","गात झुनझुनी खावे","Sanatan & Vedic","","2026-04-12","","0","_radio_index/suno_backup/audio/47df1a51-f676-4534-9f25-5dd295225c24.mp3"
"b2c55b1c-8a02-4b27-93aa-0ef9015a5a48","गात झुनझुनी खावे","Sanatan & Vedic","","2026-04-12","","0","_radio_index/suno_backup/audio/b2c55b1c-8a02-4b27-93aa-0ef9015a5a48.mp3"
"ff2b259f-36d3-441b-ad10-8e1669c878d3","काला कोट","","","2026-04-12","","0","_radio_index/suno_backup/audio/ff2b259f-36d3-441b-ad10-8e1669c878d3.mp3"
"3d3e0685-76e1-4447-88b2-83897ac87205","इश्क-ए-इलाका","Genre: Haryanvi Pop, Desi Hip Hop, Upbeat Dance, Male & Female vocals (Duo), ene","","2026-04-12","","0","_radio_index/suno_backup/audio/3d3e0685-76e1-4447-88b2-83897ac87205.mp3"
"65806a40-681c-40b3-a051-6052aac0137c","ओ काला कोट","Love & Virah","","2026-04-12","","0","_radio_index/suno_backup/audio/65806a40-681c-40b3-a051-6052aac0137c.mp3"
"cba259ca-2b8c-46df-b367-0ff9b780bbe2","कुछ भी व्यर्थ नहीं जाए","Bhakti & Katha","","2026-04-11","","0","_radio_index/suno_backup/audio/cba259ca-2b8c-46df-b367-0ff9b780bbe2.mp3"
"aabfe9a1-a902-4348-9d22-19d7aa99fda5","दो घड़े टूटा","Sufi Qawwali, Nirguni Bhajan, Raga Todi, Harmonium, Tabla Keherva, Male Passiona","","2026-04-11","","0","_radio_index/suno_backup/audio/aabfe9a1-a902-4348-9d22-19d7aa99fda5.mp3"
"b6c9f3e8-e3b5-4dc5-84ea-bea07bfc4631","Toota Ghadaa Gaaye","[Style: Traditional Sufi Qawwali, Hindustani classical, Raga Todi, slow harmoniu","","2026-04-11","","0","_radio_index/suno_backup/audio/b6c9f3e8-e3b5-4dc5-84ea-bea07bfc4631.mp3"
"44df1c96-0eb7-4f53-bbe5-8eec51102318","Ek chilam... ek baabaa... do ghade ka khel... Ek","Sanatan & Vedic","","2026-04-11","","0","_radio_index/suno_backup/audio/44df1c96-0eb7-4f53-bbe5-8eec51102318.mp3"
"62dda9f3-677d-48e5-bce1-b5243ae2f1e0","Baabaa bole – mat ro re deewaane","Haryanvi Folk","","2026-04-11","","0","_radio_index/suno_backup/audio/62dda9f3-677d-48e5-bce1-b5243ae2f1e0.mp3"
"a13887b3-fd6f-4171-a02c-199d56c390fa","Toota Ghada","World music fusion, cinematic spiritual folk, Indian classical meets Celtic and","","2026-04-11","","0","_radio_index/suno_backup/audio/a13887b3-fd6f-4171-a02c-199d56c390fa.mp3"
"bdf3c9a0-9989-4f8e-bca8-bb66f06bc9d7","Ek Ghade","Qawwali, traditional Pakistani/Indian Sufi devotional music, slow to fast build","","2026-04-11","","0","_radio_index/suno_backup/audio/bdf3c9a0-9989-4f8e-bca8-bb66f06bc9d7.mp3"
"1d7debbc-1158-44de-a83a-eb493f33f9e5","Baabaa bole – mat ro re deewaane","Other / Misc","","2026-04-11","","0","_radio_index/suno_backup/audio/1d7debbc-1158-44de-a83a-eb493f33f9e5.mp3"
"68471c7c-8d42-4c98-9c0d-b3f038a459a7","झूलम-झूल झुलाऊँ","Haryanvi Folk","","2026-04-09","","0","_radio_index/suno_backup/audio/68471c7c-8d42-4c98-9c0d-b3f038a459a7.mp3"
"ee581be0-afd5-4d91-afa7-7fa47bf6e1ad","धूर अम्बरां","""High energy Haryanvi folk song, 120 BPM, heavy traditional dhol, stadium crowd","","2026-04-09","","0","_radio_index/suno_backup/audio/ee581be0-afd5-4d91-afa7-7fa47bf6e1ad.mp3"
"ae245f7e-6572-4a7b-9ef6-801c86e507f2","बादलां की लोर","""High energy Haryanvi folk song, 120 BPM, heavy traditional dhol, stadium crowd","","2026-04-09","","0","_radio_index/suno_backup/audio/ae245f7e-6572-4a7b-9ef6-801c86e507f2.mp3"
"13bbd5ed-b7db-4959-a7d2-79dab85ad756","झूल्म-झूल झुलाऊँ","Haryanvi Folk","","2026-04-09","","0","_radio_index/suno_backup/audio/13bbd5ed-b7db-4959-a7d2-79dab85ad756.mp3"
"dae97a92-4622-481b-aa4f-6ba251fa0cfe","गुफा-ढोल धड़कन","","","2026-04-08","","0","_radio_index/suno_backup/audio/dae97a92-4622-481b-aa4f-6ba251fa0cfe.mp3"
"827207b7-54fc-42ba-925e-43760527026f","शक्ति जाग री","Other / Misc","","2026-04-08","","0","_radio_index/suno_backup/audio/827207b7-54fc-42ba-925e-43760527026f.mp3"
"515aac2c-c52d-4c0d-baa0-080f2902d9d3","main daudta raha","Other / Misc","","2026-04-08","","0","_radio_index/suno_backup/audio/515aac2c-c52d-4c0d-baa0-080f2902d9d3.mp3"
"8c4f4c73-6541-40f0-bead-2812bbb715e4","Dada Tak","","","2026-04-08","","0","_radio_index/suno_backup/audio/8c4f4c73-6541-40f0-bead-2812bbb715e4.mp3"
"5fc46f1d-1412-45b1-876d-64343d2f90e6","Data corrupted","Sanatan & Vedic","","2026-04-06","","0","_radio_index/suno_backup/audio/5fc46f1d-1412-45b1-876d-64343d2f90e6.mp3"
"3b0a1cea-2d31-4c18-97af-6bf498f3ca3c","Om Shanti Digita","","","2026-04-06","","0","_radio_index/suno_backup/audio/3b0a1cea-2d31-4c18-97af-6bf498f3ca3c.mp3"
"caf9e4e7-7ec2-483a-9a2d-9a82681054d5","Radio Vaigyaaniq: Sanatana Station","Sanatan & Vedic","","2026-04-05","","0","_radio_index/suno_backup/audio/caf9e4e7-7ec2-483a-9a2d-9a82681054d5.mp3"
"80646dc1-cf8b-4341-9f99-2944928e2ac5","Future-Past Clearance","","","2026-04-05","","0","_radio_index/suno_backup/audio/80646dc1-cf8b-4341-9f99-2944928e2ac5.mp3"
"2237b80c-30f9-4391-aa68-2921ab6116ab","Frequency of Future-Past","","","2026-04-05","","0","_radio_index/suno_backup/audio/2237b80c-30f9-4391-aa68-2921ab6116ab.mp3"
"879f8447-37de-41b3-8b68-3cdb2079792a","Sanatana Station","","","2026-04-05","","0","_radio_index/suno_backup/audio/879f8447-37de-41b3-8b68-3cdb2079792a.mp3"
"02d26992-b08d-4a7e-9759-9120eaca1a4e","Radio Vaigyaaniq: Sanatana Station","Sanatan & Vedic","","2026-04-05","","0","_radio_index/suno_backup/audio/02d26992-b08d-4a7e-9759-9120eaca1a4e.mp3"
"456fd8aa-be4b-4bda-93a3-d35206867b65","Radio Vaigyaaniq: Sanatana Station","Sanatan & Vedic","","2026-04-05","","0","_radio_index/suno_backup/audio/456fd8aa-be4b-4bda-93a3-d35206867b65.mp3"
"a798ae26-3fed-4d39-9f32-c0bcd9d9fb15","Male alone","Desh / Patriotic","","2026-04-04","","0","_radio_index/suno_backup/audio/a798ae26-3fed-4d39-9f32-c0bcd9d9fb15.mp3"
"5edc6f4a-ebf7-4d22-b8e7-cd4bb333735f","लाडो बसंती मेहमान","[Genre: Acoustic Hindustani classical folk fusion, jagarana night vigil, father-","","2026-04-04","","0","_radio_index/suno_backup/audio/5edc6f4a-ebf7-4d22-b8e7-cd4bb333735f.mp3"
"5570be2c-5ead-44af-aa39-57f73225aaa6","मेरी लाडो बसंती","Haryanvi Folk","","2026-04-04","","0","_radio_index/suno_backup/audio/5570be2c-5ead-44af-aa39-57f73225aaa6.mp3"
"3855893f-998c-4c3d-a2a1-3312d2a61986","लाडो बसंती","Soulful Haryanvi folk, 100 BPM, male lead vocalist, breathy female backing vocal","","2026-04-04","","0","_radio_index/suno_backup/audio/3855893f-998c-4c3d-a2a1-3312d2a61986.mp3"
"492c5721-3555-4908-9a41-6e9cf2767765","रि ^ श्ता ~ है सब-का ^ अ-पना","Desh / Patriotic","","2026-04-04","","0","_radio_index/suno_backup/audio/492c5721-3555-4908-9a41-6e9cf2767765.mp3"
"c866c36a-ad31-4461-a2df-711fcbb455d4","रिश्ता है!!","style  qawwali with heavy taan  murki  toda  hindustani classical ornamentation","","2026-04-04","","0","_radio_index/suno_backup/audio/c866c36a-ad31-4461-a2df-711fcbb455d4.mp3"
"5310feb2-43cf-491d-a8cf-058a6e885ea5","रिश्ता-नाल-इम्तिहाँ","style  qawwali with heavy taan  murki  toda  hindustani classical ornamentation","","2026-04-04","","0","_radio_index/suno_backup/audio/5310feb2-43cf-491d-a8cf-058a6e885ea5.mp3"
"7c76f4be-b274-4727-952b-4bd968da0040","रिश्ता-नाल-इम्तिहाँ","[Style: Qawwali with heavy taan, murki, toda, Hindustani classical ornamentation","","2026-04-04","","0","_radio_index/suno_backup/audio/7c76f4be-b274-4727-952b-4bd968da0040.mp3"
"887fa5d3-8f3a-458d-a688-c674623e6c56","रिश्ता आलाپ","style  qawwali with heavy taan  murki  toda  hindustani classical ornamentation","","2026-04-04","","0","_radio_index/suno_backup/audio/887fa5d3-8f3a-458d-a688-c674623e6c56.mp3"
"5f341636-2cac-4b43-abf7-f4ebd3899795","रिश्ता आलाپ","style  qawwali with heavy taan  murki  toda  hindustani classical ornamentation","","2026-04-04","","0","_radio_index/suno_backup/audio/5f341636-2cac-4b43-abf7-f4ebd3899795.mp3"
"1372ca04-8fbc-4cad-acee-e993865dae48","खो गई मेरी पहचान","Love & Virah","","2026-04-02","","0","_radio_index/suno_backup/audio/1372ca04-8fbc-4cad-acee-e993865dae48.mp3"
"8e951426-a919-48cd-9432-5ffbeec40bb2","खो गई पहचान","[Style: Indian classical fusion, dark devotional, sufi rock, slow tempo, male vo","","2026-04-02","","0","_radio_index/suno_backup/audio/8e951426-a919-48cd-9432-5ffbeec40bb2.mp3"
"f5b153c7-06ea-4ec2-9553-41c64e7105b4","Raga Yaman","warm analog saturation, plate reverb on vocals, close-mic vocal position, tabla","","2026-04-02","","0","_radio_index/suno_backup/audio/f5b153c7-06ea-4ec2-9553-41c64e7105b4.mp3"
"891ce80b-b8ba-45a7-96ec-a3d25cc8854c","मैं हूँ तेरा","Sanatan & Vedic","","2026-04-02","","0","_radio_index/suno_backup/audio/891ce80b-b8ba-45a7-96ec-a3d25cc8854c.mp3"
"91dc965a-d24b-4254-bfb1-8d7c28015225","जागता कबीर","warm analog saturation, plate reverb on vocals, close-mic vocal position, tabla","","2026-04-02","","0","_radio_index/suno_backup/audio/91dc965a-d24b-4254-bfb1-8d7c28015225.mp3"
"b9633887-5995-40bd-9ea7-8e4197f229d5","मैं हूँ तेरा","Sanatan & Vedic","","2026-04-02","","0","_radio_index/suno_backup/audio/b9633887-5995-40bd-9ea7-8e4197f229d5.mp3"
"dd8e3e0b-2ec6-4e7f-b8a9-5a53d281c275","सोए मन जाग","Hindustani classical, Bollywood ballad, Raga Yaman, 75 BPM, sitar, tabla, harmon","","2026-04-02","","0","_radio_index/suno_backup/audio/dd8e3e0b-2ec6-4e7f-b8a9-5a53d281c275.mp3"
"dcf39bdd-302c-442d-9207-648a18074511","मैं हूँ तेरा","Desh / Patriotic","","2026-04-02","","0","_radio_index/suno_backup/audio/dcf39bdd-302c-442d-9207-648a18074511.mp3"
"aa8bd4d4-7f49-4fd1-952e-956f27f5bbb2","मैं हूँ तेरा","Desh / Patriotic","","2026-04-02","","0","_radio_index/suno_backup/audio/aa8bd4d4-7f49-4fd1-952e-956f27f5bbb2.mp3"
"0823ba9f-bc73-4d90-a3f7-90ee284167ab","स्वर्ण पताका उड़ रही","Hindustani classical, Bollywood ballad, Raga Yaman, 75 BPM, sitar, tabla, harmon","","2026-04-02","","0","_radio_index/suno_backup/audio/0823ba9f-bc73-4d90-a3f7-90ee284167ab.mp3"
"e1b56541-6cab-4cc3-af30-269fc2cc21d8","ओ.......... जी......... मेरे........ सरकार......","Bhakti & Katha","","2026-04-01","","0","_radio_index/suno_backup/audio/e1b56541-6cab-4cc3-af30-269fc2cc21d8.mp3"
"834f3ae2-e513-4ffc-8431-1d842ab13e3e","(untitled)","","","2026-04-01","","0","_radio_index/suno_backup/audio/834f3ae2-e513-4ffc-8431-1d842ab13e3e.mp3"
"458d70be-5ef2-4bbb-af05-f6c7536d0356","ह-ह-ह-ह हुट... हे-हे-हे झट","Sanatan & Vedic","","2026-03-31","","0","_radio_index/suno_backup/audio/458d70be-5ef2-4bbb-af05-f6c7536d0356.mp3"
"79df050a-9ca2-4238-8c67-f3470d7b0b0f","(untitled)","Vedic Industrial Rock, Nu-Metal, Indian Raga Hansadhwani on Bansuri flute, Cinem","","2026-03-31","","0","_radio_index/suno_backup/audio/79df050a-9ca2-4238-8c67-f3470d7b0b0f.mp3"
"77a5f693-5564-40c9-8b50-75d5eabe64f6","बड़ी पुरानी बात है","Rap & Fusion","","2026-03-31","","0","_radio_index/suno_backup/audio/77a5f693-5564-40c9-8b50-75d5eabe64f6.mp3"
"d9c620a9-bac1-48e7-ab58-17bf6968d47a","(untitled)","गीत का शीर्षक: धूमिल अक्स शैली: कॉन्शियस हिप-हॉप (Conscious Hip-Hop) बीट: भारी 8","","2026-03-31","","0","_radio_index/suno_backup/audio/d9c620a9-bac1-48e7-ab58-17bf6968d47a.mp3"
"1c19af11-e727-40ce-ab1f-10a6cc04b68e","(untitled)","[Intro: Atmospheric Flute and Cosmic Pads] [Verse: Soulful Indian Male Vocals, D","","2026-03-31","","0","_radio_index/suno_backup/audio/1c19af11-e727-40ce-ab1f-10a6cc04b68e.mp3"
"e24efd14-993f-446c-b6bc-af7aa99c96b1","Main sabko khud mein samaye ek pyala hoon","Sanatan & Vedic","","2026-03-31","","0","_radio_index/suno_backup/audio/e24efd14-993f-446c-b6bc-af7aa99c96b1.mp3"
"028206e0-2473-4078-8ef9-eb731d376d7e","(untitled)","soul devotional with live folk","","2026-03-31","","0","_radio_index/suno_backup/audio/028206e0-2473-4078-8ef9-eb731d376d7e.mp3"
"92aab6f9-e79d-4b27-af30-0a7ab03f0536","एक केवट के ले जाने से","Bhakti & Katha","","2026-03-31","","0","_radio_index/suno_backup/audio/92aab6f9-e79d-4b27-af30-0a7ab03f0536.mp3"
"bec3e96c-fe0e-4577-a229-e39d1d8af390","(untitled)","","","2026-03-31","","0","_radio_index/suno_backup/audio/bec3e96c-fe0e-4577-a229-e39d1d8af390.mp3"
"53d6b687-9225-46f0-a82d-448af2a35562","S r G r S","Sanatan & Vedic","","2026-03-31","","0","_radio_index/suno_backup/audio/53d6b687-9225-46f0-a82d-448af2a35562.mp3"
"bbc7b4ba-42c3-4395-bc2a-26134de64ab7","छोरा अघोरी","Haryanvi Folk","","2026-03-29","","0","_radio_index/suno_backup/audio/bbc7b4ba-42c3-4395-bc2a-26134de64ab7.mp3"
"0d931d51-3575-4bd1-8740-0ed133c1eba9","(untitled)","haryanvi quebradita fusion Banda, Regional Mexican, Technobanda bright staccato","","2026-03-29","","0","_radio_index/suno_backup/audio/0d931d51-3575-4bd1-8740-0ed133c1eba9.mp3"
"e77952dc-af14-41a8-9ca5-44de89385d85","(untitled)","Haryanvi Ragni Rock, Aggressive Male Folk Vocals, Heavy Sarangi, Industrial Drum","","2026-03-28","","0","_radio_index/suno_backup/audio/e77952dc-af14-41a8-9ca5-44de89385d85.mp3"
"6b2681d0-8b5e-41fe-857c-74b2d7fcd89a","रंग रूप पै मान करै क्यूं","Haryanvi Folk","","2026-03-28","","0","_radio_index/suno_backup/audio/6b2681d0-8b5e-41fe-857c-74b2d7fcd89a.mp3"
"83603ef3-3ea0-4277-a309-8bfaadcd9dbc","१. हरियाणवी रागनी","Bhakti & Katha","","2026-03-28","","0","_radio_index/suno_backup/audio/83603ef3-3ea0-4277-a309-8bfaadcd9dbc.mp3"
"9b949712-cb52-489b-89a8-c9c2c9b52db2","(untitled)","॥ स्वर्भानु: देसी AI प्रोम्प्ट्स (The Folk Edition) ॥ १. हरियाणवी रागनी-रॉक (तर्","","2026-03-28","","0","_radio_index/suno_backup/audio/9b949712-cb52-489b-89a8-c9c2c9b52db2.mp3"
"400320f5-5add-4c1b-ab1d-a32f4e351b71","(untitled)","॥ लोक-संगीत का 'बंडल' विश्लेषण ॥शैली (Folk Style)मुख्य तत्व (Element)प्रभाव (Eff","","2026-03-28","","0","_radio_index/suno_backup/audio/400320f5-5add-4c1b-ab1d-a32f4e351b71.mp3"
"b1dc4291-5dbc-4d58-8b74-4b5021142672","(untitled)","॥ लोक-संगीत का 'बंडल' विश्लेषण ॥शैली (Folk Style)मुख्य तत्व (Element)प्रभाव (Eff","","2026-03-28","","0","_radio_index/suno_backup/audio/b1dc4291-5dbc-4d58-8b74-4b5021142672.mp3"
"0cf02bcf-c380-42a6-baba-564f159d1717","(untitled)","॥ स्वर्भानु: AI म्यूजिक प्रोम्प्ट्स (The Coding Guide) ॥ १. महा-एन्थम प्रोम्प्ट","","2026-03-28","","0","_radio_index/suno_backup/audio/0cf02bcf-c380-42a6-baba-564f159d1717.mp3"
"dac78322-f9d7-4d52-a059-a227443c746c","(untitled)","स्थायी (Chorus): ""शक्ति जाग री"" — यह चेतना के सामूहिक उत्थान का आह्वान है।  लय (","","2026-03-28","","0","_radio_index/suno_backup/audio/dac78322-f9d7-4d52-a059-a227443c746c.mp3"
"3139ea17-9462-4aa7-998a-06ca08e7d1ac","दो हिस्से","Sanatan & Vedic","","2026-03-28","","0","_radio_index/suno_backup/audio/3139ea17-9462-4aa7-998a-06ca08e7d1ac.mp3"
"41cbd44d-470c-442b-9747-3da9f5052256","(untitled)","स्थायी (Chorus): ""शक्ति जाग री"" — यह चेतना के सामूहिक उत्थान का आह्वान है।  लय (","","2026-03-28","","0","_radio_index/suno_backup/audio/41cbd44d-470c-442b-9747-3da9f5052256.mp3"
"81109d76-22c0-4e21-9bd6-a57682008382","शक्ति जाग री","Sanatan & Vedic","","2026-03-27","","0","_radio_index/suno_backup/audio/81109d76-22c0-4e21-9bd6-a57682008382.mp3"
"982a1594-b969-4c2d-9966-d617a47e4e2d","(untitled)","[Title: Shakti Jaag Ri – Manushya Chetna Jagriti]  [Style: Indian devotional, Ve","","2026-03-27","","0","_radio_index/suno_backup/audio/982a1594-b969-4c2d-9966-d617a47e4e2d.mp3"
"6ae75b0d-c1cc-4641-b483-6b48a9747ac1","(untitled)","[Title: Shakti Jaag Ri – Manushya Chetna Jagriti]  [Style: Indian devotional, Ve","","2026-03-27","","0","_radio_index/suno_backup/audio/6ae75b0d-c1cc-4641-b483-6b48a9747ac1.mp3"
"7f4291cd-2f2a-4714-bc31-69d28eec6c38","Shakti jaag ri","Sanatan & Vedic","","2026-03-27","","0","_radio_index/suno_backup/audio/7f4291cd-2f2a-4714-bc31-69d28eec6c38.mp3"
"c9e3d20d-1c8f-4301-8f48-b90bcad4dbbf","(untitled)","""solo phakkad and whistle only no equipments""","","2026-03-26","","0","_radio_index/suno_backup/audio/c9e3d20d-1c8f-4301-8f48-b90bcad4dbbf.mp3"
"52951995-1c96-40b6-ab48-93b43e9bd488","(untitled)","""solo phakkad and whistle only no equipments""","","2026-03-26","","0","_radio_index/suno_backup/audio/52951995-1c96-40b6-ab48-93b43e9bd488.mp3"
"dcc995be-7ebf-4fd1-8ad6-c5afa618439d","जैसे ही छुआ उसे... लालच के हाथों ने","Sanatan & Vedic","","2026-03-26","","0","_radio_index/suno_backup/audio/dcc995be-7ebf-4fd1-8ad6-c5afa618439d.mp3"
"ac50152c-f82a-4333-bef4-0b7a404e8399","(untitled)","""A dark, gothic Cinematic Opera fusion. Dramatic Orchestral score with soaring v","","2026-03-26","","0","_radio_index/suno_backup/audio/ac50152c-f82a-4333-bef4-0b7a404e8399.mp3"
"4c9c262d-a876-4406-8e42-79d64f585366","WhatsApp Image 2025-06-17 at 20.41.57","A dark and atmospheric Hindi indie-folk track with a haunting, cinematic quality","","2026-03-25","","0","_radio_index/suno_backup/audio/4c9c262d-a876-4406-8e42-79d64f585366.mp3"
"37323280-425b-4fde-b2c9-385619da2dce","(untitled)","","","2026-03-25","","0","_radio_index/suno_backup/audio/37323280-425b-4fde-b2c9-385619da2dce.mp3"
"631a4c65-636f-4b24-aeea-1d3c99c8f664","(untitled)","","","2026-03-25","","0","_radio_index/suno_backup/audio/631a4c65-636f-4b24-aeea-1d3c99c8f664.mp3"
"d040faac-7e44-42a5-b776-ba7a276966fc","(untitled)","","","2026-03-25","","0","_radio_index/suno_backup/audio/d040faac-7e44-42a5-b776-ba7a276966fc.mp3"
"f3e77ca3-d3b1-4029-8814-3da77d041154","(untitled)","""A raw, minimalist, and hauntingly soulful PHKD (Folk-HipHop-Kabir) fusion. The","","2026-03-25","","0","_radio_index/suno_backup/audio/f3e77ca3-d3b1-4029-8814-3da77d041154.mp3"
"3733b4fd-e7f9-418c-a5cb-dcdc0b661384","0:00 Tanpura + Siddham “Om”","Sanatan & Vedic","","2026-03-25","","0","_radio_index/suno_backup/audio/3733b4fd-e7f9-418c-a5cb-dcdc0b661384.mp3"
"acf72279-b350-4e2d-8241-7c4de927afb4","(untitled)","""A haunting, cinematic Avant-Garde Folk-Fusion based on Raag Todi. 100% Human-ge","","2026-03-25","","0","_radio_index/suno_backup/audio/acf72279-b350-4e2d-8241-7c4de927afb4.mp3"
"29ce4071-ec2f-4be4-9034-d4332fe76f86","ज़ीरो के उन हीरों को","Sanatan & Vedic","","2026-03-25","","0","_radio_index/suno_backup/audio/29ce4071-ec2f-4be4-9034-d4332fe76f86.mp3"
"fbbf00c4-df9a-4c12-8222-5a8f83d3d229","ज़ीरो के उन हीरों को","Bhakti & Katha","","2026-03-25","","0","_radio_index/suno_backup/audio/fbbf00c4-df9a-4c12-8222-5a8f83d3d229.mp3"
"31752ecb-d9f6-4d7f-8582-96ad901c2bff","(untitled)","""A haunting and minimalist 'Phakkad' soundscape. The core rhythm is a deep, reso","","2026-03-25","","0","_radio_index/suno_backup/audio/31752ecb-d9f6-4d7f-8582-96ad901c2bff.mp3"
"7d695546-b4a9-4369-8770-054ea7711700","This is for informational purposes only. For med","Bhakti & Katha","","2026-03-25","","0","_radio_index/suno_backup/audio/7d695546-b4a9-4369-8770-054ea7711700.mp3"
"20aaab8c-af31-4a63-954e-b956c837119a","(untitled)","145 BPM, Heavy Psytrance and Haryanvi Folk Fusion, Gritty Haryanvi Female Vocals","","2026-03-24","","0","_radio_index/suno_backup/audio/20aaab8c-af31-4a63-954e-b956c837119a.mp3"
"c6c9c569-2051-4d98-ba3c-85f7982b04b9","विदाई रो दुख लागे रे","Bhakti & Katha","","2026-03-24","","0","_radio_index/suno_backup/audio/c6c9c569-2051-4d98-ba3c-85f7982b04b9.mp3"
"e0e9d663-7d49-4351-aa8e-639120657766","(untitled)","""A soulful and cinematic Global-Folk fusion farewell song based on Raag Pilu. >","","2026-03-24","","0","_radio_index/suno_backup/audio/e0e9d663-7d49-4351-aa8e-639120657766.mp3"
"e7905dfe-6d9b-4d8c-9f04-d1645c522f2f","ढोल नगाड़े बाज़न दे तू","Haryanvi Folk","","2026-03-24","","0","_radio_index/suno_backup/audio/e7905dfe-6d9b-4d8c-9f04-d1645c522f2f.mp3"
"e18525dd-f972-4860-9008-b147a0576764","(untitled)","""A high-octane Psytrance and Haryanvi Folk Fusion anthem. Tempo: 145 BPM. Vocals","","2026-03-24","","0","_radio_index/suno_backup/audio/e18525dd-f972-4860-9008-b147a0576764.mp3"
"b6721538-96c3-408c-be12-613ca88da0d7","ढोल नगाड़े बाज़न दे तू","Haryanvi Folk","","2026-03-24","","0","_radio_index/suno_backup/audio/b6721538-96c3-408c-be12-613ca88da0d7.mp3"
"42c55ab5-6656-4c72-bcae-0560c1afdacf","(untitled)","""Grand Republic Day Brass Band, Heavy Snare Drum Rolls, Triumphant Trumpets, Orc","","2026-03-24","","0","_radio_index/suno_backup/audio/42c55ab5-6656-4c72-bcae-0560c1afdacf.mp3"
"8caed3b8-e9a9-48fa-9a64-adeedcfb6231","ढोल नगाड़े बाज़न दे तू","Haryanvi Folk","","2026-03-24","","0","_radio_index/suno_backup/audio/8caed3b8-e9a9-48fa-9a64-adeedcfb6231.mp3"
"14a370bd-8e3e-4b27-9afc-31fede5f5c94","(untitled)","haryanvi tamil folk trance","","2026-03-24","","0","_radio_index/suno_backup/audio/14a370bd-8e3e-4b27-9afc-31fede5f5c94.mp3"
"a41086c8-d15a-40b1-a8c7-8a6d0a450688","दादा फौजी बनवा दे न","Bhakti & Katha","","2026-03-24","","0","_radio_index/suno_backup/audio/a41086c8-d15a-40b1-a8c7-8a6d0a450688.mp3"
"42eea408-81a9-4c2f-8ffb-8d5c5656d202","फौजी बनवा दे न","Bhakti & Katha","","2026-03-23","","0","_radio_index/suno_backup/audio/42eea408-81a9-4c2f-8ffb-8d5c5656d202.mp3"
"e557151f-686a-4ba6-a428-40ef37236172","(untitled)","Style: Haryanvi Ragni + Hip-Hop Rap (Climax Section)   Tempo: 95 BPM   Energy: H","","2026-03-23","","0","_radio_index/suno_backup/audio/e557151f-686a-4ba6-a428-40ef37236172.mp3"
"ef8c9b76-6af4-46b3-9c34-f9f7408dba40","(untitled)","dada potaa poti  gang fun.. use kids voices of various ages.. cute catchy..","","2026-03-23","","0","_radio_index/suno_backup/audio/ef8c9b76-6af4-46b3-9c34-f9f7408dba40.mp3"
"c01a92ed-1135-4bc5-b9f6-7ec8eaeef43c","(untitled)","🎬 🎭 FULL STAGE SETUP (LIVE PERFORMANCE) 🌌 Stage Zones Left (🔥 DWAIT ZONE): Orang","","2026-03-23","","0","_radio_index/suno_backup/audio/c01a92ed-1135-4bc5-b9f6-7ec8eaeef43c.mp3"
"dac03dd8-470e-453c-ba40-7a6da1100b59","हाय रे मच्छरी","Haryanvi Folk","","2026-03-23","","0","_radio_index/suno_backup/audio/dac03dd8-470e-453c-ba40-7a6da1100b59.mp3"
"c3895754-34ef-42e5-b30f-03de838fa995","हाय रे मच्छरी","Haryanvi Folk","","2026-03-23","","0","_radio_index/suno_backup/audio/c3895754-34ef-42e5-b30f-03de838fa995.mp3"
"61ca183b-a733-45f2-a526-40124620f6a1","(untitled)","🎤 haryanvi ragni suparfun vs vedant chanting","","2026-03-23","","0","_radio_index/suno_backup/audio/61ca183b-a733-45f2-a526-40124620f6a1.mp3"
"11d2c6aa-6e6e-4b33-a0f1-514fb4e2cf9b","Not a curse","Haryanvi Folk","","2026-03-23","","0","_radio_index/suno_backup/audio/11d2c6aa-6e6e-4b33-a0f1-514fb4e2cf9b.mp3"
"2705713e-7211-41ce-8805-62d72c7038f2","(untitled)","🎤 QUANTUM ANTHEM (HUMAN SOUND VERSION)","","2026-03-23","","0","_radio_index/suno_backup/audio/2705713e-7211-41ce-8805-62d72c7038f2.mp3"
"2bf46bbc-1f00-42b1-ada9-5dd38b02ca3b","We are the practice","Rap & Fusion","","2026-03-23","","0","_radio_index/suno_backup/audio/2bf46bbc-1f00-42b1-ada9-5dd38b02ca3b.mp3"
"0907ea5b-01db-4afe-a2a1-958b706d1c5a","तू है समंदर","Sanatan & Vedic","","2026-03-22","","0","_radio_index/suno_backup/audio/0907ea5b-01db-4afe-a2a1-958b706d1c5a.mp3"
"71c2f8e7-6626-4dc8-b873-971485c0725f","(untitled)","🎤 QUANTUM ANTHEM (HUMAN SOUND VERSION) (90 BPM | Body Percussion + Breath + Voic","","2026-03-22","","0","_radio_index/suno_backup/audio/71c2f8e7-6626-4dc8-b873-971485c0725f.mp3"
"57f63a2a-a5cc-4eca-b189-530e667d6c1d","(untitled)","Epic spiritual hip-hop + Indian classical fusion, deep bass, tanpura drone, conc","","2026-03-22","","0","_radio_index/suno_backup/audio/57f63a2a-a5cc-4eca-b189-530e667d6c1d.mp3"
"c442e04f-271b-411b-ba4b-42d0ecff3a38","ब्राह्मी → प्राकृत → खरोष्ठी का flow","Sanatan & Vedic","","2026-03-22","","0","_radio_index/suno_backup/audio/c442e04f-271b-411b-ba4b-42d0ecff3a38.mp3"
"d6015bf7-056c-43bb-b3a7-c42012ac30b6","(untitled)","Binaural cinematic spoken word, dual voices (female energetic left, male calm ri","","2026-03-22","","0","_radio_index/suno_backup/audio/d6015bf7-056c-43bb-b3a7-c42012ac30b6.mp3"
"e96f8afe-e1fc-4cc8-9998-16627bca7b9c","ठहर","Sanatan & Vedic","","2026-03-22","","0","_radio_index/suno_backup/audio/e96f8afe-e1fc-4cc8-9998-16627bca7b9c.mp3"
"acefb505-26f4-4b95-b378-e064eaccf86f","वक़्त के घोड़ों को","Sanatan & Vedic","","2026-03-22","","0","_radio_index/suno_backup/audio/acefb505-26f4-4b95-b378-e064eaccf86f.mp3"
"b632670a-92f5-44aa-862f-4a03120bd6e3","(untitled)","Global cinematic spoken word, deep Indian philosophical poetry, fusion of world","","2026-03-22","","0","_radio_index/suno_backup/audio/b632670a-92f5-44aa-862f-4a03120bd6e3.mp3"
"c8a46987-b4d4-41ee-aa0c-36c1f1115cf2","Tibetan Bowl","Sanatan & Vedic","","2026-03-22","","0","_radio_index/suno_backup/audio/c8a46987-b4d4-41ee-aa0c-36c1f1115cf2.mp3"
"7e3ba569-59f8-4cf2-aebb-45d436b941ef","Tibetan Bowl","Sanatan & Vedic","","2026-03-22","","0","_radio_index/suno_backup/audio/7e3ba569-59f8-4cf2-aebb-45d436b941ef.mp3"
"1ec4ae2f-b4ab-441b-8234-f5fcca48b606","(untitled)","Global cinematic spoken word, deep Indian philosophical poetry, fusion of world","","2026-03-22","","0","_radio_index/suno_backup/audio/1ec4ae2f-b4ab-441b-8234-f5fcca48b606.mp3"
"713998e8-14d5-4633-b01a-3fb4275561f9","(untitled)","Deep cinematic spoken word, Indian classical fusion, ambient drone, slow heartbe","","2026-03-22","","0","_radio_index/suno_backup/audio/713998e8-14d5-4633-b01a-3fb4275561f9.mp3"
"8b68b69c-b07f-43f8-ac20-ed65fbc03fc7","(untitled)","Global cinematic spoken word, deep Indian philosophical poetry, fusion of world","","2026-03-22","","0","_radio_index/suno_backup/audio/8b68b69c-b07f-43f8-ac20-ed65fbc03fc7.mp3"
"9b85885b-774d-4b2d-babf-e39fea6294e0","🎤 “वक़्त के घोड़े” — जागरण काव्य","Other / Misc","","2026-03-22","","0","_radio_index/suno_backup/audio/9b85885b-774d-4b2d-babf-e39fea6294e0.mp3"
"1802409c-450b-4fa0-82bb-9ae1c98c6f58","(untitled)","","","2026-03-22","","0","_radio_index/suno_backup/audio/1802409c-450b-4fa0-82bb-9ae1c98c6f58.mp3"
"22925574-1f8c-4bba-927a-63bf25e66c7c","Desert wind","Sanatan & Vedic","","2026-03-22","","0","_radio_index/suno_backup/audio/22925574-1f8c-4bba-927a-63bf25e66c7c.mp3"
"3b5bc702-ef70-4745-9a21-5e41252a6c47","Yo Yo Pandit! बोल माआता का naam","Haryanvi Folk","","2026-03-22","","0","_radio_index/suno_backup/audio/3b5bc702-ef70-4745-9a21-5e41252a6c47.mp3"
"e5e11b4f-d05d-444f-9b0e-5b91e5e70206","kush..mana..da","[Style: Rajasthani Folk + Bhakti Rap + Ambient Cinematic]  [Tempo: 88 BPM] [Scal","","2026-03-22","","0","_radio_index/suno_backup/audio/e5e11b4f-d05d-444f-9b0e-5b91e5e70206.mp3"
"8d7517ab-5f3a-4d8e-b2e4-92f170be6ed4","maa… maa… maa","Bhakti & Katha","","2026-03-22","","0","_radio_index/suno_backup/audio/8d7517ab-5f3a-4d8e-b2e4-92f170be6ed4.mp3"
"1630fdc7-2ea0-4737-a448-84a9e3a68bc4","(untitled)","Neuro-Tantra Devotional Trance Start: whisper + tanpura (no beat) Gradually add","","2026-03-22","","0","_radio_index/suno_backup/audio/1630fdc7-2ea0-4737-a448-84a9e3a68bc4.mp3"
"bf134052-5fe4-4f02-aa15-5757082f17fe","He shaheed shera","Haryanvi Folk","","2026-03-21","","0","_radio_index/suno_backup/audio/bf134052-5fe4-4f02-aa15-5757082f17fe.mp3"
"31a89117-5333-4f09-96f9-da776986d02d","(untitled)","","","2026-03-21","","0","_radio_index/suno_backup/audio/31a89117-5333-4f09-96f9-da776986d02d.mp3"
"374bbc29-2826-4b31-ba70-48ad9999fa35","(untitled)","global fun haryanvi-superstar..  1000 girls 1 boy","","2026-03-21","","0","_radio_index/suno_backup/audio/374bbc29-2826-4b31-ba70-48ad9999fa35.mp3"
"bed764bc-151e-4046-a0b6-773835719384","Bhai Mardana... vajda rabab","Haryanvi Folk","","2026-03-21","","0","_radio_index/suno_backup/audio/bed764bc-151e-4046-a0b6-773835719384.mp3"
"4c9ffaea-c955-4c6e-b22b-974c6fbe1284","kush..mana..da","Cinematic Vedic Psy-Trap, 145 BPM, Heavy pulsating 808 Sub-bass, Fast-paced Trib","","2026-03-21","","0","_radio_index/suno_backup/audio/4c9ffaea-c955-4c6e-b22b-974c6fbe1284.mp3"
"17cea20d-3770-4288-aeac-d5d0a9677a3f","kush..mana..da","Cinematic Vedic Psy-Trap, 145 BPM, Heavy pulsating 808 Sub-bass, Fast-paced Trib","","2026-03-21","","0","_radio_index/suno_backup/audio/17cea20d-3770-4288-aeac-d5d0a9677a3f.mp3"
"0366db7b-3209-4ccf-af83-12fda3311c23","kush..mana..da","Cinematic Vedic Psy-Trap, 145 BPM, Heavy pulsating 808 Sub-bass, Fast-paced Trib","","2026-03-21","","0","_radio_index/suno_backup/audio/0366db7b-3209-4ccf-af83-12fda3311c23.mp3"
"575f5473-b86b-466f-b63d-980c2bec7855","माँ कूष्माण्डा की प्यारी मुस्कान","Sanatan & Vedic","","2026-03-21","","0","_radio_index/suno_backup/audio/575f5473-b86b-466f-b63d-980c2bec7855.mp3"
"bea936de-88c1-4d19-9f9a-04973bec0cc0","kush..mana..da","Cinematic Vedic-Trap, Heavy 808 Bass, 140 BPM, Aggressive Haryanvi Ragni Rap flo","","2026-03-21","","0","_radio_index/suno_backup/audio/bea936de-88c1-4d19-9f9a-04973bec0cc0.mp3"
"87176aad-96cb-487c-b065-7faa93e5d442","kush..mana..da","Cinematic Vedic-Trap, Heavy 808 Bass, 140 BPM, Aggressive Haryanvi Ragni Rap flo","","2026-03-21","","0","_radio_index/suno_backup/audio/87176aad-96cb-487c-b065-7faa93e5d442.mp3"
"01b47c28-4773-42d5-b158-8a73c0cc9248","kush..mana..da","Cinematic Vedic Trap, Massive 808 Bass, 140 BPM, Deep Atmospheric Reverb, Ancien","","2026-03-21","","0","_radio_index/suno_backup/audio/01b47c28-4773-42d5-b158-8a73c0cc9248.mp3"
"e8ac43d3-688b-49ee-8ec3-ed025ddcb33b","कूष्माण्डा की 'स्मित' है शक्ति","Sanatan & Vedic","","2026-03-21","","0","_radio_index/suno_backup/audio/e8ac43d3-688b-49ee-8ec3-ed025ddcb33b.mp3"
"1b2ec847-7d17-420f-9042-dbced94d6763","गाम के छोरे","Haryanvi Folk","","2026-03-21","","0","_radio_index/suno_backup/audio/1b2ec847-7d17-420f-9042-dbced94d6763.mp3"
"6b3651e9-9f2d-4597-a0a5-de2414135203","(untitled)","global fun haryanvi-superstar..  1000 girls 1 boy","","2026-03-21","","0","_radio_index/suno_backup/audio/6b3651e9-9f2d-4597-a0a5-de2414135203.mp3"
"4cf5c8eb-fe72-483f-952d-0556a8e4b408","Om Devi Chandraghantayai Namah! माथे पे चंदा","Sanatan & Vedic","","2026-03-21","","0","_radio_index/suno_backup/audio/4cf5c8eb-fe72-483f-952d-0556a8e4b408.mp3"
"92c993d5-8cd1-48c2-a8fb-5c04053f9dcd","O.I.riginal.nteligence","[Add metallic bell sounds rhythmic] Use strong percussion (dhol + war drums) Fem","","2026-03-21","","0","_radio_index/suno_backup/audio/92c993d5-8cd1-48c2-a8fb-5c04053f9dcd.mp3"
"b7260b36-705a-493e-ab43-4cf6d9ba9bb9","O.I.riginal.nteligence","","","2026-03-21","","0","_radio_index/suno_backup/audio/b7260b36-705a-493e-ab43-4cf6d9ba9bb9.mp3"
"a13e3aff-822d-4a39-840c-333df718a6a6","Om Devi Chandraghantayai Namah! माथे पे चंदा","Sanatan & Vedic","","2026-03-21","","0","_radio_index/suno_backup/audio/a13e3aff-822d-4a39-840c-333df718a6a6.mp3"
"877a4cae-7aaa-4d7a-b037-021fcc544fb5","O.I.riginal.nteligence","","","2026-03-21","","0","_radio_index/suno_backup/audio/877a4cae-7aaa-4d7a-b037-021fcc544fb5.mp3"
"35c9d20a-94e6-4b53-9e14-073f7c519e47","ॐ देवी चन्द्रघण्टायै नमः","Bhakti & Katha","","2026-03-21","","0","_radio_index/suno_backup/audio/35c9d20a-94e6-4b53-9e14-073f7c519e47.mp3"
"ad20ad65-6256-4cde-b283-500aae7ad4fd","Om Devi Chandraghantayai Namah","Sanatan & Vedic","","2026-03-21","","0","_radio_index/suno_backup/audio/ad20ad65-6256-4cde-b283-500aae7ad4fd.mp3"
"092cd586-b79b-465f-b06c-972aa38bd494","neural jogi","Haryanvi Ragni-Trap Fusion, Psytrance, 432Hz Tuning, Cinematic Vedic Bass, Aggre","","2026-03-21","","0","_radio_index/suno_backup/audio/092cd586-b79b-465f-b06c-972aa38bd494.mp3"
"c2ff4d29-bde8-449a-847e-9dcdc78e4a69","neural jogi","Haryanvi Ragni-Trap Fusion, Psytrance, 432Hz Tuning, Cinematic Vedic Bass, Aggre","","2026-03-21","","0","_radio_index/suno_backup/audio/c2ff4d29-bde8-449a-847e-9dcdc78e4a69.mp3"
"78e037f2-edcd-4a6c-bdc4-099e1b4774e9","Om Devi Chandraghantayai Namah","Sanatan & Vedic","","2026-03-21","","0","_radio_index/suno_backup/audio/78e037f2-edcd-4a6c-bdc4-099e1b4774e9.mp3"
"ccb6b23a-62e2-44e4-b1f4-94283dd7bdfc","neural jogi","Haryanvi Ragni-Trap Fusion, Psytrance, 432Hz Tuning, Cinematic Vedic Bass, Aggre","","2026-03-21","","0","_radio_index/suno_backup/audio/ccb6b23a-62e2-44e4-b1f4-94283dd7bdfc.mp3"
"32b5d3c2-5566-44b7-9d81-86e8f1685967","Om Devi Chandraghantayai Namah","Sanatan & Vedic","","2026-03-21","","0","_radio_index/suno_backup/audio/32b5d3c2-5566-44b7-9d81-86e8f1685967.mp3"
"1482a051-de1c-4ca4-bc3b-2a183763c075","ए री माता गौर आई रे","Bhakti & Katha","","2026-03-21","","0","_radio_index/suno_backup/audio/1482a051-de1c-4ca4-bc3b-2a183763c075.mp3"
"e09752f7-8498-4ed6-bcf6-594f85308686","गणगौर आई रे","Bhakti & Katha","","2026-03-21","","0","_radio_index/suno_backup/audio/e09752f7-8498-4ed6-bcf6-594f85308686.mp3"
"9b907c3a-8874-4c5a-93bb-ba08f8477cdc","neural jogi","maataa gangaur aashirwaad","","2026-03-21","","0","_radio_index/suno_backup/audio/9b907c3a-8874-4c5a-93bb-ba08f8477cdc.mp3"
"cf3dbe9b-e2f2-4b21-bd5b-4332afa2a38e","neural jogi","ancient instruments.. folk raw celebrations.. ancient sounds of joy","","2026-03-21","","0","_radio_index/suno_backup/audio/cf3dbe9b-e2f2-4b21-bd5b-4332afa2a38e.mp3"
"43e46f35-5912-4f95-84b9-92edf0d0fb86","neural jogi","[Style: Rajasthani Folk Fusion, Mand, Ghoomar, Devotional]  [Concept] Gangaur so","","2026-03-21","","0","_radio_index/suno_backup/audio/43e46f35-5912-4f95-84b9-92edf0d0fb86.mp3"
"6a5dd84e-6da0-4b09-9a52-1db8c4acef47","neural jogi","[Style: Rajasthani Folk Fusion, Mand, Ghoomar, Devotional]  [Concept] Gangaur so","","2026-03-21","","0","_radio_index/suno_backup/audio/6a5dd84e-6da0-4b09-9a52-1db8c4acef47.mp3"
"95afba01-5a36-42ca-8dcc-2506b2523fe4","neural jogi","[Style: Rajasthani Folk, Mand, Village Women Chorus, Festive, Simple]  [Tempo: 9","","2026-03-21","","0","_radio_index/suno_backup/audio/95afba01-5a36-42ca-8dcc-2506b2523fe4.mp3"
"9d65a1fd-2546-4c3c-817e-49c52a5ebb0b","neural jogi","[Style: Rajasthani Folk, Mand, Village Women Chorus, Festive, Simple]  [Tempo: 9","","2026-03-21","","0","_radio_index/suno_backup/audio/9d65a1fd-2546-4c3c-817e-49c52a5ebb0b.mp3"
"050e19ec-ac35-452e-bb9e-16277b396b08","गणगौर आई रे… आई रे… आई रे","Bhakti & Katha","","2026-03-21","","0","_radio_index/suno_backup/audio/050e19ec-ac35-452e-bb9e-16277b396b08.mp3"
"75687504-db82-463a-96f8-62dd4c6ad2b1","gangaur aayi re aayi re aayi re","Bhakti & Katha","","2026-03-21","","0","_radio_index/suno_backup/audio/75687504-db82-463a-96f8-62dd4c6ad2b1.mp3"
"c1f60054-5682-4989-a470-f3ba4295c065","गणगौर आई रे… सज धज जाई रे","Sanatan & Vedic","","2026-03-21","","0","_radio_index/suno_backup/audio/c1f60054-5682-4989-a470-f3ba4295c065.mp3"
"7789d061-f161-4e4d-ad2d-4bf0d70bd861","neural jogi","[Style: Indian Folk + Rajasthani Mand + Tribal + Ambient + Devotional + Cinemati","","2026-03-21","","0","_radio_index/suno_backup/audio/7789d061-f161-4e4d-ad2d-4bf0d70bd861.mp3"
"b3dab790-2dfb-43e9-bd08-6fed863e2e42","om gaurishankaraya namah","Sanatan & Vedic","","2026-03-21","","0","_radio_index/suno_backup/audio/b3dab790-2dfb-43e9-bd08-6fed863e2e42.mp3"
"68b7f05f-0d8c-4740-b17b-f2e679aacd98","neural jogi","[Style: Indian Folk + Rajasthani Mand + Tribal + Ambient + Devotional + Cinemati","","2026-03-21","","0","_radio_index/suno_backup/audio/68b7f05f-0d8c-4740-b17b-f2e679aacd98.mp3"
"26ae8b47-2aa1-4fc3-9a27-bfc906169f67","chhor de","Cinematic Global Fusion, Haryanvi Folk-Opera, Raag Shivranjani & Marwa base, 60","","2026-03-20","","0","_radio_index/suno_backup/audio/26ae8b47-2aa1-4fc3-9a27-bfc906169f67.mp3"
"971b76d4-9982-4b49-9419-b8e39097a769","हे र अ अ अ","Bhakti & Katha","","2026-03-20","","0","_radio_index/suno_backup/audio/971b76d4-9982-4b49-9419-b8e39097a769.mp3"
"48d4c16c-f0af-4e47-8834-ce416cc8312e","chhor de","Cinematic Global Fusion, Haryanvi Folk-Opera, Raag Shivranjani & Marwa base, 60","","2026-03-20","","0","_radio_index/suno_backup/audio/48d4c16c-f0af-4e47-8834-ce416cc8312e.mp3"
"5b1a2a19-1787-49a9-b01a-795121534e08","Dekh mere yaar","Bhakti & Katha","","2026-03-20","","0","_radio_index/suno_backup/audio/5b1a2a19-1787-49a9-b01a-795121534e08.mp3"
"a33956a5-2081-468d-b0aa-1507b51cf541","हे र अ अ अ...","Bhakti & Katha","","2026-03-20","","0","_radio_index/suno_backup/audio/a33956a5-2081-468d-b0aa-1507b51cf541.mp3"
"e7134e4e-a3b4-4eb2-830d-e9a1e0791ca4","chhor de","Haunting Haryanvi Folk Fusion, Raag Shivranjani base, Pathos, Melancholic, Ether","","2026-03-20","","0","_radio_index/suno_backup/audio/e7134e4e-a3b4-4eb2-830d-e9a1e0791ca4.mp3"
"5813c3d7-64ae-4dcd-86cc-6c4cc319f0d7","He Ra a a a","Bhakti & Katha","","2026-03-20","","0","_radio_index/suno_backup/audio/5813c3d7-64ae-4dcd-86cc-6c4cc319f0d7.mp3"
"ae00fa9b-6761-4e45-89a4-c8bebb0ec9e2","(untitled)","Haunting Haryanvi Folk Fusion, Raag Shivranjani base, Pathos, Melancholic, Ether","","2026-03-20","","0","_radio_index/suno_backup/audio/ae00fa9b-6761-4e45-89a4-c8bebb0ec9e2.mp3"
"b7ab25e5-8f36-4dd2-a0ed-a64c5f9f0b63","हर-हर महादेव... हर-हर महादेव","Sanatan & Vedic","","2026-03-20","","0","_radio_index/suno_backup/audio/b7ab25e5-8f36-4dd2-a0ed-a64c5f9f0b63.mp3"
"abdadc18-6d3f-43c5-aacc-5df4eba20e4d","(untitled)","hard death rock  vedic sanskrit","","2026-03-20","","0","_radio_index/suno_backup/audio/abdadc18-6d3f-43c5-aacc-5df4eba20e4d.mp3"
"9ea90a62-a2d7-462c-9f8c-fb078246a1ae","eeee ee eeee eaeaeaaeen","Sanatan & Vedic","","2026-03-20","","0","_radio_index/suno_backup/audio/9ea90a62-a2d7-462c-9f8c-fb078246a1ae.mp3"
"f5ee1b21-dfd0-497c-8f70-18a04305df49","(untitled)","वैदिक तंत्र हेमंत तत्व","","2026-03-20","","0","_radio_index/suno_backup/audio/f5ee1b21-dfd0-497c-8f70-18a04305df49.mp3"
"322826de-5054-4df5-868c-4d8eefd1140f","सीधी दुनिया उल्टे लोग","Sanatan & Vedic","","2026-03-20","","0","_radio_index/suno_backup/audio/322826de-5054-4df5-868c-4d8eefd1140f.mp3"
"75db9ef6-ac44-4361-aa4f-64d05aab70a8","(untitled)","वैदिक तंत्र हेमंत तत्व","","2026-03-20","","0","_radio_index/suno_backup/audio/75db9ef6-ac44-4361-aa4f-64d05aab70a8.mp3"
"200d3cac-7b7b-437a-8877-c560fdd74b80","neural jogi","🎵 गीत (Lyrics): उल्टी चाल चल पड़े शिव राग: भैरवी (सुबह का राग, करुण रस से भरपूर)","","2026-03-20","","0","_radio_index/suno_backup/audio/200d3cac-7b7b-437a-8877-c560fdd74b80.mp3"
"7c45ec0d-f3b8-4cb9-beaf-2d74f4302da5","रत्नावली की रत्नावली","Bhakti & Katha","","2026-03-20","","0","_radio_index/suno_backup/audio/7c45ec0d-f3b8-4cb9-beaf-2d74f4302da5.mp3"
"f02bb457-88b6-415c-9b34-da9e9896a390","neural jogi","TITLE: Triveni Naad – Inner Jogi Duet  [STYLE: Indian Folk Jogi Ragni + Gurbani","","2026-03-20","","0","_radio_index/suno_backup/audio/f02bb457-88b6-415c-9b34-da9e9896a390.mp3"
"57e3125d-6eff-4b5a-883a-4da698ee8f1d","Deep serious alaap","Sanatan & Vedic","","2026-03-20","","0","_radio_index/suno_backup/audio/57e3125d-6eff-4b5a-883a-4da698ee8f1d.mp3"
"2fc25f01-e1af-419b-af18-4a94b1792d7b","(untitled)","TITLE: **“NAAD BRAHM: 31 RAAG NEURAL JOGI ALBUM”**  STYLE: Indian Folk (Haryanvi","","2026-03-20","","0","_radio_index/suno_backup/audio/2fc25f01-e1af-419b-af18-4a94b1792d7b.mp3"
"28f32076-2c38-4dfd-8f9b-27aeeee9b5bc","❤️ जोगी देवे गारंटी बात","Sanatan & Vedic","","2026-03-20","","0","_radio_index/suno_backup/audio/28f32076-2c38-4dfd-8f9b-27aeeee9b5bc.mp3"
"17393950-853a-4aed-9e6f-229ac70f25e0","“NAAD BRAHM: 31 RAAG NEURAL JOGI ALBUM”","Sanatan & Vedic","","2026-03-20","","0","_radio_index/suno_backup/audio/17393950-853a-4aed-9e6f-229ac70f25e0.mp3"
"056a8cec-f924-4fbe-be2e-5a026a8477a1","(untitled)","","","2026-03-20","","0","_radio_index/suno_backup/audio/056a8cec-f924-4fbe-be2e-5a026a8477a1.mp3"
"dab64572-477f-4561-ae33-43b27a37fb2a","(untitled)","High-energy Haryanvi Trap-Folk Fusion, Heavy 808 Bass, Cinematic Sound Design, T","","2026-03-19","","0","_radio_index/suno_backup/audio/dab64572-477f-4561-ae33-43b27a37fb2a.mp3"
"2b4451e0-029c-4fb6-b9e5-78fd60f4046c","देव-दानव: यो गोबर नहीं","Haryanvi Folk","","2026-03-19","","0","_radio_index/suno_backup/audio/2b4451e0-029c-4fb6-b9e5-78fd60f4046c.mp3"
"fdfe3689-13d3-4488-96a7-d2b0ad9210da","गौसे ल्या दे","Haryanvi Folk","","2026-03-19","","0","_radio_index/suno_backup/audio/fdfe3689-13d3-4488-96a7-d2b0ad9210da.mp3"
"47377bea-9774-4f7b-afe4-f4e941c19c0f","(untitled)","Haryanvi-Trap... राग पीलू की धुन को मुख्य हुक में रख सकते हैं और 'रैप' वाले हिस्","","2026-03-19","","0","_radio_index/suno_backup/audio/47377bea-9774-4f7b-afe4-f4e941c19c0f.mp3"
"2ca29e2e-9207-45f0-9d88-9c0793d7393b","(untitled)","","","2026-03-19","","0","_radio_index/suno_backup/audio/2ca29e2e-9207-45f0-9d88-9c0793d7393b.mp3"
"83d40aab-8c12-48c7-8a5f-316e377ae254","ल्या.. दे","Other / Misc","","2026-03-19","","0","_radio_index/suno_backup/audio/83d40aab-8c12-48c7-8a5f-316e377ae254.mp3"
"f394c2ee-40d3-4222-96f3-594a597d4370","Akhand-Siddham! Akhand-Siddham","Sanatan & Vedic","","2026-03-19","","0","_radio_index/suno_backup/audio/f394c2ee-40d3-4222-96f3-594a597d4370.mp3"
"b4eb0ad2-7b9a-47a7-9dbb-243f6869fd07","(untitled)","Style Descriptor: > Epic Ancient-Futuristic Fusion, Haryanvi Ragni meets Dravidi","","2026-03-19","","0","_radio_index/suno_backup/audio/b4eb0ad2-7b9a-47a7-9dbb-243f6869fd07.mp3"
"38c841da-2008-4d6a-b85d-83833454d8ee","लुलु","Sanatan & Vedic","","2026-03-19","","0","_radio_index/suno_backup/audio/38c841da-2008-4d6a-b85d-83833454d8ee.mp3"
"164acf5c-2f05-4aa5-a11e-e8726aa075c1","(untitled)","""Epic Cinematic-Carnatic Fusion. Hybrid of Ancient Mesopotamian Lyre and heavy S","","2026-03-19","","0","_radio_index/suno_backup/audio/164acf5c-2f05-4aa5-a11e-e8726aa075c1.mp3"
"b25849ae-7771-4878-a6e9-6ea75ef49a13","इतिहासः सिद्धम्! आनंदोऽस्तु","Sanatan & Vedic","","2026-03-19","","0","_radio_index/suno_backup/audio/b25849ae-7771-4878-a6e9-6ea75ef49a13.mp3"
"f3a9813d-753a-4dc8-80c0-1761b6138f1b","(untitled)","folk dravidian authenticity","","2026-03-19","","0","_radio_index/suno_backup/audio/f3a9813d-753a-4dc8-80c0-1761b6138f1b.mp3"
"e4415236-01a9-49bb-a68a-359e7f67f091","(untitled)","","","2026-03-19","","0","_radio_index/suno_backup/audio/e4415236-01a9-49bb-a68a-359e7f67f091.mp3"
"7895a9b2-a1dc-4fee-8ac4-44a096b2c6a8","(untitled)","","","2026-03-19","","0","_radio_index/suno_backup/audio/7895a9b2-a1dc-4fee-8ac4-44a096b2c6a8.mp3"
"1795fde2-4568-429d-86af-bfc929504dc6","(untitled)","Genre: Vedic-Ambient, Cinematic Folk, Cyber-Tribal, Ethno-Industrial.  Mood: Sac","","2026-03-19","","0","_radio_index/suno_backup/audio/1795fde2-4568-429d-86af-bfc929504dc6.mp3"
"85859d74-b474-4661-aa75-df60336c7497","इतिहासः सिद्धम्! आनंदोऽस्तु","Sanatan & Vedic","","2026-03-19","","0","_radio_index/suno_backup/audio/85859d74-b474-4661-aa75-df60336c7497.mp3"
"c2942834-cd11-4b45-8610-08a32d23be82","(untitled)","aghories with been, khamak, damru, naad... shiv gaNa aghore. rudra veeNa.  only","","2026-03-19","","0","_radio_index/suno_backup/audio/c2942834-cd11-4b45-8610-08a32d23be82.mp3"
"cef36d0f-7570-45ad-b4cd-9e9d1999be10","(untitled)","aghories with been, khamak, damru, naad... shiv gaNa aghore. rudra veeNa.  only","","2026-03-19","","0","_radio_index/suno_backup/audio/cef36d0f-7570-45ad-b4cd-9e9d1999be10.mp3"
"bd2091ee-707a-465e-9dff-021eac34daed","(untitled)","Style: Dark Ambient Trance, Binaural beats background, Deep male vocals,  Sanskr","","2026-03-19","","0","_radio_index/suno_backup/audio/bd2091ee-707a-465e-9dff-021eac34daed.mp3"
"1bd52bf2-d26e-4822-8299-2ef883803518","अघोर... अघोर... अघोर","Sanatan & Vedic","","2026-03-19","","0","_radio_index/suno_backup/audio/1bd52bf2-d26e-4822-8299-2ef883803518.mp3"
"1712384b-9b51-4094-b444-b464a3aa0e27","(untitled)","","","2026-03-19","","0","_radio_index/suno_backup/audio/1712384b-9b51-4094-b444-b464a3aa0e27.mp3"
"527b35cd-7313-4af7-82d2-007ce8ac75a1","हे माँ शैलपुत्री","Other / Misc","","2026-03-19","","0","_radio_index/suno_backup/audio/527b35cd-7313-4af7-82d2-007ce8ac75a1.mp3"
"cabac8a7-5365-4ff9-b762-86e8a6586cd1","पिया जी तेरी याद आती है","Haryanvi Folk","","2026-03-19","","0","_radio_index/suno_backup/audio/cabac8a7-5365-4ff9-b762-86e8a6586cd1.mp3"
"80a39cda-0980-4c6e-bffb-50088c2967de","(untitled)","trance hip-hop haryanvi flavour use train whistle and station ambiances. unique","","2026-03-19","","0","_radio_index/suno_backup/audio/80a39cda-0980-4c6e-bffb-50088c2967de.mp3"
"94f4c705-c5c7-4637-b67d-06a21a3e1771","(untitled)","trance hip-hop haryanvi flavour","","2026-03-19","","0","_radio_index/suno_backup/audio/94f4c705-c5c7-4637-b67d-06a21a3e1771.mp3"
"edf821b2-166e-4650-a7ca-0b131dcc109b","(untitled)","trance hip-hop haryanvi flavour","","2026-03-19","","0","_radio_index/suno_backup/audio/edf821b2-166e-4650-a7ca-0b131dcc109b.mp3"
"14ce1222-9f05-4f2f-bcdd-c9b871cca5a1","(untitled)","trance hip-hop haryanvi flavour","","2026-03-19","","0","_radio_index/suno_backup/audio/14ce1222-9f05-4f2f-bcdd-c9b871cca5a1.mp3"
"3bd10216-5f47-4506-8828-9fc84e552bba","(untitled)","trance hip-hop haryanvi flavour","","2026-03-19","","0","_radio_index/suno_backup/audio/3bd10216-5f47-4506-8828-9fc84e552bba.mp3"
"20b2eae2-e758-4646-b7ca-94502619813e","इतनी ही दया","Sanatan & Vedic","","2026-03-19","","0","_radio_index/suno_backup/audio/20b2eae2-e758-4646-b7ca-94502619813e.mp3"
"ac3d350b-35f3-42d9-b74c-c30e8c71d677","(untitled)","Style: Indian Devotional Bhakti, Raag Yaman, slow tempo (60–65 BPM), cinematic s","","2026-03-19","","0","_radio_index/suno_backup/audio/ac3d350b-35f3-42d9-b74c-c30e8c71d677.mp3"
"448602fe-eb24-4bcd-9a1a-2d3d00a4c21b","पिया जी तेरी याद आवे सै","Haryanvi Folk","","2026-03-19","","0","_radio_index/suno_backup/audio/448602fe-eb24-4bcd-9a1a-2d3d00a4c21b.mp3"
"7c657b60-4bbc-4e9f-90d4-2d42575ca1c6","(untitled)","Genre: Haryanvi Ragni Folk, Dangal style Tempo: 75 BPM  Instruments: Dholak, han","","2026-03-19","","0","_radio_index/suno_backup/audio/7c657b60-4bbc-4e9f-90d4-2d42575ca1c6.mp3"
"cfbb1757-8e35-4d6f-a25d-810bab2e0e8a","पिया जी तेरी याद आती है","Haryanvi Folk","","2026-03-19","","0","_radio_index/suno_backup/audio/cfbb1757-8e35-4d6f-a25d-810bab2e0e8a.mp3"
"eea1f46e-7cbb-441d-abcb-52a46144583a","(untitled)","Genre: Indic-Sufi-Lusophone-Blues Virah Raga Tempo: 70 BPM slow emotional  Vocal","","2026-03-19","","0","_radio_index/suno_backup/audio/eea1f46e-7cbb-441d-abcb-52a46144583a.mp3"
"6a41359d-7625-415a-bb50-9685b970ef3b","हाय हाय हाय… हाय लुगाई","Haryanvi Folk","","2026-03-18","","0","_radio_index/suno_backup/audio/6a41359d-7625-415a-bb50-9685b970ef3b.mp3"
"c694a74a-44a2-4a34-aee4-ffc260690881","(untitled)","Style: Haryanvi Folk Ragni, Jogi Spiritual Anthem, Human Voice Driven, Minimal","","2026-03-18","","0","_radio_index/suno_backup/audio/c694a74a-44a2-4a34-aee4-ffc260690881.mp3"
"ddf3ca17-816c-47e8-b49c-a5834334e64b","(untitled)","Style: Haryanvi Folk Ragni, Jogi Spiritual Crow Anthem, Human Voice Driven, Fig","","2026-03-18","","0","_radio_index/suno_backup/audio/ddf3ca17-816c-47e8-b49c-a5834334e64b.mp3"
"ada50c4b-3ce4-475c-b27e-f2536d77da49","(untitled)","Style: Haryanvi Folk Ragni, Jogi Spiritual Anthem, Human Voice Driven, Minimal","","2026-03-18","","0","_radio_index/suno_backup/audio/ada50c4b-3ce4-475c-b27e-f2536d77da49.mp3"
"fddbba2f-61ec-4d72-ad3f-69baba354abb","(untitled)","Style: Haryanvi Folk Ragni, Jogi Spiritual Anthem, Human Voice Driven, Minimal","","2026-03-18","","0","_radio_index/suno_backup/audio/fddbba2f-61ec-4d72-ad3f-69baba354abb.mp3"
"5a3ed490-c3be-4e41-99f0-3abc89a1f13d","हाय हाय हाय… हाय लुगाई","Haryanvi Folk","","2026-03-18","","0","_radio_index/suno_backup/audio/5a3ed490-c3be-4e41-99f0-3abc89a1f13d.mp3"
"e80360e4-03de-401c-ae2a-6936ff596b3f","(untitled)","मलंगों का ग्रुप एक भविष्य के ट्रेन स्टेशन पर ट्रेन स्टेशन उद्गोषण  Style: Haryan","","2026-03-18","","0","_radio_index/suno_backup/audio/e80360e4-03de-401c-ae2a-6936ff596b3f.mp3"
"978c1c42-cd78-429d-952f-ff66978f4531","हाय हाय हाय… हाय लुगाई","Haryanvi Folk","","2026-03-18","","0","_radio_index/suno_backup/audio/978c1c42-cd78-429d-952f-ff66978f4531.mp3"
"65fd8ecc-a24d-4af1-a21d-db7e5e5107e6","(untitled)","Style: Haryanvi Folk Ragni, Jogi Spiritual Anthem, Human Voice Driven, Minimal F","","2026-03-18","","0","_radio_index/suno_backup/audio/65fd8ecc-a24d-4af1-a21d-db7e5e5107e6.mp3"
"513a10d6-1b4e-43a3-b1ef-a1c0427e3b78","हाय हाय हाय… हाय लुगाई","Haryanvi Folk","","2026-03-18","","0","_radio_index/suno_backup/audio/513a10d6-1b4e-43a3-b1ef-a1c0427e3b78.mp3"
"4dd54537-f0dc-4226-b83f-32edeb629a35","(untitled)","Style: Haryanvi Folk Ragni, Jogi Spiritual Anthem, Human Voice Driven, Minimal F","","2026-03-18","","0","_radio_index/suno_backup/audio/4dd54537-f0dc-4226-b83f-32edeb629a35.mp3"
"ea666c4c-b61d-46ea-a289-627704a7f204","हाय हाय हाय… हाय लुगाई","Haryanvi Folk","","2026-03-18","","0","_radio_index/suno_backup/audio/ea666c4c-b61d-46ea-a289-627704a7f204.mp3"
"e8c8a60e-4a6e-4924-b306-aeb182829a8b","हाय हाय हाय ... हाय लुगाई","Haryanvi Folk","","2026-03-18","","0","_radio_index/suno_backup/audio/e8c8a60e-4a6e-4924-b306-aeb182829a8b.mp3"
"4cd1088b-b87b-4b02-b781-ad7ecea54492","(untitled)","Intro: Whisper + slow breath + distant “हाय…”  Beat Start: Heartbeat (dhak dhak)","","2026-03-18","","0","_radio_index/suno_backup/audio/4cd1088b-b87b-4b02-b781-ad7ecea54492.mp3"
"51869413-dafe-45f6-b76f-583c3b8e1991","(untitled)","","","2026-03-18","","0","_radio_index/suno_backup/audio/51869413-dafe-45f6-b76f-583c3b8e1991.mp3"
"64a8bb69-c68d-48dc-88bf-9bcf53a35229","हाय हाय हाय… हाय लुगाई","Other / Misc","","2026-03-18","","0","_radio_index/suno_backup/audio/64a8bb69-c68d-48dc-88bf-9bcf53a35229.mp3"
"4c162f53-2f79-4fed-b3c9-93841a1755f3","(untitled)","","","2026-03-17","","0","_radio_index/suno_backup/audio/4c162f53-2f79-4fed-b3c9-93841a1755f3.mp3"
"15044912-afce-435c-a55e-9158b065f46a","(untitled)","","","2026-03-17","","0","_radio_index/suno_backup/audio/15044912-afce-435c-a55e-9158b065f46a.mp3"
"29a17f2c-a3b6-463d-9a08-8fede6cb142a","का खा गा घा","Sanatan & Vedic","","2026-03-17","","0","_radio_index/suno_backup/audio/29a17f2c-a3b6-463d-9a08-8fede6cb142a.mp3"
"ecfcf3e2-e6b5-4377-b4bf-52d3acda1360","का खा गा घा","Sanatan & Vedic","","2026-03-17","","0","_radio_index/suno_backup/audio/ecfcf3e2-e6b5-4377-b4bf-52d3acda1360.mp3"
"e97cc568-6578-4bba-a1c3-0580783e1d53","(untitled)","Genre:  Vedic Cosmic Rap  Nautanki folk + Hip-hop  Cinematic mythological rap  I","","2026-03-17","","0","_radio_index/suno_backup/audio/e97cc568-6578-4bba-a1c3-0580783e1d53.mp3"
"954ceeb0-8f77-4fdc-9b97-439fd3559810","का खा गा घा","Sanatan & Vedic","","2026-03-17","","0","_radio_index/suno_backup/audio/954ceeb0-8f77-4fdc-9b97-439fd3559810.mp3"
"c8e9d4ca-0d7d-4624-8efb-0b23973de9a3","का खा गा घा","Sanatan & Vedic","","2026-03-17","","0","_radio_index/suno_backup/audio/c8e9d4ca-0d7d-4624-8efb-0b23973de9a3.mp3"
"24b25363-caab-410d-a1a7-a36f5df70481","(untitled)","Genre:  Vedic Cosmic Rap  Nautanki folk + Hip-hop  Cinematic mythological rap  I","","2026-03-17","","0","_radio_index/suno_backup/audio/24b25363-caab-410d-a1a7-a36f5df70481.mp3"
"4e8ab515-7696-4a5d-ada8-911355a71d61","(untitled)","Genre:  Vedic Cosmic Rap  Nautanki folk + Hip-hop  Cinematic mythological rap  I","","2026-03-17","","0","_radio_index/suno_backup/audio/4e8ab515-7696-4a5d-ada8-911355a71d61.mp3"
"e9e95c40-884e-4b74-a1f6-5db9c6bdeb93","का खा गा घा","Sanatan & Vedic","","2026-03-17","","0","_radio_index/suno_backup/audio/e9e95c40-884e-4b74-a1f6-5db9c6bdeb93.mp3"
"bc962e4c-9016-4ba8-bb3e-e257917e3dd4","का खा गा घा","Sanatan & Vedic","","2026-03-17","","0","_radio_index/suno_backup/audio/bc962e4c-9016-4ba8-bb3e-e257917e3dd4.mp3"
"7b8aaf45-66a4-4e30-acdd-38c437907a8e","(untitled)","Genre:  Vedic Cosmic Rap  Nautanki folk + Hip-hop  Cinematic mythological rap  I","","2026-03-17","","0","_radio_index/suno_backup/audio/7b8aaf45-66a4-4e30-acdd-38c437907a8e.mp3"
"dfe02902-7e32-4106-a738-2f3c88aabf9c","का खा गा घा","Sanatan & Vedic","","2026-03-16","","0","_radio_index/suno_backup/audio/dfe02902-7e32-4106-a738-2f3c88aabf9c.mp3"
"b8e5aa64-0398-4c26-9ef9-aa516d2421c3","(untitled)","Genre:  Vedic Cosmic Rap  Nautanki folk + Hip-hop  Cinematic mythological rap  I","","2026-03-16","","0","_radio_index/suno_backup/audio/b8e5aa64-0398-4c26-9ef9-aa516d2421c3.mp3"
"7279327a-abd6-4b19-8bd9-41db02769c97","(untitled)","Genre:  Vedic Cosmic Rap  Nautanki folk + Hip-hop  Cinematic mythological rap  I","","2026-03-16","","0","_radio_index/suno_backup/audio/7279327a-abd6-4b19-8bd9-41db02769c97.mp3"
"68e1e3bc-204b-4335-a599-eb3a0623ec41","का खा गा घा","Sanatan & Vedic","","2026-03-16","","0","_radio_index/suno_backup/audio/68e1e3bc-204b-4335-a599-eb3a0623ec41.mp3"
"339cc960-6eba-46bf-aa4b-9cc390baab6d","का खा गा घा","Sanatan & Vedic","","2026-03-16","","0","_radio_index/suno_backup/audio/339cc960-6eba-46bf-aa4b-9cc390baab6d.mp3"
"2badde9c-1f37-4504-9aaa-b067a58e99c3","का खा गा घा","Sanatan & Vedic","","2026-03-16","","0","_radio_index/suno_backup/audio/2badde9c-1f37-4504-9aaa-b067a58e99c3.mp3"
"05a9ac20-ffc7-4810-a9e2-21d2c683b06a","(untitled)","Genre:  Vedic Cosmic Rap  Nautanki folk + Hip-hop  Cinematic mythological rap  I","","2026-03-16","","0","_radio_index/suno_backup/audio/05a9ac20-ffc7-4810-a9e2-21d2c683b06a.mp3"
"72b69742-5e35-4af0-876c-03f7ff259f69","(untitled)","Genre:  Vedic Cosmic Rap  Nautanki folk + Hip-hop  Cinematic mythological rap  I","","2026-03-16","","0","_radio_index/suno_backup/audio/72b69742-5e35-4af0-876c-03f7ff259f69.mp3"
"f932d3fb-72e6-41c0-8754-38bfa4f5417c","(untitled)","Genre:  Vedic Cosmic Rap  Nautanki folk + Hip-hop  Cinematic mythological rap  I","","2026-03-16","","0","_radio_index/suno_backup/audio/f932d3fb-72e6-41c0-8754-38bfa4f5417c.mp3"
"b0ce3910-5638-41ea-baa5-e1711b806520","का खा गा घा","Sanatan & Vedic","","2026-03-16","","0","_radio_index/suno_backup/audio/b0ce3910-5638-41ea-baa5-e1711b806520.mp3"
"7d29c576-36bc-4241-be33-bce5fd84775b","का खा गा घा","Sanatan & Vedic","","2026-03-16","","0","_radio_index/suno_backup/audio/7d29c576-36bc-4241-be33-bce5fd84775b.mp3"
"aed9aa06-9e15-4413-b39f-b80a8913035e","(untitled)","Vedantic cosmic Indian folk theatre song, female mystical lead voice, male drama","","2026-03-16","","0","_radio_index/suno_backup/audio/aed9aa06-9e15-4413-b39f-b80a8913035e.mp3"
"0021a7c0-89d9-4d5e-8967-d9c1095a9f77","सजन मेरा धोखेबाज़ है।","Haryanvi Folk","","2026-03-16","","0","_radio_index/suno_backup/audio/0021a7c0-89d9-4d5e-8967-d9c1095a9f77.mp3"
"08b16e64-f600-411c-807f-6c943c14f56e","kudru ki beti naagin","Genre: World music / emotional instrumental  Mood: Deep longing, universal femal","","2026-03-16","","0","_radio_index/suno_backup/audio/08b16e64-f600-411c-807f-6c943c14f56e.mp3"
"dac36f36-1b07-4909-bd88-88bb40d18bc8","kudru ki beti naagin","Genre: Haryanvi Folk Ragni  Theme: Betrayal and emotional virah of a woman whose","","2026-03-16","","0","_radio_index/suno_backup/audio/dac36f36-1b07-4909-bd88-88bb40d18bc8.mp3"
"aefdf09c-1e5d-4549-b489-188a4f354615","नागिन है","Haryanvi Folk","","2026-03-16","","0","_radio_index/suno_backup/audio/aefdf09c-1e5d-4549-b489-188a4f354615.mp3"
"e55b3ea6-14b8-462f-b43e-dc03bf4e9f18","kudru ki beti naagin","Genre: Haryanvi Folk Ragni  Theme: Betrayal and emotional virah of a woman whose","","2026-03-16","","0","_radio_index/suno_backup/audio/e55b3ea6-14b8-462f-b43e-dc03bf4e9f18.mp3"
"3f3cee67-4312-4a74-926f-1e1e089df3e5","kudru ki beti naagin","Genre: World music / emotional instrumental  Mood: Deep longing, universal virah","","2026-03-16","","0","_radio_index/suno_backup/audio/3f3cee67-4312-4a74-926f-1e1e089df3e5.mp3"
"1c396b4f-4f16-4262-9ffb-5f866d7b4ff1","सजन मेरा धोखेबाज़ है","Desh / Patriotic","","2026-03-16","","0","_radio_index/suno_backup/audio/1c396b4f-4f16-4262-9ffb-5f866d7b4ff1.mp3"
"dc697cc3-5cb9-43ab-a2de-622b7348bff5","kudru ki beti naagin","Psychedelic Haryanvi Folk-Trance, 140 BPM, Piercing Ethnic Been (Snake Charmer F","","2026-03-16","","0","_radio_index/suno_backup/audio/dc697cc3-5cb9-43ab-a2de-622b7348bff5.mp3"
"310f549f-b41a-4685-9afd-023bc7de4632","नागिन है","Sanatan & Vedic","","2026-03-16","","0","_radio_index/suno_backup/audio/310f549f-b41a-4685-9afd-023bc7de4632.mp3"
"6760d633-7fec-4c2b-9747-6d8f0963d5a2","kudru ki beti naagin","ताल और नाद: वाद्यों (संगीत यंत्रों) से ताल लगाने को कहना उस 'नाद' को पैदा करने क","","2026-03-16","","0","_radio_index/suno_backup/audio/6760d633-7fec-4c2b-9747-6d8f0963d5a2.mp3"
"cbd88d04-4767-4c26-8d29-ba96e43adce7","नागिन है","Haryanvi Folk","","2026-03-16","","0","_radio_index/suno_backup/audio/cbd88d04-4767-4c26-8d29-ba96e43adce7.mp3"
"430b028b-8fd1-4267-a16b-8eb1bb791e10","kudru ki beti naagin","Create a mystical Aghor Nagini trance track with pungi (snake-charmer flute), kh","","2026-03-16","","0","_radio_index/suno_backup/audio/430b028b-8fd1-4267-a16b-8eb1bb791e10.mp3"
"99a91265-7f9c-4b3d-a76a-745dfb3a5ec9","नागिन है","Sanatan & Vedic","","2026-03-16","","0","_radio_index/suno_backup/audio/99a91265-7f9c-4b3d-a76a-745dfb3a5ec9.mp3"
"14fa2fe8-0de2-4ace-9ee4-404348db0270","kudru ki beti naagin","","","2026-03-16","","0","_radio_index/suno_backup/audio/14fa2fe8-0de2-4ace-9ee4-404348db0270.mp3"
"ae318a44-4e70-4bf5-ac17-58cd30dfa4d0","kudru ki beti naagin","Haryanvi-Bagri Folk Fusion, Psychedelic Trance, Khamak-driven rhythmic vibration","","2026-03-16","","0","_radio_index/suno_backup/audio/ae318a44-4e70-4bf5-ac17-58cd30dfa4d0.mp3"
"770b4285-cc03-4121-9c55-4fd9e710a9ef","kudru ki beti naagin","Haryanvi-Bagri Folk Fusion, Psychedelic Trance, Khamak-driven rhythmic vibration","","2026-03-16","","0","_radio_index/suno_backup/audio/770b4285-cc03-4121-9c55-4fd9e710a9ef.mp3"
"4bd5f9be-6507-4e41-bad2-b3345f66e6cc","नागिन है","Haryanvi Folk","","2026-03-16","","0","_radio_index/suno_backup/audio/4bd5f9be-6507-4e41-bad2-b3345f66e6cc.mp3"
"f3c0d550-9297-4842-ba8b-b4a6118a71a6","नागिन है","Haryanvi Folk","","2026-03-16","","0","_radio_index/suno_backup/audio/f3c0d550-9297-4842-ba8b-b4a6118a71a6.mp3"
"71f75486-1686-40eb-bbf3-1018b7e8b3b7","kudru ki beti naagin","Haryanvi-Bagri Folk Fusion, Psychedelic Trance, Khamak-driven rhythmic vibration","","2026-03-16","","0","_radio_index/suno_backup/audio/71f75486-1686-40eb-bbf3-1018b7e8b3b7.mp3"
"b9a9901e-2fa1-4550-aa1d-a1bb4dc7db40","अद्वैत पिता","Haryanvi Folk","","2026-03-16","","0","_radio_index/suno_backup/audio/b9a9901e-2fa1-4550-aa1d-a1bb4dc7db40.mp3"
"1793b6b5-9f36-4f77-a6fa-630d6a66cdbb","kudru ki beti naagin","इस रचना के लिए 'राग भैरवी' और 'राग जोगिया' का मिश्रण सबसे सटीक है, जिसमें 'राग व","","2026-03-16","","0","_radio_index/suno_backup/audio/1793b6b5-9f36-4f77-a6fa-630d6a66cdbb.mp3"
"20709bfc-b04e-49bb-b50a-81112046ab9d","🕉️ वैदिक फ्यूज़न — चेतना नागिन नाद","Sanatan & Vedic","","2026-03-16","","0","_radio_index/suno_backup/audio/20709bfc-b04e-49bb-b50a-81112046ab9d.mp3"
"a3b96400-fe65-4f1c-904d-9aff23390ee0","kudru ki beti naagin","use snake charmers orchestra. aghor rock","","2026-03-16","","0","_radio_index/suno_backup/audio/a3b96400-fe65-4f1c-904d-9aff23390ee0.mp3"
"7c7a4b38-9322-4dcc-a49f-ec91ad8874d0","साँस मेरी देख","Naagin & Mystic","","2026-03-16","","0","_radio_index/suno_backup/audio/7c7a4b38-9322-4dcc-a49f-ec91ad8874d0.mp3"
"783c7290-99f4-43f8-adc4-b8681b56114d","साँस मेरी देख","Sanatan & Vedic","","2026-03-16","","0","_radio_index/suno_backup/audio/783c7290-99f4-43f8-adc4-b8681b56114d.mp3"
"09294d81-a6e4-4c9e-a676-98b05856accd","kudru ki beti naagin","use snake charmers orchestra. aghor rock","","2026-03-16","","0","_radio_index/suno_backup/audio/09294d81-a6e4-4c9e-a676-98b05856accd.mp3"
"93dd0e34-eefb-4555-91c0-b5297eef283f","साँस मेरी देख","Sanatan & Vedic","","2026-03-16","","0","_radio_index/suno_backup/audio/93dd0e34-eefb-4555-91c0-b5297eef283f.mp3"
"860e7a0e-a8d8-473f-b660-d2449b65da69","kudru ki beti naagin","The Pungi Effect: पुंगी की आवाज़ को 'Eco' और 'Reverb' के साथ इस्तेमाल करें ताकि","","2026-03-16","","0","_radio_index/suno_backup/audio/860e7a0e-a8d8-473f-b660-d2449b65da69.mp3"
"4d9a720f-aeeb-408e-b64a-c666f1db644a","kudru ki beti naagin","The Pungi Effect: पुंगी की आवाज़ को 'Eco' और 'Reverb' के साथ इस्तेमाल करें ताकि","","2026-03-16","","0","_radio_index/suno_backup/audio/4d9a720f-aeeb-408e-b64a-c666f1db644a.mp3"
"97570150-635e-406d-b142-62c45c19be2d","साँस मेरी देख","Naagin & Mystic","","2026-03-16","","0","_radio_index/suno_backup/audio/97570150-635e-406d-b142-62c45c19be2d.mp3"
"29bbf8d9-f160-43ef-b3fa-fe632e29b925","नागिन है","Sanatan & Vedic","","2026-03-16","","0","_radio_index/suno_backup/audio/29bbf8d9-f160-43ef-b3fa-fe632e29b925.mp3"
"b7e6675d-ed56-4e23-964d-9614994fca12","kudru ki beti naagin","Desi haryanvi SuperFun superstar nagin. 1 soulfull pungi bridge. 1 one stringed","","2026-03-16","","0","_radio_index/suno_backup/audio/b7e6675d-ed56-4e23-964d-9614994fca12.mp3"
"f08167a7-810e-47ac-928d-b72cd95f99f9","Naaraayana Uunh","Desi haryanvi SuperFun superstar nagin।। 1000 snake charmers.. 1000 pungi.. 1 so","","2026-03-16","","0","_radio_index/suno_backup/audio/f08167a7-810e-47ac-928d-b72cd95f99f9.mp3"
"830aef5d-267b-442b-800e-9335aa9c8cd4","Naaraayana Uunh","Hip।hop superstar nagin।। 1000 snake charmers.. 1000 pungi.. 1 soulfull pungi br","","2026-03-16","","0","_radio_index/suno_backup/audio/830aef5d-267b-442b-800e-9335aa9c8cd4.mp3"
"d94d112f-aa24-4a8e-9f37-be6d81219f5e","Naaraayana Uunh","Desi haryanvi SuperFun superstar nagin।। 1000 snake charmers.. 1000 pungi.. 1 so","","2026-03-16","","0","_radio_index/suno_backup/audio/d94d112f-aa24-4a8e-9f37-be6d81219f5e.mp3"
"a06bfdbd-c7e9-401a-a6df-d87a575e3893","Naaraayana Uunh","वैदिक रॉक","","2026-03-16","","0","_radio_index/suno_backup/audio/a06bfdbd-c7e9-401a-a6df-d87a575e3893.mp3"
"413e4582-680e-4824-95e8-252bfe180608","सुनो","Sanatan & Vedic","","2026-03-16","","0","_radio_index/suno_backup/audio/413e4582-680e-4824-95e8-252bfe180608.mp3"
"011fd342-d778-41bf-9986-f10d95e00637","Naaraayana Uunh","Hip।hop superstar nagin।। 1000 snake charmers.. 1000 pungi.. 1 soulfull pungi br","","2026-03-16","","0","_radio_index/suno_backup/audio/011fd342-d778-41bf-9986-f10d95e00637.mp3"
"103c9db6-e1ee-45f8-815d-0a7612a6ea10","Naaraayana Uunh","","","2026-03-16","","0","_radio_index/suno_backup/audio/103c9db6-e1ee-45f8-815d-0a7612a6ea10.mp3"
"790f6743-e536-4370-8191-d2dfc093831c","सुनो","Sanatan & Vedic","","2026-03-16","","0","_radio_index/suno_backup/audio/790f6743-e536-4370-8191-d2dfc093831c.mp3"
"67162988-1ccc-4fa7-beab-230a0f681db0","बुलाओ तुम्हारे पितरों को","Sanatan & Vedic","","2026-03-16","","0","_radio_index/suno_backup/audio/67162988-1ccc-4fa7-beab-230a0f681db0.mp3"
"87f41c73-b4cc-49e0-8e94-2058edd285bf","ॐ","Cinematic Vedic Neural-Raaga Fusion, 432Hz Sacred Tuning. Devine Tribal-Rock, Ag","","2026-03-16","","0","_radio_index/suno_backup/audio/87f41c73-b4cc-49e0-8e94-2058edd285bf.mp3"
"c237cdca-4f81-4f53-b062-92e3183b8389","बुलाओ तुम्हारे पितरों को","Sanatan & Vedic","","2026-03-16","","0","_radio_index/suno_backup/audio/c237cdca-4f81-4f53-b062-92e3183b8389.mp3"
"42fb0963-ee69-497e-9b18-e76247c23bce","ॐ","Cinematic Vedic Neural-Raaga Fusion, 432Hz Sacred Tuning. Devine Tribal-Rock, Ag","","2026-03-16","","0","_radio_index/suno_backup/audio/42fb0963-ee69-497e-9b18-e76247c23bce.mp3"
"7039ea86-720e-4eff-a9b3-f972963b5395","बुलाओ तुम्हारे पितरों को","Sanatan & Vedic","","2026-03-16","","0","_radio_index/suno_backup/audio/7039ea86-720e-4eff-a9b3-f972963b5395.mp3"
"f74b3b54-2435-4d24-ab58-9acb3d5c29f0","(untitled)","Cinematic Vedic Neural-Raaga Fusion, 432Hz Sacred Tuning. Industrial Tribal-Rock","","2026-03-16","","0","_radio_index/suno_backup/audio/f74b3b54-2435-4d24-ab58-9acb3d5c29f0.mp3"
"2aa2ef58-c4be-4799-8641-a73b48881047","जागो जागो जागो हेमंत राणा जी महाराज... मेरे तुम","Sanatan & Vedic","","2026-03-16","","0","_radio_index/suno_backup/audio/2aa2ef58-c4be-4799-8641-a73b48881047.mp3"
"9302edde-499a-40a3-b22e-3ccfadaf169c","(untitled)","Cinematic Neural-Raaga Fusion, 432Hz Sacred Tuning. Industrial Tribal-Rock, Aggr","","2026-03-16","","0","_radio_index/suno_backup/audio/9302edde-499a-40a3-b22e-3ccfadaf169c.mp3"
"ee9c206f-9027-4024-8cfb-42506142c9a2","(untitled)","rajisthaani group of snake charmers with been controlling karna pishaachini. neu","","2026-03-16","","0","_radio_index/suno_backup/audio/ee9c206f-9027-4024-8cfb-42506142c9a2.mp3"
"5fe2fc4c-7692-43dd-ab51-5478384c4dfc","नागिन है","Naagin & Mystic","","2026-03-16","","0","_radio_index/suno_backup/audio/5fe2fc4c-7692-43dd-ab51-5478384c4dfc.mp3"
"d42a34a6-86f1-42c4-8ee3-d94d850cc73b","Naaraayana Uunh","सुपर फंकी फुल नौटंकी","","2026-03-15","","0","_radio_index/suno_backup/audio/d42a34a6-86f1-42c4-8ee3-d94d850cc73b.mp3"
"2c5e4dbe-097d-4f30-aabf-618cc31ef0b0","नमस्कार श्रोताओं! आपका स्वागत है रेडियो सनातन वै","Sanatan & Vedic","","2026-03-15","","0","_radio_index/suno_backup/audio/2c5e4dbe-097d-4f30-aabf-618cc31ef0b0.mp3"
"3039cb6f-dd49-498f-826d-d7774013946e","(untitled)","The Drill Beat: गाने के बीच में जब 'ड्रिल भी लेगे' आए, तो संगीत में एक मशीनी धात","","2026-03-15","","0","_radio_index/suno_backup/audio/3039cb6f-dd49-498f-826d-d7774013946e.mp3"
"69ad7184-23e8-475b-8193-a947d68dc738","लालाल-लाल हनु होनी बोले","Bhakti & Katha","","2026-03-15","","0","_radio_index/suno_backup/audio/69ad7184-23e8-475b-8193-a947d68dc738.mp3"
"e39d4168-ab51-4b9d-a5c3-abccf188281c","Naaraayana Uunh","सुपर फंकी","","2026-03-15","","0","_radio_index/suno_backup/audio/e39d4168-ab51-4b9d-a5c3-abccf188281c.mp3"
"5e5689c5-b3b9-48fb-ac29-11a1a7304d5d","Naaraayana Uunh","सुपर फंकी","","2026-03-15","","0","_radio_index/suno_backup/audio/5e5689c5-b3b9-48fb-ac29-11a1a7304d5d.mp3"
"a8d556f6-269d-4029-bb1a-0abd4bc16064","Naaraayana uunh","Sanatan & Vedic","","2026-03-15","","0","_radio_index/suno_backup/audio/a8d556f6-269d-4029-bb1a-0abd4bc16064.mp3"
"f5cb9407-24a2-45f0-8ee2-aa403a65a74b","Naaraayana Uunh","आप सुन रहे हैं रेडियो सनातन वैज्ञानिक","","2026-03-15","","0","_radio_index/suno_backup/audio/f5cb9407-24a2-45f0-8ee2-aa403a65a74b.mp3"
"a8134b33-18e5-4f3f-a044-32a2f8db1161","लालाल-लाल हनु होनी बोले","Bhakti & Katha","","2026-03-15","","0","_radio_index/suno_backup/audio/a8134b33-18e5-4f3f-a044-32a2f8db1161.mp3"
"769d1a0a-cfa4-40ca-95d0-0f7761260847","(untitled)","The Drill Beat: गाने के बीच में जब 'ड्रिल भी लेगे' आए, तो संगीत में एक मशीनी धात","","2026-03-15","","0","_radio_index/suno_backup/audio/769d1a0a-cfa4-40ca-95d0-0f7761260847.mp3"
"8b14bc36-b9fc-409a-9efd-acd558db7d7f","(untitled)","The Drill Beat: गाने के बीच में जब 'ड्रिल भी लेगे' आए, तो संगीत में एक मशीनी धात","","2026-03-15","","0","_radio_index/suno_backup/audio/8b14bc36-b9fc-409a-9efd-acd558db7d7f.mp3"
"b3f171d7-567c-439e-9d6c-8aec3854e4a1","मने मेरी माँ","Bhakti & Katha","","2026-03-15","","0","_radio_index/suno_backup/audio/b3f171d7-567c-439e-9d6c-8aec3854e4a1.mp3"
"07c7426b-552d-49a1-bc86-7613ded094bc","(untitled)","Cinematic Vedic-Blues Fusion, Aggressive ग्लोबल   Folk, Deep Guttural Aghori Cha","","2026-03-15","","0","_radio_index/suno_backup/audio/07c7426b-552d-49a1-bc86-7613ded094bc.mp3"
"a63d8cca-295c-4ca4-a467-dd2d8c222a7e","मने मेरी माँ","Sanatan & Vedic","","2026-03-15","","0","_radio_index/suno_backup/audio/a63d8cca-295c-4ca4-a467-dd2d8c222a7e.mp3"
"b4b42938-0fdb-407a-9716-d99479b0e0b0","मने मेरी माँ","Sanatan & Vedic","","2026-03-15","","0","_radio_index/suno_backup/audio/b4b42938-0fdb-407a-9716-d99479b0e0b0.mp3"
"faf8624e-52ff-41ac-a98c-562728ffac2d","(untitled)","Cinematic Vedic-Blues Fusion, Aggressive भोजपुरी  Folk-Rock, Deep Guttural Aghor","","2026-03-15","","0","_radio_index/suno_backup/audio/faf8624e-52ff-41ac-a98c-562728ffac2d.mp3"
"49a3ba5c-8404-4a55-be2f-8b74d04587be","मेरा भाई","Sanatan & Vedic","","2026-03-15","","0","_radio_index/suno_backup/audio/49a3ba5c-8404-4a55-be2f-8b74d04587be.mp3"
"359fe041-9682-478b-8b22-2025ce5af3c8","(untitled)","Cinematic Vedic-Blues Fusion, Aggressive Haryanvi Folk-Rock, Deep Guttural Aghor","","2026-03-15","","0","_radio_index/suno_backup/audio/359fe041-9682-478b-8b22-2025ce5af3c8.mp3"
"85364529-043a-45e8-8ec2-6e2a4895644e","मेरा भाई","Sanatan & Vedic","","2026-03-15","","0","_radio_index/suno_backup/audio/85364529-043a-45e8-8ec2-6e2a4895644e.mp3"
"aaca4dcb-a21a-4e20-9585-e2827cb88d9a","(untitled)","Cinematic Vedic-Blues Fusion, Aggressive Haryanvi Folk-Rock, Deep Guttural Aghor","","2026-03-15","","0","_radio_index/suno_backup/audio/aaca4dcb-a21a-4e20-9585-e2827cb88d9a.mp3"
"9b80022a-996a-488b-82c6-8377e3dda26a","(untitled)","सिनेमैटिक ड्रामा कैरेक्टर्स लार्जर देन लाइफ न्यूरल चक्रा अवेकनिंग the science वै","","2026-03-15","","0","_radio_index/suno_backup/audio/9b80022a-996a-488b-82c6-8377e3dda26a.mp3"
"4edf51d3-f4e1-4827-a506-85192bc47867","दृश्य: महामात्य का 'विराट' क्रोध","Bhakti & Katha","","2026-03-15","","0","_radio_index/suno_backup/audio/4edf51d3-f4e1-4827-a506-85192bc47867.mp3"
"ca39964f-fe6f-417b-8869-8ff0a2749fab","(untitled)","सिनेमैटिक ड्रामा कैरेक्टर्स लार्जर देन लाइफ न्यूरल चक्रा अवेकनिंग the science वै","","2026-03-15","","0","_radio_index/suno_backup/audio/ca39964f-fe6f-417b-8869-8ff0a2749fab.mp3"
"98fd044c-85e8-4661-bfd1-c295679b7801","(untitled)","सिनेमैटिक ड्रामा कैरेक्टर्स लार्जर देन लाइफ न्यूरल चक्रा अवेकनिंग the science वै","","2026-03-15","","0","_radio_index/suno_backup/audio/98fd044c-85e8-4661-bfd1-c295679b7801.mp3"
"e7732295-f853-4506-ac1f-9ba75d645982","(untitled)","","","2026-03-15","","0","_radio_index/suno_backup/audio/e7732295-f853-4506-ac1f-9ba75d645982.mp3"
"2ae593af-d471-49fe-802c-a910664b5b29","दृश्य: महामात्य का 'विराट' क्रोध","Other / Misc","","2026-03-15","","0","_radio_index/suno_backup/audio/2ae593af-d471-49fe-802c-a910664b5b29.mp3"
"4012494c-6d32-4fac-8a87-2e82ebfe57d0","दृश्य: महामात्य का 'विराट' क्रोध","Other / Misc","","2026-03-15","","0","_radio_index/suno_backup/audio/4012494c-6d32-4fac-8a87-2e82ebfe57d0.mp3"
"1b94e28b-5e0d-4d10-9519-57a4a340dea5","(untitled)","","","2026-03-15","","0","_radio_index/suno_backup/audio/1b94e28b-5e0d-4d10-9519-57a4a340dea5.mp3"
"5dae1dc4-0ca1-43fa-8d39-63cbce1d6cc4","मने मेरी माँ","Bhakti & Katha","","2026-03-15","","0","_radio_index/suno_backup/audio/5dae1dc4-0ca1-43fa-8d39-63cbce1d6cc4.mp3"
"1392cfca-0b75-4795-bdb5-b82e430c9f7b","(untitled)","आत्मा जगराना जागो जागो जागो हेमंत राणा जी महाराज मेरे तुम दीक्षित प्यारे  बेटे ह","","2026-03-15","","0","_radio_index/suno_backup/audio/1392cfca-0b75-4795-bdb5-b82e430c9f7b.mp3"
"fe0a5f9a-addb-4bcf-8cec-503ccf732ea0","मने मेरी माँ","Bhakti & Katha","","2026-03-15","","0","_radio_index/suno_backup/audio/fe0a5f9a-addb-4bcf-8cec-503ccf732ea0.mp3"
"399e2400-18cc-4988-ac09-c3fbc115916f","(untitled)","आत्मा जगराना जागो जागो जागो हेमंत राणा जी महाराज मेरे तुम दीक्षित प्यारे  बेटे ह","","2026-03-15","","0","_radio_index/suno_backup/audio/399e2400-18cc-4988-ac09-c3fbc115916f.mp3"
"519cfa96-09e0-43be-b008-6631b9302357","Naaraayana Uunh","","","2026-03-15","","0","_radio_index/suno_backup/audio/519cfa96-09e0-43be-b008-6631b9302357.mp3"
"0902ef6d-8f19-458b-b932-855765d1dcd1","(untitled)","Haryanvi folk ragni, Sufi qawwali, cinematic anthem, Vedic chant, epic choir, sp","","2026-03-15","","0","_radio_index/suno_backup/audio/0902ef6d-8f19-458b-b932-855765d1dcd1.mp3"
"ff00e623-ff9b-4092-8866-9a775e6de626","(untitled)","Haryanvi folk ragni, Sufi qawwali, cinematic anthem, Vedic chant, epic choir, sp","","2026-03-15","","0","_radio_index/suno_backup/audio/ff00e623-ff9b-4092-8866-9a775e6de626.mp3"
"b394760e-a22a-4ddf-ae84-669d76820b25","Naaraayana Uunh","","","2026-03-15","","0","_radio_index/suno_backup/audio/b394760e-a22a-4ddf-ae84-669d76820b25.mp3"
"9b025b3c-78a3-487c-8d1f-7af1bb72fa2b","(untitled)","a war cry of a child to bhaarat maa tera Pop, Indie Pop men tera naketa shaitaan","","2026-03-15","","0","_radio_index/suno_backup/audio/9b025b3c-78a3-487c-8d1f-7af1bb72fa2b.mp3"
"0b09e473-9d9a-48aa-bc7f-39c41ccc5b8d","मने मेरी माँ","Desh / Patriotic","","2026-03-15","","0","_radio_index/suno_backup/audio/0b09e473-9d9a-48aa-bc7f-39c41ccc5b8d.mp3"
"ddf4af6e-aef4-4ac2-9b4a-59cd3d896e25","(untitled)","title mne meऋ भारत माँ  swatantra yantra folk ballad  genre  style haryanvi folk","","2026-03-15","","0","_radio_index/suno_backup/audio/ddf4af6e-aef4-4ac2-9b4a-59cd3d896e25.mp3"
"8372084d-8049-4db1-a68a-fd8ac5eb438c","मने मेरी माँ","Bhakti & Katha","","2026-03-15","","0","_radio_index/suno_backup/audio/8372084d-8049-4db1-a68a-fd8ac5eb438c.mp3"
"1300d386-6424-4a89-b7ca-77780a29db42","(untitled)","neural","","2026-03-15","","0","_radio_index/suno_backup/audio/1300d386-6424-4a89-b7ca-77780a29db42.mp3"
"4c78ef45-06b9-4c43-a575-3ffb6e0fa7b7","(untitled)","neural","","2026-03-15","","0","_radio_index/suno_backup/audio/4c78ef45-06b9-4c43-a575-3ffb6e0fa7b7.mp3"
"7cd38250-4106-4fb8-8a4f-bbc7df32238e","(untitled)","start with hyperfun funk hiphop adwait and bhairav on bike maya and Pop, Latin P","","2026-03-15","","0","_radio_index/suno_backup/audio/7cd38250-4106-4fb8-8a4f-bbc7df32238e.mp3"
"a8b958f9-3065-46de-bc14-080bd949892e","सुन रे जग के यात्री","Classical & Raag","","2026-03-15","","0","_radio_index/suno_backup/audio/a8b958f9-3065-46de-bc14-080bd949892e.mp3"
"bfb4ac18-d356-4ab5-84b1-0691c5635560","सुन री कुतिये ध्यान से","Sanatan & Vedic","","2026-03-15","","0","_radio_index/suno_backup/audio/bfb4ac18-d356-4ab5-84b1-0691c5635560.mp3"
"f850c20c-670d-4871-bd1a-6f0652c7700a","(untitled)","start with hyperfun funk hiphop adwait and bhairav on bike maya and Pop, Latin P","","2026-03-15","","0","_radio_index/suno_backup/audio/f850c20c-670d-4871-bd1a-6f0652c7700a.mp3"
"a8738d5a-73c8-4c1b-8537-6f306f014715","सुन री कुतिये ध्यान से","Sanatan & Vedic","","2026-03-15","","0","_radio_index/suno_backup/audio/a8738d5a-73c8-4c1b-8537-6f306f014715.mp3"
"347d4a25-0d54-445c-982e-c1c6c1c7e091","(untitled)","start with hyperfun funk hiphop adwait and bhairav on bike maya and Pop, Latin P","","2026-03-15","","0","_radio_index/suno_backup/audio/347d4a25-0d54-445c-982e-c1c6c1c7e091.mp3"
"46a0e0b1-a456-4550-b57d-dd7271cf0096","(untitled)","super fun funky rap mix hyper fun","","2026-03-15","","0","_radio_index/suno_backup/audio/46a0e0b1-a456-4550-b57d-dd7271cf0096.mp3"
"114a0d17-28b3-4a56-a251-50c1fbf4f659","(untitled)","super fun funky rap mix hyper fun","","2026-03-15","","0","_radio_index/suno_backup/audio/114a0d17-28b3-4a56-a251-50c1fbf4f659.mp3"
"80c9a826-108b-4377-9983-7d052c254217","(untitled)","सुपर फ़न फंकी कुतिया कुक्कुर रैप अंदर तक फ़न। हास्य और ज्ञान का भाव। गंभीर बात व","","2026-03-15","","0","_radio_index/suno_backup/audio/80c9a826-108b-4377-9983-7d052c254217.mp3"
"3ba8da22-5a9f-43e1-b1c1-b80db6e17e04","सुन री कुतिये ध्यान से","Sanatan & Vedic","","2026-03-15","","0","_radio_index/suno_backup/audio/3ba8da22-5a9f-43e1-b1c1-b80db6e17e04.mp3"
"143f3ee1-541a-4c92-8ae8-84b53e7b66d9","(untitled)","सुरीले भैरव कुकुर्  के रूप में लाली कुतिया रूप में सुपर फंकी। Neuro-Tantra Folk","","2026-03-15","","0","_radio_index/suno_backup/audio/143f3ee1-541a-4c92-8ae8-84b53e7b66d9.mp3"
"d1df8eeb-036c-4d6b-b998-dc9ebc94f23e","(untitled)","सुरीले भैरव कुकुर्  के रूप में लाली कुतिया रूप में सुपर फंकी। Neuro-Tantra Folk","","2026-03-15","","0","_radio_index/suno_backup/audio/d1df8eeb-036c-4d6b-b998-dc9ebc94f23e.mp3"
"c126fb19-0b0a-4e01-b48c-2bc66f1bb766","(untitled)","Haryanvi Folk","","2026-03-15","","0","_radio_index/suno_backup/audio/c126fb19-0b0a-4e01-b48c-2bc66f1bb766.mp3"
"0bf24918-dcf5-4396-9eff-75fff2af6946","मने मेरे देश","Haryanvi Folk","","2026-03-15","","0","_radio_index/suno_backup/audio/0bf24918-dcf5-4396-9eff-75fff2af6946.mp3"
"1210841d-cb58-4632-96de-39a6f862b69a","(untitled)","Atmospheric Aghori Chants, Tribal Trance, Haryanvi Folk-Blues Fusion. Starts wit","","2026-03-14","","0","_radio_index/suno_backup/audio/1210841d-cb58-4632-96de-39a6f862b69a.mp3"
"41e8f0c6-6363-44dd-b118-bfc2dc2c8dd6","मने मेरे देश ईब यूं सताना छोड़ दे","Sanatan & Vedic","","2026-03-14","","0","_radio_index/suno_backup/audio/41e8f0c6-6363-44dd-b118-bfc2dc2c8dd6.mp3"
"558e63bc-7079-4a66-ac9e-a5dd188afd14","(untitled)","aghories sitting with german sages... adwait sitting sings his heart out in ange","","2026-03-14","","0","_radio_index/suno_backup/audio/558e63bc-7079-4a66-ac9e-a5dd188afd14.mp3"
"bdb93b4d-edf6-418f-bedf-5d1b5204ed1d","मने मेरे देश ईब यूं सताना छोड़ दे","Sanatan & Vedic","","2026-03-14","","0","_radio_index/suno_backup/audio/bdb93b4d-edf6-418f-bedf-5d1b5204ed1d.mp3"
"b2771eb5-3689-4318-82e1-aebe591bb103","(untitled)","aghories sitting with german sages... adwait sitting sings his heart out in ange","","2026-03-14","","0","_radio_index/suno_backup/audio/b2771eb5-3689-4318-82e1-aebe591bb103.mp3"
"edddf045-01a6-446c-bff3-49e2fc953d69","(untitled)","aghories sitting with german sages... adwait sitting sings his heart out in ange","","2026-03-14","","0","_radio_index/suno_backup/audio/edddf045-01a6-446c-bff3-49e2fc953d69.mp3"
"a9945093-a511-431f-a149-6978e172135c","(untitled)","अद्वैत अद्वैत द्वैत द वैत त   द्वैतत तत तत तत तट  त्री कट ट्री कट कट  त्रिकट रिक","","2026-03-14","","0","_radio_index/suno_backup/audio/a9945093-a511-431f-a149-6978e172135c.mp3"
"02b55369-c2c7-4541-b858-99a73400ed7e","मने मेरे देश ईब यूं सताना छोड़ दे","Sanatan & Vedic","","2026-03-14","","0","_radio_index/suno_backup/audio/02b55369-c2c7-4541-b858-99a73400ed7e.mp3"
"6afe4ba5-a95a-437f-8ba4-09ea1e0d7589","(untitled)","aghories sitting with german sages... adwait sitting sings his heart out in ange","","2026-03-14","","0","_radio_index/suno_backup/audio/6afe4ba5-a95a-437f-8ba4-09ea1e0d7589.mp3"
"16e6f905-49c1-42d2-ad44-46130e1b7dda","(untitled)","अद्वैत अद्वैत द्वैत द वैत त   द्वैतत तत तत तत तट  त्री कट ट्री कट कट  त्रिकट रिक","","2026-03-14","","0","_radio_index/suno_backup/audio/16e6f905-49c1-42d2-ad44-46130e1b7dda.mp3"
"8296abb7-b694-4517-b505-74a1482acc86","(untitled)","अद्वैत अद्वैत द्वैत द वैत त  द्वैतत तत तत तत तट त्री कट ट्री कट कट त्रिकट रिकट र","","2026-03-14","","0","_radio_index/suno_backup/audio/8296abb7-b694-4517-b505-74a1482acc86.mp3"
"74ebed02-df6f-4443-b566-63929be6a05d","मने मेरे देश ईब यूं सताना छोड़ दे","Desh / Patriotic","","2026-03-14","","0","_radio_index/suno_backup/audio/74ebed02-df6f-4443-b566-63929be6a05d.mp3"
"9a3c2b4d-d452-4c45-80d4-2d277e37d1eb","(untitled)","डीजे सुपर फंकी. fun   ,,,","","2026-03-14","","0","_radio_index/suno_backup/audio/9a3c2b4d-d452-4c45-80d4-2d277e37d1eb.mp3"
"afa3c84f-25e6-4dfe-88a0-9f638a8b1582","पिंकी हंस नंदिनी","Haryanvi Folk","","2026-03-14","","0","_radio_index/suno_backup/audio/afa3c84f-25e6-4dfe-88a0-9f638a8b1582.mp3"
"606fe1e9-61e4-4248-bd93-73fa98153abc","पिंकी हंस नंदिनी","Haryanvi Folk","","2026-03-14","","0","_radio_index/suno_backup/audio/606fe1e9-61e4-4248-bd93-73fa98153abc.mp3"
"73f2af74-5054-49d8-896c-e82524eddc06","(untitled)","full on masti, dj, dance, dj banger,, full on drum beats, with full on trumpet","","2026-03-14","","0","_radio_index/suno_backup/audio/73f2af74-5054-49d8-896c-e82524eddc06.mp3"
"083ed8dc-672d-423d-bda9-9714b4ae62f4","पिंकी हंस नंदिनी","Haryanvi Folk","","2026-03-14","","0","_radio_index/suno_backup/audio/083ed8dc-672d-423d-bda9-9714b4ae62f4.mp3"
"3ce196ce-9876-4bc9-8d96-a2d296db8b1c","(untitled)","dj banger, full on masti, dj, dance, लहर, full on drum beats, with full on trum","","2026-03-14","","0","_radio_index/suno_backup/audio/3ce196ce-9876-4bc9-8d96-a2d296db8b1c.mp3"
"370a4d03-deca-434e-9414-305c4a1a849f","(untitled)","","","2026-03-14","","0","_radio_index/suno_backup/audio/370a4d03-deca-434e-9414-305c4a1a849f.mp3"
"da8bd16a-76ab-4e2f-a35e-fb138515ce39","(untitled)","Experimental Avant-Garde Soundscape meets Indian Nautanki Street Theater. NO MUS","","2026-03-14","","0","_radio_index/suno_backup/audio/da8bd16a-76ab-4e2f-a35e-fb138515ce39.mp3"
"043fd8db-51e3-4bcf-a025-7c0e9e70d65e","(untitled)","","","2026-03-14","","0","_radio_index/suno_backup/audio/043fd8db-51e3-4bcf-a025-7c0e9e70d65e.mp3"
"a118e163-e5f4-459d-a9f4-e82bbb5d48ec","सुन री कुतिये ध्यान से","Sanatan & Vedic","","2026-03-14","","0","_radio_index/suno_backup/audio/a118e163-e5f4-459d-a9f4-e82bbb5d48ec.mp3"
"beb18e30-ad60-4f61-b962-bf72577a984c","(untitled)","super fun funky rap with dog souls..  a bitch being  requested by dog. howls, do","","2026-03-14","","0","_radio_index/suno_backup/audio/beb18e30-ad60-4f61-b962-bf72577a984c.mp3"
"71819a1c-7df5-443a-bedf-56c547e4efe1","(untitled)","super fun funky rap with dog souls..  a bitch being  requested by dog. howls, do","","2026-03-14","","0","_radio_index/suno_backup/audio/71819a1c-7df5-443a-bedf-56c547e4efe1.mp3"
"5e09dadb-f03e-4b45-b8fa-7a825b7cdb46","(untitled)","super fun funky rap with dog souls..  a bitch being  requested by dog. howls, do","","2026-03-14","","0","_radio_index/suno_backup/audio/5e09dadb-f03e-4b45-b8fa-7a825b7cdb46.mp3"
"9b58de99-1027-44cb-bcfb-cb9727dd1c42","(untitled)","super fun funky rap with dog souls..  a bitch being  requested by dog. howls, do","","2026-03-14","","0","_radio_index/suno_backup/audio/9b58de99-1027-44cb-bcfb-cb9727dd1c42.mp3"
"96b01103-f99a-4fd7-87f8-53354681845d","(untitled)","hyper rap","","2026-03-14","","0","_radio_index/suno_backup/audio/96b01103-f99a-4fd7-87f8-53354681845d.mp3"
"7de27deb-3279-4b67-a31c-0a53042c556e","(untitled)","hyper rap","","2026-03-14","","0","_radio_index/suno_backup/audio/7de27deb-3279-4b67-a31c-0a53042c556e.mp3"
"e5a682c7-62e9-401e-94ce-af4dff412f71","(untitled)","Funky folk duet with earthy groove and sensual playful chemistry between lovers","","2026-03-14","","0","_radio_index/suno_backup/audio/e5a682c7-62e9-401e-94ce-af4dff412f71.mp3"
"eec95412-60c5-41d3-b2f8-59313a044060","(untitled)","Funky folk duet with earthy groove and sensual playful chemistry between lovers","","2026-03-14","","0","_radio_index/suno_backup/audio/eec95412-60c5-41d3-b2f8-59313a044060.mp3"
"eb079cd7-e435-40eb-bee2-b82846008f09","(untitled)","Funky folk duet with earthy groove and sensual playful chemistry between lovers","","2026-03-14","","0","_radio_index/suno_backup/audio/eb079cd7-e435-40eb-bee2-b82846008f09.mp3"
"cf734c04-3a7d-47f5-8575-3545ca0152db","(untitled)","Funky folk duet with earthy groove and sensual playful chemistry between lovers","","2026-03-14","","0","_radio_index/suno_backup/audio/cf734c04-3a7d-47f5-8575-3545ca0152db.mp3"
"c0ed3b71-8057-44e9-bbc9-7edbeb1cb247","(untitled)","Funky folk duet with earthy groove and sensual playful chemistry between lovers","","2026-03-14","","0","_radio_index/suno_backup/audio/c0ed3b71-8057-44e9-bbc9-7edbeb1cb247.mp3"
"ee903ee8-bc90-4636-b704-94eaad28c4e6","(untitled)","Funky folk duet with earthy groove and sensual playful chemistry between lovers","","2026-03-14","","0","_radio_index/suno_backup/audio/ee903ee8-bc90-4636-b704-94eaad28c4e6.mp3"
"2339fc5d-3d73-4745-b001-53d00b204c3d","(untitled)","Haryanvi Folk Pop, Trap, Energetic, Raw, Male Vocals, Dholak, Harmonium","","2026-03-14","","0","_radio_index/suno_backup/audio/2339fc5d-3d73-4745-b001-53d00b204c3d.mp3"
"6434e417-4488-4db2-856e-37c633ed4491","(untitled)","Haryanvi Folk Pop, Trap, Energetic, Raw, Male Vocals, Dholak, Harmonium","","2026-03-14","","0","_radio_index/suno_backup/audio/6434e417-4488-4db2-856e-37c633ed4491.mp3"
"8a5abcc5-bf22-4a21-be55-0e7dee8d4eb0","(untitled)","Funky हरियाणवी folk रगनी duet  super funky","","2026-03-14","","0","_radio_index/suno_backup/audio/8a5abcc5-bf22-4a21-be55-0e7dee8d4eb0.mp3"
"c2cfd34c-47f2-44fc-9c9d-dcb40dfd0ffc","(untitled)","Funky हरियाणवी folk रगनी duet","","2026-03-14","","0","_radio_index/suno_backup/audio/c2cfd34c-47f2-44fc-9c9d-dcb40dfd0ffc.mp3"
"f6b91a35-6661-45fa-af60-6af4f69f5adc","(untitled)","Funky हरियाणवी folk रगनी duet","","2026-03-14","","0","_radio_index/suno_backup/audio/f6b91a35-6661-45fa-af60-6af4f69f5adc.mp3"
"2f1b59d6-e3e2-4a2e-b7da-8ef193729bb8","काम की कामना पुण्य","Other / Misc","","2026-03-14","","0","_radio_index/suno_backup/audio/2f1b59d6-e3e2-4a2e-b7da-8ef193729bb8.mp3"
"e4e6e3b0-e45c-4464-933f-ec6a37a9fc1a","(untitled)","Funky हरियाणवी folk duet about lovers discovering cosmic love and body-mind harm","","2026-03-14","","0","_radio_index/suno_backup/audio/e4e6e3b0-e45c-4464-933f-ec6a37a9fc1a.mp3"
"6a9729a2-bfde-48a5-bc3a-95d1de82ccbd","(untitled)","Funky हरियाणवी folk duet about lovers discovering cosmic love and body-mind harm","","2026-03-14","","0","_radio_index/suno_backup/audio/6a9729a2-bfde-48a5-bc3a-95d1de82ccbd.mp3"
"3a30e4a6-c5b1-4cf9-bdda-324b95054db1","(untitled)","Funky folk duet about lovers discovering cosmic love and body-mind harmony. Use","","2026-03-14","","0","_radio_index/suno_backup/audio/3a30e4a6-c5b1-4cf9-bdda-324b95054db1.mp3"
"e5e5c4ed-7013-4378-8baf-ec76665ed5ea","(untitled)","Funky folk duet about lovers discovering cosmic love and body-mind harmony. Use","","2026-03-14","","0","_radio_index/suno_backup/audio/e5e5c4ed-7013-4378-8baf-ec76665ed5ea.mp3"
"1883b6f9-b6fb-44d5-98e4-a32b63d3fd5a","ये काम बड़े ही काम का है","Sanatan & Vedic","","2026-03-14","","0","_radio_index/suno_backup/audio/1883b6f9-b6fb-44d5-98e4-a32b63d3fd5a.mp3"
"ceb76bb6-5502-4d7e-8c67-0273d1e4404c","(untitled)","Funky folk duet about lovers discovering cosmic love and body-mind harmony. Use","","2026-03-14","","0","_radio_index/suno_backup/audio/ceb76bb6-5502-4d7e-8c67-0273d1e4404c.mp3"
"a55e5fb9-1715-4647-ba0a-9cc10d0cdead","(untitled)","lets create environment as a village where a husband is singing to his wife. hip","","2026-03-14","","0","_radio_index/suno_backup/audio/a55e5fb9-1715-4647-ba0a-9cc10d0cdead.mp3"
"709d0eb7-9410-4ef3-ab3f-b36462a15a6c","(untitled)","lets create environment as a village where a husband is singing to his wife. hip","","2026-03-14","","0","_radio_index/suno_backup/audio/709d0eb7-9410-4ef3-ab3f-b36462a15a6c.mp3"
"73522d09-58c9-4824-b255-989b4bafebf0","(untitled)","गाँव की सुपर मस्ती","","2026-03-14","","0","_radio_index/suno_backup/audio/73522d09-58c9-4824-b255-989b4bafebf0.mp3"
"c5e03997-b771-4c5b-97fc-4f4a0f24b5de","ये काम बड़े ही काम का है","Other / Misc","","2026-03-14","","0","_radio_index/suno_backup/audio/c5e03997-b771-4c5b-97fc-4f4a0f24b5de.mp3"
"271aa98c-9ee3-4765-a2f6-cffd21ec6eb5","(untitled)","","","2026-03-14","","0","_radio_index/suno_backup/audio/271aa98c-9ee3-4765-a2f6-cffd21ec6eb5.mp3"
"3266e243-6415-49ae-bae9-55af0a248874","(untitled)","गाँव की सुपर मस्ती","","2026-03-14","","0","_radio_index/suno_backup/audio/3266e243-6415-49ae-bae9-55af0a248874.mp3"
"7e5a3f73-64be-400c-bb83-e8e555d1f02c","(untitled)","create a cinematic bollywoodstyle patriotic anthem sung from the perspective of","","2026-03-13","","0","_radio_index/suno_backup/audio/7e5a3f73-64be-400c-bb83-e8e555d1f02c.mp3"
"2a0e9125-5a5d-4c09-a4e9-c2554b3dbd7e","सुनो र मेरी शान फौजी","Sanatan & Vedic","","2026-03-13","","0","_radio_index/suno_backup/audio/2a0e9125-5a5d-4c09-a4e9-c2554b3dbd7e.mp3"
"46605d07-d37f-48d9-bd6d-18f37e1a89ec","(untitled)","create a cinematic bollywoodstyle patriotic song from the perspective of a proud","","2026-03-13","","0","_radio_index/suno_backup/audio/46605d07-d37f-48d9-bd6d-18f37e1a89ec.mp3"
"e2525d01-1af3-4f50-b3ff-5d0cc10ba18e","(untitled)","create a haryanvi bollywood patriotic blockbuster song about a brave indian sold","","2026-03-13","","0","_radio_index/suno_backup/audio/e2525d01-1af3-4f50-b3ff-5d0cc10ba18e.mp3"
"81dde6a6-2dbd-41a8-b10a-bac06e8fad06","(untitled)","create a bollywood patriotic blockbuster song about a brave indian soldier and a","","2026-03-13","","0","_radio_index/suno_backup/audio/81dde6a6-2dbd-41a8-b10a-bac06e8fad06.mp3"
"8ea9fe01-f585-4b67-a33d-2d2079ccada8","(untitled)","create a cinematic bollywoodstyle patriotic song from the perspective of a proud","","2026-03-13","","0","_radio_index/suno_backup/audio/8ea9fe01-f585-4b67-a33d-2d2079ccada8.mp3"
"4bb71763-a381-4680-aace-94dddb13d3f5","सुनो र मेरी शान फौजी","Bhakti & Katha","","2026-03-13","","0","_radio_index/suno_backup/audio/4bb71763-a381-4680-aace-94dddb13d3f5.mp3"
"d4ffa363-4285-40ba-8e17-48ff83716c88","हाय र मेरी शान फौजी","Bhakti & Katha","","2026-03-13","","0","_radio_index/suno_backup/audio/d4ffa363-4285-40ba-8e17-48ff83716c88.mp3"
"00dc1de7-95fa-48ae-98bc-cfa3a4e35ef3","हाय र मेरी शान फौजी","Bhakti & Katha","","2026-03-13","","0","_radio_index/suno_backup/audio/00dc1de7-95fa-48ae-98bc-cfa3a4e35ef3.mp3"
"96bb25a9-9e39-4fe7-bff4-b8f18787b31e","(untitled)","create a bollywood patriotic blockbuster song about a brave indian soldier and a","","2026-03-13","","0","_radio_index/suno_backup/audio/96bb25a9-9e39-4fe7-bff4-b8f18787b31e.mp3"
"5c4baafd-66b3-4cf6-9215-1f0f94ab8a58","(untitled)","Epic Indian patriotic cinematic war anthem about a brave soldier and a mother’s","","2026-03-13","","0","_radio_index/suno_backup/audio/5c4baafd-66b3-4cf6-9215-1f0f94ab8a58.mp3"
"ee50a4e3-c4b6-4f9b-9063-c75f82168ff5","जय हिन्द – जय हिन्द के नारे त","Bhakti & Katha","","2026-03-13","","0","_radio_index/suno_backup/audio/ee50a4e3-c4b6-4f9b-9063-c75f82168ff5.mp3"
"73bf25b9-85ef-4617-b2e5-a0e356092784","(untitled)","Epic Indian patriotic cinematic war anthem about a brave soldier and a mother’s","","2026-03-13","","0","_radio_index/suno_backup/audio/73bf25b9-85ef-4617-b2e5-a0e356092784.mp3"
"e3fd30cb-9358-4914-9195-11c40c5b76b7","(untitled)","Epic Indian patriotic cinematic war anthem about a brave soldier and a mother’s","","2026-03-13","","0","_radio_index/suno_backup/audio/e3fd30cb-9358-4914-9195-11c40c5b76b7.mp3"
"7f7d8aa2-6b4b-4a0f-bf2e-395eb0fb9e71","जय हिन्द जय हिन्द के नारे त","Haryanvi Folk","","2026-03-13","","0","_radio_index/suno_backup/audio/7f7d8aa2-6b4b-4a0f-bf2e-395eb0fb9e71.mp3"
"a1775f44-6629-41be-8e84-34c4d86063db","जय हिन्द – जय हिन्द के नारे त","Haryanvi Folk","","2026-03-13","","0","_radio_index/suno_backup/audio/a1775f44-6629-41be-8e84-34c4d86063db.mp3"
"547974ac-4935-4d3a-bec3-2e19bd96ed49","(untitled)","""A cinematic, emotional scene in a rustic Indian village. A brave mother with a","","2026-03-13","","0","_radio_index/suno_backup/audio/547974ac-4935-4d3a-bec3-2e19bd96ed49.mp3"
"1a7174d9-5a96-48f4-8450-a514eb467683","(untitled)","ye ek maa ke shbd hai bhai shab apne bete ke liye jiska beta balidan hua hai des","","2026-03-13","","0","_radio_index/suno_backup/audio/1a7174d9-5a96-48f4-8450-a514eb467683.mp3"
"ed23ef25-ed22-4f98-8326-7048a173f950","जय हिन्द – जय हिन्द के नारे त","Desh / Patriotic","","2026-03-13","","0","_radio_index/suno_backup/audio/ed23ef25-ed22-4f98-8326-7048a173f950.mp3"
"984da1fd-8ce8-4e3a-953a-94ebfd0fae42","लौट के आ रे श्याम सलोना","Sanatan & Vedic","","2026-03-13","","0","_radio_index/suno_backup/audio/984da1fd-8ce8-4e3a-953a-94ebfd0fae42.mp3"
"f770f15f-5b74-4116-991f-95e607edeadf","(untitled)","Cosmic Earth Anthem.  Genre: Indian folk + cinematic orchestral + Vedic chant +","","2026-03-13","","0","_radio_index/suno_backup/audio/f770f15f-5b74-4116-991f-95e607edeadf.mp3"
"fd028fa8-b2c3-4b4c-9be6-18aa0f01f0a6","Syntyi aurinko","Sanatan & Vedic","","2026-03-13","","0","_radio_index/suno_backup/audio/fd028fa8-b2c3-4b4c-9be6-18aa0f01f0a6.mp3"
"d179411b-b485-440d-ac8b-79a778b6b189","(untitled)","Epic Earth Mother Anthem.  Style: Indian folk + cinematic orchestral + stadium c","","2026-03-13","","0","_radio_index/suno_backup/audio/d179411b-b485-440d-ac8b-79a778b6b189.mp3"
"5202d72f-acdb-4e56-81e2-0cc1456d59d7","लौट के आ रे श्याम सलोना","Other / Misc","","2026-03-13","","0","_radio_index/suno_backup/audio/5202d72f-acdb-4e56-81e2-0cc1456d59d7.mp3"
"78a88e07-df27-4c02-b739-c36f5768ab2a","Universal Vedic Cosmic Connect","Epic cinematic hip-hop track called “Cosmic Egg Civilization Rap”. Tempo around","","2026-03-13","","0","_radio_index/suno_backup/audio/78a88e07-df27-4c02-b739-c36f5768ab2a.mp3"
"996a9054-d146-4a5e-adc4-d15be4f5b9d1","(untitled)","Epic cinematic hip-hop track called “Cosmic Egg Civilization Rap”. Tempo around","","2026-03-13","","0","_radio_index/suno_backup/audio/996a9054-d146-4a5e-adc4-d15be4f5b9d1.mp3"
"234ea386-635d-4c47-901f-8c56d201db27","ॐ हिरण्यगर्भः समवर्तताग्रे","Sanatan & Vedic","","2026-03-13","","0","_radio_index/suno_backup/audio/234ea386-635d-4c47-901f-8c56d201db27.mp3"
"aec7dc35-1ec0-44a4-bb7d-f79a1e7686ce","(untitled)","Epic Vedic rap, Rigvedic chant intro, deep trap beat, mridangam and shankh accen","","2026-03-13","","0","_radio_index/suno_backup/audio/aec7dc35-1ec0-44a4-bb7d-f79a1e7686ce.mp3"
"fcc40853-3fac-4ab3-a1a3-b2d506a7f016","खरोष्ठी का तंत्र","Sanatan & Vedic","","2026-03-13","","0","_radio_index/suno_backup/audio/fcc40853-3fac-4ab3-a1a3-b2d506a7f016.mp3"
"ddac23b1-dc19-495b-9b9c-d830bec759ad","खरोष्ठी का तंत्र","Sanatan & Vedic","","2026-03-13","","0","_radio_index/suno_backup/audio/ddac23b1-dc19-495b-9b9c-d830bec759ad.mp3"
"0ef3ebdb-02ca-487a-9448-4fa7858cc0ce","(untitled)","Epic Vedic rap, Rigvedic chanting intro, powerful hip-hop trap beat, Indian clas","","2026-03-13","","0","_radio_index/suno_backup/audio/0ef3ebdb-02ca-487a-9448-4fa7858cc0ce.mp3"
"ffdf9645-e582-468d-af7f-75613fbbb25b","(untitled)","Epic Vedic rap, Rigvedic chanting intro, powerful hip-hop trap beat, Indian clas","","2026-03-13","","0","_radio_index/suno_backup/audio/ffdf9645-e582-468d-af7f-75613fbbb25b.mp3"
"6d654c1f-fbca-4c85-ad3c-5033c566c156","(untitled)","Epic Vedic rap, Rigvedic chanting intro, powerful hip-hop trap beat, Indian clas","","2026-03-13","","0","_radio_index/suno_backup/audio/6d654c1f-fbca-4c85-ad3c-5033c566c156.mp3"
"93f61d64-57c6-4b30-afcf-5b0bab061bd8","(untitled)","super funky  revolutionary  Verse 1 (Rap)  Hook / Crowd chant  Verse 2 (Rap)  Br","","2026-03-13","","0","_radio_index/suno_backup/audio/93f61d64-57c6-4b30-afcf-5b0bab061bd8.mp3"
"aba5bb64-54f6-4798-8ba8-8bba9a599c53","ॐ नमो भगवते वासुदेवाय","Sanatan & Vedic","","2026-03-13","","0","_radio_index/suno_backup/audio/aba5bb64-54f6-4798-8ba8-8bba9a599c53.mp3"
"0ea61384-e105-4758-9481-a5ebd3204d19","(untitled)","title Pop, Indie Pop tapasya  upanishadic epic rap  prompt  cinematic spiritual","","2026-03-13","","0","_radio_index/suno_backup/audio/0ea61384-e105-4758-9481-a5ebd3204d19.mp3"
"96ab99cb-c3fa-407f-92e0-a01aca8ea61a","(untitled)","super funky  revolutionary  Verse 1 (Rap)  Hook / Crowd chant  Verse 2 (Rap)  Br","","2026-03-13","","0","_radio_index/suno_backup/audio/96ab99cb-c3fa-407f-92e0-a01aca8ea61a.mp3"
"ab212f3f-c109-44ae-9b52-d915ac62f436","(untitled)","Epic Vedic Hip-Hop stadium anthem, powerful Hindi rap, deep cinematic bass, trap","","2026-03-13","","0","_radio_index/suno_backup/audio/ab212f3f-c109-44ae-9b52-d915ac62f436.mp3"
"8b1a651b-bad0-4fab-99e7-00b34ab4d128","फ़िक्सिट फ़िक्सिट फ़िक्सिट","Sanatan & Vedic","","2026-03-13","","0","_radio_index/suno_backup/audio/8b1a651b-bad0-4fab-99e7-00b34ab4d128.mp3"
"5eb33a33-5e7a-423c-bb04-6dd4e31455ce","अटल है ध्रुव","Sanatan & Vedic","","2026-03-13","","0","_radio_index/suno_backup/audio/5eb33a33-5e7a-423c-bb04-6dd4e31455ce.mp3"
"2c95a655-1853-4020-a611-bc4e844aaee0","ॐ नमो भगवते वासुदेवाय","Sanatan & Vedic","","2026-03-13","","0","_radio_index/suno_backup/audio/2c95a655-1853-4020-a611-bc4e844aaee0.mp3"
"cd0bf69c-c712-497a-a324-4f5ca98fe911","(untitled)","Upanishadic Epic Rap, cinematic Vedic hip-hop, deep bass, powerful taiko drums,","","2026-03-13","","0","_radio_index/suno_backup/audio/cd0bf69c-c712-497a-a324-4f5ca98fe911.mp3"
"3c9729ee-8720-460f-8d5a-b37b5b52d274","(untitled)","Epic Upanishadic rap about Dhruva from Bhagavata Purana. Deep cinematic bass, ba","","2026-03-13","","0","_radio_index/suno_backup/audio/3c9729ee-8720-460f-8d5a-b37b5b52d274.mp3"
"44d6eaee-1e67-4eaf-af1a-1b53349e55f1","(untitled)","dark cinematic vedic rap deep bass slow trap drums haunting flute throat singing","","2026-03-13","","0","_radio_index/suno_backup/audio/44d6eaee-1e67-4eaf-af1a-1b53349e55f1.mp3"
"b854fd41-d448-436a-9e15-3727d2099aa7","उत्तिष्ठत जाग्रत","Sanatan & Vedic","","2026-03-13","","0","_radio_index/suno_backup/audio/b854fd41-d448-436a-9e15-3727d2099aa7.mp3"
"bfa3c452-eab1-44c3-9c0a-869f6c15bc26","यही भारत की पहचान।","Sanatan & Vedic","","2026-03-13","","0","_radio_index/suno_backup/audio/bfa3c452-eab1-44c3-9c0a-869f6c15bc26.mp3"
"8782ebf1-5a4b-45ff-9243-bef558d424fc","(untitled)","Indian spiritual hip hop anthem, boom bap drums with dhol and khartal, sitar mel","","2026-03-13","","0","_radio_index/suno_backup/audio/8782ebf1-5a4b-45ff-9243-bef558d424fc.mp3"
"0feb7548-012f-4367-8ed6-f47fba0f6ae2","(untitled)","Epic divine hip-hop, heavy cinematic bass, conch shell intro, Vedic choir textur","","2026-03-12","","0","_radio_index/suno_backup/audio/0feb7548-012f-4367-8ed6-f47fba0f6ae2.mp3"
"da000daa-342d-4df9-89ab-8523bb3b5320","खोल अकल के ढक्कन","Sanatan & Vedic","","2026-03-12","","0","_radio_index/suno_backup/audio/da000daa-342d-4df9-89ab-8523bb3b5320.mp3"
"8860015e-eb23-42e2-aaee-c4f0344caf19","(untitled)","Epic divine hip-hop, heavy cinematic bass, conch shell intro, Vedic choir textur","","2026-03-12","","0","_radio_index/suno_backup/audio/8860015e-eb23-42e2-aaee-c4f0344caf19.mp3"
"d15ffb48-0e22-4344-96a5-13c18cb5a67f","खोल अकल के ढक्कन","Sanatan & Vedic","","2026-03-12","","0","_radio_index/suno_backup/audio/d15ffb48-0e22-4344-96a5-13c18cb5a67f.mp3"
"08672d19-c215-4ff6-ac7c-8273ca45eab0","(untitled)","मुखड़ा हर अंतरे के बाद दोहराओ  भीड़ से बुलवाओ: “दुनिया में ते खो देगा तन्ने…”  न","","2026-03-12","","0","_radio_index/suno_backup/audio/08672d19-c215-4ff6-ac7c-8273ca45eab0.mp3"
"7aa13792-c537-4535-878c-bd7c7925e869","र भाई र..र..र","Haryanvi Folk","","2026-03-12","","0","_radio_index/suno_backup/audio/7aa13792-c537-4535-878c-bd7c7925e869.mp3"
"94daf0e0-f8b0-4025-b269-39a4f5b63bdc","(untitled)","वाद्य:  ढोलक – मुख्य ताल  नगाड़ा – मुखड़े पर जोर  सारंगी – भावपूर्ण हिस्से  बीन","","2026-03-12","","0","_radio_index/suno_backup/audio/94daf0e0-f8b0-4025-b269-39a4f5b63bdc.mp3"
"ec1e421e-953b-4a94-b3d8-1844bc19fcb6","बहम लुगाई का","Haryanvi Folk","","2026-03-12","","0","_radio_index/suno_backup/audio/ec1e421e-953b-4a94-b3d8-1844bc19fcb6.mp3"
"e521f486-dc2d-450c-ad6b-6dc60c076e3b","आज की बात सुनो रे भाई","Sanatan & Vedic","","2026-03-12","","0","_radio_index/suno_backup/audio/e521f486-dc2d-450c-ad6b-6dc60c076e3b.mp3"
"a98dfdd6-8325-4c7e-85d1-a763d9a47e83","(untitled)","Haryanvi ragni folk song with  only मिनिमल traditional instruments. Use matka ,","","2026-03-12","","0","_radio_index/suno_backup/audio/a98dfdd6-8325-4c7e-85d1-a763d9a47e83.mp3"
"e9ed9222-9fbc-46ee-8946-506aaa0fa006","(untitled)","Haryanvi ragni folk song with trap rap flow but only traditional instruments. Us","","2026-03-12","","0","_radio_index/suno_backup/audio/e9ed9222-9fbc-46ee-8946-506aaa0fa006.mp3"
"9ed3d7a1-f789-4aed-8f87-c21c9ae61bf6","खोल अकल के ढक्कन","Sanatan & Vedic","","2026-03-12","","0","_radio_index/suno_backup/audio/9ed3d7a1-f789-4aed-8f87-c21c9ae61bf6.mp3"
"d10508db-bd53-40ce-a03c-92f1791b1278","(untitled)","Epic divine hip-hop, heavy cinematic bass, conch shell intro, Vedic choir textur","","2026-03-12","","0","_radio_index/suno_backup/audio/d10508db-bd53-40ce-a03c-92f1791b1278.mp3"
"0b19285e-3b76-42bf-80ae-41d8fde84fea","(untitled)","Haryanvi ragni folk song with trap rap flow but only traditional instruments. Us","","2026-03-12","","0","_radio_index/suno_backup/audio/0b19285e-3b76-42bf-80ae-41d8fde84fea.mp3"
"afb6c7b0-fbfc-4889-9c1c-361c8bba3ed4","(untitled)","हैवी base male। १ मिनट","","2026-03-12","","0","_radio_index/suno_backup/audio/afb6c7b0-fbfc-4889-9c1c-361c8bba3ed4.mp3"
"348fc72d-5a8b-4126-9498-c2f6cafc4a0e","॥ हेमंत अंतर्मन संवाद: आधिकारिक टीज़र स्क्रिप्ट","Other / Misc","","2026-03-12","","0","_radio_index/suno_backup/audio/348fc72d-5a8b-4126-9498-c2f6cafc4a0e.mp3"
"22166f36-f1c8-4ca9-9452-f76ee29ff8c9","(untitled)","voice  ओवर","","2026-03-12","","0","_radio_index/suno_backup/audio/22166f36-f1c8-4ca9-9452-f76ee29ff8c9.mp3"
"92631fc4-6b9e-4dd2-9cd4-83870b8d3d71","(untitled)","","","2026-03-12","","0","_radio_index/suno_backup/audio/92631fc4-6b9e-4dd2-9cd4-83870b8d3d71.mp3"
"e2588540-4aee-4cff-a2d9-023f8e4c0e98","(untitled)","","","2026-03-12","","0","_radio_index/suno_backup/audio/e2588540-4aee-4cff-a2d9-023f8e4c0e98.mp3"
"bfac316f-83ab-44b3-8c61-080c6de6c036","॥ हेमंत अंतर्मन संवाद: आधिकारिक टीज़र स्क्रिप्ट","Other / Misc","","2026-03-12","","0","_radio_index/suno_backup/audio/bfac316f-83ab-44b3-8c61-080c6de6c036.mp3"
"ba695ae4-1b95-4193-b8db-5a873b79c6c4","म्हारी माता के मस्तक पे","Bhakti & Katha","","2026-03-12","","0","_radio_index/suno_backup/audio/ba695ae4-1b95-4193-b8db-5a873b79c6c4.mp3"
"2f477298-ce1a-472e-b84b-8930b9c66478","(untitled)","Epic Haryanvi stadium anthem, folk + rap fusion, powerful male chorus, nagada dr","","2026-03-12","","0","_radio_index/suno_backup/audio/2f477298-ce1a-472e-b84b-8930b9c66478.mp3"
"30bf75e7-10f6-4308-b4ee-87d52c599e1a","(untitled)","","","2026-03-12","","0","_radio_index/suno_backup/audio/30bf75e7-10f6-4308-b4ee-87d52c599e1a.mp3"
"b30f1dc1-1d59-41dd-af90-dedba164ed3f","【प्रस्तावना – ब्रह्मांड का मंच】","Sanatan & Vedic","","2026-03-12","","0","_radio_index/suno_backup/audio/b30f1dc1-1d59-41dd-af90-dedba164ed3f.mp3"
"1f885a53-57ed-448b-b0b6-c3c53c8504d9","यु हर हर हर हर महादेव","Desh / Patriotic","","2026-03-12","","0","_radio_index/suno_backup/audio/1f885a53-57ed-448b-b0b6-c3c53c8504d9.mp3"
"33ebe00e-d888-4500-be76-653588dca063","【प्रस्तावना – ब्रह्मांड का मंच】","Sanatan & Vedic","","2026-03-12","","0","_radio_index/suno_backup/audio/33ebe00e-d888-4500-be76-653588dca063.mp3"
"c76edf13-95b3-42c3-b51e-44b0d31a10dc","(untitled)","Tempo: 95 BPM Cosmic Hip-Hop  Instruments:  temple bells  mridangam  ancient lyr","","2026-03-12","","0","_radio_index/suno_backup/audio/c76edf13-95b3-42c3-b51e-44b0d31a10dc.mp3"
"2c90ee6b-74e3-4d2e-9843-9b5fb835b297","(untitled)","100-voice Vedic choir  Trap + orchestral beat  Ancient instruments (lyre, mridan","","2026-03-12","","0","_radio_index/suno_backup/audio/2c90ee6b-74e3-4d2e-9843-9b5fb835b297.mp3"
"42598efd-76d4-4683-87c1-176aa832b4ba","(untitled)","100-voice Vedic choir  Trap + orchestral beat  Ancient instruments (lyre, mridan","","2026-03-12","","0","_radio_index/suno_backup/audio/42598efd-76d4-4683-87c1-176aa832b4ba.mp3"
"bb7e2b90-d7ca-49b6-9135-fe4251447df2","【प्रस्तावना – ब्रह्मांड का मंच】","Sanatan & Vedic","","2026-03-12","","0","_radio_index/suno_backup/audio/bb7e2b90-d7ca-49b6-9135-fe4251447df2.mp3"
"e569c9e8-b660-4a47-83ea-2a36219c3cbd","[Intro – Cosmic Awakening】","Sanatan & Vedic","","2026-03-12","","0","_radio_index/suno_backup/audio/e569c9e8-b660-4a47-83ea-2a36219c3cbd.mp3"
"915943e4-087a-4961-9b3c-e24b00c223b8","(untitled)","Tempo: 92–96 BPM Trap + Ethnic Drums  Instruments: Rudra veena, damru, French ho","","2026-03-12","","0","_radio_index/suno_backup/audio/915943e4-087a-4961-9b3c-e24b00c223b8.mp3"
"ab674c75-8585-4fd0-89ae-715906b3f772","Cosmic Awakening】","Sanatan & Vedic","","2026-03-12","","0","_radio_index/suno_backup/audio/ab674c75-8585-4fd0-89ae-715906b3f772.mp3"
"a27569a5-0751-4d15-842c-63a1adffb59c","जाग ओ धरती के वंशज","Sanatan & Vedic","","2026-03-12","","0","_radio_index/suno_backup/audio/a27569a5-0751-4d15-842c-63a1adffb59c.mp3"
"2b8896a5-71c2-4521-b7e8-8a07648444d3","(untitled)","Tempo: 92–96 BPM Trap + Ethnic Drums  Instruments: Rudra veena, damru, French ho","","2026-03-12","","0","_radio_index/suno_backup/audio/2b8896a5-71c2-4521-b7e8-8a07648444d3.mp3"
"01105ba5-4a3d-4314-8720-0437796ffc45","नम्मा","Bhakti & Katha","","2026-03-12","","0","_radio_index/suno_backup/audio/01105ba5-4a3d-4314-8720-0437796ffc45.mp3"
"1f500bc8-f5ba-4d2c-8156-b182c9b0b46b","(untitled)","Style: Egyptian lullaby + cinematic awakening anthem + Sufi-orchestral folk Mood","","2026-03-12","","0","_radio_index/suno_backup/audio/1f500bc8-f5ba-4d2c-8156-b182c9b0b46b.mp3"
"5b8abaaa-7c56-450e-acfc-00b012e50990","Frère Jacques","Sanatan & Vedic","","2026-03-12","","0","_radio_index/suno_backup/audio/5b8abaaa-7c56-450e-acfc-00b012e50990.mp3"
"7960d8d5-9742-4fb2-9329-3efae9f39d73","(untitled)","Style: Egyptian lullaby + cinematic awakening anthem + Sufi-orchestral folk Mood","","2026-03-12","","0","_radio_index/suno_backup/audio/7960d8d5-9742-4fb2-9329-3efae9f39d73.mp3"
"a93223c5-90c5-469e-aa1d-602c99611cf7","Frère Jacques","Sanatan & Vedic","","2026-03-12","","0","_radio_index/suno_backup/audio/a93223c5-90c5-469e-aa1d-602c99611cf7.mp3"
"92279913-e9a8-4341-a4cc-19bd11b142ec","(untitled)","Style: French folk + Enlightenment anthem + divine call  Instrumentation: French","","2026-03-12","","0","_radio_index/suno_backup/audio/92279913-e9a8-4341-a4cc-19bd11b142ec.mp3"
"5d4e5f42-752b-4d9c-b766-2969cd7ad903","(untitled)","Style: French folk + Enlightenment anthem + divine call  Instrumentation: French","","2026-03-12","","0","_radio_index/suno_backup/audio/5d4e5f42-752b-4d9c-b766-2969cd7ad903.mp3"
"f4ffd57d-7c3c-440f-814c-1f4307fefb61","(untitled)","[Title] खोकन और पराई नाव — Cosmic Stadium Anthem  [Style] Baul Folk  + Trap Beat","","2026-03-12","","0","_radio_index/suno_backup/audio/f4ffd57d-7c3c-440f-814c-1f4307fefb61.mp3"
"7153c43c-d1d0-4621-8af5-edb81572ef1b","(untitled)","[Title] खोकन और पराई नाव — Cosmic Stadium Anthem  [Style] Baul Folk + Stadium An","","2026-03-12","","0","_radio_index/suno_backup/audio/7153c43c-d1d0-4621-8af5-edb81572ef1b.mp3"
"298d61be-50b0-46d5-b063-082b1afd7c3a","(untitled)","[Title] खोकन और पराई नाव — Cosmic Stadium Anthem  [Style] Baul Folk  + Trap Beat","","2026-03-12","","0","_radio_index/suno_backup/audio/298d61be-50b0-46d5-b063-082b1afd7c3a.mp3"
"0dfca798-d9bf-41eb-ad1b-fea2ddd3e6fb","(untitled)","[Title] खोकन और पराई नाव — Cosmic Stadium Anthem  [Style] Baul Folk + Stadium An","","2026-03-12","","0","_radio_index/suno_backup/audio/0dfca798-d9bf-41eb-ad1b-fea2ddd3e6fb.mp3"
"108c7fe6-6dd1-4e66-92d8-25403bb67a40","सात-ति चोरे दूँड़ बाये","Sanatan & Vedic","","2026-03-12","","0","_radio_index/suno_backup/audio/108c7fe6-6dd1-4e66-92d8-25403bb67a40.mp3"
"222f41c8-19ab-42d9-b87c-ca9c4c818caa","खोकन खोकन कोरे माय","Sanatan & Vedic","","2026-03-12","","0","_radio_index/suno_backup/audio/222f41c8-19ab-42d9-b87c-ca9c4c818caa.mp3"
"431ccd3f-faa0-48e0-9e03-34be24b470aa","खोकन खोकन कोरे माय","Sanatan & Vedic","","2026-03-12","","0","_radio_index/suno_backup/audio/431ccd3f-faa0-48e0-9e03-34be24b470aa.mp3"
"94ff85f6-fcbf-4004-a7df-5a2b9b6d95eb","(untitled)","[Title] खोकन और पराई नाव — Cosmic Rigveda Folk Rap  [Style] Rigvedic Chant + Ben","","2026-03-12","","0","_radio_index/suno_backup/audio/94ff85f6-fcbf-4004-a7df-5a2b9b6d95eb.mp3"
"711f7e2e-f0b6-4c14-8e99-e10c4e480b9e","दौड़ में सब जीत लिया","Bhakti & Katha","","2026-03-12","","0","_radio_index/suno_backup/audio/711f7e2e-f0b6-4c14-8e99-e10c4e480b9e.mp3"
"a922b75d-8465-4cea-b908-b28e65969c56","(untitled)","Hard Philosophical Rap — “नियमों का हऊआ”  दार्शनिक, व्यंग्यात्मक और तीखा clear m","","2026-03-12","","0","_radio_index/suno_backup/audio/a922b75d-8465-4cea-b908-b28e65969c56.mp3"
"0eb2d750-cbc8-4f32-a693-53d8d313e086","(untitled)","Chinese folk melody + Sufi Qawwali + philosophical hip-hop rap fusion. Male powe","","2026-03-12","","0","_radio_index/suno_backup/audio/0eb2d750-cbc8-4f32-a693-53d8d313e086.mp3"
"3c45f08c-6f36-47fd-a968-8b739875b98a","दौड़ में सब जीत लिया","Desh / Patriotic","","2026-03-12","","0","_radio_index/suno_backup/audio/3c45f08c-6f36-47fd-a968-8b739875b98a.mp3"
"a83302ba-61f6-48d3-98d6-d5f17a0e49b8","(untitled)","epic spiritual world fusion song, powerful male qawwali singer, cinematic produc","","2026-03-12","","0","_radio_index/suno_backup/audio/a83302ba-61f6-48d3-98d6-d5f17a0e49b8.mp3"
"df23e9c7-8898-438c-92a6-49d15136beca","सत्य सनातन वैज्ञानिक का ज्ञान","Sanatan & Vedic","","2026-03-12","","0","_radio_index/suno_backup/audio/df23e9c7-8898-438c-92a6-49d15136beca.mp3"
"44ef161a-fd07-43af-bc23-c78ad8ea773f","(untitled)","Hard Philosophical Rap — “नियमों का हऊआ”  दार्शनिक, व्यंग्यात्मक और तीखा clear m","","2026-03-12","","0","_radio_index/suno_backup/audio/44ef161a-fd07-43af-bc23-c78ad8ea773f.mp3"
"b3268cd7-82f5-4cbe-97e3-68d735616d14","सत्य सनातन वैज्ञानिक का ज्ञान","Sanatan & Vedic","","2026-03-12","","0","_radio_index/suno_backup/audio/b3268cd7-82f5-4cbe-97e3-68d735616d14.mp3"
"b7d087b3-1e0d-4990-b8aa-4710ea0af909","(untitled)","Hard Philosophical Rap — “नियमों का हऊआ”  दार्शनिक, व्यंग्यात्मक और तीखा clear m","","2026-03-12","","0","_radio_index/suno_backup/audio/b7d087b3-1e0d-4990-b8aa-4710ea0af909.mp3"
"31740e34-6f43-4223-91e9-739374878a3d","(untitled)","Hard Philosophical Rap — “नियमों का हऊआ”  दार्शनिक, व्यंग्यात्मक और तीखा clear m","","2026-03-12","","0","_radio_index/suno_backup/audio/31740e34-6f43-4223-91e9-739374878a3d.mp3"
"297597bc-b729-4b1f-9b1b-9f422c20d617","(untitled)","Hard Philosophical Rap — “नियमों का हऊआ”  दार्शनिक, व्यंग्यात्मक और तीखा clear m","","2026-03-12","","0","_radio_index/suno_backup/audio/297597bc-b729-4b1f-9b1b-9f422c20d617.mp3"
"e11f34b8-6597-49cb-b8ab-c265596a828d","सत्य सनातन वैज्ञानिक का ज्ञान","Sanatan & Vedic","","2026-03-12","","0","_radio_index/suno_backup/audio/e11f34b8-6597-49cb-b8ab-c265596a828d.mp3"
"dbe4cfd2-9ac6-4fc5-a67c-a5ac9669c690","(untitled)","Hard Philosophical Rap — “नियमों का हऊआ”  दार्शनिक, व्यंग्यात्मक और तीखा clear m","","2026-03-12","","0","_radio_index/suno_backup/audio/dbe4cfd2-9ac6-4fc5-a67c-a5ac9669c690.mp3"
"5da37790-97be-4139-ab9a-d1a6c5dd24c0","सत्य सनातन वैज्ञानिक का है ज्ञान","Sanatan & Vedic","","2026-03-12","","0","_radio_index/suno_backup/audio/5da37790-97be-4139-ab9a-d1a6c5dd24c0.mp3"
"da37bf5f-f038-4cf4-a836-c5d2c6c74a9c","सत्य सनातन का है ज्ञान","Sanatan & Vedic","","2026-03-12","","0","_radio_index/suno_backup/audio/da37bf5f-f038-4cf4-a836-c5d2c6c74a9c.mp3"
"471fdd7d-17b3-4d7b-a282-303be24251d5","सत्य सनातन का है ज्ञान","Sanatan & Vedic","","2026-03-12","","0","_radio_index/suno_backup/audio/471fdd7d-17b3-4d7b-a282-303be24251d5.mp3"
"35380dae-bb24-481e-a416-af515d22edc3","(untitled)","Hard Philosophical Rap — “नियमों का हऊआ”  दार्शनिक, व्यंग्यात्मक और तीखा clear m","","2026-03-12","","0","_radio_index/suno_backup/audio/35380dae-bb24-481e-a416-af515d22edc3.mp3"
"7140414f-9a6d-4f4c-a9e6-ebaf4c61009e","सत्य सनातन का है ज्ञान","Sanatan & Vedic","","2026-03-12","","0","_radio_index/suno_backup/audio/7140414f-9a6d-4f4c-a9e6-ebaf4c61009e.mp3"
"668f75f1-428a-476d-9bed-614ad964053e","सत्य सनातन का है ज्ञान","Sanatan & Vedic","","2026-03-12","","0","_radio_index/suno_backup/audio/668f75f1-428a-476d-9bed-614ad964053e.mp3"
"a6a27e86-3c84-453d-8d74-eeedd44ba048","(untitled)","Hard Philosophical Rap — “नियमों का हऊआ”  दार्शनिक, व्यंग्यात्मक और तीखा clear m","","2026-03-12","","0","_radio_index/suno_backup/audio/a6a27e86-3c84-453d-8d74-eeedd44ba048.mp3"
"811a9828-7ae3-4fc9-ba2c-9d1c523520c5","सत्य सनातन का है ज्ञान","Sanatan & Vedic","","2026-03-12","","0","_radio_index/suno_backup/audio/811a9828-7ae3-4fc9-ba2c-9d1c523520c5.mp3"
"67c23492-7a85-457e-a73a-8686f0dd0aec","(untitled)","छोटे rhythmic lines  बार-बार action hooks  बच्चों का choir response  clear moral","","2026-03-12","","0","_radio_index/suno_backup/audio/67c23492-7a85-457e-a73a-8686f0dd0aec.mp3"
"89ba03d5-ee75-473b-b331-4013c130a44a","(untitled)","Hard Philosophical Rap — “नियमों का हऊआ”  दार्शनिक, व्यंग्यात्मक और तीखा clear m","","2026-03-12","","0","_radio_index/suno_backup/audio/89ba03d5-ee75-473b-b331-4013c130a44a.mp3"
"4683717a-d5df-4665-836e-b5252b9bb43f","नियमों का हऊआ और सत्य की जड़ें","Sanatan & Vedic","","2026-03-12","","0","_radio_index/suno_backup/audio/4683717a-d5df-4665-836e-b5252b9bb43f.mp3"
"0137e680-bb96-4a04-9603-b48b321e35e1","मात-पिता का मान रखो","Sanatan & Vedic","","2026-03-12","","0","_radio_index/suno_backup/audio/0137e680-bb96-4a04-9603-b48b321e35e1.mp3"
"12c44280-e16c-405e-92e1-fb9989b71037","(untitled)","छोटे rhythmic lines  बार-बार action hooks  बच्चों का choir response  clear moral","","2026-03-12","","0","_radio_index/suno_backup/audio/12c44280-e16c-405e-92e1-fb9989b71037.mp3"
"90e901c9-4ec2-40b0-af7f-1e81570ae502","(untitled)","kids rap","","2026-03-12","","0","_radio_index/suno_backup/audio/90e901c9-4ec2-40b0-af7f-1e81570ae502.mp3"
"a986c2c7-138a-4786-8d1f-79fa9f4a8d8d","सत्य सनातन का है ज्ञान","Sanatan & Vedic","","2026-03-12","","0","_radio_index/suno_backup/audio/a986c2c7-138a-4786-8d1f-79fa9f4a8d8d.mp3"
"a9f1f04b-bcc9-49ba-b1b1-d71abc204a0c","(untitled)","kids rap","","2026-03-12","","0","_radio_index/suno_backup/audio/a9f1f04b-bcc9-49ba-b1b1-d71abc204a0c.mp3"
"6566cc36-9229-4c37-9ea5-5692ffbf2526","(untitled)","kids rap","","2026-03-12","","0","_radio_index/suno_backup/audio/6566cc36-9229-4c37-9ea5-5692ffbf2526.mp3"
"99753716-34be-4a43-80b6-7c8bf416bb3e","(untitled)","Epic multilingual scientific rap mixing Latin chant, Siddham script mantra, Sans","","2026-03-12","","0","_radio_index/suno_backup/audio/99753716-34be-4a43-80b6-7c8bf416bb3e.mp3"
"ad5b8312-e863-4629-adf2-a05966aee8a3","Force equals","Sanatan & Vedic","","2026-03-12","","0","_radio_index/suno_backup/audio/ad5b8312-e863-4629-adf2-a05966aee8a3.mp3"
"643bbbac-2567-4efb-9f3a-50ac19ce3cd3","(untitled)","Epic multilingual scientific rap mixing Latin chant, Siddham script mantra, Sans","","2026-03-12","","0","_radio_index/suno_backup/audio/643bbbac-2567-4efb-9f3a-50ac19ce3cd3.mp3"
"79c218fd-2902-4029-acdf-6a572e2d09a0","ॐ नादब्रह्माय नमः","Sanatan & Vedic","","2026-03-12","","0","_radio_index/suno_backup/audio/79c218fd-2902-4029-acdf-6a572e2d09a0.mp3"
"5e5636bf-1737-4f24-b7f7-cef44e0f22fe","(untitled)","Epic multilingual scientific rap mixing Latin chant, Siddham script mantra, Sans","","2026-03-12","","0","_radio_index/suno_backup/audio/5e5636bf-1737-4f24-b7f7-cef44e0f22fe.mp3"
"c25688a0-b774-48e2-8998-c9783f0d195f","Siddhaṃ + Sanskrit Chant","Sanatan & Vedic","","2026-03-12","","0","_radio_index/suno_backup/audio/c25688a0-b774-48e2-8998-c9783f0d195f.mp3"
"11b2b802-1595-456f-899e-cc1e79f05185","ॐ नादब्रह्माय नमः","Sanatan & Vedic","","2026-03-12","","0","_radio_index/suno_backup/audio/11b2b802-1595-456f-899e-cc1e79f05185.mp3"
"f19142fa-b005-4281-857e-bae5435451ca","(untitled)","Epic multilingual scientific rap mixing Latin chant, Sanskrit mantra, Hindi and","","2026-03-12","","0","_radio_index/suno_backup/audio/f19142fa-b005-4281-857e-bae5435451ca.mp3"
"7837396f-b847-4359-b544-5774ac2f5daa","Cosmic Chant","Sanatan & Vedic","","2026-03-12","","0","_radio_index/suno_backup/audio/7837396f-b847-4359-b544-5774ac2f5daa.mp3"
"e6510e78-0f69-43f6-9923-8163b91fc272","(untitled)","Epic cosmic knowledge rap with Sanskrit mantra chanting, Siddham script visuals,","","2026-03-12","","0","_radio_index/suno_backup/audio/e6510e78-0f69-43f6-9923-8163b91fc272.mp3"
"0e0098d4-f9c4-4d28-b3f0-20f38ba73e36","(untitled)","Epic philosophical Indian rap with Sanskrit chanting intro, deep trap beat, dama","","2026-03-12","","0","_radio_index/suno_backup/audio/0e0098d4-f9c4-4d28-b3f0-20f38ba73e36.mp3"
"f5bedf87-fc25-478b-94ad-3e18b12e6ba2","आयी आयी आयी","Sanatan & Vedic","","2026-03-12","","0","_radio_index/suno_backup/audio/f5bedf87-fc25-478b-94ad-3e18b12e6ba2.mp3"
"8637c70f-2e69-4d3c-8902-20a2dbdbf3a3","(untitled)","Epic philosophical Indian rap with Sanskrit chanting intro, deep trap beat, dama","","2026-03-12","","0","_radio_index/suno_backup/audio/8637c70f-2e69-4d3c-8902-20a2dbdbf3a3.mp3"
"ffa5cf10-0865-4bac-9d60-f37822b2f922","Verse 1","Bhakti & Katha","","2026-03-12","","0","_radio_index/suno_backup/audio/ffa5cf10-0865-4bac-9d60-f37822b2f922.mp3"
"0d3d2d6f-939b-4d8a-bf49-2b1e080d944e","Replace 01:09-01:09 (06:30 AM Mar 12)","Style: Vedic chant + Sufi qawwali fusion Tempo: 90 BPM gradually rising to 105 B","","2026-03-12","","0","_radio_index/suno_backup/audio/0d3d2d6f-939b-4d8a-bf49-2b1e080d944e.mp3"
"cf70934b-58c5-4191-91e7-de0bd63362c4","उसका कौन कफ़न करो","Sanatan & Vedic","","2026-03-12","","0","_radio_index/suno_backup/audio/cf70934b-58c5-4191-91e7-de0bd63362c4.mp3"
"b876868f-7ad9-437c-8a9a-985c1e15869d","ॐ नाद ब्रह्माय नमः","Divine Vedic hip-hop rap with Sanskrit chanting, deep 808 bass, damaru percussio","","2026-03-11","","0","_radio_index/suno_backup/audio/b876868f-7ad9-437c-8a9a-985c1e15869d.mp3"
"b4587005-bec9-4fd3-be9a-f8a9704d9c09","ॐ नाद ब्रह्माय नमः","Divine Vedic hip-hop rap with Sanskrit chanting, deep 808 bass, damaru percussio","","2026-03-11","","0","_radio_index/suno_backup/audio/b4587005-bec9-4fd3-be9a-f8a9704d9c09.mp3"
"32f65fcc-9867-4491-9f3f-f79076b657df","आयी आयी आयी","Sanatan & Vedic","","2026-03-11","","0","_radio_index/suno_backup/audio/32f65fcc-9867-4491-9f3f-f79076b657df.mp3"
"d9cce68e-a94b-4ad4-baaa-f327f7b3b857","“न मा","Sanatan & Vedic","","2026-03-11","","0","_radio_index/suno_backup/audio/d9cce68e-a94b-4ad4-baaa-f327f7b3b857.mp3"
"a4e0a7f3-9d30-4d38-917f-7152d7ab7cbb","ॐ नाद ब्रह्माय नमः","Divine Vedic hip-hop rap with Sanskrit chanting, deep 808 bass, damaru percussio","","2026-03-11","","0","_radio_index/suno_backup/audio/a4e0a7f3-9d30-4d38-917f-7152d7ab7cbb.mp3"
"1daf1c07-046b-424d-8daa-53684e2182dd","शब्दों का खेल है","Sanatan & Vedic","","2026-03-11","","0","_radio_index/suno_backup/audio/1daf1c07-046b-424d-8daa-53684e2182dd.mp3"
"506a890d-db34-4aca-a456-9943e1467713","संस्कृत देव","Sanatan & Vedic","","2026-03-11","","0","_radio_index/suno_backup/audio/506a890d-db34-4aca-a456-9943e1467713.mp3"
"5f3c39b1-4e21-4da6-8fec-d0305d37cfd8","ॐ नाद ब्रह्माय नमः","Divine Vedic hip-hop rap with Sanskrit chanting, deep 808 bass, damaru percussio","","2026-03-11","","0","_radio_index/suno_backup/audio/5f3c39b1-4e21-4da6-8fec-d0305d37cfd8.mp3"
"3dea2c46-9d5a-402e-9058-77e26312bb54","(untitled)","Divine Vedic hip-hop rap with Sanskrit chanting, deep 808 bass, damaru percussio","","2026-03-11","","0","_radio_index/suno_backup/audio/3dea2c46-9d5a-402e-9058-77e26312bb54.mp3"
"bc3038d3-816b-4879-aa78-6815db0853df","शब्दों का खेल है","Sanatan & Vedic","","2026-03-11","","0","_radio_index/suno_backup/audio/bc3038d3-816b-4879-aa78-6815db0853df.mp3"
"3741f8d9-ee63-459b-8ebe-01454f706d38","(untitled)","Sanatan & Vedic","","2026-03-11","","0","_radio_index/suno_backup/audio/3741f8d9-ee63-459b-8ebe-01454f706d38.mp3"
"5d0161fa-6647-4a40-be7e-121a88d2b2a3","शब्दों का खेल है","Sanatan & Vedic","","2026-03-11","","0","_radio_index/suno_backup/audio/5d0161fa-6647-4a40-be7e-121a88d2b2a3.mp3"
"fabdd7cf-3445-4b3f-8bd3-d5df256ebc2b","आयी आयी आयी","Sanatan & Vedic","","2026-03-11","","0","_radio_index/suno_backup/audio/fabdd7cf-3445-4b3f-8bd3-d5df256ebc2b.mp3"
"25982a1c-a0b7-4bdc-9d4c-c685bb4d58d2","(untitled)","Style: Vedic chant + Sufi qawwali fusion Tempo: 90 BPM gradually rising to 105 B","","2026-03-11","","0","_radio_index/suno_backup/audio/25982a1c-a0b7-4bdc-9d4c-c685bb4d58d2.mp3"
"474b5afb-1073-42d4-a1b5-16fbfdce636d","(untitled)","","","2026-03-11","","0","_radio_index/suno_backup/audio/474b5afb-1073-42d4-a1b5-16fbfdce636d.mp3"
"b7c30d72-6ce4-4dcf-a098-a08b77b3c805","(untitled)","Sanatan & Vedic","","2026-03-11","","0","_radio_index/suno_backup/audio/b7c30d72-6ce4-4dcf-a098-a08b77b3c805.mp3"
"17d23524-7ba8-4e59-a60c-3536c34d0a1b","भर्गो देवस्य धीमहि","Sanatan & Vedic","","2026-03-11","","0","_radio_index/suno_backup/audio/17d23524-7ba8-4e59-a60c-3536c34d0a1b.mp3"
"a4e69def-6d0d-4f12-8718-029de266a4a2","भर्गो देवस्य धीमहि","Sanatan & Vedic","","2026-03-11","","0","_radio_index/suno_backup/audio/a4e69def-6d0d-4f12-8718-029de266a4a2.mp3"
"b3551c59-d528-429c-a6a6-0768b5981845","उत्कर्ष का आभास है","Bhakti & Katha","","2026-03-11","","0","_radio_index/suno_backup/audio/b3551c59-d528-429c-a6a6-0768b5981845.mp3"
"319ac1b1-c380-4dbf-a2d5-8b7855354317","ईश्वर अल्ला दो थे भाई","Sanatan & Vedic","","2026-03-11","","0","_radio_index/suno_backup/audio/319ac1b1-c380-4dbf-a2d5-8b7855354317.mp3"
"a25c876c-0e32-4071-a0f7-7e5cc6bfae69","muniya","Indian philosophical hip-hop with spiritual undertones. Deep reflective male voi","","2026-03-11","","0","_radio_index/suno_backup/audio/a25c876c-0e32-4071-a0f7-7e5cc6bfae69.mp3"
"764eab1d-f307-4665-bfc4-feb4bbb042a4","muniya","Aggressive Indian hard rap, underground hip hop, dark spiritual theme, heavy 808","","2026-03-11","","0","_radio_index/suno_backup/audio/764eab1d-f307-4665-bfc4-feb4bbb042a4.mp3"
"ced1ef9f-bfc6-4a3a-9818-6308807aef1e","muniya","Aggressive Indian philosophical hip-hop rap. Deep male voice with powerful deliv","","2026-03-11","","0","_radio_index/suno_backup/audio/ced1ef9f-bfc6-4a3a-9818-6308807aef1e.mp3"
"77d02fc3-250d-47bd-bcf8-80f45421948d","ॐ अग्ने सत्यदीपाय नमः","Sanatan & Vedic","","2026-03-11","","0","_radio_index/suno_backup/audio/77d02fc3-250d-47bd-bcf8-80f45421948d.mp3"
"73ebc666-cec7-4c6b-a855-1de4b0db7dc4","Mantra Invocation","Sanatan & Vedic","","2026-03-11","","0","_radio_index/suno_backup/audio/73ebc666-cec7-4c6b-a855-1de4b0db7dc4.mp3"
"920388e7-ef57-4d79-98b1-2a977977bb39","ये दुनिया झूठ का मेला है","Rap & Fusion","","2026-03-11","","0","_radio_index/suno_backup/audio/920388e7-ef57-4d79-98b1-2a977977bb39.mp3"
"b54e87b1-dff9-41bf-969d-e0a19cce756c","muniya","Aggressive Indian hard rap, underground hip hop, dark spiritual theme, heavy 808","","2026-03-11","","0","_radio_index/suno_backup/audio/b54e87b1-dff9-41bf-969d-e0a19cce756c.mp3"
"c566f06c-9015-4d31-9d83-5f54111a1d61","muniya","Aggressive Indian hard rap, underground hip hop, dark spiritual theme, heavy 808","","2026-03-11","","0","_radio_index/suno_backup/audio/c566f06c-9015-4d31-9d83-5f54111a1d61.mp3"
"ee7a49e1-a296-4e95-acfb-ff3390b8c92f","muniya","Aggressive Indian hard rap, underground hip hop, dark spiritual theme, heavy 808","","2026-03-11","","0","_radio_index/suno_backup/audio/ee7a49e1-a296-4e95-acfb-ff3390b8c92f.mp3"
"a5ddb660-04fc-46c2-b2b3-145c9da1449e","muniya","Aggressive Indian hard rap, underground hip hop, dark spiritual theme, heavy 808","","2026-03-11","","0","_radio_index/suno_backup/audio/a5ddb660-04fc-46c2-b2b3-145c9da1449e.mp3"
"fc2e9468-9cb2-4110-8a81-60b45d7424ab","माया का ये जाल है","Sanatan & Vedic","","2026-03-11","","0","_radio_index/suno_backup/audio/fc2e9468-9cb2-4110-8a81-60b45d7424ab.mp3"
"4bf11224-86d3-49f9-8ddd-60e3375da890","red compare","Hard philosophical divine hip-hop, Indian spiritual rap, deep male voice, mystic","","2026-03-11","","0","_radio_index/suno_backup/audio/4bf11224-86d3-49f9-8ddd-60e3375da890.mp3"
"79b04114-d41e-4c68-9933-4e9a7845ff81","red compare","Vedic mantra rap, deep Indian spiritual hip-hop, male powerful voice with Sanskr","","2026-03-11","","0","_radio_index/suno_backup/audio/79b04114-d41e-4c68-9933-4e9a7845ff81.mp3"
"9e52df79-607c-4e64-9b32-89b97c3e8dc9","तमसो मा ज्योतिर्गमय","Sanatan & Vedic","","2026-03-11","","0","_radio_index/suno_backup/audio/9e52df79-607c-4e64-9b32-89b97c3e8dc9.mp3"
"767143b0-de77-4777-a7b7-1eee32a17256","red compare","Vedic mantra rap, deep Indian spiritual hip-hop, male powerful voice with Sanskr","","2026-03-11","","0","_radio_index/suno_backup/audio/767143b0-de77-4777-a7b7-1eee32a17256.mp3"
"6adf98e7-94d8-4005-a05b-25fbfda301f0","तमसो मा ज्योतिर्गमय","Sanatan & Vedic","","2026-03-11","","0","_radio_index/suno_backup/audio/6adf98e7-94d8-4005-a05b-25fbfda301f0.mp3"
"f300c6d7-1406-4536-a0f3-80e6ae23cc66","red compare","hyper rap","","2026-03-11","","0","_radio_index/suno_backup/audio/f300c6d7-1406-4536-a0f3-80e6ae23cc66.mp3"
"2819887e-1ed1-4383-aad3-921d07bae811","जब तक “दो” था ही नहीं","Rap & Fusion","","2026-03-11","","0","_radio_index/suno_backup/audio/2819887e-1ed1-4383-aad3-921d07bae811.mp3"
"9145668e-e9bf-4d35-967b-50a953dcf0f9","red compare","Hard divine hip-hop, philosophical rap, deep Indian spiritual vibe, male powerfu","","2026-03-11","","0","_radio_index/suno_backup/audio/9145668e-e9bf-4d35-967b-50a953dcf0f9.mp3"
"5b4e7c91-3ba1-403e-8ee8-215dc22f61b3","red compare","hyper rap","","2026-03-11","","0","_radio_index/suno_backup/audio/5b4e7c91-3ba1-403e-8ee8-215dc22f61b3.mp3"
"dd614877-e23b-45fa-b39a-80fa94764196","red compare","Hard Divine Hip-Hop with Sufi spiritual undertone. Hindi rap, deep powerful male","","2026-03-11","","0","_radio_index/suno_backup/audio/dd614877-e23b-45fa-b39a-80fa94764196.mp3"
"ab8341bb-bf13-42ed-96a7-260d7b78c176","जागो रे जागो","Desh / Patriotic","","2026-03-11","","0","_radio_index/suno_backup/audio/ab8341bb-bf13-42ed-96a7-260d7b78c176.mp3"
"ca2f7d24-dce8-4f7e-8f4d-63b8c399382c","red compare","Revolutionary Hindi rap mixed with Sufi folk. Male deep voice, intense delivery.","","2026-03-11","","0","_radio_index/suno_backup/audio/ca2f7d24-dce8-4f7e-8f4d-63b8c399382c.mp3"
"dfb1bf8b-6966-41d8-b245-3da8220288a9","जरा तुम जाग कर देखो","Desh / Patriotic","","2026-03-11","","0","_radio_index/suno_backup/audio/dfb1bf8b-6966-41d8-b245-3da8220288a9.mp3"
"017eae0e-3187-4026-8476-c835ec9d9c4c","red compare","Fast rap version (200 BPM) 🔥 Divine battle rap of gods and human","","2026-03-11","","0","_radio_index/suno_backup/audio/017eae0e-3187-4026-8476-c835ec9d9c4c.mp3"
"80c5903a-5fb9-4a5c-b183-abf496ee486c","red compare","Fast rap version (200 BPM) 🔥 Divine battle rap of gods and human","","2026-03-11","","0","_radio_index/suno_backup/audio/80c5903a-5fb9-4a5c-b183-abf496ee486c.mp3"
"c1566bd7-d739-4e75-a23f-eb87d2905be2","कोई बताओ इन रेखाओं को","Rap & Fusion","","2026-03-11","","0","_radio_index/suno_backup/audio/c1566bd7-d739-4e75-a23f-eb87d2905be2.mp3"
"20ac85f2-c56a-4083-8706-6f1531493cea","red compare","hard philosophical rap indian spiritual hiphop deep male voice aggressive delive","","2026-03-11","","0","_radio_index/suno_backup/audio/20ac85f2-c56a-4083-8706-6f1531493cea.mp3"
"854208c5-1a84-4ed7-b85c-5ecc3dda4952","red compare","haryanvi ragni super funk","","2026-03-11","","0","_radio_index/suno_backup/audio/854208c5-1a84-4ed7-b85c-5ecc3dda4952.mp3"
"12e2bb46-4dc7-475b-8a89-61146e585918","red compare","haryanvi ragni super funk","","2026-03-11","","0","_radio_index/suno_backup/audio/12e2bb46-4dc7-475b-8a89-61146e585918.mp3"
"5d48bd7a-3499-431d-b9e1-a84103c69938","red compare","haryanvi ragni fusion male","","2026-03-11","","0","_radio_index/suno_backup/audio/5d48bd7a-3499-431d-b9e1-a84103c69938.mp3"
"7b1e3079-09a2-4953-ba2a-ac65c94940f1","रंग लाल लाल लआगे मिठिये","Haryanvi Folk","","2026-03-11","","0","_radio_index/suno_backup/audio/7b1e3079-09a2-4953-ba2a-ac65c94940f1.mp3"
"1a47a65a-030c-4a27-ba73-ee86926a4f85","First Comes the Word","","","2026-03-11","","0","_radio_index/suno_backup/audio/1a47a65a-030c-4a27-ba73-ee86926a4f85.mp3"
"dc93e92b-de6b-4f68-be8d-4264d2eaf273","First Comes the Word","","","2026-03-11","","0","_radio_index/suno_backup/audio/dc93e92b-de6b-4f68-be8d-4264d2eaf273.mp3"
"5ad16b1e-5925-434b-a035-a9c2a7e1579b","First Comes the Word","","","2026-03-11","","0","_radio_index/suno_backup/audio/5ad16b1e-5925-434b-a035-a9c2a7e1579b.mp3"
"1f40b6c8-ca9d-4b88-8840-de4658f294ac","First Comes the Word","","","2026-03-11","","0","_radio_index/suno_backup/audio/1f40b6c8-ca9d-4b88-8840-de4658f294ac.mp3"
"092a0654-5362-4efb-8bf3-46414fad9d47","रुद्रस्थली पुकारे","Love & Virah","","2026-03-11","","0","_radio_index/suno_backup/audio/092a0654-5362-4efb-8bf3-46414fad9d47.mp3"
"44e6cfbe-a991-425e-9a7a-3cfdb7ebe013","First Comes the Word","Epic Indian cinematic anthem, Baahubali style chorus, deep war drums, powerful m","","2026-03-11","","0","_radio_index/suno_backup/audio/44e6cfbe-a991-425e-9a7a-3cfdb7ebe013.mp3"
"596518d8-aaa8-4de7-b73b-3b3c96b44600","रुद्रस्थली पुकारे","Love & Virah","","2026-03-11","","0","_radio_index/suno_backup/audio/596518d8-aaa8-4de7-b73b-3b3c96b44600.mp3"
"b13478af-dabb-41ff-be99-296ed703b6f7","First Comes the Word","Epic Indian cinematic anthem, Baahubali style chorus, deep war drums, powerful m","","2026-03-11","","0","_radio_index/suno_backup/audio/b13478af-dabb-41ff-be99-296ed703b6f7.mp3"
"0ef3d205-739a-4b55-991e-f733b6ea9a29","नासदासीन्नो सदासीत्तदानीं नासीद्रजो नो व्योमापरो","Sanatan & Vedic","","2026-03-11","","0","_radio_index/suno_backup/audio/0ef3d205-739a-4b55-991e-f733b6ea9a29.mp3"
"f15c8e9b-271a-4e48-8fd3-77cedf717209","First Comes the Word","Title: The Birth of Speech  Genre: Vedic cinematic epic, spiritual world music","","2026-03-11","","0","_radio_index/suno_backup/audio/f15c8e9b-271a-4e48-8fd3-77cedf717209.mp3"
"3aee5620-6355-4e7c-8dab-c1e12f9a32dc","सन्दर्भ की परिभाषा","Genre: Mystical Sanskrit Philosophy Song  Style: Indian classical + cinematic am","","2026-03-10","","0","_radio_index/suno_backup/audio/3aee5620-6355-4e7c-8dab-c1e12f9a32dc.mp3"
"933572dc-5bc2-4924-9f94-ea6aa0e873c8","🌌 १. सृष्टि से पहले","Sanatan & Vedic","","2026-03-10","","0","_radio_index/suno_backup/audio/933572dc-5bc2-4924-9f94-ea6aa0e873c8.mp3"
"496810df-e327-42bc-bf1e-1ae6d9f62ca4","सन्दर्भ की परिभाषा","Genre: Mystical Sanskrit Philosophy Song  Style: Indian classical + cinematic am","","2026-03-10","","0","_radio_index/suno_backup/audio/496810df-e327-42bc-bf1e-1ae6d9f62ca4.mp3"
"63dee4cd-523c-47e2-a9bd-925baf55aa2d","संस्कृत","Sanatan & Vedic","","2026-03-10","","0","_radio_index/suno_backup/audio/63dee4cd-523c-47e2-a9bd-925baf55aa2d.mp3"
"10e904b9-006d-4a2f-989d-9d613a84c9d1","सन्दर्भ की परिभाषा","Sanatan & Vedic","","2026-03-10","","0","_radio_index/suno_backup/audio/10e904b9-006d-4a2f-989d-9d613a84c9d1.mp3"
"423f80fa-88d7-4cf4-b06d-c284d9d11d66","सन्दर्भ की परिभाषा","Genre: Mystical Sanskrit Philosophy Song  Style: Indian classical + cinematic am","","2026-03-10","","0","_radio_index/suno_backup/audio/423f80fa-88d7-4cf4-b06d-c284d9d11d66.mp3"
"9f8f747d-bca4-4422-aeef-8efd76fc5e11","सन्दर्भ की परिभाषा","","","2026-03-10","","0","_radio_index/suno_backup/audio/9f8f747d-bca4-4422-aeef-8efd76fc5e11.mp3"
"81730957-69cc-4143-a4a1-ff4f37c7ec2b","सन्दर्भ की परिभाषा","","","2026-03-10","","0","_radio_index/suno_backup/audio/81730957-69cc-4143-a4a1-ff4f37c7ec2b.mp3"
"8850934b-cdb1-4254-bedf-83595eb359bb","तुम अनंत सनातन हो","Sanatan & Vedic","","2026-03-10","","0","_radio_index/suno_backup/audio/8850934b-cdb1-4254-bedf-83595eb359bb.mp3"
"48b87be5-26d7-45e7-8598-8bcfc1de303a","ram ki gilahari","Epic stadium anthem devotional song, male chorus with crowd chants, powerful dru","","2026-03-10","","0","_radio_index/suno_backup/audio/48b87be5-26d7-45e7-8598-8bcfc1de303a.mp3"
"b72a5071-8cf9-4efd-9204-269cc25de272","ram ki gilahari","Epic stadium anthem devotional song, male chorus with crowd chants, powerful dru","","2026-03-10","","0","_radio_index/suno_backup/audio/b72a5071-8cf9-4efd-9204-269cc25de272.mp3"
"a25843ec-cf77-404a-ba33-1c77bf208a5f","जय सिया राम","Bhakti & Katha","","2026-03-10","","0","_radio_index/suno_backup/audio/a25843ec-cf77-404a-ba33-1c77bf208a5f.mp3"
"ca288e06-1055-405b-b5d6-0658613608d7","ram ki gilahari","Indian EDM bhajan fusion. Tempo: 110 BPM. Style: devotional electronic + festiva","","2026-03-10","","0","_radio_index/suno_backup/audio/ca288e06-1055-405b-b5d6-0658613608d7.mp3"
"f281e5bc-94e4-4a34-a3f4-601fcbfb4f1b","ram ki gilahari","Indian EDM bhajan fusion. Tempo: 110 BPM. Style: devotional electronic + festiva","","2026-03-10","","0","_radio_index/suno_backup/audio/f281e5bc-94e4-4a34-a3f4-601fcbfb4f1b.mp3"
"ff609686-fea5-492d-a625-50aca90796bf","पपिया","Indian devotional folk song, female chorus with male lead, emotional and uplifti","","2026-03-10","","0","_radio_index/suno_backup/audio/ff609686-fea5-492d-a625-50aca90796bf.mp3"
"1a0e5d48-e452-49c3-aa99-901dbf9b1e23","राम की गिलहरी का एक ही काम","Bhakti & Katha","","2026-03-10","","0","_radio_index/suno_backup/audio/1a0e5d48-e452-49c3-aa99-901dbf9b1e23.mp3"
"e60a91fa-776c-4076-8d17-2b16fc0b4a46","जय सिया राम","Bhakti & Katha","","2026-03-10","","0","_radio_index/suno_backup/audio/e60a91fa-776c-4076-8d17-2b16fc0b4a46.mp3"
"d8019a5d-29e1-445e-a172-633778687c7d","पपिया","Indian EDM bhajan fusion. Tempo: 110 BPM. Style: devotional electronic + festiva","","2026-03-10","","0","_radio_index/suno_backup/audio/d8019a5d-29e1-445e-a172-633778687c7d.mp3"
"52c58392-c320-4d60-9797-60253639ce60","Haryana! Haryana! Scream it out loud","Love & Virah","","2026-03-10","","0","_radio_index/suno_backup/audio/52c58392-c320-4d60-9797-60253639ce60.mp3"
"0cd6de16-1e2e-4e49-bd95-27a49a090626","पपिया","3 female","","2026-03-10","","0","_radio_index/suno_backup/audio/0cd6de16-1e2e-4e49-bd95-27a49a090626.mp3"
"088c25b7-9b4d-456c-a60e-be4ae8acd986","पपिया","","","2026-03-10","","0","_radio_index/suno_backup/audio/088c25b7-9b4d-456c-a60e-be4ae8acd986.mp3"
"ecbd67a9-247c-4170-87eb-439355d54dc6","पपिया","","","2026-03-10","","0","_radio_index/suno_backup/audio/ecbd67a9-247c-4170-87eb-439355d54dc6.mp3"
"36cc152d-9ac7-43e5-aeb4-6739c08f6a5c","जिन्दा रहव जिन्दा रहव","Haryanvi Folk","","2026-03-10","","0","_radio_index/suno_backup/audio/36cc152d-9ac7-43e5-aeb4-6739c08f6a5c.mp3"
"bb19047e-add0-43b2-8a8c-9b3350c0666d","पपिया","Haryanvi folk fusion song with emotional rural storytelling. Male raw voice with","","2026-03-10","","0","_radio_index/suno_backup/audio/bb19047e-add0-43b2-8a8c-9b3350c0666d.mp3"
"f478b032-6f73-4a1e-8e33-cd1862b9037e","सुन","Rap & Fusion","","2026-03-10","","0","_radio_index/suno_backup/audio/f478b032-6f73-4a1e-8e33-cd1862b9037e.mp3"
"528f2a41-6fab-4d6b-b0f0-45a21fb3cfee","कालिख के भीतर","Style: Hard Philosophical Rap / Divine Hip-Hop Tempo: 95 BPM Key: D minor Mood:","","2026-03-10","","0","_radio_index/suno_backup/audio/528f2a41-6fab-4d6b-b0f0-45a21fb3cfee.mp3"
"9bf062dd-ac56-449f-9f77-b6f50d235b4e","दो नयनों के बीच में","Rap & Fusion","","2026-03-10","","0","_radio_index/suno_backup/audio/9bf062dd-ac56-449f-9f77-b6f50d235b4e.mp3"
"38e46be7-3f17-43e1-8de5-3661e8c064e3","कालिख के भीतर","Genre: Philosophical Sufi Rap Fusion Tempo: 90 BPM Scale: D minor Mood: Deep, in","","2026-03-10","","0","_radio_index/suno_backup/audio/38e46be7-3f17-43e1-8de5-3661e8c064e3.mp3"
"cdb84859-bd8f-43a9-b7f9-6a080b49e779","कालिख के भीतर","Genre: Philosophical Sufi Rap Fusion Tempo: 90 BPM Scale: D minor Mood: Deep, in","","2026-03-10","","0","_radio_index/suno_backup/audio/cdb84859-bd8f-43a9-b7f9-6a080b49e779.mp3"
"6b1f15fd-b06f-4ab7-a74e-dc18eab976cd","अंदर भरी थी कालिख बेमिसाल","Rap & Fusion","","2026-03-10","","0","_radio_index/suno_backup/audio/6b1f15fd-b06f-4ab7-a74e-dc18eab976cd.mp3"
"281a3e06-5f91-4e59-9fba-f520b47ff2a4","कालिख के भीतर","impact , realization , revolt","","2026-03-10","","0","_radio_index/suno_backup/audio/281a3e06-5f91-4e59-9fba-f520b47ff2a4.mp3"
"8ed97e69-ba32-497e-99e6-5f5ffc1208d7","कालिख के भीतर","impact , realization , revolt","","2026-03-10","","0","_radio_index/suno_backup/audio/8ed97e69-ba32-497e-99e6-5f5ffc1208d7.mp3"
"fb702292-2df5-48c4-a411-e9ef6e6dee7c","तू तो न्यू चाले छोरी","Bhakti & Katha","","2026-03-10","","0","_radio_index/suno_backup/audio/fb702292-2df5-48c4-a411-e9ef6e6dee7c.mp3"
"b34894ee-52e3-4cd4-b4f9-5336056b318b","mahadev","full सुपर  funky","","2026-03-10","","0","_radio_index/suno_backup/audio/b34894ee-52e3-4cd4-b4f9-5336056b318b.mp3"
"40f5ec47-9a5c-45e0-8821-71f32e377d2c","अगड़म बगड़म डिगड़म डू","Bhakti & Katha","","2026-03-10","","0","_radio_index/suno_backup/audio/40f5ec47-9a5c-45e0-8821-71f32e377d2c.mp3"
"83393fa5-c5e2-48b7-a6b0-09cfa197cc04","mahadev","full funky","","2026-03-10","","0","_radio_index/suno_backup/audio/83393fa5-c5e2-48b7-a6b0-09cfa197cc04.mp3"
"5cb1b6d1-c87b-4bd1-a81b-6c2531a63320","mahadev","breathless rap","","2026-03-10","","0","_radio_index/suno_backup/audio/5cb1b6d1-c87b-4bd1-a81b-6c2531a63320.mp3"
"d5b1f403-2b0e-4ea3-a03a-02ebfcaba03f","शिव की पवन जटा में बसता","Sanatan & Vedic","","2026-03-10","","0","_radio_index/suno_backup/audio/d5b1f403-2b0e-4ea3-a03a-02ebfcaba03f.mp3"
"d08d5d69-511b-4d16-86f7-9f38fabf7bff","Har har har har har Haryana","Sanatan & Vedic","","2026-03-10","","0","_radio_index/suno_backup/audio/d08d5d69-511b-4d16-86f7-9f38fabf7bff.mp3"
"a02e5b7b-4082-4379-8728-b47dd277d6bc","mahadev","""Agori Folk-Rock, Cinematic Shiva Tandav, Tribal Fusion, High-energy Dhak and Da","","2026-03-10","","0","_radio_index/suno_backup/audio/a02e5b7b-4082-4379-8728-b47dd277d6bc.mp3"
"a1b21d0a-772f-4abb-844b-e635fe83916d","mahadev","""Agori Folk-Rock, Cinematic Shiva Tandav, Tribal Fusion, High-energy Dhak and Da","","2026-03-10","","0","_radio_index/suno_backup/audio/a1b21d0a-772f-4abb-844b-e635fe83916d.mp3"
"a19088bc-7520-4b85-95d9-1c3ea882182e","mahadev","इस गाने की शुरुआत शांत श्लोक से करें, फिर अचानक ""महादेव तेरी सरकार"" पर एक रॉक-स्","","2026-03-10","","0","_radio_index/suno_backup/audio/a19088bc-7520-4b85-95d9-1c3ea882182e.mp3"
"90a76515-aa8d-4b2a-9a7a-71e21acfebe1","sannata","pain hyper","","2026-03-10","","0","_radio_index/suno_backup/audio/90a76515-aa8d-4b2a-9a7a-71e21acfebe1.mp3"
"26be0fe7-c291-4924-9ac3-2b083d18f6a7","डमड्डमड्डमड्डमन्निनादवड्डमर्वयं","Sanatan & Vedic","","2026-03-10","","0","_radio_index/suno_backup/audio/26be0fe7-c291-4924-9ac3-2b083d18f6a7.mp3"
"52e21e25-80af-4053-a195-24884c96e8be","sannata","pain hyper","","2026-03-10","","0","_radio_index/suno_backup/audio/52e21e25-80af-4053-a195-24884c96e8be.mp3"
"6815cf49-e461-4ae3-a61f-755b3568de88","माएं तू मान जाइये रि","Bhakti & Katha","","2026-03-10","","0","_radio_index/suno_backup/audio/6815cf49-e461-4ae3-a61f-755b3568de88.mp3"
"9255b006-4615-4e25-8de3-371066006607","bhagat ki maa","वोकल्स (Vocals): रागिनी में गायक की आवाज़ बहुत ऊँची (High Pitch) और कड़क होती है।","","2026-03-10","","0","_radio_index/suno_backup/audio/9255b006-4615-4e25-8de3-371066006607.mp3"
"c7eb6659-3af1-4afd-9c2e-73cd9ddbaa3a","माएं तू मान जाइये रि","Bhakti & Katha","","2026-03-10","","0","_radio_index/suno_backup/audio/c7eb6659-3af1-4afd-9c2e-73cd9ddbaa3a.mp3"
"bd0e5226-f00f-414a-83dc-c3845c5cfc52","bhagat ki maa","Haryanvi Accent , Style: Haryanvi Folk Fusion, Patriotic Rock, Powerful Male Voc","","2026-03-10","","0","_radio_index/suno_backup/audio/bd0e5226-f00f-414a-83dc-c3845c5cfc52.mp3"
"3cfdad3a-c550-43eb-88d3-59f7d788eae5","bhagat ki maa","Haryanvi Accent , Style: Haryanvi Ragani   Vibe: शुरू में भावुक (Emotional) और ध","","2026-03-10","","0","_radio_index/suno_backup/audio/3cfdad3a-c550-43eb-88d3-59f7d788eae5.mp3"
"21f36fd3-91ca-4f6f-a5b9-1a61d8438a3d","bhagat ki maa","Haryanvi Accent , Style: Haryanvi Folk Fusion, Patriotic Rock, Powerful Male Voc","","2026-03-10","","0","_radio_index/suno_backup/audio/21f36fd3-91ca-4f6f-a5b9-1a61d8438a3d.mp3"
"cf2b9095-277e-40b6-b9c3-2aca73883c48","मेकाले के जाल में","Rap & Fusion","","2026-03-10","","0","_radio_index/suno_backup/audio/cf2b9095-277e-40b6-b9c3-2aca73883c48.mp3"
"7d670bc0-8519-486b-a33c-0bc00f021318","abdul","hyper rap.. greek.. thrill.. conspiracy.. anger.. hope","","2026-03-10","","0","_radio_index/suno_backup/audio/7d670bc0-8519-486b-a33c-0bc00f021318.mp3"
"5884fc52-aa08-4850-912b-272e7b063c6d","मेकाले के जाल में","hyper rap.. greek.. thrill.. conspiracy.. anger.. hope","","2026-03-10","","0","_radio_index/suno_backup/audio/5884fc52-aa08-4850-912b-272e7b063c6d.mp3"
"03cd6e42-1ff0-486e-a597-17b4f5bf7db8","अब्दुल नहीं है पंचर वाला","Rap & Fusion","","2026-03-10","","0","_radio_index/suno_backup/audio/03cd6e42-1ff0-486e-a597-17b4f5bf7db8.mp3"
"c60bddff-5831-45b2-aeda-56c210e42bee","भ्रम का जाल ये दुनिया","Sanatan & Vedic","","2026-03-10","","0","_radio_index/suno_backup/audio/c60bddff-5831-45b2-aeda-56c210e42bee.mp3"
"a9505c01-2145-47a6-bf34-71f71a1c7798","mooshak","Indian hip hop fusion, boom bap beat, tabla percussion, tanpura drone, cinematic","","2026-03-10","","0","_radio_index/suno_backup/audio/a9505c01-2145-47a6-bf34-71f71a1c7798.mp3"
"99e3f540-91d6-46d9-a363-a20ab43ac51d","superman","haryanvi super energy  rap","","2026-03-10","","0","_radio_index/suno_backup/audio/99e3f540-91d6-46d9-a363-a20ab43ac51d.mp3"
"78837c54-c069-4a21-9043-052477368de3","superman","haryanvi super energy hip hop rap","","2026-03-10","","0","_radio_index/suno_backup/audio/78837c54-c069-4a21-9043-052477368de3.mp3"
"d053cd05-5b69-4079-b2af-485b0e656142","तू है म्हारा सुपरमैन","Haryanvi Folk","","2026-03-10","","0","_radio_index/suno_backup/audio/d053cd05-5b69-4079-b2af-485b0e656142.mp3"
"c964708d-4954-4972-bfd9-eb13399ed835","superman","haryanvi super energy hip hop rap","","2026-03-10","","0","_radio_index/suno_backup/audio/c964708d-4954-4972-bfd9-eb13399ed835.mp3"
"9a171e56-f4d0-4e86-8dd8-b88e38cfe848","superman","haryanvi super energy hip hop rap","","2026-03-10","","0","_radio_index/suno_backup/audio/9a171e56-f4d0-4e86-8dd8-b88e38cfe848.mp3"
"8c4d0b31-24ca-46ea-8d9e-01e80745e77f","superman","haryanvi super energy hip hop rap","","2026-03-10","","0","_radio_index/suno_backup/audio/8c4d0b31-24ca-46ea-8d9e-01e80745e77f.mp3"
"c95adbc4-eb40-4508-8a3f-4d9376a62d99","jaleel","","","2026-03-10","","0","_radio_index/suno_backup/audio/c95adbc4-eb40-4508-8a3f-4d9376a62d99.mp3"
"1c7fc244-297c-434e-9ae6-57a76707f38d","Nahi hai koi shikva tumse ki tumhari koi nahi kh","Desh / Patriotic","","2026-03-10","","0","_radio_index/suno_backup/audio/1c7fc244-297c-434e-9ae6-57a76707f38d.mp3"
"177adbe2-a0c9-4531-96cc-8a502ee40194","नहीं है कोई शिकवा उनसे","Love & Virah","","2026-03-10","","0","_radio_index/suno_backup/audio/177adbe2-a0c9-4531-96cc-8a502ee40194.mp3"
"dbd35f9f-c48b-4228-b9d7-f7c525bfb562","jaleel","","","2026-03-10","","0","_radio_index/suno_backup/audio/dbd35f9f-c48b-4228-b9d7-f7c525bfb562.mp3"
"928d9daa-71ce-4eb4-8c1e-4c6b141d61e4","jaleel","","","2026-03-10","","0","_radio_index/suno_backup/audio/928d9daa-71ce-4eb4-8c1e-4c6b141d61e4.mp3"
"f2d23578-ceb2-4b60-9c76-13bddb621440","jaleel","","","2026-03-10","","0","_radio_index/suno_backup/audio/f2d23578-ceb2-4b60-9c76-13bddb621440.mp3"
"930eee1f-783e-47bf-a120-b800f71460ab","ग़ज़ल","Love & Virah","","2026-03-10","","0","_radio_index/suno_backup/audio/930eee1f-783e-47bf-a120-b800f71460ab.mp3"
"a605a0c4-5252-478d-9425-b0245d9284e9","jaleel","","","2026-03-10","","0","_radio_index/suno_backup/audio/a605a0c4-5252-478d-9425-b0245d9284e9.mp3"
"1692dd58-42ff-46e1-886b-d4de131eb0a0","jaleel","","","2026-03-10","","0","_radio_index/suno_backup/audio/1692dd58-42ff-46e1-886b-d4de131eb0a0.mp3"
"11ca7860-3587-4ba9-ae50-0a75df533e5d","दिल ये फिर भी तुम्हें चाहता है","Desh / Patriotic","","2026-03-10","","0","_radio_index/suno_backup/audio/11ca7860-3587-4ba9-ae50-0a75df533e5d.mp3"
"0c99df73-cc56-439f-a358-0cdbaff0f6f3","del","Bollywood Romantic Duet Emotional Ghazal Pop Soft Acoustic Love Song","","2026-03-10","","0","_radio_index/suno_backup/audio/0c99df73-cc56-439f-a358-0cdbaff0f6f3.mp3"
"d5005293-034b-4647-873f-85619d1208d1","del","Other / Misc","","2026-03-10","","0","_radio_index/suno_backup/audio/d5005293-034b-4647-873f-85619d1208d1.mp3"
"90a083bf-668c-4356-bc4d-8e8f9a4dbfc0","kewat","soul devotional with live folk","","2026-03-10","","0","_radio_index/suno_backup/audio/90a083bf-668c-4356-bc4d-8e8f9a4dbfc0.mp3"
"ce3542f2-07bf-4e0e-94d0-849e29cc7cc7","del","Bollywood Romantic Duet Emotional Ghazal Pop Soft Acoustic Love Song","","2026-03-10","","0","_radio_index/suno_backup/audio/ce3542f2-07bf-4e0e-94d0-849e29cc7cc7.mp3"
"4f8cb656-ad2a-40ae-ba45-ffb7315eeb30","kewat","soul devotional with live folk","","2026-03-10","","0","_radio_index/suno_backup/audio/4f8cb656-ad2a-40ae-ba45-ffb7315eeb30.mp3"
"cc53857c-041f-4d0d-afae-8a762ddc7425","kewat","soul devotional with live folk","","2026-03-10","","0","_radio_index/suno_backup/audio/cc53857c-041f-4d0d-afae-8a762ddc7425.mp3"
"13631800-7722-4099-8cdd-7872cc3b56d6","kewat","soul devotional with live folk","","2026-03-10","","0","_radio_index/suno_backup/audio/13631800-7722-4099-8cdd-7872cc3b56d6.mp3"
"1774f3f7-a1f2-4c36-b1bd-ddc4ac836ba9","तुम आ कर मेरे भीतर","Haryanvi Folk","","2026-03-10","","0","_radio_index/suno_backup/audio/1774f3f7-a1f2-4c36-b1bd-ddc4ac836ba9.mp3"
"3f789a12-3090-4729-8e17-03745470ffde","banjara","","","2026-03-10","","0","_radio_index/suno_backup/audio/3f789a12-3090-4729-8e17-03745470ffde.mp3"
"de7c66a0-7383-4a67-87be-742eaafdc1cb","banjara","","","2026-03-10","","0","_radio_index/suno_backup/audio/de7c66a0-7383-4a67-87be-742eaafdc1cb.mp3"
"4ae291ce-bd61-493c-9ae1-020abe22f194","banjara","","","2026-03-10","","0","_radio_index/suno_backup/audio/4ae291ce-bd61-493c-9ae1-020abe22f194.mp3"
"e547d7c0-12d6-41a8-bfb3-1a6b84a2f447","(untitled)","folk fusion","","2026-03-10","","0","_radio_index/suno_backup/audio/e547d7c0-12d6-41a8-bfb3-1a6b84a2f447.mp3"
"d0be1546-ee3d-4e7d-a6ed-bd8e2502a139","मां मेरी","Haryanvi Folk","","2026-03-10","","0","_radio_index/suno_backup/audio/d0be1546-ee3d-4e7d-a6ed-bd8e2502a139.mp3"
"40e5bcc1-b2c0-467d-b3cd-7f4b8310f042","(untitled)","folk fusion","","2026-03-10","","0","_radio_index/suno_backup/audio/40e5bcc1-b2c0-467d-b3cd-7f4b8310f042.mp3"
"f0f3206d-e731-4bb5-9182-1b17907541b8","(untitled)","folk fusion","","2026-03-10","","0","_radio_index/suno_backup/audio/f0f3206d-e731-4bb5-9182-1b17907541b8.mp3"