id	title	createdAt	duration	model	tags	catalogMatched	canPlay	coverRelativePath	audioRelativePath	rightsStatus	releaseAllowed
2bfbe15e-ac6a-487e-94bd-f535bdbe9f7a	हनु मूड खाने	2026-05-24T17:54:12.039Z	2:41	chirp-fenix		true	true	assets/covers/2bfbe15e-ac6a-487e-94bd-f535bdbe9f7a.jpeg	assets/audio/2bfbe15e-ac6a-487e-94bd-f535bdbe9f7a.mp3	NULL	false
75291d2d-784d-46f7-8c5a-774e99eb3e3e	हनु मूड खाने	2026-05-24T17:54:12.039Z	3:01	chirp-fenix		true	true	assets/covers/75291d2d-784d-46f7-8c5a-774e99eb3e3e.jpeg	assets/audio/75291d2d-784d-46f7-8c5a-774e99eb3e3e.mp3	NULL	false
fa8592bb-2d3c-443d-aaf7-9882825a0f19	हनु की पटक	2026-05-24T17:41:31.607Z	2:07	chirp-fenix	फंक	true	true	assets/covers/fa8592bb-2d3c-443d-aaf7-9882825a0f19.jpeg	assets/audio/fa8592bb-2d3c-443d-aaf7-9882825a0f19.mp3	NULL	false
974ae0bf-c90c-47bb-803a-18160360bc54	हनु की पटक	2026-05-24T17:41:31.607Z	2:35	chirp-fenix	फंक	true	true	assets/covers/974ae0bf-c90c-47bb-803a-18160360bc54.jpeg	assets/audio/974ae0bf-c90c-47bb-803a-18160360bc54.mp3	NULL	false
86fe2a68-593c-4b20-a76a-d0f504f89943	छट का दिन	2026-05-24T17:30:52.427Z	2:31	chirp-fenix		true	true	assets/covers/86fe2a68-593c-4b20-a76a-d0f504f89943.jpeg	assets/audio/86fe2a68-593c-4b20-a76a-d0f504f89943.mp3	NULL	false
2f332d7d-3202-4e03-ac8e-c8c057223685	छट का दिन	2026-05-24T17:30:52.427Z	2:27	chirp-fenix		true	true	assets/covers/2f332d7d-3202-4e03-ac8e-c8c057223685.jpeg	assets/audio/2f332d7d-3202-4e03-ac8e-c8c057223685.mp3	NULL	false
01e30f52-01cf-403d-af40-041dac751bd0	स्वरभानु माँ सिखाए	2026-05-24T17:19:43.136Z	3:00	chirp-fenix		true	true	assets/covers/01e30f52-01cf-403d-af40-041dac751bd0.jpeg	assets/audio/01e30f52-01cf-403d-af40-041dac751bd0.mp3	NULL	false
4ddbdc9c-240c-4e5d-8b50-ee61576d136e	स्वरभानु माँ सिखाए	2026-05-24T17:19:43.136Z	3:04	chirp-fenix		true	true	assets/covers/4ddbdc9c-240c-4e5d-8b50-ee61576d136e.jpeg	assets/audio/4ddbdc9c-240c-4e5d-8b50-ee61576d136e.mp3	NULL	false
30e92ffe-423f-48cf-9e93-5fd9bb7113c1	छत-छट ताल	2026-05-24T15:35:00.136Z	4:24	chirp-fenix		true	true	assets/covers/30e92ffe-423f-48cf-9e93-5fd9bb7113c1.jpeg	assets/audio/30e92ffe-423f-48cf-9e93-5fd9bb7113c1.mp3	NULL	false
25e7d717-7de7-45e6-8f5e-c53ef846cac3	छत-छट ताल	2026-05-24T15:35:00.136Z	3:46	chirp-fenix		true	true	assets/covers/25e7d717-7de7-45e6-8f5e-c53ef846cac3.jpeg	assets/audio/25e7d717-7de7-45e6-8f5e-c53ef846cac3.mp3	NULL	false
1bb556f0-a4fb-4994-9096-3ab4f66de0b8	हनुमान-अनुमान छट	2026-05-24T14:22:32.832Z	4:05	chirp-fenix	Heavy cinematic Vedic metal-phonk epic, 115 to 142 BPM, roaring traditional dhol drums, aggressive sub-bass stabs, sharp "Chhat-Chhat" syncopated handclaps, fierce hyper-articulated warrior vocals, parallel bilingual translation grid, zero celebrity likeness.	true	true	assets/covers/1bb556f0-a4fb-4994-9096-3ab4f66de0b8.jpeg	assets/audio/1bb556f0-a4fb-4994-9096-3ab4f66de0b8.mp3	NULL	false
d5f6d9bc-5c76-48d6-859d-957ef84f79b3	हनुमान-अनुमान छट	2026-05-24T14:22:32.832Z	3:57	chirp-fenix	Heavy cinematic Vedic metal-phonk epic, 115 to 142 BPM, roaring traditional dhol drums, aggressive sub-bass stabs, sharp "Chhat-Chhat" syncopated handclaps, fierce hyper-articulated warrior vocals, parallel bilingual translation grid, zero celebrity likeness.	true	true	assets/covers/d5f6d9bc-5c76-48d6-859d-957ef84f79b3.jpeg	assets/audio/d5f6d9bc-5c76-48d6-859d-957ef84f79b3.mp3	NULL	false
ada89c81-d8fa-4ec0-9938-d9435397b7cd	३३-डिजिट नियॉन	2026-05-24T14:12:37.226Z	3:18	chirp-fenix	Hyper-aggressive cinematic Vedic folk-hop epic, 115 BPM, rapid-fire phonetic staccato vocal delivery, heavy electronic dholak sub-bass stabs, sharp "Chhat-Chhat" syncopated handclaps, majestic brass climaxes, parallel bilingual dictionary interface, zero celebrity likeness.	true	true	assets/covers/ada89c81-d8fa-4ec0-9938-d9435397b7cd.jpeg	assets/audio/ada89c81-d8fa-4ec0-9938-d9435397b7cd.mp3	NULL	false
0691bbaf-1f16-453a-9c00-0eecd71d1e14	३३-डिजिट नियॉन	2026-05-24T14:12:37.226Z	3:14	chirp-fenix	Hyper-aggressive cinematic Vedic folk-hop epic, 115 BPM, rapid-fire phonetic staccato vocal delivery, heavy electronic dholak sub-bass stabs, sharp "Chhat-Chhat" syncopated handclaps, majestic brass climaxes, parallel bilingual dictionary interface, zero celebrity likeness.	true	true	assets/covers/0691bbaf-1f16-453a-9c00-0eecd71d1e14.jpeg	assets/audio/0691bbaf-1f16-453a-9c00-0eecd71d1e14.mp3	NULL	false
bcb08d50-076e-4408-ae04-389701191ee3	हनु-मान् हनु	2026-05-24T13:43:06.736Z	7:59	chirp-fenix	[Style of Music: Global Sovereign Calibration] Hyper-dynamic K-12 educational fusion, calibrated tempos from 105 to 155 BPM shifting dynamically across stages. Raw, crisp "Chhat-Chhat" syncopated rhythm strike (chhat=chhat phonetic strike mapping). Blends traditional Indian folk, acoustic Sufi harmonium, and majestic dholki loops with modern industrial cyberpunk drill, sub-bass trap stabs, and progressive synth-orchestral metal. Vocals must be hyper-articulated, raw, high-impact, featuring a parallel bilingual dictionary interface grid. Absolute zero celebrity likeness.	true	true	assets/covers/bcb08d50-076e-4408-ae04-389701191ee3.jpeg	assets/audio/bcb08d50-076e-4408-ae04-389701191ee3.mp3	NULL	false
5873f9a6-c7cc-475b-8560-a6200c367731	हनु-मान् हनु	2026-05-24T13:43:06.736Z	7:59	chirp-fenix	[Style of Music: Global Sovereign Calibration] Hyper-dynamic K-12 educational fusion, calibrated tempos from 105 to 155 BPM shifting dynamically across stages. Raw, crisp "Chhat-Chhat" syncopated rhythm strike (chhat=chhat phonetic strike mapping). Blends traditional Indian folk, acoustic Sufi harmonium, and majestic dholki loops with modern industrial cyberpunk drill, sub-bass trap stabs, and progressive synth-orchestral metal. Vocals must be hyper-articulated, raw, high-impact, featuring a parallel bilingual dictionary interface grid. Absolute zero celebrity likeness.	true	true	assets/covers/5873f9a6-c7cc-475b-8560-a6200c367731.jpeg	assets/audio/5873f9a6-c7cc-475b-8560-a6200c367731.mp3	NULL	false
a24721b3-51c9-48b8-997b-0aab5ae3f158	ह्-हनु अनुमान	2026-05-24T13:36:27.279Z	0:33	chirp-fenix	Fast-paced hyper-articulated phonetic staccato trap-folk, 115 BPM, rapid rhythmic handclaps, raw "Chhat-Chhat" syncopated strike, aggressive electronic dholak sub-bass stabs, hypnotic vocal chant delivery, zero celebrity likeness.	true	true	assets/covers/a24721b3-51c9-48b8-997b-0aab5ae3f158.jpeg	assets/audio/a24721b3-51c9-48b8-997b-0aab5ae3f158.mp3	NULL	false
39c60af7-873d-464c-ab83-86a116aa3a19	ह्-हनु अनुमान	2026-05-24T13:36:27.279Z	0:22	chirp-fenix	Fast-paced hyper-articulated phonetic staccato trap-folk, 115 BPM, rapid rhythmic handclaps, raw "Chhat-Chhat" syncopated strike, aggressive electronic dholak sub-bass stabs, hypnotic vocal chant delivery, zero celebrity likeness.	true	true	assets/covers/39c60af7-873d-464c-ab83-86a116aa3a19.jpeg	assets/audio/39c60af7-873d-464c-ab83-86a116aa3a19.mp3	NULL	false
31cd60d6-6b7d-4e15-9847-9c3866d60440	चक्र-इंजन शंखनाद	2026-05-24T13:29:49.425Z	3:37	chirp-fenix	Aggressive cinematic Vedic folk-hop epic, 115 BPM, intense traditional Chalisa rhythmic cadence, heavy sub-bass stabs, syncopated deep dhol rolls, sweeping electronic synths, sharp "Chhat-Chhat" syncopated handclaps, hyper-clear strategic engineering vocals, absolute zero celebrity likeness.	true	true	assets/covers/31cd60d6-6b7d-4e15-9847-9c3866d60440.jpeg	assets/audio/31cd60d6-6b7d-4e15-9847-9c3866d60440.mp3	NULL	false
83db2f7e-ae48-418d-9587-c807af8e24e3	चक्र-इंजन शंखनाद	2026-05-24T13:29:49.425Z	3:08	chirp-fenix	Aggressive cinematic Vedic folk-hop epic, 115 BPM, intense traditional Chalisa rhythmic cadence, heavy sub-bass stabs, syncopated deep dhol rolls, sweeping electronic synths, sharp "Chhat-Chhat" syncopated handclaps, hyper-clear strategic engineering vocals, absolute zero celebrity likeness.	true	true	assets/covers/83db2f7e-ae48-418d-9587-c807af8e24e3.jpeg	assets/audio/83db2f7e-ae48-418d-9587-c807af8e24e3.mp3	NULL	false
7333a108-d5a5-4cf4-9e36-6ce6aec10997	Chhat-Chhat Sanaatana	2026-05-24T12:33:57.613Z	2:11	chirp-fenix		true	true	assets/covers/7333a108-d5a5-4cf4-9e36-6ce6aec10997.jpeg	assets/audio/7333a108-d5a5-4cf4-9e36-6ce6aec10997.mp3	NULL	false
1fe3b620-3a18-4632-b128-12c1b2245f47	Chhat-Chhat Sanaatana	2026-05-24T12:33:57.613Z	2:15	chirp-fenix		true	true	assets/covers/1fe3b620-3a18-4632-b128-12c1b2245f47.jpeg	assets/audio/1fe3b620-3a18-4632-b128-12c1b2245f47.mp3	NULL	false
1f6a6bc0-d85f-4858-b13d-776e839401cf	द सनातन एक्सप्रेस	2026-05-24T12:10:01.812Z	3:19	chirp-fenix		true	true	assets/covers/1f6a6bc0-d85f-4858-b13d-776e839401cf.jpeg	assets/audio/1f6a6bc0-d85f-4858-b13d-776e839401cf.mp3	NULL	false
9b8b2f04-0e8b-4270-af63-84bd21bb7574	द सनातन एक्सप्रेस	2026-05-24T12:10:01.812Z	3:29	chirp-fenix		true	true	assets/covers/9b8b2f04-0e8b-4270-af63-84bd21bb7574.jpeg	assets/audio/9b8b2f04-0e8b-4270-af63-84bd21bb7574.mp3	NULL	false
ce81e083-36e5-4e52-9024-06159cb42409	Kash Bachpan Phir	2026-05-24T10:02:22.431Z	3:26	chirp-fenix	Braj folk mixed with funky pop. Bollywood dance style. Fast tempo 115 BPM. Male energetic voice with Braj accent, playful and slightly autotuned. Instruments: funky slap bass, EDM flute, dholak, electro bhangra beat, synth pad. Lyrics in Hindi with Braj words. Theme: childhood memories of Braj streets — fighting with siblings, mother's morning kitchen, school, summer vacation at grandmother's house, sleeping on terrace, father's Bhagwat Katha, mother's exam alarm, but with a party/fun vibe. Chorus: "Kash wo bachpan phir se laut aaye". Not sad, but energetic and nostalgic-fun. Music should make people dance and smile. Outro with laughing sound and flute solo. 3 minutes.	true	true	assets/covers/ce81e083-36e5-4e52-9024-06159cb42409.jpeg	assets/audio/ce81e083-36e5-4e52-9024-06159cb42409.mp3	NULL	false
684a2e17-9992-459b-970a-279f3f506e59	Kash Bachpan Phir	2026-05-24T10:02:22.430Z	3:18	chirp-fenix	Braj folk mixed with funky pop. Bollywood dance style. Fast tempo 115 BPM. Male energetic voice with Braj accent, playful and slightly autotuned. Instruments: funky slap bass, EDM flute, dholak, electro bhangra beat, synth pad. Lyrics in Hindi with Braj words. Theme: childhood memories of Braj streets — fighting with siblings, mother's morning kitchen, school, summer vacation at grandmother's house, sleeping on terrace, father's Bhagwat Katha, mother's exam alarm, but with a party/fun vibe. Chorus: "Kash wo bachpan phir se laut aaye". Not sad, but energetic and nostalgic-fun. Music should make people dance and smile. Outro with laughing sound and flute solo. 3 minutes.	true	true	assets/covers/684a2e17-9992-459b-970a-279f3f506e59.jpeg	assets/audio/684a2e17-9992-459b-970a-279f3f506e59.mp3	NULL	false
6d0a9964-c0d3-45cf-925a-c9fa28f97ba3	छत की चादर	2026-05-24T09:43:25.283Z	3:38	chirp-fenix	[Style: Hindustani Classical + Folk + Bollywood Sad + Acoustic Guitar + Tabla + Harmonium] [Tempo: Slow to Medium, 70 BPM] [Voice: Female, Melancholic, Nostalgic, Hindi with Braj touch] [Mood: Emotional, Remembering childhood, Warm yet sad] Hindi nostalgic childhood song. Male emotional voice. Slow tempo 70 BPM. Instruments: Tabla, Harmonium, Acoustic Guitar, Soft Flute. Raga blend: Bhairav (morning feel), Yaman (night sky), MalKauns (sadness). Lyrics in Hindi about missing childhood: fighting with siblings, mother's morning alarm, summer vacations at grandmother's house, sleeping on terrace, Bhagwat katha with father. Chorus: "Kash wo bachpan phir se laut aaye". Ending with fading harmonium. 3-4 minutes long. Melancholic but warm.	true	true	assets/covers/6d0a9964-c0d3-45cf-925a-c9fa28f97ba3.jpeg	assets/audio/6d0a9964-c0d3-45cf-925a-c9fa28f97ba3.mp3	NULL	false
2cde1a1a-4b66-4a74-ba16-bd13a1f93fd4	छत की चादर	2026-05-24T09:43:25.283Z	3:18	chirp-fenix	[Style: Hindustani Classical + Folk + Bollywood Sad + Acoustic Guitar + Tabla + Harmonium] [Tempo: Slow to Medium, 70 BPM] [Voice: Female, Melancholic, Nostalgic, Hindi with Braj touch] [Mood: Emotional, Remembering childhood, Warm yet sad] Hindi nostalgic childhood song. Male emotional voice. Slow tempo 70 BPM. Instruments: Tabla, Harmonium, Acoustic Guitar, Soft Flute. Raga blend: Bhairav (morning feel), Yaman (night sky), MalKauns (sadness). Lyrics in Hindi about missing childhood: fighting with siblings, mother's morning alarm, summer vacations at grandmother's house, sleeping on terrace, Bhagwat katha with father. Chorus: "Kash wo bachpan phir se laut aaye". Ending with fading harmonium. 3-4 minutes long. Melancholic but warm.	true	true	assets/covers/2cde1a1a-4b66-4a74-ba16-bd13a1f93fd4.jpeg	assets/audio/2cde1a1a-4b66-4a74-ba16-bd13a1f93fd4.mp3	NULL	false
467d741a-c022-402a-b47d-0a2abb53f043	छत वाला सितारों	2026-05-24T09:36:53.644Z	3:30	chirp-fenix	[Style: Hindustani Classical + Folk + Bollywood Sad + Acoustic Guitar + Tabla + Harmonium] [Tempo: Slow to Medium, 70 BPM] [Voice: Female, Melancholic, Nostalgic, Hindi with Braj touch] [Mood: Emotional, Remembering childhood, Warm yet sad] Hindi nostalgic childhood song. Male emotional voice. Slow tempo 70 BPM. Instruments: Tabla, Harmonium, Acoustic Guitar, Soft Flute. Raga blend: Bhairav (morning feel), Yaman (night sky), MalKauns (sadness). Lyrics in Hindi about missing childhood: fighting with siblings, mother's morning alarm, summer vacations at grandmother's house, sleeping on terrace, Bhagwat katha with father. Chorus: "Kash wo bachpan phir se laut aaye". Ending with fading harmonium. 3-4 minutes long. Melancholic but warm.	true	true	assets/covers/467d741a-c022-402a-b47d-0a2abb53f043.jpeg	assets/audio/467d741a-c022-402a-b47d-0a2abb53f043.mp3	NULL	false
b1bd425e-a117-432d-81ca-2acb4c87fa00	छत वाला सितारों	2026-05-24T09:36:53.643Z	3:53	chirp-fenix	[Style: Hindustani Classical + Folk + Bollywood Sad + Acoustic Guitar + Tabla + Harmonium] [Tempo: Slow to Medium, 70 BPM] [Voice: Female, Melancholic, Nostalgic, Hindi with Braj touch] [Mood: Emotional, Remembering childhood, Warm yet sad] Hindi nostalgic childhood song. Male emotional voice. Slow tempo 70 BPM. Instruments: Tabla, Harmonium, Acoustic Guitar, Soft Flute. Raga blend: Bhairav (morning feel), Yaman (night sky), MalKauns (sadness). Lyrics in Hindi about missing childhood: fighting with siblings, mother's morning alarm, summer vacations at grandmother's house, sleeping on terrace, Bhagwat katha with father. Chorus: "Kash wo bachpan phir se laut aaye". Ending with fading harmonium. 3-4 minutes long. Melancholic but warm.	true	true	assets/covers/b1bd425e-a117-432d-81ca-2acb4c87fa00.jpeg	assets/audio/b1bd425e-a117-432d-81ca-2acb4c87fa00.mp3	NULL	false
832210ad-c382-4ee4-8099-264df30ef06c	काली-कलम-का	2026-05-24T09:25:24.379Z	5:59	chirp-fenix	. 🎵 KA KAA RAHASYA (क का रहस्य) [मृदंगम – – सारंगी संग ] Add sargam notation (सा रे ग म) for the melody. Add Punjabi style: सा पा सा सा).	true	true	assets/covers/832210ad-c382-4ee4-8099-264df30ef06c.jpeg	assets/audio/832210ad-c382-4ee4-8099-264df30ef06c.mp3	NULL	false
236a15f1-5e9d-4489-9d6a-28e76211f10f	काली-कलम-का	2026-05-24T09:25:24.379Z	5:54	chirp-fenix	. 🎵 KA KAA RAHASYA (क का रहस्य) [मृदंगम – – सारंगी संग ] Add sargam notation (सा रे ग म) for the melody. Add Punjabi style: सा पा सा सा).	true	true	assets/covers/236a15f1-5e9d-4489-9d6a-28e76211f10f.jpeg	assets/audio/236a15f1-5e9d-4489-9d6a-28e76211f10f.mp3	NULL	false
d85bffd9-6420-4844-bef4-34a1ed0cfffd	काली कलम	2026-05-24T08:59:27.694Z	5:59	chirp-fenix	. 🎵 KA KAA RAHASYA (क का रहस्य) A Narrator-Style Neural Mystical Ballad Direction: Narrator (🎤) – slower, chanting tone. Poet (🎵) – raw, questioning. Refrain (R) – sung together. Chant (🕉️) – call and response. Outro fades to silence.	true	true	assets/covers/d85bffd9-6420-4844-bef4-34a1ed0cfffd.jpeg	assets/audio/d85bffd9-6420-4844-bef4-34a1ed0cfffd.mp3	NULL	false
2cba3a04-39a7-4cb7-8c74-33800f3a25d7	काली कलम	2026-05-24T08:59:27.694Z	5:28	chirp-fenix	. 🎵 KA KAA RAHASYA (क का रहस्य) A Narrator-Style Neural Mystical Ballad Direction: Narrator (🎤) – slower, chanting tone. Poet (🎵) – raw, questioning. Refrain (R) – sung together. Chant (🕉️) – call and response. Outro fades to silence.	true	true	assets/covers/2cba3a04-39a7-4cb7-8c74-33800f3a25d7.jpeg	assets/audio/2cba3a04-39a7-4cb7-8c74-33800f3a25d7.mp3	NULL	false
58a470f5-a299-4fb9-b539-f879df9db3c0	कागद काली कलम	2026-05-24T08:25:25.008Z	5:58	chirp-fenix		true	true	assets/covers/58a470f5-a299-4fb9-b539-f879df9db3c0.jpeg	assets/audio/58a470f5-a299-4fb9-b539-f879df9db3c0.mp3	NULL	false
8aee516c-0320-41bb-9f30-695a8a3b34df	कागद काली कलम	2026-05-24T08:25:25.007Z	5:33	chirp-fenix		true	true	assets/covers/8aee516c-0320-41bb-9f30-695a8a3b34df.jpeg	assets/audio/8aee516c-0320-41bb-9f30-695a8a3b34df.mp3	NULL	false
3c08a390-57b0-4deb-b710-ffd81cd63cec	Ka Kau Question	2026-05-24T06:02:40.369Z	5:37	chirp-fenix	🎵 Song: Ka Kaa Rahasya (The Secret of 'Ka') Style: Neural Narrative mystical ballad / Shabad-Kirtan with dialogue Mood: Reverent, provocative, ecstatic, paradoxical	true	true	assets/covers/3c08a390-57b0-4deb-b710-ffd81cd63cec.jpeg	assets/audio/3c08a390-57b0-4deb-b710-ffd81cd63cec.mp3	NULL	false
c086c759-c522-42a2-9718-bf85eb3d3dc7	Ka Kau Question	2026-05-24T06:02:40.369Z	5:47	chirp-fenix	🎵 Song: Ka Kaa Rahasya (The Secret of 'Ka') Style: Neural Narrative mystical ballad / Shabad-Kirtan with dialogue Mood: Reverent, provocative, ecstatic, paradoxical	true	true	assets/covers/c086c759-c522-42a2-9718-bf85eb3d3dc7.jpeg	assets/audio/c086c759-c522-42a2-9718-bf85eb3d3dc7.mp3	NULL	false
0d2391f0-56a0-4e55-b0a6-3054cf623259	Kaahe Kaagaz	2026-05-24T05:56:03.242Z	4:47	chirp-fenix		true	true	assets/covers/0d2391f0-56a0-4e55-b0a6-3054cf623259.jpeg	assets/audio/0d2391f0-56a0-4e55-b0a6-3054cf623259.mp3	NULL	false
8eb95048-e740-4624-99bf-e1c3293c9dfb	Kaahe Kaagaz	2026-05-24T05:56:03.242Z	4:41	chirp-fenix		true	true	assets/covers/8eb95048-e740-4624-99bf-e1c3293c9dfb.jpeg	assets/audio/8eb95048-e740-4624-99bf-e1c3293c9dfb.mp3	NULL	false
e0c8c103-aedf-4560-a5f1-875275518f0f	Kaal Likhe Kaal	2026-05-24T05:39:04.781Z	4:54	chirp-fenix		true	true	assets/covers/e0c8c103-aedf-4560-a5f1-875275518f0f.jpeg	assets/audio/e0c8c103-aedf-4560-a5f1-875275518f0f.mp3	NULL	false
da4174c6-2d45-4d98-8050-72dcb85f6fb9	Kaal Likhe Kaal	2026-05-24T05:39:04.781Z	5:06	chirp-fenix		true	true	assets/covers/da4174c6-2d45-4d98-8050-72dcb85f6fb9.jpeg	assets/audio/da4174c6-2d45-4d98-8050-72dcb85f6fb9.mp3	NULL	false
f090d601-40e5-4874-b303-4bc84220564c	Kaa Rahasya	2026-05-24T05:14:19.390Z	2:55	chirp-fenix		true	true	assets/covers/f090d601-40e5-4874-b303-4bc84220564c.jpeg	assets/audio/f090d601-40e5-4874-b303-4bc84220564c.mp3	NULL	false
dec1c74f-f3ae-4b2b-b293-27081aef1c5e	Kaa Rahasya	2026-05-24T05:14:19.390Z	2:24	chirp-fenix		true	true	assets/covers/dec1c74f-f3ae-4b2b-b293-27081aef1c5e.jpeg	assets/audio/dec1c74f-f3ae-4b2b-b293-27081aef1c5e.mp3	NULL	false
6c05306f-bf60-44fc-9a7c-cd6a8d07190d	छुक-छुक गाड़ी	2026-05-23T16:25:15.704Z	3:33	chirp-fenix	Playful energetic Indian classical folk-pop, 112 BPM, bouncy tech-folk sarangi, crisp syncopated handclaps, bright mridang, warm rhythmic sitar plucks, clean melodic dual-voice enthusiastic vocals, clear child-friendly articulation, happy educational translation vibe, raw and crisp but gentle impact.	true	true	assets/covers/6c05306f-bf60-44fc-9a7c-cd6a8d07190d.jpeg	assets/audio/6c05306f-bf60-44fc-9a7c-cd6a8d07190d.mp3	NULL	false
c0a0b8a2-6b5b-4c50-a7d1-5bd85bd7e24d	छुक-छुक गाड़ी	2026-05-23T16:25:15.704Z	3:25	chirp-fenix	Playful energetic Indian classical folk-pop, 112 BPM, bouncy tech-folk sarangi, crisp syncopated handclaps, bright mridang, warm rhythmic sitar plucks, clean melodic dual-voice enthusiastic vocals, clear child-friendly articulation, happy educational translation vibe, raw and crisp but gentle impact.	true	true	assets/covers/c0a0b8a2-6b5b-4c50-a7d1-5bd85bd7e24d.jpeg	assets/audio/c0a0b8a2-6b5b-4c50-a7d1-5bd85bd7e24d.mp3	NULL	false
8334c7f3-00ab-48e5-8e90-fae9c7898ec4	छुक-छुक भाषा गाड़ी	2026-05-23T16:21:52.539Z	3:28	chirp-fenix	Playful energetic Indian electronic folk-pop, 112 BPM, bouncy tech-folk drums, crisp syncopated handclaps, bright acoustic bamboo flute, warm rhythmic sitar plucks, clean melodic dual-voice enthusiastic vocals, clear child-friendly articulation, happy educational translation vibe, raw and crisp but gentle impact.	true	true	assets/covers/8334c7f3-00ab-48e5-8e90-fae9c7898ec4.jpeg	assets/audio/8334c7f3-00ab-48e5-8e90-fae9c7898ec4.mp3	NULL	false
130d4a7c-79cc-4c0e-827e-a011ef1e0689	छुक-छुक भाषा गाड़ी	2026-05-23T16:21:52.539Z	3:30	chirp-fenix	Playful energetic Indian electronic folk-pop, 112 BPM, bouncy tech-folk drums, crisp syncopated handclaps, bright acoustic bamboo flute, warm rhythmic sitar plucks, clean melodic dual-voice enthusiastic vocals, clear child-friendly articulation, happy educational translation vibe, raw and crisp but gentle impact.	true	true	assets/covers/130d4a7c-79cc-4c0e-827e-a011ef1e0689.jpeg	assets/audio/130d4a7c-79cc-4c0e-827e-a011ef1e0689.mp3	NULL	false
935837be-7dfb-4f7d-ae0c-36743a8de966	छुक-छुक भाषा गाड़ी	2026-05-23T05:46:58.430Z	3:38	chirp-fenix	Playful energetic Indian electronic folk-pop, 112 BPM, bouncy tech-folk drums, crisp syncopated handclaps, bright acoustic bamboo flute, warm rhythmic sitar plucks, clean melodic dual-voice enthusiastic vocals, clear child-friendly articulation, happy educational translation vibe, raw and crisp but gentle impact.	true	true	assets/covers/935837be-7dfb-4f7d-ae0c-36743a8de966.jpeg	assets/audio/935837be-7dfb-4f7d-ae0c-36743a8de966.mp3	NULL	false
4de46a49-de10-4bc4-8e89-bded6e92e5e8	छुक-छुक भाषा गाड़ी	2026-05-23T05:46:58.430Z	3:33	chirp-fenix	Playful energetic Indian electronic folk-pop, 112 BPM, bouncy tech-folk drums, crisp syncopated handclaps, bright acoustic bamboo flute, warm rhythmic sitar plucks, clean melodic dual-voice enthusiastic vocals, clear child-friendly articulation, happy educational translation vibe, raw and crisp but gentle impact.	true	true	assets/covers/4de46a49-de10-4bc4-8e89-bded6e92e5e8.jpeg	assets/audio/4de46a49-de10-4bc4-8e89-bded6e92e5e8.mp3	NULL	false
d3047e94-747e-478b-84d0-ebcd931b6ebf	छुक-छुक कोडिंग गाड़ी	2026-05-23T04:46:39.405Z	4:17	chirp-fenix	Playful energetic Indian electronic folk-pop, 112 BPM, bouncy tech-folk drums, crisp syncopated handclaps, bright acoustic bamboo flute, warm rhythmic sitar plucks, clean melodic enthusiastic vocals, clear child-friendly articulation, happy educational vibe, raw and crisp but gentle impact.	true	true	assets/covers/d3047e94-747e-478b-84d0-ebcd931b6ebf.jpeg	assets/audio/d3047e94-747e-478b-84d0-ebcd931b6ebf.mp3	NULL	false
9438a33e-1869-4686-89f7-2b1b3746fbe8	छुक-छुक कोडिंग गाड़ी	2026-05-23T04:46:39.405Z	4:28	chirp-fenix	Playful energetic Indian electronic folk-pop, 112 BPM, bouncy tech-folk drums, crisp syncopated handclaps, bright acoustic bamboo flute, warm rhythmic sitar plucks, clean melodic enthusiastic vocals, clear child-friendly articulation, happy educational vibe, raw and crisp but gentle impact.	true	true	assets/covers/9438a33e-1869-4686-89f7-2b1b3746fbe8.jpeg	assets/audio/9438a33e-1869-4686-89f7-2b1b3746fbe8.mp3	NULL	false
61a1c2e8-6e9b-4636-b976-9c0a3c82cc60	राजधर्म चक्र	2026-05-23T01:48:40.835Z	3:33	chirp-fenix	Heavy Industrial Drop, Vedic chanting trap mix, fast-paced aggressive rap cadence, deep low-end 808 sub-bass stamps, sharp metallic snare rolls, maximum raw authoritative male vocal presence, intense sovereign statecraft cinematic theme.	true	true	assets/covers/61a1c2e8-6e9b-4636-b976-9c0a3c82cc60.jpeg	assets/audio/61a1c2e8-6e9b-4636-b976-9c0a3c82cc60.mp3	NULL	false
2ed5e119-5a3e-4f8f-9802-0b0a921375b4	राजधर्म चक्र	2026-05-23T01:48:40.835Z	3:47	chirp-fenix	Heavy Industrial Drop, Vedic chanting trap mix, fast-paced aggressive rap cadence, deep low-end 808 sub-bass stamps, sharp metallic snare rolls, maximum raw authoritative male vocal presence, intense sovereign statecraft cinematic theme.	true	true	assets/covers/2ed5e119-5a3e-4f8f-9802-0b0a921375b4.jpeg	assets/audio/2ed5e119-5a3e-4f8f-9802-0b0a921375b4.mp3	NULL	false
0551f9c5-85b2-43c5-a715-b29b3a10df0c	कबीर निर्गुण	2026-05-23T01:46:45.019Z	3:45	chirp-fenix	Acoustic Neural Trans fused with Raw Crisp Drill Beats, emotional Sufi-Drill vocal textures, high-impact syncopated claps, deep cinematic atmospheric soundscapes, intense low-end bass drop, pure and honest Indian soul identity.	true	true	assets/covers/0551f9c5-85b2-43c5-a715-b29b3a10df0c.jpeg	assets/audio/0551f9c5-85b2-43c5-a715-b29b3a10df0c.mp3	NULL	false
77a40556-adc6-4bd2-bf2d-3bfac249ad2a	कबीर निर्गुण	2026-05-23T01:46:45.018Z	4:00	chirp-fenix	Acoustic Neural Trans fused with Raw Crisp Drill Beats, emotional Sufi-Drill vocal textures, high-impact syncopated claps, deep cinematic atmospheric soundscapes, intense low-end bass drop, pure and honest Indian soul identity.	true	true	assets/covers/77a40556-adc6-4bd2-bf2d-3bfac249ad2a.jpeg	assets/audio/77a40556-adc6-4bd2-bf2d-3bfac249ad2a.mp3	NULL	false
5791e93b-a997-4765-b8d1-c0fcbb88c384	संप्रभुता का डंका	2026-05-23T01:44:53.261Z	4:18	chirp-fenix	Dark Aggressive Cinematic Phonk, heavy brass orchestration, ancient Indian war drums, crushing distorted 808 sub-bass stamps, razor-sharp transient strikes, heavy handclaps, 140 BPM, fast tempo, raw energetic drill delivery, sovereign rule theme, cinematic historical intensity.	true	true	assets/covers/5791e93b-a997-4765-b8d1-c0fcbb88c384.jpeg	assets/audio/5791e93b-a997-4765-b8d1-c0fcbb88c384.mp3	NULL	false
f9f70b24-e62f-40a2-b42f-f3a0ba272777	संप्रभुता का डंका	2026-05-23T01:44:53.261Z	3:53	chirp-fenix	Dark Aggressive Cinematic Phonk, heavy brass orchestration, ancient Indian war drums, crushing distorted 808 sub-bass stamps, razor-sharp transient strikes, heavy handclaps, 140 BPM, fast tempo, raw energetic drill delivery, sovereign rule theme, cinematic historical intensity.	true	true	assets/covers/f9f70b24-e62f-40a2-b42f-f3a0ba272777.jpeg	assets/audio/f9f70b24-e62f-40a2-b42f-f3a0ba272777.mp3	NULL	false
c7fabad5-bd6d-4a60-b985-ad0aae6819c3	चणक्य चांदी	2026-05-23T01:09:57.999Z	3:40	chirp-fenix	Aggressive Haryanvi Hyperrap fused with powerful Sufi Qawwali claps, crushing distorted 808 sub-bass stamps, razor-sharp transient strikes, 145 BPM, heavy industrial snare rolls, raw energetic male vocals, ultimate sovereign Indian historical and monetary vibe.	true	true	assets/covers/c7fabad5-bd6d-4a60-b985-ad0aae6819c3.jpeg	assets/audio/c7fabad5-bd6d-4a60-b985-ad0aae6819c3.mp3	NULL	false
fc641c78-b723-4744-a9f0-93ca40542e4f	चणक्य चांदी	2026-05-23T01:09:57.999Z	3:46	chirp-fenix	Aggressive Haryanvi Hyperrap fused with powerful Sufi Qawwali claps, crushing distorted 808 sub-bass stamps, razor-sharp transient strikes, 145 BPM, heavy industrial snare rolls, raw energetic male vocals, ultimate sovereign Indian historical and monetary vibe.	true	true	assets/covers/fc641c78-b723-4744-a9f0-93ca40542e4f.jpeg	assets/audio/fc641c78-b723-4744-a9f0-93ca40542e4f.mp3	NULL	false
e1ec848b-c158-4366-ba75-bb0d12943801	चाणक्य सिक्का	2026-05-23T01:08:23.806Z	1:40	chirp-fenix	Aggressive Haryanvi Hyperrap fused with powerful Sufi Qawwali claps, high-impact crisp sound design, 145 BPM, heavy industrial bass stamps, raw energetic male vocals, sovereign monetary vibe.	true	true	assets/covers/e1ec848b-c158-4366-ba75-bb0d12943801.jpeg	assets/audio/e1ec848b-c158-4366-ba75-bb0d12943801.mp3	NULL	false
4573b54b-63f0-4dac-9e7a-4ba9ddf8acbc	चाणक्य सिक्का	2026-05-23T01:08:23.806Z	1:56	chirp-fenix	Aggressive Haryanvi Hyperrap fused with powerful Sufi Qawwali claps, high-impact crisp sound design, 145 BPM, heavy industrial bass stamps, raw energetic male vocals, sovereign monetary vibe.	true	true	assets/covers/4573b54b-63f0-4dac-9e7a-4ba9ddf8acbc.jpeg	assets/audio/4573b54b-63f0-4dac-9e7a-4ba9ddf8acbc.mp3	NULL	false
2b968ed3-b8ee-44e4-ad96-e3da7d583ae0	डिजिटल गुरुकुल	2026-05-23T01:01:08.447Z	3:53	chirp-fenix	High-energy Cyberpunk Phonk fused with Aggressive Indian Drill, crushing distorted 808 sub-bass stamps, razor-sharp transient strikes, heavy handclaps, fast tempo 142 BPM, hypnotic rhythmic technical chants in background, raw and crisp scientific impact.	true	true	assets/covers/2b968ed3-b8ee-44e4-ad96-e3da7d583ae0.jpeg	assets/audio/2b968ed3-b8ee-44e4-ad96-e3da7d583ae0.mp3	NULL	false
da33361a-8617-4815-b444-dd6d95f00bca	डिजिटल गुरुकुल	2026-05-23T01:01:08.447Z	3:39	chirp-fenix	High-energy Cyberpunk Phonk fused with Aggressive Indian Drill, crushing distorted 808 sub-bass stamps, razor-sharp transient strikes, heavy handclaps, fast tempo 142 BPM, hypnotic rhythmic technical chants in background, raw and crisp scientific impact.	true	true	assets/covers/da33361a-8617-4815-b444-dd6d95f00bca.jpeg	assets/audio/da33361a-8617-4815-b444-dd6d95f00bca.mp3	NULL	false
f31751f4-ec55-4c42-a423-07f42895a464	लिटमस परिपथ	2026-05-23T00:59:07.048Z	2:05	chirp-fenix	High-energy Cyberpunk Phonk, traditional Indian folk accents, punchy aggressive drums, razor-sharp transient strikes, 135 BPM, hypnotic rhythmic technical chanting, heavy low-end bassline, raw and crisp impact.	true	true	assets/covers/f31751f4-ec55-4c42-a423-07f42895a464.jpeg	assets/audio/f31751f4-ec55-4c42-a423-07f42895a464.mp3	NULL	false
05bb41b7-0a36-4c99-a245-d5d727f902c3	लिटमस परिपथ	2026-05-23T00:59:07.048Z	1:32	chirp-fenix	High-energy Cyberpunk Phonk, traditional Indian folk accents, punchy aggressive drums, razor-sharp transient strikes, 135 BPM, hypnotic rhythmic technical chanting, heavy low-end bassline, raw and crisp impact.	true	true	assets/covers/05bb41b7-0a36-4c99-a245-d5d727f902c3.jpeg	assets/audio/05bb41b7-0a36-4c99-a245-d5d727f902c3.mp3	NULL	false
cc265065-cce9-480d-8e32-6f6530047d9b	Shankhnaad Cowbell Drop	2026-05-23T00:54:07.296Z	3:21	chirp-fenix	High-energy Cyberpunk Phonk fused with Aggressive Indian Drill, crushing distorted 808 sub-bass stamps, razor-sharp transient strikes, heavy handclaps, fast tempo 142 BPM, hypnotic rhythmic Vedic Sanskrit chanting in background, raw and crisp technical impact.	true	true	assets/covers/cc265065-cce9-480d-8e32-6f6530047d9b.jpeg	assets/audio/cc265065-cce9-480d-8e32-6f6530047d9b.mp3	NULL	false
28ed327a-4860-4957-a494-fcd59d36bcd9	Shankhnaad Cowbell Drop	2026-05-23T00:54:07.296Z	2:54	chirp-fenix	High-energy Cyberpunk Phonk fused with Aggressive Indian Drill, crushing distorted 808 sub-bass stamps, razor-sharp transient strikes, heavy handclaps, fast tempo 142 BPM, hypnotic rhythmic Vedic Sanskrit chanting in background, raw and crisp technical impact.	true	true	assets/covers/28ed327a-4860-4957-a494-fcd59d36bcd9.jpeg	assets/audio/28ed327a-4860-4957-a494-fcd59d36bcd9.mp3	NULL	false
e038f00c-f649-44ca-8cc5-f2110a995703	कोष्ठक शंखनाद	2026-05-23T00:51:11.334Z	1:09	chirp-fenix	Raw Aggressive Indian Drill Phonk, heavy distorted 808 sub-bass, crisp metallic percussion strikes, fast tempo 140 BPM, energetic handclaps, dark educational cinematic intro, high-impact syncopated beats, authentic Indian identity.	true	true	assets/covers/e038f00c-f649-44ca-8cc5-f2110a995703.jpeg	assets/audio/e038f00c-f649-44ca-8cc5-f2110a995703.mp3	NULL	false
bc9e8406-4ced-4d22-a476-896c9d6b31e3	कोष्ठक शंखनाद	2026-05-23T00:51:11.334Z	3:06	chirp-fenix	Raw Aggressive Indian Drill Phonk, heavy distorted 808 sub-bass, crisp metallic percussion strikes, fast tempo 140 BPM, energetic handclaps, dark educational cinematic intro, high-impact syncopated beats, authentic Indian identity.	true	true	assets/covers/bc9e8406-4ced-4d22-a476-896c9d6b31e3.jpeg	assets/audio/bc9e8406-4ced-4d22-a476-896c9d6b31e3.mp3	NULL	false
eae4f2af-ad53-414e-b47b-70dcd331427a	चांदी का सिक्का	2026-05-23T00:33:01.700Z	3:32	chirp-fenix	Aggressive Haryanvi Hyperrap fused with powerful Sufi Qawwali claps, high-impact crisp sound design, 150 BPM, heavy industrial 808 sub-bass stamps, sharp metallic snare rolls, raw energetic male vocals, ultimate sovereign Indian monetary vibe.	true	true	assets/covers/eae4f2af-ad53-414e-b47b-70dcd331427a.jpeg	assets/audio/eae4f2af-ad53-414e-b47b-70dcd331427a.mp3	NULL	false
961c3ee7-95d5-4fc3-86be-9fc9344cb1b1	चांदी का सिक्का	2026-05-23T00:33:01.700Z	3:39	chirp-fenix	Aggressive Haryanvi Hyperrap fused with powerful Sufi Qawwali claps, high-impact crisp sound design, 150 BPM, heavy industrial 808 sub-bass stamps, sharp metallic snare rolls, raw energetic male vocals, ultimate sovereign Indian monetary vibe.	true	true	assets/covers/961c3ee7-95d5-4fc3-86be-9fc9344cb1b1.jpeg	assets/audio/961c3ee7-95d5-4fc3-86be-9fc9344cb1b1.mp3	NULL	false
ee8190df-8ed5-4fd2-b83e-f6908dad6089	तेईस दशमलव पाँच	2026-05-23T00:21:17.096Z	4:55	chirp-fenix	High-energy Cyberpunk Phonk fused with Aggressive Indian Folk, punchy industrial 808 sub-bass stamps, razor-sharp transient strikes, heavy handclaps, 135 BPM, hypnotic rhythmic Vedic chanting background, raw and crisp technical impact, cosmic identity.	true	true	assets/covers/ee8190df-8ed5-4fd2-b83e-f6908dad6089.jpeg	assets/audio/ee8190df-8ed5-4fd2-b83e-f6908dad6089.mp3	NULL	false
5430725d-e817-463d-8233-7d08e6bb2a8c	तेईस दशमलव पाँच	2026-05-23T00:21:17.096Z	5:22	chirp-fenix	High-energy Cyberpunk Phonk fused with Aggressive Indian Folk, punchy industrial 808 sub-bass stamps, razor-sharp transient strikes, heavy handclaps, 135 BPM, hypnotic rhythmic Vedic chanting background, raw and crisp technical impact, cosmic identity.	true	true	assets/covers/5430725d-e817-463d-8233-7d08e6bb2a8c.jpeg	assets/audio/5430725d-e817-463d-8233-7d08e6bb2a8c.mp3	NULL	false
7136ecc0-1cde-4b63-93df-1bd8100300b5	शंखनाद बाइनरी	2026-05-23T00:10:06.037Z	3:36	chirp-fenix	Raw Aggressive Indian Drill Phonk, heavy distorted 808 bass, crisp metallic percussion strikes, rhythmic claps, fast tempo 140 BPM, ethereal Sufi Qawwali backing vocals, dark cinematic intro, high-impact syncopated beats, authentic Indian identity.	true	true	assets/covers/7136ecc0-1cde-4b63-93df-1bd8100300b5.jpeg	assets/audio/7136ecc0-1cde-4b63-93df-1bd8100300b5.mp3	NULL	false
7ad70850-e3ae-4d26-b0e9-05197e2cb4f9	शंखनाद बाइनरी	2026-05-23T00:10:06.037Z	3:17	chirp-fenix	Raw Aggressive Indian Drill Phonk, heavy distorted 808 bass, crisp metallic percussion strikes, rhythmic claps, fast tempo 140 BPM, ethereal Sufi Qawwali backing vocals, dark cinematic intro, high-impact syncopated beats, authentic Indian identity.	true	true	assets/covers/7ad70850-e3ae-4d26-b0e9-05197e2cb4f9.jpeg	assets/audio/7ad70850-e3ae-4d26-b0e9-05197e2cb4f9.mp3	NULL	false
f6051273-d0f3-41f7-b3fe-3b657023d007	पिंगल-बाइनरी ट्राम	2026-05-22T22:20:49.184Z	3:46	chirp-fenix	neural radio program for students	true	true	assets/covers/f6051273-d0f3-41f7-b3fe-3b657023d007.jpeg	assets/audio/f6051273-d0f3-41f7-b3fe-3b657023d007.mp3	NULL	false
ccd4fdeb-6879-4797-ae1f-f37fe6330b64	पिंगल-बाइनरी ट्राम	2026-05-22T22:20:49.184Z	3:27	chirp-fenix	neural radio program for students	true	true	assets/covers/ccd4fdeb-6879-4797-ae1f-f37fe6330b64.jpeg	assets/audio/ccd4fdeb-6879-4797-ae1f-f37fe6330b64.mp3	NULL	false
289f8c8d-4172-4b06-aa7f-5a73fd559b01	कोर लॉग्स लाइव	2026-05-22T22:01:24.943Z	4:17	chirp-fenix	neural radio program for students	true	true	assets/covers/289f8c8d-4172-4b06-aa7f-5a73fd559b01.jpeg	assets/audio/289f8c8d-4172-4b06-aa7f-5a73fd559b01.mp3	NULL	false
ac3bbd7c-13ce-4c58-8852-a3ba11cf9d62	कोर लॉग्स लाइव	2026-05-22T22:01:24.943Z	3:37	chirp-fenix	neural radio program for students	true	true	assets/covers/ac3bbd7c-13ce-4c58-8852-a3ba11cf9d62.jpeg	assets/audio/ac3bbd7c-13ce-4c58-8852-a3ba11cf9d62.mp3	NULL	false
8dfe144d-a4e9-4c51-8d4b-2c642a9eb4be	डिजिटल गुरुकुल मैट्रिक्स	2026-05-22T21:47:51.904Z	2:23	chirp-fenix		true	true	assets/covers/8dfe144d-a4e9-4c51-8d4b-2c642a9eb4be.jpeg	assets/audio/8dfe144d-a4e9-4c51-8d4b-2c642a9eb4be.mp3	NULL	false
cac083e2-5eba-42df-a500-188660293076	डिजिटल गुरुकुल मैट्रिक्स	2026-05-22T21:47:51.904Z	1:40	chirp-fenix		true	true	assets/covers/cac083e2-5eba-42df-a500-188660293076.jpeg	assets/audio/cac083e2-5eba-42df-a500-188660293076.mp3	NULL	false
1fe24a9e-568a-49b0-ba5b-a24b30c0d106	डिजिटल गुरुकुल लॉग्स	2026-05-22T21:47:16.177Z	4:01	chirp-fenix	Style: real radio, sanaatana telecast	true	true	assets/covers/1fe24a9e-568a-49b0-ba5b-a24b30c0d106.jpeg	assets/audio/1fe24a9e-568a-49b0-ba5b-a24b30c0d106.mp3	NULL	false
9e69f682-8e35-49be-bd83-e64b31b91832	डिजिटल गुरुकुल लॉग्स	2026-05-22T21:47:16.177Z	3:27	chirp-fenix	Style: real radio, sanaatana telecast	true	true	assets/covers/9e69f682-8e35-49be-bd83-e64b31b91832.jpeg	assets/audio/9e69f682-8e35-49be-bd83-e64b31b91832.mp3	NULL	false
161f3183-f997-4981-afda-e28650b9f92d	डिजिटल गुरुकुल-कनेक्टर	2026-05-22T19:58:18.343Z	3:19	chirp-fenix	Style: radio sanaatana telecast	true	true	assets/covers/161f3183-f997-4981-afda-e28650b9f92d.jpeg	assets/audio/161f3183-f997-4981-afda-e28650b9f92d.mp3	NULL	false
db77a1fc-e18d-44a0-a28d-7653ea20e3c3	डिजिटल गुरुकुल-कनेक्टर	2026-05-22T19:58:18.342Z	4:18	chirp-fenix	Style: radio sanaatana telecast	true	true	assets/covers/db77a1fc-e18d-44a0-a28d-7653ea20e3c3.jpeg	assets/audio/db77a1fc-e18d-44a0-a28d-7653ea20e3c3.mp3	NULL	false
1c0f3567-660d-40a2-8672-943688dd3c89	Reversed Sitar Whisper	2026-05-19T18:29:20.842Z	4:27	chirp-fenix	Style: Desi Trap, Indian Hip Hop, Dark Trap, 140 BPM, male autotuned rap, heavy 808 slides, triplet hi-hats, dark piano, sitar sample, patriotic, emotional, aggressive, swagger	true	true	assets/covers/1c0f3567-660d-40a2-8672-943688dd3c89.jpeg	assets/audio/1c0f3567-660d-40a2-8672-943688dd3c89.mp3	NULL	false
d60bbdd7-852b-4638-9bfc-de2be9c9f0e9	Reversed Sitar Whisper	2026-05-19T18:29:20.842Z	4:22	chirp-fenix	Style: Desi Trap, Indian Hip Hop, Dark Trap, 140 BPM, male autotuned rap, heavy 808 slides, triplet hi-hats, dark piano, sitar sample, patriotic, emotional, aggressive, swagger	true	true	assets/covers/d60bbdd7-852b-4638-9bfc-de2be9c9f0e9.jpeg	assets/audio/d60bbdd7-852b-4638-9bfc-de2be9c9f0e9.mp3	NULL	false
b1673a2d-91fa-478f-a3c3-79d253fd7444	परदेसां धड़कन	2026-05-19T18:13:36.938Z	5:15	chirp-fenix	[Genre: Psytrance, Funky House, Hyperpop, Indian Fusion, 145 BPM, Male Vocals, Heavy Bass, Distorted Sarangi, Fast Cut Drums] Style: Psytrance 145 BPM, Funky House, Hyperpop, Indian electronic fusion, distorted sarangi, autotune male vocals, heavy sidechain, 808 bass, glitch effects, talkbox, breakbeats	true	true	assets/covers/b1673a2d-91fa-478f-a3c3-79d253fd7444.jpeg	assets/audio/b1673a2d-91fa-478f-a3c3-79d253fd7444.mp3	NULL	false
6145df1e-62b2-4fd3-a150-ebef60393608	परदेसां धड़कन	2026-05-19T18:13:36.938Z	5:37	chirp-fenix	[Genre: Psytrance, Funky House, Hyperpop, Indian Fusion, 145 BPM, Male Vocals, Heavy Bass, Distorted Sarangi, Fast Cut Drums] Style: Psytrance 145 BPM, Funky House, Hyperpop, Indian electronic fusion, distorted sarangi, autotune male vocals, heavy sidechain, 808 bass, glitch effects, talkbox, breakbeats	true	true	assets/covers/6145df1e-62b2-4fd3-a150-ebef60393608.jpeg	assets/audio/6145df1e-62b2-4fd3-a150-ebef60393608.mp3	NULL	false
4f82c591-30f7-4369-8544-9c90f7b11d0d	Distorted Sarangi Wobble	2026-05-19T18:06:49.094Z	5:05	chirp-fenix	[Genre: Psytrance, Funky House, Hyperpop, Indian Fusion, 145 BPM, Male Vocals, Heavy Bass, Distorted Sarangi, Fast Cut Drums] Style: Psytrance 145 BPM, Funky House, Hyperpop, Indian electronic fusion, distorted sarangi, autotune male vocals, heavy sidechain, 808 bass, glitch effects, talkbox, breakbeats	true	true	assets/covers/4f82c591-30f7-4369-8544-9c90f7b11d0d.jpeg	assets/audio/4f82c591-30f7-4369-8544-9c90f7b11d0d.mp3	NULL	false
60bb8f17-03b5-4159-ab31-2927d80a2629	Distorted Sarangi Wobble	2026-05-19T18:06:49.094Z	4:56	chirp-fenix	[Genre: Psytrance, Funky House, Hyperpop, Indian Fusion, 145 BPM, Male Vocals, Heavy Bass, Distorted Sarangi, Fast Cut Drums] Style: Psytrance 145 BPM, Funky House, Hyperpop, Indian electronic fusion, distorted sarangi, autotune male vocals, heavy sidechain, 808 bass, glitch effects, talkbox, breakbeats	true	true	assets/covers/60bb8f17-03b5-4159-ab31-2927d80a2629.jpeg	assets/audio/60bb8f17-03b5-4159-ab31-2927d80a2629.mp3	NULL	false
6657399e-3da3-424d-9965-024cc4786644	Tanpura Rainbird	2026-05-19T15:23:09.520Z	4:41	chirp-fenix	Style: Lo-fi Hip Hop, Chillhop, Indian folk sample, 75 BPM, soft male vocals, vinyl crackle, rain ambience, melancholic, dusty beat, sitar, tanpura, no harsh frequencies	true	true	assets/covers/6657399e-3da3-424d-9965-024cc4786644.jpeg	assets/audio/6657399e-3da3-424d-9965-024cc4786644.mp3	NULL	false
2f7dc4d3-998d-4f4c-b011-9f88e7a482c1	Tanpura Rainbird	2026-05-19T15:23:09.520Z	4:46	chirp-fenix	Style: Lo-fi Hip Hop, Chillhop, Indian folk sample, 75 BPM, soft male vocals, vinyl crackle, rain ambience, melancholic, dusty beat, sitar, tanpura, no harsh frequencies	true	true	assets/covers/2f7dc4d3-998d-4f4c-b011-9f88e7a482c1.jpeg	assets/audio/2f7dc4d3-998d-4f4c-b011-9f88e7a482c1.mp3	NULL	false
4c151ea0-4e12-4f3c-8767-e25ed0ee02cb	परदेसां कीधूप	2026-05-19T10:27:44.108Z	5:13	chirp-fenix	Style: Lo-fi Hip Hop, Chillhop, Indian folk sample, 75 BPM, soft male vocals, vinyl crackle, rain ambience, melancholic, dusty beat, sitar, tanpura, no harsh frequencies	true	true	assets/covers/4c151ea0-4e12-4f3c-8767-e25ed0ee02cb.jpeg	assets/audio/4c151ea0-4e12-4f3c-8767-e25ed0ee02cb.mp3	NULL	false
9da0a583-254e-4712-bf3d-e40b49a6856e	परदेसां कीधूप	2026-05-19T10:27:44.108Z	5:03	chirp-fenix	Style: Lo-fi Hip Hop, Chillhop, Indian folk sample, 75 BPM, soft male vocals, vinyl crackle, rain ambience, melancholic, dusty beat, sitar, tanpura, no harsh frequencies	true	true	assets/covers/9da0a583-254e-4712-bf3d-e40b49a6856e.jpeg	assets/audio/9da0a583-254e-4712-bf3d-e40b49a6856e.mp3	NULL	false
ee86a23e-0007-4d04-99f8-4b605086de9e	Paradesi Wobble	2026-05-19T10:02:30.324Z	4:59	chirp-fenix	[Genre: Psytrance, Funky House, Hyperpop, Indian Fusion, 145 BPM, Male Vocals, Heavy Bass, Distorted Sarangi, Fast Cut Drums] Style: Psytrance 145 BPM, Funky House, Hyperpop, Indian electronic fusion, distorted sarangi, autotune male vocals, heavy sidechain, 808 bass, glitch effects, talkbox, breakbeats	true	true	assets/covers/ee86a23e-0007-4d04-99f8-4b605086de9e.jpeg	assets/audio/ee86a23e-0007-4d04-99f8-4b605086de9e.mp3	NULL	false
cb8ff251-d3a7-4271-a3a0-33969db28cb0	Paradesi Wobble	2026-05-19T10:02:30.324Z	4:31	chirp-fenix	[Genre: Psytrance, Funky House, Hyperpop, Indian Fusion, 145 BPM, Male Vocals, Heavy Bass, Distorted Sarangi, Fast Cut Drums] Style: Psytrance 145 BPM, Funky House, Hyperpop, Indian electronic fusion, distorted sarangi, autotune male vocals, heavy sidechain, 808 bass, glitch effects, talkbox, breakbeats	true	true	assets/covers/cb8ff251-d3a7-4271-a3a0-33969db28cb0.jpeg	assets/audio/cb8ff251-d3a7-4271-a3a0-33969db28cb0.mp3	NULL	false
55b29326-16e4-4e61-84ab-ce7f6cd164df	साती माटी-चोला	2026-05-19T09:51:32.800Z	4:58	chirp-fenix	Style: Raga Bhairavi, Raga Yaman, Raga Malkauns, Sufi fusion, Rajasthani folk, acoustic ballad, male melancholic vocals. Raga Bhairavi, Raga Yaman, Sufi rock, Rajasthani folk, acoustic, sarangi, harmonium, tabla, dholak, lo-fi fusion, male voice, 70 BPM, melancholic, longing, separation, hopeful bridge, crying outro. Use meend (glides between notes), gamak (oscillations), and murki (fast grace notes) Vocal style: Sufi qawwali-inspired long taans on "O my darling" Sarangi style: Bowed meend with slow portamento	true	true	assets/covers/55b29326-16e4-4e61-84ab-ce7f6cd164df.jpeg	assets/audio/55b29326-16e4-4e61-84ab-ce7f6cd164df.mp3	NULL	false
a3348700-9ecb-4d78-8344-aaf875575f8f	साती माटी-चोला	2026-05-19T09:51:32.800Z	5:35	chirp-fenix	Style: Raga Bhairavi, Raga Yaman, Raga Malkauns, Sufi fusion, Rajasthani folk, acoustic ballad, male melancholic vocals. Raga Bhairavi, Raga Yaman, Sufi rock, Rajasthani folk, acoustic, sarangi, harmonium, tabla, dholak, lo-fi fusion, male voice, 70 BPM, melancholic, longing, separation, hopeful bridge, crying outro. Use meend (glides between notes), gamak (oscillations), and murki (fast grace notes) Vocal style: Sufi qawwali-inspired long taans on "O my darling" Sarangi style: Bowed meend with slow portamento	true	true	assets/covers/a3348700-9ecb-4d78-8344-aaf875575f8f.jpeg	assets/audio/a3348700-9ecb-4d78-8344-aaf875575f8f.mp3	NULL	false
e73bb277-81d9-40d3-94bc-f8f3f7893688	परदेसा धड़कन	2026-05-19T09:01:14.891Z	5:31	chirp-fenix		true	true	assets/covers/e73bb277-81d9-40d3-94bc-f8f3f7893688.jpeg	assets/audio/e73bb277-81d9-40d3-94bc-f8f3f7893688.mp3	NULL	false
6058ab0b-f41c-4639-a96a-1b58b31a999d	परदेसा धड़कन	2026-05-19T09:01:14.891Z	5:13	chirp-fenix		true	true	assets/covers/6058ab0b-f41c-4639-a96a-1b58b31a999d.jpeg	assets/audio/6058ab0b-f41c-4639-a96a-1b58b31a999d.mp3	NULL	false
989e203d-59cf-43b4-b450-bd5f5fdf28a6	ख़्वाब-धागा आधा	2026-05-15T11:38:26.912Z	4:50	chirp-fenix	[Cinematic World-Fusion, Deep Spiritual Qawwali Vocals, 142 BPM, UK Drill influence, Aggressive sliding 808 Sub-bass, Sharp crisp snare strikes, Syncopated Tabla & Dholak, Dark Neural Atmosphere, Ethereal Synth Pads, High-Impact Transitions, Raw Emotional Edge, Ancient-Modern Hybrid.]	true	true	assets/covers/989e203d-59cf-43b4-b450-bd5f5fdf28a6.jpeg	assets/audio/989e203d-59cf-43b4-b450-bd5f5fdf28a6.mp3	NULL	false
6773c614-261b-461b-9eab-54efb5810575	ख़्वाब-धागा आधा	2026-05-15T11:38:26.912Z	4:58	chirp-fenix	[Cinematic World-Fusion, Deep Spiritual Qawwali Vocals, 142 BPM, UK Drill influence, Aggressive sliding 808 Sub-bass, Sharp crisp snare strikes, Syncopated Tabla & Dholak, Dark Neural Atmosphere, Ethereal Synth Pads, High-Impact Transitions, Raw Emotional Edge, Ancient-Modern Hybrid.]	true	true	assets/covers/6773c614-261b-461b-9eab-54efb5810575.jpeg	assets/audio/6773c614-261b-461b-9eab-54efb5810575.mp3	NULL	false
62780b6c-9eb0-43e2-91f7-38e05b1458db	साहब खोज जंग	2026-05-15T11:26:52.891Z	3:14	chirp-fenix	[Cinematic World-Fusion, Deep Spiritual Qawwali vocals mixed with High-Impact UK Drill, 142 BPM, Aggressive sliding sub-bass (808), Sharp crisp snare strikes, Traditional Tabla and Dholak syncopated with Drill hi-hats, Atmospheric Neural synth pads, Raw-Edge Male Vocal, Meditative intro transitioning into Explosive Energy, Dark Ethereal aesthetic, Hyper-realistic production.]	true	true	assets/covers/62780b6c-9eb0-43e2-91f7-38e05b1458db.jpeg	assets/audio/62780b6c-9eb0-43e2-91f7-38e05b1458db.mp3	NULL	false
081d7d0e-d5f4-455e-9716-46f8bfcd192f	साहब खोज जंग	2026-05-15T11:26:52.891Z	2:58	chirp-fenix	[Cinematic World-Fusion, Deep Spiritual Qawwali vocals mixed with High-Impact UK Drill, 142 BPM, Aggressive sliding sub-bass (808), Sharp crisp snare strikes, Traditional Tabla and Dholak syncopated with Drill hi-hats, Atmospheric Neural synth pads, Raw-Edge Male Vocal, Meditative intro transitioning into Explosive Energy, Dark Ethereal aesthetic, Hyper-realistic production.]	true	true	assets/covers/081d7d0e-d5f4-455e-9716-46f8bfcd192f.jpeg	assets/audio/081d7d0e-d5f4-455e-9716-46f8bfcd192f.mp3	NULL	false
8433a493-5a44-4032-8243-bc0263a6ba2f	जमा उघाड़ी	2026-05-15T08:47:33.823Z	5:57	chirp-fenix	[Style: World's saddest folk singing, extremely melancholic, cry voice, male rural folk singer, alone on a dark night, no beat, only acoustic instruments: single sarangi, one earthy dholak, dry tanpura, distant wind sound, very slow, broken phrasing, tears between words, pauses like sobbing] [Vocal: Heart-wrenching, cracking voice, low pitch, sometimes whispering, sometimes a sudden cry, real pain] [Language: Hindi only, Devanagari script]	true	true	assets/covers/8433a493-5a44-4032-8243-bc0263a6ba2f.jpeg	assets/audio/8433a493-5a44-4032-8243-bc0263a6ba2f.mp3	NULL	false
9a501fdc-42a2-43b9-b72f-4acea519537c	जमा उघाड़ी	2026-05-15T08:47:33.822Z	6:29	chirp-fenix	[Style: World's saddest folk singing, extremely melancholic, cry voice, male rural folk singer, alone on a dark night, no beat, only acoustic instruments: single sarangi, one earthy dholak, dry tanpura, distant wind sound, very slow, broken phrasing, tears between words, pauses like sobbing] [Vocal: Heart-wrenching, cracking voice, low pitch, sometimes whispering, sometimes a sudden cry, real pain] [Language: Hindi only, Devanagari script]	true	true	assets/covers/9a501fdc-42a2-43b9-b72f-4acea519537c.jpeg	assets/audio/9a501fdc-42a2-43b9-b72f-4acea519537c.mp3	NULL	false
eeadca81-afe0-426b-aec0-9bb8e7226283	आँखें रातभर	2026-05-15T07:04:05.955Z	3:13	chirp-fenix	[Style: World's saddest folk singing, extremely melancholic, cry voice, male rural folk singer, alone on a dark night, no beat, only acoustic instruments: single sarangi, one earthy dholak, dry tanpura, distant wind sound, very slow, broken phrasing, tears between words, pauses like sobbing] [Vocal: Heart-wrenching, cracking voice, low pitch, sometimes whispering, sometimes a sudden cry, real pain] [Language: Hindi only, Devanagari script]	true	true	assets/covers/eeadca81-afe0-426b-aec0-9bb8e7226283.jpeg	assets/audio/eeadca81-afe0-426b-aec0-9bb8e7226283.mp3	NULL	false
27601dd5-f441-413d-bb6e-6efae567a7f7	आँखें रातभर	2026-05-15T07:04:05.955Z	3:10	chirp-fenix	[Style: World's saddest folk singing, extremely melancholic, cry voice, male rural folk singer, alone on a dark night, no beat, only acoustic instruments: single sarangi, one earthy dholak, dry tanpura, distant wind sound, very slow, broken phrasing, tears between words, pauses like sobbing] [Vocal: Heart-wrenching, cracking voice, low pitch, sometimes whispering, sometimes a sudden cry, real pain] [Language: Hindi only, Devanagari script]	true	true	assets/covers/27601dd5-f441-413d-bb6e-6efae567a7f7.jpeg	assets/audio/27601dd5-f441-413d-bb6e-6efae567a7f7.mp3	NULL	false
d02ff9aa-08de-4c3c-894a-5d78bf3883f8	जैठ की दुपहरी	2026-05-15T06:57:02.798Z	4:08	chirp-fenix	[Style: Slow emotional ghazal, Sufi, male voice, crying tone, melancholic, acoustic guitar with soft tabla, reverb, heartfelt, pauses after every line, fading ending] [Language: Hindi only, Devanagari script] [Create a soul-crushing, tearful ghazal that makes the listener cry but then wakes up their inner strength. Male voice, crying between lines, sarangi weeps with the voice. Language: rural Rajasthani mixed with Urdu. Very slow, pauses after every two lines. End with a sigh and a soft spoken line: "Jindagi... par tu meri pyaari hai..."]	true	true	assets/covers/d02ff9aa-08de-4c3c-894a-5d78bf3883f8.jpeg	assets/audio/d02ff9aa-08de-4c3c-894a-5d78bf3883f8.mp3	NULL	false
b39097fb-81be-40f8-bc18-46c757b2ce0c	जैठ की दुपहरी	2026-05-15T06:57:02.797Z	4:13	chirp-fenix	[Style: Slow emotional ghazal, Sufi, male voice, crying tone, melancholic, acoustic guitar with soft tabla, reverb, heartfelt, pauses after every line, fading ending] [Language: Hindi only, Devanagari script] [Create a soul-crushing, tearful ghazal that makes the listener cry but then wakes up their inner strength. Male voice, crying between lines, sarangi weeps with the voice. Language: rural Rajasthani mixed with Urdu. Very slow, pauses after every two lines. End with a sigh and a soft spoken line: "Jindagi... par tu meri pyaari hai..."]	true	true	assets/covers/b39097fb-81be-40f8-bc18-46c757b2ce0c.jpeg	assets/audio/b39097fb-81be-40f8-bc18-46c757b2ce0c.mp3	NULL	false
de8f6167-d436-420a-93af-8127c00e163b	सवा लाख जाट	2026-05-15T06:41:07.307Z	3:22	chirp-fenix	[Genre: Hyperrap, Haryanvi folk, Afghan dambura, rubab, dhol, bakhshi style, fast rap delivery, trap drums with folk percussion, male rapid-fire vocal, call and response, 160 BPM, experimental fusion] [Tempo: 160 BPM, Key: C# minor, Scale: Bhairavi with 808 sub-bass] [Production: Hybrid - rubab and dambura samples layered with trap 808s, dhol as main percussion, folk instruments intact, fast hi-hats (300+ BPM in double-time sections), vocal doubling on hyperrap sections, heavy 808 bass drops on chorus, no autotune on verses only on melodic bridge] [Structure: Intro (4 bars) → Verse1 (16) → Chorus (16) → Bridge1 (4) → Verse2 (16) → Verse3 (16) → Chorus (16) → Verse4 (16) → Verse5 (16) → Verse6 (24) → Bridge2 (8) → Final Chorus (16) → Outro (8)] [Duration: Approx. 4:30 - 5:00 minutes]	true	true	assets/covers/de8f6167-d436-420a-93af-8127c00e163b.jpeg	assets/audio/de8f6167-d436-420a-93af-8127c00e163b.mp3	NULL	false
79c1b363-10f4-4f23-a2d0-846a1ff744ec	सवा लाख जाट	2026-05-15T06:41:07.307Z	3:51	chirp-fenix	[Genre: Hyperrap, Haryanvi folk, Afghan dambura, rubab, dhol, bakhshi style, fast rap delivery, trap drums with folk percussion, male rapid-fire vocal, call and response, 160 BPM, experimental fusion] [Tempo: 160 BPM, Key: C# minor, Scale: Bhairavi with 808 sub-bass] [Production: Hybrid - rubab and dambura samples layered with trap 808s, dhol as main percussion, folk instruments intact, fast hi-hats (300+ BPM in double-time sections), vocal doubling on hyperrap sections, heavy 808 bass drops on chorus, no autotune on verses only on melodic bridge] [Structure: Intro (4 bars) → Verse1 (16) → Chorus (16) → Bridge1 (4) → Verse2 (16) → Verse3 (16) → Chorus (16) → Verse4 (16) → Verse5 (16) → Verse6 (24) → Bridge2 (8) → Final Chorus (16) → Outro (8)] [Duration: Approx. 4:30 - 5:00 minutes]	true	true	assets/covers/79c1b363-10f4-4f23-a2d0-846a1ff744ec.jpeg	assets/audio/79c1b363-10f4-4f23-a2d0-846a1ff744ec.mp3	NULL	false
42bde3ea-cba3-4e45-acdb-d8b8a10379ca	जटाओं की गड़गड़ाहट	2026-05-15T04:16:08.824Z	4:11	chirp-fenix	[Genre: Haryanvi folk, Rajasthani folk, Afghan rubab, dambura, dhol, bakhshi style, epic anthem, male vocal, call and response, war drum, mystical drone] [Tempo: 110-120 BPM, Key: C# minor, Scale: Bhairavi] [Production: earthy, resonant, no autotune, live ensemble feel, male lead with male chorus response] [Duration: Approx. 3:45 - 4:15 minutes]	true	true	assets/covers/42bde3ea-cba3-4e45-acdb-d8b8a10379ca.jpeg	assets/audio/42bde3ea-cba3-4e45-acdb-d8b8a10379ca.mp3	NULL	false
a10e118d-a2df-428c-add4-6624a46a39fc	जटाओं की गड़गड़ाहट	2026-05-15T04:16:08.824Z	4:00	chirp-fenix	[Genre: Haryanvi folk, Rajasthani folk, Afghan rubab, dambura, dhol, bakhshi style, epic anthem, male vocal, call and response, war drum, mystical drone] [Tempo: 110-120 BPM, Key: C# minor, Scale: Bhairavi] [Production: earthy, resonant, no autotune, live ensemble feel, male lead with male chorus response] [Duration: Approx. 3:45 - 4:15 minutes]	true	true	assets/covers/a10e118d-a2df-428c-add4-6624a46a39fc.jpeg	assets/audio/a10e118d-a2df-428c-add4-6624a46a39fc.mp3	NULL	false
d3340fe8-0440-4a60-afec-7b57312659b8	जटाओं की डमकार	2026-05-15T04:12:21.586Z	3:22	chirp-auk	[Genre: Haryanvi folk, Rajasthani folk, Afghan rubab, dambura, dhol, bakhshi style, epic anthem, male vocal, call and response, war drum, mystical drone] [Tempo: 110-120 BPM, Key: C# minor, Scale: Bhairavi] [Production: earthy, resonant, no autotune, live ensemble feel, male lead with male chorus response] [Duration: Approx. 3:45 - 4:15 minutes]	true	true	assets/covers/d3340fe8-0440-4a60-afec-7b57312659b8.jpeg	assets/audio/d3340fe8-0440-4a60-afec-7b57312659b8.mp3	NULL	false
c7719c74-3520-40ba-9a5a-48be9a8e9af4	जटाओं की डमकार	2026-05-15T04:12:21.586Z	3:51	chirp-auk	[Genre: Haryanvi folk, Rajasthani folk, Afghan rubab, dambura, dhol, bakhshi style, epic anthem, male vocal, call and response, war drum, mystical drone] [Tempo: 110-120 BPM, Key: C# minor, Scale: Bhairavi] [Production: earthy, resonant, no autotune, live ensemble feel, male lead with male chorus response] [Duration: Approx. 3:45 - 4:15 minutes]	true	true	assets/covers/c7719c74-3520-40ba-9a5a-48be9a8e9af4.jpeg	assets/audio/c7719c74-3520-40ba-9a5a-48be9a8e9af4.mp3	NULL	false
7e3ed4ad-570a-4867-849a-9eae418e6564	बम भोला बम	2026-05-15T03:27:20.952Z	2:23	chirp-auk		true	true	assets/covers/7e3ed4ad-570a-4867-849a-9eae418e6564.jpeg	assets/audio/7e3ed4ad-570a-4867-849a-9eae418e6564.mp3	NULL	false
c180868a-e9f9-4af0-b85f-9e47ea6a94a0	बम भोला बम	2026-05-15T03:27:20.952Z	2:12	chirp-auk		true	true	assets/covers/c180868a-e9f9-4af0-b85f-9e47ea6a94a0.jpeg	assets/audio/c180868a-e9f9-4af0-b85f-9e47ea6a94a0.mp3	NULL	false
7c43c6d1-991a-46e1-b557-7e9b8528b4a3	भगवा चोला	2026-05-15T03:22:35.387Z	2:25	chirp-fenix		true	true	assets/covers/7c43c6d1-991a-46e1-b557-7e9b8528b4a3.jpeg	assets/audio/7c43c6d1-991a-46e1-b557-7e9b8528b4a3.mp3	NULL	false
acce7b02-b36e-4aa7-8bc4-899e425e1f7f	भगवा चोला	2026-05-15T03:22:35.387Z	2:15	chirp-fenix		true	true	assets/covers/acce7b02-b36e-4aa7-8bc4-899e425e1f7f.jpeg	assets/audio/acce7b02-b36e-4aa7-8bc4-899e425e1f7f.mp3	NULL	false
04511a31-131b-44c4-a3a6-d3daa32e8026	बम बाबा बम भोला	2026-05-15T03:18:17.048Z	3:25	chirp-bluejay	[Genre: Devotional Folk Rock, Bhajan, Energetic Chant, Rajasthani Folk] [Tempo: Fast, 130 BPM] [Key: D Major] [Mood: Uplifting, Fierce Devotion, Community Pride, Spiritual Warrior Energy] [Vocals: Male, powerful, rustic, gravelly, call-and-response style with crowd] [Instruments: Dhol, Nagada, Shehnai, Harmonium, Electric Guitar, Tumbi, Claps, Conch Shell]	true	true	assets/covers/04511a31-131b-44c4-a3a6-d3daa32e8026.jpeg	assets/audio/04511a31-131b-44c4-a3a6-d3daa32e8026.mp3	NULL	false
00702de5-9189-4230-8040-d9c213a28c7c	बम बाबा बम भोला	2026-05-15T03:18:17.048Z	3:37	chirp-bluejay	[Genre: Devotional Folk Rock, Bhajan, Energetic Chant, Rajasthani Folk] [Tempo: Fast, 130 BPM] [Key: D Major] [Mood: Uplifting, Fierce Devotion, Community Pride, Spiritual Warrior Energy] [Vocals: Male, powerful, rustic, gravelly, call-and-response style with crowd] [Instruments: Dhol, Nagada, Shehnai, Harmonium, Electric Guitar, Tumbi, Claps, Conch Shell]	true	true	assets/covers/00702de5-9189-4230-8040-d9c213a28c7c.jpeg	assets/audio/00702de5-9189-4230-8040-d9c213a28c7c.mp3	NULL	false
5ca9eaf3-f217-487c-b700-28362ca02ec0	बम भोला चोला	2026-05-15T03:09:33.471Z	3:27	chirp-fenix	[Genre: Devotional Folk Rock, Bhajan, Energetic Chant, Rajasthani Folk] [Tempo: Fast, 130 BPM] [Key: D Major] [Mood: Uplifting, Fierce Devotion, Community Pride, Spiritual Warrior Energy] [Vocals: Male, powerful, rustic, gravelly, call-and-response style with crowd] [Instruments: Dhol, Nagada, Shehnai, Harmonium, Electric Guitar, Tumbi, Claps, Conch Shell]	true	true	assets/covers/5ca9eaf3-f217-487c-b700-28362ca02ec0.jpeg	assets/audio/5ca9eaf3-f217-487c-b700-28362ca02ec0.mp3	NULL	false
c43bb926-b90b-41ce-b1ca-1079d49eb675	बम भोला चोला	2026-05-15T03:09:33.471Z	3:16	chirp-fenix	[Genre: Devotional Folk Rock, Bhajan, Energetic Chant, Rajasthani Folk] [Tempo: Fast, 130 BPM] [Key: D Major] [Mood: Uplifting, Fierce Devotion, Community Pride, Spiritual Warrior Energy] [Vocals: Male, powerful, rustic, gravelly, call-and-response style with crowd] [Instruments: Dhol, Nagada, Shehnai, Harmonium, Electric Guitar, Tumbi, Claps, Conch Shell]	true	true	assets/covers/c43bb926-b90b-41ce-b1ca-1079d49eb675.jpeg	assets/audio/c43bb926-b90b-41ce-b1ca-1079d49eb675.mp3	NULL	false
b355bd3b-7913-40b5-8f0d-a482329e49b6	भगवा चोला बम	2026-05-15T03:05:26.796Z	3:22	chirp-fenix	[Genre: Devotional Folk Rock, Bhajan, Energetic Chant, Rajasthani Folk] [Tempo: Fast, 130 BPM] [Key: D Major] [Mood: Uplifting, Fierce Devotion, Community Pride, Spiritual Warrior Energy] [Vocals: Male, powerful, rustic, gravelly, call-and-response style with crowd] [Instruments: Dhol, Nagada, Shehnai, Harmonium, Electric Guitar, Tumbi, Claps, Conch Shell]	true	true	assets/covers/b355bd3b-7913-40b5-8f0d-a482329e49b6.jpeg	assets/audio/b355bd3b-7913-40b5-8f0d-a482329e49b6.mp3	NULL	false
67800d7d-2832-4abd-9273-de538c1471a0	भगवा चोला बम	2026-05-15T03:05:26.796Z	3:14	chirp-fenix	[Genre: Devotional Folk Rock, Bhajan, Energetic Chant, Rajasthani Folk] [Tempo: Fast, 130 BPM] [Key: D Major] [Mood: Uplifting, Fierce Devotion, Community Pride, Spiritual Warrior Energy] [Vocals: Male, powerful, rustic, gravelly, call-and-response style with crowd] [Instruments: Dhol, Nagada, Shehnai, Harmonium, Electric Guitar, Tumbi, Claps, Conch Shell]	true	true	assets/covers/67800d7d-2832-4abd-9273-de538c1471a0.jpeg	assets/audio/67800d7d-2832-4abd-9273-de538c1471a0.mp3	NULL	false
f5f173d2-b941-4beb-8383-123e56486214	सिलेंस के पार	2026-05-13T05:09:52.694Z	3:58	chirp-fenix	[Style: Nautanki-Swang-Qawwali hybrid audio drama. Single male vocalist performing three distinct characters — Raskhan (playful, nasal, fast), Meera (high-pitched, cracked, distant), Hemant (slow, meditative, deep). Small male chorus (3 voices) for call-response. Folk instruments: dholak, nagada (kettle drum), harmonium, khartal, metal spatula on pan (symbolic). Sound effects: distant glass break, water drop, oil sizzle, single nagada hit, child's cry (far away), breath, complete silence. Mood: theatrical, folk, dreamlike, paradoxical, dark devotional. No percussion during Hemant's solo parts. Tabla not used — only dholak and nagada. Structure: free rhythm shifting between fast folk beats and complete silence. Duration 6-7 minutes. No visual description — only sound design. Ending: unanswered question, silence, then breath.]	true	true	assets/covers/f5f173d2-b941-4beb-8383-123e56486214.jpeg	assets/audio/f5f173d2-b941-4beb-8383-123e56486214.mp3	NULL	false
a37f2f45-fd0e-4254-a6cc-1dd4376ceaa2	सिलेंस के पार	2026-05-13T05:09:52.694Z	3:59	chirp-fenix	[Style: Nautanki-Swang-Qawwali hybrid audio drama. Single male vocalist performing three distinct characters — Raskhan (playful, nasal, fast), Meera (high-pitched, cracked, distant), Hemant (slow, meditative, deep). Small male chorus (3 voices) for call-response. Folk instruments: dholak, nagada (kettle drum), harmonium, khartal, metal spatula on pan (symbolic). Sound effects: distant glass break, water drop, oil sizzle, single nagada hit, child's cry (far away), breath, complete silence. Mood: theatrical, folk, dreamlike, paradoxical, dark devotional. No percussion during Hemant's solo parts. Tabla not used — only dholak and nagada. Structure: free rhythm shifting between fast folk beats and complete silence. Duration 6-7 minutes. No visual description — only sound design. Ending: unanswered question, silence, then breath.]	true	true	assets/covers/a37f2f45-fd0e-4254-a6cc-1dd4376ceaa2.jpeg	assets/audio/a37f2f45-fd0e-4254-a6cc-1dd4376ceaa2.mp3	NULL	false
2b4d9843-2835-4383-b5f5-f90a9f2cde42	घुटने-छुपा एक	2026-05-13T04:41:08.733Z	4:43	chirp-fenix	[Style: Three-voice dialogue Qawwali. Characters: Raskhan (Braj, mischievous, surrendered), Meera (Rajasthani-Braj, broken, fearless), Hemant (Hindustani classical, meditative, philosophical). Male leads for all three. Soft male chorus responding to all. Harmonium, tabla in madhyalaya ektal. Call-response between voices and chorus. Mood: Sufi debate, love paradox, playful yet painful, unresolved.]	true	true	assets/covers/2b4d9843-2835-4383-b5f5-f90a9f2cde42.jpeg	assets/audio/2b4d9843-2835-4383-b5f5-f90a9f2cde42.mp3	NULL	false
f0e7033c-a246-4902-a230-945e9796c695	घुटने-छुपा एक	2026-05-13T04:41:08.733Z	4:47	chirp-fenix	[Style: Three-voice dialogue Qawwali. Characters: Raskhan (Braj, mischievous, surrendered), Meera (Rajasthani-Braj, broken, fearless), Hemant (Hindustani classical, meditative, philosophical). Male leads for all three. Soft male chorus responding to all. Harmonium, tabla in madhyalaya ektal. Call-response between voices and chorus. Mood: Sufi debate, love paradox, playful yet painful, unresolved.]	true	true	assets/covers/f0e7033c-a246-4902-a230-945e9796c695.jpeg	assets/audio/f0e7033c-a246-4902-a230-945e9796c695.mp3	NULL	false
e553b9c9-27cd-43b9-a4e0-f97ca910e45d	नाम अनेक एक	2026-05-13T04:12:29.079Z	7:59	chirp-fenix	[Style: Traditional Qawwali sung in Braj Bhasha dialect, Sufi devotional tone, male lead with male chorus, harmonium, tabla in slow ektal (12-beat). Call-response style. Mood: longing, surrender, paradoxical pain. Intimate recording, dry vocals, no heavy reverb. The final question remains unanswered — silence follows.]	true	true	assets/covers/e553b9c9-27cd-43b9-a4e0-f97ca910e45d.jpeg	assets/audio/e553b9c9-27cd-43b9-a4e0-f97ca910e45d.mp3	NULL	false
91ec0002-3ce7-418e-a969-3c1a00f9f662	नाम अनेक एक	2026-05-13T04:12:29.079Z	7:59	chirp-fenix	[Style: Traditional Qawwali sung in Braj Bhasha dialect, Sufi devotional tone, male lead with male chorus, harmonium, tabla in slow ektal (12-beat). Call-response style. Mood: longing, surrender, paradoxical pain. Intimate recording, dry vocals, no heavy reverb. The final question remains unanswered — silence follows.]	true	true	assets/covers/91ec0002-3ce7-418e-a969-3c1a00f9f662.jpeg	assets/audio/91ec0002-3ce7-418e-a969-3c1a00f9f662.mp3	NULL	false
cb2c77c5-2aab-4459-9d5f-84c4024be973	नाम-छुपा दाता	2026-05-13T04:02:11.399Z	7:59	chirp-fenix	[Style: Hybrid Sufi composition — alternating between solo spoken-word Nazm and traditional Qawwali chorus. No percussion during solo parts. Tabla and harmonium enter only during chorus sections. Call-response where the lead asks a question alone, and the chorus attempts to answer, but the final answer is silence. Mood: dark night of the soul, broken faith, intimate, paradoxical, nocturnal. Vocals: dry, close mic, no reverb during solos, slight reverb on chorus. Structure: free verse, shifting tempos.]	true	true	assets/covers/cb2c77c5-2aab-4459-9d5f-84c4024be973.jpeg	assets/audio/cb2c77c5-2aab-4459-9d5f-84c4024be973.mp3	NULL	false
b25c705c-37d8-4b8f-8f80-49fc861fb6a5	नाम-छुपा दाता	2026-05-13T04:02:11.399Z	3:30	chirp-fenix	[Style: Hybrid Sufi composition — alternating between solo spoken-word Nazm and traditional Qawwali chorus. No percussion during solo parts. Tabla and harmonium enter only during chorus sections. Call-response where the lead asks a question alone, and the chorus attempts to answer, but the final answer is silence. Mood: dark night of the soul, broken faith, intimate, paradoxical, nocturnal. Vocals: dry, close mic, no reverb during solos, slight reverb on chorus. Structure: free verse, shifting tempos.]	true	true	assets/covers/b25c705c-37d8-4b8f-8f80-49fc861fb6a5.jpeg	assets/audio/b25c705c-37d8-4b8f-8f80-49fc861fb6a5.mp3	NULL	false
4ee44646-3967-4f0a-bbae-22021f58063f	Tujh Par भरोसा	2026-05-13T03:57:23.615Z	7:59	chirp-fenix	[Style: Traditional Qawwali, male lead vocal with 3-voice male chorus, harmonium, tabla in ektal (12-beat cycle), slow to medium tempo, call-response between lead and chorus, handclaps on sam and offbeats, devotional, intense, no synth, dry acoustic recording, spiritual ecstasy mixed with pain, Rumi-meets-Kabir mood]	true	true	assets/covers/4ee44646-3967-4f0a-bbae-22021f58063f.jpeg	assets/audio/4ee44646-3967-4f0a-bbae-22021f58063f.mp3	NULL	false
31e87d44-ff07-4ab5-8a2d-4381d75a2b64	Tujh Par भरोसा	2026-05-13T03:57:23.615Z	4:27	chirp-fenix	[Style: Traditional Qawwali, male lead vocal with 3-voice male chorus, harmonium, tabla in ektal (12-beat cycle), slow to medium tempo, call-response between lead and chorus, handclaps on sam and offbeats, devotional, intense, no synth, dry acoustic recording, spiritual ecstasy mixed with pain, Rumi-meets-Kabir mood]	true	true	assets/covers/31e87d44-ff07-4ab5-8a2d-4381d75a2b64.jpeg	assets/audio/31e87d44-ff07-4ab5-8a2d-4381d75a2b64.mp3	NULL	false
2aa5f8f0-1fd1-4473-9dd2-a3db61cfd0dc	वो है-इसलिए मैं	2026-05-13T03:46:09.686Z	2:02	chirp-fenix	[Style: Sufi devotional, slow meditative recitation, no rhythm, no beat, only deep male voice with pauses and breath, ambient sparse tanpura drone in background, minimal fade in and fade out] [Vocals: dry, no reverb, close mic, intimate, like talking to God alone at night] [Tempo: none, free verse, time signature: 0/4] [Mood: broken faith, deep love, dark night of the soul, questioning yet believing]	true	true	assets/covers/2aa5f8f0-1fd1-4473-9dd2-a3db61cfd0dc.jpeg	assets/audio/2aa5f8f0-1fd1-4473-9dd2-a3db61cfd0dc.mp3	NULL	false
4cf08691-a7ea-40e0-bd21-8b0b272cb3f6	वो है-इसलिए मैं	2026-05-13T03:46:09.686Z	1:52	chirp-fenix	[Style: Sufi devotional, slow meditative recitation, no rhythm, no beat, only deep male voice with pauses and breath, ambient sparse tanpura drone in background, minimal fade in and fade out] [Vocals: dry, no reverb, close mic, intimate, like talking to God alone at night] [Tempo: none, free verse, time signature: 0/4] [Mood: broken faith, deep love, dark night of the soul, questioning yet believing]	true	true	assets/covers/4cf08691-a7ea-40e0-bd21-8b0b272cb3f6.jpeg	assets/audio/4cf08691-a7ea-40e0-bd21-8b0b272cb3f6.mp3	NULL	false
dd450e4b-6a76-42d9-8a70-2e4a0244702d	बोटी-फुर्र अरदास	2026-05-12T16:26:08.059Z	3:41	chirp-fenix	Hyper Rap, Punjabi Trap, 170 BPM, male rapid-fire vocals, chaotic fun, meme energy. Lyrics: funny prayer to God asking for a short height, long braid, thick thigh girlfriend. Explosive dhol, 808 bass drops, laser sounds, vocal chops on "फुर्र", beat switches, TikTok dance vibe. Fast rap, no slow parts. Rap fast like you're running out of breath. Ad-libs: "AYE!", "HOO!", "FURR!", "WHAT!", "SKRRT". Pause dramatically before every "बोटी" then drop the bass. Make people laugh but also want to dance.	true	true	assets/covers/dd450e4b-6a76-42d9-8a70-2e4a0244702d.jpeg	assets/audio/dd450e4b-6a76-42d9-8a70-2e4a0244702d.mp3	NULL	false
8bcb26e4-6909-4e70-9291-af3e5452bf87	बोटी-फुर्र अरदास	2026-05-12T16:26:08.059Z	3:33	chirp-fenix	Hyper Rap, Punjabi Trap, 170 BPM, male rapid-fire vocals, chaotic fun, meme energy. Lyrics: funny prayer to God asking for a short height, long braid, thick thigh girlfriend. Explosive dhol, 808 bass drops, laser sounds, vocal chops on "फुर्र", beat switches, TikTok dance vibe. Fast rap, no slow parts. Rap fast like you're running out of breath. Ad-libs: "AYE!", "HOO!", "FURR!", "WHAT!", "SKRRT". Pause dramatically before every "बोटी" then drop the bass. Make people laugh but also want to dance.	true	true	assets/covers/8bcb26e4-6909-4e70-9291-af3e5452bf87.jpeg	assets/audio/8bcb26e4-6909-4e70-9291-af3e5452bf87.mp3	NULL	false
f5ca7479-1bc5-4df4-a86e-e410e27b36cb	इसी वाली बोटी	2026-05-12T16:15:57.861Z	4:22	chirp-fenix	Genre: Punjabi Folk Pop / Bhangra Pop / Energetic Party Song BPM: 120-130 Mood: Playful, flirtatious, energetic, cheeky, devotional satire Vocals: Male, Punjabi rustic voice, high energy, slight autotune effect for modern feel Instruments: Tumbi, dhol, electronic bass drop, synth leads, light acoustic guitar in between, whistle effects Song structure: - Intro (short, dhol beat + "Furr furr" ad-libs) - Verse 1 (slow build: "इसी इसी भगवान मैने तू दिलवा दे न बोटी...") - Chorus (explosive with dhol & bass drop: same "इसी इसी भगवान..." with thigh/height/choți lines) - Verse 2 (devotional but funny: "दिन रात, अरदास तेरे त...") - Chorus repeat - Bridge ("फुर्र फुर्र फुर्र उड़ जाऊं" – melodic with synth swirls) - Verse 3 (romantic + care: "रंग देख सारे मेरे प्यारे...") - Chorus - Bridge (extended "फुर्र" vocal chops) - Outro (fading dhol + "Furrrrrr....") Effects: Reverb on chorus vocals, delay on "फुर्र" parts, bass drop at "बोटी" Language: Hinglish + Punjabi slang	true	true	assets/covers/f5ca7479-1bc5-4df4-a86e-e410e27b36cb.jpeg	assets/audio/f5ca7479-1bc5-4df4-a86e-e410e27b36cb.mp3	NULL	false
12134426-c294-4dd0-9375-9f507bb1140a	इसी वाली बोटी	2026-05-12T16:15:57.861Z	4:06	chirp-fenix	Genre: Punjabi Folk Pop / Bhangra Pop / Energetic Party Song BPM: 120-130 Mood: Playful, flirtatious, energetic, cheeky, devotional satire Vocals: Male, Punjabi rustic voice, high energy, slight autotune effect for modern feel Instruments: Tumbi, dhol, electronic bass drop, synth leads, light acoustic guitar in between, whistle effects Song structure: - Intro (short, dhol beat + "Furr furr" ad-libs) - Verse 1 (slow build: "इसी इसी भगवान मैने तू दिलवा दे न बोटी...") - Chorus (explosive with dhol & bass drop: same "इसी इसी भगवान..." with thigh/height/choți lines) - Verse 2 (devotional but funny: "दिन रात, अरदास तेरे त...") - Chorus repeat - Bridge ("फुर्र फुर्र फुर्र उड़ जाऊं" – melodic with synth swirls) - Verse 3 (romantic + care: "रंग देख सारे मेरे प्यारे...") - Chorus - Bridge (extended "फुर्र" vocal chops) - Outro (fading dhol + "Furrrrrr....") Effects: Reverb on chorus vocals, delay on "फुर्र" parts, bass drop at "बोटी" Language: Hinglish + Punjabi slang	true	true	assets/covers/12134426-c294-4dd0-9375-9f507bb1140a.jpeg	assets/audio/12134426-c294-4dd0-9375-9f507bb1140a.mp3	NULL	false
2dbdbe4b-7abb-4214-b3ea-768e09a3cce1	चप्पल-झिड़कियाँ	2026-05-10T07:55:00.569Z	3:53	chirp-fenix	[Genre: Qawwali × Hip-Hop Fusion, Indian Devotional Folk, Comedy, Urban Desi, Male Vocal, Tabla + 808 Bass, Harmonium + Trap Beat, Call and Response, Claps and Dholak] [Style: Fun, raw, emotional, slightly aggressive but loving, street-smart, desi mother energy, 90s Bollywood qawwali mixed with modern rap flow] [BPM: 90–110, starts slow qawwali, then beat drops into hip-hop] [Language: Hindi lyrics in Devanagari script, English instructions only] ---	true	true	assets/covers/2dbdbe4b-7abb-4214-b3ea-768e09a3cce1.jpeg	assets/audio/2dbdbe4b-7abb-4214-b3ea-768e09a3cce1.mp3	NULL	false
bb4a0cdc-93a8-4846-a9c5-30071f2fcf78	चप्पल-झिड़कियाँ	2026-05-10T07:55:00.569Z	3:37	chirp-fenix	[Genre: Qawwali × Hip-Hop Fusion, Indian Devotional Folk, Comedy, Urban Desi, Male Vocal, Tabla + 808 Bass, Harmonium + Trap Beat, Call and Response, Claps and Dholak] [Style: Fun, raw, emotional, slightly aggressive but loving, street-smart, desi mother energy, 90s Bollywood qawwali mixed with modern rap flow] [BPM: 90–110, starts slow qawwali, then beat drops into hip-hop] [Language: Hindi lyrics in Devanagari script, English instructions only] ---	true	true	assets/covers/bb4a0cdc-93a8-4846-a9c5-30071f2fcf78.jpeg	assets/audio/bb4a0cdc-93a8-4846-a9c5-30071f2fcf78.mp3	NULL	false
e6e7cdf5-7183-436b-b56a-c8060859c0de	माँ की बेलन-झिड़कियाँ	2026-05-10T07:02:31.800Z	3:21	chirp-fenix	[Genre: Qawwali × Hip-Hop Fusion, Indian Devotional Folk, Comedy, Urban Desi, Male Vocal, Tabla + 808 Bass, Harmonium + Trap Beat, Call and Response, Claps and Dholak] [Style: Fun, raw, emotional, slightly aggressive but loving, street-smart, desi mother energy, 90s Bollywood qawwali mixed with modern rap flow] [BPM: 90–110, starts slow qawwali, then beat drops into hip-hop] [Language: Hindi lyrics in Devanagari script, English instructions only] ---	true	true	assets/covers/e6e7cdf5-7183-436b-b56a-c8060859c0de.jpeg	assets/audio/e6e7cdf5-7183-436b-b56a-c8060859c0de.mp3	NULL	false
5d3de852-628c-4d4e-83dc-4e2d0f91338a	माँ की बेलन-झिड़कियाँ	2026-05-10T07:02:31.800Z	3:42	chirp-fenix	[Genre: Qawwali × Hip-Hop Fusion, Indian Devotional Folk, Comedy, Urban Desi, Male Vocal, Tabla + 808 Bass, Harmonium + Trap Beat, Call and Response, Claps and Dholak] [Style: Fun, raw, emotional, slightly aggressive but loving, street-smart, desi mother energy, 90s Bollywood qawwali mixed with modern rap flow] [BPM: 90–110, starts slow qawwali, then beat drops into hip-hop] [Language: Hindi lyrics in Devanagari script, English instructions only] ---	true	true	assets/covers/5d3de852-628c-4d4e-83dc-4e2d0f91338a.jpeg	assets/audio/5d3de852-628c-4d4e-83dc-4e2d0f91338a.mp3	NULL	false
97f6c423-1e8d-4dec-92a5-a11b38363ee4	माँ की ममता-8D	2026-05-10T06:41:30.950Z	4:21	chirp-fenix	ध्वनि का स्तर: इसे 8D साउंड में अनुभव करें, जहाँ 'राग माता' के सुर आपके चारों ओर घूमें। लय (Tempo): प्रारंभ में अत्यंत विलंबित (धीमा), मध्य में मध्य-लय, और अंत में द्रुत (तेज) ताकि एक दिव्य उन्माद पैदा हो। विशेष प्रभाव: गीत के बीच-बीच में 'हृदय की धड़कन' (Heartbeat) का संगीत चले, जो माँ और बच्चे के संबंध को दर्शाता है।	true	true	assets/covers/97f6c423-1e8d-4dec-92a5-a11b38363ee4.jpeg	assets/audio/97f6c423-1e8d-4dec-92a5-a11b38363ee4.mp3	NULL	false
438a6526-4837-43f4-a7e5-50ae007fa00d	माँ की ममता-8D	2026-05-10T06:41:30.949Z	4:55	chirp-fenix	ध्वनि का स्तर: इसे 8D साउंड में अनुभव करें, जहाँ 'राग माता' के सुर आपके चारों ओर घूमें। लय (Tempo): प्रारंभ में अत्यंत विलंबित (धीमा), मध्य में मध्य-लय, और अंत में द्रुत (तेज) ताकि एक दिव्य उन्माद पैदा हो। विशेष प्रभाव: गीत के बीच-बीच में 'हृदय की धड़कन' (Heartbeat) का संगीत चले, जो माँ और बच्चे के संबंध को दर्शाता है।	true	true	assets/covers/438a6526-4837-43f4-a7e5-50ae007fa00d.jpeg	assets/audio/438a6526-4837-43f4-a7e5-50ae007fa00d.mp3	NULL	false
cf6d9e3e-ae51-435d-895a-c4d7f95ebf4d	मिट्टी-तालि उछाल	2026-05-10T06:19:20.523Z	4:46	chirp-fenix	1980s lo-fi field recording, live at Nidhivan temple courtyard, Raga Todi, Raw Braj Sankirtan, unpolished folk, out-of-tune harmonium, sharp dholak, rhythmic hand claps on mud, off-pitch bansuri, tanpura drone. Ambient crowd noise, children shouting "Hari Bol", random heavy temple bells, monsoon rain, cracked female voices, soulful crying, rhythmic chanting, call-and-response, no studio reverb, open air, mono recording, analog tape hiss, genuine spiritual trance.	true	true	assets/covers/cf6d9e3e-ae51-435d-895a-c4d7f95ebf4d.jpeg	assets/audio/cf6d9e3e-ae51-435d-895a-c4d7f95ebf4d.mp3	NULL	false
30275318-8155-4d3f-8d49-c49ddaf3e5c1	मिट्टी-तालि उछाल	2026-05-10T06:19:20.523Z	5:24	chirp-fenix	1980s lo-fi field recording, live at Nidhivan temple courtyard, Raga Todi, Raw Braj Sankirtan, unpolished folk, out-of-tune harmonium, sharp dholak, rhythmic hand claps on mud, off-pitch bansuri, tanpura drone. Ambient crowd noise, children shouting "Hari Bol", random heavy temple bells, monsoon rain, cracked female voices, soulful crying, rhythmic chanting, call-and-response, no studio reverb, open air, mono recording, analog tape hiss, genuine spiritual trance.	true	true	assets/covers/30275318-8155-4d3f-8d49-c49ddaf3e5c1.jpeg	assets/audio/30275318-8155-4d3f-8d49-c49ddaf3e5c1.mp3	NULL	false
a0c2cd04-1c26-49ec-b699-610ef0a62630	बंसी की तान	2026-05-10T05:52:30.193Z	4:53	chirp-fenix	1980s lo-fi field recording, live at Nidhivan temple courtyard, Raga Todi, Raw Braj Sankirtan, unpolished folk, out-of-tune harmonium, sharp dholak, rhythmic hand claps on mud, off-pitch bansuri, tanpura drone. Ambient crowd noise, children shouting "Hari Bol", random heavy temple bells, monsoon rain, cracked female voices, soulful crying, ecstatic laughter, call-and-response, no studio reverb, open air, mono recording, analog tape hiss, genuine spiritual ecstasy, unfiltered devotion.	true	true	assets/covers/a0c2cd04-1c26-49ec-b699-610ef0a62630.jpeg	assets/audio/a0c2cd04-1c26-49ec-b699-610ef0a62630.mp3	NULL	false
17abc34f-fad4-4b66-86f5-340e07c01725	बंसी की तान	2026-05-10T05:52:30.193Z	5:27	chirp-fenix	1980s lo-fi field recording, live at Nidhivan temple courtyard, Raga Todi, Raw Braj Sankirtan, unpolished folk, out-of-tune harmonium, sharp dholak, rhythmic hand claps on mud, off-pitch bansuri, tanpura drone. Ambient crowd noise, children shouting "Hari Bol", random heavy temple bells, monsoon rain, cracked female voices, soulful crying, ecstatic laughter, call-and-response, no studio reverb, open air, mono recording, analog tape hiss, genuine spiritual ecstasy, unfiltered devotion.	true	true	assets/covers/17abc34f-fad4-4b66-86f5-340e07c01725.jpeg	assets/audio/17abc34f-fad4-4b66-86f5-340e07c01725.mp3	NULL	false
bd82b09f-8f58-4b13-8ae8-b3c88ea71ee4	बंसी तान बिरह	2026-05-10T05:37:43.871Z	5:19	chirp-fenix	Raw street temple qawwali, Raga Todi, live at Nidhivan Vrindavan, thousands of gopis singing together, no studio polish, no orchestra, no synth, only harmonium out of tune, tabla, dholak, hand claps on mud, bansuri sometimes off-pitch, tanpura drone, record ambient crowd noise, children shouting in background, temple bells ringing randomly, monsoon humidity, cracked female voices crying and laughing together, no reverb just open air, lo-fi, 1980s cassette recording style, real, unfiltered, spiritual ecstasy, Braj Bhasha, 60-100 BPM, call-and-response, genuine devotion over perfection	true	true	assets/covers/bd82b09f-8f58-4b13-8ae8-b3c88ea71ee4.jpeg	assets/audio/bd82b09f-8f58-4b13-8ae8-b3c88ea71ee4.mp3	NULL	false
cb3b5a5b-0158-437f-bb0f-a905d88de403	बंसी तान बिरह	2026-05-10T05:37:43.871Z	5:01	chirp-fenix	Raw street temple qawwali, Raga Todi, live at Nidhivan Vrindavan, thousands of gopis singing together, no studio polish, no orchestra, no synth, only harmonium out of tune, tabla, dholak, hand claps on mud, bansuri sometimes off-pitch, tanpura drone, record ambient crowd noise, children shouting in background, temple bells ringing randomly, monsoon humidity, cracked female voices crying and laughing together, no reverb just open air, lo-fi, 1980s cassette recording style, real, unfiltered, spiritual ecstasy, Braj Bhasha, 60-100 BPM, call-and-response, genuine devotion over perfection	true	true	assets/covers/cb3b5a5b-0158-437f-bb0f-a905d88de403.jpeg	assets/audio/cb3b5a5b-0158-437f-bb0f-a905d88de403.mp3	NULL	false
7f168537-a968-41cb-ba05-f17737463764	बंसीधर मुकुट	2026-05-10T05:22:24.320Z	5:28	chirp-fenix	Genre/Style: Braj Sankirtan, Dhrupad-folk fusion, Raw Devotional, Indian Temple Atmosphere, Harmonium, Dholak, Bansuri, Group Vocals, Viraha. Voice: Aged female lead, soulful, cracked, rising into a thousand-voice chorus.	true	true	assets/covers/7f168537-a968-41cb-ba05-f17737463764.jpeg	assets/audio/7f168537-a968-41cb-ba05-f17737463764.mp3	NULL	false
d8e1bbbb-d558-49bb-9961-e2caa023d9aa	बंसीधर मुकुट	2026-05-10T05:22:24.319Z	5:12	chirp-fenix	Genre/Style: Braj Sankirtan, Dhrupad-folk fusion, Raw Devotional, Indian Temple Atmosphere, Harmonium, Dholak, Bansuri, Group Vocals, Viraha. Voice: Aged female lead, soulful, cracked, rising into a thousand-voice chorus.	true	true	assets/covers/d8e1bbbb-d558-49bb-9961-e2caa023d9aa.jpeg	assets/audio/d8e1bbbb-d558-49bb-9961-e2caa023d9aa.mp3	NULL	false
d33be684-25d7-4e85-87ef-49230095291a	श्याम-धागो धरी	2026-05-09T23:42:04.330Z	2:33	chirp-fenix	[Style: Indian devotional bhajan, Hindustani classical, Raga Khamaj, Taal Keherwa (8 beats), female or male devotional vocal, gentle tanpura drone, soft tabla, occasional harmonium swaras] [Tempo: Slow-medium, ~80-100 BPM] [Mood: Tender, playful devotion (shringar bhakti), some longing, wonder, and philosophical depth in later verses] [Structure: Sthayi (refrain) → Antara 1 → Sthayi → Antara 2 → Sthayi → Antara 3 → Sthayi → Antara 4 → Sthayi (slow, fading ending] [Lyrics in Hindi - Devanagari script pronunciation style, sung with meend and gamak ornaments] [Production notes: - Tanpura drone throughout in C# or D (shuddha Sa) - Tabla plays simple Keherwa theka: Dha Ge Na Ti | Ta Ke Na Dhi (repeat) - Harmonium plays short antara phrases in Raga Khamaj: S R G m P D n (komal) - Occasional soft manjira (small cymbals) on sam (beat 1) and khali (beat 5) - No excessive reverb - keep it intimate, like a small temple or baithak - Vocal should have gentle meend (slides) between Ga and ma	true	true	assets/covers/d33be684-25d7-4e85-87ef-49230095291a.jpeg	assets/audio/d33be684-25d7-4e85-87ef-49230095291a.mp3	NULL	false
0ad49695-99db-42e9-8a89-cc45b2f0875d	श्याम-धागो धरी	2026-05-09T23:42:04.330Z	2:34	chirp-fenix	[Style: Indian devotional bhajan, Hindustani classical, Raga Khamaj, Taal Keherwa (8 beats), female or male devotional vocal, gentle tanpura drone, soft tabla, occasional harmonium swaras] [Tempo: Slow-medium, ~80-100 BPM] [Mood: Tender, playful devotion (shringar bhakti), some longing, wonder, and philosophical depth in later verses] [Structure: Sthayi (refrain) → Antara 1 → Sthayi → Antara 2 → Sthayi → Antara 3 → Sthayi → Antara 4 → Sthayi (slow, fading ending] [Lyrics in Hindi - Devanagari script pronunciation style, sung with meend and gamak ornaments] [Production notes: - Tanpura drone throughout in C# or D (shuddha Sa) - Tabla plays simple Keherwa theka: Dha Ge Na Ti | Ta Ke Na Dhi (repeat) - Harmonium plays short antara phrases in Raga Khamaj: S R G m P D n (komal) - Occasional soft manjira (small cymbals) on sam (beat 1) and khali (beat 5) - No excessive reverb - keep it intimate, like a small temple or baithak - Vocal should have gentle meend (slides) between Ga and ma	true	true	assets/covers/0ad49695-99db-42e9-8a89-cc45b2f0875d.jpeg	assets/audio/0ad49695-99db-42e9-8a89-cc45b2f0875d.mp3	NULL	false
819c6001-5eb8-472a-ae59-0a0ebab6a312	श्याम-धागो	2026-05-09T23:37:08.024Z	2:21	chirp-fenix	[Style: Indian devotional bhajan, Hindustani classical, Raga Khamaj, Taal Keherwa (8 beats), female or male devotional vocal, gentle tanpura drone, soft tabla, occasional harmonium swaras] [Tempo: Slow-medium, ~80-100 BPM] [Mood: Tender, playful devotion (shringar bhakti), some longing, wonder, and philosophical depth in later verses] [Structure: Sthayi (refrain) → Antara 1 → Sthayi → Antara 2 → Sthayi → Antara 3 → Sthayi → Antara 4 → Sthayi (slow, fading ending] [Lyrics in Hindi - Devanagari script pronunciation style, sung with meend and gamak ornaments] [Production notes: - Tanpura drone throughout in C# or D (shuddha Sa) - Tabla plays simple Keherwa theka: Dha Ge Na Ti | Ta Ke Na Dhi (repeat) - Harmonium plays short antara phrases in Raga Khamaj: S R G m P D n (komal) - Occasional soft manjira (small cymbals) on sam (beat 1) and khali (beat 5) - No excessive reverb - keep it intimate, like a small temple or baithak - Vocal should have gentle meend (slides) between Ga and ma	true	true	assets/covers/819c6001-5eb8-472a-ae59-0a0ebab6a312.jpeg	assets/audio/819c6001-5eb8-472a-ae59-0a0ebab6a312.mp3	NULL	false
20d780b6-4235-4a2e-85ae-2221c73e89ef	श्याम-धागो	2026-05-09T23:37:08.024Z	2:28	chirp-fenix	[Style: Indian devotional bhajan, Hindustani classical, Raga Khamaj, Taal Keherwa (8 beats), female or male devotional vocal, gentle tanpura drone, soft tabla, occasional harmonium swaras] [Tempo: Slow-medium, ~80-100 BPM] [Mood: Tender, playful devotion (shringar bhakti), some longing, wonder, and philosophical depth in later verses] [Structure: Sthayi (refrain) → Antara 1 → Sthayi → Antara 2 → Sthayi → Antara 3 → Sthayi → Antara 4 → Sthayi (slow, fading ending] [Lyrics in Hindi - Devanagari script pronunciation style, sung with meend and gamak ornaments] [Production notes: - Tanpura drone throughout in C# or D (shuddha Sa) - Tabla plays simple Keherwa theka: Dha Ge Na Ti | Ta Ke Na Dhi (repeat) - Harmonium plays short antara phrases in Raga Khamaj: S R G m P D n (komal) - Occasional soft manjira (small cymbals) on sam (beat 1) and khali (beat 5) - No excessive reverb - keep it intimate, like a small temple or baithak - Vocal should have gentle meend (slides) between Ga and ma	true	true	assets/covers/20d780b6-4235-4a2e-85ae-2221c73e89ef.jpeg	assets/audio/20d780b6-4235-4a2e-85ae-2221c73e89ef.mp3	NULL	false
6093fffc-e0fc-44c3-b9b9-66d4d27c8180	तोरि बंसी तान	2026-05-09T22:34:28.718Z	5:23	chirp-fenix	Raw street temple qawwali, Raga Todi, live at Nidhivan Vrindavan, thousands of gopis singing together, no studio polish, no orchestra, no synth, only harmonium out of tune, tabla, dholak, hand claps on mud, bansuri sometimes off-pitch, tanpura drone, record ambient crowd noise, children shouting in background, temple bells ringing randomly, monsoon humidity, cracked female voices crying and laughing together, no reverb just open air, lo-fi, 1980s cassette recording style, real, unfiltered, spiritual ecstasy, Braj Bhasha, 60-100 BPM, call-and-response, genuine devotion over perfection.	true	true	assets/covers/6093fffc-e0fc-44c3-b9b9-66d4d27c8180.jpeg	assets/audio/6093fffc-e0fc-44c3-b9b9-66d4d27c8180.mp3	NULL	false
2ad65ecc-4658-4a67-ad4f-68cbd8705a93	तोरि बंसी तान	2026-05-09T22:34:28.718Z	7:59	chirp-fenix	Raw street temple qawwali, Raga Todi, live at Nidhivan Vrindavan, thousands of gopis singing together, no studio polish, no orchestra, no synth, only harmonium out of tune, tabla, dholak, hand claps on mud, bansuri sometimes off-pitch, tanpura drone, record ambient crowd noise, children shouting in background, temple bells ringing randomly, monsoon humidity, cracked female voices crying and laughing together, no reverb just open air, lo-fi, 1980s cassette recording style, real, unfiltered, spiritual ecstasy, Braj Bhasha, 60-100 BPM, call-and-response, genuine devotion over perfection.	true	true	assets/covers/2ad65ecc-4658-4a67-ad4f-68cbd8705a93.jpeg	assets/audio/2ad65ecc-4658-4a67-ad4f-68cbd8705a93.mp3	NULL	false
bc6100f3-8fad-4df5-a8c1-3cd98848d069	बंसीधर ताज	2026-05-09T22:07:17.661Z	5:42	chirp-fenix	Cinematic qawwali, Raga Todi, thousands of gopis + Radha solo, 60-120 BPM, female chorus 8-part harmony, Indian classical + orchestra, harmonium, tabla, dholak, hand claps, bansuri, tanpura, strings, timpani, large cathedral reverb, Braj Bhasha, viraha to ecstatic, crying to laughing, surrender, storm SFX, temple bells, laughter, rain, cinematic risers, wide stereo, pure acoustic + epic hybrid, Bollywood film score style.	true	true	assets/covers/bc6100f3-8fad-4df5-a8c1-3cd98848d069.jpeg	assets/audio/bc6100f3-8fad-4df5-a8c1-3cd98848d069.mp3	NULL	false
bdf090e4-3d39-4d47-863b-7bd1757feb8d	बंसीधर ताज	2026-05-09T22:07:17.661Z	5:42	chirp-fenix	Cinematic qawwali, Raga Todi, thousands of gopis + Radha solo, 60-120 BPM, female chorus 8-part harmony, Indian classical + orchestra, harmonium, tabla, dholak, hand claps, bansuri, tanpura, strings, timpani, large cathedral reverb, Braj Bhasha, viraha to ecstatic, crying to laughing, surrender, storm SFX, temple bells, laughter, rain, cinematic risers, wide stereo, pure acoustic + epic hybrid, Bollywood film score style.	true	true	assets/covers/bdf090e4-3d39-4d47-863b-7bd1757feb8d.jpeg	assets/audio/bdf090e4-3d39-4d47-863b-7bd1757feb8d.mp3	NULL	false
36dbb97d-2e8b-4a53-bbec-f43d0afa75ad	बंसीधर का ताज	2026-05-09T21:52:56.641Z	4:45	chirp-fenix	Raga Todi qawwali, 70 to 110 BPM, female devotional voice, bansuri, harmonium, tabla, dholak, hand claps, tanpura, Braj Bhasha, crying, taunting, surrender, slow building to ecstatic, pure acoustic, no drums, large cave reverb. Mood: A Braj gopi from viraha (separation) to death-cry to playful taunting of Krishna – all names of Kanha. Voice must crack with tears on "जियतो जियतो को मरनो ही होए" and giggle softly on "चाटे राधा को झूठा दौना". End with fading bansuri and silence.	true	true	assets/covers/36dbb97d-2e8b-4a53-bbec-f43d0afa75ad.jpeg	assets/audio/36dbb97d-2e8b-4a53-bbec-f43d0afa75ad.mp3	NULL	false
52095580-5eef-4721-9a8a-1f615159529c	बंसीधर का ताज	2026-05-09T21:52:56.641Z	4:27	chirp-fenix	Raga Todi qawwali, 70 to 110 BPM, female devotional voice, bansuri, harmonium, tabla, dholak, hand claps, tanpura, Braj Bhasha, crying, taunting, surrender, slow building to ecstatic, pure acoustic, no drums, large cave reverb. Mood: A Braj gopi from viraha (separation) to death-cry to playful taunting of Krishna – all names of Kanha. Voice must crack with tears on "जियतो जियतो को मरनो ही होए" and giggle softly on "चाटे राधा को झूठा दौना". End with fading bansuri and silence.	true	true	assets/covers/52095580-5eef-4721-9a8a-1f615159529c.jpeg	assets/audio/52095580-5eef-4721-9a8a-1f615159529c.mp3	NULL	false
b4c47e00-23e3-4b09-aafa-1ea1cb27d65c	तोरी बंसी तान	2026-05-09T21:34:50.930Z	4:29	chirp-fenix	[Style: Indian classical, Raga Todi, slow 70 BPM, female devotional, acoustic, bansuri lead, tanpura drone, soft tabla, no drums, no synth, Braj Bhasha bhajan, Radha-Krishna viraha, murki, meend, crying voice, pure traditional Braj dialect – "सुनन को", "दिखावे", "आवे", "जावे", "होए", "मोरे", "तोरे", "तोरी"] Critical pronunciation rules: - "तोरी" (not तेरी) – "मोरे" (not मेरे) - "तोरे" (not तेरे) – "मोरी" (not मेरी) - "सुनन को" (not सुनि सुनि) - "दिखावे" (not दिखाए) – "आवे" (not आए) – "जावे" (not जाए) – "होए" (not होय) - "का हूँ तरसाए" – question with anguish Voice must sound exactly like a Braj gopi in extreme viraha – desperate, tearful, breathless, calling Krishna. End with the sound of a sob. [Structure: 2 min 25 sec]	true	true	assets/covers/b4c47e00-23e3-4b09-aafa-1ea1cb27d65c.jpeg	assets/audio/b4c47e00-23e3-4b09-aafa-1ea1cb27d65c.mp3	NULL	false
831ce982-3173-46ec-8fde-6f2a71f624d8	तोरी बंसी तान	2026-05-09T21:34:50.930Z	4:06	chirp-fenix	[Style: Indian classical, Raga Todi, slow 70 BPM, female devotional, acoustic, bansuri lead, tanpura drone, soft tabla, no drums, no synth, Braj Bhasha bhajan, Radha-Krishna viraha, murki, meend, crying voice, pure traditional Braj dialect – "सुनन को", "दिखावे", "आवे", "जावे", "होए", "मोरे", "तोरे", "तोरी"] Critical pronunciation rules: - "तोरी" (not तेरी) – "मोरे" (not मेरे) - "तोरे" (not तेरे) – "मोरी" (not मेरी) - "सुनन को" (not सुनि सुनि) - "दिखावे" (not दिखाए) – "आवे" (not आए) – "जावे" (not जाए) – "होए" (not होय) - "का हूँ तरसाए" – question with anguish Voice must sound exactly like a Braj gopi in extreme viraha – desperate, tearful, breathless, calling Krishna. End with the sound of a sob. [Structure: 2 min 25 sec]	true	true	assets/covers/831ce982-3173-46ec-8fde-6f2a71f624d8.jpeg	assets/audio/831ce982-3173-46ec-8fde-6f2a71f624d8.mp3	NULL	false
24d21a4f-0895-4c56-aec7-a4bfa9864ef5	तोरी बंसीतरस	2026-05-09T21:10:13.798Z	4:23	chirp-fenix	[Style: Indian classical, Raga Todi, slow 70 BPM, female devotional, acoustic, bansuri lead, tanpura drone, soft tabla, no drums, no synth, Braj Bhasha bhajan, Radha-Krishna viraha, murki, meend, crying voice, pure traditional Braj dialect – "सुनन को", "दिखावे", "आवे", "जावे", "होए", "मोरे", "तोरे", "तोरी"] Critical pronunciation rules: - "तोरी" (not तेरी) – "मोरे" (not मेरे) - "तोरे" (not तेरे) – "मोरी" (not मेरी) - "सुनन को" (not सुनि सुनि) - "दिखावे" (not दिखाए) – "आवे" (not आए) – "जावे" (not जाए) – "होए" (not होय) - "का हूँ तरसाए" – question with anguish Voice must sound exactly like a Braj gopi in extreme viraha – desperate, tearful, breathless, calling Krishna. End with the sound of a sob. [Structure: 2 min 25 sec]	true	true	assets/covers/24d21a4f-0895-4c56-aec7-a4bfa9864ef5.jpeg	assets/audio/24d21a4f-0895-4c56-aec7-a4bfa9864ef5.mp3	NULL	false
0d0501a9-8f1f-4a21-98f0-69b8429600fd	तोरी बंसीतरस	2026-05-09T21:10:13.798Z	4:28	chirp-fenix	[Style: Indian classical, Raga Todi, slow 70 BPM, female devotional, acoustic, bansuri lead, tanpura drone, soft tabla, no drums, no synth, Braj Bhasha bhajan, Radha-Krishna viraha, murki, meend, crying voice, pure traditional Braj dialect – "सुनन को", "दिखावे", "आवे", "जावे", "होए", "मोरे", "तोरे", "तोरी"] Critical pronunciation rules: - "तोरी" (not तेरी) – "मोरे" (not मेरे) - "तोरे" (not तेरे) – "मोरी" (not मेरी) - "सुनन को" (not सुनि सुनि) - "दिखावे" (not दिखाए) – "आवे" (not आए) – "जावे" (not जाए) – "होए" (not होय) - "का हूँ तरसाए" – question with anguish Voice must sound exactly like a Braj gopi in extreme viraha – desperate, tearful, breathless, calling Krishna. End with the sound of a sob. [Structure: 2 min 25 sec]	true	true	assets/covers/0d0501a9-8f1f-4a21-98f0-69b8429600fd.jpeg	assets/audio/0d0501a9-8f1f-4a21-98f0-69b8429600fd.mp3	NULL	false
9a2ad423-1f61-4b9b-896d-68cb77193f5c	बंसीधर-तोरि	2026-05-09T20:45:21.846Z	4:23	chirp-fenix	[Style: Indian classical, Raga Todi, slow 70 BPM, female devotional, acoustic, bansuri lead, tanpura drone, soft tabla, no drums, no synth, Braj Bhasha bhajan, Radha-Krishna viraha, murki, meend, crying voice, pure traditional Braj dialect – "सुनन को", "दिखावे", "आवे", "जावे", "होए", "मोरे", "तोरे", "तोरी"] Critical pronunciation rules: - "तोरी" (not तेरी) – "मोरे" (not मेरे) - "तोरे" (not तेरे) – "मोरी" (not मेरी) - "सुनन को" (not सुनि सुनि) - "दिखावे" (not दिखाए) – "आवे" (not आए) – "जावे" (not जाए) – "होए" (not होय) - "का हूँ तरसाए" – question with anguish Voice must sound exactly like a Braj gopi in extreme viraha – desperate, tearful, breathless, calling Krishna. End with the sound of a sob. [Structure: 2 min 25 sec]	true	true	assets/covers/9a2ad423-1f61-4b9b-896d-68cb77193f5c.jpeg	assets/audio/9a2ad423-1f61-4b9b-896d-68cb77193f5c.mp3	NULL	false
86a31444-8c53-4fa0-aba2-cb6ca15aaa59	बंसीधर-तोरि	2026-05-09T20:45:21.846Z	3:58	chirp-fenix	[Style: Indian classical, Raga Todi, slow 70 BPM, female devotional, acoustic, bansuri lead, tanpura drone, soft tabla, no drums, no synth, Braj Bhasha bhajan, Radha-Krishna viraha, murki, meend, crying voice, pure traditional Braj dialect – "सुनन को", "दिखावे", "आवे", "जावे", "होए", "मोरे", "तोरे", "तोरी"] Critical pronunciation rules: - "तोरी" (not तेरी) – "मोरे" (not मेरे) - "तोरे" (not तेरे) – "मोरी" (not मेरी) - "सुनन को" (not सुनि सुनि) - "दिखावे" (not दिखाए) – "आवे" (not आए) – "जावे" (not जाए) – "होए" (not होय) - "का हूँ तरसाए" – question with anguish Voice must sound exactly like a Braj gopi in extreme viraha – desperate, tearful, breathless, calling Krishna. End with the sound of a sob. [Structure: 2 min 25 sec]	true	true	assets/covers/86a31444-8c53-4fa0-aba2-cb6ca15aaa59.jpeg	assets/audio/86a31444-8c53-4fa0-aba2-cb6ca15aaa59.mp3	NULL	false
8e2f8fd9-7f9d-4716-94c1-4bac528a767b	बंसी तान-तड़प	2026-05-09T20:33:28.286Z	4:12	chirp-fenix	[Style: Indian classical, Raga Todi, slow 70 BPM, female devotional, acoustic, bansuri lead, tanpura drone, soft tabla, no drums, no synth, temple bhajan, viraha rasa, murki and meend ornamentation, crying voice, pure traditional] [Structure: 2 min 15 sec] Mood: Extreme viraha (separation), the devotee has become a "jogan" (yogini waiting for Krishna). Voice should sound tearful, breathless, desperate. Each "जाये" should have a long meend and murki. End with the sound of a sob.	true	true	assets/covers/8e2f8fd9-7f9d-4716-94c1-4bac528a767b.jpeg	assets/audio/8e2f8fd9-7f9d-4716-94c1-4bac528a767b.mp3	NULL	false
c10e8a3e-5744-4640-aff1-e1378f937cc5	बंसी तान-तड़प	2026-05-09T20:33:28.286Z	4:03	chirp-fenix	[Style: Indian classical, Raga Todi, slow 70 BPM, female devotional, acoustic, bansuri lead, tanpura drone, soft tabla, no drums, no synth, temple bhajan, viraha rasa, murki and meend ornamentation, crying voice, pure traditional] [Structure: 2 min 15 sec] Mood: Extreme viraha (separation), the devotee has become a "jogan" (yogini waiting for Krishna). Voice should sound tearful, breathless, desperate. Each "जाये" should have a long meend and murki. End with the sound of a sob.	true	true	assets/covers/c10e8a3e-5744-4640-aff1-e1378f937cc5.jpeg	assets/audio/c10e8a3e-5744-4640-aff1-e1378f937cc5.mp3	NULL	false
40960b06-71f2-42db-a4f7-ca440d0a25be	बंसी की तान	2026-05-09T20:16:47.102Z	7:59	chirp-fenix	[Style: Indian classical, Raga Todi, slow 70 BPM, female devotional, acoustic, bansuri lead, tanpura drone, soft tabla, no drums, no synth, temple bhajan, viraha rasa, murki and meend ornamentation, pure traditional] Mood: complete viraha (separation) and surrender (samarpan) to Krishna. Voice should have slight tearful quality. Bansuri must play Krishna's call. No western instruments.	true	true	assets/covers/40960b06-71f2-42db-a4f7-ca440d0a25be.jpeg	assets/audio/40960b06-71f2-42db-a4f7-ca440d0a25be.mp3	NULL	false
2859728c-7217-4382-bc09-22ad41ee0de0	बंसी की तान	2026-05-09T20:16:47.102Z	7:59	chirp-fenix	[Style: Indian classical, Raga Todi, slow 70 BPM, female devotional, acoustic, bansuri lead, tanpura drone, soft tabla, no drums, no synth, temple bhajan, viraha rasa, murki and meend ornamentation, pure traditional] Mood: complete viraha (separation) and surrender (samarpan) to Krishna. Voice should have slight tearful quality. Bansuri must play Krishna's call. No western instruments.	true	true	assets/covers/2859728c-7217-4382-bc09-22ad41ee0de0.jpeg	assets/audio/2859728c-7217-4382-bc09-22ad41ee0de0.mp3	NULL	false
9f8b0cb8-2b2d-47cb-8906-259a2f1e6144	महाराणा क़फ़िया	2026-05-09T19:46:07.917Z	3:48	chirp-fenix	Epic Hindustani classical war anthem, Raag Bilawal, male heroic vocal with deep chest voice, heavy dhol taasha shehnai, 72 BPM, gradual build from soft alap to thunderous climax, crowd chanting "Maharana" in background, cinematic patriotic finale, long high note sustain on last line, Rajasthani folk war drums, emotional bridge with single instrument	true	true	assets/covers/9f8b0cb8-2b2d-47cb-8906-259a2f1e6144.jpeg	assets/audio/9f8b0cb8-2b2d-47cb-8906-259a2f1e6144.mp3	NULL	false
4cacd011-00d8-408e-97ef-d7bfb366b23e	महाराणा क़फ़िया	2026-05-09T19:46:07.917Z	3:32	chirp-fenix	Epic Hindustani classical war anthem, Raag Bilawal, male heroic vocal with deep chest voice, heavy dhol taasha shehnai, 72 BPM, gradual build from soft alap to thunderous climax, crowd chanting "Maharana" in background, cinematic patriotic finale, long high note sustain on last line, Rajasthani folk war drums, emotional bridge with single instrument	true	true	assets/covers/4cacd011-00d8-408e-97ef-d7bfb366b23e.jpeg	assets/audio/4cacd011-00d8-408e-97ef-d7bfb366b23e.mp3	NULL	false
b39a1673-b9c4-4eda-a3c6-a9ce936d589f	Dhol Stutter March	2026-05-09T17:05:25.040Z	4:26	chirp-fenix	Epic Bollywood film score, grand orchestral, Raag Bilawal based, male power vocal, heavy dhol and taasha, 100 piece orchestra, patriotic anthem, 80 BPM, stadium concert energy, cinematic rises, emotional strings	true	true	assets/covers/b39a1673-b9c4-4eda-a3c6-a9ce936d589f.jpeg	assets/audio/b39a1673-b9c4-4eda-a3c6-a9ce936d589f.mp3	NULL	false
4e99c51c-14d1-43a5-a536-c58f63a6d5f4	Dhol Stutter March	2026-05-09T17:05:25.040Z	3:57	chirp-fenix	Epic Bollywood film score, grand orchestral, Raag Bilawal based, male power vocal, heavy dhol and taasha, 100 piece orchestra, patriotic anthem, 80 BPM, stadium concert energy, cinematic rises, emotional strings	true	true	assets/covers/4e99c51c-14d1-43a5-a536-c58f63a6d5f4.jpeg	assets/audio/4e99c51c-14d1-43a5-a536-c58f63a6d5f4.mp3	NULL	false
63dd43a7-8fe0-465d-bcaf-b5986297d7ab	प्रताप का तान	2026-05-09T16:58:05.887Z	3:48	chirp-fenix	Hindustani classical raga Bilawal, male heroic vocal, dhol shehnai, war drums, 75 BPM, C# minor, epic patriotic ballad, Mewar valor, तान patterns, high note climax	true	true	assets/covers/63dd43a7-8fe0-465d-bcaf-b5986297d7ab.jpeg	assets/audio/63dd43a7-8fe0-465d-bcaf-b5986297d7ab.mp3	NULL	false
4d3c3d6c-edc8-4836-af39-6100059283e0	प्रताप का तान	2026-05-09T16:58:05.886Z	3:44	chirp-fenix	Hindustani classical raga Bilawal, male heroic vocal, dhol shehnai, war drums, 75 BPM, C# minor, epic patriotic ballad, Mewar valor, तान patterns, high note climax	true	true	assets/covers/4d3c3d6c-edc8-4836-af39-6100059283e0.jpeg	assets/audio/4d3c3d6c-edc8-4836-af39-6100059283e0.mp3	NULL	false
c5f1d8b4-1e92-4d0f-9936-e632bd0922de	म्यूअर क़िला-धुआं	2026-05-09T10:28:09.139Z	2:49	chirp-fenix	Epic Bollywood patriotic ballad, heroic male vocals, orchestral with dhol and shehnai, cinematic anthemic chorus, grand production, 80 BPM, C minor, powerful war drums, Rajput pride, Mewar valor	true	true	assets/covers/c5f1d8b4-1e92-4d0f-9936-e632bd0922de.jpeg	assets/audio/c5f1d8b4-1e92-4d0f-9936-e632bd0922de.mp3	NULL	false
21b9c825-4413-4f7f-90c9-7bcd81cc55c0	म्यूअर क़िला-धुआं	2026-05-09T10:28:09.139Z	3:32	chirp-fenix	Epic Bollywood patriotic ballad, heroic male vocals, orchestral with dhol and shehnai, cinematic anthemic chorus, grand production, 80 BPM, C minor, powerful war drums, Rajput pride, Mewar valor	true	true	assets/covers/21b9c825-4413-4f7f-90c9-7bcd81cc55c0.jpeg	assets/audio/21b9c825-4413-4f7f-90c9-7bcd81cc55c0.mp3	NULL	false
74a54818-5c55-4db4-bc1f-7dfa1e9fce6d	नीऑन लस्का	2026-05-07T05:35:48.310Z	3:47	chirp-fenix	Style: Cyberpunk Hip Hop, Hyper-rap, Industrial Trap, 160 BPM, D# minor Vocal: Male, aggressive-clear, mild distortion on chorus, rapid but natural delivery, slight robot-echo on hooks Beat: Dark synthwave arpeggios, distorted 808 bass, 909 kick, rapid 32nd-note hi-hats, metallic snare, glitch effects, laser zaps, rain+city ambience low in background, occasional static bursts NO dhol, NO tumbi, NO folk instruments Duration: 3 minutes [Ad-libs scattered: "CYBER", "WIRE", "CODE", "CHAH" - spoken like computer commands] IMPORTANT: Do not change, paraphrase, shorten, or reorder any word of the lyrics above. Only the music and vocal delivery style should be cyberpunk hyper-rap.	true	true	assets/covers/74a54818-5c55-4db4-bc1f-7dfa1e9fce6d.jpeg	assets/audio/74a54818-5c55-4db4-bc1f-7dfa1e9fce6d.mp3	NULL	false
565636d5-7042-4a96-88a9-f7835e3df3d0	नीऑन लस्का	2026-05-07T05:35:48.310Z	4:09	chirp-fenix	Style: Cyberpunk Hip Hop, Hyper-rap, Industrial Trap, 160 BPM, D# minor Vocal: Male, aggressive-clear, mild distortion on chorus, rapid but natural delivery, slight robot-echo on hooks Beat: Dark synthwave arpeggios, distorted 808 bass, 909 kick, rapid 32nd-note hi-hats, metallic snare, glitch effects, laser zaps, rain+city ambience low in background, occasional static bursts NO dhol, NO tumbi, NO folk instruments Duration: 3 minutes [Ad-libs scattered: "CYBER", "WIRE", "CODE", "CHAH" - spoken like computer commands] IMPORTANT: Do not change, paraphrase, shorten, or reorder any word of the lyrics above. Only the music and vocal delivery style should be cyberpunk hyper-rap.	true	true	assets/covers/565636d5-7042-4a96-88a9-f7835e3df3d0.jpeg	assets/audio/565636d5-7042-4a96-88a9-f7835e3df3d0.mp3	NULL	false
b81894bf-4e0b-489f-b54c-a471f30a051a	चस्का फीडबैक	2026-05-07T05:29:00.167Z	4:09	chirp-fenix	[Genre: HyperRa, Boom Bap, Cyberpunk, High Tempo Rap] [BPM: 120-140] [Vocal Style: Male, steady flow, laid-back but confident, clear enunciation, no fast chopper style] [Instruments: Heavy kick + snare, simple 808 bass, soft piano loop or sample, minimal hi-hats, occasional vinyl scratch] [Structure: Intro (4 bars beat only) → Verse 1 → Chorus → Music break → Verse 2 → Chorus → Music break → Verse 3 → Chorus → Music break → Verse 4 → Chorus → Outro (fade with "chaska" echo)] [Production notes: Keep the beat steady throughout, no sudden tempo changes, let the lyrics breathe. The rap delivery should be natural, not rushed. Dhol or tabla can be added softly in background, but drums should remain hip-hop style (kick+snare).] [Duration: Approx 3:30 - 4:00 minutes]	true	true	assets/covers/b81894bf-4e0b-489f-b54c-a471f30a051a.jpeg	assets/audio/b81894bf-4e0b-489f-b54c-a471f30a051a.mp3	NULL	false
40f0eebb-2347-467a-b12f-57371526672e	चस्का फीडबैक	2026-05-07T05:29:00.167Z	4:12	chirp-fenix	[Genre: HyperRa, Boom Bap, Cyberpunk, High Tempo Rap] [BPM: 120-140] [Vocal Style: Male, steady flow, laid-back but confident, clear enunciation, no fast chopper style] [Instruments: Heavy kick + snare, simple 808 bass, soft piano loop or sample, minimal hi-hats, occasional vinyl scratch] [Structure: Intro (4 bars beat only) → Verse 1 → Chorus → Music break → Verse 2 → Chorus → Music break → Verse 3 → Chorus → Music break → Verse 4 → Chorus → Outro (fade with "chaska" echo)] [Production notes: Keep the beat steady throughout, no sudden tempo changes, let the lyrics breathe. The rap delivery should be natural, not rushed. Dhol or tabla can be added softly in background, but drums should remain hip-hop style (kick+snare).] [Duration: Approx 3:30 - 4:00 minutes]	true	true	assets/covers/40f0eebb-2347-467a-b12f-57371526672e.jpeg	assets/audio/40f0eebb-2347-467a-b12f-57371526672e.mp3	NULL	false
e3e41c8a-d755-4128-b6d7-eb79a61facec	चस्का ढार	2026-05-06T22:49:33.684Z	3:44	chirp-fenix	[Genre: Desi Hip Hop, Boom Bap, Slow to Mid Tempo Rap] [BPM: 85-95] [Vocal Style: Male, steady flow, laid-back but confident, clear enunciation, no fast chopper style] [Instruments: Heavy kick + snare, simple 808 bass, soft piano loop or sample, minimal hi-hats, occasional vinyl scratch] [Structure: Intro (4 bars beat only) → Verse 1 → Chorus → Music break → Verse 2 → Chorus → Music break → Verse 3 → Chorus → Music break → Verse 4 → Chorus → Outro (fade with "chaska" echo)] [Production notes: Keep the beat steady throughout, no sudden tempo changes, let the lyrics breathe. The rap delivery should be natural, not rushed. Dhol or tabla can be added softly in background, but drums should remain hip-hop style (kick+snare).] [Duration: Approx 3:30 - 4:00 minutes]	true	true	assets/covers/e3e41c8a-d755-4128-b6d7-eb79a61facec.jpeg	assets/audio/e3e41c8a-d755-4128-b6d7-eb79a61facec.mp3	NULL	false
4417277d-8df9-416a-ac8b-9b68e3cdf5be	चस्का ढार	2026-05-06T22:49:33.684Z	4:06	chirp-fenix	[Genre: Desi Hip Hop, Boom Bap, Slow to Mid Tempo Rap] [BPM: 85-95] [Vocal Style: Male, steady flow, laid-back but confident, clear enunciation, no fast chopper style] [Instruments: Heavy kick + snare, simple 808 bass, soft piano loop or sample, minimal hi-hats, occasional vinyl scratch] [Structure: Intro (4 bars beat only) → Verse 1 → Chorus → Music break → Verse 2 → Chorus → Music break → Verse 3 → Chorus → Music break → Verse 4 → Chorus → Outro (fade with "chaska" echo)] [Production notes: Keep the beat steady throughout, no sudden tempo changes, let the lyrics breathe. The rap delivery should be natural, not rushed. Dhol or tabla can be added softly in background, but drums should remain hip-hop style (kick+snare).] [Duration: Approx 3:30 - 4:00 minutes]	true	true	assets/covers/4417277d-8df9-416a-ac8b-9b68e3cdf5be.jpeg	assets/audio/4417277d-8df9-416a-ac8b-9b68e3cdf5be.mp3	NULL	false
3dfe2673-db12-496e-a169-ea75a891fef2	साँस का पहरा	2026-05-06T09:47:25.534Z	4:33	chirp-fenix	Cinematic Modern Ghazal, Dark Ambient, Ethereal Baritone Male Vocals, Deep Cello Drones, Minimalist Tabla with Reverb, Haunting Sarangi Solos, Low-Fi Atmosphere, Soulful, 75 BPM, Minor Key, Melancholic but Majestic, High-Fidelity Arrangement.	true	true	assets/covers/3dfe2673-db12-496e-a169-ea75a891fef2.jpeg	assets/audio/3dfe2673-db12-496e-a169-ea75a891fef2.mp3	NULL	false
091ab81d-180d-4521-8005-1d08377b3f14	साँस का पहरा	2026-05-06T09:47:25.534Z	4:28	chirp-fenix	Cinematic Modern Ghazal, Dark Ambient, Ethereal Baritone Male Vocals, Deep Cello Drones, Minimalist Tabla with Reverb, Haunting Sarangi Solos, Low-Fi Atmosphere, Soulful, 75 BPM, Minor Key, Melancholic but Majestic, High-Fidelity Arrangement.	true	true	assets/covers/091ab81d-180d-4521-8005-1d08377b3f14.jpeg	assets/audio/091ab81d-180d-4521-8005-1d08377b3f14.mp3	NULL	false
216ca16d-22ff-4a35-959c-89ff65126a95	Chaska Laska	2026-05-06T09:09:43.933Z	3:59	chirp-fenix	style desi hip hop rajasthani folk fusion heavy bass fast beat male aggressive vocals auto tune effect dancehall vibe bpm 130 140 key d minor lyrics rajasthani hindi mix hook repeat catchy chaska word structure intro verse chorus repeat verse chorus bridge outro with flute and dhol beat drop production use dhol tumbi electronic bass clap on 2 and 4 snare roll before chorus reference vibes morni banke the punjaabban Indian Pop, Bollywood, Hip Hop s party tracks	true	true	assets/covers/216ca16d-22ff-4a35-959c-89ff65126a95.jpeg	assets/audio/216ca16d-22ff-4a35-959c-89ff65126a95.mp3	NULL	false
b564bd23-5730-4718-b0f9-e2fb7eba934f	Chaska Laska	2026-05-06T09:09:43.933Z	4:15	chirp-fenix	style desi hip hop rajasthani folk fusion heavy bass fast beat male aggressive vocals auto tune effect dancehall vibe bpm 130 140 key d minor lyrics rajasthani hindi mix hook repeat catchy chaska word structure intro verse chorus repeat verse chorus bridge outro with flute and dhol beat drop production use dhol tumbi electronic bass clap on 2 and 4 snare roll before chorus reference vibes morni banke the punjaabban Indian Pop, Bollywood, Hip Hop s party tracks	true	true	assets/covers/b564bd23-5730-4718-b0f9-e2fb7eba934f.jpeg	assets/audio/b564bd23-5730-4718-b0f9-e2fb7eba934f.mp3	NULL	false
534e2457-1af3-4ffb-92cb-4d53662c9940	बे... थमसी आती है	2026-04-30T21:55:44.511Z	2:08	chirp-fenix	Male vocal, hyperpop / hyperrap, high energy, fast tempo 160 BPM, aggressive 808 bass, glitchy beats, rapid fire rap verses, melodic screaming chorus, electronic synths, drum and bass influences, chaotic but structured, tiktok viral energy, main character attitude Tempo: 160 BPM Key: C# minor (gives aggressive yet emotional vibe) Structure: Intro → Verse (rap) → Pre-chorus → Chorus → Verse 2 (hyperrap) → Bridge → Chorus → Outro Vocal style: Angry but vulnerable, rapid articulation, breathless delivery Effects: Heavy reverb on chorus, distortion on bass, glitch on transition	true	true	assets/covers/534e2457-1af3-4ffb-92cb-4d53662c9940.jpeg	assets/audio/534e2457-1af3-4ffb-92cb-4d53662c9940.mp3	NULL	false
f7390bf3-2335-444e-baed-c5e5cd17cfc1	बे... थमसी आती है	2026-04-30T21:55:44.511Z	1:50	chirp-fenix	Male vocal, hyperpop / hyperrap, high energy, fast tempo 160 BPM, aggressive 808 bass, glitchy beats, rapid fire rap verses, melodic screaming chorus, electronic synths, drum and bass influences, chaotic but structured, tiktok viral energy, main character attitude Tempo: 160 BPM Key: C# minor (gives aggressive yet emotional vibe) Structure: Intro → Verse (rap) → Pre-chorus → Chorus → Verse 2 (hyperrap) → Bridge → Chorus → Outro Vocal style: Angry but vulnerable, rapid articulation, breathless delivery Effects: Heavy reverb on chorus, distortion on bass, glitch on transition	true	true	assets/covers/f7390bf3-2335-444e-baed-c5e5cd17cfc1.jpeg	assets/audio/f7390bf3-2335-444e-baed-c5e5cd17cfc1.mp3	NULL	false
b621900d-687c-4fdb-8eb9-638c8124b1e4	बे...	2026-04-30T21:55:10.326Z	1:57	chirp-fenix	Male vocal, hyperpop / hyperrap, high energy, fast tempo 160 BPM, aggressive 808 bass, glitchy beats, rapid fire rap verses, melodic screaming chorus, electronic synths, drum and bass influences, chaotic but structured, tiktok viral energy, main character attitude Tempo: 160 BPM Key: C# minor (gives aggressive yet emotional vibe) Structure: Intro → Verse (rap) → Pre-chorus → Chorus → Verse 2 (hyperrap) → Bridge → Chorus → Outro Vocal style: Angry but vulnerable, rapid articulation, breathless delivery Effects: Heavy reverb on chorus, distortion on bass, glitch on transition	true	true	assets/covers/b621900d-687c-4fdb-8eb9-638c8124b1e4.jpeg	assets/audio/b621900d-687c-4fdb-8eb9-638c8124b1e4.mp3	NULL	false
decc359e-6a2c-4531-8b3c-f829ac5700be	बे...	2026-04-30T21:55:10.326Z	1:45	chirp-fenix	Male vocal, hyperpop / hyperrap, high energy, fast tempo 160 BPM, aggressive 808 bass, glitchy beats, rapid fire rap verses, melodic screaming chorus, electronic synths, drum and bass influences, chaotic but structured, tiktok viral energy, main character attitude Tempo: 160 BPM Key: C# minor (gives aggressive yet emotional vibe) Structure: Intro → Verse (rap) → Pre-chorus → Chorus → Verse 2 (hyperrap) → Bridge → Chorus → Outro Vocal style: Angry but vulnerable, rapid articulation, breathless delivery Effects: Heavy reverb on chorus, distortion on bass, glitch on transition	true	true	assets/covers/decc359e-6a2c-4531-8b3c-f829ac5700be.jpeg	assets/audio/decc359e-6a2c-4531-8b3c-f829ac5700be.mp3	NULL	false
6c333810-2183-40c8-91a7-bd198ff98290	बेधड़क करीब	2026-04-30T21:45:44.356Z	2:20	chirp-fenix	Female vocal, hyperpop / hyperrap, high energy, fast tempo 160 BPM, aggressive 808 bass, glitchy beats, rapid fire rap verses, melodic screaming chorus, electronic synths, drum and bass influences, chaotic but structured, tiktok viral energy, main character attitude Tempo: 160 BPM Key: C# minor (gives aggressive yet emotional vibe) Structure: Intro → Verse (rap) → Pre-chorus → Chorus → Verse 2 (hyperrap) → Bridge → Chorus → Outro Vocal style: Angry but vulnerable, rapid articulation, breathless delivery Effects: Heavy reverb on chorus, distortion on bass, glitch on transition	true	true	assets/covers/6c333810-2183-40c8-91a7-bd198ff98290.jpeg	assets/audio/6c333810-2183-40c8-91a7-bd198ff98290.mp3	NULL	false
ee8a117b-ef9c-4b4e-9cbe-9d314232d018	बेधड़क करीब	2026-04-30T21:45:44.356Z	1:46	chirp-fenix	Female vocal, hyperpop / hyperrap, high energy, fast tempo 160 BPM, aggressive 808 bass, glitchy beats, rapid fire rap verses, melodic screaming chorus, electronic synths, drum and bass influences, chaotic but structured, tiktok viral energy, main character attitude Tempo: 160 BPM Key: C# minor (gives aggressive yet emotional vibe) Structure: Intro → Verse (rap) → Pre-chorus → Chorus → Verse 2 (hyperrap) → Bridge → Chorus → Outro Vocal style: Angry but vulnerable, rapid articulation, breathless delivery Effects: Heavy reverb on chorus, distortion on bass, glitch on transition	true	true	assets/covers/ee8a117b-ef9c-4b4e-9cbe-9d314232d018.jpeg	assets/audio/ee8a117b-ef9c-4b4e-9cbe-9d314232d018.mp3	NULL	false
48633b3f-1638-40cc-b3e8-55bd791ea44e	कैसी वैसी सी	2026-04-30T21:34:53.350Z	2:14	chirp-fenix	Female vocal, Punjabi pop meets Bollywood, upbeat and celebratory yet emotional, dhol and tumbi in chorus, soft synth pads, female desi vocal, romantic but playful, main character energy, 95 BPM, tiktok hit vibe	true	true	assets/covers/48633b3f-1638-40cc-b3e8-55bd791ea44e.jpeg	assets/audio/48633b3f-1638-40cc-b3e8-55bd791ea44e.mp3	NULL	false
fec3e2d0-b4c1-47aa-b22f-a7b5f2ea4774	कैसी वैसी सी	2026-04-30T21:34:53.349Z	2:07	chirp-fenix	Female vocal, Punjabi pop meets Bollywood, upbeat and celebratory yet emotional, dhol and tumbi in chorus, soft synth pads, female desi vocal, romantic but playful, main character energy, 95 BPM, tiktok hit vibe	true	true	assets/covers/fec3e2d0-b4c1-47aa-b22f-a7b5f2ea4774.jpeg	assets/audio/fec3e2d0-b4c1-47aa-b22f-a7b5f2ea4774.mp3	NULL	false
c50d2540-0f2b-4c94-bb28-6a3c4883e847	सुनहर हारा फूका	2026-04-30T20:47:35.511Z	5:07	chirp-fenix	Haryanvi Folk + Rajasthani Folk + Indian Classical + Hyper-Rap Fusion. Suno v4. Dynamic genre switching. Raga Megh for slow sections. Raga Malhar for bridge. Raga Bhairav for nuclear/anger section. Hyper-rap at 170 BPM with distorted 808 slides. Male vocal. Dark viraah mood turning into mad rage then surrender. Alternating between tanpura drone and industrial bass. Tabla Dadra (6 beats) and Keherwa (8 beats). Include detailed alaps (slow unmetered melodic phrases) and murkis (fast 2-4 note ornamentations) and gamaks (heavy oscillations). No happy melody. No autotune choir. Lo-fi classical production. Aggressive pitch-shifted rap vocals. Sarangi and harmonium. Glitched vocal chops. Half-time drops. Nuclear explosion sound effect before the hyper-rap section.	true	true	assets/covers/c50d2540-0f2b-4c94-bb28-6a3c4883e847.jpeg	assets/audio/c50d2540-0f2b-4c94-bb28-6a3c4883e847.mp3	NULL	false
6fe0efcf-2803-4ea7-83a7-a2f0a923176d	सुनहर हारा फूका	2026-04-30T20:47:35.510Z	6:05	chirp-fenix	Haryanvi Folk + Rajasthani Folk + Indian Classical + Hyper-Rap Fusion. Suno v4. Dynamic genre switching. Raga Megh for slow sections. Raga Malhar for bridge. Raga Bhairav for nuclear/anger section. Hyper-rap at 170 BPM with distorted 808 slides. Male vocal. Dark viraah mood turning into mad rage then surrender. Alternating between tanpura drone and industrial bass. Tabla Dadra (6 beats) and Keherwa (8 beats). Include detailed alaps (slow unmetered melodic phrases) and murkis (fast 2-4 note ornamentations) and gamaks (heavy oscillations). No happy melody. No autotune choir. Lo-fi classical production. Aggressive pitch-shifted rap vocals. Sarangi and harmonium. Glitched vocal chops. Half-time drops. Nuclear explosion sound effect before the hyper-rap section.	true	true	assets/covers/6fe0efcf-2803-4ea7-83a7-a2f0a923176d.jpeg	assets/audio/6fe0efcf-2803-4ea7-83a7-a2f0a923176d.mp3	NULL	false
d195714f-a2b3-4d77-ae4f-f18670428eb0	मेघ की विरह	2026-04-30T20:39:18.756Z	4:25	chirp-fenix	Haryanvi Folk + Indian Classical + Hyper-Rap Fusion. Suno v4. Dynamic genre switching. Raga Megh for slow sections. Raga Malhar for bridge. Hyper-rap at 170 BPM with distorted 808 slides. Male vocal. Dark viraha mood. Alternating between tanpura drone and industrial bass. Tabla Dadra (6 beats) and Keherwa (8 beats). Include detailed alaps (slow unmetered melodic phrases) and murkis (fast 2-4 note ornamentations). No happy melody. No autotune choir. Lo-fi classical production. Aggressive pitch-shifted rap vocals. Sarangi and harmonium. Glitched vocal chops. Half-time drops.	true	true	assets/covers/d195714f-a2b3-4d77-ae4f-f18670428eb0.jpeg	assets/audio/d195714f-a2b3-4d77-ae4f-f18670428eb0.mp3	NULL	false
4cacdec0-b868-46d6-b260-0944f8278d76	मेघ की विरह	2026-04-30T20:39:18.756Z	4:48	chirp-fenix	Haryanvi Folk + Indian Classical + Hyper-Rap Fusion. Suno v4. Dynamic genre switching. Raga Megh for slow sections. Raga Malhar for bridge. Hyper-rap at 170 BPM with distorted 808 slides. Male vocal. Dark viraha mood. Alternating between tanpura drone and industrial bass. Tabla Dadra (6 beats) and Keherwa (8 beats). Include detailed alaps (slow unmetered melodic phrases) and murkis (fast 2-4 note ornamentations). No happy melody. No autotune choir. Lo-fi classical production. Aggressive pitch-shifted rap vocals. Sarangi and harmonium. Glitched vocal chops. Half-time drops.	true	true	assets/covers/4cacdec0-b868-46d6-b260-0944f8278d76.jpeg	assets/audio/4cacdec0-b868-46d6-b260-0944f8278d76.mp3	NULL	false
4df6f608-207a-494e-91e5-296847785ef2	WhatsApp Image 2025-06-17 at 20.41.57 (Remastered)	2026-04-30T03:01:02.641Z	2:54	chirp-flounder	A dark and atmospheric Hindi indie-folk track with a haunting, cinematic quality. The arrangement is centered around a rhythmic, percussive acoustic guitar pattern in a minor key, featuring muted strums and a steady 4/4 tempo around 90 BPM. A deep, resonant male baritone vocal delivers a somber melody with a gritty, breathy texture. The production incorporates eerie, ambient soundscapes, including a high-pitched, wordless female vocalizing that acts as a ghostly counter-melody in the background. Subtle electronic elements like a low-frequency synth pulse and crisp, minimalist percussion provide a modern edge. The song structure follows a verse-chorus-verse pattern, with the intensity building through layered vocal harmonies and increased reverb on the guitar in the later sections.	true	true	assets/covers/4df6f608-207a-494e-91e5-296847785ef2.jpeg	assets/audio/4df6f608-207a-494e-91e5-296847785ef2.mp3	NULL	false
4cccdb69-4cb8-41f3-91bc-bac82f3583af	WhatsApp Image 2025-06-17 at 20.41.57 (Remastered)	2026-04-30T03:01:02.641Z	2:54	chirp-flounder	A dark and atmospheric Hindi indie-folk track with a haunting, cinematic quality. The arrangement is centered around a rhythmic, percussive acoustic guitar pattern in a minor key, featuring muted strums and a steady 4/4 tempo around 90 BPM. A deep, resonant male baritone vocal delivers a somber melody with a gritty, breathy texture. The production incorporates eerie, ambient soundscapes, including a high-pitched, wordless female vocalizing that acts as a ghostly counter-melody in the background. Subtle electronic elements like a low-frequency synth pulse and crisp, minimalist percussion provide a modern edge. The song structure follows a verse-chorus-verse pattern, with the intensity building through layered vocal harmonies and increased reverb on the guitar in the later sections.	true	true	assets/covers/4cccdb69-4cb8-41f3-91bc-bac82f3583af.jpeg	assets/audio/4cccdb69-4cb8-41f3-91bc-bac82f3583af.mp3	NULL	false
809507be-5a63-49dc-8e0d-a16b87287cc8	पिंकी नाच	2026-04-29T07:01:48.179Z	3:52	chirp-fenix	Raw horror folk. Haryanvi male vocal - broken, crying, manic. Female vampire vocal - whisper to scream. Only dholak, payal, bass drop, distant thunder. No autotune. No clean production. Sound like a 3am field recording. Male is possessed. Female is Pinki - Rajputana vampire, Haryana sarpanch, 500 years old. Original Rajasthani lyrics. Gandapan chahiye. Mazaa chahiye. Darr chahiye.	true	true	assets/covers/809507be-5a63-49dc-8e0d-a16b87287cc8.jpeg	assets/audio/809507be-5a63-49dc-8e0d-a16b87287cc8.mp3	NULL	false
55c1da3f-383e-4f89-b2f1-e371ee790fb4	पिंकी नाच	2026-04-29T07:01:48.179Z	3:55	chirp-fenix	Raw horror folk. Haryanvi male vocal - broken, crying, manic. Female vampire vocal - whisper to scream. Only dholak, payal, bass drop, distant thunder. No autotune. No clean production. Sound like a 3am field recording. Male is possessed. Female is Pinki - Rajputana vampire, Haryana sarpanch, 500 years old. Original Rajasthani lyrics. Gandapan chahiye. Mazaa chahiye. Darr chahiye.	true	true	assets/covers/55c1da3f-383e-4f89-b2f1-e371ee790fb4.jpeg	assets/audio/55c1da3f-383e-4f89-b2f1-e371ee790fb4.mp3	NULL	false
67e8aee2-9b5a-47cc-88a6-741643a45909	पिंकी थाली	2026-04-29T06:56:52.404Z	4:59	chirp-fenix	[Genre: Cinematic Horror × Rajasthani Folk × Dark Disco × Haryanvi Vampire Western] [BPM: 110 (verses) → 135 (hook)] [Key: D minor → F# minor shift at breakdown] [Vocals: Male lead (deep, Haryanvi accent, desperate) + Female horror vocals (whisper, laugh, seductive, scream)] [Instruments: Dholak, Thali, Payal (ankle bells), Bass drop, Synth strings, Electric guitar reverb, Violin stabs, Thunder SFX, Glass break, Crow cawing, Paper rustle] [Language: Hindi + Rajasthani + Haryanvi (Devanagari script only)] [Setting: Haryana village at midnight. Pinki is Sarpanch. Pinki is Vampire. She came to live on Haryana soil.]	true	true	assets/covers/67e8aee2-9b5a-47cc-88a6-741643a45909.jpeg	assets/audio/67e8aee2-9b5a-47cc-88a6-741643a45909.mp3	NULL	false
416d0856-a289-4daf-ade4-0c21dfa4b8dd	पिंकी थाली	2026-04-29T06:56:52.404Z	5:01	chirp-fenix	[Genre: Cinematic Horror × Rajasthani Folk × Dark Disco × Haryanvi Vampire Western] [BPM: 110 (verses) → 135 (hook)] [Key: D minor → F# minor shift at breakdown] [Vocals: Male lead (deep, Haryanvi accent, desperate) + Female horror vocals (whisper, laugh, seductive, scream)] [Instruments: Dholak, Thali, Payal (ankle bells), Bass drop, Synth strings, Electric guitar reverb, Violin stabs, Thunder SFX, Glass break, Crow cawing, Paper rustle] [Language: Hindi + Rajasthani + Haryanvi (Devanagari script only)] [Setting: Haryana village at midnight. Pinki is Sarpanch. Pinki is Vampire. She came to live on Haryana soil.]	true	true	assets/covers/416d0856-a289-4daf-ade4-0c21dfa4b8dd.jpeg	assets/audio/416d0856-a289-4daf-ade4-0c21dfa4b8dd.mp3	NULL	false
8abf9e3b-198d-42d4-b547-c789d030e9fa	पिंकी का थाली	2026-04-29T06:45:35.934Z	4:42	chirp-fenix	[Genre: Cinematic Horror × Rajasthani Folk × Dark Disco × Haryanvi Vampire Western] [BPM: 110 (verses) → 135 (hook)] [Key: D minor → F# minor shift at breakdown] [Vocals: Male lead (deep, Haryanvi accent, desperate) + Female horror vocals (whisper, laugh, seductive, scream)] [Instruments: Dholak, Thali, Payal (ankle bells), Bass drop, Synth strings, Electric guitar reverb, Violin stabs, Thunder SFX, Glass break, Crow cawing, Paper rustle] [Language: Hindi + Rajasthani + Haryanvi (Devanagari script only)] [Setting: Haryana village at midnight. Pinki is Sarpanch. Pinki is Vampire. She came to live on Haryana soil.]	true	true	assets/covers/8abf9e3b-198d-42d4-b547-c789d030e9fa.jpeg	assets/audio/8abf9e3b-198d-42d4-b547-c789d030e9fa.mp3	NULL	false
8f0c2cf6-a3ee-488c-a85c-95779c10cd5c	पिंकी का थाली	2026-04-29T06:45:35.933Z	4:29	chirp-fenix	[Genre: Cinematic Horror × Rajasthani Folk × Dark Disco × Haryanvi Vampire Western] [BPM: 110 (verses) → 135 (hook)] [Key: D minor → F# minor shift at breakdown] [Vocals: Male lead (deep, Haryanvi accent, desperate) + Female horror vocals (whisper, laugh, seductive, scream)] [Instruments: Dholak, Thali, Payal (ankle bells), Bass drop, Synth strings, Electric guitar reverb, Violin stabs, Thunder SFX, Glass break, Crow cawing, Paper rustle] [Language: Hindi + Rajasthani + Haryanvi (Devanagari script only)] [Setting: Haryana village at midnight. Pinki is Sarpanch. Pinki is Vampire. She came to live on Haryana soil.]	true	true	assets/covers/8f0c2cf6-a3ee-488c-a85c-95779c10cd5c.jpeg	assets/audio/8f0c2cf6-a3ee-488c-a85c-95779c10cd5c.mp3	NULL	false
f23d5bb3-9dc9-487a-902e-fb31cc813dfd	पायल बजती धुन	2026-04-29T06:33:35.252Z	4:01	chirp-fenix		true	true	assets/covers/f23d5bb3-9dc9-487a-902e-fb31cc813dfd.jpeg	assets/audio/f23d5bb3-9dc9-487a-902e-fb31cc813dfd.mp3	NULL	false
9944d4d4-a519-4243-8abc-0eb7245f81f0	पायल बजती धुन	2026-04-29T06:33:35.252Z	3:50	chirp-fenix		true	true	assets/covers/9944d4d4-a519-4243-8abc-0eb7245f81f0.jpeg	assets/audio/9944d4d4-a519-4243-8abc-0eb7245f81f0.mp3	NULL	false
1b8e0980-f89e-41df-9a65-5a6eb313c777	पिंकी की थाली	2026-04-29T06:09:18.489Z	4:48	chirp-fenix	[Genre: Rajasthani Folk Horror × Disco × Dark Electronic] [BPM: 128, Key: D minor] [Vocals: Female, seductive whisper → manic laughter → crying] [Instruments: Dholak, Thali, Payal (ankle bells), Bass drop, Synth strings, Thunder SFX, Glass break] [Language: Hindi only - Devanagari script] [Structure: INTRO → HOOK → POST-HOOK → VERSE 1 → BRIDGE → VERSE 2 → BREAKDOWN → VERSE 3 → OUTRO] [PRODUCTION NOTES FOR SUNO AI] - Use call-response between female lead and male chorus (वाह! हाय! राम! etc.) - Add sudden cuts of silence for horror effect (2-3 seconds) - Horror movie string stabs on "नाश" and "लाश" - Ankle bells (payal) pan left-right throughout, especially during silence - Final laugh should feel like it's coming from behind the listener - Thunder strike only twice - at intro and breakdown - Glass shatter should be sharp and loud - All lyrics in Devanagari Hindi ONLY - no Romanized Hindi, no English words - Female vocal transitions: seductive whisper (verse 1-2) → manic (breakdown) →	true	true	assets/covers/1b8e0980-f89e-41df-9a65-5a6eb313c777.jpeg	assets/audio/1b8e0980-f89e-41df-9a65-5a6eb313c777.mp3	NULL	false
3ab7074f-3f3a-4669-8f7d-3b93838e728b	पिंकी की थाली	2026-04-29T06:09:18.489Z	4:55	chirp-fenix	[Genre: Rajasthani Folk Horror × Disco × Dark Electronic] [BPM: 128, Key: D minor] [Vocals: Female, seductive whisper → manic laughter → crying] [Instruments: Dholak, Thali, Payal (ankle bells), Bass drop, Synth strings, Thunder SFX, Glass break] [Language: Hindi only - Devanagari script] [Structure: INTRO → HOOK → POST-HOOK → VERSE 1 → BRIDGE → VERSE 2 → BREAKDOWN → VERSE 3 → OUTRO] [PRODUCTION NOTES FOR SUNO AI] - Use call-response between female lead and male chorus (वाह! हाय! राम! etc.) - Add sudden cuts of silence for horror effect (2-3 seconds) - Horror movie string stabs on "नाश" and "लाश" - Ankle bells (payal) pan left-right throughout, especially during silence - Final laugh should feel like it's coming from behind the listener - Thunder strike only twice - at intro and breakdown - Glass shatter should be sharp and loud - All lyrics in Devanagari Hindi ONLY - no Romanized Hindi, no English words - Female vocal transitions: seductive whisper (verse 1-2) → manic (breakdown) →	true	true	assets/covers/3ab7074f-3f3a-4669-8f7d-3b93838e728b.jpeg	assets/audio/3ab7074f-3f3a-4669-8f7d-3b93838e728b.mp3	NULL	false
45ebedf4-7d51-4716-a12b-764243daad4a	Din Mein Sarpanch	2026-04-28T18:51:56.099Z	0:37	chirp-fenix	Dark cinematic Indian folk trap song with female vocals. Theme: A powerful Haryanvi village sarpanch who is secretly a vampire. Dual personality: graceful, seductive, dangerous. Style: Indian folk + trap + dark fantasy + Bollywood cinematic Mood: mysterious, sensual, powerful, slightly evil, royal Instruments: sarangi, flute, been, dhol, heavy 808 bass, cinematic pads, subtle temple bells Tempo: 95 BPM Key: D minor Vocals: female lead (soft seductive to powerful aggressive transition) background whispers and echo layers Language: Hindi + Haryanvi mix Structure: Intro (whispers + ambience) Verse Hook (strong repeatable line) Verse 2 Hook (bigger) Bridge (slow haunting) Final drop Lyrics theme: "Din mein sarpanch, raat mein vampire" "Khoon bhi mera, kanoon bhi mera" "Chaudharahat + immortality" Make it sound like a high-budget Bollywood dark fantasy song. Make it more aggressive, darker, heavier bass, more dramatic hook, more echo on "Pinki"	true	true	assets/covers/45ebedf4-7d51-4716-a12b-764243daad4a.jpeg	assets/audio/45ebedf4-7d51-4716-a12b-764243daad4a.mp3	NULL	false
c8598710-c924-4b3c-8e32-0a1fded87efb	Din Mein Sarpanch	2026-04-28T18:51:56.099Z	0:30	chirp-fenix	Dark cinematic Indian folk trap song with female vocals. Theme: A powerful Haryanvi village sarpanch who is secretly a vampire. Dual personality: graceful, seductive, dangerous. Style: Indian folk + trap + dark fantasy + Bollywood cinematic Mood: mysterious, sensual, powerful, slightly evil, royal Instruments: sarangi, flute, been, dhol, heavy 808 bass, cinematic pads, subtle temple bells Tempo: 95 BPM Key: D minor Vocals: female lead (soft seductive to powerful aggressive transition) background whispers and echo layers Language: Hindi + Haryanvi mix Structure: Intro (whispers + ambience) Verse Hook (strong repeatable line) Verse 2 Hook (bigger) Bridge (slow haunting) Final drop Lyrics theme: "Din mein sarpanch, raat mein vampire" "Khoon bhi mera, kanoon bhi mera" "Chaudharahat + immortality" Make it sound like a high-budget Bollywood dark fantasy song. Make it more aggressive, darker, heavier bass, more dramatic hook, more echo on "Pinki"	true	true	assets/covers/c8598710-c924-4b3c-8e32-0a1fded87efb.jpeg	assets/audio/c8598710-c924-4b3c-8e32-0a1fded87efb.mp3	NULL	false
7e7aaecb-6ae5-41b2-86d2-c53c30b96231	गूंगों का स्टेशन	2026-04-24T22:33:58.968Z	4:01	chirp-fenix		true	true	assets/covers/7e7aaecb-6ae5-41b2-86d2-c53c30b96231.jpeg	assets/audio/7e7aaecb-6ae5-41b2-86d2-c53c30b96231.mp3	NULL	false
226a516c-1c24-4e20-b60b-33c5d07903e0	गूंगों का स्टेशन	2026-04-24T22:33:58.968Z	4:58	chirp-fenix		true	true	assets/covers/226a516c-1c24-4e20-b60b-33c5d07903e0.jpeg	assets/audio/226a516c-1c24-4e20-b60b-33c5d07903e0.mp3	NULL	false
c6ab00bc-f4fc-49fb-91b6-93fbb717ec43	“Roach Sirens”	2026-04-22T10:13:13.566Z	2:59	chirp-fenix	[Style: Opera + Hyper-rap + Trap Metal + Cinematic Orchestra, aggressive male tenor, distorted 808s, fast double-time rap, dark choir, key of D minor, BPM 170, hard breakdown, glitched vocals]	true	true	assets/covers/c6ab00bc-f4fc-49fb-91b6-93fbb717ec43.jpeg	assets/audio/c6ab00bc-f4fc-49fb-91b6-93fbb717ec43.mp3	NULL	false
f3c2518c-d6a6-4235-8da6-208eae4ee71a	“Roach Sirens”	2026-04-22T10:13:13.566Z	2:40	chirp-fenix	[Style: Opera + Hyper-rap + Trap Metal + Cinematic Orchestra, aggressive male tenor, distorted 808s, fast double-time rap, dark choir, key of D minor, BPM 170, hard breakdown, glitched vocals]	true	true	assets/covers/f3c2518c-d6a6-4235-8da6-208eae4ee71a.jpeg	assets/audio/f3c2518c-d6a6-4235-8da6-208eae4ee71a.mp3	NULL	false
87cb98e9-3781-4876-86b0-4540f8ecf4b1	रेत पर निशाँ	2026-04-22T09:39:05.883Z	3:49	chirp-fenix	Modern Sufi Qawwali, divine male vocals, slow emotional tempo, harmonium, soft tabla, deep tanpura drone, echo reverb like dargah ambience, meditative, haunting, spiritual yearning, no pop, no synth	true	true	assets/covers/87cb98e9-3781-4876-86b0-4540f8ecf4b1.jpeg	assets/audio/87cb98e9-3781-4876-86b0-4540f8ecf4b1.mp3	NULL	false
18cc6ebd-d8fe-4bf0-a598-1abdd0082fc7	रेत पर निशाँ	2026-04-22T09:39:05.883Z	3:58	chirp-fenix	Modern Sufi Qawwali, divine male vocals, slow emotional tempo, harmonium, soft tabla, deep tanpura drone, echo reverb like dargah ambience, meditative, haunting, spiritual yearning, no pop, no synth	true	true	assets/covers/18cc6ebd-d8fe-4bf0-a598-1abdd0082fc7.jpeg	assets/audio/18cc6ebd-d8fe-4bf0-a598-1abdd0082fc7.mp3	NULL	false
b56bd6df-5167-43b3-b0a6-cf5f42c72589	मेट्रो दरवाज़े बंद x Animatrix लोडिंग (Mashup)	2026-04-21T22:09:36.023Z	3:46	chirp-fenix	Afro-Phonk Fusion, Vedic Chanting, Modern Indian Folk, Neon-Sufi, Syncopated Djembe, Futuristic Synth Arpeggios, Vocoder Glitch Vocals, High Contrast Production, 118 BPM, Global Fusion, Phonk Cowbell	true	true	assets/covers/b56bd6df-5167-43b3-b0a6-cf5f42c72589.jpeg	assets/audio/b56bd6df-5167-43b3-b0a6-cf5f42c72589.mp3	NULL	false
d0569990-a19a-4e68-b82b-1db44b271e2a	मेट्रो दरवाज़े बंद x Animatrix लोडिंग (Mashup)	2026-04-21T22:09:36.023Z	4:02	chirp-fenix	Afro-Phonk Fusion, Vedic Chanting, Modern Indian Folk, Neon-Sufi, Syncopated Djembe, Futuristic Synth Arpeggios, Vocoder Glitch Vocals, High Contrast Production, 118 BPM, Global Fusion, Phonk Cowbell	true	true	assets/covers/d0569990-a19a-4e68-b82b-1db44b271e2a.jpeg	assets/audio/d0569990-a19a-4e68-b82b-1db44b271e2a.mp3	NULL	false
803ae36b-ad83-4a45-9256-606bf42e2514	मेट्रो दरवाज़े बंद	2026-04-21T21:25:32.899Z	4:38	chirp-fenix	Afro-Phonk Fusion, Vedic Chanting, Modern Indian Folk, Neon-Sufi, Syncopated Djembe, Futuristic Synth Arpeggios, Vocoder Glitch Vocals, High Contrast Production, 118 BPM, Global Fusion, Phonk Cowbell	true	true	assets/covers/803ae36b-ad83-4a45-9256-606bf42e2514.jpeg	assets/audio/803ae36b-ad83-4a45-9256-606bf42e2514.mp3	NULL	false
e48f5522-c4e9-43c9-8080-e6a097fa596c	मेट्रो दरवाज़े बंद	2026-04-21T21:25:32.898Z	4:34	chirp-fenix	Afro-Phonk Fusion, Vedic Chanting, Modern Indian Folk, Neon-Sufi, Syncopated Djembe, Futuristic Synth Arpeggios, Vocoder Glitch Vocals, High Contrast Production, 118 BPM, Global Fusion, Phonk Cowbell	true	true	assets/covers/e48f5522-c4e9-43c9-8080-e6a097fa596c.jpeg	assets/audio/e48f5522-c4e9-43c9-8080-e6a097fa596c.mp3	NULL	false
40bc367c-0e8b-4773-800e-f68e8cf45f1e	Animatrix Loading	2026-04-21T20:06:56.918Z	4:12	chirp-fenix	Afro-Phonk Fusion, Vedic Chanting, Modern Indian Folk, Neon-Sufi, Syncopated Djembe, Futuristic Synth Arpeggios, Vocoder Glitch Vocals, High Contrast Production, 118 BPM, Global Fusion, Phonk Cowbell	true	true	assets/covers/40bc367c-0e8b-4773-800e-f68e8cf45f1e.jpeg	assets/audio/40bc367c-0e8b-4773-800e-f68e8cf45f1e.mp3	NULL	false
e4126f4b-d140-4061-9c2f-294733f12904	Animatrix Loading	2026-04-21T20:06:56.918Z	4:25	chirp-fenix	Afro-Phonk Fusion, Vedic Chanting, Modern Indian Folk, Neon-Sufi, Syncopated Djembe, Futuristic Synth Arpeggios, Vocoder Glitch Vocals, High Contrast Production, 118 BPM, Global Fusion, Phonk Cowbell	true	true	assets/covers/e4126f4b-d140-4061-9c2f-294733f12904.jpeg	assets/audio/e4126f4b-d140-4061-9c2f-294733f12904.mp3	NULL	false
47ed762a-d69b-40e3-8c6b-9feee3c9bd95	Animatrix लोड	2026-04-21T20:05:55.790Z	4:46	chirp-fenix	Afro-Phonk Fusion, Vedic Chanting, Modern Indian Folk, Neon-Sufi, Syncopated Djembe, Futuristic Synth Arpeggios, Vocoder Glitch Vocals, High Contrast Production, 118 BPM, Global Fusion, Phonk Cowbell	true	true	assets/covers/47ed762a-d69b-40e3-8c6b-9feee3c9bd95.jpeg	assets/audio/47ed762a-d69b-40e3-8c6b-9feee3c9bd95.mp3	NULL	false
9aa4b117-b9b0-46de-9c7d-4e16fadb5159	Animatrix लोड	2026-04-21T20:05:55.790Z	4:28	chirp-fenix	Afro-Phonk Fusion, Vedic Chanting, Modern Indian Folk, Neon-Sufi, Syncopated Djembe, Futuristic Synth Arpeggios, Vocoder Glitch Vocals, High Contrast Production, 118 BPM, Global Fusion, Phonk Cowbell	true	true	assets/covers/9aa4b117-b9b0-46de-9c7d-4e16fadb5159.jpeg	assets/audio/9aa4b117-b9b0-46de-9c7d-4e16fadb5159.mp3	NULL	false
ad88ec20-844d-47ac-ae8e-5634a628daee	धरती का नून	2026-04-21T19:39:23.486Z	5:19	chirp-fenix	dark hindustani bhajan meets ambient trance d bhairavi 72 to 108 bpm male gritty devotional vocal with breath whispers ghost layers sarangi detuned tremolo glissando tanpura drone tabla keherwa to double time to 16th rolls analog synth pad with slow filter sweep desert cave reverb tape delay infinite reverb swell at climax structure intro breath mukhda chorus antara 1 chorus 2 antara 2 8 bar break no tabla chorus 3 antara 3 mental whirlpool chorus 4 antara 4 i am time itself chorus 5 spoken outro silence lyrics about being the salt of the earth turning to blood mood spiritual agony circular trap of time unresolved no resolution no happy ending salt never dissolves in the style of Qawwali, Sufi, Pakistani classical s spiritual intensity the acid s sparse atmospheric production midori takada s minimalist percussion raga bhairavi s deep melancholy vocals like a tired saint singing alone in a cave at midnight sarangi like a human	true	true	assets/covers/ad88ec20-844d-47ac-ae8e-5634a628daee.jpeg	assets/audio/ad88ec20-844d-47ac-ae8e-5634a628daee.mp3	NULL	false
a5469ce5-e8c0-40f9-86c7-934fe766e66a	धरती का नून	2026-04-21T19:39:23.486Z	5:57	chirp-fenix	dark hindustani bhajan meets ambient trance d bhairavi 72 to 108 bpm male gritty devotional vocal with breath whispers ghost layers sarangi detuned tremolo glissando tanpura drone tabla keherwa to double time to 16th rolls analog synth pad with slow filter sweep desert cave reverb tape delay infinite reverb swell at climax structure intro breath mukhda chorus antara 1 chorus 2 antara 2 8 bar break no tabla chorus 3 antara 3 mental whirlpool chorus 4 antara 4 i am time itself chorus 5 spoken outro silence lyrics about being the salt of the earth turning to blood mood spiritual agony circular trap of time unresolved no resolution no happy ending salt never dissolves in the style of Qawwali, Sufi, Pakistani classical s spiritual intensity the acid s sparse atmospheric production midori takada s minimalist percussion raga bhairavi s deep melancholy vocals like a tired saint singing alone in a cave at midnight sarangi like a human	true	true	assets/covers/a5469ce5-e8c0-40f9-86c7-934fe766e66a.jpeg	assets/audio/a5469ce5-e8c0-40f9-86c7-934fe766e66a.mp3	NULL	false
64809c5c-f7d0-4faf-b884-c3a9e25efa99	**धून रे-साधो**	2026-04-21T19:06:18.304Z	4:37	chirp-fenix	[Genre: Hindustani classical meets dark ambient trance, Bhairavi raga, slow burn 72 BPM building to 108 BPM] [Vocals: male devotional voice, gritty, intimate, breath audible, occasional whispered ghost layers, spoken-word outro] [Instruments: tanpura drone, sarangi (melancholic, detuned, glissando slides), tabla (slow keherwa to double-time), analog synth pad with slow filter sweep] [Mood: desert ritual, spiritual agony, salt and ash, meditative trance, unresolved grief] [Production: plate reverb 4s, tape delay, hall echoes, ghost harmonies pitched -2st, reverse cymbal swells, moments of complete dryness, 8-bar breaks] [Structure: intro (breath+drone) → mukhda (72 BPM) → chorus (tremolo sarangi) → antara 1 (filter sweep begins) → chorus 2 (faster) → antara 2 (tabla drops out, 8-bar break) → chorus 3 (92 BPM, laugh texture) → climax (108 BPM, tabla rolls, infinite reverb) → spoken outro (detuned drone) → silence → single sitar buzz]	true	true	assets/covers/64809c5c-f7d0-4faf-b884-c3a9e25efa99.jpeg	assets/audio/64809c5c-f7d0-4faf-b884-c3a9e25efa99.mp3	NULL	false
d6049185-a418-4c6a-a1d9-fcc801c751b9	**धून रे-साधो**	2026-04-21T19:06:18.304Z	4:44	chirp-fenix	[Genre: Hindustani classical meets dark ambient trance, Bhairavi raga, slow burn 72 BPM building to 108 BPM] [Vocals: male devotional voice, gritty, intimate, breath audible, occasional whispered ghost layers, spoken-word outro] [Instruments: tanpura drone, sarangi (melancholic, detuned, glissando slides), tabla (slow keherwa to double-time), analog synth pad with slow filter sweep] [Mood: desert ritual, spiritual agony, salt and ash, meditative trance, unresolved grief] [Production: plate reverb 4s, tape delay, hall echoes, ghost harmonies pitched -2st, reverse cymbal swells, moments of complete dryness, 8-bar breaks] [Structure: intro (breath+drone) → mukhda (72 BPM) → chorus (tremolo sarangi) → antara 1 (filter sweep begins) → chorus 2 (faster) → antara 2 (tabla drops out, 8-bar break) → chorus 3 (92 BPM, laugh texture) → climax (108 BPM, tabla rolls, infinite reverb) → spoken outro (detuned drone) → silence → single sitar buzz]	true	true	assets/covers/d6049185-a418-4c6a-a1d9-fcc801c751b9.jpeg	assets/audio/d6049185-a418-4c6a-a1d9-fcc801c751b9.mp3	NULL	false
3b1bbfb3-e88d-49d5-91b4-f619dc802de3	रेत में नमक	2026-04-21T19:00:15.742Z	7:59	chirp-fenix	धरती का नून DHARTI KA NOON — Full Adlib & Reverb Annotated Score BPM / Tempo 72 → 108 (Buildup) Key / Scale D Bhairavi · Minor Reverb Room Desert Cave · 4.2s Decay Lead Vocal Adlib (Vocal FX) Ghost Voice (Whisper Layer) Sarangi Cue Reverb / Echo Tail Breath / Texture Sarangi Treatment Raw, slightly detuned · Bowed long tones under mukhda · Glissando slides on antara transitions · Heavy low-pass filter with LFO pulse (0.25 Hz) · Stereo width: 85% Trance Architecture Intro: drone only → Mukhda: tabla + sarangi kick in → Antara: filter sweeps open → Climax (stanza 6): full drop + 16th-note tabla rolls → Outro: reverse reverb fade Vocal Chain Lead: plate reverb 3.8s + subtle tape delay 375ms · Adlibs: isolated pre-delay 60ms, darker EQ · Ghost layer: pitched -2 semitones, 100% wet reverb Drone / Pad Tanpura Sa-Pa loop (D-A) · Layered with analog synth pad: slow attack 4s, low filter cutoff 400Hz · Slowly rising mod wheel through each antara	true	true	assets/covers/3b1bbfb3-e88d-49d5-91b4-f619dc802de3.jpeg	assets/audio/3b1bbfb3-e88d-49d5-91b4-f619dc802de3.mp3	NULL	false
7e0d2809-671f-4a5d-ac1b-393bdf43d3fb	रेत में नमक	2026-04-21T19:00:15.742Z	4:36	chirp-fenix	धरती का नून DHARTI KA NOON — Full Adlib & Reverb Annotated Score BPM / Tempo 72 → 108 (Buildup) Key / Scale D Bhairavi · Minor Reverb Room Desert Cave · 4.2s Decay Lead Vocal Adlib (Vocal FX) Ghost Voice (Whisper Layer) Sarangi Cue Reverb / Echo Tail Breath / Texture Sarangi Treatment Raw, slightly detuned · Bowed long tones under mukhda · Glissando slides on antara transitions · Heavy low-pass filter with LFO pulse (0.25 Hz) · Stereo width: 85% Trance Architecture Intro: drone only → Mukhda: tabla + sarangi kick in → Antara: filter sweeps open → Climax (stanza 6): full drop + 16th-note tabla rolls → Outro: reverse reverb fade Vocal Chain Lead: plate reverb 3.8s + subtle tape delay 375ms · Adlibs: isolated pre-delay 60ms, darker EQ · Ghost layer: pitched -2 semitones, 100% wet reverb Drone / Pad Tanpura Sa-Pa loop (D-A) · Layered with analog synth pad: slow attack 4s, low filter cutoff 400Hz · Slowly rising mod wheel through each antara	true	true	assets/covers/7e0d2809-671f-4a5d-ac1b-393bdf43d3fb.jpeg	assets/audio/7e0d2809-671f-4a5d-ac1b-393bdf43d3fb.mp3	NULL	false
a1faf499-0ae9-40d2-ac91-2d8e83b55f0c	Animatrix लोडिंग	2026-04-21T18:41:50.120Z	4:51	chirp-fenix	Afro-Phonk Fusion, Vedic Chanting, Modern Indian Folk, Neon-Sufi, Syncopated Djembe, Futuristic Synth Arpeggios, Vocoder Glitch Vocals, High Contrast Production, 118 BPM, Global Fusion, Phonk Cowbell.	true	true	assets/covers/a1faf499-0ae9-40d2-ac91-2d8e83b55f0c.jpeg	assets/audio/a1faf499-0ae9-40d2-ac91-2d8e83b55f0c.mp3	NULL	false
c2da4a42-4081-4f8b-bcce-99e67d38740e	Animatrix लोडिंग	2026-04-21T18:41:50.120Z	4:44	chirp-fenix	Afro-Phonk Fusion, Vedic Chanting, Modern Indian Folk, Neon-Sufi, Syncopated Djembe, Futuristic Synth Arpeggios, Vocoder Glitch Vocals, High Contrast Production, 118 BPM, Global Fusion, Phonk Cowbell.	true	true	assets/covers/c2da4a42-4081-4f8b-bcce-99e67d38740e.jpeg	assets/audio/c2da4a42-4081-4f8b-bcce-99e67d38740e.mp3	NULL	false
b3e24cb5-dd86-475b-b84c-00356ec425f6	Animatrix Loading	2026-04-21T18:20:37.675Z	5:01	chirp-fenix	Cyber-Sufi Afro-Phonk, Heavy Distorted 808 Bass, Cowbell Phonk Melody, Fast Syncopated Afrobeat Percussion, Ethereal Synth Pads, Deep Male Folk Vocals with Reverb, squeeki nasal neural female vocals, Glitch-hop elements, Sanskrit Chanting, 118 BPM, Futuristic, Cinematic.	true	true	assets/covers/b3e24cb5-dd86-475b-b84c-00356ec425f6.jpeg	assets/audio/b3e24cb5-dd86-475b-b84c-00356ec425f6.mp3	NULL	false
12168a29-23fd-464a-8f32-b552fd6e4571	Animatrix Loading	2026-04-21T18:20:37.675Z	4:39	chirp-fenix	Cyber-Sufi Afro-Phonk, Heavy Distorted 808 Bass, Cowbell Phonk Melody, Fast Syncopated Afrobeat Percussion, Ethereal Synth Pads, Deep Male Folk Vocals with Reverb, squeeki nasal neural female vocals, Glitch-hop elements, Sanskrit Chanting, 118 BPM, Futuristic, Cinematic.	true	true	assets/covers/12168a29-23fd-464a-8f32-b552fd6e4571.jpeg	assets/audio/12168a29-23fd-464a-8f32-b552fd6e4571.mp3	NULL	false
eba6ef4c-4673-47d3-a972-ec071def7fc1	मेट्रो डिब्बा मोबाइल	2026-04-21T17:59:05.461Z	4:16	chirp-fenix	Cyber-Sufi Afro-Phonk, Heavy Distorted 808 Bass, Cowbell Phonk Melody, Fast Syncopated Afrobeat Percussion, Ethereal Synth Pads, Deep Male Folk Vocals with Reverb, Glitch-hop elements, Sanskrit Chanting, 118 BPM, Futuristic, Cinematic.	true	true	assets/covers/eba6ef4c-4673-47d3-a972-ec071def7fc1.jpeg	assets/audio/eba6ef4c-4673-47d3-a972-ec071def7fc1.mp3	NULL	false
50efcdb2-3927-4d22-9dff-23ab30048e3e	मेट्रो डिब्बा मोबाइल	2026-04-21T17:59:05.461Z	4:34	chirp-fenix	Cyber-Sufi Afro-Phonk, Heavy Distorted 808 Bass, Cowbell Phonk Melody, Fast Syncopated Afrobeat Percussion, Ethereal Synth Pads, Deep Male Folk Vocals with Reverb, Glitch-hop elements, Sanskrit Chanting, 118 BPM, Futuristic, Cinematic.	true	true	assets/covers/50efcdb2-3927-4d22-9dff-23ab30048e3e.jpeg	assets/audio/50efcdb2-3927-4d22-9dff-23ab30048e3e.mp3	NULL	false
8e51259c-2c1b-4d8c-9937-a9210c11f9e0	मेट्रो हम-डोल	2026-04-21T17:50:10.788Z	3:53	chirp-fenix	Dark Drift Phonk, Heavy Distorted 808 Bass, Cowbell Melody, Fast Afro-Phonk Percussion, Cyberpunk Atmosphere, Gritty Male Vocals, Hypnotic Female Vocals, Glitch-hop, 124 BPM, Intense, Aggressive Energy.	true	true	assets/covers/8e51259c-2c1b-4d8c-9937-a9210c11f9e0.jpeg	assets/audio/8e51259c-2c1b-4d8c-9937-a9210c11f9e0.mp3	NULL	false
489eb949-4a6f-43a9-a57f-0c8d38c447f8	मेट्रो हम-डोल	2026-04-21T17:50:10.787Z	4:25	chirp-fenix	Dark Drift Phonk, Heavy Distorted 808 Bass, Cowbell Melody, Fast Afro-Phonk Percussion, Cyberpunk Atmosphere, Gritty Male Vocals, Hypnotic Female Vocals, Glitch-hop, 124 BPM, Intense, Aggressive Energy.	true	true	assets/covers/489eb949-4a6f-43a9-a57f-0c8d38c447f8.jpeg	assets/audio/489eb949-4a6f-43a9-a57f-0c8d38c447f8.mp3	NULL	false
302d74f4-c980-41ab-9517-7315d88c6f17	Animatrix Bootloop	2026-04-21T17:32:54.871Z	4:05	chirp-fenix	Dark Drift Phonk, Heavy Distorted 808 Bass, Cowbell Melody, Fast Afro-Phonk Percussion, Cyberpunk Atmosphere, Gritty Male Vocals, Hypnotic Female Vocals, Glitch-hop, 124 BPM, Intense, Aggressive Energy.	true	true	assets/covers/302d74f4-c980-41ab-9517-7315d88c6f17.jpeg	assets/audio/302d74f4-c980-41ab-9517-7315d88c6f17.mp3	NULL	false
fe9e7ab6-a016-4774-9a1e-43f4e2598a18	Animatrix Bootloop	2026-04-21T17:32:54.871Z	4:11	chirp-fenix	Dark Drift Phonk, Heavy Distorted 808 Bass, Cowbell Melody, Fast Afro-Phonk Percussion, Cyberpunk Atmosphere, Gritty Male Vocals, Hypnotic Female Vocals, Glitch-hop, 124 BPM, Intense, Aggressive Energy.	true	true	assets/covers/fe9e7ab6-a016-4774-9a1e-43f4e2598a18.jpeg	assets/audio/fe9e7ab6-a016-4774-9a1e-43f4e2598a18.mp3	NULL	false
6fdb63c2-38cc-46f4-9872-4c0d1fec3922	मेरा अंतरमान डोले	2026-04-21T17:20:58.349Z	4:16	chirp-fenix	Dark Drift Phonk, Heavy Distorted 808 Bass, Cowbell Melody, Fast Afro-Phonk Percussion, Cyberpunk Atmosphere, Gritty Male Vocals, Hypnotic Female Vocals, Glitch-hop, 124 BPM, Intense, Aggressive Energy.	true	true	assets/covers/6fdb63c2-38cc-46f4-9872-4c0d1fec3922.jpeg	assets/audio/6fdb63c2-38cc-46f4-9872-4c0d1fec3922.mp3	NULL	false
920539b8-cbfd-4c49-8404-bb0fbaa9dc11	मेरा अंतरमान डोले	2026-04-21T17:20:58.349Z	4:00	chirp-fenix	Dark Drift Phonk, Heavy Distorted 808 Bass, Cowbell Melody, Fast Afro-Phonk Percussion, Cyberpunk Atmosphere, Gritty Male Vocals, Hypnotic Female Vocals, Glitch-hop, 124 BPM, Intense, Aggressive Energy.	true	true	assets/covers/920539b8-cbfd-4c49-8404-bb0fbaa9dc11.jpeg	assets/audio/920539b8-cbfd-4c49-8404-bb0fbaa9dc11.mp3	NULL	false
bbdbe9f0-9175-4132-989e-36fbc9b6ea40	Animatrix Loading (Remastered)	2026-04-21T13:27:56.262Z	4:33	chirp-flounder	Dark Drift Phonk, Afrobeat percussion, Cyber-Sufi, Cinematic Space Atmosphere, Heavy Cowbell, Distorted 808 Bass, Ethereal Erhu solo, Deep Male Folk Vocals, Sanskrit Chanting, 118 BPM, Futuristic, Glitch-hop elements.	true	true	assets/covers/bbdbe9f0-9175-4132-989e-36fbc9b6ea40.jpeg	assets/audio/bbdbe9f0-9175-4132-989e-36fbc9b6ea40.mp3	NULL	false
f4537e0d-1ee4-43aa-886c-096606a8877f	Animatrix Loading (Remastered)	2026-04-21T13:27:56.262Z	4:33	chirp-flounder	Dark Drift Phonk, Afrobeat percussion, Cyber-Sufi, Cinematic Space Atmosphere, Heavy Cowbell, Distorted 808 Bass, Ethereal Erhu solo, Deep Male Folk Vocals, Sanskrit Chanting, 118 BPM, Futuristic, Glitch-hop elements.	true	true	assets/covers/f4537e0d-1ee4-43aa-886c-096606a8877f.jpeg	assets/audio/f4537e0d-1ee4-43aa-886c-096606a8877f.mp3	NULL	false
a4a5bc5a-d81d-4f39-9713-104d788188ad	Duduk Cello Oath	2026-04-21T13:08:36.959Z	4:31	chirp-fenix	Cinematic World-Sufi Fusion, Avant-garde Qawwali, Mournful Armenian Duduk Intro, Deep Cello resonance, Middle-Eastern Oud arpeggios, Industrial Tribal Percussion (Djembe & Tabla), Ethereal Reverb, Haunting Atmos, Raw Emotive Baritone Vocals, 80 to 160 BPM Crescendo, Orchestral Horror-Romance, Heartbeat rhythm	true	true	assets/covers/a4a5bc5a-d81d-4f39-9713-104d788188ad.jpeg	assets/audio/a4a5bc5a-d81d-4f39-9713-104d788188ad.mp3	NULL	false
1b6225a2-fb64-49aa-94db-802efe864623	Duduk Cello Oath	2026-04-21T13:08:36.959Z	4:12	chirp-fenix	Cinematic World-Sufi Fusion, Avant-garde Qawwali, Mournful Armenian Duduk Intro, Deep Cello resonance, Middle-Eastern Oud arpeggios, Industrial Tribal Percussion (Djembe & Tabla), Ethereal Reverb, Haunting Atmos, Raw Emotive Baritone Vocals, 80 to 160 BPM Crescendo, Orchestral Horror-Romance, Heartbeat rhythm	true	true	assets/covers/1b6225a2-fb64-49aa-94db-802efe864623.jpeg	assets/audio/1b6225a2-fb64-49aa-94db-802efe864623.mp3	NULL	false
55ff3fb9-78dd-47aa-954e-b679fb027780	Sanatan Data (Woodwinds)	2026-04-21T12:12:08.562Z	4:19	chirp-ahi		true	true	assets/covers/55ff3fb9-78dd-47aa-954e-b679fb027780.jpeg	assets/audio/55ff3fb9-78dd-47aa-954e-b679fb027780.mp3	NULL	false
6733d2a3-417b-48bc-860b-da829db4aea6	Sanatan Data (Brass)	2026-04-21T12:12:08.562Z	4:19	chirp-ahi		true	true	assets/covers/6733d2a3-417b-48bc-860b-da829db4aea6.jpeg	assets/audio/6733d2a3-417b-48bc-860b-da829db4aea6.mp3	NULL	false
750b55e5-c14a-4830-b809-46c5c268bb10	Sanatan Data (FX)	2026-04-21T12:12:08.562Z	4:19	chirp-ahi		true	true	assets/covers/750b55e5-c14a-4830-b809-46c5c268bb10.jpeg	assets/audio/750b55e5-c14a-4830-b809-46c5c268bb10.mp3	NULL	false
df9decba-6d7a-4b41-b934-ece15438bc04	Sanatan Data (Synth)	2026-04-21T12:12:08.562Z	4:19	chirp-ahi		true	true	assets/covers/df9decba-6d7a-4b41-b934-ece15438bc04.jpeg	assets/audio/df9decba-6d7a-4b41-b934-ece15438bc04.mp3	NULL	false
4038805a-13f2-4ea4-8ebc-0aaf8b8d4a63	Sanatan Data (Strings)	2026-04-21T12:12:08.561Z	4:19	chirp-ahi		true	true	assets/covers/4038805a-13f2-4ea4-8ebc-0aaf8b8d4a63.jpeg	assets/audio/4038805a-13f2-4ea4-8ebc-0aaf8b8d4a63.mp3	NULL	false
5b28d996-b797-44fd-84e6-91260239f99a	Sanatan Data (Percussion)	2026-04-21T12:12:08.561Z	4:19	chirp-ahi		true	true	assets/covers/5b28d996-b797-44fd-84e6-91260239f99a.jpeg	assets/audio/5b28d996-b797-44fd-84e6-91260239f99a.mp3	NULL	false
d52c5488-160e-4898-95b6-9aba85fc57b1	Sanatan Data (Keyboard)	2026-04-21T12:12:08.561Z	4:19	chirp-ahi		true	true	assets/covers/d52c5488-160e-4898-95b6-9aba85fc57b1.jpeg	assets/audio/d52c5488-160e-4898-95b6-9aba85fc57b1.mp3	NULL	false
06022320-56b7-4569-93f1-46ff24219ab6	Sanatan Data (Guitar)	2026-04-21T12:12:08.561Z	4:19	chirp-ahi		true	true	assets/covers/06022320-56b7-4569-93f1-46ff24219ab6.jpeg	assets/audio/06022320-56b7-4569-93f1-46ff24219ab6.mp3	NULL	false
b6eefd3b-f41e-41d8-9e90-857f3d92e322	Sanatan Data (Bass)	2026-04-21T12:12:08.561Z	4:19	chirp-ahi		true	true	assets/covers/b6eefd3b-f41e-41d8-9e90-857f3d92e322.jpeg	assets/audio/b6eefd3b-f41e-41d8-9e90-857f3d92e322.mp3	NULL	false
fcb87d9a-652c-460e-bc96-12071b018834	Sanatan Data (Drums)	2026-04-21T12:12:08.561Z	4:19	chirp-ahi		true	true	assets/covers/fcb87d9a-652c-460e-bc96-12071b018834.jpeg	assets/audio/fcb87d9a-652c-460e-bc96-12071b018834.mp3	NULL	false
2df22d4b-e5ef-452e-9aae-60e2c60cfbb4	Sanatan Data (Backing Vocals)	2026-04-21T12:12:08.561Z	4:19	chirp-ahi		true	true	assets/covers/2df22d4b-e5ef-452e-9aae-60e2c60cfbb4.jpeg	assets/audio/2df22d4b-e5ef-452e-9aae-60e2c60cfbb4.mp3	NULL	false
fad79731-3877-425f-a565-dc7a091f1209	Sanatan Data (Vocals)	2026-04-21T12:12:08.561Z	4:19	chirp-ahi		true	true	assets/covers/fad79731-3877-425f-a565-dc7a091f1209.jpeg	assets/audio/fad79731-3877-425f-a565-dc7a091f1209.mp3	NULL	false
bff7af57-604d-4eb1-8620-88141375f222	Sanatan Data (Woodwinds)	2026-04-21T12:12:08.561Z	4:19	chirp-ahi		true	true	assets/covers/bff7af57-604d-4eb1-8620-88141375f222.jpeg	assets/audio/bff7af57-604d-4eb1-8620-88141375f222.mp3	NULL	false
92163cc3-c08b-4c75-94ac-496254f1f521	Sanatan Data (Brass)	2026-04-21T12:12:08.561Z	4:19	chirp-ahi		true	true	assets/covers/92163cc3-c08b-4c75-94ac-496254f1f521.jpeg	assets/audio/92163cc3-c08b-4c75-94ac-496254f1f521.mp3	NULL	false
fdc7c260-7895-4cf1-a49a-4c69b66d3ffd	Sanatan Data (FX)	2026-04-21T12:12:08.561Z	4:19	chirp-ahi		true	true	assets/covers/fdc7c260-7895-4cf1-a49a-4c69b66d3ffd.jpeg	assets/audio/fdc7c260-7895-4cf1-a49a-4c69b66d3ffd.mp3	NULL	false
3afc05ed-d817-4a5d-8bc7-283c5aabfd16	Sanatan Data (Synth)	2026-04-21T12:12:08.561Z	4:19	chirp-ahi		true	true	assets/covers/3afc05ed-d817-4a5d-8bc7-283c5aabfd16.jpeg	assets/audio/3afc05ed-d817-4a5d-8bc7-283c5aabfd16.mp3	NULL	false
8fb6e001-23ae-46fd-864d-27f15ca9c8a9	Sanatan Data (Strings)	2026-04-21T12:12:08.561Z	4:19	chirp-ahi		true	true	assets/covers/8fb6e001-23ae-46fd-864d-27f15ca9c8a9.jpeg	assets/audio/8fb6e001-23ae-46fd-864d-27f15ca9c8a9.mp3	NULL	false
c34d5864-b138-4724-8ce0-42b8df09bc20	Sanatan Data (Percussion)	2026-04-21T12:12:08.561Z	4:19	chirp-ahi		true	true	assets/covers/c34d5864-b138-4724-8ce0-42b8df09bc20.jpeg	assets/audio/c34d5864-b138-4724-8ce0-42b8df09bc20.mp3	NULL	false
30abfc96-11b2-4d86-b059-077e1cbd984c	Sanatan Data (Keyboard)	2026-04-21T12:12:08.561Z	4:19	chirp-ahi		true	true	assets/covers/30abfc96-11b2-4d86-b059-077e1cbd984c.jpeg	assets/audio/30abfc96-11b2-4d86-b059-077e1cbd984c.mp3	NULL	false
5c1e3da3-0ba0-4e42-ac96-403818537176	Sanatan Data (Guitar)	2026-04-21T12:12:08.561Z	4:19	chirp-ahi		true	true	assets/covers/5c1e3da3-0ba0-4e42-ac96-403818537176.jpeg	assets/audio/5c1e3da3-0ba0-4e42-ac96-403818537176.mp3	NULL	false
b20658c7-bce6-4c52-aa19-264349be1606	Sanatan Data (Bass)	2026-04-21T12:12:08.561Z	4:19	chirp-ahi		true	true	assets/covers/b20658c7-bce6-4c52-aa19-264349be1606.jpeg	assets/audio/b20658c7-bce6-4c52-aa19-264349be1606.mp3	NULL	false
a7d65933-ac13-4ad7-ab6a-5aa7d140a532	Sanatan Data (Drums)	2026-04-21T12:12:08.561Z	4:19	chirp-ahi		true	true	assets/covers/a7d65933-ac13-4ad7-ab6a-5aa7d140a532.jpeg	assets/audio/a7d65933-ac13-4ad7-ab6a-5aa7d140a532.mp3	NULL	false
0e3e9b9c-f329-493b-a0a5-bc60ac1606d4	Sanatan Data (Backing Vocals)	2026-04-21T12:12:08.561Z	4:19	chirp-ahi		true	true	assets/covers/0e3e9b9c-f329-493b-a0a5-bc60ac1606d4.jpeg	assets/audio/0e3e9b9c-f329-493b-a0a5-bc60ac1606d4.mp3	NULL	false
ebd8e4bb-3d61-4661-89bf-5f04d9c473fe	Sanatan Data (Vocals)	2026-04-21T12:12:08.561Z	4:19	chirp-ahi		true	true	assets/covers/ebd8e4bb-3d61-4661-89bf-5f04d9c473fe.jpeg	assets/audio/ebd8e4bb-3d61-4661-89bf-5f04d9c473fe.mp3	NULL	false
3e849ef6-8f9e-467f-b6cd-23ece1febccc	Animatrix Loading	2026-04-21T11:57:16.671Z	4:33	chirp-fenix	Dark Drift Phonk, Afrobeat percussion, Cyber-Sufi, Cinematic Space Atmosphere, Heavy Cowbell, Distorted 808 Bass, Ethereal Erhu solo, Deep Male Folk Vocals, Sanskrit Chanting, 118 BPM, Futuristic, Glitch-hop elements.	true	true	assets/covers/3e849ef6-8f9e-467f-b6cd-23ece1febccc.jpeg	assets/audio/3e849ef6-8f9e-467f-b6cd-23ece1febccc.mp3	NULL	false
eb94acbb-29cd-4d8f-8cfd-bc1845d25b66	Animatrix Loading	2026-04-21T11:57:16.671Z	4:27	chirp-fenix	Dark Drift Phonk, Afrobeat percussion, Cyber-Sufi, Cinematic Space Atmosphere, Heavy Cowbell, Distorted 808 Bass, Ethereal Erhu solo, Deep Male Folk Vocals, Sanskrit Chanting, 118 BPM, Futuristic, Glitch-hop elements.	true	true	assets/covers/eb94acbb-29cd-4d8f-8cfd-bc1845d25b66.jpeg	assets/audio/eb94acbb-29cd-4d8f-8cfd-bc1845d25b66.mp3	NULL	false
3580b58a-f911-4e7a-a531-b00a0b28b285	Sanatan Data	2026-04-21T11:41:30.544Z	4:19	chirp-fenix	Dark Drift Phonk, Afrobeat percussion, Cyber-Sufi, Cinematic Space Atmosphere, Heavy Cowbell, Distorted 808 Bass, Ethereal Erhu solo, Deep Male Folk Vocals, Sanskrit Chanting, 118 BPM, Futuristic, Glitch-hop elements.	true	true	assets/covers/3580b58a-f911-4e7a-a531-b00a0b28b285.jpeg	assets/audio/3580b58a-f911-4e7a-a531-b00a0b28b285.mp3	NULL	false
3225dd25-cc33-46f2-a2ae-25251f5514bd	Sanatan Data	2026-04-21T11:41:30.544Z	7:59	chirp-fenix	Dark Drift Phonk, Afrobeat percussion, Cyber-Sufi, Cinematic Space Atmosphere, Heavy Cowbell, Distorted 808 Bass, Ethereal Erhu solo, Deep Male Folk Vocals, Sanskrit Chanting, 118 BPM, Futuristic, Glitch-hop elements.	true	true	assets/covers/3225dd25-cc33-46f2-a2ae-25251f5514bd.jpeg	assets/audio/3225dd25-cc33-46f2-a2ae-25251f5514bd.mp3	NULL	false
2020dea5-b656-40ad-afab-e188b5b87eb4	Earth Station Static	2026-04-21T00:56:34.600Z	3:21	chirp-fenix	Dark Drift Phonk, Afrobeat percussion, Cyber-Sufi, Cinematic Space Atmosphere, Heavy Cowbell, Distorted 808 Bass, Ethereal Erhu solo, Deep Male Folk Vocals, Sanskrit Chanting, 118 BPM, Futuristic, Glitch-hop elements.	true	true	assets/covers/2020dea5-b656-40ad-afab-e188b5b87eb4.jpeg	assets/audio/2020dea5-b656-40ad-afab-e188b5b87eb4.mp3	NULL	false
0d8bd230-e8fb-40c1-bd65-a1d4ba490f2a	Earth Station Static	2026-04-21T00:56:34.600Z	3:47	chirp-fenix	Dark Drift Phonk, Afrobeat percussion, Cyber-Sufi, Cinematic Space Atmosphere, Heavy Cowbell, Distorted 808 Bass, Ethereal Erhu solo, Deep Male Folk Vocals, Sanskrit Chanting, 118 BPM, Futuristic, Glitch-hop elements.	true	true	assets/covers/0d8bd230-e8fb-40c1-bd65-a1d4ba490f2a.jpeg	assets/audio/0d8bd230-e8fb-40c1-bd65-a1d4ba490f2a.mp3	NULL	false
ba996ff1-61da-4e8f-8887-34fa43c9dd27	चुंग-चुंग गज़ब	2026-04-21T00:56:13.080Z	2:32	chirp-fenix	Indian Psychedelic Folk, Memphis Phonk, hypnotic Ektara loops, train rhythmic chugging beat, futuristic synth pads, deep melodic vocals, tribal Afro-drums, dark neon atmosphere, high energy.	true	true	assets/covers/ba996ff1-61da-4e8f-8887-34fa43c9dd27.jpeg	assets/audio/ba996ff1-61da-4e8f-8887-34fa43c9dd27.mp3	NULL	false
da33ae1c-117f-41b3-9784-fe362d228637	चुंग-चुंग गज़ब	2026-04-21T00:56:13.079Z	2:56	chirp-fenix	Indian Psychedelic Folk, Memphis Phonk, hypnotic Ektara loops, train rhythmic chugging beat, futuristic synth pads, deep melodic vocals, tribal Afro-drums, dark neon atmosphere, high energy.	true	true	assets/covers/da33ae1c-117f-41b3-9784-fe362d228637.jpeg	assets/audio/da33ae1c-117f-41b3-9784-fe362d228637.mp3	NULL	false
3c427c65-53cf-4f73-8314-f7c17ce91bfd	Train Chug-Chug चमत्कार	2026-04-21T00:36:47.352Z	2:37	chirp-fenix	Indian Psychedelic Folk, Memphis Phonk, hypnotic Ektara loops, train rhythmic chugging beat, futuristic synth pads, deep melodic vocals, tribal Afro-drums, dark neon atmosphere, high energy.	true	true	assets/covers/3c427c65-53cf-4f73-8314-f7c17ce91bfd.jpeg	assets/audio/3c427c65-53cf-4f73-8314-f7c17ce91bfd.mp3	NULL	false
ef0b0bee-7663-448a-879e-09acd3a01be8	Train Chug-Chug चमत्कार	2026-04-21T00:36:47.352Z	3:12	chirp-fenix	Indian Psychedelic Folk, Memphis Phonk, hypnotic Ektara loops, train rhythmic chugging beat, futuristic synth pads, deep melodic vocals, tribal Afro-drums, dark neon atmosphere, high energy.	true	true	assets/covers/ef0b0bee-7663-448a-879e-09acd3a01be8.jpeg	assets/audio/ef0b0bee-7663-448a-879e-09acd3a01be8.mp3	NULL	false
f3bece2c-8fd5-4865-af7e-d5cc311fcaf9	सनातन ट्रेन	2026-04-21T00:33:32.019Z	2:00	chirp-fenix		true	true	assets/covers/f3bece2c-8fd5-4865-af7e-d5cc311fcaf9.jpeg	assets/audio/f3bece2c-8fd5-4865-af7e-d5cc311fcaf9.mp3	NULL	false
2fd61f04-cf7c-48c8-b0fc-88e954b400a3	सनातन ट्रेन	2026-04-21T00:33:32.019Z	1:27	chirp-fenix		true	true	assets/covers/2fd61f04-cf7c-48c8-b0fc-88e954b400a3.jpeg	assets/audio/2fd61f04-cf7c-48c8-b0fc-88e954b400a3.mp3	NULL	false
8a1552e3-f66a-47d5-9b8f-962ea1ca02d7	अधिनारा हँसी	2026-04-21T00:22:36.056Z	2:41	chirp-fenix		true	true	assets/covers/8a1552e3-f66a-47d5-9b8f-962ea1ca02d7.jpeg	assets/audio/8a1552e3-f66a-47d5-9b8f-962ea1ca02d7.mp3	NULL	false
3a04f1ee-76c8-4231-a913-8316bd017536	अधिनारा हँसी	2026-04-21T00:22:36.056Z	2:48	chirp-fenix		true	true	assets/covers/3a04f1ee-76c8-4231-a913-8316bd017536.jpeg	assets/audio/3a04f1ee-76c8-4231-a913-8316bd017536.mp3	NULL	false
4755eedc-6653-4f47-a62c-4c49b907cf1d	पंडित होने की कोशिश	2026-04-21T00:00:43.390Z	1:57	chirp-fenix		true	true	assets/covers/4755eedc-6653-4f47-a62c-4c49b907cf1d.jpeg	assets/audio/4755eedc-6653-4f47-a62c-4c49b907cf1d.mp3	NULL	false
5b648092-0e75-4f22-95e2-5ee3f1cfe456	पंडित होने की कोशिश	2026-04-21T00:00:43.390Z	1:52	chirp-fenix		true	true	assets/covers/5b648092-0e75-4f22-95e2-5ee3f1cfe456.jpeg	assets/audio/5b648092-0e75-4f22-95e2-5ee3f1cfe456.mp3	NULL	false
376451ac-cca7-45f8-888b-707b3fce09ba	आंसू तौल-मोल	2026-04-20T23:47:40.484Z	2:23	chirp-fenix	[Artist: P.H.K.D. (Pure Honest Kabir Driven) Genre: Trans UX, use ambience sounds for music use naration as transition ]	true	true	assets/covers/376451ac-cca7-45f8-888b-707b3fce09ba.jpeg	assets/audio/376451ac-cca7-45f8-888b-707b3fce09ba.mp3	NULL	false
dbccc64f-268b-4c67-b479-32878a298eab	आंसू तौल-मोल	2026-04-20T23:47:40.484Z	2:21	chirp-fenix	[Artist: P.H.K.D. (Pure Honest Kabir Driven) Genre: Trans UX, use ambience sounds for music use naration as transition ]	true	true	assets/covers/dbccc64f-268b-4c67-b479-32878a298eab.jpeg	assets/audio/dbccc64f-268b-4c67-b479-32878a298eab.mp3	NULL	false
2f8b76a0-2fea-4f3f-9f7f-09611a2f27d7	माटी घट-विक्री	2026-04-20T05:18:09.637Z	2:56	chirp-fenix	[Artist: P.H.K.D. (Pure Honest Kabir Driven) Genre: Spiritual Phonk / Cinematic World Music, Afrobeat, Indian folk fusion, Telugu folk, Tamil folk, Bangla folk, Erhu, talking drum, deep bass, spiritual, male vocal, call and response, world fusion]	true	true	assets/covers/2f8b76a0-2fea-4f3f-9f7f-09611a2f27d7.jpeg	assets/audio/2f8b76a0-2fea-4f3f-9f7f-09611a2f27d7.mp3	NULL	false
134c2704-6219-40e0-ac0d-cb7ea6ad4857	माटी घट-विक्री	2026-04-20T05:18:09.637Z	3:14	chirp-fenix	[Artist: P.H.K.D. (Pure Honest Kabir Driven) Genre: Spiritual Phonk / Cinematic World Music, Afrobeat, Indian folk fusion, Telugu folk, Tamil folk, Bangla folk, Erhu, talking drum, deep bass, spiritual, male vocal, call and response, world fusion]	true	true	assets/covers/134c2704-6219-40e0-ac0d-cb7ea6ad4857.jpeg	assets/audio/134c2704-6219-40e0-ac0d-cb7ea6ad4857.mp3	NULL	false
e7929024-f570-473c-9c81-bd82372023c1	कबीरा नमक मंडी	2026-04-20T03:55:34.337Z	3:07	chirp-fenix	[Artist: P.H.K.D. (Pure Honest Kabir Driven) Genre: Spiritual Phonk / Cinematic World Music, Afrobeat, Indian folk fusion, Telugu folk, Tamil folk, Bangla folk, Erhu, talking drum, deep bass, spiritual, male vocal, call and response, world fusion]	true	true	assets/covers/e7929024-f570-473c-9c81-bd82372023c1.jpeg	assets/audio/e7929024-f570-473c-9c81-bd82372023c1.mp3	NULL	false
cd4e2b2c-3363-4c01-81bd-4482ad356954	कबीरा नमक मंडी	2026-04-20T03:55:34.337Z	2:46	chirp-fenix	[Artist: P.H.K.D. (Pure Honest Kabir Driven) Genre: Spiritual Phonk / Cinematic World Music, Afrobeat, Indian folk fusion, Telugu folk, Tamil folk, Bangla folk, Erhu, talking drum, deep bass, spiritual, male vocal, call and response, world fusion]	true	true	assets/covers/cd4e2b2c-3363-4c01-81bd-4482ad356954.jpeg	assets/audio/cd4e2b2c-3363-4c01-81bd-4482ad356954.mp3	NULL	false
5b609e38-5b63-4174-ab7f-05565cfb36bd	Saltless Tears	2026-04-19T19:40:46.234Z	1:57	chirp-fenix	[Genre: Afrobeat, Indian folk fusion, Telugu folk, Tamil folk, Bangla folk, Erhu, talking drum, deep bass, spiritual, male vocal, call and response, world fusion]	true	true	assets/covers/5b609e38-5b63-4174-ab7f-05565cfb36bd.jpeg	assets/audio/5b609e38-5b63-4174-ab7f-05565cfb36bd.mp3	NULL	false
064fb6c2-bf1e-4247-8603-1a4228fd88b0	Saltless Tears	2026-04-19T19:40:46.234Z	1:57	chirp-fenix	[Genre: Afrobeat, Indian folk fusion, Telugu folk, Tamil folk, Bangla folk, Erhu, talking drum, deep bass, spiritual, male vocal, call and response, world fusion]	true	true	assets/covers/064fb6c2-bf1e-4247-8603-1a4228fd88b0.jpeg	assets/audio/064fb6c2-bf1e-4247-8603-1a4228fd88b0.mp3	NULL	false
e81cfcda-4146-4974-97ad-0def356a7395	नमक सनक	2026-04-19T19:28:48.616Z	3:41	chirp-fenix	[Genre: Afrobeat, Chinese folk fusion, Erhu, Guzheng, talking drum, deep bass, spiritual, philosophical, male vocal, call and response, slow build then upbeat]	true	true	assets/covers/e81cfcda-4146-4974-97ad-0def356a7395.jpeg	assets/audio/e81cfcda-4146-4974-97ad-0def356a7395.mp3	NULL	false
a8149b61-2d92-49dc-953c-4ada38600bae	नमक सनक	2026-04-19T19:28:48.616Z	3:47	chirp-fenix	[Genre: Afrobeat, Chinese folk fusion, Erhu, Guzheng, talking drum, deep bass, spiritual, philosophical, male vocal, call and response, slow build then upbeat]	true	true	assets/covers/a8149b61-2d92-49dc-953c-4ada38600bae.jpeg	assets/audio/a8149b61-2d92-49dc-953c-4ada38600bae.mp3	NULL	false
a908fdd1-014a-4f0a-8f1d-eb3e613a3396	Kabira Sanak	2026-04-19T19:22:25.788Z	4:34	chirp-fenix	[Genre: Afrobeat, Chinese folk, Erhu, Guzheng, Telugu folk, Tamil folk, Bangla folk, talking drum, deep sub-bass, spiritual, philosophical, male vocal, female call and response, world fusion, slow build then upbeat, Lagos meets Kolkata meets Chennai meets Beijing]	true	true	assets/covers/a908fdd1-014a-4f0a-8f1d-eb3e613a3396.jpeg	assets/audio/a908fdd1-014a-4f0a-8f1d-eb3e613a3396.mp3	NULL	false
3018222c-053b-4835-ac77-5369dfc07619	Kabira Sanak	2026-04-19T19:22:25.788Z	4:45	chirp-fenix	[Genre: Afrobeat, Chinese folk, Erhu, Guzheng, Telugu folk, Tamil folk, Bangla folk, talking drum, deep sub-bass, spiritual, philosophical, male vocal, female call and response, world fusion, slow build then upbeat, Lagos meets Kolkata meets Chennai meets Beijing]	true	true	assets/covers/3018222c-053b-4835-ac77-5369dfc07619.jpeg	assets/audio/3018222c-053b-4835-ac77-5369dfc07619.mp3	NULL	false
aa1881d9-c310-46ae-a942-bbcdeaa35490	नमक की सनक	2026-04-19T18:56:54.412Z	4:22	chirp-fenix	[Genre: World fusion, Afrobeat, Chinese Erhu, Telugu Nadhaswaram, Tamil Thavil, Bangla Ektara, Indian folk, talking drum, deep sub-bass, spiritual, philosophical, male vocal, female call and response, call and response, slow build then upbeat] ---	true	true	assets/covers/aa1881d9-c310-46ae-a942-bbcdeaa35490.jpeg	assets/audio/aa1881d9-c310-46ae-a942-bbcdeaa35490.mp3	NULL	false
75a7a676-5662-4f89-b35d-b1f787192f99	नमक की सनक	2026-04-19T18:56:54.412Z	4:56	chirp-fenix	[Genre: World fusion, Afrobeat, Chinese Erhu, Telugu Nadhaswaram, Tamil Thavil, Bangla Ektara, Indian folk, talking drum, deep sub-bass, spiritual, philosophical, male vocal, female call and response, call and response, slow build then upbeat] ---	true	true	assets/covers/75a7a676-5662-4f89-b35d-b1f787192f99.jpeg	assets/audio/75a7a676-5662-4f89-b35d-b1f787192f99.mp3	NULL	false
119e5763-3ed3-4801-b36d-5146d62459cb	कबीरा न रो	2026-04-19T18:46:09.948Z	3:18	chirp-fenix	[Genre: Afrobeat, Afro-fusion, Indian folk fusion, spiritual, philosophical, talking drum, log drum, deep sub-bass, highlife guitar, neural male vocal, call and response, slow build then upbeat groove]	true	true	assets/covers/119e5763-3ed3-4801-b36d-5146d62459cb.jpeg	assets/audio/119e5763-3ed3-4801-b36d-5146d62459cb.mp3	NULL	false
b893c0fe-1e67-4f62-9a13-005c52b42182	कबीरा न रो	2026-04-19T18:46:09.948Z	3:02	chirp-fenix	[Genre: Afrobeat, Afro-fusion, Indian folk fusion, spiritual, philosophical, talking drum, log drum, deep sub-bass, highlife guitar, neural male vocal, call and response, slow build then upbeat groove]	true	true	assets/covers/b893c0fe-1e67-4f62-9a13-005c52b42182.jpeg	assets/audio/b893c0fe-1e67-4f62-9a13-005c52b42182.mp3	NULL	false
2e0e6ce6-2cc7-486b-a473-7cb8e45e78e8	Paisa Sanak	2026-04-19T18:05:21.638Z	2:11	chirp-fenix	[Genre: Afrobeat, Afro-fusion, Nigerian folk, Indian folk fusion, talking drum, log drum, deep bass, highlife guitar, male spoken word, call and response, spiritual, philosophical]	true	true	assets/covers/2e0e6ce6-2cc7-486b-a473-7cb8e45e78e8.jpeg	assets/audio/2e0e6ce6-2cc7-486b-a473-7cb8e45e78e8.mp3	NULL	false
531d0f3b-bd07-4bf6-8d1d-242097d6a447	Paisa Sanak	2026-04-19T18:05:21.638Z	1:54	chirp-fenix	[Genre: Afrobeat, Afro-fusion, Nigerian folk, Indian folk fusion, talking drum, log drum, deep bass, highlife guitar, male spoken word, call and response, spiritual, philosophical]	true	true	assets/covers/531d0f3b-bd07-4bf6-8d1d-242097d6a447.jpeg	assets/audio/531d0f3b-bd07-4bf6-8d1d-242097d6a447.mp3	NULL	false
2b9f2515-2617-4f67-93ba-594138f00b7a	पहाड़ा सत्तालोलुप	2026-04-19T17:56:58.888Z	2:22	chirp-fenix	[Genre: Viral Funk, Hindi Disco, Ghetto Funk, Bollywood Bass, TikTok Dance Challenge] [BPM: 128, Key: F minor] [Duration: 1:30-2:00] [Vocal: Confident male, half-sung half-rapped, call-and-response with crowd]	true	true	assets/covers/2b9f2515-2617-4f67-93ba-594138f00b7a.jpeg	assets/audio/2b9f2515-2617-4f67-93ba-594138f00b7a.mp3	NULL	false
b9b2a6e0-f8d8-4111-b187-f3d395a61245	पहाड़ा सत्तालोलुप	2026-04-19T17:56:58.888Z	2:26	chirp-fenix	[Genre: Viral Funk, Hindi Disco, Ghetto Funk, Bollywood Bass, TikTok Dance Challenge] [BPM: 128, Key: F minor] [Duration: 1:30-2:00] [Vocal: Confident male, half-sung half-rapped, call-and-response with crowd]	true	true	assets/covers/b9b2a6e0-f8d8-4111-b187-f3d395a61245.jpeg	assets/audio/b9b2a6e0-f8d8-4111-b187-f3d395a61245.mp3	NULL	false
d16e0a51-7641-4ea2-9b3d-6c5316629611	गधा पहलवान	2026-04-19T17:48:00.732Z	2:01	chirp-fenix	[Genre: Viral Funk, Hindi Dance Pop, Ghetto Funk, Bollywood Bass, TikTok Ready, Short Form Remixable] [BPM: 128 (club + short video standard), Key: F minor (emotional + danceable)] [Duration: 1:45-2:15 (algorithm peak retention)] [Vocal style: Confident male, half-sung half-rapped, repeatable phrases, earworm hooks]	true	true	assets/covers/d16e0a51-7641-4ea2-9b3d-6c5316629611.jpeg	assets/audio/d16e0a51-7641-4ea2-9b3d-6c5316629611.mp3	NULL	false
2ff31d7c-3d3c-4c10-8f2d-d61355484a92	गधा पहलवान	2026-04-19T17:48:00.732Z	2:01	chirp-fenix	[Genre: Viral Funk, Hindi Dance Pop, Ghetto Funk, Bollywood Bass, TikTok Ready, Short Form Remixable] [BPM: 128 (club + short video standard), Key: F minor (emotional + danceable)] [Duration: 1:45-2:15 (algorithm peak retention)] [Vocal style: Confident male, half-sung half-rapped, repeatable phrases, earworm hooks]	true	true	assets/covers/2ff31d7c-3d3c-4c10-8f2d-d61355484a92.jpeg	assets/audio/2ff31d7c-3d3c-4c10-8f2d-d61355484a92.mp3	NULL	false
6f0d30c8-5d5b-48d1-afb1-e5c08aefc694	नेता एकम डेटा	2026-04-19T17:43:01.158Z	2:35	chirp-fenix	[Genre: Cyberpunk, Industrial Hip-Hop, Hindi Protest Rap, Dark Synthwave] [BPM: 90-100, Key: D minor] [Vocal style: Distorted male voice, spoken-word verses, aggressive chorus, glitch effects]	true	true	assets/covers/6f0d30c8-5d5b-48d1-afb1-e5c08aefc694.jpeg	assets/audio/6f0d30c8-5d5b-48d1-afb1-e5c08aefc694.mp3	NULL	false
7925c2fc-1f6f-4aac-aa53-3cd7eadd9fbd	नेता एकम डेटा	2026-04-19T17:43:01.158Z	2:25	chirp-fenix	[Genre: Cyberpunk, Industrial Hip-Hop, Hindi Protest Rap, Dark Synthwave] [BPM: 90-100, Key: D minor] [Vocal style: Distorted male voice, spoken-word verses, aggressive chorus, glitch effects]	true	true	assets/covers/7925c2fc-1f6f-4aac-aa53-3cd7eadd9fbd.jpeg	assets/audio/7925c2fc-1f6f-4aac-aa53-3cd7eadd9fbd.mp3	NULL	false
0ee9ebdc-e004-4d32-a610-eebd7d83bb83	डमरू तांडव	2026-04-19T07:39:28.808Z	2:10	chirp-fenix	Acoustic Ritual Trance. 140 BPM. NO ELECTRONICS. Raw human claps, sharp metallic Manjira, rapid Damru pulse, deep Ektara drone. Vocal: Commanding male baritone. Intense, sharp, and phonetic. Style: Vedic-Futurism. High-impact ritualistic delivery	true	true	assets/covers/0ee9ebdc-e004-4d32-a610-eebd7d83bb83.jpeg	assets/audio/0ee9ebdc-e004-4d32-a610-eebd7d83bb83.mp3	NULL	false
9d4efeb8-a43d-43e2-9bd9-aa8ec1017c23	डमरू तांडव	2026-04-19T07:39:28.808Z	1:48	chirp-fenix	Acoustic Ritual Trance. 140 BPM. NO ELECTRONICS. Raw human claps, sharp metallic Manjira, rapid Damru pulse, deep Ektara drone. Vocal: Commanding male baritone. Intense, sharp, and phonetic. Style: Vedic-Futurism. High-impact ritualistic delivery	true	true	assets/covers/9d4efeb8-a43d-43e2-9bd9-aa8ec1017c23.jpeg	assets/audio/9d4efeb8-a43d-43e2-9bd9-aa8ec1017c23.mp3	NULL	false
d192c358-e056-42b1-87ac-fb68c6578234	झूठ-ध्वनि साधन	2026-04-19T07:32:21.107Z	1:56	chirp-fenix	"100% Acoustic Ritual Folk, Neural Trance, No Electronic Instruments. Raw and hypnotic rhythmic foundation using ONLY heavy Human Claps, sharp metallic Manjira (hand cymbals), and a rapid-pulsing Damru (hourglass drum). A constant, deep, resonant drone of a single-string Ektara (monochord) throughout. Occasional powerful Shankh (Conch shell) blasts. Vocals: Commanding male baritone with a Vedic-Futurist chant style. Atmosphere: Ancient stone chamber with natural echo, 70 BPM (heart-beat pacing), primal, intense, and transcendental."	true	true	assets/covers/d192c358-e056-42b1-87ac-fb68c6578234.jpeg	assets/audio/d192c358-e056-42b1-87ac-fb68c6578234.mp3	NULL	false
200924f6-fd97-4641-9ce1-dc0071add716	झूठ-ध्वनि साधन	2026-04-19T07:32:21.107Z	1:42	chirp-fenix	"100% Acoustic Ritual Folk, Neural Trance, No Electronic Instruments. Raw and hypnotic rhythmic foundation using ONLY heavy Human Claps, sharp metallic Manjira (hand cymbals), and a rapid-pulsing Damru (hourglass drum). A constant, deep, resonant drone of a single-string Ektara (monochord) throughout. Occasional powerful Shankh (Conch shell) blasts. Vocals: Commanding male baritone with a Vedic-Futurist chant style. Atmosphere: Ancient stone chamber with natural echo, 70 BPM (heart-beat pacing), primal, intense, and transcendental."	true	true	assets/covers/200924f6-fd97-4641-9ce1-dc0071add716.jpeg	assets/audio/200924f6-fd97-4641-9ce1-dc0071add716.mp3	NULL	false
676e99b3-6ffb-4c8a-b389-dcdc0ac45ece	शंख-कोड गूँज	2026-04-19T05:02:57.858Z	2:31	chirp-fenix	Genre: Fast-Paced Trap / Melodic Rap Neural Futurism Tempo: 150 BPM (High Energy)	true	true	assets/covers/676e99b3-6ffb-4c8a-b389-dcdc0ac45ece.jpeg	assets/audio/676e99b3-6ffb-4c8a-b389-dcdc0ac45ece.mp3	NULL	false
97a3a9b7-6579-4077-8f26-19f8c61113b4	शंख-कोड गूँज	2026-04-19T05:02:57.858Z	2:27	chirp-fenix	Genre: Fast-Paced Trap / Melodic Rap Neural Futurism Tempo: 150 BPM (High Energy)	true	true	assets/covers/97a3a9b7-6579-4077-8f26-19f8c61113b4.jpeg	assets/audio/97a3a9b7-6579-4077-8f26-19f8c61113b4.mp3	NULL	false
a780eeee-8325-40dc-91b9-a2a2ee4a7515	शून्य शंख-पैड	2026-04-18T04:12:11.452Z	1:52	chirp-fenix	Atmospheric Afro-Zen x Deep Minimalism. 110 BPM. Texture: आवाज़ों के बजाय 'Space' (खालीपन) पर ध्यान। 'Shankh' की ध्वनि को इतना 'Stretch' किया गया है कि वह एक पैड (Pad) की तरह लगे। Percussion: ड्रम्स को बहुत 'Dark' और 'Muffled' रखा गया है, जैसे दूर कहीं पहाड़ों में बज रहे हों। Vocal: ASMR-style, लगभग एक फुसफुसाहट जो हवा के साथ बह रही हो।	true	true	assets/covers/a780eeee-8325-40dc-91b9-a2a2ee4a7515.jpeg	assets/audio/a780eeee-8325-40dc-91b9-a2a2ee4a7515.mp3	NULL	false
a8db0e7b-ca71-4345-9952-aebc3c4d9c7d	शून्य शंख-पैड	2026-04-18T04:12:11.452Z	1:43	chirp-fenix	Atmospheric Afro-Zen x Deep Minimalism. 110 BPM. Texture: आवाज़ों के बजाय 'Space' (खालीपन) पर ध्यान। 'Shankh' की ध्वनि को इतना 'Stretch' किया गया है कि वह एक पैड (Pad) की तरह लगे। Percussion: ड्रम्स को बहुत 'Dark' और 'Muffled' रखा गया है, जैसे दूर कहीं पहाड़ों में बज रहे हों। Vocal: ASMR-style, लगभग एक फुसफुसाहट जो हवा के साथ बह रही हो।	true	true	assets/covers/a8db0e7b-ca71-4345-9952-aebc3c4d9c7d.jpeg	assets/audio/a8db0e7b-ca71-4345-9952-aebc3c4d9c7d.mp3	NULL	false
4a506fe2-5611-45d3-8b3c-5636aa1122bf	करुणा-शस्त्र विधान	2026-04-17T23:52:07.628Z	2:40	chirp-fenix	Zen-Drill x Afro-Phonk. 110 BPM. Soundscape: शुरुआत एक बहुत ही शांत 'Tibetan Bowl' की आवाज़ से होती है, जो अचानक एक बहुत ही भारी, 'Gritty' 808 बेस में बदल जाती है। इसमें 'पत्तियों के सरसराने' (Nature sounds) और 'धातु के टकराने' (Industrial sounds) का फ्यूजन होगा। Vocal Style: बहुत ही शांत लेकिन अधिकारपूर्ण (Quiet but Commanding) फुसफुसाहट।	true	true	assets/covers/4a506fe2-5611-45d3-8b3c-5636aa1122bf.jpeg	assets/audio/4a506fe2-5611-45d3-8b3c-5636aa1122bf.mp3	NULL	false
510031ab-3950-43ea-bcb9-b2e19ede7eb2	करुणा-शस्त्र विधान	2026-04-17T23:52:07.628Z	2:33	chirp-fenix	Zen-Drill x Afro-Phonk. 110 BPM. Soundscape: शुरुआत एक बहुत ही शांत 'Tibetan Bowl' की आवाज़ से होती है, जो अचानक एक बहुत ही भारी, 'Gritty' 808 बेस में बदल जाती है। इसमें 'पत्तियों के सरसराने' (Nature sounds) और 'धातु के टकराने' (Industrial sounds) का फ्यूजन होगा। Vocal Style: बहुत ही शांत लेकिन अधिकारपूर्ण (Quiet but Commanding) फुसफुसाहट।	true	true	assets/covers/510031ab-3950-43ea-bcb9-b2e19ede7eb2.jpeg	assets/audio/510031ab-3950-43ea-bcb9-b2e19ede7eb2.mp3	NULL	false
0d363331-c315-4e90-8f78-300af99db0c0	P.H.K.D. Shatter	2026-04-17T23:44:38.502Z	2:30	chirp-fenix	Industrial Afro-Drill with a "Boss-Level" Cinematic Intro. 110 BPM. Vibe: Defiant, Grand, Architect-energy. Soundscape: The track starts with a traditional academic "Graduation March" melody that suddenly glitches and shatters into a heavy, dark Afro-beat with aggressive 808s.	true	true	assets/covers/0d363331-c315-4e90-8f78-300af99db0c0.jpeg	assets/audio/0d363331-c315-4e90-8f78-300af99db0c0.mp3	NULL	false
80022ecf-60fd-434c-9110-3782fd30a128	P.H.K.D. Shatter	2026-04-17T23:44:38.502Z	2:08	chirp-fenix	Industrial Afro-Drill with a "Boss-Level" Cinematic Intro. 110 BPM. Vibe: Defiant, Grand, Architect-energy. Soundscape: The track starts with a traditional academic "Graduation March" melody that suddenly glitches and shatters into a heavy, dark Afro-beat with aggressive 808s.	true	true	assets/covers/80022ecf-60fd-434c-9110-3782fd30a128.jpeg	assets/audio/80022ecf-60fd-434c-9110-3782fd30a128.mp3	NULL	false
be8830ac-7a68-434c-b532-0d602396c088	शून्य-लय पंडित	2026-04-17T23:33:34.471Z	2:15	chirp-fenix	Cinematic Afro-Drill x Vedic Industrial. 110 BPM. Vocal: Deep, commanding baritone. Direct, no-nonsense delivery. Soundscape: A heavy, distorted "Shankh" (Conch) blast at the drop, sliding 808s that mimic a heartbeat, and a sharp metallic "Khartal" rhythm for the Afro-beat syncopation.	true	true	assets/covers/be8830ac-7a68-434c-b532-0d602396c088.jpeg	assets/audio/be8830ac-7a68-434c-b532-0d602396c088.mp3	NULL	false
fad3edfd-8f23-410c-82fb-282dbdd51c59	शून्य-लय पंडित	2026-04-17T23:33:34.471Z	2:29	chirp-fenix	Cinematic Afro-Drill x Vedic Industrial. 110 BPM. Vocal: Deep, commanding baritone. Direct, no-nonsense delivery. Soundscape: A heavy, distorted "Shankh" (Conch) blast at the drop, sliding 808s that mimic a heartbeat, and a sharp metallic "Khartal" rhythm for the Afro-beat syncopation.	true	true	assets/covers/fad3edfd-8f23-410c-82fb-282dbdd51c59.jpeg	assets/audio/fad3edfd-8f23-410c-82fb-282dbdd51c59.mp3	NULL	false
5fc639fe-7b5a-4ff3-b972-17f25f8a13f4	शून्य-शोर अकाल	2026-04-17T23:06:39.811Z	2:35	chirp-fenix	Neo-Vedic Phonk meets Afro-Drill. 110 BPM. Instrumentation: > * Intro (0:00-0:07): Lo-fi, dusty Harmonium and a solo Tanpura with vinyl crackle texture. The Drop (0:07+): Aggressive, sliding "Suno-style" 808 bass, sharp cowbell Phonk accents on the off-beats, heavy log drum patterns (Afro-beat syncopation), and crisp 16th-note metallic shakers. Vocal Style: > * Verses: Deep-chested, whispered "Death-Drill" flow (close-mic, ASMR texture). Chorus: Powerful, reverb-drenched "Stadium Cry" (Bhajan style). Processing: High side-chain compression on vocals against the 808 kick, fast auto-tune for melodic clarity.	true	true	assets/covers/5fc639fe-7b5a-4ff3-b972-17f25f8a13f4.jpeg	assets/audio/5fc639fe-7b5a-4ff3-b972-17f25f8a13f4.mp3	NULL	false
2c6b5c78-e36b-43aa-b1c2-7fb8770902d3	शून्य-शोर अकाल	2026-04-17T23:06:39.811Z	2:48	chirp-fenix	Neo-Vedic Phonk meets Afro-Drill. 110 BPM. Instrumentation: > * Intro (0:00-0:07): Lo-fi, dusty Harmonium and a solo Tanpura with vinyl crackle texture. The Drop (0:07+): Aggressive, sliding "Suno-style" 808 bass, sharp cowbell Phonk accents on the off-beats, heavy log drum patterns (Afro-beat syncopation), and crisp 16th-note metallic shakers. Vocal Style: > * Verses: Deep-chested, whispered "Death-Drill" flow (close-mic, ASMR texture). Chorus: Powerful, reverb-drenched "Stadium Cry" (Bhajan style). Processing: High side-chain compression on vocals against the 808 kick, fast auto-tune for melodic clarity.	true	true	assets/covers/2c6b5c78-e36b-43aa-b1c2-7fb8770902d3.jpeg	assets/audio/2c6b5c78-e36b-43aa-b1c2-7fb8770902d3.mp3	NULL	false
9bc77208-c25b-427f-8860-d87651658f49	अंखिया मूँद	2026-04-17T21:26:14.219Z	2:46	chirp-fenix	Style/Genre: Afro-house meets Sexy Drill meets Indian Bhajan, 110 BPM, heavy log drums, syncopated congas, shimmering 16th-note shakers, dark sliding 808 bass, ethereal Tanpura drone, haunting reedy Harmonium arpeggios, soft R&B synth pads. Vocal Texture: Close-mic whispered male vocals (ASMR-style), rhythmic Sant-Bani (Sage-voice) flow, sudden wide-open-throat high-pitched Bhajan cries with deep plate reverb (5.0s tail), aggressive side-chaining to the 808 kick. Mood: Spiritual, Sensual, Revolutionary, Dark Intimate, Club-friendly.	true	true	assets/covers/9bc77208-c25b-427f-8860-d87651658f49.jpeg	assets/audio/9bc77208-c25b-427f-8860-d87651658f49.mp3	NULL	false
2a18d142-6534-4a1d-a2da-00703e7e9621	अंखिया मूँद	2026-04-17T21:26:14.218Z	2:41	chirp-fenix	Style/Genre: Afro-house meets Sexy Drill meets Indian Bhajan, 110 BPM, heavy log drums, syncopated congas, shimmering 16th-note shakers, dark sliding 808 bass, ethereal Tanpura drone, haunting reedy Harmonium arpeggios, soft R&B synth pads. Vocal Texture: Close-mic whispered male vocals (ASMR-style), rhythmic Sant-Bani (Sage-voice) flow, sudden wide-open-throat high-pitched Bhajan cries with deep plate reverb (5.0s tail), aggressive side-chaining to the 808 kick. Mood: Spiritual, Sensual, Revolutionary, Dark Intimate, Club-friendly.	true	true	assets/covers/2a18d142-6534-4a1d-a2da-00703e7e9621.jpeg	assets/audio/2a18d142-6534-4a1d-a2da-00703e7e9621.mp3	NULL	false
e1953d58-6e85-4b69-9fa0-b2a991ba6816	अंखिया मूँद	2026-04-17T21:17:55.436Z	2:42	chirp-fenix	Style/Genre: Afro-house meets Sexy Drill meets Indian Bhajan, 110 BPM, heavy log drums, syncopated congas, shimmering 16th-note shakers, dark sliding 808 bass, ethereal Tanpura drone, haunting reedy Harmonium arpeggios, soft R&B synth pads. Vocal Texture: Close-mic whispered male vocals (ASMR-style), rhythmic Sant-Bani (Sage-voice) flow, sudden wide-open-throat high-pitched Bhajan cries with deep plate reverb (5.0s tail), aggressive side-chaining to the 808 kick. Mood: Spiritual, Sensual, Revolutionary, Dark Intimate, Club-friendly.	true	true	assets/covers/e1953d58-6e85-4b69-9fa0-b2a991ba6816.jpeg	assets/audio/e1953d58-6e85-4b69-9fa0-b2a991ba6816.mp3	NULL	false
cc885ad5-533d-4658-97f5-c6ba2a9a87cc	अंखिया मूँद	2026-04-17T21:17:55.436Z	2:37	chirp-fenix	Style/Genre: Afro-house meets Sexy Drill meets Indian Bhajan, 110 BPM, heavy log drums, syncopated congas, shimmering 16th-note shakers, dark sliding 808 bass, ethereal Tanpura drone, haunting reedy Harmonium arpeggios, soft R&B synth pads. Vocal Texture: Close-mic whispered male vocals (ASMR-style), rhythmic Sant-Bani (Sage-voice) flow, sudden wide-open-throat high-pitched Bhajan cries with deep plate reverb (5.0s tail), aggressive side-chaining to the 808 kick. Mood: Spiritual, Sensual, Revolutionary, Dark Intimate, Club-friendly.	true	true	assets/covers/cc885ad5-533d-4658-97f5-c6ba2a9a87cc.jpeg	assets/audio/cc885ad5-533d-4658-97f5-c6ba2a9a87cc.mp3	NULL	false
889cb216-db14-474f-9186-192f838f34cf	Kabir Clubdevotion	2026-04-17T21:04:51.140Z	1:47	chirp-fenix	Style/Genre: Afro-house meets Sexy Drill meets Indian Bhajan, 110 BPM, heavy log drums, syncopated congas, shimmering 16th-note shakers, dark sliding 808 bass, ethereal Tanpura drone, haunting reedy Harmonium arpeggios, soft R&B synth pads. Vocal Texture: Close-mic whispered male vocals (ASMR-style), rhythmic Sant-Bani (Sage-voice) flow, sudden wide-open-throat high-pitched Bhajan cries with deep plate reverb (5.0s tail), aggressive side-chaining to the 808 kick. Mood: Spiritual, Sensual, Revolutionary, Dark Intimate, Club-friendly.	true	true	assets/covers/889cb216-db14-474f-9186-192f838f34cf.jpeg	assets/audio/889cb216-db14-474f-9186-192f838f34cf.mp3	NULL	false
9f37476d-d3d6-4986-94f7-243dd1767838	Kabir Clubdevotion	2026-04-17T21:04:51.139Z	2:12	chirp-fenix	Style/Genre: Afro-house meets Sexy Drill meets Indian Bhajan, 110 BPM, heavy log drums, syncopated congas, shimmering 16th-note shakers, dark sliding 808 bass, ethereal Tanpura drone, haunting reedy Harmonium arpeggios, soft R&B synth pads. Vocal Texture: Close-mic whispered male vocals (ASMR-style), rhythmic Sant-Bani (Sage-voice) flow, sudden wide-open-throat high-pitched Bhajan cries with deep plate reverb (5.0s tail), aggressive side-chaining to the 808 kick. Mood: Spiritual, Sensual, Revolutionary, Dark Intimate, Club-friendly.	true	true	assets/covers/9f37476d-d3d6-4986-94f7-243dd1767838.jpeg	assets/audio/9f37476d-d3d6-4986-94f7-243dd1767838.mp3	NULL	false
de9697c5-2352-4e2d-b84e-6f5ba6d6e35e	Kabir Shayo Groove	2026-04-17T19:40:28.995Z	2:06	chirp-fenix	[style: Afro-house meets Sexy Drill meets Indian Bhajan, 110 BPM, log drums, conga, shakers, heavy 808 bass, sliding 808s, harmonium, tanpura, soft R&B pads, whispered male vocal with occasional open-throat bhajan cry, dark intimate mood, danceable but deep, TikTok-friendly hooks every 15 seconds] [mood: spiritual, sensual, club-friendly, revolutionary] [language: Hindi + English + occasional Yoruba/Pidgin flavor words like "baba", "shayo", "groove"] [structure: Intro (8 sec) -> Hook (15 sec) -> Verse (30 sec) -> Hook -> Verse -> Bridge -> Hook (loopable)]	true	true	assets/covers/de9697c5-2352-4e2d-b84e-6f5ba6d6e35e.jpeg	assets/audio/de9697c5-2352-4e2d-b84e-6f5ba6d6e35e.mp3	NULL	false
3d8b096f-9f2a-4def-815f-b12ca6b1d3de	Kabir Shayo Groove	2026-04-17T19:40:28.995Z	1:35	chirp-fenix	[style: Afro-house meets Sexy Drill meets Indian Bhajan, 110 BPM, log drums, conga, shakers, heavy 808 bass, sliding 808s, harmonium, tanpura, soft R&B pads, whispered male vocal with occasional open-throat bhajan cry, dark intimate mood, danceable but deep, TikTok-friendly hooks every 15 seconds] [mood: spiritual, sensual, club-friendly, revolutionary] [language: Hindi + English + occasional Yoruba/Pidgin flavor words like "baba", "shayo", "groove"] [structure: Intro (8 sec) -> Hook (15 sec) -> Verse (30 sec) -> Hook -> Verse -> Bridge -> Hook (loopable)]	true	true	assets/covers/3d8b096f-9f2a-4def-815f-b12ca6b1d3de.jpeg	assets/audio/3d8b096f-9f2a-4def-815f-b12ca6b1d3de.mp3	NULL	false
55944a75-e58c-47d0-b0fd-0053dcf655e5	Kabir Pillar Collapse	2026-04-17T18:59:38.684Z	2:45	chirp-fenix	[style: devotional drill, Indian bhajan meets Sexy Drill, 60 BPM, harmonium + heavy 808 bass, tabla + sliding 808s, soft R&B pads, whispered ad-libs, deep sub-bass, dark and intimate mood] [voice: male — first verse: rustic, intense, Kabir-like, raw, second verse: low, whispered, sensual, R&B-infused drill vocal] [mood: spiritual yet carnal, meditative yet dark, intimate, revolutionary] [language: Hindi + English mix, poetic, rhyming]	true	true	assets/covers/55944a75-e58c-47d0-b0fd-0053dcf655e5.jpeg	assets/audio/55944a75-e58c-47d0-b0fd-0053dcf655e5.mp3	NULL	false
4f57a0d7-1f5e-47fe-a249-405c77fc2ddf	Kabir Pillar Collapse	2026-04-17T18:59:38.684Z	2:32	chirp-fenix	[style: devotional drill, Indian bhajan meets Sexy Drill, 60 BPM, harmonium + heavy 808 bass, tabla + sliding 808s, soft R&B pads, whispered ad-libs, deep sub-bass, dark and intimate mood] [voice: male — first verse: rustic, intense, Kabir-like, raw, second verse: low, whispered, sensual, R&B-infused drill vocal] [mood: spiritual yet carnal, meditative yet dark, intimate, revolutionary] [language: Hindi + English mix, poetic, rhyming]	true	true	assets/covers/4f57a0d7-1f5e-47fe-a249-405c77fc2ddf.jpeg	assets/audio/4f57a0d7-1f5e-47fe-a249-405c77fc2ddf.mp3	NULL	false
e512512c-6e61-42ce-8ccc-8fd96d37f200	Sahair Real Deal	2026-04-17T18:42:28.695Z	0:40	chirp-fenix	[style: Indian folk bhajan meets West Coast G-Funk hip-hop, slow tempo, harmonium + 808 bass, tabla + drum machine, call and response] [voice: male — first verse: devotional, rustic, intense, second verse: laid-back, deep, swagger] [lyrics: Hindi + English mix, rhyming]	true	true	assets/covers/e512512c-6e61-42ce-8ccc-8fd96d37f200.jpeg	assets/audio/e512512c-6e61-42ce-8ccc-8fd96d37f200.mp3	NULL	false
261bc9a5-7397-48d4-8adb-d5ddf5d4b2c5	Sahair Real Deal	2026-04-17T18:42:28.695Z	0:40	chirp-fenix	[style: Indian folk bhajan meets West Coast G-Funk hip-hop, slow tempo, harmonium + 808 bass, tabla + drum machine, call and response] [voice: male — first verse: devotional, rustic, intense, second verse: laid-back, deep, swagger] [lyrics: Hindi + English mix, rhyming]	true	true	assets/covers/261bc9a5-7397-48d4-8adb-d5ddf5d4b2c5.jpeg	assets/audio/261bc9a5-7397-48d4-8adb-d5ddf5d4b2c5.mp3	NULL	false
57e5c812-cb4c-4121-8851-0bb1adf03ea3	बंद आँखों का प्रत्यक्ष	2026-04-17T18:26:00.669Z	3:23	chirp-fenix	गीत का शीर्षक: बंद आँखों का प्रत्यक्ष [style: Indian folk, bhajan, slow-medium tempo, meditative, acoustic, harmonium, dholak, manjira] [voice: male/female, devotional, calm yet intense, call-and-response chorus] [language: Hindi, poetic, rhyming with "na/aa" endings] [mood: spiritual, revolutionary, introspective, mass gathering]	true	true	assets/covers/57e5c812-cb4c-4121-8851-0bb1adf03ea3.jpeg	assets/audio/57e5c812-cb4c-4121-8851-0bb1adf03ea3.mp3	NULL	false
55b087c3-f3be-437a-9900-27fd029e6c9c	बंद आँखों का प्रत्यक्ष	2026-04-17T18:26:00.669Z	3:44	chirp-fenix	गीत का शीर्षक: बंद आँखों का प्रत्यक्ष [style: Indian folk, bhajan, slow-medium tempo, meditative, acoustic, harmonium, dholak, manjira] [voice: male/female, devotional, calm yet intense, call-and-response chorus] [language: Hindi, poetic, rhyming with "na/aa" endings] [mood: spiritual, revolutionary, introspective, mass gathering]	true	true	assets/covers/55b087c3-f3be-437a-9900-27fd029e6c9c.jpeg	assets/audio/55b087c3-f3be-437a-9900-27fd029e6c9c.mp3	NULL	false
5a96815a-5320-4ebb-83ad-5088f4d5119f	कुचली पुचली लोरी	2026-04-17T14:30:16.466Z	2:41	chirp-fenix	Lullaby, Indian Folk, Soft Female or Male Vocals, Harmonium, Gentle Tabla, Bansuri, Acoustic Guitar, Slow, Sleepy, Warm, Intimate, Minimalist, 50 BPM, Whispery, Soothing	true	true	assets/covers/5a96815a-5320-4ebb-83ad-5088f4d5119f.jpeg	assets/audio/5a96815a-5320-4ebb-83ad-5088f4d5119f.mp3	NULL	false
f3e731fd-6f31-461c-a2a6-3b473777fab5	कुचली पुचली लोरी	2026-04-17T14:30:16.466Z	2:32	chirp-fenix	Lullaby, Indian Folk, Soft Female or Male Vocals, Harmonium, Gentle Tabla, Bansuri, Acoustic Guitar, Slow, Sleepy, Warm, Intimate, Minimalist, 50 BPM, Whispery, Soothing	true	true	assets/covers/f3e731fd-6f31-461c-a2a6-3b473777fab5.jpeg	assets/audio/f3e731fd-6f31-461c-a2a6-3b473777fab5.mp3	NULL	false
b37c71bb-dbeb-4ae3-99d2-7debde5ee2be	कुचली पुचली सो जा	2026-04-17T14:21:46.116Z	3:07	chirp-fenix	Lullaby, Indian Folk, Soft Female or Male Vocals, Harmonium, Gentle Tabla, Bansuri, Acoustic Guitar, Slow, Sleepy, Warm, Intimate, Minimalist, 50 BPM, Whispery, Soothing	true	true	assets/covers/b37c71bb-dbeb-4ae3-99d2-7debde5ee2be.jpeg	assets/audio/b37c71bb-dbeb-4ae3-99d2-7debde5ee2be.mp3	NULL	false
35f7f955-01dd-4c65-bbbd-ba0e87bf0900	कुचली पुचली सो जा	2026-04-17T14:21:46.116Z	3:03	chirp-fenix	Lullaby, Indian Folk, Soft Female or Male Vocals, Harmonium, Gentle Tabla, Bansuri, Acoustic Guitar, Slow, Sleepy, Warm, Intimate, Minimalist, 50 BPM, Whispery, Soothing	true	true	assets/covers/35f7f955-01dd-4c65-bbbd-ba0e87bf0900.jpeg	assets/audio/35f7f955-01dd-4c65-bbbd-ba0e87bf0900.mp3	NULL	false
5bb71084-6ab7-4e1b-b9d2-1b1f5dcd962a	कुचली-पुचली लाला	2026-04-17T14:11:54.789Z	5:12	chirp-fenix	Sufi, Indian Folk, Acoustic Lullaby, Soft Male Vocals, Harmonium, Tabla, Sitar, Sarangi, Bansuri, Warm, Meditative, Emotional, Bollywood, World Music, Spiritual, Gentle, Dreamy, 80 BPM	true	true	assets/covers/5bb71084-6ab7-4e1b-b9d2-1b1f5dcd962a.jpeg	assets/audio/5bb71084-6ab7-4e1b-b9d2-1b1f5dcd962a.mp3	NULL	false
a3921a5e-3468-4352-82c7-464bbbbdee6f	कुचली-पुचली लाला	2026-04-17T14:11:54.789Z	5:04	chirp-fenix	Sufi, Indian Folk, Acoustic Lullaby, Soft Male Vocals, Harmonium, Tabla, Sitar, Sarangi, Bansuri, Warm, Meditative, Emotional, Bollywood, World Music, Spiritual, Gentle, Dreamy, 80 BPM	true	true	assets/covers/a3921a5e-3468-4352-82c7-464bbbbdee6f.jpeg	assets/audio/a3921a5e-3468-4352-82c7-464bbbbdee6f.mp3	NULL	false
23ec5f01-efef-4073-8948-4870619c32c9	कुचली पुचली लाला	2026-04-17T13:53:44.953Z	4:10	chirp-fenix	[Style: Sufi, Acoustic Lullaby, Indian Folk, Soft Male Vocals, Harmonium, Tabla, Gentle Guitar, Warm, Meditative]	true	true	assets/covers/23ec5f01-efef-4073-8948-4870619c32c9.jpeg	assets/audio/23ec5f01-efef-4073-8948-4870619c32c9.mp3	NULL	false
3118ddf7-ffd5-4762-a8c4-74a78371a3e4	कुचली पुचली लाला	2026-04-17T13:53:44.953Z	4:09	chirp-fenix	[Style: Sufi, Acoustic Lullaby, Indian Folk, Soft Male Vocals, Harmonium, Tabla, Gentle Guitar, Warm, Meditative]	true	true	assets/covers/3118ddf7-ffd5-4762-a8c4-74a78371a3e4.jpeg	assets/audio/3118ddf7-ffd5-4762-a8c4-74a78371a3e4.mp3	NULL	false
9feeffc6-46ed-4d5d-9f48-82803d34d8ca	कुचली पुचली लाला	2026-04-17T13:43:01.618Z	4:35	chirp-fenix	Indian folk fusion, bansuri flute, meditative drone, cyberpunk eastern, raw kabir spiritual, male spiritual vocal, slow hypnotic tempo, ambient sitar, mystical atmosphere, no electronic drums	true	true	assets/covers/9feeffc6-46ed-4d5d-9f48-82803d34d8ca.jpeg	assets/audio/9feeffc6-46ed-4d5d-9f48-82803d34d8ca.mp3	NULL	false
38523b11-2e31-40ac-bdc6-03bfd30b1186	कुचली पुचली लाला	2026-04-17T13:43:01.617Z	4:35	chirp-fenix	Indian folk fusion, bansuri flute, meditative drone, cyberpunk eastern, raw kabir spiritual, male spiritual vocal, slow hypnotic tempo, ambient sitar, mystical atmosphere, no electronic drums	true	true	assets/covers/38523b11-2e31-40ac-bdc6-03bfd30b1186.jpeg	assets/audio/38523b11-2e31-40ac-bdc6-03bfd30b1186.mp3	NULL	false
d296596e-d584-45b6-85f0-188c6772452a	बहरूपिया-ऑनलाइन	2026-04-17T08:59:07.762Z	5:51	chirp-fenix	Indian folk fusion, bansuri flute, meditative drone, cyberpunk eastern, raw kabir spiritual, male spiritual vocal, slow hypnotic tempo, ambient sitar, mystical atmosphere, no electronic drums	true	true	assets/covers/d296596e-d584-45b6-85f0-188c6772452a.jpeg	assets/audio/d296596e-d584-45b6-85f0-188c6772452a.mp3	NULL	false
96a7ddf6-2c5b-44ad-b1db-16634387d175	बहरूपिया-ऑनलाइन	2026-04-17T08:59:07.762Z	5:28	chirp-fenix	Indian folk fusion, bansuri flute, meditative drone, cyberpunk eastern, raw kabir spiritual, male spiritual vocal, slow hypnotic tempo, ambient sitar, mystical atmosphere, no electronic drums	true	true	assets/covers/96a7ddf6-2c5b-44ad-b1db-16634387d175.jpeg	assets/audio/96a7ddf6-2c5b-44ad-b1db-16634387d175.mp3	NULL	false
0af7e65f-47a4-4c0f-aed2-53fa90952fb4	Baharupiya Reboot	2026-04-17T08:36:27.236Z	4:21	chirp-fenix	[Style: Cyberpunk + Hyper Rap + Neural Lo-fi + Raw Kabir + Time Travel Vibe + Dark Ambient Drone + Male/Female Dual Vocals + Glitch Effects + Spoken Word + Meditative Trap] [BPM: 150-170] [Key: Dark Minor, 808s, Glitch Stutters, Reverse Reverb]	true	true	assets/covers/0af7e65f-47a4-4c0f-aed2-53fa90952fb4.jpeg	assets/audio/0af7e65f-47a4-4c0f-aed2-53fa90952fb4.mp3	NULL	false
d65dfcf3-c12e-4e51-9d93-f6f106c0ca3f	Baharupiya Reboot	2026-04-17T08:36:27.236Z	4:18	chirp-fenix	[Style: Cyberpunk + Hyper Rap + Neural Lo-fi + Raw Kabir + Time Travel Vibe + Dark Ambient Drone + Male/Female Dual Vocals + Glitch Effects + Spoken Word + Meditative Trap] [BPM: 150-170] [Key: Dark Minor, 808s, Glitch Stutters, Reverse Reverb]	true	true	assets/covers/d65dfcf3-c12e-4e51-9d93-f6f106c0ca3f.jpeg	assets/audio/d65dfcf3-c12e-4e51-9d93-f6f106c0ca3f.mp3	NULL	false
b60cb4ba-3ab7-4c77-868c-3d2af99231ee	पत्थर बुत	2026-04-17T07:34:34.402Z	2:43	chirp-fenix	cyberpunk+hyper rap + classical + narrator=divine awakening	true	true	assets/covers/b60cb4ba-3ab7-4c77-868c-3d2af99231ee.jpeg	assets/audio/b60cb4ba-3ab7-4c77-868c-3d2af99231ee.mp3	NULL	false
507a1183-07e8-4762-b317-b03c850a9f66	पत्थर बुत	2026-04-17T07:34:34.401Z	2:48	chirp-fenix	cyberpunk+hyper rap + classical + narrator=divine awakening	true	true	assets/covers/507a1183-07e8-4762-b317-b03c850a9f66.jpeg	assets/audio/507a1183-07e8-4762-b317-b03c850a9f66.mp3	NULL	false
96dc0ed7-a8a1-4c68-ac02-b6ff0d8c8fab	चार पर्चे खर्चा	2026-04-17T06:47:31.875Z	1:35	chirp-fenix	hyper rap + classical + narrator=divine awakening	true	true	assets/covers/96dc0ed7-a8a1-4c68-ac02-b6ff0d8c8fab.jpeg	assets/audio/96dc0ed7-a8a1-4c68-ac02-b6ff0d8c8fab.mp3	NULL	false
19a9d094-81bf-4578-af5a-103ad79c94f8	चार पर्चे खर्चा	2026-04-17T06:47:31.875Z	1:44	chirp-fenix	hyper rap + classical + narrator=divine awakening	true	true	assets/covers/19a9d094-81bf-4578-af5a-103ad79c94f8.jpeg	assets/audio/19a9d094-81bf-4578-af5a-103ad79c94f8.mp3	NULL	false
cd7f3a61-d005-4eac-aecc-373368cd6ccb	पत्थर बुत	2026-04-17T04:53:44.177Z	4:29	chirp-fenix		true	true	assets/covers/cd7f3a61-d005-4eac-aecc-373368cd6ccb.jpeg	assets/audio/cd7f3a61-d005-4eac-aecc-373368cd6ccb.mp3	NULL	false
7024a723-80fe-4ead-8ec4-4372a3bb4e7b	पत्थर बुत	2026-04-17T04:53:44.177Z	4:04	chirp-fenix		true	true	assets/covers/7024a723-80fe-4ead-8ec4-4372a3bb4e7b.jpeg	assets/audio/7024a723-80fe-4ead-8ec4-4372a3bb4e7b.mp3	NULL	false
4086da7e-a7d2-40ff-8851-44664db08a56	सर्द झोंके	2026-04-16T23:05:57.232Z	4:23	chirp-fenix	Indian classical, Raga Darbari Kanhada, slow alap intro, deep dark mood, tanpura drone, cold wind sound, then transition to dark drill, heavy 808 bass, syncopated hi-hats, melancholic female vocal, Urdu poetry, emotional, reverb, atmospheric, half-time verses, double-time climax, tragic	true	true	assets/covers/4086da7e-a7d2-40ff-8851-44664db08a56.jpeg	assets/audio/4086da7e-a7d2-40ff-8851-44664db08a56.mp3	NULL	false
143c21d0-d594-407b-b732-0b8d048a530c	सर्द झोंके	2026-04-16T23:05:57.232Z	4:19	chirp-fenix	Indian classical, Raga Darbari Kanhada, slow alap intro, deep dark mood, tanpura drone, cold wind sound, then transition to dark drill, heavy 808 bass, syncopated hi-hats, melancholic female vocal, Urdu poetry, emotional, reverb, atmospheric, half-time verses, double-time climax, tragic	true	true	assets/covers/143c21d0-d594-407b-b732-0b8d048a530c.jpeg	assets/audio/143c21d0-d594-407b-b732-0b8d048a530c.mp3	NULL	false
f3d54008-8c4c-4587-9e7f-360cd09bb378	सर्द झोंके-ड्रिल	2026-04-16T22:54:52.102Z	4:34	chirp-fenix	Soprano textures, Indian classical, Raga Darbari Kanhada, slow alap intro, deep dark mood, tanpura drone, cold wind sound, then transition to dark drill, heavy 808 bass, syncopated hi-hats, melancholic female vocal, Urdu poetry, emotional, reverb, atmospheric, half-time verses, double-time climax, tragic	true	true	assets/covers/f3d54008-8c4c-4587-9e7f-360cd09bb378.jpeg	assets/audio/f3d54008-8c4c-4587-9e7f-360cd09bb378.mp3	NULL	false
01bede88-dab1-420a-a9d1-2fd6f4f8b71b	सर्द झोंके-ड्रिल	2026-04-16T22:54:52.102Z	4:28	chirp-fenix	Soprano textures, Indian classical, Raga Darbari Kanhada, slow alap intro, deep dark mood, tanpura drone, cold wind sound, then transition to dark drill, heavy 808 bass, syncopated hi-hats, melancholic female vocal, Urdu poetry, emotional, reverb, atmospheric, half-time verses, double-time climax, tragic	true	true	assets/covers/01bede88-dab1-420a-a9d1-2fd6f4f8b71b.jpeg	assets/audio/01bede88-dab1-420a-a9d1-2fd6f4f8b71b.mp3	NULL	false
c0070cfc-f61e-4c18-9854-d401c1d1ccc9	लम्स-ए-हवा रोया	2026-04-16T22:48:47.069Z	3:43	chirp-fenix	Haunting Female Vocals, Soprano textures, Cinematic Urdu Drill, 140 BPM, Melodic and Emotional, Heavy Bass with lush String Orchestra, Atmospheric Wind SFX, Ethereal Harmonies, Staccato Rap sections, 528Hz Solfeggio Tuning, Triumphant Outro.	true	true	assets/covers/c0070cfc-f61e-4c18-9854-d401c1d1ccc9.jpeg	assets/audio/c0070cfc-f61e-4c18-9854-d401c1d1ccc9.mp3	NULL	false
958e690b-3e28-4eb1-9fa5-e1bd4d2435c2	लम्स-ए-हवा रोया	2026-04-16T22:48:47.069Z	3:49	chirp-fenix	Haunting Female Vocals, Soprano textures, Cinematic Urdu Drill, 140 BPM, Melodic and Emotional, Heavy Bass with lush String Orchestra, Atmospheric Wind SFX, Ethereal Harmonies, Staccato Rap sections, 528Hz Solfeggio Tuning, Triumphant Outro.	true	true	assets/covers/958e690b-3e28-4eb1-9fa5-e1bd4d2435c2.jpeg	assets/audio/958e690b-3e28-4eb1-9fa5-e1bd4d2435c2.mp3	NULL	false
18f8e3e2-f827-4ebf-8bd3-61acd858385d	سर्द جھونکے سایہ	2026-04-16T22:19:30.354Z	2:56	chirp-fenix	Dark Cinematic Urdu Drill, Emotional Atmospheric Intro, 140 BPM, Heavy Sliding 808 Bass, Haunting Sarangi and Flute samples, Triumphant Orchestral Strings in the second half, Aggressive Staccato Rap Flow, Lo-fi textures, 528Hz tuning for resonance.	true	true	assets/covers/18f8e3e2-f827-4ebf-8bd3-61acd858385d.jpeg	assets/audio/18f8e3e2-f827-4ebf-8bd3-61acd858385d.mp3	NULL	false
1e4e9b8a-2308-4cca-aa41-81c3c0d6b743	سर्द جھونکے سایہ	2026-04-16T22:19:30.354Z	3:03	chirp-fenix	Dark Cinematic Urdu Drill, Emotional Atmospheric Intro, 140 BPM, Heavy Sliding 808 Bass, Haunting Sarangi and Flute samples, Triumphant Orchestral Strings in the second half, Aggressive Staccato Rap Flow, Lo-fi textures, 528Hz tuning for resonance.	true	true	assets/covers/1e4e9b8a-2308-4cca-aa41-81c3c0d6b743.jpeg	assets/audio/1e4e9b8a-2308-4cca-aa41-81c3c0d6b743.mp3	NULL	false
8d30c99c-2bb7-4bcc-b193-5a78f1af4af6	लम्स-ए-हवा	2026-04-16T21:44:49.289Z	4:39	chirp-fenix	Indian classical, Raga Darbari Kanhada, slow alap intro, deep dark mood, tanpura drone, cold wind sound, then transition to dark drill, heavy 808 bass, syncopated hi-hats, melancholic male vocal, Urdu poetry, emotional, reverb, atmospheric, half-time verses, double-time climax, tragic	true	true	assets/covers/8d30c99c-2bb7-4bcc-b193-5a78f1af4af6.jpeg	assets/audio/8d30c99c-2bb7-4bcc-b193-5a78f1af4af6.mp3	NULL	false
e7c87a7c-4f0b-438c-8846-2b6ff056e7a6	लम्स-ए-हवा	2026-04-16T21:44:49.289Z	4:34	chirp-fenix	Indian classical, Raga Darbari Kanhada, slow alap intro, deep dark mood, tanpura drone, cold wind sound, then transition to dark drill, heavy 808 bass, syncopated hi-hats, melancholic male vocal, Urdu poetry, emotional, reverb, atmospheric, half-time verses, double-time climax, tragic	true	true	assets/covers/e7c87a7c-4f0b-438c-8846-2b6ff056e7a6.jpeg	assets/audio/e7c87a7c-4f0b-438c-8846-2b6ff056e7a6.mp3	NULL	false
fb4055fe-37de-4a6c-a098-7c00c77c048f	Lams-e-Hawa Drone	2026-04-16T21:16:26.315Z	4:19	chirp-fenix	Indian classical, Raga Darbari Kanhada, slow alap intro, deep dark mood, tanpura drone, cold wind sound, then transition to dark drill, heavy 808 bass, syncopated hi-hats, melancholic male vocal, Urdu poetry, emotional, reverb, atmospheric, half-time verses, double-time climax, tragic	true	true	assets/covers/fb4055fe-37de-4a6c-a098-7c00c77c048f.jpeg	assets/audio/fb4055fe-37de-4a6c-a098-7c00c77c048f.mp3	NULL	false
0e22ce3a-a007-42f4-a89c-1a5ef6ebc4f4	Lams-e-Hawa Drone	2026-04-16T21:16:26.315Z	4:29	chirp-fenix	Indian classical, Raga Darbari Kanhada, slow alap intro, deep dark mood, tanpura drone, cold wind sound, then transition to dark drill, heavy 808 bass, syncopated hi-hats, melancholic male vocal, Urdu poetry, emotional, reverb, atmospheric, half-time verses, double-time climax, tragic	true	true	assets/covers/0e22ce3a-a007-42f4-a89c-1a5ef6ebc4f4.jpeg	assets/audio/0e22ce3a-a007-42f4-a89c-1a5ef6ebc4f4.mp3	NULL	false
9e091800-f3fb-4c79-8a1e-09783a3f3392	लम्स-ए-हवा रोया	2026-04-16T21:12:58.120Z	7:59	chirp-fenix	Drill, Urdu/Hindi poetry, Ghazal elements, slow melodic hook, heavy 808 bass, emotional male vocal, melancholic, atmospheric, reverb, wind sounds, half-time intro, double-time verse, acoustic bridge	true	true	assets/covers/9e091800-f3fb-4c79-8a1e-09783a3f3392.jpeg	assets/audio/9e091800-f3fb-4c79-8a1e-09783a3f3392.mp3	NULL	false
1826d08a-5fb4-4ab4-adb0-4163baf9acfc	लम्स-ए-हवा रोया	2026-04-16T21:12:58.120Z	7:59	chirp-fenix	Drill, Urdu/Hindi poetry, Ghazal elements, slow melodic hook, heavy 808 bass, emotional male vocal, melancholic, atmospheric, reverb, wind sounds, half-time intro, double-time verse, acoustic bridge	true	true	assets/covers/1826d08a-5fb4-4ab4-adb0-4163baf9acfc.jpeg	assets/audio/1826d08a-5fb4-4ab4-adb0-4163baf9acfc.mp3	NULL	false
ef834e73-a6e2-4dc4-a69f-cf8697e9de12	लम्स-ए-हवा सर्द	2026-04-16T20:05:58.985Z	4:18	chirp-fenix	Drill, Urdu/Hindi poetry, Ghazal elements, slow melodic hook, heavy 808 bass, emotional male vocal, melancholic, atmospheric, reverb, wind sounds, half-time intro, double-time verse, acoustic bridge	true	true	assets/covers/ef834e73-a6e2-4dc4-a69f-cf8697e9de12.jpeg	assets/audio/ef834e73-a6e2-4dc4-a69f-cf8697e9de12.mp3	NULL	false
5c1e1843-62f8-4103-9861-23f07e11ce12	लम्स-ए-हवा सर्द	2026-04-16T20:05:58.985Z	4:37	chirp-fenix	Drill, Urdu/Hindi poetry, Ghazal elements, slow melodic hook, heavy 808 bass, emotional male vocal, melancholic, atmospheric, reverb, wind sounds, half-time intro, double-time verse, acoustic bridge	true	true	assets/covers/5c1e1843-62f8-4103-9861-23f07e11ce12.jpeg	assets/audio/5c1e1843-62f8-4103-9861-23f07e11ce12.mp3	NULL	false
d797f61d-e2f9-435d-b724-45791d7e898d	लम्स-ए-हवा साया	2026-04-16T19:51:48.423Z	4:23	chirp-fenix	[Intro] – Spoken word / wind sound (Ghazal mood) [DROP] – Heavy 808 + drill percussion [VERSE 1 – Drill] – Fast, aggressive, storytelling [HOOK – Ghazal Style] – Slow, melodic, with Radif (refrain) + Qaafiya (rhyme) [VERSE 2 – Drill] – Faster flow, double-time, explosive [HOOK – Ghazal Style] – Same as before, perhaps with variation [BRIDGE – Ghazal Sher] – One slow couplet, acapella or minimal beat [VERSE 3 – Drill] – Climax, raw emotion [OUTRO – Ghazal Maqta] – Slow fade, poet's signature (pen name)	true	true	assets/covers/d797f61d-e2f9-435d-b724-45791d7e898d.jpeg	assets/audio/d797f61d-e2f9-435d-b724-45791d7e898d.mp3	NULL	false
a1a5dd9d-4535-4bdc-aef8-0471e275049f	लम्स-ए-हवा साया	2026-04-16T19:51:48.423Z	4:04	chirp-fenix	[Intro] – Spoken word / wind sound (Ghazal mood) [DROP] – Heavy 808 + drill percussion [VERSE 1 – Drill] – Fast, aggressive, storytelling [HOOK – Ghazal Style] – Slow, melodic, with Radif (refrain) + Qaafiya (rhyme) [VERSE 2 – Drill] – Faster flow, double-time, explosive [HOOK – Ghazal Style] – Same as before, perhaps with variation [BRIDGE – Ghazal Sher] – One slow couplet, acapella or minimal beat [VERSE 3 – Drill] – Climax, raw emotion [OUTRO – Ghazal Maqta] – Slow fade, poet's signature (pen name)	true	true	assets/covers/a1a5dd9d-4535-4bdc-aef8-0471e275049f.jpeg	assets/audio/a1a5dd9d-4535-4bdc-aef8-0471e275049f.mp3	NULL	false
68117724-c78f-4788-b723-577b30f31f69	लम्स-ए-हवा साया	2026-04-16T19:42:04.996Z	1:48	chirp-fenix	Cinematic Hip-Hop, Dark Drill, 140 BPM, Deep Sub-bass, Atmospheric Wind SFX Intro, Aggressive Male Vocals, Staccato Flow.	true	true	assets/covers/68117724-c78f-4788-b723-577b30f31f69.jpeg	assets/audio/68117724-c78f-4788-b723-577b30f31f69.mp3	NULL	false
49b598f9-6112-492d-98e5-28979537fdc4	लम्स-ए-हवा साया	2026-04-16T19:42:04.996Z	1:51	chirp-fenix	Cinematic Hip-Hop, Dark Drill, 140 BPM, Deep Sub-bass, Atmospheric Wind SFX Intro, Aggressive Male Vocals, Staccato Flow.	true	true	assets/covers/49b598f9-6112-492d-98e5-28979537fdc4.jpeg	assets/audio/49b598f9-6112-492d-98e5-28979537fdc4.mp3	NULL	false
4b0c2c01-f4bd-4229-85d2-c39b1e719b8a	झोंका हवा	2026-04-16T19:33:37.190Z	1:25	chirp-fenix	Cinematic Hip-Hop, Dark Drill, 140 BPM, Deep Sub-bass, Atmospheric Wind SFX Intro, Aggressive Male Vocals, Staccato Flow.	true	true	assets/covers/4b0c2c01-f4bd-4229-85d2-c39b1e719b8a.jpeg	assets/audio/4b0c2c01-f4bd-4229-85d2-c39b1e719b8a.mp3	NULL	false
d2d8b4cd-bbfb-47c4-a65f-d009691f616a	झोंका हवा	2026-04-16T19:33:37.190Z	1:31	chirp-fenix	Cinematic Hip-Hop, Dark Drill, 140 BPM, Deep Sub-bass, Atmospheric Wind SFX Intro, Aggressive Male Vocals, Staccato Flow.	true	true	assets/covers/d2d8b4cd-bbfb-47c4-a65f-d009691f616a.jpeg	assets/audio/d2d8b4cd-bbfb-47c4-a65f-d009691f616a.mp3	NULL	false
55c3b42c-b321-4d8e-982f-b33f33fd17a4	झोंका सच	2026-04-16T19:30:25.653Z	1:30	chirp-fenix	Cinematic Hip-Hop, Dark Drill, 140 BPM, Deep Sub-bass, Atmospheric Wind SFX Intro, Aggressive Male Vocals, Staccato Flow.	true	true	assets/covers/55c3b42c-b321-4d8e-982f-b33f33fd17a4.jpeg	assets/audio/55c3b42c-b321-4d8e-982f-b33f33fd17a4.mp3	NULL	false
38638635-c5dc-4adf-a993-68d94475738d	झोंका सच	2026-04-16T19:30:25.653Z	1:40	chirp-fenix	Cinematic Hip-Hop, Dark Drill, 140 BPM, Deep Sub-bass, Atmospheric Wind SFX Intro, Aggressive Male Vocals, Staccato Flow.	true	true	assets/covers/38638635-c5dc-4adf-a993-68d94475738d.jpeg	assets/audio/38638635-c5dc-4adf-a993-68d94475738d.mp3	NULL	false
617e2c52-66f1-4c4c-9a88-37b2388e34c9	दादा चेन टोरी	2026-04-16T17:16:55.753Z	3:17	chirp-fenix	Cinematic Dark Vedic-Trap, 90 BPM Hypnotic Shamanic Pulse, Multi-vocal arrangement, Gritty Male Spoken Word, Haunting Ancestral Choir, Ethereal Divine Female Soprano, Industrial Hissing textures, Deep Sub-bass, Experimental Glitch-hop.	true	true	assets/covers/617e2c52-66f1-4c4c-9a88-37b2388e34c9.jpeg	assets/audio/617e2c52-66f1-4c4c-9a88-37b2388e34c9.mp3	NULL	false
c6626624-b9b4-4338-9550-008f9f82502f	दादा चेन टोरी	2026-04-16T17:16:55.752Z	2:59	chirp-fenix	Cinematic Dark Vedic-Trap, 90 BPM Hypnotic Shamanic Pulse, Multi-vocal arrangement, Gritty Male Spoken Word, Haunting Ancestral Choir, Ethereal Divine Female Soprano, Industrial Hissing textures, Deep Sub-bass, Experimental Glitch-hop.	true	true	assets/covers/c6626624-b9b4-4338-9550-008f9f82502f.jpeg	assets/audio/c6626624-b9b4-4338-9550-008f9f82502f.mp3	NULL	false
340e22ab-5a0e-4a4e-9138-9bece1f77dd1	१०० साल टोरी	2026-04-16T17:00:53.238Z	3:12	chirp-fenix	शीर्षक: १०० साल (हिस्स्स... टोरी) Style: Dark Experimental Folk-Trap. Description: A persistent, hypnotic heartbeat pulse (90 BPM). Deep cinematic sub-bass. Haunting spoken-word vocals in Hindi/Haryanvi. Shimmering, "jewel-toned" ambient pads in the background. Sudden shifts in vocal panning. Gritty, ancient, yet high-tech.	true	true	assets/covers/340e22ab-5a0e-4a4e-9138-9bece1f77dd1.jpeg	assets/audio/340e22ab-5a0e-4a4e-9138-9bece1f77dd1.mp3	NULL	false
950bf07f-98a2-4abb-ab2d-2cae95ac004e	१०० साल टोरी	2026-04-16T17:00:53.238Z	2:56	chirp-fenix	शीर्षक: १०० साल (हिस्स्स... टोरी) Style: Dark Experimental Folk-Trap. Description: A persistent, hypnotic heartbeat pulse (90 BPM). Deep cinematic sub-bass. Haunting spoken-word vocals in Hindi/Haryanvi. Shimmering, "jewel-toned" ambient pads in the background. Sudden shifts in vocal panning. Gritty, ancient, yet high-tech.	true	true	assets/covers/950bf07f-98a2-4abb-ab2d-2cae95ac004e.jpeg	assets/audio/950bf07f-98a2-4abb-ab2d-2cae95ac004e.mp3	NULL	false
4d6f705f-a026-4060-a32f-77594f87a633	Log Kahte Hain	2026-04-15T22:59:54.750Z	6:33	chirp-fenix	Meditative Sufi Qawwali, 432Hz deep drone, Cinematic Ambient, Ethereal Armenian Duduk, Emotional Sarangi, Distorted Electric Guitar atmosphere, Slow heavy Frame Drum (Daf), Rhythmic Qawwali Claps with Reverb, Haunting Raspy Male Vocals, Spiritual Ecstasy, High Contrast, 80 BPM to 140 BPM Crescendo.	true	true	assets/covers/4d6f705f-a026-4060-a32f-77594f87a633.jpeg	assets/audio/4d6f705f-a026-4060-a32f-77594f87a633.mp3	NULL	false
54bf5f39-3312-4413-8690-fc756c1e073b	Log Kahte Hain	2026-04-15T22:59:54.750Z	6:38	chirp-fenix	Meditative Sufi Qawwali, 432Hz deep drone, Cinematic Ambient, Ethereal Armenian Duduk, Emotional Sarangi, Distorted Electric Guitar atmosphere, Slow heavy Frame Drum (Daf), Rhythmic Qawwali Claps with Reverb, Haunting Raspy Male Vocals, Spiritual Ecstasy, High Contrast, 80 BPM to 140 BPM Crescendo.	true	true	assets/covers/54bf5f39-3312-4413-8690-fc756c1e073b.jpeg	assets/audio/54bf5f39-3312-4413-8690-fc756c1e073b.mp3	NULL	false
dc660165-69b6-427e-bf5d-63ad71c4fe72	Khaki Naata	2026-04-15T22:07:25.596Z	6:49	chirp-fenix	[Style: Sufi Qawwali, Male vocal solo and ensemble, No instruments, Only human voice, Mouth percussion (beatbox) very minimal, Deep slow tempo, Mystical, Philosophical, Raw, Earthy, No synthetic sounds, No tabla, No dholak, No harmonium, Only breath and voice and occasional handclaps] [Language: Pure Urdu/Hindustani, No Punjabi-Braj mix, Deep and simple words] [Tempo: Start very slow → gradually increase to medium in antara 2 → drop to near silence in maana → fade out in dua] [Structure: Mukarrari → Antara 1 → Mukarrari → Antara 2 → Mukarrari → Antara 3 → Mukarrari → Maana → Final Mukarrari (broken) → Dua → Fade to silence] [Duration: Approximately 12-14 minutes] [Vocal Style: Single voice in maana, whispers, long pauses between lines, breath sounds audible, ensemble only in mukarrari]	true	true	assets/covers/dc660165-69b6-427e-bf5d-63ad71c4fe72.jpeg	assets/audio/dc660165-69b6-427e-bf5d-63ad71c4fe72.mp3	NULL	false
e34d5702-04b2-4e44-8ee0-ba8fa513b3f9	Khaki Naata	2026-04-15T22:07:25.596Z	6:42	chirp-fenix	[Style: Sufi Qawwali, Male vocal solo and ensemble, No instruments, Only human voice, Mouth percussion (beatbox) very minimal, Deep slow tempo, Mystical, Philosophical, Raw, Earthy, No synthetic sounds, No tabla, No dholak, No harmonium, Only breath and voice and occasional handclaps] [Language: Pure Urdu/Hindustani, No Punjabi-Braj mix, Deep and simple words] [Tempo: Start very slow → gradually increase to medium in antara 2 → drop to near silence in maana → fade out in dua] [Structure: Mukarrari → Antara 1 → Mukarrari → Antara 2 → Mukarrari → Antara 3 → Mukarrari → Maana → Final Mukarrari (broken) → Dua → Fade to silence] [Duration: Approximately 12-14 minutes] [Vocal Style: Single voice in maana, whispers, long pauses between lines, breath sounds audible, ensemble only in mukarrari]	true	true	assets/covers/e34d5702-04b2-4e44-8ee0-ba8fa513b3f9.jpeg	assets/audio/e34d5702-04b2-4e44-8ee0-ba8fa513b3f9.mp3	NULL	false
1ce73d27-b360-4dfa-8533-a54c5e1743b0	Chirag-Hawa Saza	2026-04-15T21:46:38.568Z	6:35	chirp-fenix	[Style: Sufi Qawwali, Male vocal solo and ensemble, No instruments, Only human voice, Mouth percussion (beatbox) very minimal, Deep slow tempo, Mystical, Philosophical, Raw, Earthy, No synthetic sounds, No tabla, No dholak, No harmonium, Only breath and voice and occasional handclaps] [Language: Pure Urdu/Hindustani, No Punjabi-Braj mix, Deep and simple words] [Tempo: Start very slow → gradually increase to medium in antara 2 → drop to near silence in maana → fade out in dua] [Structure: Mukarrari → Antara 1 → Mukarrari → Antara 2 → Mukarrari → Antara 3 → Mukarrari → Maana → Final Mukarrari (broken) → Dua → Fade to silence] [Duration: Approximately 12-14 minutes] [Vocal Style: Single voice in maana, whispers, long pauses between lines, breath sounds audible, ensemble only in mukarrari]	true	true	assets/covers/1ce73d27-b360-4dfa-8533-a54c5e1743b0.jpeg	assets/audio/1ce73d27-b360-4dfa-8533-a54c5e1743b0.mp3	NULL	false
2571d6ce-4581-46f0-979a-ad146a326d31	Chirag-Hawa Saza	2026-04-15T21:46:38.568Z	6:19	chirp-fenix	[Style: Sufi Qawwali, Male vocal solo and ensemble, No instruments, Only human voice, Mouth percussion (beatbox) very minimal, Deep slow tempo, Mystical, Philosophical, Raw, Earthy, No synthetic sounds, No tabla, No dholak, No harmonium, Only breath and voice and occasional handclaps] [Language: Pure Urdu/Hindustani, No Punjabi-Braj mix, Deep and simple words] [Tempo: Start very slow → gradually increase to medium in antara 2 → drop to near silence in maana → fade out in dua] [Structure: Mukarrari → Antara 1 → Mukarrari → Antara 2 → Mukarrari → Antara 3 → Mukarrari → Maana → Final Mukarrari (broken) → Dua → Fade to silence] [Duration: Approximately 12-14 minutes] [Vocal Style: Single voice in maana, whispers, long pauses between lines, breath sounds audible, ensemble only in mukarrari]	true	true	assets/covers/2571d6ce-4581-46f0-979a-ad146a326d31.jpeg	assets/audio/2571d6ce-4581-46f0-979a-ad146a326d31.mp3	NULL	false
eb83681b-2fdb-4f0f-b17b-e4d834c5e311	تدبیرِ خاک	2026-04-15T20:39:22.956Z	6:27	chirp-fenix	[Style: Sufi Qawwali, Male vocal solo and ensemble, No instruments, Only human voice, Mouth percussion (beatbox) very minimal, Deep slow tempo, Mystical, Philosophical, Raw, Earthy, No synthetic sounds, No tabla, No dholak, No harmonium, Only breath and voice and occasional handclaps] [Language: Pure Urdu/Hindustani, No Punjabi-Braj mix, Deep and simple words] [Tempo: Start very slow → gradually increase to medium in antara 2 → drop to near silence in maana → fade out in dua] [Structure: Mukarrari → Antara 1 → Mukarrari → Antara 2 → Mukarrari → Antara 3 → Mukarrari → Maana → Final Mukarrari (broken) → Dua → Fade to silence] [Duration: Approximately 12-14 minutes] [Vocal Style: Single voice in maana, whispers, long pauses between lines, breath sounds audible, ensemble only in mukarrari]	true	true	assets/covers/eb83681b-2fdb-4f0f-b17b-e4d834c5e311.jpeg	assets/audio/eb83681b-2fdb-4f0f-b17b-e4d834c5e311.mp3	NULL	false
42b244c3-4969-4900-a05f-905ab4afdd3a	تدبیرِ خاک	2026-04-15T20:39:22.956Z	6:44	chirp-fenix	[Style: Sufi Qawwali, Male vocal solo and ensemble, No instruments, Only human voice, Mouth percussion (beatbox) very minimal, Deep slow tempo, Mystical, Philosophical, Raw, Earthy, No synthetic sounds, No tabla, No dholak, No harmonium, Only breath and voice and occasional handclaps] [Language: Pure Urdu/Hindustani, No Punjabi-Braj mix, Deep and simple words] [Tempo: Start very slow → gradually increase to medium in antara 2 → drop to near silence in maana → fade out in dua] [Structure: Mukarrari → Antara 1 → Mukarrari → Antara 2 → Mukarrari → Antara 3 → Mukarrari → Maana → Final Mukarrari (broken) → Dua → Fade to silence] [Duration: Approximately 12-14 minutes] [Vocal Style: Single voice in maana, whispers, long pauses between lines, breath sounds audible, ensemble only in mukarrari]	true	true	assets/covers/42b244c3-4969-4900-a05f-905ab4afdd3a.jpeg	assets/audio/42b244c3-4969-4900-a05f-905ab4afdd3a.mp3	NULL	false
b85e41bd-e69a-481f-b12a-88bbf8b8902b	Khaksar Diya	2026-04-15T20:27:12.903Z	6:28	chirp-fenix	[Style: Sufi Qawwali, Male vocal solo and ensemble, No instruments, Only human voice, Mouth percussion (beatbox) very minimal, Deep slow tempo, Mystical, Philosophical, Raw, Earthy, No synthetic sounds, No tabla, No dholak, No harmonium, Only breath and voice and occasional handclaps] [Language: Pure Urdu/Hindustani, No Punjabi-Braj mix, Deep and simple words] [Tempo: Start very slow → gradually increase to medium in antara 2 → drop to near silence in maana → fade out in dua] [Structure: Mukarrari → Antara 1 → Mukarrari → Antara 2 → Mukarrari → Antara 3 → Mukarrari → Maana → Final Mukarrari (broken) → Dua → Fade to silence] [Duration: Approximately 12-14 minutes] [Vocal Style: Single voice in maana, whispers, long pauses between lines, breath sounds audible, ensemble only in mukarrari]	true	true	assets/covers/b85e41bd-e69a-481f-b12a-88bbf8b8902b.jpeg	assets/audio/b85e41bd-e69a-481f-b12a-88bbf8b8902b.mp3	NULL	false
6cd28c91-198a-4d8b-bad2-26ebd34288a2	Khaksar Diya	2026-04-15T20:27:12.903Z	6:04	chirp-fenix	[Style: Sufi Qawwali, Male vocal solo and ensemble, No instruments, Only human voice, Mouth percussion (beatbox) very minimal, Deep slow tempo, Mystical, Philosophical, Raw, Earthy, No synthetic sounds, No tabla, No dholak, No harmonium, Only breath and voice and occasional handclaps] [Language: Pure Urdu/Hindustani, No Punjabi-Braj mix, Deep and simple words] [Tempo: Start very slow → gradually increase to medium in antara 2 → drop to near silence in maana → fade out in dua] [Structure: Mukarrari → Antara 1 → Mukarrari → Antara 2 → Mukarrari → Antara 3 → Mukarrari → Maana → Final Mukarrari (broken) → Dua → Fade to silence] [Duration: Approximately 12-14 minutes] [Vocal Style: Single voice in maana, whispers, long pauses between lines, breath sounds audible, ensemble only in mukarrari]	true	true	assets/covers/6cd28c91-198a-4d8b-bad2-26ebd34288a2.jpeg	assets/audio/6cd28c91-198a-4d8b-bad2-26ebd34288a2.mp3	NULL	false
87fea1fe-2c22-4af4-a777-87a8b62cc57a	Tadbeer Barbaad	2026-04-15T20:01:59.087Z	4:02	chirp-fenix	[Style: Sufi Qawwali mixed with modern Beatbox, Acoustic, Spiritual, Mystical, Slow to fast tempo, Male vocal ensemble, Handclaps, Mouth percussion only, No tabla, No dholak, No synthetic drums, Raw and earthy] [Style: Sufi Qawwali + Beatbox, male choir, slow to fast, no instruments, only mouth percussion and vocals, Punjabi+Braj+Urdu] [Structure: slow intro beatbox → chorus "Log kahte hai tere hone se meri tadbeer barbaad hai... unhe kaise samjhaaun ye goonge ke gud ka swaad hai" → 3 verses each faster → MAANA (very slow, almost silent) "Jogi ban ke aaya tha, preetam rang diya... barbaadi de vich goonge jiha har koi... gud ka swaad jaane par bole na" → broken chorus → a cappella prayer → fade to silence] [Maana: single voice, whisper, 3 second pauses between lines, no beatbox] [Dua: no instruments, voices only, fading] [End: soft "Ameen"] [Language: Punjabi + Braj + Urdu mixed] [Tempo: Start very slow, gradually increase to fast, then drop to near silence in Maana, then fade out]	true	true	assets/covers/87fea1fe-2c22-4af4-a777-87a8b62cc57a.jpeg	assets/audio/87fea1fe-2c22-4af4-a777-87a8b62cc57a.mp3	NULL	false
ec8c8bad-3326-4953-a468-776d3732f487	Tadbeer Barbaad	2026-04-15T20:01:59.087Z	4:03	chirp-fenix	[Style: Sufi Qawwali mixed with modern Beatbox, Acoustic, Spiritual, Mystical, Slow to fast tempo, Male vocal ensemble, Handclaps, Mouth percussion only, No tabla, No dholak, No synthetic drums, Raw and earthy] [Style: Sufi Qawwali + Beatbox, male choir, slow to fast, no instruments, only mouth percussion and vocals, Punjabi+Braj+Urdu] [Structure: slow intro beatbox → chorus "Log kahte hai tere hone se meri tadbeer barbaad hai... unhe kaise samjhaaun ye goonge ke gud ka swaad hai" → 3 verses each faster → MAANA (very slow, almost silent) "Jogi ban ke aaya tha, preetam rang diya... barbaadi de vich goonge jiha har koi... gud ka swaad jaane par bole na" → broken chorus → a cappella prayer → fade to silence] [Maana: single voice, whisper, 3 second pauses between lines, no beatbox] [Dua: no instruments, voices only, fading] [End: soft "Ameen"] [Language: Punjabi + Braj + Urdu mixed] [Tempo: Start very slow, gradually increase to fast, then drop to near silence in Maana, then fade out]	true	true	assets/covers/ec8c8bad-3326-4953-a468-776d3732f487.jpeg	assets/audio/ec8c8bad-3326-4953-a468-776d3732f487.mp3	NULL	false
781c9290-2241-4ea8-8ca4-c206d5ee558a	Iltija Jor-Aazmaish	2026-04-15T19:12:41.388Z	4:58	chirp-fenix	Style: world fusion, spiritual awakening, slow sufi ghazal, cinematic ambient, no percussion, tanpura drone, soft sarangi, cathedral reverb, male breathy vocal Vocal arrangement: - Main: male hindustani, breathy, warm, melancholic (Urdu/Hindi) - Echo: female arabic, distant, repeats last 2-3 words (Arabic) - Drone: female latin, gregorian style, sustained "ah" (Latin) - Chant: male tibetan, deep resonant, "om mani padme hum" (Sanskrit) - Shadow: male west african, whisper, one second behind (Wolof) - High note: female celtic, single floating note at phrase ends (Gaelic) Dynamics: extremely soft, fragile, rubato, intimate, close-mic, no aggression, no shouting Structure: intro (tibetan chant + celtic whisper + tanpura), verse 1 (main + arabic echo), chorus (main + latin drone + tibetan), verse 2 (main + west african shadow), bridge (all voices together on sustained vowels → silence → spoken word), outro (voices fade one by one to silence) ---	true	true	assets/covers/781c9290-2241-4ea8-8ca4-c206d5ee558a.jpeg	assets/audio/781c9290-2241-4ea8-8ca4-c206d5ee558a.mp3	NULL	false
f4a8a880-7287-459d-8490-d48a3278d365	Iltija Jor-Aazmaish	2026-04-15T19:12:41.388Z	4:59	chirp-fenix	Style: world fusion, spiritual awakening, slow sufi ghazal, cinematic ambient, no percussion, tanpura drone, soft sarangi, cathedral reverb, male breathy vocal Vocal arrangement: - Main: male hindustani, breathy, warm, melancholic (Urdu/Hindi) - Echo: female arabic, distant, repeats last 2-3 words (Arabic) - Drone: female latin, gregorian style, sustained "ah" (Latin) - Chant: male tibetan, deep resonant, "om mani padme hum" (Sanskrit) - Shadow: male west african, whisper, one second behind (Wolof) - High note: female celtic, single floating note at phrase ends (Gaelic) Dynamics: extremely soft, fragile, rubato, intimate, close-mic, no aggression, no shouting Structure: intro (tibetan chant + celtic whisper + tanpura), verse 1 (main + arabic echo), chorus (main + latin drone + tibetan), verse 2 (main + west african shadow), bridge (all voices together on sustained vowels → silence → spoken word), outro (voices fade one by one to silence) ---	true	true	assets/covers/f4a8a880-7287-459d-8490-d48a3278d365.jpeg	assets/audio/f4a8a880-7287-459d-8490-d48a3278d365.mp3	NULL	false
a9b3bf78-406c-4fae-a4ad-3cb4afe8447b	साँस की गुंजाइश	2026-04-15T18:50:25.918Z	3:33	chirp-fenix	style slow sufi ghazal indian classical hindustani minimal ambient no percussion tanpura drone soft sitar male voice vocal qualities breathy warm dark melancholic intimate close mic soft vibrato only at ends of phrases no shouting emotional restraint fragile but controlled air between words dynamics verses at piano soft chorus at mezzo piano bridge at whisper level no crescendo no aggression phrasing legato pauses after each line comma length breaths rubato loose timing syllables drawn out like a sigh reference vibes Ghazal, Indian Classical, Devotional meets Indian Folk, Playback Singing, Indie Pop late night alone candle burning out	true	true	assets/covers/a9b3bf78-406c-4fae-a4ad-3cb4afe8447b.jpeg	assets/audio/a9b3bf78-406c-4fae-a4ad-3cb4afe8447b.mp3	NULL	false
f4b382b7-da16-448e-8a6b-1e49367d23d6	साँस की गुंजाइश	2026-04-15T18:50:25.918Z	3:28	chirp-fenix	style slow sufi ghazal indian classical hindustani minimal ambient no percussion tanpura drone soft sitar male voice vocal qualities breathy warm dark melancholic intimate close mic soft vibrato only at ends of phrases no shouting emotional restraint fragile but controlled air between words dynamics verses at piano soft chorus at mezzo piano bridge at whisper level no crescendo no aggression phrasing legato pauses after each line comma length breaths rubato loose timing syllables drawn out like a sigh reference vibes Ghazal, Indian Classical, Devotional meets Indian Folk, Playback Singing, Indie Pop late night alone candle burning out	true	true	assets/covers/f4b382b7-da16-448e-8a6b-1e49367d23d6.jpeg	assets/audio/f4b382b7-da16-448e-8a6b-1e49367d23d6.mp3	NULL	false
bce359ca-a7fd-4325-9cda-b272232acfea	सांस-गुंजाइश	2026-04-15T18:37:39.978Z	4:09	chirp-fenix	style slow sufi ghazal indian classical hindustani minimal ambient no percussion tanpura drone soft sitar male voice vocal qualities breathy warm dark melancholic intimate close mic soft vibrato only at ends of phrases no shouting emotional restraint fragile but controlled air between words dynamics verses at piano soft chorus at mezzo piano bridge at whisper level no crescendo no aggression phrasing legato pauses after each line comma length breaths rubato loose timing syllables drawn out like a sigh reference vibes Ghazal, Indian Classical, Devotional meets Indian Folk, Playback Singing, Indie Pop late night alone candle burning out	true	true	assets/covers/bce359ca-a7fd-4325-9cda-b272232acfea.jpeg	assets/audio/bce359ca-a7fd-4325-9cda-b272232acfea.mp3	NULL	false
37fb9699-f1ca-49b8-acaa-6903ab65d04b	सांस-गुंजाइश	2026-04-15T18:37:39.978Z	4:04	chirp-fenix	style slow sufi ghazal indian classical hindustani minimal ambient no percussion tanpura drone soft sitar male voice vocal qualities breathy warm dark melancholic intimate close mic soft vibrato only at ends of phrases no shouting emotional restraint fragile but controlled air between words dynamics verses at piano soft chorus at mezzo piano bridge at whisper level no crescendo no aggression phrasing legato pauses after each line comma length breaths rubato loose timing syllables drawn out like a sigh reference vibes Ghazal, Indian Classical, Devotional meets Indian Folk, Playback Singing, Indie Pop late night alone candle burning out	true	true	assets/covers/37fb9699-f1ca-49b8-acaa-6903ab65d04b.jpeg	assets/audio/37fb9699-f1ca-49b8-acaa-6903ab65d04b.mp3	NULL	false
56c6ee93-d6c7-4a25-bf41-942cec57818f	घचा घच	2026-04-15T05:35:01.739Z	3:47	chirp-fenix	dark erotic hip hop, hyper rap, horrorcore, trap metal, 150-180 BPM, distorted 808s, male aggressive rap with female whispered erotic ad-libs, lo-fi, gritty, no pop, no melody	true	true	assets/covers/56c6ee93-d6c7-4a25-bf41-942cec57818f.jpeg	assets/audio/56c6ee93-d6c7-4a25-bf41-942cec57818f.mp3	NULL	false
cc349f0b-7495-4b69-8753-ecc62cb1ee80	घचा घच	2026-04-15T05:35:01.738Z	2:41	chirp-fenix	dark erotic hip hop, hyper rap, horrorcore, trap metal, 150-180 BPM, distorted 808s, male aggressive rap with female whispered erotic ad-libs, lo-fi, gritty, no pop, no melody	true	true	assets/covers/cc349f0b-7495-4b69-8753-ecc62cb1ee80.jpeg	assets/audio/cc349f0b-7495-4b69-8753-ecc62cb1ee80.mp3	NULL	false
91b02afc-ce51-407b-9fed-8ab45bf8d00d	गीली साँस घचा	2026-04-15T05:29:39.552Z	3:03	chirp-fenix	dark erotic hip hop, hyper rap, horrorcore, trap metal, 150 BPM, distorted 808s, glitch effects, aggressive male vocal, whispered ad-libs, haunting atmospheric synths, raw lo-fi texture, no pop, no melody, industrial edge. female on erotic fillers।	true	true	assets/covers/91b02afc-ce51-407b-9fed-8ab45bf8d00d.jpeg	assets/audio/91b02afc-ce51-407b-9fed-8ab45bf8d00d.mp3	NULL	false
0ad2d889-56ad-4107-a42f-9ffdd61e99dc	गीली साँस घचा	2026-04-15T05:29:39.552Z	3:41	chirp-fenix	dark erotic hip hop, hyper rap, horrorcore, trap metal, 150 BPM, distorted 808s, glitch effects, aggressive male vocal, whispered ad-libs, haunting atmospheric synths, raw lo-fi texture, no pop, no melody, industrial edge. female on erotic fillers।	true	true	assets/covers/0ad2d889-56ad-4107-a42f-9ffdd61e99dc.jpeg	assets/audio/0ad2d889-56ad-4107-a42f-9ffdd61e99dc.mp3	NULL	false
b14f7e57-d779-489d-b0d2-7adb9a065fac	घचा घच	2026-04-15T05:20:47.751Z	3:00	chirp-fenix	dark erotic hip hop, hyper rap, horrorcore, trap metal, 150 BPM, distorted 808s, glitch effects, aggressive male vocal, whispered ad-libs, haunting atmospheric synths, raw lo-fi texture, no pop, no melody, industrial edge	true	true	assets/covers/b14f7e57-d779-489d-b0d2-7adb9a065fac.jpeg	assets/audio/b14f7e57-d779-489d-b0d2-7adb9a065fac.mp3	NULL	false
53697704-706d-4df6-a476-e7944459b93d	घचा घच	2026-04-15T05:20:47.751Z	2:54	chirp-fenix	dark erotic hip hop, hyper rap, horrorcore, trap metal, 150 BPM, distorted 808s, glitch effects, aggressive male vocal, whispered ad-libs, haunting atmospheric synths, raw lo-fi texture, no pop, no melody, industrial edge	true	true	assets/covers/53697704-706d-4df6-a476-e7944459b93d.jpeg	assets/audio/53697704-706d-4df6-a476-e7944459b93d.mp3	NULL	false
1fbda308-1986-4821-96e6-a89fbc1d2fd7	घचा घच	2026-04-15T02:55:21.977Z	3:09	chirp-fenix	dark erotic hip hop, hyper rap, horrorcore, trap metal, 150 BPM, distorted 808s, glitch effects, aggressive male vocal, whispered ad-libs, haunting atmospheric synths, raw lo-fi texture, no pop, no melody, industrial edge	true	true	assets/covers/1fbda308-1986-4821-96e6-a89fbc1d2fd7.jpeg	assets/audio/1fbda308-1986-4821-96e6-a89fbc1d2fd7.mp3	NULL	false
713de290-3d6e-45d1-a4fe-163b86903f58	घचा घच	2026-04-15T02:55:21.977Z	3:05	chirp-fenix	dark erotic hip hop, hyper rap, horrorcore, trap metal, 150 BPM, distorted 808s, glitch effects, aggressive male vocal, whispered ad-libs, haunting atmospheric synths, raw lo-fi texture, no pop, no melody, industrial edge	true	true	assets/covers/713de290-3d6e-45d1-a4fe-163b86903f58.jpeg	assets/audio/713de290-3d6e-45d1-a4fe-163b86903f58.mp3	NULL	false
3620a61f-947c-4be7-bac2-a93a6eaa5a9c	गीला घचा	2026-04-15T02:53:23.944Z	2:51	chirp-fenix	बीटबॉक्स + इरोटिक साउंड्स + हाइपर रैप BPM: 130 से शुरू (धीमा, घुटता हुआ) → बीच में 180 तक (हिंसक) → आखिर में टूट जाए सेटअप: दो ट्रैक Track 1: माउथ ड्रम + इरोटिक साउंड्स (कराह, साँसें, चादर) Track 2: रैप वोकल्स (थूकते हुए, कभी फुसफुसाते, कभी चिल्लाते)	true	true	assets/covers/3620a61f-947c-4be7-bac2-a93a6eaa5a9c.jpeg	assets/audio/3620a61f-947c-4be7-bac2-a93a6eaa5a9c.mp3	NULL	false
904d98b2-e279-48b7-83e2-29184af62f47	गीला घचा	2026-04-15T02:53:23.944Z	2:40	chirp-fenix	बीटबॉक्स + इरोटिक साउंड्स + हाइपर रैप BPM: 130 से शुरू (धीमा, घुटता हुआ) → बीच में 180 तक (हिंसक) → आखिर में टूट जाए सेटअप: दो ट्रैक Track 1: माउथ ड्रम + इरोटिक साउंड्स (कराह, साँसें, चादर) Track 2: रैप वोकल्स (थूकते हुए, कभी फुसफुसाते, कभी चिल्लाते)	true	true	assets/covers/904d98b2-e279-48b7-83e2-29184af62f47.jpeg	assets/audio/904d98b2-e279-48b7-83e2-29184af62f47.mp3	NULL	false
5156c5cc-0a46-4b76-bdcd-a344c362d213	मुंह-खून खांचा	2026-04-15T02:47:46.124Z	2:46	chirp-fenix		true	true	assets/covers/5156c5cc-0a46-4b76-bdcd-a344c362d213.jpeg	assets/audio/5156c5cc-0a46-4b76-bdcd-a344c362d213.mp3	NULL	false
d6804818-7296-4af6-8e5e-d58ed14b5587	मुंह-खून खांचा	2026-04-15T02:47:46.124Z	2:41	chirp-fenix		true	true	assets/covers/d6804818-7296-4af6-8e5e-d58ed14b5587.jpeg	assets/audio/d6804818-7296-4af6-8e5e-d58ed14b5587.mp3	NULL	false
5068a560-60b3-4b89-8e83-0043262dc67f	E-tumbi Dhamal	2026-04-15T02:18:53.080Z	7:59	chirp-fenix	Opera + Punjabi folk fusion ballad. Key: E minor (operatic) over E Punjabi folk drone. 70 BPM Dhamal feel underneath. Soprano (female) and Tenor (male) voices. Bel canto technique: supported vibrato, pure tone, messa di voce. Hek (Punjabi emotional cry): rising slur from semitone below, breaking into note. Hek occurs on last word of each verse and on "ਟੁੱਟੇ", "ਹਾਰਮੋਨਜ਼", final boliyan. Tumbi drone continuous (E4). Algoza (double flute) enters on verse 2, duets with cello. Intro: single opera vowel "Ah" on E, held 4 seconds, 2 sec silence. Verses: opera singing with hek on final word. 2 sec silence after "ਪੈਸਾ" and "money". Chorus: pure opera, no hek, wide vibrato, hall reverb. Bridge: dholki enters soft. Recognition section: face to face, opera singers, no vibrato, dry. Boliyan replaced with operatic vocalise on "Ah" over Dhamal, hek on last cycle. Then spoken "aavega" (broken, not sung). Then 5 sec silence. No resolution. No auto-tune. Keep hek, keep vibrato, keep breath. Style: opera	true	true	assets/covers/5068a560-60b3-4b89-8e83-0043262dc67f.jpeg	assets/audio/5068a560-60b3-4b89-8e83-0043262dc67f.mp3	NULL	false
03b043a1-b777-4366-8b83-766f61b5ec66	E-tumbi Dhamal	2026-04-15T02:18:53.080Z	3:40	chirp-fenix	Opera + Punjabi folk fusion ballad. Key: E minor (operatic) over E Punjabi folk drone. 70 BPM Dhamal feel underneath. Soprano (female) and Tenor (male) voices. Bel canto technique: supported vibrato, pure tone, messa di voce. Hek (Punjabi emotional cry): rising slur from semitone below, breaking into note. Hek occurs on last word of each verse and on "ਟੁੱਟੇ", "ਹਾਰਮੋਨਜ਼", final boliyan. Tumbi drone continuous (E4). Algoza (double flute) enters on verse 2, duets with cello. Intro: single opera vowel "Ah" on E, held 4 seconds, 2 sec silence. Verses: opera singing with hek on final word. 2 sec silence after "ਪੈਸਾ" and "money". Chorus: pure opera, no hek, wide vibrato, hall reverb. Bridge: dholki enters soft. Recognition section: face to face, opera singers, no vibrato, dry. Boliyan replaced with operatic vocalise on "Ah" over Dhamal, hek on last cycle. Then spoken "aavega" (broken, not sung). Then 5 sec silence. No resolution. No auto-tune. Keep hek, keep vibrato, keep breath. Style: opera	true	true	assets/covers/03b043a1-b777-4366-8b83-766f61b5ec66.jpeg	assets/audio/03b043a1-b777-4366-8b83-766f61b5ec66.mp3	NULL	false
2a6843e3-bc23-478e-8ced-eab4bdc44ee1	ਟੁੱਟੇ ਪੈਸੇ	2026-04-15T02:14:28.201Z	3:15	chirp-fenix	Punjabi folk fusion ballad in E (Punjabi folk scale: E F# G# B C#). 70 BPM Dhamal feel. Tumbi drone throughout (E4 continuous). Algoza (double flute) enters at verse 2, plays call-response with vocals. Hek (Punjabi emotional vocal cry) on key phrases: rising slur from below pitch to target. Intro: single algoza note + 2 sec silence. Verses: close-mic, intimate, hek on last word of each line. 2 sec silence after "ਪੈਸਾ" and "money". Chorus: unison, open throat, no hek. Bridge: dholki enters soft on "ਟੁੱਟੇ". Recognition section: face to face, algoza stops, only tumbi. Bandish replaced by Punjabi Boliyan (nonsense rhythmic syllables) on Dhamal. Then spoken "aavega". Then 5 sec silence. No resolution. No auto-tune. Keep hek, keep breaths, keep algoza squeaks. Style: Punjabi folk, slow dhamal, algoza, tumbi, hek vocal, melancholic hopeful, unresolved.	true	true	assets/covers/2a6843e3-bc23-478e-8ced-eab4bdc44ee1.jpeg	assets/audio/2a6843e3-bc23-478e-8ced-eab4bdc44ee1.mp3	NULL	false
6e735a57-85ab-45fc-912a-9c64579dc9f2	ਟੁੱਟੇ ਪੈਸੇ	2026-04-15T02:14:28.201Z	2:28	chirp-fenix	Punjabi folk fusion ballad in E (Punjabi folk scale: E F# G# B C#). 70 BPM Dhamal feel. Tumbi drone throughout (E4 continuous). Algoza (double flute) enters at verse 2, plays call-response with vocals. Hek (Punjabi emotional vocal cry) on key phrases: rising slur from below pitch to target. Intro: single algoza note + 2 sec silence. Verses: close-mic, intimate, hek on last word of each line. 2 sec silence after "ਪੈਸਾ" and "money". Chorus: unison, open throat, no hek. Bridge: dholki enters soft on "ਟੁੱਟੇ". Recognition section: face to face, algoza stops, only tumbi. Bandish replaced by Punjabi Boliyan (nonsense rhythmic syllables) on Dhamal. Then spoken "aavega". Then 5 sec silence. No resolution. No auto-tune. Keep hek, keep breaths, keep algoza squeaks. Style: Punjabi folk, slow dhamal, algoza, tumbi, hek vocal, melancholic hopeful, unresolved.	true	true	assets/covers/6e735a57-85ab-45fc-912a-9c64579dc9f2.jpeg	assets/audio/6e735a57-85ab-45fc-912a-9c64579dc9f2.mp3	NULL	false
7fb4da9f-98db-4b16-a0e8-40fccfa0e245	Money-Drags Us	2026-04-15T01:05:24.782Z	2:58	chirp-fenix	Bilingual indie ballad in E minor, 68 BPM. 432 Hz tanpura drone throughout (121.5, 162, 160.5, 288 Hz). Intro: piano key + 2 sec silence. Verses: close-mic speak-sing, no reverb. 2 sec silence after "होता है" and "full". Chorus: unison, hall reverb cuts abruptly. Bridge: sub-bass 40 Hz on "किसी". Cello enters at "सैलाब". Recognition section: face to face, no reverb, dry. Jhaptaal bandish: 10 beats, finger clicks on 1, 3, 6, 8. Vocalise "आ" 4 cycles. Then spoken "आएगा". Then 5 sec silence. No resolution. No auto-tune. Keep breaths and voice cracks. Style: slow core, ambient pop, Hindustani classical, tanpura, Jhaptaal, breath vocals, melancholic hopeful, unresolved.	true	true	assets/covers/7fb4da9f-98db-4b16-a0e8-40fccfa0e245.jpeg	assets/audio/7fb4da9f-98db-4b16-a0e8-40fccfa0e245.mp3	NULL	false
0c6cc8cd-b3b2-43db-92df-b3cad31e1866	Money-Drags Us	2026-04-15T01:05:24.782Z	3:02	chirp-fenix	Bilingual indie ballad in E minor, 68 BPM. 432 Hz tanpura drone throughout (121.5, 162, 160.5, 288 Hz). Intro: piano key + 2 sec silence. Verses: close-mic speak-sing, no reverb. 2 sec silence after "होता है" and "full". Chorus: unison, hall reverb cuts abruptly. Bridge: sub-bass 40 Hz on "किसी". Cello enters at "सैलाब". Recognition section: face to face, no reverb, dry. Jhaptaal bandish: 10 beats, finger clicks on 1, 3, 6, 8. Vocalise "आ" 4 cycles. Then spoken "आएगा". Then 5 sec silence. No resolution. No auto-tune. Keep breaths and voice cracks. Style: slow core, ambient pop, Hindustani classical, tanpura, Jhaptaal, breath vocals, melancholic hopeful, unresolved.	true	true	assets/covers/0c6cc8cd-b3b2-43db-92df-b3cad31e1866.jpeg	assets/audio/0c6cc8cd-b3b2-43db-92df-b3cad31e1866.mp3	NULL	false
60d9371d-c871-4f23-952d-2248fc838d54	हर बार की कहानी	2026-04-15T00:51:08.515Z	2:42	chirp-fenix	FULL PROMPT – DO NOT EDIT Title: Same Story / हर बार की कहानी Genre: Bilingual indie ballad / slow core / ambient pop / Hindustani classical fusion BPM: 68 (slow heartbeat tempo) Key: E minor (432 Hz reference) Mood: Intimate, honest, healing, chemical, unresolved. Not sad. Not happy. Human. --- PRODUCTION SPECS: Tanpura drone continuous throughout (until final silence). Frequencies: 121.5 Hz (B2), 162.0 Hz (E3), 160.5 Hz (E3 flat, creates 1.5 Hz beat), 288.0 Hz (D4). 432 Hz reference. Soft jivari buzz. Intro: Single piano key (E2). 2 seconds silence. Repeat once. No reverb. Verse vocal: Close mic (2 inches). No reverb. Speak-sing. Breathy. Listener feels alone in room. Chorus vocal: Hall reverb swells then cuts abruptly. Harmonies enter second chorus. Bridge: Sub-bass drop at 40 Hz (E1) exactly on "किसी". Chest vibration required. Bandish: Vocalise on "आ" over Jhaptaal. See below. Outro: No resolution. Spoken "आएगा". Then tanpura stops. Then 5 seconds absolute silence.	true	true	assets/covers/60d9371d-c871-4f23-952d-2248fc838d54.jpeg	assets/audio/60d9371d-c871-4f23-952d-2248fc838d54.mp3	NULL	false
4648abb5-f970-4287-9894-5ef12762ff04	हर बार की कहानी	2026-04-15T00:51:08.515Z	7:59	chirp-fenix	FULL PROMPT – DO NOT EDIT Title: Same Story / हर बार की कहानी Genre: Bilingual indie ballad / slow core / ambient pop / Hindustani classical fusion BPM: 68 (slow heartbeat tempo) Key: E minor (432 Hz reference) Mood: Intimate, honest, healing, chemical, unresolved. Not sad. Not happy. Human. --- PRODUCTION SPECS: Tanpura drone continuous throughout (until final silence). Frequencies: 121.5 Hz (B2), 162.0 Hz (E3), 160.5 Hz (E3 flat, creates 1.5 Hz beat), 288.0 Hz (D4). 432 Hz reference. Soft jivari buzz. Intro: Single piano key (E2). 2 seconds silence. Repeat once. No reverb. Verse vocal: Close mic (2 inches). No reverb. Speak-sing. Breathy. Listener feels alone in room. Chorus vocal: Hall reverb swells then cuts abruptly. Harmonies enter second chorus. Bridge: Sub-bass drop at 40 Hz (E1) exactly on "किसी". Chest vibration required. Bandish: Vocalise on "आ" over Jhaptaal. See below. Outro: No resolution. Spoken "आएगा". Then tanpura stops. Then 5 seconds absolute silence.	true	true	assets/covers/4648abb5-f970-4287-9894-5ef12762ff04.jpeg	assets/audio/4648abb5-f970-4287-9894-5ef12762ff04.mp3	NULL	false
27c452cf-2f79-4805-9f19-a6ba4be5ef89	“सैलाब हार्मोन्स”	2026-04-15T00:37:46.411Z	1:54	chirp-fenix	Bilingual indie ballad in E minor, 68 BPM. Intimate, healing, unresolved. Intro: single piano key with 2 sec silence. Verses: close-mic speak-sing, no reverb. 2 sec silence after "होता है" and "full". Chorus: unison with hall reverb that cuts abruptly. Bridge: sub-bass drop at 40 Hz on "किसी". Cello enters at "सैलाब". Final word spoken then 5 sec silence. No resolution. No auto-tune. Keep breaths and voice cracks. End with 5 seconds silence. No resolution. Suspended chord fades. Style: slow core, ambient pop, breath vocals, piano, cello, cinematic silence, ASMR, melancholic hopeful. slow core, ambient pop, indie ballad, piano cello, breath vocals, ASMR, cinematic silence, melancholic hopeful, no auto-tune	true	true	assets/covers/27c452cf-2f79-4805-9f19-a6ba4be5ef89.jpeg	assets/audio/27c452cf-2f79-4805-9f19-a6ba4be5ef89.mp3	NULL	false
c8df8309-2e96-4199-ad2e-32c87be3002e	“सैलाब हार्मोन्स”	2026-04-15T00:37:46.410Z	2:01	chirp-fenix	Bilingual indie ballad in E minor, 68 BPM. Intimate, healing, unresolved. Intro: single piano key with 2 sec silence. Verses: close-mic speak-sing, no reverb. 2 sec silence after "होता है" and "full". Chorus: unison with hall reverb that cuts abruptly. Bridge: sub-bass drop at 40 Hz on "किसी". Cello enters at "सैलाब". Final word spoken then 5 sec silence. No resolution. No auto-tune. Keep breaths and voice cracks. End with 5 seconds silence. No resolution. Suspended chord fades. Style: slow core, ambient pop, breath vocals, piano, cello, cinematic silence, ASMR, melancholic hopeful. slow core, ambient pop, indie ballad, piano cello, breath vocals, ASMR, cinematic silence, melancholic hopeful, no auto-tune	true	true	assets/covers/c8df8309-2e96-4199-ad2e-32c87be3002e.jpeg	assets/audio/c8df8309-2e96-4199-ad2e-32c87be3002e.mp3	NULL	false
9682f67f-4799-479e-a59e-b827566b078e	सैलाब हार्मोन्स	2026-04-15T00:30:42.000Z	2:43	chirp-fenix	Bilingual indie ballad in E minor, 68 BPM. Intimate, healing, unresolved. Intro: single piano key with 2 sec silence. Verses: close-mic speak-sing, no reverb. 2 sec silence after "होता है" and "full". Chorus: unison with hall reverb that cuts abruptly. Bridge: sub-bass drop at 40 Hz on "किसी". Cello enters at "सैलाब". Final word spoken then 5 sec silence. No resolution. No auto-tune. Keep breaths and voice cracks. End with 5 seconds silence. No resolution. Suspended chord fades. Style: slow core, ambient pop, breath vocals, piano, cello, cinematic silence, ASMR, melancholic hopeful. slow core, ambient pop, indie ballad, piano cello, breath vocals, ASMR, cinematic silence, melancholic hopeful, no auto-tune	true	true	assets/covers/9682f67f-4799-479e-a59e-b827566b078e.jpeg	assets/audio/9682f67f-4799-479e-a59e-b827566b078e.mp3	NULL	false
6891158c-b10e-4ec4-9cb0-454f0c1bd1f6	सैलाब हार्मोन्स	2026-04-15T00:30:42.000Z	2:13	chirp-fenix	Bilingual indie ballad in E minor, 68 BPM. Intimate, healing, unresolved. Intro: single piano key with 2 sec silence. Verses: close-mic speak-sing, no reverb. 2 sec silence after "होता है" and "full". Chorus: unison with hall reverb that cuts abruptly. Bridge: sub-bass drop at 40 Hz on "किसी". Cello enters at "सैलाब". Final word spoken then 5 sec silence. No resolution. No auto-tune. Keep breaths and voice cracks. End with 5 seconds silence. No resolution. Suspended chord fades. Style: slow core, ambient pop, breath vocals, piano, cello, cinematic silence, ASMR, melancholic hopeful. slow core, ambient pop, indie ballad, piano cello, breath vocals, ASMR, cinematic silence, melancholic hopeful, no auto-tune	true	true	assets/covers/6891158c-b10e-4ec4-9cb0-454f0c1bd1f6.jpeg	assets/audio/6891158c-b10e-4ec4-9cb0-454f0c1bd1f6.mp3	NULL	false
e773bb44-f4cd-4cdd-b0cd-2a3b9749060f	अक्षर-बेच समझौता	2026-04-14T21:55:46.824Z	3:05	chirp-fenix	Style: Haryanvi Folk-Drill x Industrial Qawwali Fusion. Atmosphere: A high-stakes, dystopian Digital Auction House. Ancient echoes being liquidated in a sterile, neon-lit server room. Key Instruments: > * Traditional: Heavy Distorted Haryanvi Nagada, a "crying" Sarangi (glitched/bit-crushed), rhythmic metal Khartal. Futuristic: Deep 808 Sub-bass, industrial metallic claps (zero-attack), high-frequency server whirs, and 14Hz–40Hz Binaural pulses (for biological alertness). Vocal Texture: Raw, high-register Haryanvi male lead vs. a cold, vocoder-heavy Robot Qawwali chorus.	true	true	assets/covers/e773bb44-f4cd-4cdd-b0cd-2a3b9749060f.jpeg	assets/audio/e773bb44-f4cd-4cdd-b0cd-2a3b9749060f.mp3	NULL	false
86ee6acf-c17f-4674-bf19-557333906d47	अक्षर-बेच समझौता	2026-04-14T21:55:46.824Z	2:57	chirp-fenix	Style: Haryanvi Folk-Drill x Industrial Qawwali Fusion. Atmosphere: A high-stakes, dystopian Digital Auction House. Ancient echoes being liquidated in a sterile, neon-lit server room. Key Instruments: > * Traditional: Heavy Distorted Haryanvi Nagada, a "crying" Sarangi (glitched/bit-crushed), rhythmic metal Khartal. Futuristic: Deep 808 Sub-bass, industrial metallic claps (zero-attack), high-frequency server whirs, and 14Hz–40Hz Binaural pulses (for biological alertness). Vocal Texture: Raw, high-register Haryanvi male lead vs. a cold, vocoder-heavy Robot Qawwali chorus.	true	true	assets/covers/86ee6acf-c17f-4674-bf19-557333906d47.jpeg	assets/audio/86ee6acf-c17f-4674-bf19-557333906d47.mp3	NULL	false
ffeaefee-fcca-45f2-afcf-27c219f71bff	लॉट-जीरो-वन	2026-04-14T21:45:45.370Z	3:18	chirp-fenix	Style/Genre: Haryanvi Folk-Drill, Industrial Qawwali Fusion, Cinematic Dark Synth, Robotic Vocoder Polyrhythms, Heavy Distorted Nagada & 808 Bass. Atmosphere: Ominous Digital Auction House, 17th-century battle-grit meets Cyberpunk liquidation. Technical Specs: 3D Spatial Audio, Binaural Whispers (14Hz Beta-wave triggers), High-Transient Robotic Claps, Bit-crushed Folk Vocals, 40Hz Gamma-burst glitches, sudden sensory-deprivation filters, sharp Industrial percussion.	true	true	assets/covers/ffeaefee-fcca-45f2-afcf-27c219f71bff.jpeg	assets/audio/ffeaefee-fcca-45f2-afcf-27c219f71bff.mp3	NULL	false
01646a31-8208-4989-8914-d9835b9c98db	लॉट-जीरो-वन	2026-04-14T21:45:45.370Z	3:26	chirp-fenix	Style/Genre: Haryanvi Folk-Drill, Industrial Qawwali Fusion, Cinematic Dark Synth, Robotic Vocoder Polyrhythms, Heavy Distorted Nagada & 808 Bass. Atmosphere: Ominous Digital Auction House, 17th-century battle-grit meets Cyberpunk liquidation. Technical Specs: 3D Spatial Audio, Binaural Whispers (14Hz Beta-wave triggers), High-Transient Robotic Claps, Bit-crushed Folk Vocals, 40Hz Gamma-burst glitches, sudden sensory-deprivation filters, sharp Industrial percussion.	true	true	assets/covers/01646a31-8208-4989-8914-d9835b9c98db.jpeg	assets/audio/01646a31-8208-4989-8914-d9835b9c98db.mp3	NULL	false
1b4b29a3-0bc4-40d8-a882-8dec76cfbcac	Lot 001 Tanpura Snap	2026-04-14T21:36:02.067Z	3:06	chirp-fenix	Style/Genre: Haryanvi Folk-Drill, Industrial Qawwali Fusion, Cinematic Dark Synth, Robotic Vocoder Polyrhythms, Heavy Distorted Nagada & 808 Bass. Atmosphere: Ominous Digital Auction House, 17th-century battle-grit meets Cyberpunk liquidation. Technical Specs: 3D Spatial Audio, Binaural Whispers (14Hz Beta-wave triggers), High-Transient Robotic Claps, Bit-crushed Folk Vocals, 40Hz Gamma-burst glitches, sudden sensory-deprivation filters, sharp Industrial percussion.	true	true	assets/covers/1b4b29a3-0bc4-40d8-a882-8dec76cfbcac.jpeg	assets/audio/1b4b29a3-0bc4-40d8-a882-8dec76cfbcac.mp3	NULL	false
a2f08a86-a136-4082-9a2c-eef50737cff7	Lot 001 Tanpura Snap	2026-04-14T21:36:02.067Z	3:29	chirp-fenix	Style/Genre: Haryanvi Folk-Drill, Industrial Qawwali Fusion, Cinematic Dark Synth, Robotic Vocoder Polyrhythms, Heavy Distorted Nagada & 808 Bass. Atmosphere: Ominous Digital Auction House, 17th-century battle-grit meets Cyberpunk liquidation. Technical Specs: 3D Spatial Audio, Binaural Whispers (14Hz Beta-wave triggers), High-Transient Robotic Claps, Bit-crushed Folk Vocals, 40Hz Gamma-burst glitches, sudden sensory-deprivation filters, sharp Industrial percussion.	true	true	assets/covers/a2f08a86-a136-4082-9a2c-eef50737cff7.jpeg	assets/audio/a2f08a86-a136-4082-9a2c-eef50737cff7.mp3	NULL	false
91fa6d67-0722-4664-bf50-57a42d36afe0	आवाज़ों की अदालत	2026-04-13T10:26:21.063Z	2:37	chirp-fenix	"Hyper-Rap, Acapella, Ancient Throat Singing, Fast Human Beatboxing, Experimental Vocal Percussion, Sharp Melodic Whistling, Global Folk Fusion, Aggressive High-Speed Vocals, Dark Ambience, No Instruments." "A global primitive singer (Adi Gaayak) performing an extremely fast hyper-rap. The rhythm is purely made of vocal bass and complex beatboxing. The voice transitions from deep throat singing to rapid-fire rapping. Incorporate sharp, high-pitched whistles during transitions. The tone is ancient yet futuristic (Cyber-Folk)."	true	true	assets/covers/91fa6d67-0722-4664-bf50-57a42d36afe0.jpeg	assets/audio/91fa6d67-0722-4664-bf50-57a42d36afe0.mp3	NULL	false
212b81f6-e8b1-474c-9352-45c27deed354	आवाज़ों की अदालत	2026-04-13T10:26:21.063Z	7:59	chirp-fenix	"Hyper-Rap, Acapella, Ancient Throat Singing, Fast Human Beatboxing, Experimental Vocal Percussion, Sharp Melodic Whistling, Global Folk Fusion, Aggressive High-Speed Vocals, Dark Ambience, No Instruments." "A global primitive singer (Adi Gaayak) performing an extremely fast hyper-rap. The rhythm is purely made of vocal bass and complex beatboxing. The voice transitions from deep throat singing to rapid-fire rapping. Incorporate sharp, high-pitched whistles during transitions. The tone is ancient yet futuristic (Cyber-Folk)."	true	true	assets/covers/212b81f6-e8b1-474c-9352-45c27deed354.jpeg	assets/audio/212b81f6-e8b1-474c-9352-45c27deed354.mp3	NULL	false
59d3489b-c33c-4509-bbff-c4bfdb962cda	पीएच कला-दीक्षित अदालत	2026-04-13T10:19:34.916Z	3:13	chirp-fenix	"Indian Classical Bandish, Hindustani Vocal, Ragam-Tanam-Pallavi style, Acapella, Heavy Beatboxing, Vocal Percussion (Tabla/Pakhawaj sounds from mouth), Sharp Whistling, Male Solo Classical Voice, Intense Spiritual Energy, Dark Folk Sarcasm." Lyrics Tags: [Intro: Whistled Alap] [Sargam: Sa-Re-Ga-Pa with Beatboxing] [Tarana: Ta-Da-Re-Na fast vocalized percussion] [Climax: Harsh vocals and rapid Whistling]	true	true	assets/covers/59d3489b-c33c-4509-bbff-c4bfdb962cda.jpeg	assets/audio/59d3489b-c33c-4509-bbff-c4bfdb962cda.mp3	NULL	false
d80e4b3a-e710-464d-b061-83ff02e2c7da	पीएच कला-दीक्षित अदालत	2026-04-13T10:19:34.915Z	3:24	chirp-fenix	"Indian Classical Bandish, Hindustani Vocal, Ragam-Tanam-Pallavi style, Acapella, Heavy Beatboxing, Vocal Percussion (Tabla/Pakhawaj sounds from mouth), Sharp Whistling, Male Solo Classical Voice, Intense Spiritual Energy, Dark Folk Sarcasm." Lyrics Tags: [Intro: Whistled Alap] [Sargam: Sa-Re-Ga-Pa with Beatboxing] [Tarana: Ta-Da-Re-Na fast vocalized percussion] [Climax: Harsh vocals and rapid Whistling]	true	true	assets/covers/d80e4b3a-e710-464d-b061-83ff02e2c7da.jpeg	assets/audio/d80e4b3a-e710-464d-b061-83ff02e2c7da.mp3	NULL	false
0fe62a75-f9ed-431e-9780-297f79a24721	P.H.K.D. अदालत	2026-04-13T10:10:11.920Z	3:15	chirp-fenix	"Indian Classical Bandish, Hindustani Vocal, Ragam-Tanam-Pallavi style, Acapella, Heavy Beatboxing, Vocal Percussion (Tabla/Pakhawaj sounds from mouth), Sharp Whistling, Male Solo Classical Voice, Intense Spiritual Energy, Dark Folk Sarcasm." Lyrics Tags: [Intro: Whistled Alap] [Sargam: Sa-Re-Ga-Pa with Beatboxing] [Tarana: Ta-Da-Re-Na fast vocalized percussion] [Climax: Harsh vocals and rapid Whistling]	true	true	assets/covers/0fe62a75-f9ed-431e-9780-297f79a24721.jpeg	assets/audio/0fe62a75-f9ed-431e-9780-297f79a24721.mp3	NULL	false
9e058f7c-2ab6-4715-a723-643881330f31	P.H.K.D. अदालत	2026-04-13T10:10:11.920Z	3:39	chirp-fenix	"Indian Classical Bandish, Hindustani Vocal, Ragam-Tanam-Pallavi style, Acapella, Heavy Beatboxing, Vocal Percussion (Tabla/Pakhawaj sounds from mouth), Sharp Whistling, Male Solo Classical Voice, Intense Spiritual Energy, Dark Folk Sarcasm." Lyrics Tags: [Intro: Whistled Alap] [Sargam: Sa-Re-Ga-Pa with Beatboxing] [Tarana: Ta-Da-Re-Na fast vocalized percussion] [Climax: Harsh vocals and rapid Whistling]	true	true	assets/covers/9e058f7c-2ab6-4715-a723-643881330f31.jpeg	assets/audio/9e058f7c-2ab6-4715-a723-643881330f31.mp3	NULL	false
e69716ad-6001-4c92-9160-2a4a79565ed6	आवाज़ों की अदालत	2026-04-13T10:00:36.466Z	3:38	chirp-fenix	"Indian Classical Bandish, Hindustani Vocal, Ragam-Tanam-Pallavi style, Acapella, Heavy Beatboxing, Vocal Percussion (Tabla/Pakhawaj sounds from mouth), Sharp Whistling, Male Solo Classical Voice, Intense Spiritual Energy, Dark Folk Sarcasm." Lyrics Tags: [Intro: Whistled Alap] [Sargam: Sa-Re-Ga-Pa with Beatboxing] [Tarana: Ta-Da-Re-Na fast vocalized percussion] [Climax: Harsh vocals and rapid Whistling]	true	true	assets/covers/e69716ad-6001-4c92-9160-2a4a79565ed6.jpeg	assets/audio/e69716ad-6001-4c92-9160-2a4a79565ed6.mp3	NULL	false
fa7b702f-3dea-44bc-967c-93860cd46e1a	आवाज़ों की अदालत	2026-04-13T10:00:36.466Z	3:12	chirp-fenix	"Indian Classical Bandish, Hindustani Vocal, Ragam-Tanam-Pallavi style, Acapella, Heavy Beatboxing, Vocal Percussion (Tabla/Pakhawaj sounds from mouth), Sharp Whistling, Male Solo Classical Voice, Intense Spiritual Energy, Dark Folk Sarcasm." Lyrics Tags: [Intro: Whistled Alap] [Sargam: Sa-Re-Ga-Pa with Beatboxing] [Tarana: Ta-Da-Re-Na fast vocalized percussion] [Climax: Harsh vocals and rapid Whistling]	true	true	assets/covers/fa7b702f-3dea-44bc-967c-93860cd46e1a.jpeg	assets/audio/fa7b702f-3dea-44bc-967c-93860cd46e1a.mp3	NULL	false
fa63a507-2f0d-4477-b328-7e8895a24c68	आवाज़ों की अदालत	2026-04-13T09:49:01.699Z	3:10	chirp-fenix	"Acapella, Aggressive Beatboxing, Vocal Bass, Whistling, Dark Indian Folk Fusion, Shamanic Vocalizing, Gritty Voice, Experimental Percussion, Intense Spiritual Battle, No Instruments."	true	true	assets/covers/fa63a507-2f0d-4477-b328-7e8895a24c68.jpeg	assets/audio/fa63a507-2f0d-4477-b328-7e8895a24c68.mp3	NULL	false
7f329b6d-8172-4674-adad-6f83614ad576	आवाज़ों की अदालत	2026-04-13T09:49:01.699Z	2:58	chirp-fenix	"Acapella, Aggressive Beatboxing, Vocal Bass, Whistling, Dark Indian Folk Fusion, Shamanic Vocalizing, Gritty Voice, Experimental Percussion, Intense Spiritual Battle, No Instruments."	true	true	assets/covers/7f329b6d-8172-4674-adad-6f83614ad576.jpeg	assets/audio/7f329b6d-8172-4674-adad-6f83614ad576.mp3	NULL	false
05aa80d4-acdd-4719-9275-9692846ebe1a	तीखी फकीराना सीटी	2026-04-13T09:30:01.026Z	2:03	chirp-fenix	"Acapella Qawwali, Indian Folk Fusion, Vocal Percussion, Beatboxing, Human whistling, Raw and Gritty, Shamanistic chant, Haryanvi Lathmar style, Meditative but Powerful, Male Solo Vocal." "A unique track featuring a powerful male Indian vocal. No musical instruments. The entire rhythm is made of human vocal sounds, mouth percussion (beatboxing), and sharp, melodic whistling. The vibe is a mix of a Sufi Qawwali and an aggressive Haryanvi folk song. Sharp whistles occur between verses. High energy, rhythmic, and spiritual yet harsh (Sarcastic tone)."	true	true	assets/covers/05aa80d4-acdd-4719-9275-9692846ebe1a.jpeg	assets/audio/05aa80d4-acdd-4719-9275-9692846ebe1a.mp3	NULL	false
7a79f5a5-df08-4b19-b670-e23e71ff6738	तीखी फकीराना सीटी	2026-04-13T09:30:01.026Z	2:03	chirp-fenix	"Acapella Qawwali, Indian Folk Fusion, Vocal Percussion, Beatboxing, Human whistling, Raw and Gritty, Shamanistic chant, Haryanvi Lathmar style, Meditative but Powerful, Male Solo Vocal." "A unique track featuring a powerful male Indian vocal. No musical instruments. The entire rhythm is made of human vocal sounds, mouth percussion (beatboxing), and sharp, melodic whistling. The vibe is a mix of a Sufi Qawwali and an aggressive Haryanvi folk song. Sharp whistles occur between verses. High energy, rhythmic, and spiritual yet harsh (Sarcastic tone)."	true	true	assets/covers/7a79f5a5-df08-4b19-b670-e23e71ff6738.jpeg	assets/audio/7a79f5a5-df08-4b19-b670-e23e71ff6738.mp3	NULL	false
a4bf888b-805c-406a-bdc5-cdf12d97c225	परमाणु रद्दी	2026-04-13T09:21:52.799Z	2:43	chirp-fenix		true	true	assets/covers/a4bf888b-805c-406a-bdc5-cdf12d97c225.jpeg	assets/audio/a4bf888b-805c-406a-bdc5-cdf12d97c225.mp3	NULL	false
79d13c77-eca1-459b-806f-cd40985c3208	परमाणु रद्दी	2026-04-13T09:21:52.799Z	2:49	chirp-fenix		true	true	assets/covers/79d13c77-eca1-459b-806f-cd40985c3208.jpeg	assets/audio/79d13c77-eca1-459b-806f-cd40985c3208.mp3	NULL	false
f6c100fa-e5b7-4b9a-97b5-4ce34def6953	शून्य की डोरी अदालत	2026-04-13T00:13:00.267Z	3:04	chirp-fenix		true	true	assets/covers/f6c100fa-e5b7-4b9a-97b5-4ce34def6953.jpeg	assets/audio/f6c100fa-e5b7-4b9a-97b5-4ce34def6953.mp3	NULL	false
a3fc8cdd-425f-4eb3-bca9-b17e10505af4	शून्य की डोरी अदालत	2026-04-13T00:13:00.266Z	3:33	chirp-fenix		true	true	assets/covers/a3fc8cdd-425f-4eb3-bca9-b17e10505af4.jpeg	assets/audio/a3fc8cdd-425f-4eb3-bca9-b17e10505af4.mp3	NULL	false
7ed796e3-32c4-42d3-89a2-f658115084dd	नसीब का ऐलान	2026-04-12T05:06:53.071Z	3:33	chirp-fenix	Genre: Haryanvi Pop, Desi Hip Hop, Upbeat Dance, Only Male announcer & Only Female vocals (Duo), energetic percussion, courtroom sound effects (gavel sound, "Order Order" shout), aggressive bassline. mix chorus. Vibe: Sassy, rhythmic, catchy hook, cinematic intro.. म्यूज़िकल बैकग्राउंड (संगीत का जादू) दहशत और धड़कन: जैसे ही 'वकील' की एंट्री होती है, बैकग्राउंड में सितार की एक तेज़ झंकार होती है जो धीरे-धीरे तबले की धुक-धुक (Heartbeat) में बदल जाती है। [रुतबा: एक भारी वायलिन (Violin) की धुन शुरू होती है जो गंभीर भी है और मदहोश कर देने वाली भी—जैसे कोई रहस्य खुलने वाला हो।] [माहौल: कोर्ट की ऊंची छतों में गूँजती हुई पियानो की लो-पिच नोट्स, जो हर 'तारीख' और 'दलील' के साथ और भी गहरी होती जाती हैं।]	true	true	assets/covers/7ed796e3-32c4-42d3-89a2-f658115084dd.jpeg	assets/audio/7ed796e3-32c4-42d3-89a2-f658115084dd.mp3	NULL	false
e16d94cb-b3c5-4238-a1c5-c60c69bed286	नसीब का ऐलान	2026-04-12T05:06:53.071Z	3:44	chirp-fenix	Genre: Haryanvi Pop, Desi Hip Hop, Upbeat Dance, Only Male announcer & Only Female vocals (Duo), energetic percussion, courtroom sound effects (gavel sound, "Order Order" shout), aggressive bassline. mix chorus. Vibe: Sassy, rhythmic, catchy hook, cinematic intro.. म्यूज़िकल बैकग्राउंड (संगीत का जादू) दहशत और धड़कन: जैसे ही 'वकील' की एंट्री होती है, बैकग्राउंड में सितार की एक तेज़ झंकार होती है जो धीरे-धीरे तबले की धुक-धुक (Heartbeat) में बदल जाती है। [रुतबा: एक भारी वायलिन (Violin) की धुन शुरू होती है जो गंभीर भी है और मदहोश कर देने वाली भी—जैसे कोई रहस्य खुलने वाला हो।] [माहौल: कोर्ट की ऊंची छतों में गूँजती हुई पियानो की लो-पिच नोट्स, जो हर 'तारीख' और 'दलील' के साथ और भी गहरी होती जाती हैं।]	true	true	assets/covers/e16d94cb-b3c5-4238-a1c5-c60c69bed286.jpeg	assets/audio/e16d94cb-b3c5-4238-a1c5-c60c69bed286.mp3	NULL	false
517563f4-4c0a-447c-a6c7-5e81307423c3	“नसीब का ऐलान”	2026-04-12T04:55:48.958Z	3:25	chirp-fenix	Genre: Haryanvi Pop, Desi Hip Hop, Upbeat Dance, Male announcer & Female vocals (Duo), energetic percussion, courtroom sound effects (gavel sound, "Order Order" shout), aggressive bassline. Vibe: Sassy, rhythmic, catchy hook, cinematic intro.. म्यूज़िकल बैकग्राउंड (संगीत का जादू) दहशत और धड़कन: जैसे ही 'वकील' की एंट्री होती है, बैकग्राउंड में सितार की एक तेज़ झंकार होती है जो धीरे-धीरे तबले की धुक-धुक (Heartbeat) में बदल जाती है। [रुतबा: एक भारी वायलिन (Violin) की धुन शुरू होती है जो गंभीर भी है और मदहोश कर देने वाली भी—जैसे कोई रहस्य खुलने वाला हो।] [माहौल: कोर्ट की ऊंची छतों में गूँजती हुई पियानो की लो-पिच नोट्स, जो हर 'तारीख' और 'दलील' के साथ और भी गहरी होती जाती हैं।]	true	true	assets/covers/517563f4-4c0a-447c-a6c7-5e81307423c3.jpeg	assets/audio/517563f4-4c0a-447c-a6c7-5e81307423c3.mp3	NULL	false
b2c55b1c-8a02-4b27-93aa-0ef9015a5a48	“नसीब का ऐलान”	2026-04-12T04:55:48.958Z	3:33	chirp-fenix	Genre: Haryanvi Pop, Desi Hip Hop, Upbeat Dance, Male announcer & Female vocals (Duo), energetic percussion, courtroom sound effects (gavel sound, "Order Order" shout), aggressive bassline. Vibe: Sassy, rhythmic, catchy hook, cinematic intro.. म्यूज़िकल बैकग्राउंड (संगीत का जादू) दहशत और धड़कन: जैसे ही 'वकील' की एंट्री होती है, बैकग्राउंड में सितार की एक तेज़ झंकार होती है जो धीरे-धीरे तबले की धुक-धुक (Heartbeat) में बदल जाती है। [रुतबा: एक भारी वायलिन (Violin) की धुन शुरू होती है जो गंभीर भी है और मदहोश कर देने वाली भी—जैसे कोई रहस्य खुलने वाला हो।] [माहौल: कोर्ट की ऊंची छतों में गूँजती हुई पियानो की लो-पिच नोट्स, जो हर 'तारीख' और 'दलील' के साथ और भी गहरी होती जाती हैं।]	true	true	assets/covers/b2c55b1c-8a02-4b27-93aa-0ef9015a5a48.jpeg	assets/audio/b2c55b1c-8a02-4b27-93aa-0ef9015a5a48.mp3	NULL	false
47df1a51-f676-4534-9f25-5dd295225c24	इश्क-ए-इलाका	2026-04-12T04:47:16.164Z	3:59	chirp-fenix	Genre: Haryanvi Pop, Desi Hip Hop, Upbeat Dance, Male & Female vocals (Duo), energetic percussion, courtroom sound effects (gavel sound, "Order Order" shout), aggressive bassline. Vibe: Sassy, rhythmic, catchy hook, cinematic intro.. म्यूज़िकल बैकग्राउंड (संगीत का जादू) दहशत और धड़कन: जैसे ही 'वकील' की एंट्री होती है, बैकग्राउंड में सितार की एक तेज़ झंकार होती है जो धीरे-धीरे तबले की धुक-धुक (Heartbeat) में बदल जाती है। रुतबा: एक भारी वायलिन (Violin) की धुन शुरू होती है जो गंभीर भी है और मदहोश कर देने वाली भी—जैसे कोई रहस्य खुलने वाला हो। माहौल: कोर्ट की ऊंची छतों में गूँजती हुई पियानो की लो-पिच नोट्स, जो हर 'तारीख' और 'दलील' के साथ और भी गहरी होती जाती हैं।	true	true	assets/covers/47df1a51-f676-4534-9f25-5dd295225c24.jpeg	assets/audio/47df1a51-f676-4534-9f25-5dd295225c24.mp3	NULL	false
3d3e0685-76e1-4447-88b2-83897ac87205	इश्क-ए-इलाका	2026-04-12T04:47:16.164Z	3:45	chirp-fenix	Genre: Haryanvi Pop, Desi Hip Hop, Upbeat Dance, Male & Female vocals (Duo), energetic percussion, courtroom sound effects (gavel sound, "Order Order" shout), aggressive bassline. Vibe: Sassy, rhythmic, catchy hook, cinematic intro.. म्यूज़िकल बैकग्राउंड (संगीत का जादू) दहशत और धड़कन: जैसे ही 'वकील' की एंट्री होती है, बैकग्राउंड में सितार की एक तेज़ झंकार होती है जो धीरे-धीरे तबले की धुक-धुक (Heartbeat) में बदल जाती है। रुतबा: एक भारी वायलिन (Violin) की धुन शुरू होती है जो गंभीर भी है और मदहोश कर देने वाली भी—जैसे कोई रहस्य खुलने वाला हो। माहौल: कोर्ट की ऊंची छतों में गूँजती हुई पियानो की लो-पिच नोट्स, जो हर 'तारीख' और 'दलील' के साथ और भी गहरी होती जाती हैं।	true	true	assets/covers/3d3e0685-76e1-4447-88b2-83897ac87205.jpeg	assets/audio/3d3e0685-76e1-4447-88b2-83897ac87205.mp3	NULL	false
65806a40-681c-40b3-a051-6052aac0137c	काला कोट	2026-04-12T04:30:38.374Z	4:35	chirp-fenix		true	true	assets/covers/65806a40-681c-40b3-a051-6052aac0137c.jpeg	assets/audio/65806a40-681c-40b3-a051-6052aac0137c.mp3	NULL	false
ff2b259f-36d3-441b-ad10-8e1669c878d3	काला कोट	2026-04-12T04:30:38.374Z	4:14	chirp-fenix		true	true	assets/covers/ff2b259f-36d3-441b-ad10-8e1669c878d3.jpeg	assets/audio/ff2b259f-36d3-441b-ad10-8e1669c878d3.mp3	NULL	false
cba259ca-2b8c-46df-b367-0ff9b780bbe2	दो घड़े टूटा	2026-04-11T19:17:57.081Z	4:10	chirp-fenix	Sufi Qawwali, Nirguni Bhajan, Raga Todi, Harmonium, Tabla Keherva, Male Passionate Vocals, Building Tempo, Claps, Call and Response, Spiritual, Pathos to Ecstasy, High Energy Climax.	true	true	assets/covers/cba259ca-2b8c-46df-b367-0ff9b780bbe2.jpeg	assets/audio/cba259ca-2b8c-46df-b367-0ff9b780bbe2.mp3	NULL	false
aabfe9a1-a902-4348-9d22-19d7aa99fda5	दो घड़े टूटा	2026-04-11T19:17:57.081Z	3:59	chirp-fenix	Sufi Qawwali, Nirguni Bhajan, Raga Todi, Harmonium, Tabla Keherva, Male Passionate Vocals, Building Tempo, Claps, Call and Response, Spiritual, Pathos to Ecstasy, High Energy Climax.	true	true	assets/covers/aabfe9a1-a902-4348-9d22-19d7aa99fda5.jpeg	assets/audio/aabfe9a1-a902-4348-9d22-19d7aa99fda5.mp3	NULL	false
44df1c96-0eb7-4f53-bbe5-8eec51102318	Toota Ghadaa Gaaye	2026-04-11T18:43:40.497Z	7:59	chirp-fenix	[Style: Traditional Sufi Qawwali, Hindustani classical, Raga Todi, slow harmonium alaap, tanpura drone, tabla Keherva, male solo vocal, qawwali chorus handclaps, ecstatic build-up, 140 BPM peak] Sufi qawwali in Raga Todi, male solo voice, harmonium, tabla Keherva, handclaps. Slow melancholic intro: "Ek chilam ek baabaa do ghade ka khel". Verse about broken pot crying to baba. Chorus with claps: "Baabaa bole mat ro re deewaane / Jo raste pe phool khile hain / Wo teri boondon ke hai bahaane / Kuch bhi vyarth nahi jaaye". Key change to bright. Fast call-response baazi: "Main andha tha / Apni darar ko rog samjha / Par teri nazar ne rang dikhaaya / Mera chhed mera hi geet ban gaya". Climax with "Toota ghada gaaye" repeating, "Kal wapas" three times. Outro fades with single tabla tak tak tak. Emotional arc from sadness to ecstasy. 4-5 minutes.	true	true	assets/covers/44df1c96-0eb7-4f53-bbe5-8eec51102318.jpeg	assets/audio/44df1c96-0eb7-4f53-bbe5-8eec51102318.mp3	NULL	false
b6c9f3e8-e3b5-4dc5-84ea-bea07bfc4631	Toota Ghadaa Gaaye	2026-04-11T18:43:40.497Z	7:59	chirp-fenix	[Style: Traditional Sufi Qawwali, Hindustani classical, Raga Todi, slow harmonium alaap, tanpura drone, tabla Keherva, male solo vocal, qawwali chorus handclaps, ecstatic build-up, 140 BPM peak] Sufi qawwali in Raga Todi, male solo voice, harmonium, tabla Keherva, handclaps. Slow melancholic intro: "Ek chilam ek baabaa do ghade ka khel". Verse about broken pot crying to baba. Chorus with claps: "Baabaa bole mat ro re deewaane / Jo raste pe phool khile hain / Wo teri boondon ke hai bahaane / Kuch bhi vyarth nahi jaaye". Key change to bright. Fast call-response baazi: "Main andha tha / Apni darar ko rog samjha / Par teri nazar ne rang dikhaaya / Mera chhed mera hi geet ban gaya". Climax with "Toota ghada gaaye" repeating, "Kal wapas" three times. Outro fades with single tabla tak tak tak. Emotional arc from sadness to ecstasy. 4-5 minutes.	true	true	assets/covers/b6c9f3e8-e3b5-4dc5-84ea-bea07bfc4631.jpeg	assets/audio/b6c9f3e8-e3b5-4dc5-84ea-bea07bfc4631.mp3	NULL	false
62dda9f3-677d-48e5-bce1-b5243ae2f1e0	Ek Ghade	2026-04-11T13:26:59.222Z	4:57	chirp-fenix	Qawwali, traditional Pakistani/Indian Sufi devotional music, slow to fast build (60 BPM to 120 BPM), male lead vocalist (ustad style), 3-4 backing vocalists for chorus response (qawwali chorus), harmonium melodic riffs, double tabla (khula baj), dholak, handclaps (taali) on off-beats, sitar or sarangi for taan patterns, tanpura drone, call and response between lead and chorus, repetitive chorus lines for trance effect, occasional sudden key change for climax (tahleel), ecstatic build (haal), spiritual intensity, Raga Bhimpalasi and Raga Malkauns blend, poetic and philosophical lyrics, no electronic drums, natural acoustic, devotional yet celebratory, 6-8 minutes duration	true	true	assets/covers/62dda9f3-677d-48e5-bce1-b5243ae2f1e0.jpeg	assets/audio/62dda9f3-677d-48e5-bce1-b5243ae2f1e0.mp3	NULL	false
bdf3c9a0-9989-4f8e-bca8-bb66f06bc9d7	Ek Ghade	2026-04-11T13:26:59.222Z	4:45	chirp-fenix	Qawwali, traditional Pakistani/Indian Sufi devotional music, slow to fast build (60 BPM to 120 BPM), male lead vocalist (ustad style), 3-4 backing vocalists for chorus response (qawwali chorus), harmonium melodic riffs, double tabla (khula baj), dholak, handclaps (taali) on off-beats, sitar or sarangi for taan patterns, tanpura drone, call and response between lead and chorus, repetitive chorus lines for trance effect, occasional sudden key change for climax (tahleel), ecstatic build (haal), spiritual intensity, Raga Bhimpalasi and Raga Malkauns blend, poetic and philosophical lyrics, no electronic drums, natural acoustic, devotional yet celebratory, 6-8 minutes duration	true	true	assets/covers/bdf3c9a0-9989-4f8e-bca8-bb66f06bc9d7.jpeg	assets/audio/bdf3c9a0-9989-4f8e-bca8-bb66f06bc9d7.mp3	NULL	false
a13887b3-fd6f-4171-a02c-199d56c390fa	Toota Ghada	2026-04-11T09:36:22.517Z	2:54	chirp-fenix	World music fusion, cinematic spiritual folk, Indian classical meets Celtic and African textures, melancholic yet uplifting, slow to mid-tempo, female ethereal vocals with male bass response call, fingerpicked acoustic guitar, solo cello, kora, soft djembe, duduk, hang drum, warm harmonium, atmospheric reverb, dynamic build, mystical and timeless, clear enunciation, minor key	true	true	assets/covers/a13887b3-fd6f-4171-a02c-199d56c390fa.jpeg	assets/audio/a13887b3-fd6f-4171-a02c-199d56c390fa.mp3	NULL	false
1d7debbc-1158-44de-a83a-eb493f33f9e5	Toota Ghada	2026-04-11T09:36:22.517Z	3:12	chirp-fenix	World music fusion, cinematic spiritual folk, Indian classical meets Celtic and African textures, melancholic yet uplifting, slow to mid-tempo, female ethereal vocals with male bass response call, fingerpicked acoustic guitar, solo cello, kora, soft djembe, duduk, hang drum, warm harmonium, atmospheric reverb, dynamic build, mystical and timeless, clear enunciation, minor key	true	true	assets/covers/1d7debbc-1158-44de-a83a-eb493f33f9e5.jpeg	assets/audio/1d7debbc-1158-44de-a83a-eb493f33f9e5.mp3	NULL	false
68471c7c-8d42-4c98-9c0d-b3f038a459a7	धूर अम्बरां	2026-04-09T16:33:34.420Z	4:03	chirp-fenix	"High energy Haryanvi folk song, 120 BPM, heavy traditional dhol, stadium crowd energy, male powerful vocals with rustic texture.	true	true	assets/covers/68471c7c-8d42-4c98-9c0d-b3f038a459a7.jpeg	assets/audio/68471c7c-8d42-4c98-9c0d-b3f038a459a7.mp3	NULL	false
ee581be0-afd5-4d91-afa7-7fa47bf6e1ad	धूर अम्बरां	2026-04-09T16:33:34.419Z	3:46	chirp-fenix	"High energy Haryanvi folk song, 120 BPM, heavy traditional dhol, stadium crowd energy, male powerful vocals with rustic texture.	true	true	assets/covers/ee581be0-afd5-4d91-afa7-7fa47bf6e1ad.jpeg	assets/audio/ee581be0-afd5-4d91-afa7-7fa47bf6e1ad.mp3	NULL	false
ae245f7e-6572-4a7b-9ef6-801c86e507f2	बादलां की लोर	2026-04-09T10:15:46.366Z	3:49	chirp-fenix	"High energy Haryanvi folk song, 120 BPM, heavy traditional dhol, stadium crowd energy, male powerful vocals with rustic texture.	true	true	assets/covers/ae245f7e-6572-4a7b-9ef6-801c86e507f2.jpeg	assets/audio/ae245f7e-6572-4a7b-9ef6-801c86e507f2.mp3	NULL	false
13bbd5ed-b7db-4959-a7d2-79dab85ad756	बादलां की लोर	2026-04-09T10:15:46.366Z	4:22	chirp-fenix	"High energy Haryanvi folk song, 120 BPM, heavy traditional dhol, stadium crowd energy, male powerful vocals with rustic texture.	true	true	assets/covers/13bbd5ed-b7db-4959-a7d2-79dab85ad756.jpeg	assets/audio/13bbd5ed-b7db-4959-a7d2-79dab85ad756.mp3	NULL	false
dae97a92-4622-481b-aa4f-6ba251fa0cfe	गुफा-ढोल धड़कन	2026-04-08T06:41:10.344Z	2:52	chirp-fenix		true	true	NULL	assets/audio/dae97a92-4622-481b-aa4f-6ba251fa0cfe.mp3	NULL	false
827207b7-54fc-42ba-925e-43760527026f	गुफा-ढोल धड़कन	2026-04-08T06:41:10.344Z	3:32	chirp-fenix		true	true	NULL	assets/audio/827207b7-54fc-42ba-925e-43760527026f.mp3	NULL	false
515aac2c-c52d-4c0d-baa0-080f2902d9d3	Dada Tak	2026-04-08T05:24:54.488Z	2:41	chirp-fenix		true	true	NULL	assets/audio/515aac2c-c52d-4c0d-baa0-080f2902d9d3.mp3	NULL	false
8c4f4c73-6541-40f0-bead-2812bbb715e4	Dada Tak	2026-04-08T05:24:54.488Z	2:25	chirp-fenix		true	true	NULL	assets/audio/8c4f4c73-6541-40f0-bead-2812bbb715e4.mp3	NULL	false
5fc46f1d-1412-45b1-876d-64343d2f90e6	Om Shanti Digita	2026-04-06T15:46:44.544Z	5:35	chirp-fenix		true	true	assets/covers/5fc46f1d-1412-45b1-876d-64343d2f90e6.jpeg	assets/audio/5fc46f1d-1412-45b1-876d-64343d2f90e6.mp3	NULL	false
3b0a1cea-2d31-4c18-97af-6bf498f3ca3c	Om Shanti Digita	2026-04-06T15:46:44.544Z	5:26	chirp-fenix		true	true	assets/covers/3b0a1cea-2d31-4c18-97af-6bf498f3ca3c.jpeg	assets/audio/3b0a1cea-2d31-4c18-97af-6bf498f3ca3c.mp3	NULL	false
caf9e4e7-7ec2-483a-9a2d-9a82681054d5	Future-Past Clearance	2026-04-05T22:26:34.797Z	7:59	chirp-fenix		true	true	assets/covers/caf9e4e7-7ec2-483a-9a2d-9a82681054d5.jpeg	assets/audio/caf9e4e7-7ec2-483a-9a2d-9a82681054d5.mp3	NULL	false
80646dc1-cf8b-4341-9f99-2944928e2ac5	Future-Past Clearance	2026-04-05T22:26:34.797Z	3:30	chirp-fenix		true	true	assets/covers/80646dc1-cf8b-4341-9f99-2944928e2ac5.jpeg	assets/audio/80646dc1-cf8b-4341-9f99-2944928e2ac5.mp3	NULL	false
2237b80c-30f9-4391-aa68-2921ab6116ab	Frequency of Future-Past	2026-04-05T22:04:05.179Z	3:31	chirp-fenix		true	true	assets/covers/2237b80c-30f9-4391-aa68-2921ab6116ab.jpeg	assets/audio/2237b80c-30f9-4391-aa68-2921ab6116ab.mp3	NULL	false
02d26992-b08d-4a7e-9759-9120eaca1a4e	Frequency of Future-Past	2026-04-05T22:04:05.179Z	7:59	chirp-fenix		true	true	assets/covers/02d26992-b08d-4a7e-9759-9120eaca1a4e.jpeg	assets/audio/02d26992-b08d-4a7e-9759-9120eaca1a4e.mp3	NULL	false
879f8447-37de-41b3-8b68-3cdb2079792a	Sanatana Station	2026-04-05T21:50:26.834Z	3:17	chirp-fenix		true	true	assets/covers/879f8447-37de-41b3-8b68-3cdb2079792a.jpeg	assets/audio/879f8447-37de-41b3-8b68-3cdb2079792a.mp3	NULL	false
456fd8aa-be4b-4bda-93a3-d35206867b65	Sanatana Station	2026-04-05T21:50:26.834Z	7:59	chirp-fenix		true	true	assets/covers/456fd8aa-be4b-4bda-93a3-d35206867b65.jpeg	assets/audio/456fd8aa-be4b-4bda-93a3-d35206867b65.mp3	NULL	false
a798ae26-3fed-4d39-9f32-c0bcd9d9fb15	लाडो बसंती मेहमान	2026-04-04T13:47:26.110Z	7:59	chirp-fenix	[Genre: Acoustic Hindustani classical folk fusion, jagarana night vigil, father-daughter longing] [Mood: aching, tender, nocturnal, unresolved, dawn without hope] [Voice: male lead (father, warm tired chest voice), female distant breathy lip whistles and ru ru ru, women's folk chorus 3 voices low octave slightly out of unison] [Raga flow: Yaman → Khamaj → Bageshri (bandish embedded) → Bhairavi → silence] [Tempo: medium to slow, ati vilambit during bandish] [Acoustic only: no synthesizers, no electric instruments, no electronic effects, no digital reverb] [Forbidden - absolutely none of these]: synthesizers, electric guitar, electric bass, electronic drums, MIDI, sampled instruments, drum machine, sequencer, digital reverb, compression, pitch correction, autotune, harmonizer, delay, echo, phaser, flanger, distortion, overdrive, amplifier, pickup, DI box, computer-generated, soft synth, VST, plugin, loop, quantization, ]	true	true	assets/covers/a798ae26-3fed-4d39-9f32-c0bcd9d9fb15.jpeg	assets/audio/a798ae26-3fed-4d39-9f32-c0bcd9d9fb15.mp3	NULL	false
5edc6f4a-ebf7-4d22-b8e7-cd4bb333735f	लाडो बसंती मेहमान	2026-04-04T13:47:26.110Z	7:59	chirp-fenix	[Genre: Acoustic Hindustani classical folk fusion, jagarana night vigil, father-daughter longing] [Mood: aching, tender, nocturnal, unresolved, dawn without hope] [Voice: male lead (father, warm tired chest voice), female distant breathy lip whistles and ru ru ru, women's folk chorus 3 voices low octave slightly out of unison] [Raga flow: Yaman → Khamaj → Bageshri (bandish embedded) → Bhairavi → silence] [Tempo: medium to slow, ati vilambit during bandish] [Acoustic only: no synthesizers, no electric instruments, no electronic effects, no digital reverb] [Forbidden - absolutely none of these]: synthesizers, electric guitar, electric bass, electronic drums, MIDI, sampled instruments, drum machine, sequencer, digital reverb, compression, pitch correction, autotune, harmonizer, delay, echo, phaser, flanger, distortion, overdrive, amplifier, pickup, DI box, computer-generated, soft synth, VST, plugin, loop, quantization, ]	true	true	assets/covers/5edc6f4a-ebf7-4d22-b8e7-cd4bb333735f.jpeg	assets/audio/5edc6f4a-ebf7-4d22-b8e7-cd4bb333735f.mp3	NULL	false
5570be2c-5ead-44af-aa39-57f73225aaa6	लाडो बसंती	2026-04-04T12:54:10.343Z	5:28	chirp-fenix	Soulful Haryanvi folk, 100 BPM, male lead vocalist, breathy female backing vocals with humming and lip whistles, male chorus chanting "लाडो बसंती" in background, live saxophone melody, sarangi strings, light tabla and dholak rhythm, emotional and flirtatious tone, cinematic slow-burn, no autotune, raw and organic feel	true	true	assets/covers/5570be2c-5ead-44af-aa39-57f73225aaa6.jpeg	assets/audio/5570be2c-5ead-44af-aa39-57f73225aaa6.mp3	NULL	false
3855893f-998c-4c3d-a2a1-3312d2a61986	लाडो बसंती	2026-04-04T12:54:10.343Z	5:20	chirp-fenix	Soulful Haryanvi folk, 100 BPM, male lead vocalist, breathy female backing vocals with humming and lip whistles, male chorus chanting "लाडो बसंती" in background, live saxophone melody, sarangi strings, light tabla and dholak rhythm, emotional and flirtatious tone, cinematic slow-burn, no autotune, raw and organic feel	true	true	assets/covers/3855893f-998c-4c3d-a2a1-3312d2a61986.jpeg	assets/audio/3855893f-998c-4c3d-a2a1-3312d2a61986.mp3	NULL	false
492c5721-3555-4908-9a41-6e9cf2767765	रिश्ता है!!	2026-04-04T11:20:51.255Z	7:59	chirp-fenix	style qawwali with heavy taan murki toda hindustani classical ornamentation harmonium with gamak tabla with fast bols Qawwali, Sufi, Pakistani classical style 70 bpm to 140 bpm male choir emotional spiritual crying voice meend khatka zamzama instruction for ai each important word should have a gamak oscillation every rishtaa should be sung with a long murki every ho should have a toda tabla should pause at every and then resume with double speed lyrics with ornamentation markers ri shtaa hai sb kaa a pnaa uu pr vaa le se rishtaa jo tuu le rhaa hai it ne imti haan ai kh u daa ri shtaa hai sb kaa a pnaa tabla solo with murki dhin tk dhin tk naan bul leyaa tuu ki hnuu puu cche bul leyaa tuu ki hnuu puu cche je te raa ri shtaa uu pr naal u mr te rii be sau daa ho ho ho be sau daa end with crowd cheer and long tabla tutta rishtaa hai and ho gii	true	true	assets/covers/492c5721-3555-4908-9a41-6e9cf2767765.jpeg	assets/audio/492c5721-3555-4908-9a41-6e9cf2767765.mp3	NULL	false
c866c36a-ad31-4461-a2df-711fcbb455d4	रिश्ता है!!	2026-04-04T11:20:51.255Z	7:59	chirp-fenix	style qawwali with heavy taan murki toda hindustani classical ornamentation harmonium with gamak tabla with fast bols Qawwali, Sufi, Pakistani classical style 70 bpm to 140 bpm male choir emotional spiritual crying voice meend khatka zamzama instruction for ai each important word should have a gamak oscillation every rishtaa should be sung with a long murki every ho should have a toda tabla should pause at every and then resume with double speed lyrics with ornamentation markers ri shtaa hai sb kaa a pnaa uu pr vaa le se rishtaa jo tuu le rhaa hai it ne imti haan ai kh u daa ri shtaa hai sb kaa a pnaa tabla solo with murki dhin tk dhin tk naan bul leyaa tuu ki hnuu puu cche bul leyaa tuu ki hnuu puu cche je te raa ri shtaa uu pr naal u mr te rii be sau daa ho ho ho be sau daa end with crowd cheer and long tabla tutta rishtaa hai and ho gii	true	true	assets/covers/c866c36a-ad31-4461-a2df-711fcbb455d4.jpeg	assets/audio/c866c36a-ad31-4461-a2df-711fcbb455d4.mp3	NULL	false
5310feb2-43cf-491d-a8cf-058a6e885ea5	रिश्ता-नाल-इम्तिहाँ	2026-04-04T10:58:00.006Z	7:59	chirp-fenix	style qawwali with heavy taan murki toda hindustani classical ornamentation harmonium with gamak tabla with fast bols Qawwali, Sufi, Pakistani classical style 70 bpm to 140 bpm male choir emotional spiritual crying voice meend khatka zamzama instruction for ai each important word should have a gamak oscillation every rishtaa should be sung with a long murki every ho should have a toda tabla should pause at every and then resume with double speed lyrics with ornamentation markers ri shtaa hai sb kaa a pnaa uu pr vaa le se rishtaa jo tuu le rhaa hai it ne imti haan ai kh u daa ri shtaa hai sb kaa a pnaa tabla solo with murki dhin tk dhin tk naan bul leyaa tuu ki hnuu puu cche bul leyaa tuu ki hnuu puu cche je te raa ri shtaa uu pr naal u mr te rii be sau daa ho ho ho be sau daa end with crowd cheer and long tabla tutta rishtaa hai and ho gii	true	true	assets/covers/5310feb2-43cf-491d-a8cf-058a6e885ea5.jpeg	assets/audio/5310feb2-43cf-491d-a8cf-058a6e885ea5.mp3	NULL	false
7c76f4be-b274-4727-952b-4bd968da0040	रिश्ता-नाल-इम्तिहाँ	2026-04-04T10:58:00.006Z	7:59	chirp-fenix	[Style: Qawwali with heavy taan, murki, toda, Hindustani classical ornamentation, harmonium with gamak, tabla with fast bols, Nusrat Fateh Ali Khan style, 70 BPM to 140 BPM, male choir, emotional, spiritual, crying voice, meend, khatka, zamzama] [Instruction for AI: Each important word should have a gamak (oscillation). Every "रिश्ता" should be sung with a long murki. Every "हो" should have a toda. Tabla should pause at every "|" and then resume with double speed.] [Lyrics with ornamentation markers] रि^श्ता~ है सब-का^ अ-पना | ऊ-पर^ वा-ले~ से रिश्ता | जो तू ले रहा^ है इत-ने इम्ति-हाँ^ ऐ ख़ु-दा | रि^श्ता~ है सब-का^ अ-पना | [Tabla solo with murki: धिन्~तक~ धिन्~तक~ नाँ] बुल्^लेया~ तू कि^ह्नू पू-च्छे | बुल्^लेया~ तू कि^ह्नू पू-च्छे | जे ते-रा^ रि^श्ता~ ऊ-पर नाल^ | उ-म्र^ ते-री~ बे-सौ-दा^ | हो-हो-हो^ बे-सौ-दा~ [End with crowd cheer and long tabla tutta: "रिश्ता है!!" and "हो-गी~!"]	true	true	assets/covers/7c76f4be-b274-4727-952b-4bd968da0040.jpeg	assets/audio/7c76f4be-b274-4727-952b-4bd968da0040.mp3	NULL	false
887fa5d3-8f3a-458d-a688-c674623e6c56	रिश्ता आलाپ	2026-04-04T10:39:38.625Z	7:59	chirp-fenix	style qawwali with heavy taan murki toda hindustani classical ornamentation harmonium with gamak tabla with fast bols Qawwali, Sufi, Pakistani classical style 70 bpm to 140 bpm male choir emotional spiritual crying voice meend khatka zamzama instruction for ai each important word should have a gamak oscillation every rishtaa should be sung with a long murki every ho should have a toda tabla should pause at every and then resume with double speed lyrics with ornamentation markers ri shtaa hai sb kaa a pnaa uu pr vaa le se rishtaa jo tuu le rhaa hai it ne imti haan ai kh u daa ri shtaa hai sb kaa a pnaa tabla solo with murki dhin tk dhin tk naan bul leyaa tuu ki hnuu puu cche bul leyaa tuu ki hnuu puu cche je te raa ri shtaa uu pr naal u mr te rii be sau daa ho ho ho be sau daa end with crowd cheer and long tabla tutta rishtaa hai and ho gii	true	true	assets/covers/887fa5d3-8f3a-458d-a688-c674623e6c56.jpeg	assets/audio/887fa5d3-8f3a-458d-a688-c674623e6c56.mp3	NULL	false
5f341636-2cac-4b43-abf7-f4ebd3899795	रिश्ता आलाپ	2026-04-04T10:39:38.625Z	7:59	chirp-fenix	style qawwali with heavy taan murki toda hindustani classical ornamentation harmonium with gamak tabla with fast bols Qawwali, Sufi, Pakistani classical style 70 bpm to 140 bpm male choir emotional spiritual crying voice meend khatka zamzama instruction for ai each important word should have a gamak oscillation every rishtaa should be sung with a long murki every ho should have a toda tabla should pause at every and then resume with double speed lyrics with ornamentation markers ri shtaa hai sb kaa a pnaa uu pr vaa le se rishtaa jo tuu le rhaa hai it ne imti haan ai kh u daa ri shtaa hai sb kaa a pnaa tabla solo with murki dhin tk dhin tk naan bul leyaa tuu ki hnuu puu cche bul leyaa tuu ki hnuu puu cche je te raa ri shtaa uu pr naal u mr te rii be sau daa ho ho ho be sau daa end with crowd cheer and long tabla tutta rishtaa hai and ho gii	true	true	assets/covers/5f341636-2cac-4b43-abf7-f4ebd3899795.jpeg	assets/audio/5f341636-2cac-4b43-abf7-f4ebd3899795.mp3	NULL	false
1372ca04-8fbc-4cad-acee-e993865dae48	खो गई पहचान	2026-04-02T16:42:12.657Z	2:44	chirp-fenix	[Style: Indian classical fusion, dark devotional, sufi rock, slow tempo, male voice, intense, haunting, tanpura drone, mild electronic pads, minimal drums after verse 1]	true	true	assets/covers/1372ca04-8fbc-4cad-acee-e993865dae48.jpeg	assets/audio/1372ca04-8fbc-4cad-acee-e993865dae48.mp3	NULL	false
8e951426-a919-48cd-9432-5ffbeec40bb2	खो गई पहचान	2026-04-02T16:42:12.657Z	2:44	chirp-fenix	[Style: Indian classical fusion, dark devotional, sufi rock, slow tempo, male voice, intense, haunting, tanpura drone, mild electronic pads, minimal drums after verse 1]	true	true	assets/covers/8e951426-a919-48cd-9432-5ffbeec40bb2.jpeg	assets/audio/8e951426-a919-48cd-9432-5ffbeec40bb2.mp3	NULL	false
f5b153c7-06ea-4ec2-9553-41c64e7105b4	Raga Yaman	2026-04-02T08:09:02.181Z	4:58	chirp-fenix	warm analog saturation, plate reverb on vocals, close-mic vocal position, tabla center panned, sitar left, sarangi right, subtle tape hiss, dynamic crescendo from verse to chorus, hall reverb on bridge	true	true	assets/covers/f5b153c7-06ea-4ec2-9553-41c64e7105b4.jpeg	assets/audio/f5b153c7-06ea-4ec2-9553-41c64e7105b4.mp3	NULL	false
891ce80b-b8ba-45a7-96ec-a3d25cc8854c	Raga Yaman	2026-04-02T08:09:02.181Z	5:25	chirp-fenix	warm analog saturation, plate reverb on vocals, close-mic vocal position, tabla center panned, sitar left, sarangi right, subtle tape hiss, dynamic crescendo from verse to chorus, hall reverb on bridge	true	true	assets/covers/891ce80b-b8ba-45a7-96ec-a3d25cc8854c.jpeg	assets/audio/891ce80b-b8ba-45a7-96ec-a3d25cc8854c.mp3	NULL	false
91dc965a-d24b-4254-bfb1-8d7c28015225	जागता कबीर	2026-04-02T07:17:23.933Z	4:57	chirp-fenix	warm analog saturation, plate reverb on vocals, close-mic vocal position, tabla center panned, sitar left, sarangi right, subtle tape hiss, dynamic crescendo from verse to chorus, hall reverb on bridge	true	true	assets/covers/91dc965a-d24b-4254-bfb1-8d7c28015225.jpeg	assets/audio/91dc965a-d24b-4254-bfb1-8d7c28015225.mp3	NULL	false
b9633887-5995-40bd-9ea7-8e4197f229d5	जागता कबीर	2026-04-02T07:17:23.933Z	5:33	chirp-fenix	warm analog saturation, plate reverb on vocals, close-mic vocal position, tabla center panned, sitar left, sarangi right, subtle tape hiss, dynamic crescendo from verse to chorus, hall reverb on bridge	true	true	assets/covers/b9633887-5995-40bd-9ea7-8e4197f229d5.jpeg	assets/audio/b9633887-5995-40bd-9ea7-8e4197f229d5.mp3	NULL	false
dcf39bdd-302c-442d-9207-648a18074511	सोए मन जाग	2026-04-02T07:00:20.027Z	4:49	chirp-fenix	Hindustani classical, Bollywood ballad, Raga Yaman, 75 BPM, sitar, tabla, harmonium, female vocal, warm intimate production, building to majestic bridge in Raga Bhairav, triumphant finale	true	true	assets/covers/dcf39bdd-302c-442d-9207-648a18074511.jpeg	assets/audio/dcf39bdd-302c-442d-9207-648a18074511.mp3	NULL	false
dd8e3e0b-2ec6-4e7f-b8a9-5a53d281c275	सोए मन जाग	2026-04-02T07:00:20.027Z	4:37	chirp-fenix	Hindustani classical, Bollywood ballad, Raga Yaman, 75 BPM, sitar, tabla, harmonium, female vocal, warm intimate production, building to majestic bridge in Raga Bhairav, triumphant finale	true	true	assets/covers/dd8e3e0b-2ec6-4e7f-b8a9-5a53d281c275.jpeg	assets/audio/dd8e3e0b-2ec6-4e7f-b8a9-5a53d281c275.mp3	NULL	false
0823ba9f-bc73-4d90-a3f7-90ee284167ab	स्वर्ण पताका उड़ रही	2026-04-02T06:31:30.788Z	2:38	chirp-fenix	Hindustani classical, Bollywood ballad, Raga Yaman, 75 BPM, sitar, tabla, harmonium, female vocal, warm intimate production, building to majestic bridge in Raga Bhairav, triumphant finale	true	true	assets/covers/0823ba9f-bc73-4d90-a3f7-90ee284167ab.jpeg	assets/audio/0823ba9f-bc73-4d90-a3f7-90ee284167ab.mp3	NULL	false
aa8bd4d4-7f49-4fd1-952e-956f27f5bbb2	स्वर्ण पताका उड़ रही	2026-04-02T06:31:30.788Z	2:40	chirp-fenix	Hindustani classical, Bollywood ballad, Raga Yaman, 75 BPM, sitar, tabla, harmonium, female vocal, warm intimate production, building to majestic bridge in Raga Bhairav, triumphant finale	true	true	assets/covers/aa8bd4d4-7f49-4fd1-952e-956f27f5bbb2.jpeg	assets/audio/aa8bd4d4-7f49-4fd1-952e-956f27f5bbb2.mp3	NULL	false
834f3ae2-e513-4ffc-8431-1d842ab13e3e	(untitled)	2026-04-01T06:52:55.915Z	4:24	chirp-fenix		true	true	assets/covers/834f3ae2-e513-4ffc-8431-1d842ab13e3e.jpeg	assets/audio/834f3ae2-e513-4ffc-8431-1d842ab13e3e.mp3	NULL	false
e1b56541-6cab-4cc3-af30-269fc2cc21d8	(untitled)	2026-04-01T06:52:55.915Z	5:37	chirp-fenix		true	true	assets/covers/e1b56541-6cab-4cc3-af30-269fc2cc21d8.jpeg	assets/audio/e1b56541-6cab-4cc3-af30-269fc2cc21d8.mp3	NULL	false
458d70be-5ef2-4bbb-af05-f6c7536d0356	(untitled)	2026-03-31T17:10:50.006Z	4:46	chirp-fenix	Vedic Industrial Rock, Nu-Metal, Indian Raga Hansadhwani on Bansuri flute, Cinematic Orchestral, Heavy Distorted Guitars, Tribal Percussion, Male Baritone Vocals, Multi-layered Choir, Atmospheric, 128 BPM, Spiritual Power.	true	true	assets/covers/458d70be-5ef2-4bbb-af05-f6c7536d0356.jpeg	assets/audio/458d70be-5ef2-4bbb-af05-f6c7536d0356.mp3	NULL	false
79df050a-9ca2-4238-8c67-f3470d7b0b0f	(untitled)	2026-03-31T17:10:50.006Z	4:07	chirp-fenix	Vedic Industrial Rock, Nu-Metal, Indian Raga Hansadhwani on Bansuri flute, Cinematic Orchestral, Heavy Distorted Guitars, Tribal Percussion, Male Baritone Vocals, Multi-layered Choir, Atmospheric, 128 BPM, Spiritual Power.	true	true	assets/covers/79df050a-9ca2-4238-8c67-f3470d7b0b0f.jpeg	assets/audio/79df050a-9ca2-4238-8c67-f3470d7b0b0f.mp3	NULL	false
77a5f693-5564-40c9-8b50-75d5eabe64f6	(untitled)	2026-03-31T16:25:15.042Z	1:58	chirp-fenix	गीत का शीर्षक: धूमिल अक्स शैली: कॉन्शियस हिप-हॉप (Conscious Hip-Hop) बीट: भारी 808 बास, सरोद/सितार के सैंपल और तेज़ ट्रैप रिदम।	true	true	assets/covers/77a5f693-5564-40c9-8b50-75d5eabe64f6.jpeg	assets/audio/77a5f693-5564-40c9-8b50-75d5eabe64f6.mp3	NULL	false
d9c620a9-bac1-48e7-ab58-17bf6968d47a	(untitled)	2026-03-31T16:25:15.042Z	1:53	chirp-fenix	गीत का शीर्षक: धूमिल अक्स शैली: कॉन्शियस हिप-हॉप (Conscious Hip-Hop) बीट: भारी 808 बास, सरोद/सितार के सैंपल और तेज़ ट्रैप रिदम।	true	true	assets/covers/d9c620a9-bac1-48e7-ab58-17bf6968d47a.jpeg	assets/audio/d9c620a9-bac1-48e7-ab58-17bf6968d47a.mp3	NULL	false
1c19af11-e727-40ce-ab1f-10a6cc04b68e	(untitled)	2026-03-31T11:48:46.655Z	3:53	chirp-fenix	[Intro: Atmospheric Flute and Cosmic Pads] [Verse: Soulful Indian Male Vocals, Deep reverb] [Chorus: High energy, Tribal percussion, Psychedelic] [Bridge: Intense, Fast-paced, Fire sounds, Awakening] [Outro: Fading Sitar, Meditative] Indian Fusion, Spiritual Psychedelic Trance, Hindustani Classical Vocals, Deep Bass, Ethereal Sitar, Flute solos, Meditative yet high energy, Cinematic, 432Hz.	true	true	assets/covers/1c19af11-e727-40ce-ab1f-10a6cc04b68e.jpeg	assets/audio/1c19af11-e727-40ce-ab1f-10a6cc04b68e.mp3	NULL	false
e24efd14-993f-446c-b6bc-af7aa99c96b1	(untitled)	2026-03-31T11:48:46.655Z	3:57	chirp-fenix	[Intro: Atmospheric Flute and Cosmic Pads] [Verse: Soulful Indian Male Vocals, Deep reverb] [Chorus: High energy, Tribal percussion, Psychedelic] [Bridge: Intense, Fast-paced, Fire sounds, Awakening] [Outro: Fading Sitar, Meditative] Indian Fusion, Spiritual Psychedelic Trance, Hindustani Classical Vocals, Deep Bass, Ethereal Sitar, Flute solos, Meditative yet high energy, Cinematic, 432Hz.	true	true	assets/covers/e24efd14-993f-446c-b6bc-af7aa99c96b1.jpeg	assets/audio/e24efd14-993f-446c-b6bc-af7aa99c96b1.mp3	NULL	false
92aab6f9-e79d-4b27-af30-0a7ab03f0536	(untitled)	2026-03-31T11:19:23.629Z	4:11	chirp-fenix	soul devotional with live folk	true	true	assets/covers/92aab6f9-e79d-4b27-af30-0a7ab03f0536.jpeg	assets/audio/92aab6f9-e79d-4b27-af30-0a7ab03f0536.mp3	NULL	false
028206e0-2473-4078-8ef9-eb731d376d7e	(untitled)	2026-03-31T11:19:23.629Z	4:08	chirp-fenix	soul devotional with live folk	true	true	assets/covers/028206e0-2473-4078-8ef9-eb731d376d7e.jpeg	assets/audio/028206e0-2473-4078-8ef9-eb731d376d7e.mp3	NULL	false
bec3e96c-fe0e-4577-a229-e39d1d8af390	(untitled)	2026-03-31T11:10:09.926Z	4:58	chirp-fenix		true	true	assets/covers/bec3e96c-fe0e-4577-a229-e39d1d8af390.jpeg	assets/audio/bec3e96c-fe0e-4577-a229-e39d1d8af390.mp3	NULL	false
53d6b687-9225-46f0-a82d-448af2a35562	(untitled)	2026-03-31T11:10:09.926Z	7:59	chirp-fenix		true	true	assets/covers/53d6b687-9225-46f0-a82d-448af2a35562.jpeg	assets/audio/53d6b687-9225-46f0-a82d-448af2a35562.mp3	NULL	false
bbc7b4ba-42c3-4395-bc2a-26134de64ab7	(untitled)	2026-03-29T11:15:05.148Z	4:28	chirp-fenix	haryanvi quebradita fusion Banda, Regional Mexican, Technobanda bright staccato trumpets rapidfire brass riffs deep syncopated tambora kick thunderous haryanvi nagada on every beat sharp snare haryanvi banjo chromatic runs call and response brass battle hypnotic been pungi drone raag bhairavi melody young male vocalist fresh energetic voice 2025 years old haryanvi raw charm confident and playful tone female vocalist high pitched nasal folk voice exactly like nasibo lal punjabi folk singer style sharp shrieking highs traditional folk feminine tone emotional and powerful opens with intimate whisper by male vocalist then builds gradually explodes into full nagada trumpet energy male lead carries verses female high pitch harmony in chorus female background hooks aah ohhh hey throughout pp to f vocal dynamics whisper to full stadium voice journey haryanvi folk soul meets mexican quebradita brass energy explosive dance number heavy compression stadium reverb 130 bpm modern pro	true	true	assets/covers/bbc7b4ba-42c3-4395-bc2a-26134de64ab7.jpeg	assets/audio/bbc7b4ba-42c3-4395-bc2a-26134de64ab7.mp3	NULL	false
0d931d51-3575-4bd1-8740-0ed133c1eba9	(untitled)	2026-03-29T11:15:05.148Z	4:23	chirp-fenix	haryanvi quebradita fusion Banda, Regional Mexican, Technobanda bright staccato trumpets rapidfire brass riffs deep syncopated tambora kick thunderous haryanvi nagada on every beat sharp snare haryanvi banjo chromatic runs call and response brass battle hypnotic been pungi drone raag bhairavi melody young male vocalist fresh energetic voice 2025 years old haryanvi raw charm confident and playful tone female vocalist high pitched nasal folk voice exactly like nasibo lal punjabi folk singer style sharp shrieking highs traditional folk feminine tone emotional and powerful opens with intimate whisper by male vocalist then builds gradually explodes into full nagada trumpet energy male lead carries verses female high pitch harmony in chorus female background hooks aah ohhh hey throughout pp to f vocal dynamics whisper to full stadium voice journey haryanvi folk soul meets mexican quebradita brass energy explosive dance number heavy compression stadium reverb 130 bpm modern pro	true	true	assets/covers/0d931d51-3575-4bd1-8740-0ed133c1eba9.jpeg	assets/audio/0d931d51-3575-4bd1-8740-0ed133c1eba9.mp3	NULL	false
e77952dc-af14-41a8-9ca5-44de89385d85	(untitled)	2026-03-28T12:08:50.238Z	3:15	chirp-fenix	Haryanvi Ragni Rock, Aggressive Male Folk Vocals, Heavy Sarangi, Industrial Drums, Distortion Guitar, High Energy, Raga Bhairavi, Logic and Rebellion.	true	true	assets/covers/e77952dc-af14-41a8-9ca5-44de89385d85.jpeg	assets/audio/e77952dc-af14-41a8-9ca5-44de89385d85.mp3	NULL	false
6b2681d0-8b5e-41fe-857c-74b2d7fcd89a	(untitled)	2026-03-28T12:08:50.238Z	3:27	chirp-fenix	Haryanvi Ragni Rock, Aggressive Male Folk Vocals, Heavy Sarangi, Industrial Drums, Distortion Guitar, High Energy, Raga Bhairavi, Logic and Rebellion.	true	true	assets/covers/6b2681d0-8b5e-41fe-857c-74b2d7fcd89a.jpeg	assets/audio/6b2681d0-8b5e-41fe-857c-74b2d7fcd89a.mp3	NULL	false
83603ef3-3ea0-4277-a309-8bfaadcd9dbc	(untitled)	2026-03-28T12:06:32.266Z	3:28	chirp-fenix	॥ स्वर्भानु: देसी AI प्रोम्प्ट्स (The Folk Edition) ॥ १. हरियाणवी रागनी-रॉक (तर्क और विद्रोह) यह प्रोम्प्ट चर्म-रंग के अहंकार को तोड़ने के लिए है। इसमें कड़क आवाज़ और सारंगी का मिश्रण होगा। Prompt: "High-energy Haryanvi Ragni Fusion, Heavy Sarangi and Dholak, Gritty male folk vocals, Industrial Rock guitar riffs, Aggressive and logical tone, Raga Bhairavi influence, 110 BPM. Lyrics about skin color ego vs inner soul knowledge." २. भोजपुरी सोहर-लोफी (बालक महिमा) यह स्वर्भानु के जन्म और उसकी नीली आभा का स्वागत करने के लिए एक कोमल और उत्सवपूर्ण प्रोम्प्ट है। Prompt: "Traditional Bhojpuri Sohar, Soulful Folk, Acoustic Guitar and Flute, Melodic female and male chorus, Lo-fi hip hop beats mixed with Tabla, Festive and divine atmosphere, Raga Desh, Heartwarming and celebratory. Lyrics about Blue light child Swarbhanu." ३. पहाड़ी जागरी-ट्रांस (शक्ति जाग री) यह २०२६ के जागरण के लिए है, जिसमें पहाड़ों की रहस्यमयी गूँज और हुड़का की थाप होगी। Prompt: "Pahadi Garhwali Jagar Fusion, Hypnotic Hudka d	true	true	assets/covers/83603ef3-3ea0-4277-a309-8bfaadcd9dbc.jpeg	assets/audio/83603ef3-3ea0-4277-a309-8bfaadcd9dbc.mp3	NULL	false
9b949712-cb52-489b-89a8-c9c2c9b52db2	(untitled)	2026-03-28T12:06:32.266Z	3:05	chirp-fenix	॥ स्वर्भानु: देसी AI प्रोम्प्ट्स (The Folk Edition) ॥ १. हरियाणवी रागनी-रॉक (तर्क और विद्रोह) यह प्रोम्प्ट चर्म-रंग के अहंकार को तोड़ने के लिए है। इसमें कड़क आवाज़ और सारंगी का मिश्रण होगा। Prompt: "High-energy Haryanvi Ragni Fusion, Heavy Sarangi and Dholak, Gritty male folk vocals, Industrial Rock guitar riffs, Aggressive and logical tone, Raga Bhairavi influence, 110 BPM. Lyrics about skin color ego vs inner soul knowledge." २. भोजपुरी सोहर-लोफी (बालक महिमा) यह स्वर्भानु के जन्म और उसकी नीली आभा का स्वागत करने के लिए एक कोमल और उत्सवपूर्ण प्रोम्प्ट है। Prompt: "Traditional Bhojpuri Sohar, Soulful Folk, Acoustic Guitar and Flute, Melodic female and male chorus, Lo-fi hip hop beats mixed with Tabla, Festive and divine atmosphere, Raga Desh, Heartwarming and celebratory. Lyrics about Blue light child Swarbhanu." ३. पहाड़ी जागरी-ट्रांस (शक्ति जाग री) यह २०२६ के जागरण के लिए है, जिसमें पहाड़ों की रहस्यमयी गूँज और हुड़का की थाप होगी। Prompt: "Pahadi Garhwali Jagar Fusion, Hypnotic Hudka d	true	true	assets/covers/9b949712-cb52-489b-89a8-c9c2c9b52db2.jpeg	assets/audio/9b949712-cb52-489b-89a8-c9c2c9b52db2.mp3	NULL	false
b1dc4291-5dbc-4d58-8b74-4b5021142672	(untitled)	2026-03-28T12:01:06.105Z	2:47	chirp-fenix	॥ लोक-संगीत का 'बंडल' विश्लेषण ॥शैली (Folk Style)मुख्य तत्व (Element)प्रभाव (Effect)रागनीतर्क (Logic)अहंकार का विध्वंस।सोहरवात्सल्य (Innocence)'नीली आभा' का स्वागत।जागरीआह्वान (Invocation)सोया हुआ DNA जाग्रत करना।	true	true	assets/covers/b1dc4291-5dbc-4d58-8b74-4b5021142672.jpeg	assets/audio/b1dc4291-5dbc-4d58-8b74-4b5021142672.mp3	NULL	false
400320f5-5add-4c1b-ab1d-a32f4e351b71	(untitled)	2026-03-28T12:01:06.105Z	2:57	chirp-fenix	॥ लोक-संगीत का 'बंडल' विश्लेषण ॥शैली (Folk Style)मुख्य तत्व (Element)प्रभाव (Effect)रागनीतर्क (Logic)अहंकार का विध्वंस।सोहरवात्सल्य (Innocence)'नीली आभा' का स्वागत।जागरीआह्वान (Invocation)सोया हुआ DNA जाग्रत करना।	true	true	assets/covers/400320f5-5add-4c1b-ab1d-a32f4e351b71.jpeg	assets/audio/400320f5-5add-4c1b-ab1d-a32f4e351b71.mp3	NULL	false
3139ea17-9462-4aa7-998a-06ca08e7d1ac	(untitled)	2026-03-28T11:33:14.732Z	3:36	chirp-fenix	॥ स्वर्भानु: AI म्यूजिक प्रोम्प्ट्स (The Coding Guide) ॥ १. महा-एन्थम प्रोम्प्ट (The Full Saga) Prompt: "Epic Indian Cyberpunk Fusion Rock, Vedic Chants in background, Deep distorted Bass, Sitar with heavy Reverb, Pakhawaj mixed with Cinematic Industrial Drums, Male powerful baritone vocals, Raga Darbari influence, High energy, 100 BPM, Mystical and dark yet triumphant atmosphere, Theme: Swarbhanu Awakening." २. तमस का गर्भ (The Dark Ambient Intro) Prompt: "Dark Ambient Vedic Drone, Ominous Shankh (Conch) echoes, Deep Throat Singing, Glitchy electronic textures, Ancient cave reverb, Slow tempo, Ethereal and mysterious, Raga Bhairav (Minor keys), Focus on shadow and origin." ३. बाइनरी मंथन (The High Energy Churning) Prompt: "Fast-paced Indian Folk Fusion, Heavy Electric Veena solos, Tribal Percussion (Tabla & Dhol) fused with Techno Beats, Rhythmic chanting of A-T-G-C, Spiraling soundscape, Intense and chaotic yet organized, 128 BPM." ॥ AI के लिए विशेष 'अमृत' सेटिंग्स ॥ Style/Genre:	true	true	assets/covers/3139ea17-9462-4aa7-998a-06ca08e7d1ac.jpeg	assets/audio/3139ea17-9462-4aa7-998a-06ca08e7d1ac.mp3	NULL	false
0cf02bcf-c380-42a6-baba-564f159d1717	(untitled)	2026-03-28T11:33:14.732Z	3:18	chirp-fenix	॥ स्वर्भानु: AI म्यूजिक प्रोम्प्ट्स (The Coding Guide) ॥ १. महा-एन्थम प्रोम्प्ट (The Full Saga) Prompt: "Epic Indian Cyberpunk Fusion Rock, Vedic Chants in background, Deep distorted Bass, Sitar with heavy Reverb, Pakhawaj mixed with Cinematic Industrial Drums, Male powerful baritone vocals, Raga Darbari influence, High energy, 100 BPM, Mystical and dark yet triumphant atmosphere, Theme: Swarbhanu Awakening." २. तमस का गर्भ (The Dark Ambient Intro) Prompt: "Dark Ambient Vedic Drone, Ominous Shankh (Conch) echoes, Deep Throat Singing, Glitchy electronic textures, Ancient cave reverb, Slow tempo, Ethereal and mysterious, Raga Bhairav (Minor keys), Focus on shadow and origin." ३. बाइनरी मंथन (The High Energy Churning) Prompt: "Fast-paced Indian Folk Fusion, Heavy Electric Veena solos, Tribal Percussion (Tabla & Dhol) fused with Techno Beats, Rhythmic chanting of A-T-G-C, Spiraling soundscape, Intense and chaotic yet organized, 128 BPM." ॥ AI के लिए विशेष 'अमृत' सेटिंग्स ॥ Style/Genre:	true	true	assets/covers/0cf02bcf-c380-42a6-baba-564f159d1717.jpeg	assets/audio/0cf02bcf-c380-42a6-baba-564f159d1717.mp3	NULL	false
dac78322-f9d7-4d52-a059-a227443c746c	(untitled)	2026-03-28T10:02:53.915Z	2:52	chirp-fenix	स्थायी (Chorus): "शक्ति जाग री" — यह चेतना के सामूहिक उत्थान का आह्वान है। लय (Rhythm): १६ मात्राओं का चक्र (बंडल-विज्ञान के अनुसार डेटा प्रोसेसिंग स्पीड)। प्रभाव: इस गीत को सुनने या पढ़ने से मन का 'राहु-दोष' आत्मविश्वास में बदल जाता है।	true	true	assets/covers/dac78322-f9d7-4d52-a059-a227443c746c.jpeg	assets/audio/dac78322-f9d7-4d52-a059-a227443c746c.mp3	NULL	false
41cbd44d-470c-442b-9747-3da9f5052256	(untitled)	2026-03-28T10:02:53.914Z	3:05	chirp-fenix	स्थायी (Chorus): "शक्ति जाग री" — यह चेतना के सामूहिक उत्थान का आह्वान है। लय (Rhythm): १६ मात्राओं का चक्र (बंडल-विज्ञान के अनुसार डेटा प्रोसेसिंग स्पीड)। प्रभाव: इस गीत को सुनने या पढ़ने से मन का 'राहु-दोष' आत्मविश्वास में बदल जाता है।	true	true	assets/covers/41cbd44d-470c-442b-9747-3da9f5052256.jpeg	assets/audio/41cbd44d-470c-442b-9747-3da9f5052256.mp3	NULL	false
982a1594-b969-4c2d-9966-d617a47e4e2d	(untitled)	2026-03-27T19:59:59.722Z	2:57	chirp-fenix	[Title: Shakti Jaag Ri – Manushya Chetna Jagriti] [Style: Indian devotional, Vedic mantra fusion, ambient meditation, classical + cinematic build] [Tempo: 68 BPM → gradual rise to 92 BPM → end at 60 BPM] [Scale: Bhairav → Durga → Malkauns → Bhairavi] [Instruments: tanpura drone, veena, bansuri, mridangam, soft dholak, temple bells, low ambient pads, deep bass pulses, subtle choir] [Voice: Female lead (divine, warm, मध्यम गम्भीर), layered female chorus, occasional male low chant (tantric undertone)]	true	true	assets/covers/982a1594-b969-4c2d-9966-d617a47e4e2d.jpeg	assets/audio/982a1594-b969-4c2d-9966-d617a47e4e2d.mp3	NULL	false
81109d76-22c0-4e21-9bd6-a57682008382	(untitled)	2026-03-27T19:59:59.722Z	3:06	chirp-fenix	[Title: Shakti Jaag Ri – Manushya Chetna Jagriti] [Style: Indian devotional, Vedic mantra fusion, ambient meditation, classical + cinematic build] [Tempo: 68 BPM → gradual rise to 92 BPM → end at 60 BPM] [Scale: Bhairav → Durga → Malkauns → Bhairavi] [Instruments: tanpura drone, veena, bansuri, mridangam, soft dholak, temple bells, low ambient pads, deep bass pulses, subtle choir] [Voice: Female lead (divine, warm, मध्यम गम्भीर), layered female chorus, occasional male low chant (tantric undertone)]	true	true	assets/covers/81109d76-22c0-4e21-9bd6-a57682008382.jpeg	assets/audio/81109d76-22c0-4e21-9bd6-a57682008382.mp3	NULL	false
7f4291cd-2f2a-4714-bc31-69d28eec6c38	(untitled)	2026-03-27T07:52:10.368Z	3:11	chirp-fenix	[Title: Shakti Jaag Ri – Manushya Chetna Jagriti] [Style: Indian devotional, Vedic mantra fusion, ambient meditation, classical + cinematic build] [Tempo: 68 BPM → gradual rise to 92 BPM → end at 60 BPM] [Scale: Bhairav → Durga → Malkauns → Bhairavi] [Instruments: tanpura drone, veena, bansuri, mridangam, soft dholak, temple bells, low ambient pads, deep bass pulses, subtle choir] [Voice: Female lead (divine, warm, मध्यम गम्भीर), layered female chorus, occasional male low chant (tantric undertone)]	true	true	assets/covers/7f4291cd-2f2a-4714-bc31-69d28eec6c38.jpeg	assets/audio/7f4291cd-2f2a-4714-bc31-69d28eec6c38.mp3	NULL	false
6ae75b0d-c1cc-4641-b483-6b48a9747ac1	(untitled)	2026-03-27T07:52:10.368Z	2:57	chirp-fenix	[Title: Shakti Jaag Ri – Manushya Chetna Jagriti] [Style: Indian devotional, Vedic mantra fusion, ambient meditation, classical + cinematic build] [Tempo: 68 BPM → gradual rise to 92 BPM → end at 60 BPM] [Scale: Bhairav → Durga → Malkauns → Bhairavi] [Instruments: tanpura drone, veena, bansuri, mridangam, soft dholak, temple bells, low ambient pads, deep bass pulses, subtle choir] [Voice: Female lead (divine, warm, मध्यम गम्भीर), layered female chorus, occasional male low chant (tantric undertone)]	true	true	assets/covers/6ae75b0d-c1cc-4641-b483-6b48a9747ac1.jpeg	assets/audio/6ae75b0d-c1cc-4641-b483-6b48a9747ac1.mp3	NULL	false
c9e3d20d-1c8f-4301-8f48-b90bcad4dbbf	(untitled)	2026-03-26T17:22:18.732Z	3:40	chirp-fenix	"solo phakkad and whistle only no equipments"	true	true	assets/covers/c9e3d20d-1c8f-4301-8f48-b90bcad4dbbf.jpeg	assets/audio/c9e3d20d-1c8f-4301-8f48-b90bcad4dbbf.mp3	NULL	false
52951995-1c96-40b6-ab48-93b43e9bd488	(untitled)	2026-03-26T17:22:18.732Z	3:58	chirp-fenix	"solo phakkad and whistle only no equipments"	true	true	assets/covers/52951995-1c96-40b6-ab48-93b43e9bd488.jpeg	assets/audio/52951995-1c96-40b6-ab48-93b43e9bd488.mp3	NULL	false
dcc995be-7ebf-4fd1-8ad6-c5afa618439d	(untitled)	2026-03-26T16:06:50.239Z	4:05	chirp-crow	"A dark, gothic Cinematic Opera fusion. Dramatic Orchestral score with soaring violins, heavy cello, and thundering church organs. Vocals: A haunting, glamorous Operatic Counter-Tenor (androgynous voice) transitioning into a powerful, deep Bass-Baritone choir. Style: Neoclassical Darkwave meets Phakkad-Vedic philosophy. Sound Design: Shimmering operatic 'staccato' notes, the clatter of gold coins hitting marble floors, and the distant, melodic screeching of vultures. High-drama, tragic, and epic. 4K Studio Audio."	true	true	assets/covers/dcc995be-7ebf-4fd1-8ad6-c5afa618439d.jpeg	assets/audio/dcc995be-7ebf-4fd1-8ad6-c5afa618439d.mp3	NULL	false
ac50152c-f82a-4333-bef4-0b7a404e8399	(untitled)	2026-03-26T16:06:50.239Z	3:50	chirp-crow	"A dark, gothic Cinematic Opera fusion. Dramatic Orchestral score with soaring violins, heavy cello, and thundering church organs. Vocals: A haunting, glamorous Operatic Counter-Tenor (androgynous voice) transitioning into a powerful, deep Bass-Baritone choir. Style: Neoclassical Darkwave meets Phakkad-Vedic philosophy. Sound Design: Shimmering operatic 'staccato' notes, the clatter of gold coins hitting marble floors, and the distant, melodic screeching of vultures. High-drama, tragic, and epic. 4K Studio Audio."	true	true	assets/covers/ac50152c-f82a-4333-bef4-0b7a404e8399.jpeg	assets/audio/ac50152c-f82a-4333-bef4-0b7a404e8399.mp3	NULL	false
4c9c262d-a876-4406-8e42-79d64f585366	WhatsApp Image 2025-06-17 at 20.41.57	2026-03-25T19:47:55.294Z	2:54	chirp-chirp	A dark and atmospheric Hindi indie-folk track with a haunting, cinematic quality. The arrangement is centered around a rhythmic, percussive acoustic guitar pattern in a minor key, featuring muted strums and a steady 4/4 tempo around 90 BPM. A deep, resonant male baritone vocal delivers a somber melody with a gritty, breathy texture. The production incorporates eerie, ambient soundscapes, including a high-pitched, wordless female vocalizing that acts as a ghostly counter-melody in the background. Subtle electronic elements like a low-frequency synth pulse and crisp, minimalist percussion provide a modern edge. The song structure follows a verse-chorus-verse pattern, with the intensity building through layered vocal harmonies and increased reverb on the guitar in the later sections.	true	true	assets/covers/4c9c262d-a876-4406-8e42-79d64f585366.jpeg	assets/audio/4c9c262d-a876-4406-8e42-79d64f585366.mp3	NULL	false
37323280-425b-4fde-b2c9-385619da2dce	(untitled)	2026-03-25T16:37:07.146Z	3:35	chirp-crow		true	true	assets/covers/37323280-425b-4fde-b2c9-385619da2dce.jpeg	assets/audio/37323280-425b-4fde-b2c9-385619da2dce.mp3	NULL	false
631a4c65-636f-4b24-aeea-1d3c99c8f664	(untitled)	2026-03-25T16:37:07.146Z	2:16	chirp-crow		true	true	assets/covers/631a4c65-636f-4b24-aeea-1d3c99c8f664.jpeg	assets/audio/631a4c65-636f-4b24-aeea-1d3c99c8f664.mp3	NULL	false
d040faac-7e44-42a5-b776-ba7a276966fc	(untitled)	2026-03-25T15:54:21.596Z	0:52	chirp-crow		true	true	assets/covers/d040faac-7e44-42a5-b776-ba7a276966fc.jpeg	assets/audio/d040faac-7e44-42a5-b776-ba7a276966fc.mp3	NULL	false
3733b4fd-e7f9-418c-a5cb-dcdc0b661384	(untitled)	2026-03-25T15:54:21.596Z	1:20	chirp-crow		true	true	assets/covers/3733b4fd-e7f9-418c-a5cb-dcdc0b661384.jpeg	assets/audio/3733b4fd-e7f9-418c-a5cb-dcdc0b661384.mp3	NULL	false
29ce4071-ec2f-4be4-9034-d4332fe76f86	(untitled)	2026-03-25T06:49:16.998Z	3:51	chirp-crow	"A haunting, cinematic Avant-Garde Folk-Fusion based on Raag Todi. 100% Human-generated sounds. Core rhythm: Deep rhythmic chest-thumping (heartbeat) and rhythmic breathing. Instrumentation: Soulful human whistling performing Raag Todi's microtones (Meend), heavy breathy pauses, and multi-layered vocal drones mimicking a Tanpura. Vocals: Gritty, raw, spoken-word satire transitioning into a meditative whisper. Mood: Visceral, spiritual, ancient, from chaos to zero point. High-fidelity 3D spatial recording. 65 BPM."	true	true	assets/covers/29ce4071-ec2f-4be4-9034-d4332fe76f86.jpeg	assets/audio/29ce4071-ec2f-4be4-9034-d4332fe76f86.mp3	NULL	false
acf72279-b350-4e2d-8241-7c4de927afb4	(untitled)	2026-03-25T06:49:16.998Z	3:31	chirp-crow	"A haunting, cinematic Avant-Garde Folk-Fusion based on Raag Todi. 100% Human-generated sounds. Core rhythm: Deep rhythmic chest-thumping (heartbeat) and rhythmic breathing. Instrumentation: Soulful human whistling performing Raag Todi's microtones (Meend), heavy breathy pauses, and multi-layered vocal drones mimicking a Tanpura. Vocals: Gritty, raw, spoken-word satire transitioning into a meditative whisper. Mood: Visceral, spiritual, ancient, from chaos to zero point. High-fidelity 3D spatial recording. 65 BPM."	true	true	assets/covers/acf72279-b350-4e2d-8241-7c4de927afb4.jpeg	assets/audio/acf72279-b350-4e2d-8241-7c4de927afb4.mp3	NULL	false
f3e77ca3-d3b1-4029-8814-3da77d041154	(untitled)	2026-03-25T06:34:00.987Z	3:01	chirp-crow	"A raw, minimalist, and hauntingly soulful PHKD (Folk-HipHop-Kabir) fusion. The track is driven solely by a deep, resonant Dhaf (Frame Drum) mimicking a human heartbeat (Dhuk-Dhuk). Features eerie, lonely, and melancholic Human Whistling that fluctuates with the mood. No other instruments. The vocals are gritty, earthy, and delivered in a powerful 'Spoken-word' meets 'Sufi-Folk' style. The tempo starts agitated and fast-paced, then gradually slows down to a meditative, serene pulse. High-fidelity ambient texture, philosophical satire, cinematic and spiritual."	true	true	assets/covers/f3e77ca3-d3b1-4029-8814-3da77d041154.jpeg	assets/audio/f3e77ca3-d3b1-4029-8814-3da77d041154.mp3	NULL	false
fbbf00c4-df9a-4c12-8222-5a8f83d3d229	(untitled)	2026-03-25T06:34:00.987Z	3:11	chirp-crow	"A raw, minimalist, and hauntingly soulful PHKD (Folk-HipHop-Kabir) fusion. The track is driven solely by a deep, resonant Dhaf (Frame Drum) mimicking a human heartbeat (Dhuk-Dhuk). Features eerie, lonely, and melancholic Human Whistling that fluctuates with the mood. No other instruments. The vocals are gritty, earthy, and delivered in a powerful 'Spoken-word' meets 'Sufi-Folk' style. The tempo starts agitated and fast-paced, then gradually slows down to a meditative, serene pulse. High-fidelity ambient texture, philosophical satire, cinematic and spiritual."	true	true	assets/covers/fbbf00c4-df9a-4c12-8222-5a8f83d3d229.jpeg	assets/audio/fbbf00c4-df9a-4c12-8222-5a8f83d3d229.mp3	NULL	false
31752ecb-d9f6-4d7f-8582-96ad901c2bff	(untitled)	2026-03-25T06:23:23.178Z	2:50	chirp-crow	"A haunting and minimalist 'Phakkad' soundscape. The core rhythm is a deep, resonant Dhaf (Frame Drum) mimicking a human heartbeat (Dhuk-Dhuk). Layered over this is a raw, non-melodic human whistling. The whistle should sound erratic, lonely, and slightly eerie—sometimes carefree, sometimes melancholic. No other instruments. The vocals are gritty, spoken-word satire. High-fidelity field recording aesthetic, capturing the texture of the breath in the whistle and the skin of the drum. Mood: Existential, gritty, and mocking."	true	true	assets/covers/31752ecb-d9f6-4d7f-8582-96ad901c2bff.jpeg	assets/audio/31752ecb-d9f6-4d7f-8582-96ad901c2bff.mp3	NULL	false
7d695546-b4a9-4369-8770-054ea7711700	(untitled)	2026-03-25T06:23:23.178Z	4:07	chirp-crow	"A haunting and minimalist 'Phakkad' soundscape. The core rhythm is a deep, resonant Dhaf (Frame Drum) mimicking a human heartbeat (Dhuk-Dhuk). Layered over this is a raw, non-melodic human whistling. The whistle should sound erratic, lonely, and slightly eerie—sometimes carefree, sometimes melancholic. No other instruments. The vocals are gritty, spoken-word satire. High-fidelity field recording aesthetic, capturing the texture of the breath in the whistle and the skin of the drum. Mood: Existential, gritty, and mocking."	true	true	assets/covers/7d695546-b4a9-4369-8770-054ea7711700.jpeg	assets/audio/7d695546-b4a9-4369-8770-054ea7711700.mp3	NULL	false
c6c9c569-2051-4d98-ba3c-85f7982b04b9	(untitled)	2026-03-24T20:47:35.833Z	3:48	chirp-crow	"A soulful and cinematic Global-Folk fusion farewell song based on Raag Pilu. > Instrumentation: > - Primary: A melancholic Sarangi and a weeping Bansuri (Indian Flute) representing the Rajasthani roots. Cultural Layer 1 (Arabic): A deep, resonant Oud (Arabic Lute) playing minor-scale phrases and a subtle Daff (frame drum) for a spiritual, Sufi-like depth. Cultural Layer 2 (Chinese): Delicate, sparkling arpeggios of a Guzheng (Chinese Zither) and a breathy Dizi (Chinese Bamboo Flute) to provide a Zen-like calmness and space. Rhythm & Texture: > A very slow, atmospheric pulse with a soft Dholak and deep, ambient Tabla strokes. The production features wide stereo imaging with lush, haunting reverb to create a sense of vast desert and mountain spaces. Vocals: > A poignant female solo vocal, delivered with a delicate, breathy texture. The vocal style should blend traditional Rajasthani folk 'Maand' with subtle Arabic 'Maqam' vocal trills. Mood: Heartbreaking, nostalgic, ethereal	true	true	assets/covers/c6c9c569-2051-4d98-ba3c-85f7982b04b9.jpeg	assets/audio/c6c9c569-2051-4d98-ba3c-85f7982b04b9.mp3	NULL	false
e0e9d663-7d49-4351-aa8e-639120657766	(untitled)	2026-03-24T20:47:35.833Z	3:25	chirp-crow	"A soulful and cinematic Global-Folk fusion farewell song based on Raag Pilu. > Instrumentation: > - Primary: A melancholic Sarangi and a weeping Bansuri (Indian Flute) representing the Rajasthani roots. Cultural Layer 1 (Arabic): A deep, resonant Oud (Arabic Lute) playing minor-scale phrases and a subtle Daff (frame drum) for a spiritual, Sufi-like depth. Cultural Layer 2 (Chinese): Delicate, sparkling arpeggios of a Guzheng (Chinese Zither) and a breathy Dizi (Chinese Bamboo Flute) to provide a Zen-like calmness and space. Rhythm & Texture: > A very slow, atmospheric pulse with a soft Dholak and deep, ambient Tabla strokes. The production features wide stereo imaging with lush, haunting reverb to create a sense of vast desert and mountain spaces. Vocals: > A poignant female solo vocal, delivered with a delicate, breathy texture. The vocal style should blend traditional Rajasthani folk 'Maand' with subtle Arabic 'Maqam' vocal trills. Mood: Heartbreaking, nostalgic, ethereal	true	true	assets/covers/e0e9d663-7d49-4351-aa8e-639120657766.jpeg	assets/audio/e0e9d663-7d49-4351-aa8e-639120657766.mp3	NULL	false
20aaab8c-af31-4a63-954e-b956c837119a	(untitled)	2026-03-24T18:37:59.781Z	4:21	chirp-crow	145 BPM, Heavy Psytrance and Haryanvi Folk Fusion, Gritty Haryanvi Female Vocals, High-energy, Tribal, Aggressive, Massive Nagara and Dholak drums, Japanese Taiko percussion, Sharp Marxophone tremolo melodies, Hyper-fast Tumbi riffs with Ping-pong delay, Deep Australian Didgeridoo drone intro, Ethereal Nordic Kulning and Mongolian Throat Singing background chants, Rolling 16th-note Psytrance bassline, Cinematic atmosphere, Industrial textures, Electronic Dance Music.	true	true	assets/covers/20aaab8c-af31-4a63-954e-b956c837119a.jpeg	assets/audio/20aaab8c-af31-4a63-954e-b956c837119a.mp3	NULL	false
e7905dfe-6d9b-4d8c-9f04-d1645c522f2f	(untitled)	2026-03-24T18:37:59.781Z	4:26	chirp-crow	145 BPM, Heavy Psytrance and Haryanvi Folk Fusion, Gritty Haryanvi Female Vocals, High-energy, Tribal, Aggressive, Massive Nagara and Dholak drums, Japanese Taiko percussion, Sharp Marxophone tremolo melodies, Hyper-fast Tumbi riffs with Ping-pong delay, Deep Australian Didgeridoo drone intro, Ethereal Nordic Kulning and Mongolian Throat Singing background chants, Rolling 16th-note Psytrance bassline, Cinematic atmosphere, Industrial textures, Electronic Dance Music.	true	true	assets/covers/e7905dfe-6d9b-4d8c-9f04-d1645c522f2f.jpeg	assets/audio/e7905dfe-6d9b-4d8c-9f04-d1645c522f2f.mp3	NULL	false
e18525dd-f972-4860-9008-b147a0576764	(untitled)	2026-03-24T18:18:41.879Z	5:00	chirp-crow	"A high-octane Psytrance and Haryanvi Folk Fusion anthem. Tempo: 145 BPM. Vocals: Powerful, gritty Haryanvi female lead with a sharp rural accent, layered with ethereal Nordic Kulning and Mongolian throat singing chants in the background. Instrumentation: Massive Haryanvi Nagara and Dhol drums blended with Japanese Taiko percussion. A sharp, driving Haryanvi Tumbi melody processed with heavy ping-pong delay. A deep, vibrating Australian Didgeridoo drone in the intro. Synth: Rolling 16th-note Psytrance basslines, soaring supersaw leads, and industrial techno textures. Structure: Dark atmospheric intro, high-energy verses, cinematic bridge with ancient ethnic chants, and explosive, vibrating trance drops. Vibe: Tribal, futuristic, spiritual, and high-energy."	true	true	assets/covers/e18525dd-f972-4860-9008-b147a0576764.jpeg	assets/audio/e18525dd-f972-4860-9008-b147a0576764.mp3	NULL	false
8caed3b8-e9a9-48fa-9a64-adeedcfb6231	(untitled)	2026-03-24T18:18:41.879Z	5:49	chirp-crow	"A high-octane Psytrance and Haryanvi Folk Fusion anthem. Tempo: 145 BPM. Vocals: Powerful, gritty Haryanvi female lead with a sharp rural accent, layered with ethereal Nordic Kulning and Mongolian throat singing chants in the background. Instrumentation: Massive Haryanvi Nagara and Dhol drums blended with Japanese Taiko percussion. A sharp, driving Haryanvi Tumbi melody processed with heavy ping-pong delay. A deep, vibrating Australian Didgeridoo drone in the intro. Synth: Rolling 16th-note Psytrance basslines, soaring supersaw leads, and industrial techno textures. Structure: Dark atmospheric intro, high-energy verses, cinematic bridge with ancient ethnic chants, and explosive, vibrating trance drops. Vibe: Tribal, futuristic, spiritual, and high-energy."	true	true	assets/covers/8caed3b8-e9a9-48fa-9a64-adeedcfb6231.jpeg	assets/audio/8caed3b8-e9a9-48fa-9a64-adeedcfb6231.mp3	NULL	false
14a370bd-8e3e-4b27-9afc-31fede5f5c94	(untitled)	2026-03-24T17:59:49.288Z	3:52	chirp-crow	haryanvi tamil folk trance	true	true	assets/covers/14a370bd-8e3e-4b27-9afc-31fede5f5c94.jpeg	assets/audio/14a370bd-8e3e-4b27-9afc-31fede5f5c94.mp3	NULL	false
b6721538-96c3-408c-be12-613ca88da0d7	(untitled)	2026-03-24T17:59:49.288Z	4:32	chirp-crow	haryanvi tamil folk trance	true	true	assets/covers/b6721538-96c3-408c-be12-613ca88da0d7.jpeg	assets/audio/b6721538-96c3-408c-be12-613ca88da0d7.mp3	NULL	false
42c55ab5-6656-4c72-bcae-0560c1afdacf	(untitled)	2026-03-24T11:53:25.460Z	1:54	chirp-crow	"Grand Republic Day Brass Band, Heavy Snare Drum Rolls, Triumphant Trumpets, Orchestral Marching Rhythm, 120 BPM. Vocals: 8-year-old confident child with a very cute 4-year-old toddler speaking/singing with a lisp (tutlana), innocent child voice, emotional and patriotic, high-pitched."	true	true	assets/covers/42c55ab5-6656-4c72-bcae-0560c1afdacf.jpeg	assets/audio/42c55ab5-6656-4c72-bcae-0560c1afdacf.mp3	NULL	false
a41086c8-d15a-40b1-a8c7-8a6d0a450688	(untitled)	2026-03-24T11:53:25.460Z	1:57	chirp-crow	"Grand Republic Day Brass Band, Heavy Snare Drum Rolls, Triumphant Trumpets, Orchestral Marching Rhythm, 120 BPM. Vocals: 8-year-old confident child with a very cute 4-year-old toddler speaking/singing with a lisp (tutlana), innocent child voice, emotional and patriotic, high-pitched."	true	true	assets/covers/a41086c8-d15a-40b1-a8c7-8a6d0a450688.jpeg	assets/audio/a41086c8-d15a-40b1-a8c7-8a6d0a450688.mp3	NULL	false
42eea408-81a9-4c2f-8ffb-8d5c5656d202	(untitled)	2026-03-23T17:33:53.947Z	3:13	chirp-crow	dada potaa poti gang fun.. use kids voices of various ages.. cute catchy..	true	true	assets/covers/42eea408-81a9-4c2f-8ffb-8d5c5656d202.jpeg	assets/audio/42eea408-81a9-4c2f-8ffb-8d5c5656d202.mp3	NULL	false
ef8c9b76-6af4-46b3-9c34-f9f7408dba40	(untitled)	2026-03-23T17:33:53.947Z	3:05	chirp-crow	dada potaa poti gang fun.. use kids voices of various ages.. cute catchy..	true	true	assets/covers/ef8c9b76-6af4-46b3-9c34-f9f7408dba40.jpeg	assets/audio/ef8c9b76-6af4-46b3-9c34-f9f7408dba40.mp3	NULL	false
e557151f-686a-4ba6-a428-40ef37236172	(untitled)	2026-03-23T13:22:22.251Z	4:40	chirp-crow	Style: Haryanvi Ragni + Hip-Hop Rap (Climax Section) Tempo: 95 BPM Energy: High (anthem drop) Voices: - Female ragni (alaap + emotional bridge) - Male rap (aggressive + philosophical) Instruments: Sarangi, Harmonium, Dholak, Khartal + 808 Bass + Trap drums Special: - Echo on “SAMDARSHANA” - Bass drop on punchlines - Crowd chant layering in drop Mood: Revelation, awakening, powerful truth 🔱 माआता का वचन “समदर्शी वही नहीं जो सबको बराबर कहे… समदर्शी वो है जो छोटे में भी अनंत देख ले…”	true	true	assets/covers/e557151f-686a-4ba6-a428-40ef37236172.jpeg	assets/audio/e557151f-686a-4ba6-a428-40ef37236172.mp3	NULL	false
dac03dd8-470e-453c-ba40-7a6da1100b59	(untitled)	2026-03-23T13:22:22.250Z	5:08	chirp-crow	Style: Haryanvi Ragni + Hip-Hop Rap (Climax Section) Tempo: 95 BPM Energy: High (anthem drop) Voices: - Female ragni (alaap + emotional bridge) - Male rap (aggressive + philosophical) Instruments: Sarangi, Harmonium, Dholak, Khartal + 808 Bass + Trap drums Special: - Echo on “SAMDARSHANA” - Bass drop on punchlines - Crowd chant layering in drop Mood: Revelation, awakening, powerful truth 🔱 माआता का वचन “समदर्शी वही नहीं जो सबको बराबर कहे… समदर्शी वो है जो छोटे में भी अनंत देख ले…”	true	true	assets/covers/dac03dd8-470e-453c-ba40-7a6da1100b59.jpeg	assets/audio/dac03dd8-470e-453c-ba40-7a6da1100b59.mp3	NULL	false
c01a92ed-1135-4bc5-b9f6-7ec8eaeef43c	(untitled)	2026-03-23T13:00:35.889Z	7:27	chirp-crow	🎬 🎭 FULL STAGE SETUP (LIVE PERFORMANCE) 🌌 Stage Zones Left (🔥 DWAIT ZONE): Orange lights, smoke, sparks visuals → Pandit action / ego / rap Right (🌌 ADWAIT ZONE): Blue–indigo light, mandala projection → Stillness / silence / realization Center: River projection (flowing animation) 🎧 Sound Setup 🎶 Base: Tanpura (low, continuous) 🪕 Folk: Sarangi + Harmonium 🥁 Beat: Dholak + 808 Trap 🎭 Characters 🧠 Pandit (male rapper + actor) 🦟 Machchar (female ragni voice + surround buzz FX) 🎙️ Announcer (optional deep voice)	true	true	assets/covers/c01a92ed-1135-4bc5-b9f6-7ec8eaeef43c.jpeg	assets/audio/c01a92ed-1135-4bc5-b9f6-7ec8eaeef43c.mp3	NULL	false
c3895754-34ef-42e5-b30f-03de838fa995	(untitled)	2026-03-23T13:00:35.889Z	8:00	chirp-crow	🎬 🎭 FULL STAGE SETUP (LIVE PERFORMANCE) 🌌 Stage Zones Left (🔥 DWAIT ZONE): Orange lights, smoke, sparks visuals → Pandit action / ego / rap Right (🌌 ADWAIT ZONE): Blue–indigo light, mandala projection → Stillness / silence / realization Center: River projection (flowing animation) 🎧 Sound Setup 🎶 Base: Tanpura (low, continuous) 🪕 Folk: Sarangi + Harmonium 🥁 Beat: Dholak + 808 Trap 🎭 Characters 🧠 Pandit (male rapper + actor) 🦟 Machchar (female ragni voice + surround buzz FX) 🎙️ Announcer (optional deep voice)	true	true	assets/covers/c3895754-34ef-42e5-b30f-03de838fa995.jpeg	assets/audio/c3895754-34ef-42e5-b30f-03de838fa995.mp3	NULL	false
61ca183b-a733-45f2-a526-40124620f6a1	(untitled)	2026-03-23T10:38:39.289Z	7:55	chirp-crow	🎤 haryanvi ragni suparfun vs vedant chanting	true	true	assets/covers/61ca183b-a733-45f2-a526-40124620f6a1.jpeg	assets/audio/61ca183b-a733-45f2-a526-40124620f6a1.mp3	NULL	false
11d2c6aa-6e6e-4b33-a0f1-514fb4e2cf9b	(untitled)	2026-03-23T10:38:39.289Z	8:00	chirp-crow	🎤 haryanvi ragni suparfun vs vedant chanting	true	true	assets/covers/11d2c6aa-6e6e-4b33-a0f1-514fb4e2cf9b.jpeg	assets/audio/11d2c6aa-6e6e-4b33-a0f1-514fb4e2cf9b.mp3	NULL	false
2bf46bbc-1f00-42b1-ada9-5dd38b02ca3b	(untitled)	2026-03-23T10:26:40.832Z	8:00	chirp-crow	🎤 QUANTUM ANTHEM (HUMAN SOUND VERSION)	true	true	assets/covers/2bf46bbc-1f00-42b1-ada9-5dd38b02ca3b.jpeg	assets/audio/2bf46bbc-1f00-42b1-ada9-5dd38b02ca3b.mp3	NULL	false
2705713e-7211-41ce-8805-62d72c7038f2	(untitled)	2026-03-23T10:26:40.832Z	7:05	chirp-crow	🎤 QUANTUM ANTHEM (HUMAN SOUND VERSION)	true	true	assets/covers/2705713e-7211-41ce-8805-62d72c7038f2.jpeg	assets/audio/2705713e-7211-41ce-8805-62d72c7038f2.mp3	NULL	false
0907ea5b-01db-4afe-a2a1-958b706d1c5a	(untitled)	2026-03-22T10:59:55.592Z	4:53	chirp-crow	🎤 QUANTUM ANTHEM (HUMAN SOUND VERSION) (90 BPM | Body Percussion + Breath + Voice Only) 🎧 Suno AI Prompt (Human Only) Prompt: Human voice only music, body percussion (chest hits, claps, stomps), breath sounds, humming drones, vocal chanting (Lam Vam Ram Yam Ham Om), no instruments, tribal human choir, raw natural sound, deep resonance, meditative yet powerful, cinematic vocal layering. 🔱 Final Mantra Line ना तानपुरा, ना गिटार, मानव ही है असली तार। श्वास में नाद, देह में राग, यही है ब्रह्म—यही है जाग।	true	true	assets/covers/0907ea5b-01db-4afe-a2a1-958b706d1c5a.jpeg	assets/audio/0907ea5b-01db-4afe-a2a1-958b706d1c5a.mp3	NULL	false
71c2f8e7-6626-4dc8-b873-971485c0725f	(untitled)	2026-03-22T10:59:55.592Z	4:50	chirp-crow	🎤 QUANTUM ANTHEM (HUMAN SOUND VERSION) (90 BPM | Body Percussion + Breath + Voice Only) 🎧 Suno AI Prompt (Human Only) Prompt: Human voice only music, body percussion (chest hits, claps, stomps), breath sounds, humming drones, vocal chanting (Lam Vam Ram Yam Ham Om), no instruments, tribal human choir, raw natural sound, deep resonance, meditative yet powerful, cinematic vocal layering. 🔱 Final Mantra Line ना तानपुरा, ना गिटार, मानव ही है असली तार। श्वास में नाद, देह में राग, यही है ब्रह्म—यही है जाग।	true	true	assets/covers/71c2f8e7-6626-4dc8-b873-971485c0725f.jpeg	assets/audio/71c2f8e7-6626-4dc8-b873-971485c0725f.mp3	NULL	false
57f63a2a-a5cc-4eca-b189-530e667d6c1d	(untitled)	2026-03-22T10:06:19.378Z	4:42	chirp-crow	Epic spiritual hip-hop + Indian classical fusion, deep bass, tanpura drone, conch shell intro, Sanskrit chant choir, Sufi textures, cinematic orchestra, slow build to explosive anthem, raw powerful male vocal, minimal autotune, temple percussion, desert ambience, final OM resonance. 🔱 Signature Line (Your Identity) “तू है समंदर, दुनिया बस एक गागरी — अक्षर में ब्रह्म, और ब्रह्म में तू सारी।”	true	true	assets/covers/57f63a2a-a5cc-4eca-b189-530e667d6c1d.jpeg	assets/audio/57f63a2a-a5cc-4eca-b189-530e667d6c1d.mp3	NULL	false
c442e04f-271b-411b-ba4b-42d0ecff3a38	(untitled)	2026-03-22T10:06:19.377Z	5:22	chirp-crow	Epic spiritual hip-hop + Indian classical fusion, deep bass, tanpura drone, conch shell intro, Sanskrit chant choir, Sufi textures, cinematic orchestra, slow build to explosive anthem, raw powerful male vocal, minimal autotune, temple percussion, desert ambience, final OM resonance. 🔱 Signature Line (Your Identity) “तू है समंदर, दुनिया बस एक गागरी — अक्षर में ब्रह्म, और ब्रह्म में तू सारी।”	true	true	assets/covers/c442e04f-271b-411b-ba4b-42d0ecff3a38.jpeg	assets/audio/c442e04f-271b-411b-ba4b-42d0ecff3a38.mp3	NULL	false
e96f8afe-e1fc-4cc8-9998-16627bca7b9c	(untitled)	2026-03-22T09:06:23.320Z	3:33	chirp-crow	Binaural cinematic spoken word, dual voices (female energetic left, male calm right), Chinese female folk echo (center), ambient drone, heartbeat bass, soft piano, bansuri, guzheng, erhu, Tibetan singing bowls, slow build, breathy intimate vocals, long pauses, mystical, philosophical, ending with OM chant, 8Hz alpha-theta binaural feel	true	true	assets/covers/e96f8afe-e1fc-4cc8-9998-16627bca7b9c.jpeg	assets/audio/e96f8afe-e1fc-4cc8-9998-16627bca7b9c.mp3	NULL	false
d6015bf7-056c-43bb-b3a7-c42012ac30b6	(untitled)	2026-03-22T09:06:23.320Z	3:12	chirp-crow	Binaural cinematic spoken word, dual voices (female energetic left, male calm right), Chinese female folk echo (center), ambient drone, heartbeat bass, soft piano, bansuri, guzheng, erhu, Tibetan singing bowls, slow build, breathy intimate vocals, long pauses, mystical, philosophical, ending with OM chant, 8Hz alpha-theta binaural feel	true	true	assets/covers/d6015bf7-056c-43bb-b3a7-c42012ac30b6.jpeg	assets/audio/d6015bf7-056c-43bb-b3a7-c42012ac30b6.mp3	NULL	false
acefb505-26f4-4b95-b378-e064eaccf86f	(untitled)	2026-03-22T08:51:50.812Z	4:05	chirp-crow	Global cinematic spoken word, deep Indian philosophical poetry, fusion of world instruments (tabla, djembe, taiko, bansuri, duduk, sitar, violin, erhu, handpan, Tibetan singing bowls, gong), ambient drone, slow heartbeat bass, breathy intimate voice, long pauses, desert wind, cosmic reverb, neuro-tantra meditation vibe, gradual build from silence to powerful awakening, ending with OM chant. Tempo: 60 BPM Structure: Silence → Breath → Rhythm → Awakening → Explosion → Stillness 🧠 NEURO-TANTRA LAYERING (DEEP LOGIC) Stage Instrument Brain Effect Intro Bowl Alpha Rhythm Tabla/Djembe Grounding Emotion Sitar/Violin Limbic Breath Flute Parasympathetic Climax Taiko/Gong Adrenal + Release Outro OM Theta 🔥 VIRAL MOMENT (IMPORTANT) 👉 Peak line: “उन्हें झिंझोड़ दे… ज़ोर से!” यहाँ beat drop + silence + explosion यही clip viral होगा 🔥 🎤 SHORT HOOK (Repeatable) वक़्त के घोड़े दौड़ते जाएँ, तू ठहर के खुद को जान। पिंजरे तो तेरे भीतर हैं, तू ही पंछी, तू ही आसमान।	true	true	assets/covers/acefb505-26f4-4b95-b378-e064eaccf86f.jpeg	assets/audio/acefb505-26f4-4b95-b378-e064eaccf86f.mp3	NULL	false
b632670a-92f5-44aa-862f-4a03120bd6e3	(untitled)	2026-03-22T08:51:50.812Z	4:03	chirp-crow	Global cinematic spoken word, deep Indian philosophical poetry, fusion of world instruments (tabla, djembe, taiko, bansuri, duduk, sitar, violin, erhu, handpan, Tibetan singing bowls, gong), ambient drone, slow heartbeat bass, breathy intimate voice, long pauses, desert wind, cosmic reverb, neuro-tantra meditation vibe, gradual build from silence to powerful awakening, ending with OM chant. Tempo: 60 BPM Structure: Silence → Breath → Rhythm → Awakening → Explosion → Stillness 🧠 NEURO-TANTRA LAYERING (DEEP LOGIC) Stage Instrument Brain Effect Intro Bowl Alpha Rhythm Tabla/Djembe Grounding Emotion Sitar/Violin Limbic Breath Flute Parasympathetic Climax Taiko/Gong Adrenal + Release Outro OM Theta 🔥 VIRAL MOMENT (IMPORTANT) 👉 Peak line: “उन्हें झिंझोड़ दे… ज़ोर से!” यहाँ beat drop + silence + explosion यही clip viral होगा 🔥 🎤 SHORT HOOK (Repeatable) वक़्त के घोड़े दौड़ते जाएँ, तू ठहर के खुद को जान। पिंजरे तो तेरे भीतर हैं, तू ही पंछी, तू ही आसमान।	true	true	assets/covers/b632670a-92f5-44aa-862f-4a03120bd6e3.jpeg	assets/audio/b632670a-92f5-44aa-862f-4a03120bd6e3.mp3	NULL	false
c8a46987-b4d4-41ee-aa0c-36c1f1115cf2	(untitled)	2026-03-22T08:45:03.731Z	4:08	chirp-crow	Global cinematic spoken word, deep Indian philosophical poetry, fusion of world instruments (tabla, djembe, taiko, bansuri, duduk, sitar, violin, erhu, handpan, Tibetan singing bowls, gong), ambient drone, slow heartbeat bass, breathy intimate voice, long pauses, desert wind, cosmic reverb, neuro-tantra meditation vibe, gradual build from silence to powerful awakening, ending with OM chant. Tempo: 60 BPM Structure: Silence → Breath → Rhythm → Awakening → Explosion → Stillness 🧠 NEURO-TANTRA LAYERING (DEEP LOGIC) Stage Instrument Brain Effect Intro Bowl Alpha Rhythm Tabla/Djembe Grounding Emotion Sitar/Violin Limbic Breath Flute Parasympathetic Climax Taiko/Gong Adrenal + Release Outro OM Theta 🔥 VIRAL MOMENT (IMPORTANT) 👉 Peak line: “उन्हें झिंझोड़ दे… ज़ोर से!” यहाँ beat drop + silence + explosion यही clip viral होगा 🔥 🎤 SHORT HOOK (Repeatable) वक़्त के घोड़े दौड़ते जाएँ, तू ठहर के खुद को जान। पिंजरे तो तेरे भीतर हैं, तू ही पंछी, तू ही आसमान।	true	true	assets/covers/c8a46987-b4d4-41ee-aa0c-36c1f1115cf2.jpeg	assets/audio/c8a46987-b4d4-41ee-aa0c-36c1f1115cf2.mp3	NULL	false
8b68b69c-b07f-43f8-ac20-ed65fbc03fc7	(untitled)	2026-03-22T08:45:03.730Z	3:25	chirp-crow	Global cinematic spoken word, deep Indian philosophical poetry, fusion of world instruments (tabla, djembe, taiko, bansuri, duduk, sitar, violin, erhu, handpan, Tibetan singing bowls, gong), ambient drone, slow heartbeat bass, breathy intimate voice, long pauses, desert wind, cosmic reverb, neuro-tantra meditation vibe, gradual build from silence to powerful awakening, ending with OM chant. Tempo: 60 BPM Structure: Silence → Breath → Rhythm → Awakening → Explosion → Stillness 🧠 NEURO-TANTRA LAYERING (DEEP LOGIC) Stage Instrument Brain Effect Intro Bowl Alpha Rhythm Tabla/Djembe Grounding Emotion Sitar/Violin Limbic Breath Flute Parasympathetic Climax Taiko/Gong Adrenal + Release Outro OM Theta 🔥 VIRAL MOMENT (IMPORTANT) 👉 Peak line: “उन्हें झिंझोड़ दे… ज़ोर से!” यहाँ beat drop + silence + explosion यही clip viral होगा 🔥 🎤 SHORT HOOK (Repeatable) वक़्त के घोड़े दौड़ते जाएँ, तू ठहर के खुद को जान। पिंजरे तो तेरे भीतर हैं, तू ही पंछी, तू ही आसमान।	true	true	assets/covers/8b68b69c-b07f-43f8-ac20-ed65fbc03fc7.jpeg	assets/audio/8b68b69c-b07f-43f8-ac20-ed65fbc03fc7.mp3	NULL	false
7e3ba569-59f8-4cf2-aebb-45d436b941ef	(untitled)	2026-03-22T08:36:06.185Z	4:30	chirp-crow	Global cinematic spoken word, deep Indian philosophical poetry, fusion of world instruments (tabla, djembe, taiko, bansuri, duduk, sitar, violin, erhu, handpan, Tibetan singing bowls, gong), ambient drone, slow heartbeat bass, breathy intimate voice, long pauses, desert wind, cosmic reverb, neuro-tantra meditation vibe, gradual build from silence to powerful awakening, ending with OM chant. Tempo: 60 BPM Structure: Silence → Breath → Rhythm → Awakening → Explosion → Stillness 🧠 NEURO-TANTRA LAYERING (DEEP LOGIC) Stage Instrument Brain Effect Intro Bowl Alpha Rhythm Tabla/Djembe Grounding Emotion Sitar/Violin Limbic Breath Flute Parasympathetic Climax Taiko/Gong Adrenal + Release Outro OM Theta 🔥 VIRAL MOMENT (IMPORTANT) 👉 Peak line: “उन्हें झिंझोड़ दे… ज़ोर से!” यहाँ beat drop + silence + explosion यही clip viral होगा 🔥 🎤 SHORT HOOK (Repeatable) वक़्त के घोड़े दौड़ते जाएँ, तू ठहर के खुद को जान। पिंजरे तो तेरे भीतर हैं, तू ही पंछी, तू ही आसमान।	true	true	assets/covers/7e3ba569-59f8-4cf2-aebb-45d436b941ef.jpeg	assets/audio/7e3ba569-59f8-4cf2-aebb-45d436b941ef.mp3	NULL	false
1ec4ae2f-b4ab-441b-8234-f5fcca48b606	(untitled)	2026-03-22T08:36:06.185Z	4:11	chirp-crow	Global cinematic spoken word, deep Indian philosophical poetry, fusion of world instruments (tabla, djembe, taiko, bansuri, duduk, sitar, violin, erhu, handpan, Tibetan singing bowls, gong), ambient drone, slow heartbeat bass, breathy intimate voice, long pauses, desert wind, cosmic reverb, neuro-tantra meditation vibe, gradual build from silence to powerful awakening, ending with OM chant. Tempo: 60 BPM Structure: Silence → Breath → Rhythm → Awakening → Explosion → Stillness 🧠 NEURO-TANTRA LAYERING (DEEP LOGIC) Stage Instrument Brain Effect Intro Bowl Alpha Rhythm Tabla/Djembe Grounding Emotion Sitar/Violin Limbic Breath Flute Parasympathetic Climax Taiko/Gong Adrenal + Release Outro OM Theta 🔥 VIRAL MOMENT (IMPORTANT) 👉 Peak line: “उन्हें झिंझोड़ दे… ज़ोर से!” यहाँ beat drop + silence + explosion यही clip viral होगा 🔥 🎤 SHORT HOOK (Repeatable) वक़्त के घोड़े दौड़ते जाएँ, तू ठहर के खुद को जान। पिंजरे तो तेरे भीतर हैं, तू ही पंछी, तू ही आसमान।	true	true	assets/covers/1ec4ae2f-b4ab-441b-8234-f5fcca48b606.jpeg	assets/audio/1ec4ae2f-b4ab-441b-8234-f5fcca48b606.mp3	NULL	false
713998e8-14d5-4633-b01a-3fb4275561f9	(untitled)	2026-03-22T08:27:02.152Z	3:38	chirp-crow	Deep cinematic spoken word, Indian classical fusion, ambient drone, slow heartbeat bass, subtle sarangi, wind ambience, emotional male/female voice (husky, intimate), minimal percussion, long reverb, pauses-driven delivery, introspective, philosophical, awakening tone. Tempo: 60–70 BPM Key Feel: Dark → Awakening → Expansive Voice Texture: Close mic, breathy, raw, emotional Voice: हर लाइन के बीच intentional silence शब्दों से ज़्यादा breath बोले 🎧 Sound: No heavy beat Focus = space + echo + silence 🔥 Viral Factor: “झिंझोड़ दे ज़ोर से” = peak moment Use dynamic contrast (whisper → explosion) Deep cinematic Hindi spoken word, slow tempo, emotional breathy voice, ambient drone, minimal percussion, philosophical awakening, heavy pauses, echo, whisper to powerful climax, ending with OM chant.	true	true	assets/covers/713998e8-14d5-4633-b01a-3fb4275561f9.jpeg	assets/audio/713998e8-14d5-4633-b01a-3fb4275561f9.mp3	NULL	false
22925574-1f8c-4bba-927a-63bf25e66c7c	(untitled)	2026-03-22T08:27:02.152Z	5:53	chirp-crow	Deep cinematic spoken word, Indian classical fusion, ambient drone, slow heartbeat bass, subtle sarangi, wind ambience, emotional male/female voice (husky, intimate), minimal percussion, long reverb, pauses-driven delivery, introspective, philosophical, awakening tone. Tempo: 60–70 BPM Key Feel: Dark → Awakening → Expansive Voice Texture: Close mic, breathy, raw, emotional Voice: हर लाइन के बीच intentional silence शब्दों से ज़्यादा breath बोले 🎧 Sound: No heavy beat Focus = space + echo + silence 🔥 Viral Factor: “झिंझोड़ दे ज़ोर से” = peak moment Use dynamic contrast (whisper → explosion) Deep cinematic Hindi spoken word, slow tempo, emotional breathy voice, ambient drone, minimal percussion, philosophical awakening, heavy pauses, echo, whisper to powerful climax, ending with OM chant.	true	true	assets/covers/22925574-1f8c-4bba-927a-63bf25e66c7c.jpeg	assets/audio/22925574-1f8c-4bba-927a-63bf25e66c7c.mp3	NULL	false
9b85885b-774d-4b2d-babf-e39fea6294e0	(untitled)	2026-03-22T08:00:07.365Z	3:38	chirp-crow		true	true	assets/covers/9b85885b-774d-4b2d-babf-e39fea6294e0.jpeg	assets/audio/9b85885b-774d-4b2d-babf-e39fea6294e0.mp3	NULL	false
1802409c-450b-4fa0-82bb-9ae1c98c6f58	(untitled)	2026-03-22T08:00:07.365Z	3:01	chirp-crow		true	true	assets/covers/1802409c-450b-4fa0-82bb-9ae1c98c6f58.jpeg	assets/audio/1802409c-450b-4fa0-82bb-9ae1c98c6f58.mp3	NULL	false
3b5bc702-ef70-4745-9a21-5e41252a6c47	kush..mana..da	2026-03-22T05:32:27.167Z	3:25	chirp-crow	[Style: Rajasthani Folk + Bhakti Rap + Ambient Cinematic] [Tempo: 88 BPM] [Scale: D minor] [Voices] - Male: raw desi rap, confident, earthy tone - Female: divine, soft, airy, heavy reverb (maa voice) [Instruments] Sarangi, Algoza, Dholak, Temple Bells, Tanpura Drone, 808 Bass, Ambient Pads [Structure] Intro (whispers + breath textures) Hook (soft → repeatable) Verse 1 (emotional build) Hook (full energy) Verse 2 (power + philosophy) Drop (chant + dholak + bass heavy) Bridge (soft alaap, female voice, darbari feel) Final Hook (anthem + chorus layering) Outro (fade whispers + drone) [Effects] - Echo on “Yo Yo Pandit” and “माआता” - Background whispers: “maa… maa…” - Breath textures: “aaah… oooh…” - Bass drop on “PHKD” - Reverb-heavy alaap in bridge (raag darbari mood) [Mood] Spiritual awakening + divine awe + rebellious energy [Special Instruction] Keep lyrics clean, no extra words, follow exact structure, emphasize hook repetition for viral reels	true	true	assets/covers/3b5bc702-ef70-4745-9a21-5e41252a6c47.jpeg	assets/audio/3b5bc702-ef70-4745-9a21-5e41252a6c47.mp3	NULL	false
e5e11b4f-d05d-444f-9b0e-5b91e5e70206	kush..mana..da	2026-03-22T05:32:27.167Z	3:24	chirp-crow	[Style: Rajasthani Folk + Bhakti Rap + Ambient Cinematic] [Tempo: 88 BPM] [Scale: D minor] [Voices] - Male: raw desi rap, confident, earthy tone - Female: divine, soft, airy, heavy reverb (maa voice) [Instruments] Sarangi, Algoza, Dholak, Temple Bells, Tanpura Drone, 808 Bass, Ambient Pads [Structure] Intro (whispers + breath textures) Hook (soft → repeatable) Verse 1 (emotional build) Hook (full energy) Verse 2 (power + philosophy) Drop (chant + dholak + bass heavy) Bridge (soft alaap, female voice, darbari feel) Final Hook (anthem + chorus layering) Outro (fade whispers + drone) [Effects] - Echo on “Yo Yo Pandit” and “माआता” - Background whispers: “maa… maa…” - Breath textures: “aaah… oooh…” - Bass drop on “PHKD” - Reverb-heavy alaap in bridge (raag darbari mood) [Mood] Spiritual awakening + divine awe + rebellious energy [Special Instruction] Keep lyrics clean, no extra words, follow exact structure, emphasize hook repetition for viral reels	true	true	assets/covers/e5e11b4f-d05d-444f-9b0e-5b91e5e70206.jpeg	assets/audio/e5e11b4f-d05d-444f-9b0e-5b91e5e70206.mp3	NULL	false
8d7517ab-5f3a-4d8e-b2e4-92f170be6ed4	(untitled)	2026-03-22T03:26:30.063Z	4:43	chirp-crow	Neuro-Tantra Devotional Trance Start: whisper + tanpura (no beat) Gradually add dhol heartbeat Mid: introduce bell + war drums (Chandraghanta) Then golden synth + warmth (Kushmanda) Peak: full percussion + chorus chants Female lead emotional → powerful Male chorus deep (Aghori style) Add: “Maa… Maa…” loops “Har Har Mahadev” chants “Jai Mata Di” responses End: Full silence → single bell → explosive chant Energy Curve (VERY IMPORTANT) Phase Emotion Body Intro emptiness mind Fragmentation pain heart Awakening effort solar Chandraghanta courage adrenal Kushmanda energy metabolism Finale unity whole system	true	true	assets/covers/8d7517ab-5f3a-4d8e-b2e4-92f170be6ed4.jpeg	assets/audio/8d7517ab-5f3a-4d8e-b2e4-92f170be6ed4.mp3	NULL	false
1630fdc7-2ea0-4737-a448-84a9e3a68bc4	(untitled)	2026-03-22T03:26:30.063Z	3:55	chirp-crow	Neuro-Tantra Devotional Trance Start: whisper + tanpura (no beat) Gradually add dhol heartbeat Mid: introduce bell + war drums (Chandraghanta) Then golden synth + warmth (Kushmanda) Peak: full percussion + chorus chants Female lead emotional → powerful Male chorus deep (Aghori style) Add: “Maa… Maa…” loops “Har Har Mahadev” chants “Jai Mata Di” responses End: Full silence → single bell → explosive chant Energy Curve (VERY IMPORTANT) Phase Emotion Body Intro emptiness mind Fragmentation pain heart Awakening effort solar Chandraghanta courage adrenal Kushmanda energy metabolism Finale unity whole system	true	true	assets/covers/1630fdc7-2ea0-4737-a448-84a9e3a68bc4.jpeg	assets/audio/1630fdc7-2ea0-4737-a448-84a9e3a68bc4.mp3	NULL	false
bf134052-5fe4-4f02-aa15-5757082f17fe	(untitled)	2026-03-21T18:49:43.837Z	4:55	chirp-crow		true	true	assets/covers/bf134052-5fe4-4f02-aa15-5757082f17fe.jpeg	assets/audio/bf134052-5fe4-4f02-aa15-5757082f17fe.mp3	NULL	false
31a89117-5333-4f09-96f9-da776986d02d	(untitled)	2026-03-21T18:49:43.837Z	4:14	chirp-crow		true	true	assets/covers/31a89117-5333-4f09-96f9-da776986d02d.jpeg	assets/audio/31a89117-5333-4f09-96f9-da776986d02d.mp3	NULL	false
bed764bc-151e-4046-a0b6-773835719384	(untitled)	2026-03-21T18:32:57.100Z	2:50	chirp-crow	global fun haryanvi-superstar.. 1000 girls 1 boy	true	true	assets/covers/bed764bc-151e-4046-a0b6-773835719384.jpeg	assets/audio/bed764bc-151e-4046-a0b6-773835719384.mp3	NULL	false
374bbc29-2826-4b31-ba70-48ad9999fa35	(untitled)	2026-03-21T18:32:57.100Z	2:16	chirp-crow	global fun haryanvi-superstar.. 1000 girls 1 boy	true	true	assets/covers/374bbc29-2826-4b31-ba70-48ad9999fa35.jpeg	assets/audio/374bbc29-2826-4b31-ba70-48ad9999fa35.mp3	NULL	false
4c9ffaea-c955-4c6e-b22b-974c6fbe1284	kush..mana..da	2026-03-21T13:59:58.407Z	3:31	chirp-crow	Cinematic Vedic Psy-Trap, 145 BPM, Heavy pulsating 808 Sub-bass, Fast-paced Tribal Nagada & Ghada (Earthen Pot) percussion rolls, Piercing Haryanvi Been (Pungi) lead melody, Ancient Sanskrit Chants with Aggressive Haryanvi Rap flow, Dark atmospheric industrial synths, Shakh-naad Intro, High-Energy Spiritual Trance, Cinematic Vocal Ad-libs.	true	true	assets/covers/4c9ffaea-c955-4c6e-b22b-974c6fbe1284.jpeg	assets/audio/4c9ffaea-c955-4c6e-b22b-974c6fbe1284.mp3	NULL	false
17cea20d-3770-4288-aeac-d5d0a9677a3f	kush..mana..da	2026-03-21T13:59:58.407Z	2:36	chirp-crow	Cinematic Vedic Psy-Trap, 145 BPM, Heavy pulsating 808 Sub-bass, Fast-paced Tribal Nagada & Ghada (Earthen Pot) percussion rolls, Piercing Haryanvi Been (Pungi) lead melody, Ancient Sanskrit Chants with Aggressive Haryanvi Rap flow, Dark atmospheric industrial synths, Shakh-naad Intro, High-Energy Spiritual Trance, Cinematic Vocal Ad-libs.	true	true	assets/covers/17cea20d-3770-4288-aeac-d5d0a9677a3f.jpeg	assets/audio/17cea20d-3770-4288-aeac-d5d0a9677a3f.mp3	NULL	false
0366db7b-3209-4ccf-af83-12fda3311c23	kush..mana..da	2026-03-21T13:52:11.717Z	3:26	chirp-crow	Cinematic Vedic Psy-Trap, 145 BPM, Heavy pulsating 808 Sub-bass, Fast-paced Tribal Nagada & Ghada (Earthen Pot) percussion rolls, Piercing Haryanvi Been (Pungi) lead melody, Ancient Sanskrit Chants with Aggressive Haryanvi Rap flow, Dark atmospheric industrial synths, Shakh-naad Intro, High-Energy Spiritual Trance, Cinematic Vocal Ad-libs.	true	true	assets/covers/0366db7b-3209-4ccf-af83-12fda3311c23.jpeg	assets/audio/0366db7b-3209-4ccf-af83-12fda3311c23.mp3	NULL	false
575f5473-b86b-466f-b63d-980c2bec7855	kush..mana..da	2026-03-21T13:52:11.717Z	3:48	chirp-crow	Cinematic Vedic Psy-Trap, 145 BPM, Heavy pulsating 808 Sub-bass, Fast-paced Tribal Nagada & Ghada (Earthen Pot) percussion rolls, Piercing Haryanvi Been (Pungi) lead melody, Ancient Sanskrit Chants with Aggressive Haryanvi Rap flow, Dark atmospheric industrial synths, Shakh-naad Intro, High-Energy Spiritual Trance, Cinematic Vocal Ad-libs.	true	true	assets/covers/575f5473-b86b-466f-b63d-980c2bec7855.jpeg	assets/audio/575f5473-b86b-466f-b63d-980c2bec7855.mp3	NULL	false
87176aad-96cb-487c-b065-7faa93e5d442	kush..mana..da	2026-03-21T13:42:08.667Z	2:43	chirp-crow	Cinematic Vedic-Trap, Heavy 808 Bass, 140 BPM, Aggressive Haryanvi Ragni Rap flow, Ancient Sanskrit Chants, Industrial Synths, Authentic Been (Pungi) Drone, Tribal Nagada & Ghada (Earthen Pot) Percussion, High-Stakes Spiritual Energy, Deep Reverb Vocals. [Aggressive Haryanvi Rap] और [Deep Chant] का प्रयोग करें ताकि वर्स (Verse) और मंत्र (Mantra) के बीच का अंतर साफ़ रहे। [Been Solo] या [Ghada Percussion Break] को वर्स के बीच में. इंट्रो के बाद 'सृजन' का वह [Massive Bass Drop]	true	true	assets/covers/87176aad-96cb-487c-b065-7faa93e5d442.jpeg	assets/audio/87176aad-96cb-487c-b065-7faa93e5d442.mp3	NULL	false
bea936de-88c1-4d19-9f9a-04973bec0cc0	kush..mana..da	2026-03-21T13:42:08.667Z	2:20	chirp-crow	Cinematic Vedic-Trap, Heavy 808 Bass, 140 BPM, Aggressive Haryanvi Ragni Rap flow, Ancient Sanskrit Chants, Industrial Synths, Authentic Been (Pungi) Drone, Tribal Nagada & Ghada (Earthen Pot) Percussion, High-Stakes Spiritual Energy, Deep Reverb Vocals. [Aggressive Haryanvi Rap] और [Deep Chant] का प्रयोग करें ताकि वर्स (Verse) और मंत्र (Mantra) के बीच का अंतर साफ़ रहे। [Been Solo] या [Ghada Percussion Break] को वर्स के बीच में. इंट्रो के बाद 'सृजन' का वह [Massive Bass Drop]	true	true	assets/covers/bea936de-88c1-4d19-9f9a-04973bec0cc0.jpeg	assets/audio/bea936de-88c1-4d19-9f9a-04973bec0cc0.mp3	NULL	false
01b47c28-4773-42d5-b158-8a73c0cc9248	kush..mana..da	2026-03-21T13:27:58.920Z	2:43	chirp-crow	Cinematic Vedic Trap, Massive 808 Bass, 140 BPM, Deep Atmospheric Reverb, Ancient Sanskrit Chants mixed with Modern Aggressive Rap flow, Industrial Tribal Synths, Distorted Temple Bells, Shinkh-Naad Intro, High-Stakes Spiritual Energy, Dark yet Triumphant.	true	true	assets/covers/01b47c28-4773-42d5-b158-8a73c0cc9248.jpeg	assets/audio/01b47c28-4773-42d5-b158-8a73c0cc9248.mp3	NULL	false
e8ac43d3-688b-49ee-8ec3-ed025ddcb33b	kush..mana..da	2026-03-21T13:27:58.920Z	2:57	chirp-crow	Cinematic Vedic Trap, Massive 808 Bass, 140 BPM, Deep Atmospheric Reverb, Ancient Sanskrit Chants mixed with Modern Aggressive Rap flow, Industrial Tribal Synths, Distorted Temple Bells, Shinkh-Naad Intro, High-Stakes Spiritual Energy, Dark yet Triumphant.	true	true	assets/covers/e8ac43d3-688b-49ee-8ec3-ed025ddcb33b.jpeg	assets/audio/e8ac43d3-688b-49ee-8ec3-ed025ddcb33b.mp3	NULL	false
1b2ec847-7d17-420f-9042-dbced94d6763	(untitled)	2026-03-21T12:49:40.576Z	3:44	chirp-crow	global fun haryanvi-superstar.. 1000 girls 1 boy	true	true	assets/covers/1b2ec847-7d17-420f-9042-dbced94d6763.jpeg	assets/audio/1b2ec847-7d17-420f-9042-dbced94d6763.mp3	NULL	false
6b3651e9-9f2d-4597-a0a5-de2414135203	(untitled)	2026-03-21T12:49:40.576Z	3:30	chirp-crow	global fun haryanvi-superstar.. 1000 girls 1 boy	true	true	assets/covers/6b3651e9-9f2d-4597-a0a5-de2414135203.jpeg	assets/audio/6b3651e9-9f2d-4597-a0a5-de2414135203.mp3	NULL	false
92c993d5-8cd1-48c2-a8fb-5c04053f9dcd	O.I.riginal.nteligence	2026-03-21T12:03:01.480Z	5:17	chirp-crow	[Add metallic bell sounds rhythmic] Use strong percussion (dhol + war drums) Female vocal powerful, commanding Add echo chant: “Durga! Durga!” Insert bell strike every 2 lines	true	true	assets/covers/92c993d5-8cd1-48c2-a8fb-5c04053f9dcd.jpeg	assets/audio/92c993d5-8cd1-48c2-a8fb-5c04053f9dcd.mp3	NULL	false
4cf5c8eb-fe72-483f-952d-0556a8e4b408	O.I.riginal.nteligence	2026-03-21T12:03:01.480Z	5:18	chirp-crow	[Add metallic bell sounds rhythmic] Use strong percussion (dhol + war drums) Female vocal powerful, commanding Add echo chant: “Durga! Durga!” Insert bell strike every 2 lines	true	true	assets/covers/4cf5c8eb-fe72-483f-952d-0556a8e4b408.jpeg	assets/audio/4cf5c8eb-fe72-483f-952d-0556a8e4b408.mp3	NULL	false
b7260b36-705a-493e-ab43-4cf6d9ba9bb9	O.I.riginal.nteligence	2026-03-21T11:12:21.371Z	3:47	chirp-crow		true	true	assets/covers/b7260b36-705a-493e-ab43-4cf6d9ba9bb9.jpeg	assets/audio/b7260b36-705a-493e-ab43-4cf6d9ba9bb9.mp3	NULL	false
a13e3aff-822d-4a39-840c-333df718a6a6	O.I.riginal.nteligence	2026-03-21T11:12:21.371Z	5:27	chirp-crow		true	true	assets/covers/a13e3aff-822d-4a39-840c-333df718a6a6.jpeg	assets/audio/a13e3aff-822d-4a39-840c-333df718a6a6.mp3	NULL	false
877a4cae-7aaa-4d7a-b037-021fcc544fb5	O.I.riginal.nteligence	2026-03-21T11:05:59.171Z	4:56	chirp-crow		true	true	assets/covers/877a4cae-7aaa-4d7a-b037-021fcc544fb5.jpeg	assets/audio/877a4cae-7aaa-4d7a-b037-021fcc544fb5.mp3	NULL	false
35c9d20a-94e6-4b53-9e14-073f7c519e47	O.I.riginal.nteligence	2026-03-21T11:05:59.171Z	6:07	chirp-crow		true	true	assets/covers/35c9d20a-94e6-4b53-9e14-073f7c519e47.jpeg	assets/audio/35c9d20a-94e6-4b53-9e14-073f7c519e47.mp3	NULL	false
ad20ad65-6256-4cde-b283-500aae7ad4fd	neural jogi	2026-03-21T10:39:47.228Z	7:35	chirp-crow	Haryanvi Ragni-Trap Fusion, Psytrance, 432Hz Tuning, Cinematic Vedic Bass, Aggressive Aghori Growls, Meditative Jogi Vocals, Industrial Techno elements, 808 Distorted Sub-bass, Temple Bell (Ghanta) Resonances, Dark but Divine Atmosphere, 150 BPM.	true	true	assets/covers/ad20ad65-6256-4cde-b283-500aae7ad4fd.jpeg	assets/audio/ad20ad65-6256-4cde-b283-500aae7ad4fd.mp3	NULL	false
092cd586-b79b-465f-b06c-972aa38bd494	neural jogi	2026-03-21T10:39:47.228Z	7:32	chirp-crow	Haryanvi Ragni-Trap Fusion, Psytrance, 432Hz Tuning, Cinematic Vedic Bass, Aggressive Aghori Growls, Meditative Jogi Vocals, Industrial Techno elements, 808 Distorted Sub-bass, Temple Bell (Ghanta) Resonances, Dark but Divine Atmosphere, 150 BPM.	true	true	assets/covers/092cd586-b79b-465f-b06c-972aa38bd494.jpeg	assets/audio/092cd586-b79b-465f-b06c-972aa38bd494.mp3	NULL	false
c2ff4d29-bde8-449a-847e-9dcdc78e4a69	neural jogi	2026-03-21T10:26:36.270Z	5:37	chirp-crow	Haryanvi Ragni-Trap Fusion, Psytrance, 432Hz Tuning, Cinematic Vedic Bass, Aggressive Aghori Growls, Meditative Jogi Vocals, Industrial Techno elements, 808 Distorted Sub-bass, Temple Bell (Ghanta) Resonances, Dark but Divine Atmosphere, 150 BPM.	true	true	assets/covers/c2ff4d29-bde8-449a-847e-9dcdc78e4a69.jpeg	assets/audio/c2ff4d29-bde8-449a-847e-9dcdc78e4a69.mp3	NULL	false
78e037f2-edcd-4a6c-bdc4-099e1b4774e9	neural jogi	2026-03-21T10:26:36.270Z	5:55	chirp-crow	Haryanvi Ragni-Trap Fusion, Psytrance, 432Hz Tuning, Cinematic Vedic Bass, Aggressive Aghori Growls, Meditative Jogi Vocals, Industrial Techno elements, 808 Distorted Sub-bass, Temple Bell (Ghanta) Resonances, Dark but Divine Atmosphere, 150 BPM.	true	true	assets/covers/78e037f2-edcd-4a6c-bdc4-099e1b4774e9.jpeg	assets/audio/78e037f2-edcd-4a6c-bdc4-099e1b4774e9.mp3	NULL	false
32b5d3c2-5566-44b7-9d81-86e8f1685967	neural jogi	2026-03-21T09:56:48.241Z	4:08	chirp-crow	Haryanvi Ragni-Trap Fusion, Psytrance, 432Hz Tuning, Cinematic Vedic Bass, Aggressive Aghori Growls, Meditative Jogi Vocals, Industrial Techno elements, 808 Distorted Sub-bass, Temple Bell (Ghanta) Resonances, Dark but Divine Atmosphere, 150 BPM.	true	true	assets/covers/32b5d3c2-5566-44b7-9d81-86e8f1685967.jpeg	assets/audio/32b5d3c2-5566-44b7-9d81-86e8f1685967.mp3	NULL	false
ccb6b23a-62e2-44e4-b1f4-94283dd7bdfc	neural jogi	2026-03-21T09:56:48.241Z	3:08	chirp-crow	Haryanvi Ragni-Trap Fusion, Psytrance, 432Hz Tuning, Cinematic Vedic Bass, Aggressive Aghori Growls, Meditative Jogi Vocals, Industrial Techno elements, 808 Distorted Sub-bass, Temple Bell (Ghanta) Resonances, Dark but Divine Atmosphere, 150 BPM.	true	true	assets/covers/ccb6b23a-62e2-44e4-b1f4-94283dd7bdfc.jpeg	assets/audio/ccb6b23a-62e2-44e4-b1f4-94283dd7bdfc.mp3	NULL	false
1482a051-de1c-4ca4-bc3b-2a183763c075	neural jogi	2026-03-21T08:49:43.620Z	6:45	chirp-crow	maataa gangaur aashirwaad	true	true	assets/covers/1482a051-de1c-4ca4-bc3b-2a183763c075.jpeg	assets/audio/1482a051-de1c-4ca4-bc3b-2a183763c075.mp3	NULL	false
9b907c3a-8874-4c5a-93bb-ba08f8477cdc	neural jogi	2026-03-21T08:49:43.619Z	6:26	chirp-crow	maataa gangaur aashirwaad	true	true	assets/covers/9b907c3a-8874-4c5a-93bb-ba08f8477cdc.jpeg	assets/audio/9b907c3a-8874-4c5a-93bb-ba08f8477cdc.mp3	NULL	false
e09752f7-8498-4ed6-bcf6-594f85308686	neural jogi	2026-03-21T08:16:35.428Z	4:26	chirp-crow	ancient instruments.. folk raw celebrations.. ancient sounds of joy	true	true	assets/covers/e09752f7-8498-4ed6-bcf6-594f85308686.jpeg	assets/audio/e09752f7-8498-4ed6-bcf6-594f85308686.mp3	NULL	false
cf3dbe9b-e2f2-4b21-bd5b-4332afa2a38e	neural jogi	2026-03-21T08:16:35.427Z	3:43	chirp-crow	ancient instruments.. folk raw celebrations.. ancient sounds of joy	true	true	assets/covers/cf3dbe9b-e2f2-4b21-bd5b-4332afa2a38e.jpeg	assets/audio/cf3dbe9b-e2f2-4b21-bd5b-4332afa2a38e.mp3	NULL	false
6a5dd84e-6da0-4b09-9a52-1db8c4acef47	neural jogi	2026-03-21T08:07:58.181Z	3:52	chirp-crow	[Style: Rajasthani Folk Fusion, Mand, Ghoomar, Devotional] [Concept] Gangaur song blending Marwar (deep), Mewar (melodic), Shekhawati (fast dance). Start emotional → build melody → high-energy dance → soft devotional outro. [Tempo] 90 BPM [Instruments] dholak, khartal, manjira, sarangi (intro), algoza flute (mid), tanpura drone [Voices] female lead + group women chorus (raw village feel) [Structure] intro (soft) → verse (light rhythm) → chorus (repeat hook) → dance section (fast claps) → final (full energy) → outro (soft fade) [Rules] simple words, clear vocals, repeat hook often, natural village sound, no EDM/rap [Hook] gangaur aayi re aayi re aayi re [Goal] viral Rajasthan folk song for group singing and dance	true	true	assets/covers/6a5dd84e-6da0-4b09-9a52-1db8c4acef47.jpeg	assets/audio/6a5dd84e-6da0-4b09-9a52-1db8c4acef47.mp3	NULL	false
43e46f35-5912-4f95-84b9-92edf0d0fb86	neural jogi	2026-03-21T08:07:58.181Z	3:01	chirp-crow	[Style: Rajasthani Folk Fusion, Mand, Ghoomar, Devotional] [Concept] Gangaur song blending Marwar (deep), Mewar (melodic), Shekhawati (fast dance). Start emotional → build melody → high-energy dance → soft devotional outro. [Tempo] 90 BPM [Instruments] dholak, khartal, manjira, sarangi (intro), algoza flute (mid), tanpura drone [Voices] female lead + group women chorus (raw village feel) [Structure] intro (soft) → verse (light rhythm) → chorus (repeat hook) → dance section (fast claps) → final (full energy) → outro (soft fade) [Rules] simple words, clear vocals, repeat hook often, natural village sound, no EDM/rap [Hook] gangaur aayi re aayi re aayi re [Goal] viral Rajasthan folk song for group singing and dance	true	true	assets/covers/43e46f35-5912-4f95-84b9-92edf0d0fb86.jpeg	assets/audio/43e46f35-5912-4f95-84b9-92edf0d0fb86.mp3	NULL	false
95afba01-5a36-42ca-8dcc-2506b2523fe4	neural jogi	2026-03-21T07:35:13.074Z	1:56	chirp-crow	[Style: Rajasthani Folk, Mand, Village Women Chorus, Festive, Simple] [Tempo: 90 BPM] [Mood: joyful, earthy, celebratory, feminine, village energy] [Instruments] dholak (main groove), khartal (clap rhythm), manjira (light metallic), sarangi (simple melody), algoza flute (background), hand claps, ghungroo [Voices] - 1 female lead (strong, clear rural tone) - group of women chorus (wide, natural, raw) - no male voice [Structure] Intro: soft sarangi + claps + lead voice Verse: light dholak + call-response Chorus: full chorus + claps + energy rise Clap section: rhythm heavy, minimal melody Repeat hook often [Important Rules] - keep lyrics very clear and slow - repeat hook multiple times - avoid complex words - natural village feel (not studio polished) - no reverb-heavy cinematic sound - no EDM, no rap [Goal] Create a super catchy village Gangaur song that women can sing together easily while dancing in a circle.	true	true	assets/covers/95afba01-5a36-42ca-8dcc-2506b2523fe4.jpeg	assets/audio/95afba01-5a36-42ca-8dcc-2506b2523fe4.mp3	NULL	false
050e19ec-ac35-452e-bb9e-16277b396b08	neural jogi	2026-03-21T07:35:13.074Z	2:06	chirp-crow	[Style: Rajasthani Folk, Mand, Village Women Chorus, Festive, Simple] [Tempo: 90 BPM] [Mood: joyful, earthy, celebratory, feminine, village energy] [Instruments] dholak (main groove), khartal (clap rhythm), manjira (light metallic), sarangi (simple melody), algoza flute (background), hand claps, ghungroo [Voices] - 1 female lead (strong, clear rural tone) - group of women chorus (wide, natural, raw) - no male voice [Structure] Intro: soft sarangi + claps + lead voice Verse: light dholak + call-response Chorus: full chorus + claps + energy rise Clap section: rhythm heavy, minimal melody Repeat hook often [Important Rules] - keep lyrics very clear and slow - repeat hook multiple times - avoid complex words - natural village feel (not studio polished) - no reverb-heavy cinematic sound - no EDM, no rap [Goal] Create a super catchy village Gangaur song that women can sing together easily while dancing in a circle.	true	true	assets/covers/050e19ec-ac35-452e-bb9e-16277b396b08.jpeg	assets/audio/050e19ec-ac35-452e-bb9e-16277b396b08.mp3	NULL	false
9d65a1fd-2546-4c3c-817e-49c52a5ebb0b	neural jogi	2026-03-21T07:30:59.439Z	1:31	chirp-crow	[Style: Rajasthani Folk, Mand, Village Women Chorus, Festive, Simple] [Tempo: 90 BPM] [Mood: joyful, earthy, celebratory, feminine, village energy] [Instruments] dholak (main groove), khartal (clap rhythm), manjira (light metallic), sarangi (simple melody), algoza flute (background), hand claps, ghungroo [Voices] - 1 female lead (strong, clear rural tone) - group of women chorus (wide, natural, raw) - no male voice [Structure] Intro: soft sarangi + claps + lead voice Verse: light dholak + call-response Chorus: full chorus + claps + energy rise Clap section: rhythm heavy, minimal melody Repeat hook often [Important Rules] - keep lyrics very clear and slow - repeat hook multiple times - avoid complex words - natural village feel (not studio polished) - no reverb-heavy cinematic sound - no EDM, no rap [Goal] Create a super catchy village Gangaur song that women can sing together easily while dancing in a circle.	true	true	assets/covers/9d65a1fd-2546-4c3c-817e-49c52a5ebb0b.jpeg	assets/audio/9d65a1fd-2546-4c3c-817e-49c52a5ebb0b.mp3	NULL	false
75687504-db82-463a-96f8-62dd4c6ad2b1	neural jogi	2026-03-21T07:30:59.439Z	1:32	chirp-crow	[Style: Rajasthani Folk, Mand, Village Women Chorus, Festive, Simple] [Tempo: 90 BPM] [Mood: joyful, earthy, celebratory, feminine, village energy] [Instruments] dholak (main groove), khartal (clap rhythm), manjira (light metallic), sarangi (simple melody), algoza flute (background), hand claps, ghungroo [Voices] - 1 female lead (strong, clear rural tone) - group of women chorus (wide, natural, raw) - no male voice [Structure] Intro: soft sarangi + claps + lead voice Verse: light dholak + call-response Chorus: full chorus + claps + energy rise Clap section: rhythm heavy, minimal melody Repeat hook often [Important Rules] - keep lyrics very clear and slow - repeat hook multiple times - avoid complex words - natural village feel (not studio polished) - no reverb-heavy cinematic sound - no EDM, no rap [Goal] Create a super catchy village Gangaur song that women can sing together easily while dancing in a circle.	true	true	assets/covers/75687504-db82-463a-96f8-62dd4c6ad2b1.jpeg	assets/audio/75687504-db82-463a-96f8-62dd4c6ad2b1.mp3	NULL	false
c1f60054-5682-4989-a470-f3ba4295c065	neural jogi	2026-03-21T07:11:30.086Z	4:20	chirp-crow	[Style: Indian Folk + Rajasthani Mand + Tribal + Ambient + Devotional + Cinematic + Binaural 8D feel] [Concept: A Vedic Sannyasi in the center surrounded by 1000 Joganiya voices forming a cosmic mandala. Sound evolves from invocation → celebration → silence.] [Scale + Raag Influence] - Mand + Khamaj (folk celebration) [Instruments] - Tanpura drone (constant base) - Sarangi / Kamayacha (emotional lead) - Algoza flute (desert wind feel) - Dholak + Khartal (folk rhythm) - Temple bells + ghungroo (spatial sparkle) - Deep bass pulse (heartbeat) - Ambient pads (cosmic layer) [Voices] - 1 deep male voice (Vedic Sannyasi, low, calm, centered) - 1 lead female voice (Gauri, warm, expressive, devotional) - Massive female chorus (1000 Joganiya effect, layered wide stereo) - Breath textures: aaah, oooh, haaye	true	true	assets/covers/c1f60054-5682-4989-a470-f3ba4295c065.jpeg	assets/audio/c1f60054-5682-4989-a470-f3ba4295c065.mp3	NULL	false
7789d061-f161-4e4d-ad2d-4bf0d70bd861	neural jogi	2026-03-21T07:11:30.086Z	4:03	chirp-crow	[Style: Indian Folk + Rajasthani Mand + Tribal + Ambient + Devotional + Cinematic + Binaural 8D feel] [Concept: A Vedic Sannyasi in the center surrounded by 1000 Joganiya voices forming a cosmic mandala. Sound evolves from invocation → celebration → silence.] [Scale + Raag Influence] - Mand + Khamaj (folk celebration) [Instruments] - Tanpura drone (constant base) - Sarangi / Kamayacha (emotional lead) - Algoza flute (desert wind feel) - Dholak + Khartal (folk rhythm) - Temple bells + ghungroo (spatial sparkle) - Deep bass pulse (heartbeat) - Ambient pads (cosmic layer) [Voices] - 1 deep male voice (Vedic Sannyasi, low, calm, centered) - 1 lead female voice (Gauri, warm, expressive, devotional) - Massive female chorus (1000 Joganiya effect, layered wide stereo) - Breath textures: aaah, oooh, haaye	true	true	assets/covers/7789d061-f161-4e4d-ad2d-4bf0d70bd861.jpeg	assets/audio/7789d061-f161-4e4d-ad2d-4bf0d70bd861.mp3	NULL	false
b3dab790-2dfb-43e9-bd08-6fed863e2e42	neural jogi	2026-03-21T07:05:09.773Z	2:38	chirp-crow	[Style: Indian Folk + Rajasthani Mand + Tribal + Ambient + Devotional + Cinematic + Binaural 8D feel] [Concept: A Vedic Sannyasi in the center surrounded by 1000 Joganiya voices forming a cosmic mandala. Sound evolves from invocation → celebration → silence.] [Tempo Map] - Track 1 (Invocation): 70–75 BPM - Track 2 (Fusion): 90–95 BPM - Track 3 (Silence): 55–65 BPM [Scale + Raag Influence] - Bhairav (intro spiritual gravity) - Mand + Khamaj (folk celebration) - Malkauns (deep meditative outro) [Instruments] - Tanpura drone (constant base) - Sarangi / Kamayacha (emotional lead) - Algoza flute (desert wind feel) - Dholak + Khartal (folk rhythm) - Temple bells + ghungroo (spatial sparkle) - Deep bass pulse (heartbeat) - Ambient pads (cosmic layer) [Voices] - 1 deep male voice (Vedic Sannyasi, low, calm, centered) - 1 lead female voice (Gauri, warm, expressive, devotional) - Massive female chorus (1000 Joganiya effect, layered wide stereo) - Breath textures: aaah, oooh, haaye (soft, se	true	true	assets/covers/b3dab790-2dfb-43e9-bd08-6fed863e2e42.jpeg	assets/audio/b3dab790-2dfb-43e9-bd08-6fed863e2e42.mp3	NULL	false
68b7f05f-0d8c-4740-b17b-f2e679aacd98	neural jogi	2026-03-21T07:05:09.773Z	2:25	chirp-crow	[Style: Indian Folk + Rajasthani Mand + Tribal + Ambient + Devotional + Cinematic + Binaural 8D feel] [Concept: A Vedic Sannyasi in the center surrounded by 1000 Joganiya voices forming a cosmic mandala. Sound evolves from invocation → celebration → silence.] [Tempo Map] - Track 1 (Invocation): 70–75 BPM - Track 2 (Fusion): 90–95 BPM - Track 3 (Silence): 55–65 BPM [Scale + Raag Influence] - Bhairav (intro spiritual gravity) - Mand + Khamaj (folk celebration) - Malkauns (deep meditative outro) [Instruments] - Tanpura drone (constant base) - Sarangi / Kamayacha (emotional lead) - Algoza flute (desert wind feel) - Dholak + Khartal (folk rhythm) - Temple bells + ghungroo (spatial sparkle) - Deep bass pulse (heartbeat) - Ambient pads (cosmic layer) [Voices] - 1 deep male voice (Vedic Sannyasi, low, calm, centered) - 1 lead female voice (Gauri, warm, expressive, devotional) - Massive female chorus (1000 Joganiya effect, layered wide stereo) - Breath textures: aaah, oooh, haaye (soft, se	true	true	assets/covers/68b7f05f-0d8c-4740-b17b-f2e679aacd98.jpeg	assets/audio/68b7f05f-0d8c-4740-b17b-f2e679aacd98.mp3	NULL	false
971b76d4-9982-4b49-9419-b8e39097a769	chhor de	2026-03-20T20:44:15.529Z	3:48	chirp-crow	Cinematic Global Fusion, Haryanvi Folk-Opera, Raag Shivranjani & Marwa base, 60 BPM Heartbeat-pulse, Gregorian Chant background choir, Soprano Opera high notes, Fado emotional style, Mongolian Throat Singing male baritone, Raw Haryanvi Folk vocals, Crying Sarangi, Haunting Raavan Hatta, Gothic Pipe Organ, Distorted Neuro-acoustic textures, 3D Spatial Audio, High-definition Tragedy, Ethereal and Visceral. "Non-polished, raw emotional delivery, sobbing vocals"	true	true	assets/covers/971b76d4-9982-4b49-9419-b8e39097a769.jpeg	assets/audio/971b76d4-9982-4b49-9419-b8e39097a769.mp3	NULL	false
26ae8b47-2aa1-4fc3-9a27-bfc906169f67	chhor de	2026-03-20T20:44:15.529Z	3:34	chirp-crow	Cinematic Global Fusion, Haryanvi Folk-Opera, Raag Shivranjani & Marwa base, 60 BPM Heartbeat-pulse, Gregorian Chant background choir, Soprano Opera high notes, Fado emotional style, Mongolian Throat Singing male baritone, Raw Haryanvi Folk vocals, Crying Sarangi, Haunting Raavan Hatta, Gothic Pipe Organ, Distorted Neuro-acoustic textures, 3D Spatial Audio, High-definition Tragedy, Ethereal and Visceral. "Non-polished, raw emotional delivery, sobbing vocals"	true	true	assets/covers/26ae8b47-2aa1-4fc3-9a27-bfc906169f67.jpeg	assets/audio/26ae8b47-2aa1-4fc3-9a27-bfc906169f67.mp3	NULL	false
48d4c16c-f0af-4e47-8834-ce416cc8312e	chhor de	2026-03-20T18:22:20.848Z	3:34	chirp-crow	Cinematic Global Fusion, Haryanvi Folk-Opera, Raag Shivranjani & Marwa base, 60 BPM Heartbeat-pulse, Gregorian Chant background choir, Soprano Opera high notes, Fado emotional style, Mongolian Throat Singing male baritone, Raw Haryanvi Folk vocals, Crying Sarangi, Haunting Raavan Hatta, Gothic Pipe Organ, Distorted Neuro-acoustic textures, 3D Spatial Audio, High-definition Tragedy, Ethereal and Visceral. "Non-polished, raw emotional delivery, sobbing vocals"	true	true	assets/covers/48d4c16c-f0af-4e47-8834-ce416cc8312e.jpeg	assets/audio/48d4c16c-f0af-4e47-8834-ce416cc8312e.mp3	NULL	false
5b1a2a19-1787-49a9-b01a-795121534e08	chhor de	2026-03-20T18:22:20.848Z	3:35	chirp-crow	Cinematic Global Fusion, Haryanvi Folk-Opera, Raag Shivranjani & Marwa base, 60 BPM Heartbeat-pulse, Gregorian Chant background choir, Soprano Opera high notes, Fado emotional style, Mongolian Throat Singing male baritone, Raw Haryanvi Folk vocals, Crying Sarangi, Haunting Raavan Hatta, Gothic Pipe Organ, Distorted Neuro-acoustic textures, 3D Spatial Audio, High-definition Tragedy, Ethereal and Visceral. "Non-polished, raw emotional delivery, sobbing vocals"	true	true	assets/covers/5b1a2a19-1787-49a9-b01a-795121534e08.jpeg	assets/audio/5b1a2a19-1787-49a9-b01a-795121534e08.mp3	NULL	false
a33956a5-2081-468d-b0aa-1507b51cf541	chhor de	2026-03-20T18:14:14.895Z	5:13	chirp-crow	Haunting Haryanvi Folk Fusion, Raag Shivranjani base, Pathos, Melancholic, Ethereal Neuro-acoustic textures, Male deep heavy resonant voice (40s), Female sharp emotive mourning voice (Nasibo Lal style), Intro with Ventilator beeps fading into Raavan Hatta and Sarangi, Slow heartbeat percussion, 3D spatial whispers, Binaural background pads, Surreal dreamlike atmosphere, High emotional intensity, 60 BPM. "Raw, Gritty, Sobbing vocals" "Spiritual Spike Fiddle" "Sudden silence followed by a long sine wave beep"	true	true	assets/covers/a33956a5-2081-468d-b0aa-1507b51cf541.jpeg	assets/audio/a33956a5-2081-468d-b0aa-1507b51cf541.mp3	NULL	false
e7134e4e-a3b4-4eb2-830d-e9a1e0791ca4	chhor de	2026-03-20T18:14:14.895Z	5:12	chirp-crow	Haunting Haryanvi Folk Fusion, Raag Shivranjani base, Pathos, Melancholic, Ethereal Neuro-acoustic textures, Male deep heavy resonant voice (40s), Female sharp emotive mourning voice (Nasibo Lal style), Intro with Ventilator beeps fading into Raavan Hatta and Sarangi, Slow heartbeat percussion, 3D spatial whispers, Binaural background pads, Surreal dreamlike atmosphere, High emotional intensity, 60 BPM. "Raw, Gritty, Sobbing vocals" "Spiritual Spike Fiddle" "Sudden silence followed by a long sine wave beep"	true	true	assets/covers/e7134e4e-a3b4-4eb2-830d-e9a1e0791ca4.jpeg	assets/audio/e7134e4e-a3b4-4eb2-830d-e9a1e0791ca4.mp3	NULL	false
5813c3d7-64ae-4dcd-86cc-6c4cc319f0d7	(untitled)	2026-03-20T18:02:52.749Z	4:20	chirp-crow	Haunting Haryanvi Folk Fusion, Raag Shivranjani base, Pathos, Melancholic, Ethereal Neuro-acoustic textures, Male deep heavy resonant voice (40s), Female sharp emotive mourning voice (Nasibo Lal style), Intro with Ventilator beeps fading into Raavan Hatta and Sarangi, Slow heartbeat percussion, 3D spatial whispers, Binaural background pads, Surreal dreamlike atmosphere, High emotional intensity, 60 BPM. "Raw, Gritty, Sobbing vocals" "Spiritual Spike Fiddle" "Sudden silence followed by a long sine wave beep"	true	true	assets/covers/5813c3d7-64ae-4dcd-86cc-6c4cc319f0d7.jpeg	assets/audio/5813c3d7-64ae-4dcd-86cc-6c4cc319f0d7.mp3	NULL	false
ae00fa9b-6761-4e45-89a4-c8bebb0ec9e2	(untitled)	2026-03-20T18:02:52.749Z	4:17	chirp-crow	Haunting Haryanvi Folk Fusion, Raag Shivranjani base, Pathos, Melancholic, Ethereal Neuro-acoustic textures, Male deep heavy resonant voice (40s), Female sharp emotive mourning voice (Nasibo Lal style), Intro with Ventilator beeps fading into Raavan Hatta and Sarangi, Slow heartbeat percussion, 3D spatial whispers, Binaural background pads, Surreal dreamlike atmosphere, High emotional intensity, 60 BPM. "Raw, Gritty, Sobbing vocals" "Spiritual Spike Fiddle" "Sudden silence followed by a long sine wave beep"	true	true	assets/covers/ae00fa9b-6761-4e45-89a4-c8bebb0ec9e2.jpeg	assets/audio/ae00fa9b-6761-4e45-89a4-c8bebb0ec9e2.mp3	NULL	false
abdadc18-6d3f-43c5-aacc-5df4eba20e4d	(untitled)	2026-03-20T09:56:07.861Z	7:33	chirp-crow	hard death rock vedic sanskrit	true	true	assets/covers/abdadc18-6d3f-43c5-aacc-5df4eba20e4d.jpeg	assets/audio/abdadc18-6d3f-43c5-aacc-5df4eba20e4d.mp3	NULL	false
b7ab25e5-8f36-4dd2-a0ed-a64c5f9f0b63	(untitled)	2026-03-20T09:56:07.861Z	7:42	chirp-crow	hard death rock vedic sanskrit	true	true	assets/covers/b7ab25e5-8f36-4dd2-a0ed-a64c5f9f0b63.jpeg	assets/audio/b7ab25e5-8f36-4dd2-a0ed-a64c5f9f0b63.mp3	NULL	false
322826de-5054-4df5-868c-4d8eefd1140f	(untitled)	2026-03-20T09:23:59.923Z	7:59	chirp-crow	वैदिक तंत्र हेमंत तत्व	true	true	assets/covers/322826de-5054-4df5-868c-4d8eefd1140f.jpeg	assets/audio/322826de-5054-4df5-868c-4d8eefd1140f.mp3	NULL	false
75db9ef6-ac44-4361-aa4f-64d05aab70a8	(untitled)	2026-03-20T09:23:59.923Z	7:59	chirp-crow	वैदिक तंत्र हेमंत तत्व	true	true	assets/covers/75db9ef6-ac44-4361-aa4f-64d05aab70a8.jpeg	assets/audio/75db9ef6-ac44-4361-aa4f-64d05aab70a8.mp3	NULL	false
9ea90a62-a2d7-462c-9f8c-fb078246a1ae	(untitled)	2026-03-20T08:31:36.140Z	1:55	chirp-crow	वैदिक तंत्र हेमंत तत्व	true	true	assets/covers/9ea90a62-a2d7-462c-9f8c-fb078246a1ae.jpeg	assets/audio/9ea90a62-a2d7-462c-9f8c-fb078246a1ae.mp3	NULL	false
f5ee1b21-dfd0-497c-8f70-18a04305df49	(untitled)	2026-03-20T08:31:36.140Z	1:24	chirp-crow	वैदिक तंत्र हेमंत तत्व	true	true	assets/covers/f5ee1b21-dfd0-497c-8f70-18a04305df49.jpeg	assets/audio/f5ee1b21-dfd0-497c-8f70-18a04305df49.mp3	NULL	false
200d3cac-7b7b-437a-8877-c560fdd74b80	neural jogi	2026-03-20T06:14:11.890Z	6:53	chirp-crow	🎵 गीत (Lyrics): उल्टी चाल चल पड़े शिव राग: भैरवी (सुबह का राग, करुण रस से भरपूर) ताल: झूमर (धीमी, गहरी लय) या धमार (भक्ति रस) भाषा: हरियाणवी (खड़ी बोल, सधी हुई) भाव: शिव के विरह को हरने की उल्टी यात्रा start with e ri meri maaaaaaaaaaaa.. tere anant roop... e ji meri maaaaaaaa... tera maanas huaa kuroop.. bhool gayaa yo dhyaan lagaana... bhool gaya ye jog... e ri maa.. ho gaya andhaa hawas main.. bada bura laga ise ye rog... e ri meri maaaaaaaaaaaa.. mujhe kyon yo sab dikhaye.. meri maaa jis kaaraj aaya main jaldi pooraaa... kara le.. jeewana yo mera pal bhar ka.. mere bolon se duniya ke bhaag jagaa de..	true	true	assets/covers/200d3cac-7b7b-437a-8877-c560fdd74b80.jpeg	assets/audio/200d3cac-7b7b-437a-8877-c560fdd74b80.mp3	NULL	false
7c45ec0d-f3b8-4cb9-beaf-2d74f4302da5	neural jogi	2026-03-20T06:14:11.890Z	6:53	chirp-crow	🎵 गीत (Lyrics): उल्टी चाल चल पड़े शिव राग: भैरवी (सुबह का राग, करुण रस से भरपूर) ताल: झूमर (धीमी, गहरी लय) या धमार (भक्ति रस) भाषा: हरियाणवी (खड़ी बोल, सधी हुई) भाव: शिव के विरह को हरने की उल्टी यात्रा start with e ri meri maaaaaaaaaaaa.. tere anant roop... e ji meri maaaaaaaa... tera maanas huaa kuroop.. bhool gayaa yo dhyaan lagaana... bhool gaya ye jog... e ri maa.. ho gaya andhaa hawas main.. bada bura laga ise ye rog... e ri meri maaaaaaaaaaaa.. mujhe kyon yo sab dikhaye.. meri maaa jis kaaraj aaya main jaldi pooraaa... kara le.. jeewana yo mera pal bhar ka.. mere bolon se duniya ke bhaag jagaa de..	true	true	assets/covers/7c45ec0d-f3b8-4cb9-beaf-2d74f4302da5.jpeg	assets/audio/7c45ec0d-f3b8-4cb9-beaf-2d74f4302da5.mp3	NULL	false
f02bb457-88b6-415c-9b34-da9e9896a390	neural jogi	2026-03-20T04:46:49.013Z	5:47	chirp-crow	TITLE: Triveni Naad – Inner Jogi Duet [STYLE: Indian Folk Jogi Ragni + Gurbani Kirtan + Minimal Ambient, raw organic, no EDM, no autotune] [MOOD: spiritual, emotional, inner dialogue, masculine truth + feminine compassion] [TEMPO: 50 BPM intro → 70 BPM mid → 85 BPM peak → 50 BPM outro] [KEY: D minor, tanpura drone constant] [INSTRUMENTS: tanpura, rabab, sarangi, ektara, soft flute, dholak (mid only), wind ambience, temple bell] [VOICES: male = raw jogi, earthy, direct female = soft, airy, divine, emotional female reverb light, male dry whispers binaural L/R] [IMPORTANT: no extra narration in lyrics no explanation text only sing lyrics below keep pauses and silence] --	true	true	assets/covers/f02bb457-88b6-415c-9b34-da9e9896a390.jpeg	assets/audio/f02bb457-88b6-415c-9b34-da9e9896a390.mp3	NULL	false
28f32076-2c38-4dfd-8f9b-27aeeee9b5bc	neural jogi	2026-03-20T04:46:49.013Z	5:51	chirp-crow	TITLE: Triveni Naad – Inner Jogi Duet [STYLE: Indian Folk Jogi Ragni + Gurbani Kirtan + Minimal Ambient, raw organic, no EDM, no autotune] [MOOD: spiritual, emotional, inner dialogue, masculine truth + feminine compassion] [TEMPO: 50 BPM intro → 70 BPM mid → 85 BPM peak → 50 BPM outro] [KEY: D minor, tanpura drone constant] [INSTRUMENTS: tanpura, rabab, sarangi, ektara, soft flute, dholak (mid only), wind ambience, temple bell] [VOICES: male = raw jogi, earthy, direct female = soft, airy, divine, emotional female reverb light, male dry whispers binaural L/R] [IMPORTANT: no extra narration in lyrics no explanation text only sing lyrics below keep pauses and silence] --	true	true	assets/covers/28f32076-2c38-4dfd-8f9b-27aeeee9b5bc.jpeg	assets/audio/28f32076-2c38-4dfd-8f9b-27aeeee9b5bc.mp3	NULL	false
2fc25f01-e1af-419b-af18-4a94b1792d7b	(untitled)	2026-03-20T04:21:06.797Z	3:02	chirp-crow	TITLE: **“NAAD BRAHM: 31 RAAG NEURAL JOGI ALBUM”** STYLE: Indian Folk (Haryanvi Ragni + Jogi style) + Gurbani Kirtan + Sufi + Minimal Electronic Ambient MOOD: Spiritual, raw, emotional, awakening, rural + cosmic fusion TEMPO FLOW: Slow (meditative) → Mid (folk groove) → High (transcendence) → Calm outro --- 🎤 VOCAL DESIGN: * Male Jogi voice (raw, earthy, open-air, slightly rough texture) * Background female alaap (ethereal, reverb heavy) * Occasional crowd chants (railway station / village ambience) * Whisper layers (left-right binaural feel) --- 🥁 INSTRUMENTS: * Ektara, Sarangi, Algoza, Been, Dholak, Khartal * Subtle tanpura drone (constant) * Low ambient pads (cosmic feel) * Natural sounds (wind, temple bells, train station, crowd murmur) --- 🧠 NEURAL SOUND DESIGN: * Theta (5–7 Hz feel) for emotional sections * Alpha (8–10 Hz feel) for calm * Beta (14–18 Hz feel) for hook/energy * Gamma rise (30 Hz feel) for climax * Use rhythmic repetition, not literal Hz tones ---	true	true	assets/covers/2fc25f01-e1af-419b-af18-4a94b1792d7b.jpeg	assets/audio/2fc25f01-e1af-419b-af18-4a94b1792d7b.mp3	NULL	false
57e3125d-6eff-4b5a-883a-4da698ee8f1d	(untitled)	2026-03-20T04:21:06.797Z	3:03	chirp-crow	TITLE: **“NAAD BRAHM: 31 RAAG NEURAL JOGI ALBUM”** STYLE: Indian Folk (Haryanvi Ragni + Jogi style) + Gurbani Kirtan + Sufi + Minimal Electronic Ambient MOOD: Spiritual, raw, emotional, awakening, rural + cosmic fusion TEMPO FLOW: Slow (meditative) → Mid (folk groove) → High (transcendence) → Calm outro --- 🎤 VOCAL DESIGN: * Male Jogi voice (raw, earthy, open-air, slightly rough texture) * Background female alaap (ethereal, reverb heavy) * Occasional crowd chants (railway station / village ambience) * Whisper layers (left-right binaural feel) --- 🥁 INSTRUMENTS: * Ektara, Sarangi, Algoza, Been, Dholak, Khartal * Subtle tanpura drone (constant) * Low ambient pads (cosmic feel) * Natural sounds (wind, temple bells, train station, crowd murmur) --- 🧠 NEURAL SOUND DESIGN: * Theta (5–7 Hz feel) for emotional sections * Alpha (8–10 Hz feel) for calm * Beta (14–18 Hz feel) for hook/energy * Gamma rise (30 Hz feel) for climax * Use rhythmic repetition, not literal Hz tones ---	true	true	assets/covers/57e3125d-6eff-4b5a-883a-4da698ee8f1d.jpeg	assets/audio/57e3125d-6eff-4b5a-883a-4da698ee8f1d.mp3	NULL	false
17393950-853a-4aed-9e6f-229ac70f25e0	(untitled)	2026-03-20T04:16:08.759Z	3:17	chirp-crow		true	true	assets/covers/17393950-853a-4aed-9e6f-229ac70f25e0.jpeg	assets/audio/17393950-853a-4aed-9e6f-229ac70f25e0.mp3	NULL	false
056a8cec-f924-4fbe-be2e-5a026a8477a1	(untitled)	2026-03-20T04:16:08.759Z	3:15	chirp-crow		true	true	assets/covers/056a8cec-f924-4fbe-be2e-5a026a8477a1.jpeg	assets/audio/056a8cec-f924-4fbe-be2e-5a026a8477a1.mp3	NULL	false
dab64572-477f-4561-ae33-43b27a37fb2a	(untitled)	2026-03-19T20:01:00.004Z	2:25	chirp-crow	High-energy Haryanvi Trap-Folk Fusion, Heavy 808 Bass, Cinematic Sound Design, Traditional Sarangi and Naggada drums, Gritty Male Rap Vocals with Haryanvi accent, Foley sounds (Hokka bubbling, fire crackling, space-ship beeps), Raag Peelu and Raag Jog elements, Atmospheric transitions, 140 BPM. Title: Gousse Galaxy: The Desi Fuel	true	true	assets/covers/dab64572-477f-4561-ae33-43b27a37fb2a.jpeg	assets/audio/dab64572-477f-4561-ae33-43b27a37fb2a.mp3	NULL	false
2b4451e0-029c-4fb6-b9e5-78fd60f4046c	(untitled)	2026-03-19T20:01:00.004Z	2:44	chirp-crow	High-energy Haryanvi Trap-Folk Fusion, Heavy 808 Bass, Cinematic Sound Design, Traditional Sarangi and Naggada drums, Gritty Male Rap Vocals with Haryanvi accent, Foley sounds (Hokka bubbling, fire crackling, space-ship beeps), Raag Peelu and Raag Jog elements, Atmospheric transitions, 140 BPM. Title: Gousse Galaxy: The Desi Fuel	true	true	assets/covers/2b4451e0-029c-4fb6-b9e5-78fd60f4046c.jpeg	assets/audio/2b4451e0-029c-4fb6-b9e5-78fd60f4046c.mp3	NULL	false
fdfe3689-13d3-4488-96a7-d2b0ad9210da	(untitled)	2026-03-19T19:30:45.173Z	5:00	chirp-crow	Haryanvi-Trap... राग पीलू की धुन को मुख्य हुक में रख सकते हैं और 'रैप' वाले हिस्से में राग काफी के नोट्स को 'सब-बेस' (Sub-bass) के साथ इस्तेमाल A high-energy Haryanvi Trap song with heavy 808 bass, gritty male vocals, and authentic sound effects. Incorporate rhythmic "Hokka gud-gud" bubbling sounds, the crackling of fire (chatar-chatar), and the sound of fanning the flames. Fast-paced rap delivery in a thick Haryanvi accent. Dark, catchy, and street-style folk-fusion.	true	true	assets/covers/fdfe3689-13d3-4488-96a7-d2b0ad9210da.jpeg	assets/audio/fdfe3689-13d3-4488-96a7-d2b0ad9210da.mp3	NULL	false
47377bea-9774-4f7b-afe4-f4e941c19c0f	(untitled)	2026-03-19T19:30:45.173Z	4:52	chirp-crow	Haryanvi-Trap... राग पीलू की धुन को मुख्य हुक में रख सकते हैं और 'रैप' वाले हिस्से में राग काफी के नोट्स को 'सब-बेस' (Sub-bass) के साथ इस्तेमाल A high-energy Haryanvi Trap song with heavy 808 bass, gritty male vocals, and authentic sound effects. Incorporate rhythmic "Hokka gud-gud" bubbling sounds, the crackling of fire (chatar-chatar), and the sound of fanning the flames. Fast-paced rap delivery in a thick Haryanvi accent. Dark, catchy, and street-style folk-fusion.	true	true	assets/covers/47377bea-9774-4f7b-afe4-f4e941c19c0f.jpeg	assets/audio/47377bea-9774-4f7b-afe4-f4e941c19c0f.mp3	NULL	false
83d40aab-8c12-48c7-8a5f-316e377ae254	(untitled)	2026-03-19T19:14:14.095Z	4:45	chirp-crow		true	true	assets/covers/83d40aab-8c12-48c7-8a5f-316e377ae254.jpeg	assets/audio/83d40aab-8c12-48c7-8a5f-316e377ae254.mp3	NULL	false
2ca29e2e-9207-45f0-9d88-9c0793d7393b	(untitled)	2026-03-19T19:14:14.095Z	3:45	chirp-crow		true	true	assets/covers/2ca29e2e-9207-45f0-9d88-9c0793d7393b.jpeg	assets/audio/2ca29e2e-9207-45f0-9d88-9c0793d7393b.mp3	NULL	false
f394c2ee-40d3-4222-96f3-594a597d4370	(untitled)	2026-03-19T18:27:41.767Z	4:31	chirp-crow	Style Descriptor: > Epic Ancient-Futuristic Fusion, Haryanvi Ragni meets Dravidian Folk-Tech, Aghori-Trap, 432Hz Tuning, Cinematic Vedic Ambient, Dark Ethno-Industrial. Vocal Style: > Dual-Vocals: A gritty, high-pitched Haryanvi Male (Aghori style) and a resonant, earthy Tamil Male (Villupaattu style). Deep Sanskrit Choral harmonies in the background. BPM: 105 (Walking pace of a Jogi). Tuning: 432Hz (Ancient Resonance). Instruments: Sarangi, Deru, Thavil, Nadaswaram, Villu (Bow), Moog Synthesizers, Taiko Drums. Atmosphere: Spiritual warfare, high-stakes heritage, tectonic shift.	true	true	assets/covers/f394c2ee-40d3-4222-96f3-594a597d4370.jpeg	assets/audio/f394c2ee-40d3-4222-96f3-594a597d4370.mp3	NULL	false
b4eb0ad2-7b9a-47a7-9dbb-243f6869fd07	(untitled)	2026-03-19T18:27:41.767Z	2:30	chirp-crow	Style Descriptor: > Epic Ancient-Futuristic Fusion, Haryanvi Ragni meets Dravidian Folk-Tech, Aghori-Trap, 432Hz Tuning, Cinematic Vedic Ambient, Dark Ethno-Industrial. Vocal Style: > Dual-Vocals: A gritty, high-pitched Haryanvi Male (Aghori style) and a resonant, earthy Tamil Male (Villupaattu style). Deep Sanskrit Choral harmonies in the background. BPM: 105 (Walking pace of a Jogi). Tuning: 432Hz (Ancient Resonance). Instruments: Sarangi, Deru, Thavil, Nadaswaram, Villu (Bow), Moog Synthesizers, Taiko Drums. Atmosphere: Spiritual warfare, high-stakes heritage, tectonic shift.	true	true	assets/covers/b4eb0ad2-7b9a-47a7-9dbb-243f6869fd07.jpeg	assets/audio/b4eb0ad2-7b9a-47a7-9dbb-243f6869fd07.mp3	NULL	false
38c841da-2008-4d6a-b85d-83833454d8ee	(untitled)	2026-03-19T17:08:14.182Z	2:48	chirp-crow	"Epic Cinematic-Carnatic Fusion. Hybrid of Ancient Mesopotamian Lyre and heavy Saraswati Veena. Tribal Dappu and Mridangam percussion. Deep Vedic chants meets glitchy Industrial Bass. 432Hz and 528Hz tuning. Atmospheric, Sacred, High-Stakes, Sovereign. Operatic Female and Deep Male Vocals." Vocal Textures: नागम्मा के लिए 'Powerful Female Mezzo-Soprano' और ब्राह्मणी के लिए 'Ancient Echoey Female' स्वर का उपयोग करें। Transitions: [Verse 1] को 'Aggressive' और [Chorus] को 'Soulful' रखने के लिए [Transition] टैग का उपयोग करें। Instruments: वीणा (Veena) और मृदंगम (Mridangam) को 'Industrial Synths' के साथ 'Mix' करने के लिए प्रॉम्प्ट में 'Hybrid' शब्द का उपयोग करें।	true	true	assets/covers/38c841da-2008-4d6a-b85d-83833454d8ee.jpeg	assets/audio/38c841da-2008-4d6a-b85d-83833454d8ee.mp3	NULL	false
164acf5c-2f05-4aa5-a11e-e8726aa075c1	(untitled)	2026-03-19T17:08:14.181Z	2:42	chirp-crow	"Epic Cinematic-Carnatic Fusion. Hybrid of Ancient Mesopotamian Lyre and heavy Saraswati Veena. Tribal Dappu and Mridangam percussion. Deep Vedic chants meets glitchy Industrial Bass. 432Hz and 528Hz tuning. Atmospheric, Sacred, High-Stakes, Sovereign. Operatic Female and Deep Male Vocals." Vocal Textures: नागम्मा के लिए 'Powerful Female Mezzo-Soprano' और ब्राह्मणी के लिए 'Ancient Echoey Female' स्वर का उपयोग करें। Transitions: [Verse 1] को 'Aggressive' और [Chorus] को 'Soulful' रखने के लिए [Transition] टैग का उपयोग करें। Instruments: वीणा (Veena) और मृदंगम (Mridangam) को 'Industrial Synths' के साथ 'Mix' करने के लिए प्रॉम्प्ट में 'Hybrid' शब्द का उपयोग करें।	true	true	assets/covers/164acf5c-2f05-4aa5-a11e-e8726aa075c1.jpeg	assets/audio/164acf5c-2f05-4aa5-a11e-e8726aa075c1.mp3	NULL	false
b25849ae-7771-4878-a6e9-6ea75ef49a13	(untitled)	2026-03-19T16:41:01.025Z	3:43	chirp-crow	folk dravidian authenticity	true	true	assets/covers/b25849ae-7771-4878-a6e9-6ea75ef49a13.jpeg	assets/audio/b25849ae-7771-4878-a6e9-6ea75ef49a13.mp3	NULL	false
f3a9813d-753a-4dc8-80c0-1761b6138f1b	(untitled)	2026-03-19T16:41:01.024Z	3:42	chirp-crow	folk dravidian authenticity	true	true	assets/covers/f3a9813d-753a-4dc8-80c0-1761b6138f1b.jpeg	assets/audio/f3a9813d-753a-4dc8-80c0-1761b6138f1b.mp3	NULL	false
e4415236-01a9-49bb-a68a-359e7f67f091	(untitled)	2026-03-19T16:33:02.304Z	4:13	chirp-crow		true	true	assets/covers/e4415236-01a9-49bb-a68a-359e7f67f091.jpeg	assets/audio/e4415236-01a9-49bb-a68a-359e7f67f091.mp3	NULL	false
7895a9b2-a1dc-4fee-8ac4-44a096b2c6a8	(untitled)	2026-03-19T16:33:02.304Z	3:47	chirp-crow		true	true	assets/covers/7895a9b2-a1dc-4fee-8ac4-44a096b2c6a8.jpeg	assets/audio/7895a9b2-a1dc-4fee-8ac4-44a096b2c6a8.mp3	NULL	false
1795fde2-4568-429d-86af-bfc929504dc6	(untitled)	2026-03-19T16:25:58.976Z	4:34	chirp-crow	Genre: Vedic-Ambient, Cinematic Folk, Cyber-Tribal, Ethno-Industrial. Mood: Sacred, Aggressive, Transcendental, Sovereign. Instruments: Shankha, Veena, Dappu, 808 Bass, Granular Synths, Bamboo Flute. Technicals: 432Hz, Spatial Reverb, Sub-bass, Epic Choral, Phasing.	true	true	assets/covers/1795fde2-4568-429d-86af-bfc929504dc6.jpeg	assets/audio/1795fde2-4568-429d-86af-bfc929504dc6.mp3	NULL	false
85859d74-b474-4661-aa75-df60336c7497	(untitled)	2026-03-19T16:25:58.976Z	4:44	chirp-crow	Genre: Vedic-Ambient, Cinematic Folk, Cyber-Tribal, Ethno-Industrial. Mood: Sacred, Aggressive, Transcendental, Sovereign. Instruments: Shankha, Veena, Dappu, 808 Bass, Granular Synths, Bamboo Flute. Technicals: 432Hz, Spatial Reverb, Sub-bass, Epic Choral, Phasing.	true	true	assets/covers/85859d74-b474-4661-aa75-df60336c7497.jpeg	assets/audio/85859d74-b474-4661-aa75-df60336c7497.mp3	NULL	false
cef36d0f-7570-45ad-b4cd-9e9d1999be10	(untitled)	2026-03-19T13:29:04.012Z	2:56	chirp-crow	aghories with been, khamak, damru, naad... shiv gaNa aghore. rudra veeNa. only human instruments no electronic sounds.	true	true	assets/covers/cef36d0f-7570-45ad-b4cd-9e9d1999be10.jpeg	assets/audio/cef36d0f-7570-45ad-b4cd-9e9d1999be10.mp3	NULL	false
c2942834-cd11-4b45-8610-08a32d23be82	(untitled)	2026-03-19T13:29:04.012Z	3:25	chirp-crow	aghories with been, khamak, damru, naad... shiv gaNa aghore. rudra veeNa. only human instruments no electronic sounds.	true	true	assets/covers/c2942834-cd11-4b45-8610-08a32d23be82.jpeg	assets/audio/c2942834-cd11-4b45-8610-08a32d23be82.mp3	NULL	false
1bd52bf2-d26e-4822-8299-2ef883803518	(untitled)	2026-03-19T13:14:45.792Z	7:59	chirp-crow	Style: Dark Ambient Trance, Binaural beats background, Deep male vocals, Sanskrit mantras, Heavy bass drops, Progressive build, 8 minutes, Shamanic drumming, Synthesizer waves, Echo effects, Mystical and intense	true	true	assets/covers/1bd52bf2-d26e-4822-8299-2ef883803518.jpeg	assets/audio/1bd52bf2-d26e-4822-8299-2ef883803518.mp3	NULL	false
bd2091ee-707a-465e-9dff-021eac34daed	(untitled)	2026-03-19T13:14:45.792Z	7:18	chirp-crow	Style: Dark Ambient Trance, Binaural beats background, Deep male vocals, Sanskrit mantras, Heavy bass drops, Progressive build, 8 minutes, Shamanic drumming, Synthesizer waves, Echo effects, Mystical and intense	true	true	assets/covers/bd2091ee-707a-465e-9dff-021eac34daed.jpeg	assets/audio/bd2091ee-707a-465e-9dff-021eac34daed.mp3	NULL	false
1712384b-9b51-4094-b444-b464a3aa0e27	(untitled)	2026-03-19T12:59:05.945Z	3:24	chirp-crow		true	true	assets/covers/1712384b-9b51-4094-b444-b464a3aa0e27.jpeg	assets/audio/1712384b-9b51-4094-b444-b464a3aa0e27.mp3	NULL	false
527b35cd-7313-4af7-82d2-007ce8ac75a1	(untitled)	2026-03-19T12:59:05.945Z	4:10	chirp-crow		true	true	assets/covers/527b35cd-7313-4af7-82d2-007ce8ac75a1.jpeg	assets/audio/527b35cd-7313-4af7-82d2-007ce8ac75a1.mp3	NULL	false
cabac8a7-5365-4ff9-b762-86e8a6586cd1	(untitled)	2026-03-19T08:09:46.275Z	3:50	chirp-crow	trance hip-hop haryanvi flavour use train whistle and station ambiances. unique folk flavours.	true	true	assets/covers/cabac8a7-5365-4ff9-b762-86e8a6586cd1.jpeg	assets/audio/cabac8a7-5365-4ff9-b762-86e8a6586cd1.mp3	NULL	false
80a39cda-0980-4c6e-bffb-50088c2967de	(untitled)	2026-03-19T08:09:46.275Z	3:32	chirp-crow	trance hip-hop haryanvi flavour use train whistle and station ambiances. unique folk flavours.	true	true	assets/covers/80a39cda-0980-4c6e-bffb-50088c2967de.jpeg	assets/audio/80a39cda-0980-4c6e-bffb-50088c2967de.mp3	NULL	false
94f4c705-c5c7-4637-b67d-06a21a3e1771	(untitled)	2026-03-19T08:01:53.227Z	3:12	chirp-crow	trance hip-hop haryanvi flavour	true	true	assets/covers/94f4c705-c5c7-4637-b67d-06a21a3e1771.jpeg	assets/audio/94f4c705-c5c7-4637-b67d-06a21a3e1771.mp3	NULL	false
edf821b2-166e-4650-a7ca-0b131dcc109b	(untitled)	2026-03-19T08:01:53.227Z	3:31	chirp-crow	trance hip-hop haryanvi flavour	true	true	assets/covers/edf821b2-166e-4650-a7ca-0b131dcc109b.jpeg	assets/audio/edf821b2-166e-4650-a7ca-0b131dcc109b.mp3	NULL	false
14ce1222-9f05-4f2f-bcdd-c9b871cca5a1	(untitled)	2026-03-19T07:53:47.708Z	3:13	chirp-crow	trance hip-hop haryanvi flavour	true	true	assets/covers/14ce1222-9f05-4f2f-bcdd-c9b871cca5a1.jpeg	assets/audio/14ce1222-9f05-4f2f-bcdd-c9b871cca5a1.mp3	NULL	false
3bd10216-5f47-4506-8828-9fc84e552bba	(untitled)	2026-03-19T07:53:47.708Z	3:08	chirp-crow	trance hip-hop haryanvi flavour	true	true	assets/covers/3bd10216-5f47-4506-8828-9fc84e552bba.jpeg	assets/audio/3bd10216-5f47-4506-8828-9fc84e552bba.mp3	NULL	false
20b2eae2-e758-4646-b7ca-94502619813e	(untitled)	2026-03-19T05:56:29.686Z	3:22	chirp-crow	Style: Indian Devotional Bhakti, Raag Yaman, slow tempo (60–65 BPM), cinematic spiritual ambience Voice: * Soft divine female vocal (Maataa tone) * Breathy, intimate, emotional * Slight whisper texture at line endings * Deep भाव (prem + virah + surrender) Language: * Pure Hindi (Sanskrit touch), clear pronunciation Instruments: * Tanpura drone (constant base) * Bansuri flute (Krishna style, emotional fills) * Light tabla (Dadra taal, very soft) * Subtle swarmandal glides * Ambient pads (cosmic, warm, wide stereo) * Occasional temple bells (very soft, distant) Indian devotional bhakti song in Raag Yaman, slow 60 BPM, soft divine female voice, breathy emotional singing, tanpura drone, bansuri flute, light tabla (dadra), ambient pads, temple bells. Mood: deep devotion, virah, surrender. Intro alaap with “Om” whisper, long reverb temple feel, soft humming outro. Create goosebumps and peaceful trance.	true	true	assets/covers/20b2eae2-e758-4646-b7ca-94502619813e.jpeg	assets/audio/20b2eae2-e758-4646-b7ca-94502619813e.mp3	NULL	false
ac3d350b-35f3-42d9-b74c-c30e8c71d677	(untitled)	2026-03-19T05:56:29.686Z	3:22	chirp-crow	Style: Indian Devotional Bhakti, Raag Yaman, slow tempo (60–65 BPM), cinematic spiritual ambience Voice: * Soft divine female vocal (Maataa tone) * Breathy, intimate, emotional * Slight whisper texture at line endings * Deep भाव (prem + virah + surrender) Language: * Pure Hindi (Sanskrit touch), clear pronunciation Instruments: * Tanpura drone (constant base) * Bansuri flute (Krishna style, emotional fills) * Light tabla (Dadra taal, very soft) * Subtle swarmandal glides * Ambient pads (cosmic, warm, wide stereo) * Occasional temple bells (very soft, distant) Indian devotional bhakti song in Raag Yaman, slow 60 BPM, soft divine female voice, breathy emotional singing, tanpura drone, bansuri flute, light tabla (dadra), ambient pads, temple bells. Mood: deep devotion, virah, surrender. Intro alaap with “Om” whisper, long reverb temple feel, soft humming outro. Create goosebumps and peaceful trance.	true	true	assets/covers/ac3d350b-35f3-42d9-b74c-c30e8c71d677.jpeg	assets/audio/ac3d350b-35f3-42d9-b74c-c30e8c71d677.mp3	NULL	false
7c657b60-4bbc-4e9f-90d4-2d42575ca1c6	(untitled)	2026-03-19T04:24:37.883Z	3:09	chirp-crow	Genre: Haryanvi Ragni Folk, Dangal style Tempo: 75 BPM Instruments: Dholak, hand claps, manjeera, minimal harmonium Vocals: Strong raw male vocal (earthy, cracked) Crowd response (call and response style) Style: Rustic, emotional, powerful, live performance feel Hook: "Piya ji teri yaad aave sai" Special: Include shout lines like "ओए होए!", "सुन ले भाई!" Train whistle effect before "इंजन की सीटी" line Structure: Slow intro → Ragni verse → Hook → Crowd → Train drop → Peak → Emotional outro	true	true	assets/covers/7c657b60-4bbc-4e9f-90d4-2d42575ca1c6.jpeg	assets/audio/7c657b60-4bbc-4e9f-90d4-2d42575ca1c6.mp3	NULL	false
448602fe-eb24-4bcd-9a1a-2d3d00a4c21b	(untitled)	2026-03-19T04:24:37.883Z	3:15	chirp-crow	Genre: Haryanvi Ragni Folk, Dangal style Tempo: 75 BPM Instruments: Dholak, hand claps, manjeera, minimal harmonium Vocals: Strong raw male vocal (earthy, cracked) Crowd response (call and response style) Style: Rustic, emotional, powerful, live performance feel Hook: "Piya ji teri yaad aave sai" Special: Include shout lines like "ओए होए!", "सुन ले भाई!" Train whistle effect before "इंजन की सीटी" line Structure: Slow intro → Ragni verse → Hook → Crowd → Train drop → Peak → Emotional outro	true	true	assets/covers/448602fe-eb24-4bcd-9a1a-2d3d00a4c21b.jpeg	assets/audio/448602fe-eb24-4bcd-9a1a-2d3d00a4c21b.mp3	NULL	false
cfbb1757-8e35-4d6f-a25d-810bab2e0e8a	(untitled)	2026-03-19T01:01:31.946Z	5:35	chirp-crow	Genre: Indic-Sufi-Lusophone-Blues Virah Raga Tempo: 70 BPM slow emotional Vocals: Female lead (raw emotional), male support Breathy, cracked, expressive alaap Instruments: Tanpura drone, Sarangi, Sitar, Harmonium, Dholak, Portuguese guitar, Slide blues guitar, Harmonica Sound Design: Rain ambience, distant train station, train whistle sync with beat Mood: Deep virah, longing, divine love, saudade Hook: "Piya ji teri yaad aati hai" Special: Include alaap intro, Sufi chant "Hoo", blues English lines, Fado Portuguese lines Structure: Alaap → Indic verse → Hook → Sufi → Blues → Fado → Train metaphor → Grand chorus → Ambient outro	true	true	assets/covers/cfbb1757-8e35-4d6f-a25d-810bab2e0e8a.jpeg	assets/audio/cfbb1757-8e35-4d6f-a25d-810bab2e0e8a.mp3	NULL	false
eea1f46e-7cbb-441d-abcb-52a46144583a	(untitled)	2026-03-19T01:01:31.946Z	4:49	chirp-crow	Genre: Indic-Sufi-Lusophone-Blues Virah Raga Tempo: 70 BPM slow emotional Vocals: Female lead (raw emotional), male support Breathy, cracked, expressive alaap Instruments: Tanpura drone, Sarangi, Sitar, Harmonium, Dholak, Portuguese guitar, Slide blues guitar, Harmonica Sound Design: Rain ambience, distant train station, train whistle sync with beat Mood: Deep virah, longing, divine love, saudade Hook: "Piya ji teri yaad aati hai" Special: Include alaap intro, Sufi chant "Hoo", blues English lines, Fado Portuguese lines Structure: Alaap → Indic verse → Hook → Sufi → Blues → Fado → Train metaphor → Grand chorus → Ambient outro	true	true	assets/covers/eea1f46e-7cbb-441d-abcb-52a46144583a.jpeg	assets/audio/eea1f46e-7cbb-441d-abcb-52a46144583a.mp3	NULL	false
6a41359d-7625-415a-bb50-9685b970ef3b	(untitled)	2026-03-18T03:56:29.837Z	5:42	chirp-crow	Style: Haryanvi Folk Ragni, Jogi Spiritual Crow Anthem, Human Voice Driven, Fighting Crow इन FEMALE throat, Minimal Folk Percussion Feel, Raw & Earthy Tempo: 82 BPM (walking + heartbeat feel) Scale: Minor (deep emotional, earthy) Sound Design: Primary: human voice, breath, group chant Support (optional minimal folk texture): dholak feel (mouth percussion), claps, stomps No heavy modern instruments Voice Texture: Rough, earthy, fakir/jogi style, open throat singing Language: Haryanvi + Hindi (rustic tone)	true	true	assets/covers/6a41359d-7625-415a-bb50-9685b970ef3b.jpeg	assets/audio/6a41359d-7625-415a-bb50-9685b970ef3b.mp3	NULL	false
ddf3ca17-816c-47e8-b49c-a5834334e64b	(untitled)	2026-03-18T03:56:29.837Z	5:42	chirp-crow	Style: Haryanvi Folk Ragni, Jogi Spiritual Crow Anthem, Human Voice Driven, Fighting Crow इन FEMALE throat, Minimal Folk Percussion Feel, Raw & Earthy Tempo: 82 BPM (walking + heartbeat feel) Scale: Minor (deep emotional, earthy) Sound Design: Primary: human voice, breath, group chant Support (optional minimal folk texture): dholak feel (mouth percussion), claps, stomps No heavy modern instruments Voice Texture: Rough, earthy, fakir/jogi style, open throat singing Language: Haryanvi + Hindi (rustic tone)	true	true	assets/covers/ddf3ca17-816c-47e8-b49c-a5834334e64b.jpeg	assets/audio/ddf3ca17-816c-47e8-b49c-a5834334e64b.mp3	NULL	false
c694a74a-44a2-4a34-aee4-ffc260690881	(untitled)	2026-03-18T03:45:43.599Z	5:31	chirp-crow	Style: Haryanvi Folk Ragni, Jogi Spiritual Anthem, Human Voice Driven, Minimal Folk Percussion Feel, Raw & Earthy Tempo: 82 BPM (walking + heartbeat feel) Scale: Minor (deep emotional, earthy) Sound Design: Primary: human voice, breath, group chant Support (optional minimal folk texture): dholak feel (mouth percussion), claps, stomps No heavy modern instruments Voice Texture: Rough, earthy, fakir/jogi style, open throat singing Language: Haryanvi + Hindi (rustic tone)	true	true	assets/covers/c694a74a-44a2-4a34-aee4-ffc260690881.jpeg	assets/audio/c694a74a-44a2-4a34-aee4-ffc260690881.mp3	NULL	false
ada50c4b-3ce4-475c-b27e-f2536d77da49	(untitled)	2026-03-18T03:45:43.599Z	5:12	chirp-crow	Style: Haryanvi Folk Ragni, Jogi Spiritual Anthem, Human Voice Driven, Minimal Folk Percussion Feel, Raw & Earthy Tempo: 82 BPM (walking + heartbeat feel) Scale: Minor (deep emotional, earthy) Sound Design: Primary: human voice, breath, group chant Support (optional minimal folk texture): dholak feel (mouth percussion), claps, stomps No heavy modern instruments Voice Texture: Rough, earthy, fakir/jogi style, open throat singing Language: Haryanvi + Hindi (rustic tone)	true	true	assets/covers/ada50c4b-3ce4-475c-b27e-f2536d77da49.jpeg	assets/audio/ada50c4b-3ce4-475c-b27e-f2536d77da49.mp3	NULL	false
fddbba2f-61ec-4d72-ad3f-69baba354abb	(untitled)	2026-03-18T03:31:16.404Z	5:15	chirp-crow	Style: Haryanvi Folk Ragni, Jogi Spiritual Anthem, Human Voice Driven, Minimal Folk Percussion Feel, Raw & Earthy Tempo: 82 BPM (walking + heartbeat feel) Scale: Minor (deep emotional, earthy) Sound Design: Primary: human voice, breath, group chant Support (optional minimal folk texture): dholak feel (mouth percussion), claps, stomps No heavy modern instruments Voice Texture: Rough, earthy, fakir/jogi style, open throat singing Language: Haryanvi + Hindi (rustic tone)	true	true	assets/covers/fddbba2f-61ec-4d72-ad3f-69baba354abb.jpeg	assets/audio/fddbba2f-61ec-4d72-ad3f-69baba354abb.mp3	NULL	false
5a3ed490-c3be-4e41-99f0-3abc89a1f13d	(untitled)	2026-03-18T03:31:16.404Z	6:15	chirp-crow	Style: Haryanvi Folk Ragni, Jogi Spiritual Anthem, Human Voice Driven, Minimal Folk Percussion Feel, Raw & Earthy Tempo: 82 BPM (walking + heartbeat feel) Scale: Minor (deep emotional, earthy) Sound Design: Primary: human voice, breath, group chant Support (optional minimal folk texture): dholak feel (mouth percussion), claps, stomps No heavy modern instruments Voice Texture: Rough, earthy, fakir/jogi style, open throat singing Language: Haryanvi + Hindi (rustic tone)	true	true	assets/covers/5a3ed490-c3be-4e41-99f0-3abc89a1f13d.jpeg	assets/audio/5a3ed490-c3be-4e41-99f0-3abc89a1f13d.mp3	NULL	false
e80360e4-03de-401c-ae2a-6936ff596b3f	(untitled)	2026-03-18T03:15:55.658Z	3:35	chirp-crow	मलंगों का ग्रुप एक भविष्य के ट्रेन स्टेशन पर ट्रेन स्टेशन उद्गोषण Style: Haryanvi Folk Ragni, Jogi Spiritual Anthem, Human Voice Driven, Minimal Folk Percussion Feel, Raw & Earthy Tempo: 82 BPM (walking + heartbeat feel) Scale: Minor (deep emotional, earthy) Sound Design: Primary: human voice, breath, group chant Support (optional minimal folk texture): dholak feel (mouth percussion), claps, stomps No heavy modern instruments Voice Texture: Rough, earthy, fakir/jogi style, open throat singing Language: Haryanvi + Hindi (rustic tone)	true	true	assets/covers/e80360e4-03de-401c-ae2a-6936ff596b3f.jpeg	assets/audio/e80360e4-03de-401c-ae2a-6936ff596b3f.mp3	NULL	false
978c1c42-cd78-429d-952f-ff66978f4531	(untitled)	2026-03-18T03:15:55.657Z	5:37	chirp-crow	मलंगों का ग्रुप एक भविष्य के ट्रेन स्टेशन पर ट्रेन स्टेशन उद्गोषण Style: Haryanvi Folk Ragni, Jogi Spiritual Anthem, Human Voice Driven, Minimal Folk Percussion Feel, Raw & Earthy Tempo: 82 BPM (walking + heartbeat feel) Scale: Minor (deep emotional, earthy) Sound Design: Primary: human voice, breath, group chant Support (optional minimal folk texture): dholak feel (mouth percussion), claps, stomps No heavy modern instruments Voice Texture: Rough, earthy, fakir/jogi style, open throat singing Language: Haryanvi + Hindi (rustic tone)	true	true	assets/covers/978c1c42-cd78-429d-952f-ff66978f4531.jpeg	assets/audio/978c1c42-cd78-429d-952f-ff66978f4531.mp3	NULL	false
65fd8ecc-a24d-4af1-a21d-db7e5e5107e6	(untitled)	2026-03-18T02:56:43.280Z	5:10	chirp-crow	Style: Haryanvi Folk Ragni, Jogi Spiritual Anthem, Human Voice Driven, Minimal Folk Percussion Feel, Raw & Earthy Tempo: 82 BPM (walking + heartbeat feel) Scale: Minor (deep emotional, earthy) Sound Design: Primary: human voice, breath, group chant Support (optional minimal folk texture): dholak feel (mouth percussion), claps, stomps No heavy modern instruments Voice Texture: Rough, earthy, fakir/jogi style, open throat singing Language: Haryanvi + Hindi (rustic tone)	true	true	assets/covers/65fd8ecc-a24d-4af1-a21d-db7e5e5107e6.jpeg	assets/audio/65fd8ecc-a24d-4af1-a21d-db7e5e5107e6.mp3	NULL	false
513a10d6-1b4e-43a3-b1ef-a1c0427e3b78	(untitled)	2026-03-18T02:56:43.280Z	5:15	chirp-crow	Style: Haryanvi Folk Ragni, Jogi Spiritual Anthem, Human Voice Driven, Minimal Folk Percussion Feel, Raw & Earthy Tempo: 82 BPM (walking + heartbeat feel) Scale: Minor (deep emotional, earthy) Sound Design: Primary: human voice, breath, group chant Support (optional minimal folk texture): dholak feel (mouth percussion), claps, stomps No heavy modern instruments Voice Texture: Rough, earthy, fakir/jogi style, open throat singing Language: Haryanvi + Hindi (rustic tone)	true	true	assets/covers/513a10d6-1b4e-43a3-b1ef-a1c0427e3b78.jpeg	assets/audio/513a10d6-1b4e-43a3-b1ef-a1c0427e3b78.mp3	NULL	false
4dd54537-f0dc-4226-b83f-32edeb629a35	(untitled)	2026-03-18T01:31:47.742Z	5:12	chirp-crow	Style: Haryanvi Folk Ragni, Jogi Spiritual Anthem, Human Voice Driven, Minimal Folk Percussion Feel, Raw & Earthy Tempo: 82 BPM (walking + heartbeat feel) Scale: Minor (deep emotional, earthy) Sound Design: Primary: human voice, breath, group chant Support (optional minimal folk texture): dholak feel (mouth percussion), claps, stomps No heavy modern instruments Voice Texture: Rough, earthy, fakir/jogi style, open throat singing Language: Haryanvi + Hindi (rustic tone)	true	true	assets/covers/4dd54537-f0dc-4226-b83f-32edeb629a35.jpeg	assets/audio/4dd54537-f0dc-4226-b83f-32edeb629a35.mp3	NULL	false
ea666c4c-b61d-46ea-a289-627704a7f204	(untitled)	2026-03-18T01:31:47.742Z	6:02	chirp-crow	Style: Haryanvi Folk Ragni, Jogi Spiritual Anthem, Human Voice Driven, Minimal Folk Percussion Feel, Raw & Earthy Tempo: 82 BPM (walking + heartbeat feel) Scale: Minor (deep emotional, earthy) Sound Design: Primary: human voice, breath, group chant Support (optional minimal folk texture): dholak feel (mouth percussion), claps, stomps No heavy modern instruments Voice Texture: Rough, earthy, fakir/jogi style, open throat singing Language: Haryanvi + Hindi (rustic tone)	true	true	assets/covers/ea666c4c-b61d-46ea-a289-627704a7f204.jpeg	assets/audio/ea666c4c-b61d-46ea-a289-627704a7f204.mp3	NULL	false
e8c8a60e-4a6e-4924-b306-aeb182829a8b	(untitled)	2026-03-18T01:05:00.905Z	4:40	chirp-crow	Intro: Whisper + slow breath + distant “हाय…” Beat Start: Heartbeat (dhak dhak) + finger snaps Verse: Soft vocal + breath rhythm Build: Beatbox + clap + whisper overlays Hook: Crowd chant → “हाय हाय हाय… हाय लुगाई” Bridge: Only breath + erhu-like vocal cry (voice imitation) Drop: Full human orchestra: breath + beatbox + stomp + crowd + vocal layers Whisper → Attention open ↓ Heartbeat → Emotion connect ↓ Beatbox → Pattern lock ↓ Lyrics conflict → Cognitive tension ↓ Crowd explosion → Dopamine peak ↓ Silence + breath → Memory imprint	true	true	assets/covers/e8c8a60e-4a6e-4924-b306-aeb182829a8b.jpeg	assets/audio/e8c8a60e-4a6e-4924-b306-aeb182829a8b.mp3	NULL	false
4cd1088b-b87b-4b02-b781-ad7ecea54492	(untitled)	2026-03-18T01:05:00.905Z	4:03	chirp-crow	Intro: Whisper + slow breath + distant “हाय…” Beat Start: Heartbeat (dhak dhak) + finger snaps Verse: Soft vocal + breath rhythm Build: Beatbox + clap + whisper overlays Hook: Crowd chant → “हाय हाय हाय… हाय लुगाई” Bridge: Only breath + erhu-like vocal cry (voice imitation) Drop: Full human orchestra: breath + beatbox + stomp + crowd + vocal layers Whisper → Attention open ↓ Heartbeat → Emotion connect ↓ Beatbox → Pattern lock ↓ Lyrics conflict → Cognitive tension ↓ Crowd explosion → Dopamine peak ↓ Silence + breath → Memory imprint	true	true	assets/covers/4cd1088b-b87b-4b02-b781-ad7ecea54492.jpeg	assets/audio/4cd1088b-b87b-4b02-b781-ad7ecea54492.mp3	NULL	false
51869413-dafe-45f6-b76f-583c3b8e1991	(untitled)	2026-03-18T00:57:52.255Z	2:06	chirp-crow		true	true	assets/covers/51869413-dafe-45f6-b76f-583c3b8e1991.jpeg	assets/audio/51869413-dafe-45f6-b76f-583c3b8e1991.mp3	NULL	false
64a8bb69-c68d-48dc-88bf-9bcf53a35229	(untitled)	2026-03-18T00:57:52.255Z	2:07	chirp-crow		true	true	assets/covers/64a8bb69-c68d-48dc-88bf-9bcf53a35229.jpeg	assets/audio/64a8bb69-c68d-48dc-88bf-9bcf53a35229.mp3	NULL	false
4c162f53-2f79-4fed-b3c9-93841a1755f3	(untitled)	2026-03-17T13:00:02.825Z	6:00	chirp-crow		true	true	assets/covers/4c162f53-2f79-4fed-b3c9-93841a1755f3.jpeg	assets/audio/4c162f53-2f79-4fed-b3c9-93841a1755f3.mp3	NULL	false
29a17f2c-a3b6-463d-9a08-8fede6cb142a	(untitled)	2026-03-17T13:00:02.825Z	6:54	chirp-crow		true	true	assets/covers/29a17f2c-a3b6-463d-9a08-8fede6cb142a.jpeg	assets/audio/29a17f2c-a3b6-463d-9a08-8fede6cb142a.mp3	NULL	false
ecfcf3e2-e6b5-4377-b4bf-52d3acda1360	(untitled)	2026-03-17T07:49:47.398Z	7:59	chirp-crow		true	true	assets/covers/ecfcf3e2-e6b5-4377-b4bf-52d3acda1360.jpeg	assets/audio/ecfcf3e2-e6b5-4377-b4bf-52d3acda1360.mp3	NULL	false
15044912-afce-435c-a55e-9158b065f46a	(untitled)	2026-03-17T07:49:47.398Z	7:45	chirp-crow		true	true	assets/covers/15044912-afce-435c-a55e-9158b065f46a.jpeg	assets/audio/15044912-afce-435c-a55e-9158b065f46a.mp3	NULL	false
954ceeb0-8f77-4fdc-9b97-439fd3559810	(untitled)	2026-03-17T06:35:46.694Z	6:25	chirp-crow	Genre: Vedic Cosmic Rap Nautanki folk + Hip-hop Cinematic mythological rap Instruments: Tanpura Nagada / Dhol Bansuri Sitar riffs Hip-hop drums Deep bass Tempo: 90 → 120 BPM	true	true	assets/covers/954ceeb0-8f77-4fdc-9b97-439fd3559810.jpeg	assets/audio/954ceeb0-8f77-4fdc-9b97-439fd3559810.mp3	NULL	false
e97cc568-6578-4bba-a1c3-0580783e1d53	(untitled)	2026-03-17T06:35:46.693Z	6:20	chirp-crow	Genre: Vedic Cosmic Rap Nautanki folk + Hip-hop Cinematic mythological rap Instruments: Tanpura Nagada / Dhol Bansuri Sitar riffs Hip-hop drums Deep bass Tempo: 90 → 120 BPM	true	true	assets/covers/e97cc568-6578-4bba-a1c3-0580783e1d53.jpeg	assets/audio/e97cc568-6578-4bba-a1c3-0580783e1d53.mp3	NULL	false
c8e9d4ca-0d7d-4624-8efb-0b23973de9a3	(untitled)	2026-03-17T05:41:19.880Z	7:22	chirp-crow	Genre: Vedic Cosmic Rap Nautanki folk + Hip-hop Cinematic mythological rap Instruments: Tanpura Nagada / Dhol Bansuri Sitar riffs Hip-hop drums Deep bass Tempo: 90 → 120 BPM	true	true	assets/covers/c8e9d4ca-0d7d-4624-8efb-0b23973de9a3.jpeg	assets/audio/c8e9d4ca-0d7d-4624-8efb-0b23973de9a3.mp3	NULL	false
24b25363-caab-410d-a1a7-a36f5df70481	(untitled)	2026-03-17T05:41:19.880Z	6:11	chirp-crow	Genre: Vedic Cosmic Rap Nautanki folk + Hip-hop Cinematic mythological rap Instruments: Tanpura Nagada / Dhol Bansuri Sitar riffs Hip-hop drums Deep bass Tempo: 90 → 120 BPM	true	true	assets/covers/24b25363-caab-410d-a1a7-a36f5df70481.jpeg	assets/audio/24b25363-caab-410d-a1a7-a36f5df70481.mp3	NULL	false
4e8ab515-7696-4a5d-ada8-911355a71d61	(untitled)	2026-03-17T04:31:22.185Z	6:05	chirp-crow	Genre: Vedic Cosmic Rap Nautanki folk + Hip-hop Cinematic mythological rap Instruments: Tanpura Nagada / Dhol Bansuri Sitar riffs Hip-hop drums Deep bass Tempo: 90 → 120 BPM	true	true	assets/covers/4e8ab515-7696-4a5d-ada8-911355a71d61.jpeg	assets/audio/4e8ab515-7696-4a5d-ada8-911355a71d61.mp3	NULL	false
e9e95c40-884e-4b74-a1f6-5db9c6bdeb93	(untitled)	2026-03-17T04:31:22.185Z	6:08	chirp-crow	Genre: Vedic Cosmic Rap Nautanki folk + Hip-hop Cinematic mythological rap Instruments: Tanpura Nagada / Dhol Bansuri Sitar riffs Hip-hop drums Deep bass Tempo: 90 → 120 BPM	true	true	assets/covers/e9e95c40-884e-4b74-a1f6-5db9c6bdeb93.jpeg	assets/audio/e9e95c40-884e-4b74-a1f6-5db9c6bdeb93.mp3	NULL	false
bc962e4c-9016-4ba8-bb3e-e257917e3dd4	(untitled)	2026-03-17T02:59:19.425Z	5:28	chirp-crow	Genre: Vedic Cosmic Rap Nautanki folk + Hip-hop Cinematic mythological rap Instruments: Tanpura Nagada / Dhol Bansuri Sitar riffs Hip-hop drums Deep bass Tempo: 90 → 120 BPM	true	true	assets/covers/bc962e4c-9016-4ba8-bb3e-e257917e3dd4.jpeg	assets/audio/bc962e4c-9016-4ba8-bb3e-e257917e3dd4.mp3	NULL	false
7b8aaf45-66a4-4e30-acdd-38c437907a8e	(untitled)	2026-03-17T02:59:19.425Z	5:00	chirp-crow	Genre: Vedic Cosmic Rap Nautanki folk + Hip-hop Cinematic mythological rap Instruments: Tanpura Nagada / Dhol Bansuri Sitar riffs Hip-hop drums Deep bass Tempo: 90 → 120 BPM	true	true	assets/covers/7b8aaf45-66a4-4e30-acdd-38c437907a8e.jpeg	assets/audio/7b8aaf45-66a4-4e30-acdd-38c437907a8e.mp3	NULL	false
dfe02902-7e32-4106-a738-2f3c88aabf9c	(untitled)	2026-03-16T23:48:22.322Z	3:49	chirp-crow	Genre: Vedic Cosmic Rap Nautanki folk + Hip-hop Cinematic mythological rap Instruments: Tanpura Nagada / Dhol Bansuri Sitar riffs Hip-hop drums Deep bass Tempo: 90 → 120 BPM	true	true	assets/covers/dfe02902-7e32-4106-a738-2f3c88aabf9c.jpeg	assets/audio/dfe02902-7e32-4106-a738-2f3c88aabf9c.mp3	NULL	false
7279327a-abd6-4b19-8bd9-41db02769c97	(untitled)	2026-03-16T23:48:22.322Z	3:15	chirp-crow	Genre: Vedic Cosmic Rap Nautanki folk + Hip-hop Cinematic mythological rap Instruments: Tanpura Nagada / Dhol Bansuri Sitar riffs Hip-hop drums Deep bass Tempo: 90 → 120 BPM	true	true	assets/covers/7279327a-abd6-4b19-8bd9-41db02769c97.jpeg	assets/audio/7279327a-abd6-4b19-8bd9-41db02769c97.mp3	NULL	false
b8e5aa64-0398-4c26-9ef9-aa516d2421c3	(untitled)	2026-03-16T23:20:53.012Z	4:30	chirp-crow	Genre: Vedic Cosmic Rap Nautanki folk + Hip-hop Cinematic mythological rap Instruments: Tanpura Nagada / Dhol Bansuri Sitar riffs Hip-hop drums Deep bass Tempo: 90 → 120 BPM	true	true	assets/covers/b8e5aa64-0398-4c26-9ef9-aa516d2421c3.jpeg	assets/audio/b8e5aa64-0398-4c26-9ef9-aa516d2421c3.mp3	NULL	false
339cc960-6eba-46bf-aa4b-9cc390baab6d	(untitled)	2026-03-16T23:20:53.012Z	5:00	chirp-crow	Genre: Vedic Cosmic Rap Nautanki folk + Hip-hop Cinematic mythological rap Instruments: Tanpura Nagada / Dhol Bansuri Sitar riffs Hip-hop drums Deep bass Tempo: 90 → 120 BPM	true	true	assets/covers/339cc960-6eba-46bf-aa4b-9cc390baab6d.jpeg	assets/audio/339cc960-6eba-46bf-aa4b-9cc390baab6d.mp3	NULL	false
05a9ac20-ffc7-4810-a9e2-21d2c683b06a	(untitled)	2026-03-16T23:09:14.020Z	4:11	chirp-crow	Genre: Vedic Cosmic Rap Nautanki folk + Hip-hop Cinematic mythological rap Instruments: Tanpura Nagada / Dhol Bansuri Sitar riffs Hip-hop drums Deep bass Tempo: 90 → 120 BPM	true	true	assets/covers/05a9ac20-ffc7-4810-a9e2-21d2c683b06a.jpeg	assets/audio/05a9ac20-ffc7-4810-a9e2-21d2c683b06a.mp3	NULL	false
2badde9c-1f37-4504-9aaa-b067a58e99c3	(untitled)	2026-03-16T23:09:14.020Z	4:32	chirp-crow	Genre: Vedic Cosmic Rap Nautanki folk + Hip-hop Cinematic mythological rap Instruments: Tanpura Nagada / Dhol Bansuri Sitar riffs Hip-hop drums Deep bass Tempo: 90 → 120 BPM	true	true	assets/covers/2badde9c-1f37-4504-9aaa-b067a58e99c3.jpeg	assets/audio/2badde9c-1f37-4504-9aaa-b067a58e99c3.mp3	NULL	false
68e1e3bc-204b-4335-a599-eb3a0623ec41	(untitled)	2026-03-16T22:28:24.069Z	3:41	chirp-crow	Genre: Vedic Cosmic Rap Nautanki folk + Hip-hop Cinematic mythological rap Instruments: Tanpura Nagada / Dhol Bansuri Sitar riffs Hip-hop drums Deep bass Tempo: 90 → 120 BPM	true	true	assets/covers/68e1e3bc-204b-4335-a599-eb3a0623ec41.jpeg	assets/audio/68e1e3bc-204b-4335-a599-eb3a0623ec41.mp3	NULL	false
72b69742-5e35-4af0-876c-03f7ff259f69	(untitled)	2026-03-16T22:28:24.069Z	3:39	chirp-crow	Genre: Vedic Cosmic Rap Nautanki folk + Hip-hop Cinematic mythological rap Instruments: Tanpura Nagada / Dhol Bansuri Sitar riffs Hip-hop drums Deep bass Tempo: 90 → 120 BPM	true	true	assets/covers/72b69742-5e35-4af0-876c-03f7ff259f69.jpeg	assets/audio/72b69742-5e35-4af0-876c-03f7ff259f69.mp3	NULL	false
f932d3fb-72e6-41c0-8754-38bfa4f5417c	(untitled)	2026-03-16T21:15:28.184Z	3:04	chirp-crow	Genre: Vedic Cosmic Rap Nautanki folk + Hip-hop Cinematic mythological rap Instruments: Tanpura Nagada / Dhol Bansuri Sitar riffs Hip-hop drums Deep bass Tempo: 90 → 120 BPM	true	true	assets/covers/f932d3fb-72e6-41c0-8754-38bfa4f5417c.jpeg	assets/audio/f932d3fb-72e6-41c0-8754-38bfa4f5417c.mp3	NULL	false
b0ce3910-5638-41ea-baa5-e1711b806520	(untitled)	2026-03-16T21:15:28.184Z	4:02	chirp-crow	Genre: Vedic Cosmic Rap Nautanki folk + Hip-hop Cinematic mythological rap Instruments: Tanpura Nagada / Dhol Bansuri Sitar riffs Hip-hop drums Deep bass Tempo: 90 → 120 BPM	true	true	assets/covers/b0ce3910-5638-41ea-baa5-e1711b806520.jpeg	assets/audio/b0ce3910-5638-41ea-baa5-e1711b806520.mp3	NULL	false
7d29c576-36bc-4241-be33-bce5fd84775b	(untitled)	2026-03-16T20:52:51.204Z	4:08	chirp-crow	Vedantic cosmic Indian folk theatre song, female mystical lead voice, male dramatic narration. Nautanki + Hindustani raag fusion. Raga progression Bhairav → Jog → Kafi → Bhupali → Desh → Hamsadhwani → Darbari → Yaman. Tanpura, sitar, sarangi, bansuri, dholak, nagada, cinematic bass. Call-and-response chorus chanting Sanskrit alphabet syllables. Epic spiritual awakening mood.	true	true	assets/covers/7d29c576-36bc-4241-be33-bce5fd84775b.jpeg	assets/audio/7d29c576-36bc-4241-be33-bce5fd84775b.mp3	NULL	false
aed9aa06-9e15-4413-b39f-b80a8913035e	(untitled)	2026-03-16T20:52:51.204Z	3:13	chirp-crow	Vedantic cosmic Indian folk theatre song, female mystical lead voice, male dramatic narration. Nautanki + Hindustani raag fusion. Raga progression Bhairav → Jog → Kafi → Bhupali → Desh → Hamsadhwani → Darbari → Yaman. Tanpura, sitar, sarangi, bansuri, dholak, nagada, cinematic bass. Call-and-response chorus chanting Sanskrit alphabet syllables. Epic spiritual awakening mood.	true	true	assets/covers/aed9aa06-9e15-4413-b39f-b80a8913035e.jpeg	assets/audio/aed9aa06-9e15-4413-b39f-b80a8913035e.mp3	NULL	false
0021a7c0-89d9-4d5e-8967-d9c1095a9f77	kudru ki beti naagin	2026-03-16T20:09:52.174Z	5:15	chirp-crow	Genre: World music / emotional instrumental Mood: Deep longing, universal female virah Instruments: Sarangi Ney flute Shakuhachi Oud Violin Bansuri Ambient drone Tempo: Slow (60 BPM) Atmosphere: Lonely night Wind sounds Temple bell in distance Female vocal style: Raw Haryanvi folk female singer Voice texture: Husky Breathy Slightly cracked emotional tone Emotion: Heartbroken virah Almost crying while singing Performance: Strong chest voice Long emotional alaap Village folk storytelling style	true	true	assets/covers/0021a7c0-89d9-4d5e-8967-d9c1095a9f77.jpeg	assets/audio/0021a7c0-89d9-4d5e-8967-d9c1095a9f77.mp3	NULL	false
08b16e64-f600-411c-807f-6c943c14f56e	kudru ki beti naagin	2026-03-16T20:09:52.174Z	4:44	chirp-crow	Genre: World music / emotional instrumental Mood: Deep longing, universal female virah Instruments: Sarangi Ney flute Shakuhachi Oud Violin Bansuri Ambient drone Tempo: Slow (60 BPM) Atmosphere: Lonely night Wind sounds Temple bell in distance Female vocal style: Raw Haryanvi folk female singer Voice texture: Husky Breathy Slightly cracked emotional tone Emotion: Heartbroken virah Almost crying while singing Performance: Strong chest voice Long emotional alaap Village folk storytelling style	true	true	assets/covers/08b16e64-f600-411c-807f-6c943c14f56e.jpeg	assets/audio/08b16e64-f600-411c-807f-6c943c14f56e.mp3	NULL	false
e55b3ea6-14b8-462f-b43e-dc03bf4e9f18	kudru ki beti naagin	2026-03-16T19:53:42.563Z	3:56	chirp-crow	Genre: Haryanvi Folk Ragni Theme: Betrayal and emotional virah of a woman whose lover cheated her Tempo: 90 BPM Instruments: Dholak Harmonium Sarangi Ektara Vocal style: Powerful rural female Haryanvi voice Emotional crying tone Ragni dangal storytelling style Atmosphere: Lonely rural courtyard at night Wind and distant temple bell Genre: World music / emotional instrumental Mood: Deep longing, universal virah Instruments: Sarangi Ney flute Shakuhachi Oud Violin Bansuri Ambient drone Tempo: Slow (60 BPM) Atmosphere: Lonely night Wind sounds Temple bell in distance	true	true	assets/covers/e55b3ea6-14b8-462f-b43e-dc03bf4e9f18.jpeg	assets/audio/e55b3ea6-14b8-462f-b43e-dc03bf4e9f18.mp3	NULL	false
dac36f36-1b07-4909-bd88-88bb40d18bc8	kudru ki beti naagin	2026-03-16T19:53:42.563Z	3:45	chirp-crow	Genre: Haryanvi Folk Ragni Theme: Betrayal and emotional virah of a woman whose lover cheated her Tempo: 90 BPM Instruments: Dholak Harmonium Sarangi Ektara Vocal style: Powerful rural female Haryanvi voice Emotional crying tone Ragni dangal storytelling style Atmosphere: Lonely rural courtyard at night Wind and distant temple bell Genre: World music / emotional instrumental Mood: Deep longing, universal virah Instruments: Sarangi Ney flute Shakuhachi Oud Violin Bansuri Ambient drone Tempo: Slow (60 BPM) Atmosphere: Lonely night Wind sounds Temple bell in distance	true	true	assets/covers/dac36f36-1b07-4909-bd88-88bb40d18bc8.jpeg	assets/audio/dac36f36-1b07-4909-bd88-88bb40d18bc8.mp3	NULL	false
1c396b4f-4f16-4262-9ffb-5f866d7b4ff1	kudru ki beti naagin	2026-03-16T19:51:52.904Z	7:03	chirp-crow	Genre: World music / emotional instrumental Mood: Deep longing, universal virah Instruments: Sarangi Ney flute Shakuhachi Oud Violin Bansuri Ambient drone Tempo: Slow (60 BPM) Atmosphere: Lonely night Wind sounds Temple bell in distance	true	true	assets/covers/1c396b4f-4f16-4262-9ffb-5f866d7b4ff1.jpeg	assets/audio/1c396b4f-4f16-4262-9ffb-5f866d7b4ff1.mp3	NULL	false
3f3cee67-4312-4a74-926f-1e1e089df3e5	kudru ki beti naagin	2026-03-16T19:51:52.904Z	4:40	chirp-crow	Genre: World music / emotional instrumental Mood: Deep longing, universal virah Instruments: Sarangi Ney flute Shakuhachi Oud Violin Bansuri Ambient drone Tempo: Slow (60 BPM) Atmosphere: Lonely night Wind sounds Temple bell in distance	true	true	assets/covers/3f3cee67-4312-4a74-926f-1e1e089df3e5.jpeg	assets/audio/3f3cee67-4312-4a74-926f-1e1e089df3e5.mp3	NULL	false
aefdf09c-1e5d-4549-b489-188a4f354615	kudru ki beti naagin	2026-03-16T18:33:22.176Z	3:25	chirp-crow	Psychedelic Haryanvi Folk-Trance, 140 BPM, Piercing Ethnic Been (Snake Charmer Flute) Lead, Khamak-driven percussive vibration, Deep Sub-atomic Bass, Cinematic Sanskrit Chants, Tribal Electronic Fusion, Hypnotic Hormonal resonance, Dark-Psy elements, Raw and Gritty Vocals.	true	true	assets/covers/aefdf09c-1e5d-4549-b489-188a4f354615.jpeg	assets/audio/aefdf09c-1e5d-4549-b489-188a4f354615.mp3	NULL	false
dc697cc3-5cb9-43ab-a2de-622b7348bff5	kudru ki beti naagin	2026-03-16T18:33:22.176Z	2:45	chirp-crow	Psychedelic Haryanvi Folk-Trance, 140 BPM, Piercing Ethnic Been (Snake Charmer Flute) Lead, Khamak-driven percussive vibration, Deep Sub-atomic Bass, Cinematic Sanskrit Chants, Tribal Electronic Fusion, Hypnotic Hormonal resonance, Dark-Psy elements, Raw and Gritty Vocals.	true	true	assets/covers/dc697cc3-5cb9-43ab-a2de-622b7348bff5.jpeg	assets/audio/dc697cc3-5cb9-43ab-a2de-622b7348bff5.mp3	NULL	false
430b028b-8fd1-4267-a16b-8eb1bb791e10	kudru ki beti naagin	2026-03-16T18:05:51.986Z	7:05	chirp-crow	Create a mystical Aghor Nagini trance track with pungi (snake-charmer flute), khamak, sarangi, tanpura drone and tribal dholak. Female tantric vocal chanting “Naagin hai”. Tempo 94 BPM hypnotic groove. Dark cremation-ground ambience, desert wind and temple bells. Raga Jogiya intro, Vibhas energy rise, Bhairavi emotional resolution. Psytrance + Indian folk fusion. Mood progression: Intro (0:00–0:40) dark drone, whispering mantra, distant pungi notes. Awakening (0:40–1:40) slow tribal beat begins, female vocal chanting. Trance Rise (1:40–3:00) khamak rhythm + pungi melody repeating hypnotic pattern. Energy Drop (3:00–4:30) full trance beat, chorus “Naagin hai”. Mystic Bridge (4:30–5:30) sarangi emotional melody, mantra chanting. Final Trance (5:30–7:00) all instruments together, ecstatic trance groove. Ending: slow fade with tanpura drone and mantra “Om Namah Shivaya”. Sound style reference: Indian desert trance tantric ritual music cinematic spiritual trance.	true	true	assets/covers/430b028b-8fd1-4267-a16b-8eb1bb791e10.jpeg	assets/audio/430b028b-8fd1-4267-a16b-8eb1bb791e10.mp3	NULL	false
99a91265-7f9c-4b3d-a76a-745dfb3a5ec9	kudru ki beti naagin	2026-03-16T18:05:51.986Z	7:58	chirp-crow	Create a mystical Aghor Nagini trance track with pungi (snake-charmer flute), khamak, sarangi, tanpura drone and tribal dholak. Female tantric vocal chanting “Naagin hai”. Tempo 94 BPM hypnotic groove. Dark cremation-ground ambience, desert wind and temple bells. Raga Jogiya intro, Vibhas energy rise, Bhairavi emotional resolution. Psytrance + Indian folk fusion. Mood progression: Intro (0:00–0:40) dark drone, whispering mantra, distant pungi notes. Awakening (0:40–1:40) slow tribal beat begins, female vocal chanting. Trance Rise (1:40–3:00) khamak rhythm + pungi melody repeating hypnotic pattern. Energy Drop (3:00–4:30) full trance beat, chorus “Naagin hai”. Mystic Bridge (4:30–5:30) sarangi emotional melody, mantra chanting. Final Trance (5:30–7:00) all instruments together, ecstatic trance groove. Ending: slow fade with tanpura drone and mantra “Om Namah Shivaya”. Sound style reference: Indian desert trance tantric ritual music cinematic spiritual trance.	true	true	assets/covers/99a91265-7f9c-4b3d-a76a-745dfb3a5ec9.jpeg	assets/audio/99a91265-7f9c-4b3d-a76a-745dfb3a5ec9.mp3	NULL	false
6760d633-7fec-4c2b-9747-6d8f0963d5a2	kudru ki beti naagin	2026-03-16T16:37:09.028Z	2:51	chirp-crow	ताल और नाद: वाद्यों (संगीत यंत्रों) से ताल लगाने को कहना उस 'नाद' को पैदा करने की कोशिश है जो सन्नाटे को चीर सके। ऋषियों का आह्वान: सप्तर्षि (मरीचि, अत्रि, अंगिरा, पुलस्त्य, पुलह, क्रतु और वशिष्ठ) ज्ञान और शक्ति के प्रतीक हैं। उन्हें 'अस्त्र' के साथ बुलाना यह दर्शाता है कि अब केवल विचार ही नहीं, बल्कि क्रिया की भी आवश्यकता है।	true	true	assets/covers/6760d633-7fec-4c2b-9747-6d8f0963d5a2.jpeg	assets/audio/6760d633-7fec-4c2b-9747-6d8f0963d5a2.mp3	NULL	false
310f549f-b41a-4685-9afd-023bc7de4632	kudru ki beti naagin	2026-03-16T16:37:09.028Z	3:15	chirp-crow	ताल और नाद: वाद्यों (संगीत यंत्रों) से ताल लगाने को कहना उस 'नाद' को पैदा करने की कोशिश है जो सन्नाटे को चीर सके। ऋषियों का आह्वान: सप्तर्षि (मरीचि, अत्रि, अंगिरा, पुलस्त्य, पुलह, क्रतु और वशिष्ठ) ज्ञान और शक्ति के प्रतीक हैं। उन्हें 'अस्त्र' के साथ बुलाना यह दर्शाता है कि अब केवल विचार ही नहीं, बल्कि क्रिया की भी आवश्यकता है।	true	true	assets/covers/310f549f-b41a-4685-9afd-023bc7de4632.jpeg	assets/audio/310f549f-b41a-4685-9afd-023bc7de4632.mp3	NULL	false
cbd88d04-4767-4c26-8d29-ba96e43adce7	kudru ki beti naagin	2026-03-16T16:15:56.569Z	3:27	chirp-crow		true	true	assets/covers/cbd88d04-4767-4c26-8d29-ba96e43adce7.jpeg	assets/audio/cbd88d04-4767-4c26-8d29-ba96e43adce7.mp3	NULL	false
14fa2fe8-0de2-4ace-9ee4-404348db0270	kudru ki beti naagin	2026-03-16T16:15:56.569Z	2:59	chirp-crow		true	true	assets/covers/14fa2fe8-0de2-4ace-9ee4-404348db0270.jpeg	assets/audio/14fa2fe8-0de2-4ace-9ee4-404348db0270.mp3	NULL	false
ae318a44-4e70-4bf5-ac17-58cd30dfa4d0	kudru ki beti naagin	2026-03-16T15:41:20.633Z	3:40	chirp-crow	Haryanvi-Bagri Folk Fusion, Psychedelic Trance, Khamak-driven rhythmic vibration, Piercing Pungi (Been) solos, Atomic resonance, Heavy Bass, Fun rants, High-energy vocals, Mystical atmosphere, Cinematic Soundscape, 110 BPM, Experimental Vedanta Core.	true	true	assets/covers/ae318a44-4e70-4bf5-ac17-58cd30dfa4d0.jpeg	assets/audio/ae318a44-4e70-4bf5-ac17-58cd30dfa4d0.mp3	NULL	false
4bd5f9be-6507-4e41-bad2-b3345f66e6cc	kudru ki beti naagin	2026-03-16T15:41:20.633Z	4:19	chirp-crow	Haryanvi-Bagri Folk Fusion, Psychedelic Trance, Khamak-driven rhythmic vibration, Piercing Pungi (Been) solos, Atomic resonance, Heavy Bass, Fun rants, High-energy vocals, Mystical atmosphere, Cinematic Soundscape, 110 BPM, Experimental Vedanta Core.	true	true	assets/covers/4bd5f9be-6507-4e41-bad2-b3345f66e6cc.jpeg	assets/audio/4bd5f9be-6507-4e41-bad2-b3345f66e6cc.mp3	NULL	false
f3c0d550-9297-4842-ba8b-b4a6118a71a6	kudru ki beti naagin	2026-03-16T15:30:29.447Z	4:09	chirp-crow	Haryanvi-Bagri Folk Fusion, Psychedelic Trance, Khamak-driven rhythmic vibration, Piercing Pungi (Been) solos, Atomic resonance, Heavy Bass, Spiritual chants, High-energy vocals, Mystical atmosphere, Cinematic Soundscape, 110 BPM, Experimental Vedanta Core.	true	true	assets/covers/f3c0d550-9297-4842-ba8b-b4a6118a71a6.jpeg	assets/audio/f3c0d550-9297-4842-ba8b-b4a6118a71a6.mp3	NULL	false
770b4285-cc03-4121-9c55-4fd9e710a9ef	kudru ki beti naagin	2026-03-16T15:30:29.447Z	3:32	chirp-crow	Haryanvi-Bagri Folk Fusion, Psychedelic Trance, Khamak-driven rhythmic vibration, Piercing Pungi (Been) solos, Atomic resonance, Heavy Bass, Spiritual chants, High-energy vocals, Mystical atmosphere, Cinematic Soundscape, 110 BPM, Experimental Vedanta Core.	true	true	assets/covers/770b4285-cc03-4121-9c55-4fd9e710a9ef.jpeg	assets/audio/770b4285-cc03-4121-9c55-4fd9e710a9ef.mp3	NULL	false
71f75486-1686-40eb-bbf3-1018b7e8b3b7	kudru ki beti naagin	2026-03-16T15:19:34.920Z	2:38	chirp-crow	Haryanvi-Bagri Folk Fusion, Psychedelic Trance, Khamak-driven rhythmic vibration, Piercing Pungi (Been) solos, Atomic resonance, Heavy Bass, Spiritual chants, High-energy vocals, Mystical atmosphere, Cinematic Soundscape, 110 BPM, Experimental Vedanta Core.	true	true	assets/covers/71f75486-1686-40eb-bbf3-1018b7e8b3b7.jpeg	assets/audio/71f75486-1686-40eb-bbf3-1018b7e8b3b7.mp3	NULL	false
b9a9901e-2fa1-4550-aa1d-a1bb4dc7db40	kudru ki beti naagin	2026-03-16T15:19:34.920Z	2:53	chirp-crow	Haryanvi-Bagri Folk Fusion, Psychedelic Trance, Khamak-driven rhythmic vibration, Piercing Pungi (Been) solos, Atomic resonance, Heavy Bass, Spiritual chants, High-energy vocals, Mystical atmosphere, Cinematic Soundscape, 110 BPM, Experimental Vedanta Core.	true	true	assets/covers/b9a9901e-2fa1-4550-aa1d-a1bb4dc7db40.jpeg	assets/audio/b9a9901e-2fa1-4550-aa1d-a1bb4dc7db40.mp3	NULL	false
1793b6b5-9f36-4f77-a6fa-630d6a66cdbb	kudru ki beti naagin	2026-03-16T14:44:27.183Z	2:40	chirp-crow	इस रचना के लिए 'राग भैरवी' और 'राग जोगिया' का मिश्रण सबसे सटीक है, जिसमें 'राग विभास' की कड़वाहट और शक्ति भी शामिल हो। 1. राग जोगिया (The Ascetic Call) प्रकृति: वैराग्य और करुणा। दर्शन: यह 'जोगिया की चेली' वाले भाव को दर्शाता है। पुंगी (Been) की तान जब इस राग के कोमल 'रे' और 'ध' को छुएगी, तो वह सीधे नागिन की आत्माओं (Sub-atomic souls) को जाग्रत करेगी। 2. राग भैरवी (The Universal Energy) प्रकृति: सदाबहार, जिसमें हर स्वर (कोमल) लग सकता है। दर्शन: यह 'माया' का राग है। जैसे माया हर रूप ले सकती है, वैसे ही भैरवी में ब्रह्मांड के सारे रंग समाहित हैं। यह अंततः 'अद्वैत' की शांति पर समाप्त होता है। 3. राग विभास (The Atomic Power) प्रकृति: गंभीर, कड़क और तेजोमय। दर्शन: 'खमक के एटम' और 'नब्बे-नब्बे भवरे' वाली ऊर्जा इसी राग से उत्पन्न होगी। यह सूर्य की पहली किरण जैसी तीक्ष्णता देता है। 🥁 ताल और ध्वनि-तंत्र (Rhythm & Soundscape) ताल (Rhythm): इसे 'कहरवा' (८ मात्रा) के एक बहुत ही 'Syncopated' रूप में बजाया जाना चाहिए, जिसे हरियाणवी 'धुम्मा' बीट भी कहते हैं। यह परमाणु के भीतर इलेक्ट्रॉन्स के अन	true	true	assets/covers/1793b6b5-9f36-4f77-a6fa-630d6a66cdbb.jpeg	assets/audio/1793b6b5-9f36-4f77-a6fa-630d6a66cdbb.mp3	NULL	false
20709bfc-b04e-49bb-b50a-81112046ab9d	kudru ki beti naagin	2026-03-16T14:44:27.183Z	3:15	chirp-crow	इस रचना के लिए 'राग भैरवी' और 'राग जोगिया' का मिश्रण सबसे सटीक है, जिसमें 'राग विभास' की कड़वाहट और शक्ति भी शामिल हो। 1. राग जोगिया (The Ascetic Call) प्रकृति: वैराग्य और करुणा। दर्शन: यह 'जोगिया की चेली' वाले भाव को दर्शाता है। पुंगी (Been) की तान जब इस राग के कोमल 'रे' और 'ध' को छुएगी, तो वह सीधे नागिन की आत्माओं (Sub-atomic souls) को जाग्रत करेगी। 2. राग भैरवी (The Universal Energy) प्रकृति: सदाबहार, जिसमें हर स्वर (कोमल) लग सकता है। दर्शन: यह 'माया' का राग है। जैसे माया हर रूप ले सकती है, वैसे ही भैरवी में ब्रह्मांड के सारे रंग समाहित हैं। यह अंततः 'अद्वैत' की शांति पर समाप्त होता है। 3. राग विभास (The Atomic Power) प्रकृति: गंभीर, कड़क और तेजोमय। दर्शन: 'खमक के एटम' और 'नब्बे-नब्बे भवरे' वाली ऊर्जा इसी राग से उत्पन्न होगी। यह सूर्य की पहली किरण जैसी तीक्ष्णता देता है। 🥁 ताल और ध्वनि-तंत्र (Rhythm & Soundscape) ताल (Rhythm): इसे 'कहरवा' (८ मात्रा) के एक बहुत ही 'Syncopated' रूप में बजाया जाना चाहिए, जिसे हरियाणवी 'धुम्मा' बीट भी कहते हैं। यह परमाणु के भीतर इलेक्ट्रॉन्स के अन	true	true	assets/covers/20709bfc-b04e-49bb-b50a-81112046ab9d.jpeg	assets/audio/20709bfc-b04e-49bb-b50a-81112046ab9d.mp3	NULL	false
783c7290-99f4-43f8-adc4-b8681b56114d	kudru ki beti naagin	2026-03-16T14:28:48.930Z	5:49	chirp-crow	use snake charmers orchestra. aghor rock	true	true	assets/covers/783c7290-99f4-43f8-adc4-b8681b56114d.jpeg	assets/audio/783c7290-99f4-43f8-adc4-b8681b56114d.mp3	NULL	false
a3b96400-fe65-4f1c-904d-9aff23390ee0	kudru ki beti naagin	2026-03-16T14:28:48.930Z	5:40	chirp-crow	use snake charmers orchestra. aghor rock	true	true	assets/covers/a3b96400-fe65-4f1c-904d-9aff23390ee0.jpeg	assets/audio/a3b96400-fe65-4f1c-904d-9aff23390ee0.mp3	NULL	false
7c7a4b38-9322-4dcc-a49f-ec91ad8874d0	kudru ki beti naagin	2026-03-16T14:01:52.664Z	6:00	chirp-crow	use snake charmers orchestra. aghor rock	true	true	assets/covers/7c7a4b38-9322-4dcc-a49f-ec91ad8874d0.jpeg	assets/audio/7c7a4b38-9322-4dcc-a49f-ec91ad8874d0.mp3	NULL	false
09294d81-a6e4-4c9e-a676-98b05856accd	kudru ki beti naagin	2026-03-16T14:01:52.664Z	5:24	chirp-crow	use snake charmers orchestra. aghor rock	true	true	assets/covers/09294d81-a6e4-4c9e-a676-98b05856accd.jpeg	assets/audio/09294d81-a6e4-4c9e-a676-98b05856accd.mp3	NULL	false
93dd0e34-eefb-4555-91c0-b5297eef283f	kudru ki beti naagin	2026-03-16T13:52:43.724Z	5:50	chirp-crow	The Pungi Effect: पुंगी की आवाज़ को 'Eco' और 'Reverb' के साथ इस्तेमाल करें ताकि ऐसा लगे कि आवाज़ किसी दूसरी दुनिया (Dimension) से आ रही है।	true	true	assets/covers/93dd0e34-eefb-4555-91c0-b5297eef283f.jpeg	assets/audio/93dd0e34-eefb-4555-91c0-b5297eef283f.mp3	NULL	false
860e7a0e-a8d8-473f-b660-d2449b65da69	kudru ki beti naagin	2026-03-16T13:52:43.724Z	5:33	chirp-crow	The Pungi Effect: पुंगी की आवाज़ को 'Eco' और 'Reverb' के साथ इस्तेमाल करें ताकि ऐसा लगे कि आवाज़ किसी दूसरी दुनिया (Dimension) से आ रही है।	true	true	assets/covers/860e7a0e-a8d8-473f-b660-d2449b65da69.jpeg	assets/audio/860e7a0e-a8d8-473f-b660-d2449b65da69.mp3	NULL	false
4d9a720f-aeeb-408e-b64a-c666f1db644a	kudru ki beti naagin	2026-03-16T13:48:33.041Z	3:50	chirp-crow	The Pungi Effect: पुंगी की आवाज़ को 'Eco' और 'Reverb' के साथ इस्तेमाल करें ताकि ऐसा लगे कि आवाज़ किसी दूसरी दुनिया (Dimension) से आ रही है।	true	true	assets/covers/4d9a720f-aeeb-408e-b64a-c666f1db644a.jpeg	assets/audio/4d9a720f-aeeb-408e-b64a-c666f1db644a.mp3	NULL	false
97570150-635e-406d-b142-62c45c19be2d	kudru ki beti naagin	2026-03-16T13:48:33.041Z	4:43	chirp-crow	The Pungi Effect: पुंगी की आवाज़ को 'Eco' और 'Reverb' के साथ इस्तेमाल करें ताकि ऐसा लगे कि आवाज़ किसी दूसरी दुनिया (Dimension) से आ रही है।	true	true	assets/covers/97570150-635e-406d-b142-62c45c19be2d.jpeg	assets/audio/97570150-635e-406d-b142-62c45c19be2d.mp3	NULL	false
29bbf8d9-f160-43ef-b3fa-fe632e29b925	kudru ki beti naagin	2026-03-16T13:27:27.287Z	7:59	chirp-crow	Desi haryanvi SuperFun superstar nagin. 1 soulfull pungi bridge. 1 one stringed khamaka soul. मेलोडियस neuro dopamine	true	true	assets/covers/29bbf8d9-f160-43ef-b3fa-fe632e29b925.jpeg	assets/audio/29bbf8d9-f160-43ef-b3fa-fe632e29b925.mp3	NULL	false
b7e6675d-ed56-4e23-964d-9614994fca12	kudru ki beti naagin	2026-03-16T13:27:27.287Z	3:18	chirp-crow	Desi haryanvi SuperFun superstar nagin. 1 soulfull pungi bridge. 1 one stringed khamaka soul. मेलोडियस neuro dopamine	true	true	assets/covers/b7e6675d-ed56-4e23-964d-9614994fca12.jpeg	assets/audio/b7e6675d-ed56-4e23-964d-9614994fca12.mp3	NULL	false
f08167a7-810e-47ac-928d-b72cd95f99f9	Naaraayana Uunh	2026-03-16T13:03:32.854Z	2:40	chirp-crow	Desi haryanvi SuperFun superstar nagin।। 1000 snake charmers.. 1000 pungi.. 1 soulfull pungi bridge. 1 one stringed khamaka soul. no loudness.. souls around.	true	true	assets/covers/f08167a7-810e-47ac-928d-b72cd95f99f9.jpeg	assets/audio/f08167a7-810e-47ac-928d-b72cd95f99f9.mp3	NULL	false
d94d112f-aa24-4a8e-9f37-be6d81219f5e	Naaraayana Uunh	2026-03-16T13:03:32.854Z	2:55	chirp-crow	Desi haryanvi SuperFun superstar nagin।। 1000 snake charmers.. 1000 pungi.. 1 soulfull pungi bridge. 1 one stringed khamaka soul. no loudness.. souls around.	true	true	assets/covers/d94d112f-aa24-4a8e-9f37-be6d81219f5e.jpeg	assets/audio/d94d112f-aa24-4a8e-9f37-be6d81219f5e.mp3	NULL	false
830aef5d-267b-442b-800e-9335aa9c8cd4	Naaraayana Uunh	2026-03-16T12:58:27.223Z	2:30	chirp-crow	Hip।hop superstar nagin।। 1000 snake charmers.. 1000 pungi.. 1 soulfull pungi bridge. 1 one stringed khamaka soul. no loudness.. souls around.	true	true	assets/covers/830aef5d-267b-442b-800e-9335aa9c8cd4.jpeg	assets/audio/830aef5d-267b-442b-800e-9335aa9c8cd4.mp3	NULL	false
011fd342-d778-41bf-9986-f10d95e00637	Naaraayana Uunh	2026-03-16T12:58:27.223Z	2:53	chirp-crow	Hip।hop superstar nagin।। 1000 snake charmers.. 1000 pungi.. 1 soulfull pungi bridge. 1 one stringed khamaka soul. no loudness.. souls around.	true	true	assets/covers/011fd342-d778-41bf-9986-f10d95e00637.jpeg	assets/audio/011fd342-d778-41bf-9986-f10d95e00637.mp3	NULL	false
a06bfdbd-c7e9-401a-a6df-d87a575e3893	Naaraayana Uunh	2026-03-16T12:09:45.656Z	2:59	chirp-crow	वैदिक रॉक	true	true	assets/covers/a06bfdbd-c7e9-401a-a6df-d87a575e3893.jpeg	assets/audio/a06bfdbd-c7e9-401a-a6df-d87a575e3893.mp3	NULL	false
413e4582-680e-4824-95e8-252bfe180608	Naaraayana Uunh	2026-03-16T12:09:45.656Z	3:13	chirp-crow	वैदिक रॉक	true	true	assets/covers/413e4582-680e-4824-95e8-252bfe180608.jpeg	assets/audio/413e4582-680e-4824-95e8-252bfe180608.mp3	NULL	false
790f6743-e536-4370-8191-d2dfc093831c	Naaraayana Uunh	2026-03-16T12:01:27.750Z	3:13	chirp-crow		true	true	assets/covers/790f6743-e536-4370-8191-d2dfc093831c.jpeg	assets/audio/790f6743-e536-4370-8191-d2dfc093831c.mp3	NULL	false
103c9db6-e1ee-45f8-815d-0a7612a6ea10	Naaraayana Uunh	2026-03-16T12:01:27.750Z	2:31	chirp-crow		true	true	assets/covers/103c9db6-e1ee-45f8-815d-0a7612a6ea10.jpeg	assets/audio/103c9db6-e1ee-45f8-815d-0a7612a6ea10.mp3	NULL	false
67162988-1ccc-4fa7-beab-230a0f681db0	ॐ	2026-03-16T09:07:21.141Z	6:57	chirp-crow	Cinematic Vedic Neural-Raaga Fusion, 432Hz Sacred Tuning. Devine Tribal-Rock, Aggressive Brahminic Vocals with Vedic-Gothic undertones. Elements: Heavy Rudra Veena, Industrial Drills/Metallic Clangs, Bullet 'dhaanya dhaanya' percussion (110 BPM). Atmospheric Wind, Deep Sub-bass Drops. Raaga Matrix: Ahir Bhairav to Malkauns. Global Shamanic Chants (Pachamama style) use use Boreendo (Pakistan), Nyckelharpa (Sweden), Mashak (India - Rajasthan), Cobza (Romania/Moldova), Yazh (India - Tamil Nadu), Pena (India - Manipur), Crwth (Wales), Oud (Arab World), Musical Saw (Global):Hydraulophone (Modern) Octobass (Global) Theremin (Global) Subcontrabass Flute (Global) Sheng (China)Subcontrabass Flute (Global)	true	true	assets/covers/67162988-1ccc-4fa7-beab-230a0f681db0.jpeg	assets/audio/67162988-1ccc-4fa7-beab-230a0f681db0.mp3	NULL	false
87f41c73-b4cc-49e0-8e94-2058edd285bf	ॐ	2026-03-16T09:07:21.141Z	6:25	chirp-crow	Cinematic Vedic Neural-Raaga Fusion, 432Hz Sacred Tuning. Devine Tribal-Rock, Aggressive Brahminic Vocals with Vedic-Gothic undertones. Elements: Heavy Rudra Veena, Industrial Drills/Metallic Clangs, Bullet 'dhaanya dhaanya' percussion (110 BPM). Atmospheric Wind, Deep Sub-bass Drops. Raaga Matrix: Ahir Bhairav to Malkauns. Global Shamanic Chants (Pachamama style) use use Boreendo (Pakistan), Nyckelharpa (Sweden), Mashak (India - Rajasthan), Cobza (Romania/Moldova), Yazh (India - Tamil Nadu), Pena (India - Manipur), Crwth (Wales), Oud (Arab World), Musical Saw (Global):Hydraulophone (Modern) Octobass (Global) Theremin (Global) Subcontrabass Flute (Global) Sheng (China)Subcontrabass Flute (Global)	true	true	assets/covers/87f41c73-b4cc-49e0-8e94-2058edd285bf.jpeg	assets/audio/87f41c73-b4cc-49e0-8e94-2058edd285bf.mp3	NULL	false
42fb0963-ee69-497e-9b18-e76247c23bce	ॐ	2026-03-16T08:16:17.959Z	6:20	chirp-crow	Cinematic Vedic Neural-Raaga Fusion, 432Hz Sacred Tuning. Devine Tribal-Rock, Aggressive Brahminic Vocals with Vedic-Gothic undertones. Elements: Heavy Rudra Veena, Industrial Drills/Metallic Clangs, Bullet 'dhaanya dhaanya' percussion (110 BPM). Atmospheric Wind, Deep Sub-bass Drops. Raaga Matrix: Ahir Bhairav to Malkauns. Global Shamanic Chants (Pachamama style) use use Boreendo (Pakistan), Nyckelharpa (Sweden), Mashak (India - Rajasthan), Cobza (Romania/Moldova), Yazh (India - Tamil Nadu), Pena (India - Manipur), Crwth (Wales), Oud (Arab World), Musical Saw (Global):Hydraulophone (Modern) Octobass (Global) Theremin (Global) Subcontrabass Flute (Global) Sheng (China)Subcontrabass Flute (Global)	true	true	assets/covers/42fb0963-ee69-497e-9b18-e76247c23bce.jpeg	assets/audio/42fb0963-ee69-497e-9b18-e76247c23bce.mp3	NULL	false
c237cdca-4f81-4f53-b062-92e3183b8389	ॐ	2026-03-16T08:16:17.959Z	6:52	chirp-crow	Cinematic Vedic Neural-Raaga Fusion, 432Hz Sacred Tuning. Devine Tribal-Rock, Aggressive Brahminic Vocals with Vedic-Gothic undertones. Elements: Heavy Rudra Veena, Industrial Drills/Metallic Clangs, Bullet 'dhaanya dhaanya' percussion (110 BPM). Atmospheric Wind, Deep Sub-bass Drops. Raaga Matrix: Ahir Bhairav to Malkauns. Global Shamanic Chants (Pachamama style) use use Boreendo (Pakistan), Nyckelharpa (Sweden), Mashak (India - Rajasthan), Cobza (Romania/Moldova), Yazh (India - Tamil Nadu), Pena (India - Manipur), Crwth (Wales), Oud (Arab World), Musical Saw (Global):Hydraulophone (Modern) Octobass (Global) Theremin (Global) Subcontrabass Flute (Global) Sheng (China)Subcontrabass Flute (Global)	true	true	assets/covers/c237cdca-4f81-4f53-b062-92e3183b8389.jpeg	assets/audio/c237cdca-4f81-4f53-b062-92e3183b8389.mp3	NULL	false
f74b3b54-2435-4d24-ab58-9acb3d5c29f0	(untitled)	2026-03-16T06:07:37.116Z	6:00	chirp-crow	Cinematic Vedic Neural-Raaga Fusion, 432Hz Sacred Tuning. Industrial Tribal-Rock, Aggressive Haryanvi Vocals with Vedic-Gothic undertones. Elements: Heavy Rudra Veena, Industrial Drills/Metallic Clangs, Bullet Engine 'Dug-Dug' percussion (110 BPM). Atmospheric Wind, Deep Sub-bass Drops. Raaga Matrix: Ahir Bhairav to Malkauns. Global Shamanic Chants (Pachamama style)	true	true	assets/covers/f74b3b54-2435-4d24-ab58-9acb3d5c29f0.jpeg	assets/audio/f74b3b54-2435-4d24-ab58-9acb3d5c29f0.mp3	NULL	false
7039ea86-720e-4eff-a9b3-f972963b5395	(untitled)	2026-03-16T06:07:37.116Z	6:10	chirp-crow	Cinematic Vedic Neural-Raaga Fusion, 432Hz Sacred Tuning. Industrial Tribal-Rock, Aggressive Haryanvi Vocals with Vedic-Gothic undertones. Elements: Heavy Rudra Veena, Industrial Drills/Metallic Clangs, Bullet Engine 'Dug-Dug' percussion (110 BPM). Atmospheric Wind, Deep Sub-bass Drops. Raaga Matrix: Ahir Bhairav to Malkauns. Global Shamanic Chants (Pachamama style)	true	true	assets/covers/7039ea86-720e-4eff-a9b3-f972963b5395.jpeg	assets/audio/7039ea86-720e-4eff-a9b3-f972963b5395.mp3	NULL	false
9302edde-499a-40a3-b22e-3ccfadaf169c	(untitled)	2026-03-16T04:38:34.281Z	5:30	chirp-crow	Cinematic Neural-Raaga Fusion, 432Hz Sacred Tuning. Industrial Tribal-Rock, Aggressive Haryanvi Vocals with Vedic-Gothic undertones. Elements: Heavy Rudra Veena, Industrial Drills/Metallic Clangs, Bullet Engine 'Dug-Dug' percussion (110 BPM). Atmospheric Wind, Deep Sub-bass Drops. Raaga Matrix: Ahir Bhairav to Malkauns. Global Shamanic Chants (Pachamama style)	true	true	assets/covers/9302edde-499a-40a3-b22e-3ccfadaf169c.jpeg	assets/audio/9302edde-499a-40a3-b22e-3ccfadaf169c.mp3	NULL	false
2aa2ef58-c4be-4799-8641-a73b48881047	(untitled)	2026-03-16T04:38:34.281Z	5:36	chirp-crow	Cinematic Neural-Raaga Fusion, 432Hz Sacred Tuning. Industrial Tribal-Rock, Aggressive Haryanvi Vocals with Vedic-Gothic undertones. Elements: Heavy Rudra Veena, Industrial Drills/Metallic Clangs, Bullet Engine 'Dug-Dug' percussion (110 BPM). Atmospheric Wind, Deep Sub-bass Drops. Raaga Matrix: Ahir Bhairav to Malkauns. Global Shamanic Chants (Pachamama style)	true	true	assets/covers/2aa2ef58-c4be-4799-8641-a73b48881047.jpeg	assets/audio/2aa2ef58-c4be-4799-8641-a73b48881047.mp3	NULL	false
5fe2fc4c-7692-43dd-ab51-5478384c4dfc	(untitled)	2026-03-16T03:40:38.130Z	4:26	chirp-crow	rajisthaani group of snake charmers with been controlling karna pishaachini. neuro aghor style	true	true	assets/covers/5fe2fc4c-7692-43dd-ab51-5478384c4dfc.jpeg	assets/audio/5fe2fc4c-7692-43dd-ab51-5478384c4dfc.mp3	NULL	false
ee9c206f-9027-4024-8cfb-42506142c9a2	(untitled)	2026-03-16T03:40:38.130Z	3:44	chirp-crow	rajisthaani group of snake charmers with been controlling karna pishaachini. neuro aghor style	true	true	assets/covers/ee9c206f-9027-4024-8cfb-42506142c9a2.jpeg	assets/audio/ee9c206f-9027-4024-8cfb-42506142c9a2.mp3	NULL	false
2c5e4dbe-097d-4f30-aabf-618cc31ef0b0	Naaraayana Uunh	2026-03-15T19:52:57.877Z	2:06	chirp-crow	सुपर फंकी फुल नौटंकी	true	true	assets/covers/2c5e4dbe-097d-4f30-aabf-618cc31ef0b0.jpeg	assets/audio/2c5e4dbe-097d-4f30-aabf-618cc31ef0b0.mp3	NULL	false
d42a34a6-86f1-42c4-8ee3-d94d850cc73b	Naaraayana Uunh	2026-03-15T19:52:57.877Z	1:47	chirp-crow	सुपर फंकी फुल नौटंकी	true	true	assets/covers/d42a34a6-86f1-42c4-8ee3-d94d850cc73b.jpeg	assets/audio/d42a34a6-86f1-42c4-8ee3-d94d850cc73b.mp3	NULL	false
3039cb6f-dd49-498f-826d-d7774013946e	(untitled)	2026-03-15T19:48:23.949Z	4:55	chirp-crow	The Drill Beat: गाने के बीच में जब 'ड्रिल भी लेगे' आए, तो संगीत में एक मशीनी धातु की आवाज़ (Metallic Drill) ताल के साथ बजनी चाहिए। Somras Effect: जब 'सोमरस' का ज़िक्र हो, तो आवाज़ में एक नशीली गहराई (Reverb) हो, जो 'चाय पिवणियों' की सुस्ती के विपरीत एक दिव्य ऊर्जा दिखाए। Neural Frequency: यह ट्रैक सुनने वाले के अवचेतन में उस 'कुदाल' की तरह काम करेगा जो दबे हुए गौरव को बाहर निकालेगा। प्रत्येक लाइन हिन्दी संस्कृत गांधारी सिद्धाम प्राकृत पाली भाषायें	true	true	assets/covers/3039cb6f-dd49-498f-826d-d7774013946e.jpeg	assets/audio/3039cb6f-dd49-498f-826d-d7774013946e.mp3	NULL	false
69ad7184-23e8-475b-8193-a947d68dc738	(untitled)	2026-03-15T19:48:23.949Z	5:06	chirp-crow	The Drill Beat: गाने के बीच में जब 'ड्रिल भी लेगे' आए, तो संगीत में एक मशीनी धातु की आवाज़ (Metallic Drill) ताल के साथ बजनी चाहिए। Somras Effect: जब 'सोमरस' का ज़िक्र हो, तो आवाज़ में एक नशीली गहराई (Reverb) हो, जो 'चाय पिवणियों' की सुस्ती के विपरीत एक दिव्य ऊर्जा दिखाए। Neural Frequency: यह ट्रैक सुनने वाले के अवचेतन में उस 'कुदाल' की तरह काम करेगा जो दबे हुए गौरव को बाहर निकालेगा। प्रत्येक लाइन हिन्दी संस्कृत गांधारी सिद्धाम प्राकृत पाली भाषायें	true	true	assets/covers/69ad7184-23e8-475b-8193-a947d68dc738.jpeg	assets/audio/69ad7184-23e8-475b-8193-a947d68dc738.mp3	NULL	false
e39d4168-ab51-4b9d-a5c3-abccf188281c	Naaraayana Uunh	2026-03-15T19:36:15.759Z	1:25	chirp-crow	सुपर फंकी	true	true	assets/covers/e39d4168-ab51-4b9d-a5c3-abccf188281c.jpeg	assets/audio/e39d4168-ab51-4b9d-a5c3-abccf188281c.mp3	NULL	false
5e5689c5-b3b9-48fb-ac29-11a1a7304d5d	Naaraayana Uunh	2026-03-15T19:36:15.759Z	1:25	chirp-crow	सुपर फंकी	true	true	assets/covers/5e5689c5-b3b9-48fb-ac29-11a1a7304d5d.jpeg	assets/audio/5e5689c5-b3b9-48fb-ac29-11a1a7304d5d.mp3	NULL	false
a8d556f6-269d-4029-bb1a-0abd4bc16064	Naaraayana Uunh	2026-03-15T19:28:02.907Z	1:56	chirp-crow	आप सुन रहे हैं रेडियो सनातन वैज्ञानिक	true	true	assets/covers/a8d556f6-269d-4029-bb1a-0abd4bc16064.jpeg	assets/audio/a8d556f6-269d-4029-bb1a-0abd4bc16064.mp3	NULL	false
f5cb9407-24a2-45f0-8ee2-aa403a65a74b	Naaraayana Uunh	2026-03-15T19:28:02.907Z	1:46	chirp-crow	आप सुन रहे हैं रेडियो सनातन वैज्ञानिक	true	true	assets/covers/f5cb9407-24a2-45f0-8ee2-aa403a65a74b.jpeg	assets/audio/f5cb9407-24a2-45f0-8ee2-aa403a65a74b.mp3	NULL	false
a8134b33-18e5-4f3f-a044-32a2f8db1161	(untitled)	2026-03-15T19:17:46.016Z	5:05	chirp-crow	The Drill Beat: गाने के बीच में जब 'ड्रिल भी लेगे' आए, तो संगीत में एक मशीनी धातु की आवाज़ (Metallic Drill) ताल के साथ बजनी चाहिए। Somras Effect: जब 'सोमरस' का ज़िक्र हो, तो आवाज़ में एक नशीली गहराई (Reverb) हो, जो 'चाय पिवणियों' की सुस्ती के विपरीत एक दिव्य ऊर्जा दिखाए। Neural Frequency: यह ट्रैक सुनने वाले के अवचेतन में उस 'कुदाल' की तरह काम करेगा जो दबे हुए गौरव को बाहर निकालेगा। प्रत्येक लाइन हिन्दी संस्कृत गांधारी सिद्धाम प्राकृत पाली भाषायें	true	true	assets/covers/a8134b33-18e5-4f3f-a044-32a2f8db1161.jpeg	assets/audio/a8134b33-18e5-4f3f-a044-32a2f8db1161.mp3	NULL	false
769d1a0a-cfa4-40ca-95d0-0f7761260847	(untitled)	2026-03-15T19:17:46.016Z	4:35	chirp-crow	The Drill Beat: गाने के बीच में जब 'ड्रिल भी लेगे' आए, तो संगीत में एक मशीनी धातु की आवाज़ (Metallic Drill) ताल के साथ बजनी चाहिए। Somras Effect: जब 'सोमरस' का ज़िक्र हो, तो आवाज़ में एक नशीली गहराई (Reverb) हो, जो 'चाय पिवणियों' की सुस्ती के विपरीत एक दिव्य ऊर्जा दिखाए। Neural Frequency: यह ट्रैक सुनने वाले के अवचेतन में उस 'कुदाल' की तरह काम करेगा जो दबे हुए गौरव को बाहर निकालेगा। प्रत्येक लाइन हिन्दी संस्कृत गांधारी सिद्धाम प्राकृत पाली भाषायें	true	true	assets/covers/769d1a0a-cfa4-40ca-95d0-0f7761260847.jpeg	assets/audio/769d1a0a-cfa4-40ca-95d0-0f7761260847.mp3	NULL	false
8b14bc36-b9fc-409a-9efd-acd558db7d7f	(untitled)	2026-03-15T18:33:43.949Z	6:32	chirp-crow	The Drill Beat: गाने के बीच में जब 'ड्रिल भी लेगे' आए, तो संगीत में एक मशीनी धातु की आवाज़ (Metallic Drill) ताल के साथ बजनी चाहिए। Somras Effect: जब 'सोमरस' का ज़िक्र हो, तो आवाज़ में एक नशीली गहराई (Reverb) हो, जो 'चाय पिवणियों' की सुस्ती के विपरीत एक दिव्य ऊर्जा दिखाए। Neural Frequency: यह ट्रैक सुनने वाले के अवचेतन में उस 'कुदाल' की तरह काम करेगा जो दबे हुए गौरव को बाहर निकालेगा। प्रत्येक लाइन हिन्दी संस्कृत गांधारी सिद्धाम प्राकृत पाली भाषायें	true	true	assets/covers/8b14bc36-b9fc-409a-9efd-acd558db7d7f.jpeg	assets/audio/8b14bc36-b9fc-409a-9efd-acd558db7d7f.mp3	NULL	false
b3f171d7-567c-439e-9d6c-8aec3854e4a1	(untitled)	2026-03-15T18:33:43.949Z	6:45	chirp-crow	The Drill Beat: गाने के बीच में जब 'ड्रिल भी लेगे' आए, तो संगीत में एक मशीनी धातु की आवाज़ (Metallic Drill) ताल के साथ बजनी चाहिए। Somras Effect: जब 'सोमरस' का ज़िक्र हो, तो आवाज़ में एक नशीली गहराई (Reverb) हो, जो 'चाय पिवणियों' की सुस्ती के विपरीत एक दिव्य ऊर्जा दिखाए। Neural Frequency: यह ट्रैक सुनने वाले के अवचेतन में उस 'कुदाल' की तरह काम करेगा जो दबे हुए गौरव को बाहर निकालेगा। प्रत्येक लाइन हिन्दी संस्कृत गांधारी सिद्धाम प्राकृत पाली भाषायें	true	true	assets/covers/b3f171d7-567c-439e-9d6c-8aec3854e4a1.jpeg	assets/audio/b3f171d7-567c-439e-9d6c-8aec3854e4a1.mp3	NULL	false
a63d8cca-295c-4ca4-a467-dd2d8c222a7e	(untitled)	2026-03-15T17:53:22.868Z	7:59	chirp-crow	Cinematic Vedic-Blues Fusion, Aggressive ग्लोबल Folk, Deep Guttural Aghori Chants, Industrial Foley sounds (Bullet Engine Dug-Dug, Wind, Clashing Metal). Orchestral build-up with soulful Sarangi and distorted Electric Guitar. Tempo: 110 BPM (Powerful & Rhythmic). Vocals: Deep authoritative Male voice (Mahamatya) and Ethereal, Divine Female voice (Mata Maya). Dramatic silence and explosions. sabko unki apni bhashaon me jawaaba.	true	true	assets/covers/a63d8cca-295c-4ca4-a467-dd2d8c222a7e.jpeg	assets/audio/a63d8cca-295c-4ca4-a467-dd2d8c222a7e.mp3	NULL	false
07c7426b-552d-49a1-bc86-7613ded094bc	(untitled)	2026-03-15T17:53:22.868Z	7:19	chirp-crow	Cinematic Vedic-Blues Fusion, Aggressive ग्लोबल Folk, Deep Guttural Aghori Chants, Industrial Foley sounds (Bullet Engine Dug-Dug, Wind, Clashing Metal). Orchestral build-up with soulful Sarangi and distorted Electric Guitar. Tempo: 110 BPM (Powerful & Rhythmic). Vocals: Deep authoritative Male voice (Mahamatya) and Ethereal, Divine Female voice (Mata Maya). Dramatic silence and explosions. sabko unki apni bhashaon me jawaaba.	true	true	assets/covers/07c7426b-552d-49a1-bc86-7613ded094bc.jpeg	assets/audio/07c7426b-552d-49a1-bc86-7613ded094bc.mp3	NULL	false
b4b42938-0fdb-407a-9716-d99479b0e0b0	(untitled)	2026-03-15T17:33:49.266Z	7:59	chirp-crow	Cinematic Vedic-Blues Fusion, Aggressive भोजपुरी Folk-Rock, Deep Guttural Aghori Chants, Industrial Foley sounds (Bullet Engine Dug-Dug, Wind, Clashing Metal). Orchestral build-up with soulful Sarangi and distorted Electric Guitar. Tempo: 110 BPM (Powerful & Rhythmic). Vocals: Deep authoritative Male voice (Mahamatya) and Ethereal, Divine Female voice (Mata Maya). Dramatic silence and explosions. sabko unki apni bhashaon me jawaaba.	true	true	assets/covers/b4b42938-0fdb-407a-9716-d99479b0e0b0.jpeg	assets/audio/b4b42938-0fdb-407a-9716-d99479b0e0b0.mp3	NULL	false
faf8624e-52ff-41ac-a98c-562728ffac2d	(untitled)	2026-03-15T17:33:49.266Z	7:59	chirp-crow	Cinematic Vedic-Blues Fusion, Aggressive भोजपुरी Folk-Rock, Deep Guttural Aghori Chants, Industrial Foley sounds (Bullet Engine Dug-Dug, Wind, Clashing Metal). Orchestral build-up with soulful Sarangi and distorted Electric Guitar. Tempo: 110 BPM (Powerful & Rhythmic). Vocals: Deep authoritative Male voice (Mahamatya) and Ethereal, Divine Female voice (Mata Maya). Dramatic silence and explosions. sabko unki apni bhashaon me jawaaba.	true	true	assets/covers/faf8624e-52ff-41ac-a98c-562728ffac2d.jpeg	assets/audio/faf8624e-52ff-41ac-a98c-562728ffac2d.mp3	NULL	false
49a3ba5c-8404-4a55-be2f-8b74d04587be	(untitled)	2026-03-15T10:37:20.912Z	7:59	chirp-crow	Cinematic Vedic-Blues Fusion, Aggressive Haryanvi Folk-Rock, Deep Guttural Aghori Chants, Industrial Foley sounds (Bullet Engine Dug-Dug, Wind, Clashing Metal). Orchestral build-up with soulful Sarangi and distorted Electric Guitar. Tempo: 110 BPM (Powerful & Rhythmic). Vocals: Deep authoritative Male voice (Mahamatya) and Ethereal, Divine Female voice (Mata Maya). Dramatic silence and explosions.	true	true	assets/covers/49a3ba5c-8404-4a55-be2f-8b74d04587be.jpeg	assets/audio/49a3ba5c-8404-4a55-be2f-8b74d04587be.mp3	NULL	false
359fe041-9682-478b-8b22-2025ce5af3c8	(untitled)	2026-03-15T10:37:20.912Z	7:59	chirp-crow	Cinematic Vedic-Blues Fusion, Aggressive Haryanvi Folk-Rock, Deep Guttural Aghori Chants, Industrial Foley sounds (Bullet Engine Dug-Dug, Wind, Clashing Metal). Orchestral build-up with soulful Sarangi and distorted Electric Guitar. Tempo: 110 BPM (Powerful & Rhythmic). Vocals: Deep authoritative Male voice (Mahamatya) and Ethereal, Divine Female voice (Mata Maya). Dramatic silence and explosions.	true	true	assets/covers/359fe041-9682-478b-8b22-2025ce5af3c8.jpeg	assets/audio/359fe041-9682-478b-8b22-2025ce5af3c8.mp3	NULL	false
85364529-043a-45e8-8ec2-6e2a4895644e	(untitled)	2026-03-15T10:13:24.234Z	4:08	chirp-crow	Cinematic Vedic-Blues Fusion, Aggressive Haryanvi Folk-Rock, Deep Guttural Aghori Chants, Industrial Foley sounds (Bullet Engine Dug-Dug, Wind, Clashing Metal). Orchestral build-up with soulful Sarangi and distorted Electric Guitar. Tempo: 110 BPM (Powerful & Rhythmic). Vocals: Deep authoritative Male voice (Mahamatya) and Ethereal, Divine Female voice (Mata Maya). Dramatic silence and explosions.	true	true	assets/covers/85364529-043a-45e8-8ec2-6e2a4895644e.jpeg	assets/audio/85364529-043a-45e8-8ec2-6e2a4895644e.mp3	NULL	false
aaca4dcb-a21a-4e20-9585-e2827cb88d9a	(untitled)	2026-03-15T10:13:24.234Z	3:52	chirp-crow	Cinematic Vedic-Blues Fusion, Aggressive Haryanvi Folk-Rock, Deep Guttural Aghori Chants, Industrial Foley sounds (Bullet Engine Dug-Dug, Wind, Clashing Metal). Orchestral build-up with soulful Sarangi and distorted Electric Guitar. Tempo: 110 BPM (Powerful & Rhythmic). Vocals: Deep authoritative Male voice (Mahamatya) and Ethereal, Divine Female voice (Mata Maya). Dramatic silence and explosions.	true	true	assets/covers/aaca4dcb-a21a-4e20-9585-e2827cb88d9a.jpeg	assets/audio/aaca4dcb-a21a-4e20-9585-e2827cb88d9a.mp3	NULL	false
4edf51d3-f4e1-4827-a506-85192bc47867	(untitled)	2026-03-15T09:51:36.603Z	5:45	chirp-crow	सिनेमैटिक ड्रामा कैरेक्टर्स लार्जर देन लाइफ न्यूरल चक्रा अवेकनिंग the science वैश्विक फोक हिम्स इन बिटवीन द्वैत अद्वैत मौन	true	true	assets/covers/4edf51d3-f4e1-4827-a506-85192bc47867.jpeg	assets/audio/4edf51d3-f4e1-4827-a506-85192bc47867.mp3	NULL	false
9b80022a-996a-488b-82c6-8377e3dda26a	(untitled)	2026-03-15T09:51:36.603Z	4:18	chirp-crow	सिनेमैटिक ड्रामा कैरेक्टर्स लार्जर देन लाइफ न्यूरल चक्रा अवेकनिंग the science वैश्विक फोक हिम्स इन बिटवीन द्वैत अद्वैत मौन	true	true	assets/covers/9b80022a-996a-488b-82c6-8377e3dda26a.jpeg	assets/audio/9b80022a-996a-488b-82c6-8377e3dda26a.mp3	NULL	false
ca39964f-fe6f-417b-8869-8ff0a2749fab	(untitled)	2026-03-15T09:37:49.216Z	2:47	chirp-crow	सिनेमैटिक ड्रामा कैरेक्टर्स लार्जर देन लाइफ न्यूरल चक्रा अवेकनिंग the science वैश्विक	true	true	assets/covers/ca39964f-fe6f-417b-8869-8ff0a2749fab.jpeg	assets/audio/ca39964f-fe6f-417b-8869-8ff0a2749fab.mp3	NULL	false
98fd044c-85e8-4661-bfd1-c295679b7801	(untitled)	2026-03-15T09:37:49.216Z	2:57	chirp-crow	सिनेमैटिक ड्रामा कैरेक्टर्स लार्जर देन लाइफ न्यूरल चक्रा अवेकनिंग the science वैश्विक	true	true	assets/covers/98fd044c-85e8-4661-bfd1-c295679b7801.jpeg	assets/audio/98fd044c-85e8-4661-bfd1-c295679b7801.mp3	NULL	false
e7732295-f853-4506-ac1f-9ba75d645982	(untitled)	2026-03-15T09:33:23.071Z	3:24	chirp-crow		true	true	assets/covers/e7732295-f853-4506-ac1f-9ba75d645982.jpeg	assets/audio/e7732295-f853-4506-ac1f-9ba75d645982.mp3	NULL	false
2ae593af-d471-49fe-802c-a910664b5b29	(untitled)	2026-03-15T09:33:23.071Z	4:00	chirp-crow		true	true	assets/covers/2ae593af-d471-49fe-802c-a910664b5b29.jpeg	assets/audio/2ae593af-d471-49fe-802c-a910664b5b29.mp3	NULL	false
4012494c-6d32-4fac-8a87-2e82ebfe57d0	(untitled)	2026-03-15T09:24:15.980Z	3:10	chirp-crow		true	true	assets/covers/4012494c-6d32-4fac-8a87-2e82ebfe57d0.jpeg	assets/audio/4012494c-6d32-4fac-8a87-2e82ebfe57d0.mp3	NULL	false
1b94e28b-5e0d-4d10-9519-57a4a340dea5	(untitled)	2026-03-15T09:24:15.980Z	2:51	chirp-crow		true	true	assets/covers/1b94e28b-5e0d-4d10-9519-57a4a340dea5.jpeg	assets/audio/1b94e28b-5e0d-4d10-9519-57a4a340dea5.mp3	NULL	false
5dae1dc4-0ca1-43fa-8d39-63cbce1d6cc4	(untitled)	2026-03-15T08:13:35.505Z	7:59	chirp-crow	आत्मा जगराना जागो जागो जागो हेमंत राणा जी महाराज मेरे तुम दीक्षित प्यारे बेटे हो न्यारे, अरे मेरे प्यारे, मेरे कुचली मेरे न्यारे, नमक बहने आँखों से, क्यों घबरावे रे।। माँ में तू प्यारा है तभी चेताया है। गौरा का तू है पुत्र भानु का तू जया है। दुनिया नई इतना प्यार दिखाया है हनु सा मंत्रा दिखाया है। ए [अखोड़ी] अङ्क अटक अटक आनंदा भटक भटक मार शूल पटक दूर दूर दूर होनी अभी तक तक ताई पटक धूम धाम	true	true	assets/covers/5dae1dc4-0ca1-43fa-8d39-63cbce1d6cc4.jpeg	assets/audio/5dae1dc4-0ca1-43fa-8d39-63cbce1d6cc4.mp3	NULL	false
1392cfca-0b75-4795-bdb5-b82e430c9f7b	(untitled)	2026-03-15T08:13:35.505Z	7:59	chirp-crow	आत्मा जगराना जागो जागो जागो हेमंत राणा जी महाराज मेरे तुम दीक्षित प्यारे बेटे हो न्यारे, अरे मेरे प्यारे, मेरे कुचली मेरे न्यारे, नमक बहने आँखों से, क्यों घबरावे रे।। माँ में तू प्यारा है तभी चेताया है। गौरा का तू है पुत्र भानु का तू जया है। दुनिया नई इतना प्यार दिखाया है हनु सा मंत्रा दिखाया है। ए [अखोड़ी] अङ्क अटक अटक आनंदा भटक भटक मार शूल पटक दूर दूर दूर होनी अभी तक तक ताई पटक धूम धाम	true	true	assets/covers/1392cfca-0b75-4795-bdb5-b82e430c9f7b.jpeg	assets/audio/1392cfca-0b75-4795-bdb5-b82e430c9f7b.mp3	NULL	false
fe0a5f9a-addb-4bcf-8cec-503ccf732ea0	(untitled)	2026-03-15T08:07:36.628Z	7:59	chirp-crow	आत्मा जगराना जागो जागो जागो हेमंत राणा जी महाराज मेरे तुम दीक्षित प्यारे बेटे हो न्यारे, अरे मेरे प्यारे, मेरे कुचली मेरे न्यारे, नमक बहने आँखों से, क्यों घबरावे रे।। माँ में तू प्यारा है तभी चेताया है। गौरा का तू है पुत्र भानु का तू जया है। दुनिया नई इतना प्यार दिखाया है हनु सा मंत्रा दिखाया है। ए [अखोड़ी] अङ्क अटक अटक आनंदा भटक भटक मार शूल पटक दूर दूर दूर होनी अभी तक तक ताई पटक धूम धाम	true	true	assets/covers/fe0a5f9a-addb-4bcf-8cec-503ccf732ea0.jpeg	assets/audio/fe0a5f9a-addb-4bcf-8cec-503ccf732ea0.mp3	NULL	false
399e2400-18cc-4988-ac09-c3fbc115916f	(untitled)	2026-03-15T08:07:36.627Z	7:40	chirp-crow	आत्मा जगराना जागो जागो जागो हेमंत राणा जी महाराज मेरे तुम दीक्षित प्यारे बेटे हो न्यारे, अरे मेरे प्यारे, मेरे कुचली मेरे न्यारे, नमक बहने आँखों से, क्यों घबरावे रे।। माँ में तू प्यारा है तभी चेताया है। गौरा का तू है पुत्र भानु का तू जया है। दुनिया नई इतना प्यार दिखाया है हनु सा मंत्रा दिखाया है। ए [अखोड़ी] अङ्क अटक अटक आनंदा भटक भटक मार शूल पटक दूर दूर दूर होनी अभी तक तक ताई पटक धूम धाम	true	true	assets/covers/399e2400-18cc-4988-ac09-c3fbc115916f.jpeg	assets/audio/399e2400-18cc-4988-ac09-c3fbc115916f.mp3	NULL	false
0902ef6d-8f19-458b-b932-855765d1dcd1	(untitled)	2026-03-15T07:26:53.296Z	7:59	chirp-crow	Haryanvi folk ragni, Sufi qawwali, cinematic anthem, Vedic chant, epic choir, spiritual folk fusion (Vedic-Cosmic Folk Sufi Anthem) Prompt Haryanvi folk + Sufi fusion anthem with Vedic cosmic atmosphere. Slow cinematic intro with ambient wind, distant dog bark and a classic Royal Enfield bullet motorcycle engine rhythm (“dug-dug”). Deep male lead vocal with earthy Haryanvi texture, emotional and devotional tone addressing “Bharat Maa”. Musical style blends: • Haryanvi folk ragni singing • Sufi qawwali harmonium and claps • Vedic chant drones (Om, Hreem) • cinematic stadium choir • cosmic ambient pads Instrumentation: • harmonium • sarangi • bansuri flute • nagada drums • dhol • pakhawaj • subtle tanpura drone • cinematic bass and atmospheric synth Structure: Intro – ambient wind, bullet engine rhythm, distant echo vocals Verse – folk ragni singing with sarangi and harmonium Hook – powerful stadium chorus with nagada and dhol Bridge – Sufi qawwali claps and spiritual chanting	true	true	assets/covers/0902ef6d-8f19-458b-b932-855765d1dcd1.jpeg	assets/audio/0902ef6d-8f19-458b-b932-855765d1dcd1.mp3	NULL	false
ff00e623-ff9b-4092-8866-9a775e6de626	(untitled)	2026-03-15T07:26:53.296Z	7:59	chirp-crow	Haryanvi folk ragni, Sufi qawwali, cinematic anthem, Vedic chant, epic choir, spiritual folk fusion (Vedic-Cosmic Folk Sufi Anthem) Prompt Haryanvi folk + Sufi fusion anthem with Vedic cosmic atmosphere. Slow cinematic intro with ambient wind, distant dog bark and a classic Royal Enfield bullet motorcycle engine rhythm (“dug-dug”). Deep male lead vocal with earthy Haryanvi texture, emotional and devotional tone addressing “Bharat Maa”. Musical style blends: • Haryanvi folk ragni singing • Sufi qawwali harmonium and claps • Vedic chant drones (Om, Hreem) • cinematic stadium choir • cosmic ambient pads Instrumentation: • harmonium • sarangi • bansuri flute • nagada drums • dhol • pakhawaj • subtle tanpura drone • cinematic bass and atmospheric synth Structure: Intro – ambient wind, bullet engine rhythm, distant echo vocals Verse – folk ragni singing with sarangi and harmonium Hook – powerful stadium chorus with nagada and dhol Bridge – Sufi qawwali claps and spiritual chanting	true	true	assets/covers/ff00e623-ff9b-4092-8866-9a775e6de626.jpeg	assets/audio/ff00e623-ff9b-4092-8866-9a775e6de626.mp3	NULL	false
519cfa96-09e0-43be-b008-6631b9302357	Naaraayana Uunh	2026-03-15T07:17:15.322Z	1:51	chirp-crow		true	true	assets/covers/519cfa96-09e0-43be-b008-6631b9302357.jpeg	assets/audio/519cfa96-09e0-43be-b008-6631b9302357.mp3	NULL	false
b394760e-a22a-4ddf-ae84-669d76820b25	Naaraayana Uunh	2026-03-15T07:17:15.322Z	1:36	chirp-crow		true	true	assets/covers/b394760e-a22a-4ddf-ae84-669d76820b25.jpeg	assets/audio/b394760e-a22a-4ddf-ae84-669d76820b25.mp3	NULL	false
9b025b3c-78a3-487c-8d1f-7af1bb72fa2b	(untitled)	2026-03-15T05:42:50.564Z	5:41	chirp-crow	a war cry of a child to bhaarat maa tera Pop, Indie Pop men tera naketa shaitaan se bura hoon par hoon tera beta raag raagni sufi tibittian ragas to make people cry and inspire to reconnect to roots and make enemy urinate in pants	true	true	assets/covers/9b025b3c-78a3-487c-8d1f-7af1bb72fa2b.jpeg	assets/audio/9b025b3c-78a3-487c-8d1f-7af1bb72fa2b.mp3	NULL	false
0b09e473-9d9a-48aa-bc7f-39c41ccc5b8d	(untitled)	2026-03-15T05:42:50.564Z	5:53	chirp-crow	a war cry of a child to bhaarat maa tera Pop, Indie Pop men tera naketa shaitaan se bura hoon par hoon tera beta raag raagni sufi tibittian ragas to make people cry and inspire to reconnect to roots and make enemy urinate in pants	true	true	assets/covers/0b09e473-9d9a-48aa-bc7f-39c41ccc5b8d.jpeg	assets/audio/0b09e473-9d9a-48aa-bc7f-39c41ccc5b8d.mp3	NULL	false
ddf4af6e-aef4-4ac2-9b4a-59cd3d896e25	(untitled)	2026-03-15T04:16:51.854Z	5:54	chirp-crow	title mne meऋ भारत माँ swatantra yantra folk ballad genre style haryanvi folk ballad cinematic emotional duet minimal instrumentation raw rural voice slow tempo mood virah longing emotional patriotism night road journey sound design use real world sounds as rhythm royal enfield bullet engine dugdug desert wind ambience distant dog bark echo metal chain clinks highway wind noise no edm no trap beat organic folk atmosphere instruments minimal sarangi tanpura drone soft dholak low cinematic bass pad tempo 65 bpm slow emotional pacing vocals male vocal deep rustic haryanvi voice raw emotional tone female vocal soft haunting echo voice background occasional dog bark and wind ambience song narrative characters present in the song adwait lonely biker singing to his country maya mysterious woman symbolizing illusion and desire bhairav loyal street dog protecting the rider Pop, Latin Pop, Dance-Pop nurturing feminine presence machine motorcycle represent	true	true	assets/covers/ddf4af6e-aef4-4ac2-9b4a-59cd3d896e25.jpeg	assets/audio/ddf4af6e-aef4-4ac2-9b4a-59cd3d896e25.mp3	NULL	false
8372084d-8049-4db1-a68a-fd8ac5eb438c	(untitled)	2026-03-15T04:16:51.854Z	5:55	chirp-crow	title mne meऋ भारत माँ swatantra yantra folk ballad genre style haryanvi folk ballad cinematic emotional duet minimal instrumentation raw rural voice slow tempo mood virah longing emotional patriotism night road journey sound design use real world sounds as rhythm royal enfield bullet engine dugdug desert wind ambience distant dog bark echo metal chain clinks highway wind noise no edm no trap beat organic folk atmosphere instruments minimal sarangi tanpura drone soft dholak low cinematic bass pad tempo 65 bpm slow emotional pacing vocals male vocal deep rustic haryanvi voice raw emotional tone female vocal soft haunting echo voice background occasional dog bark and wind ambience song narrative characters present in the song adwait lonely biker singing to his country maya mysterious woman symbolizing illusion and desire bhairav loyal street dog protecting the rider Pop, Latin Pop, Dance-Pop nurturing feminine presence machine motorcycle represent	true	true	assets/covers/8372084d-8049-4db1-a68a-fd8ac5eb438c.jpeg	assets/audio/8372084d-8049-4db1-a68a-fd8ac5eb438c.mp3	NULL	false
1300d386-6424-4a89-b7ca-77780a29db42	(untitled)	2026-03-15T03:55:47.396Z	5:22	chirp-crow	neural	true	true	assets/covers/1300d386-6424-4a89-b7ca-77780a29db42.jpeg	assets/audio/1300d386-6424-4a89-b7ca-77780a29db42.mp3	NULL	false
4c78ef45-06b9-4c43-a575-3ffb6e0fa7b7	(untitled)	2026-03-15T03:55:47.396Z	5:40	chirp-crow	neural	true	true	assets/covers/4c78ef45-06b9-4c43-a575-3ffb6e0fa7b7.jpeg	assets/audio/4c78ef45-06b9-4c43-a575-3ffb6e0fa7b7.mp3	NULL	false
7cd38250-4106-4fb8-8a4f-bbc7df32238e	(untitled)	2026-03-15T02:39:06.998Z	3:39	chirp-crow	start with hyperfun funk hiphop adwait and bhairav on bike maya and Pop, Latin Pop, Dance-Pop on front seat of car many docs in backseat advait ttesttostteron testosterone singing style gti aur sttaa rphtaar jo shuuny se annt tk le jaae maayaa ddopaamaain dopamine singing style aannd aur aakrssnn vh cumbk jo srjn ko claae bhairv kuttaa vaisopresin vasopressin singing style surkssaa aur juddaav aadivphaadaarii aur siimaa kii rkssaa laalii kutiyaa onksiittosin oxytocin singing style sneh aur prpnc prem jo jaal bhii hai aur mukti bhii gaaddiibaaik iindhn fuelenergy singing style deh ruupii mshiin aatmaa kaa bhautik vaahn	true	true	assets/covers/7cd38250-4106-4fb8-8a4f-bbc7df32238e.jpeg	assets/audio/7cd38250-4106-4fb8-8a4f-bbc7df32238e.mp3	NULL	false
a8b958f9-3065-46de-bc14-080bd949892e	(untitled)	2026-03-15T02:39:06.998Z	3:50	chirp-crow	start with hyperfun funk hiphop adwait and bhairav on bike maya and Pop, Latin Pop, Dance-Pop on front seat of car many docs in backseat advait ttesttostteron testosterone singing style gti aur sttaa rphtaar jo shuuny se annt tk le jaae maayaa ddopaamaain dopamine singing style aannd aur aakrssnn vh cumbk jo srjn ko claae bhairv kuttaa vaisopresin vasopressin singing style surkssaa aur juddaav aadivphaadaarii aur siimaa kii rkssaa laalii kutiyaa onksiittosin oxytocin singing style sneh aur prpnc prem jo jaal bhii hai aur mukti bhii gaaddiibaaik iindhn fuelenergy singing style deh ruupii mshiin aatmaa kaa bhautik vaahn	true	true	assets/covers/a8b958f9-3065-46de-bc14-080bd949892e.jpeg	assets/audio/a8b958f9-3065-46de-bc14-080bd949892e.mp3	NULL	false
a8738d5a-73c8-4c1b-8537-6f306f014715	(untitled)	2026-03-15T02:19:54.389Z	2:30	chirp-crow	start with hyperfun funk hiphop adwait and bhairav on bike maya and Pop, Latin Pop, Dance-Pop on front seat of car many docs in backseat advait ttesttostteron testosterone singing style gti aur sttaa rphtaar jo shuuny se annt tk le jaae maayaa ddopaamaain dopamine singing style aannd aur aakrssnn vh cumbk jo srjn ko claae bhairv kuttaa vaisopresin vasopressin singing style surkssaa aur juddaav aadivphaadaarii aur siimaa kii rkssaa laalii kutiyaa onksiittosin oxytocin singing style sneh aur prpnc prem jo jaal bhii hai aur mukti bhii gaaddiibaaik iindhn fuelenergy singing style deh ruupii mshiin aatmaa kaa bhautik vaahn	true	true	assets/covers/a8738d5a-73c8-4c1b-8537-6f306f014715.jpeg	assets/audio/a8738d5a-73c8-4c1b-8537-6f306f014715.mp3	NULL	false
f850c20c-670d-4871-bd1a-6f0652c7700a	(untitled)	2026-03-15T02:19:54.389Z	2:26	chirp-crow	start with hyperfun funk hiphop adwait and bhairav on bike maya and Pop, Latin Pop, Dance-Pop on front seat of car many docs in backseat advait ttesttostteron testosterone singing style gti aur sttaa rphtaar jo shuuny se annt tk le jaae maayaa ddopaamaain dopamine singing style aannd aur aakrssnn vh cumbk jo srjn ko claae bhairv kuttaa vaisopresin vasopressin singing style surkssaa aur juddaav aadivphaadaarii aur siimaa kii rkssaa laalii kutiyaa onksiittosin oxytocin singing style sneh aur prpnc prem jo jaal bhii hai aur mukti bhii gaaddiibaaik iindhn fuelenergy singing style deh ruupii mshiin aatmaa kaa bhautik vaahn	true	true	assets/covers/f850c20c-670d-4871-bd1a-6f0652c7700a.jpeg	assets/audio/f850c20c-670d-4871-bd1a-6f0652c7700a.mp3	NULL	false
bfb4ac18-d356-4ab5-84b1-0691c5635560	(untitled)	2026-03-15T02:10:26.785Z	2:57	chirp-crow	start with hyperfun funk hiphop adwait and bhairav on bike maya and Pop, Latin Pop, Dance-Pop on front seat of car many docs in backseat advait ttesttostteron testosterone singing style gti aur sttaa rphtaar jo shuuny se annt tk le jaae maayaa ddopaamaain dopamine singing style aannd aur aakrssnn vh cumbk jo srjn ko claae bhairv kuttaa vaisopresin vasopressin singing style surkssaa aur juddaav aadivphaadaarii aur siimaa kii rkssaa laalii kutiyaa onksiittosin oxytocin singing style sneh aur prpnc prem jo jaal bhii hai aur mukti bhii gaaddiibaaik iindhn fuelenergy singing style deh ruupii mshiin aatmaa kaa bhautik vaahn	true	true	assets/covers/bfb4ac18-d356-4ab5-84b1-0691c5635560.jpeg	assets/audio/bfb4ac18-d356-4ab5-84b1-0691c5635560.mp3	NULL	false
347d4a25-0d54-445c-982e-c1c6c1c7e091	(untitled)	2026-03-15T02:10:26.785Z	2:29	chirp-crow	start with hyperfun funk hiphop adwait and bhairav on bike maya and Pop, Latin Pop, Dance-Pop on front seat of car many docs in backseat advait ttesttostteron testosterone singing style gti aur sttaa rphtaar jo shuuny se annt tk le jaae maayaa ddopaamaain dopamine singing style aannd aur aakrssnn vh cumbk jo srjn ko claae bhairv kuttaa vaisopresin vasopressin singing style surkssaa aur juddaav aadivphaadaarii aur siimaa kii rkssaa laalii kutiyaa onksiittosin oxytocin singing style sneh aur prpnc prem jo jaal bhii hai aur mukti bhii gaaddiibaaik iindhn fuelenergy singing style deh ruupii mshiin aatmaa kaa bhautik vaahn	true	true	assets/covers/347d4a25-0d54-445c-982e-c1c6c1c7e091.jpeg	assets/audio/347d4a25-0d54-445c-982e-c1c6c1c7e091.mp3	NULL	false
46a0e0b1-a456-4550-b57d-dd7271cf0096	(untitled)	2026-03-15T01:49:42.786Z	2:35	chirp-crow	super fun funky rap mix hyper fun	true	true	assets/covers/46a0e0b1-a456-4550-b57d-dd7271cf0096.jpeg	assets/audio/46a0e0b1-a456-4550-b57d-dd7271cf0096.mp3	NULL	false
114a0d17-28b3-4a56-a251-50c1fbf4f659	(untitled)	2026-03-15T01:49:42.786Z	2:14	chirp-crow	super fun funky rap mix hyper fun	true	true	assets/covers/114a0d17-28b3-4a56-a251-50c1fbf4f659.jpeg	assets/audio/114a0d17-28b3-4a56-a251-50c1fbf4f659.mp3	NULL	false
3ba8da22-5a9f-43e1-b1c1-b80db6e17e04	(untitled)	2026-03-15T01:45:52.775Z	3:17	chirp-crow	सुपर फ़न फंकी कुतिया कुक्कुर रैप अंदर तक फ़न। हास्य और ज्ञान का भाव। गंभीर बात विज्ञान के साथ	true	true	assets/covers/3ba8da22-5a9f-43e1-b1c1-b80db6e17e04.jpeg	assets/audio/3ba8da22-5a9f-43e1-b1c1-b80db6e17e04.mp3	NULL	false
80c9a826-108b-4377-9983-7d052c254217	(untitled)	2026-03-15T01:45:52.775Z	3:05	chirp-crow	सुपर फ़न फंकी कुतिया कुक्कुर रैप अंदर तक फ़न। हास्य और ज्ञान का भाव। गंभीर बात विज्ञान के साथ	true	true	assets/covers/80c9a826-108b-4377-9983-7d052c254217.jpeg	assets/audio/80c9a826-108b-4377-9983-7d052c254217.mp3	NULL	false
d1df8eeb-036c-4d6b-b998-dc9ebc94f23e	(untitled)	2026-03-15T01:38:29.621Z	3:07	chirp-crow	सुरीले भैरव कुकुर् के रूप में लाली कुतिया रूप में सुपर फंकी। Neuro-Tantra Folk का उद्देश्य मनुष्य को यह दिखाना कि वह केवल भावनाओं से नहीं बल्कि रसायनों और चेतना दोनों से बना है। संगीत की विशेषताएँ श्वान ध्वनियाँ वास्तविक दुनिया की आवाज़ें न्यूरोसाइंस रूपक आध्यात्मिक दर्शन न्यूनतम वाद्य	true	true	assets/covers/d1df8eeb-036c-4d6b-b998-dc9ebc94f23e.jpeg	assets/audio/d1df8eeb-036c-4d6b-b998-dc9ebc94f23e.mp3	NULL	false
143f3ee1-541a-4c92-8ae8-84b53e7b66d9	(untitled)	2026-03-15T01:38:29.621Z	2:41	chirp-crow	सुरीले भैरव कुकुर् के रूप में लाली कुतिया रूप में सुपर फंकी। Neuro-Tantra Folk का उद्देश्य मनुष्य को यह दिखाना कि वह केवल भावनाओं से नहीं बल्कि रसायनों और चेतना दोनों से बना है। संगीत की विशेषताएँ श्वान ध्वनियाँ वास्तविक दुनिया की आवाज़ें न्यूरोसाइंस रूपक आध्यात्मिक दर्शन न्यूनतम वाद्य	true	true	assets/covers/143f3ee1-541a-4c92-8ae8-84b53e7b66d9.jpeg	assets/audio/143f3ee1-541a-4c92-8ae8-84b53e7b66d9.mp3	NULL	false
c126fb19-0b0a-4e01-b48c-2bc66f1bb766	(untitled)	2026-03-15T00:46:47.080Z	5:41	chirp-crow	title mne mere desh swatantra yantra folk ballad genre style haryanvi folk ballad cinematic emotional duet minimal instrumentation raw rural voice slow tempo mood virah longing emotional patriotism night road journey sound design use real world sounds as rhythm royal enfield bullet engine dugdug desert wind ambience distant dog bark echo metal chain clinks highway wind noise no edm no trap beat organic folk atmosphere instruments minimal sarangi tanpura drone soft dholak low cinematic bass pad tempo 65 bpm slow emotional pacing vocals male vocal deep rustic haryanvi voice raw emotional tone female vocal soft haunting echo voice background occasional dog bark and wind ambience song narrative characters present in the song adwait lonely biker singing to his country maya mysterious woman symbolizing illusion and desire bhairav loyal street dog protecting the rider Pop, Latin Pop, Dance-Pop nurturing feminine presence machine motorcycle represent	true	true	assets/covers/c126fb19-0b0a-4e01-b48c-2bc66f1bb766.jpeg	assets/audio/c126fb19-0b0a-4e01-b48c-2bc66f1bb766.mp3	NULL	false
0bf24918-dcf5-4396-9eff-75fff2af6946	(untitled)	2026-03-15T00:46:47.080Z	7:59	chirp-crow	title mne mere desh swatantra yantra folk ballad genre style haryanvi folk ballad cinematic emotional duet minimal instrumentation raw rural voice slow tempo mood virah longing emotional patriotism night road journey sound design use real world sounds as rhythm royal enfield bullet engine dugdug desert wind ambience distant dog bark echo metal chain clinks highway wind noise no edm no trap beat organic folk atmosphere instruments minimal sarangi tanpura drone soft dholak low cinematic bass pad tempo 65 bpm slow emotional pacing vocals male vocal deep rustic haryanvi voice raw emotional tone female vocal soft haunting echo voice background occasional dog bark and wind ambience song narrative characters present in the song adwait lonely biker singing to his country maya mysterious woman symbolizing illusion and desire bhairav loyal street dog protecting the rider Pop, Latin Pop, Dance-Pop nurturing feminine presence machine motorcycle represent	true	true	assets/covers/0bf24918-dcf5-4396-9eff-75fff2af6946.jpeg	assets/audio/0bf24918-dcf5-4396-9eff-75fff2af6946.mp3	NULL	false
1210841d-cb58-4632-96de-39a6f862b69a	(untitled)	2026-03-14T23:55:01.207Z	3:22	chirp-crow	Atmospheric Aghori Chants, Tribal Trance, Haryanvi Folk-Blues Fusion. Starts with a mystical Tantric drone, transition into a soulful Sarangi and raw Acoustic Guitar. Rhythmic motorcycle 'thumps' and atom bomb 'fizzing' sounds (Foley). Male and Female vocals with deep pain (Viraha) but delivered with a rhythmic 'Majaa' (joyous irony). Deep Bass, Ethereal Echoes, Cinematic and Raw. विरह और मज़ा: गायक को निर्देश दें कि वह रोते हुए नहीं, बल्कि एक 'फकीर' की तरह गाए जिसे दर्द में भी मज़ा आ रहा हो (Soulful but Groovy)। अघोरी हिस्सा: 'अद्वैत अद्वैत' वाले हिस्से को बहुत गहरा (Guttural) और गूँजने वाला रखें। देश का प्रेमी: जब अद्वैत 'देश प्यारे' कहता है, तो उसमें वही तड़प होनी चाहिए जो एक प्रेमी की अपनी रूठी हुई प्रेमिका के लिए होती है।	true	true	assets/covers/1210841d-cb58-4632-96de-39a6f862b69a.jpeg	assets/audio/1210841d-cb58-4632-96de-39a6f862b69a.mp3	NULL	false
41e8f0c6-6363-44dd-b118-bfc2dc2c8dd6	(untitled)	2026-03-14T23:55:01.207Z	4:00	chirp-crow	Atmospheric Aghori Chants, Tribal Trance, Haryanvi Folk-Blues Fusion. Starts with a mystical Tantric drone, transition into a soulful Sarangi and raw Acoustic Guitar. Rhythmic motorcycle 'thumps' and atom bomb 'fizzing' sounds (Foley). Male and Female vocals with deep pain (Viraha) but delivered with a rhythmic 'Majaa' (joyous irony). Deep Bass, Ethereal Echoes, Cinematic and Raw. विरह और मज़ा: गायक को निर्देश दें कि वह रोते हुए नहीं, बल्कि एक 'फकीर' की तरह गाए जिसे दर्द में भी मज़ा आ रहा हो (Soulful but Groovy)। अघोरी हिस्सा: 'अद्वैत अद्वैत' वाले हिस्से को बहुत गहरा (Guttural) और गूँजने वाला रखें। देश का प्रेमी: जब अद्वैत 'देश प्यारे' कहता है, तो उसमें वही तड़प होनी चाहिए जो एक प्रेमी की अपनी रूठी हुई प्रेमिका के लिए होती है।	true	true	assets/covers/41e8f0c6-6363-44dd-b118-bfc2dc2c8dd6.jpeg	assets/audio/41e8f0c6-6363-44dd-b118-bfc2dc2c8dd6.mp3	NULL	false
558e63bc-7079-4a66-ac9e-a5dd188afd14	(untitled)	2026-03-14T23:46:10.828Z	3:58	chirp-crow	aghories sitting with german sages... adwait sitting sings his heart out in anger as an aggressive promise . maayaa tries to stop adwait but he is bound to mAyA love doesn't want to hurt her in dreams. deshbhakti dweshmukti parmodharma.. Pehle me to ek desh ka aasihq hai jo desh ko pyar se smjhata hai jaise ek premi apni premika ko smjhata hai, waise hi, ye prem ka prem geet hai desh ke prti jiske shbd विरह or वेदना me hai lekin maje me gaya gaya hai, ye do prem geet hai	true	true	assets/covers/558e63bc-7079-4a66-ac9e-a5dd188afd14.jpeg	assets/audio/558e63bc-7079-4a66-ac9e-a5dd188afd14.mp3	NULL	false
bdb93b4d-edf6-418f-bedf-5d1b5204ed1d	(untitled)	2026-03-14T23:46:10.828Z	4:38	chirp-crow	aghories sitting with german sages... adwait sitting sings his heart out in anger as an aggressive promise . maayaa tries to stop adwait but he is bound to mAyA love doesn't want to hurt her in dreams. deshbhakti dweshmukti parmodharma.. Pehle me to ek desh ka aasihq hai jo desh ko pyar se smjhata hai jaise ek premi apni premika ko smjhata hai, waise hi, ye prem ka prem geet hai desh ke prti jiske shbd विरह or वेदना me hai lekin maje me gaya gaya hai, ye do prem geet hai	true	true	assets/covers/bdb93b4d-edf6-418f-bedf-5d1b5204ed1d.jpeg	assets/audio/bdb93b4d-edf6-418f-bedf-5d1b5204ed1d.mp3	NULL	false
b2771eb5-3689-4318-82e1-aebe591bb103	(untitled)	2026-03-14T23:39:45.963Z	4:31	chirp-crow	aghories sitting with german sages... adwait sitting sings his heart out in anger as an aggressive promise . maayaa tries to stop adwait but he is bound to mAyA love doesn't want to hurt her in dreams. deshbhakti dweshmukti parmodharma..	true	true	assets/covers/b2771eb5-3689-4318-82e1-aebe591bb103.jpeg	assets/audio/b2771eb5-3689-4318-82e1-aebe591bb103.mp3	NULL	false
edddf045-01a6-446c-bff3-49e2fc953d69	(untitled)	2026-03-14T23:39:45.962Z	3:45	chirp-crow	aghories sitting with german sages... adwait sitting sings his heart out in anger as an aggressive promise . maayaa tries to stop adwait but he is bound to mAyA love doesn't want to hurt her in dreams. deshbhakti dweshmukti parmodharma..	true	true	assets/covers/edddf045-01a6-446c-bff3-49e2fc953d69.jpeg	assets/audio/edddf045-01a6-446c-bff3-49e2fc953d69.mp3	NULL	false
6afe4ba5-a95a-437f-8ba4-09ea1e0d7589	(untitled)	2026-03-14T23:29:54.974Z	4:26	chirp-crow	aghories sitting with german sages... adwait sitting sings his heart out in anger as an aggressive promise . maayaa tries to stop adwait but he is bound to mAyA love doesn't want to hurt her in dreams. deshbhakti dweshmukti parmodharma..	true	true	assets/covers/6afe4ba5-a95a-437f-8ba4-09ea1e0d7589.jpeg	assets/audio/6afe4ba5-a95a-437f-8ba4-09ea1e0d7589.mp3	NULL	false
02b55369-c2c7-4541-b858-99a73400ed7e	(untitled)	2026-03-14T23:29:54.974Z	4:47	chirp-crow	aghories sitting with german sages... adwait sitting sings his heart out in anger as an aggressive promise . maayaa tries to stop adwait but he is bound to mAyA love doesn't want to hurt her in dreams. deshbhakti dweshmukti parmodharma..	true	true	assets/covers/02b55369-c2c7-4541-b858-99a73400ed7e.jpeg	assets/audio/02b55369-c2c7-4541-b858-99a73400ed7e.mp3	NULL	false
16e6f905-49c1-42d2-ad44-46130e1b7dda	(untitled)	2026-03-14T23:17:36.802Z	4:41	chirp-crow	अद्वैत अद्वैत द्वैत द वैत त द्वैतत तत तत तत तट त्री कट ट्री कट कट त्रिकट रिकट रिकट स: तौ ते तम ताऊ तान तेन ताभ्याम तै तै₹ तै₹ तै₹ विकट विकट प्रकट प्रकट ॐ	true	true	assets/covers/16e6f905-49c1-42d2-ad44-46130e1b7dda.jpeg	assets/audio/16e6f905-49c1-42d2-ad44-46130e1b7dda.mp3	NULL	false
a9945093-a511-431f-a149-6978e172135c	(untitled)	2026-03-14T23:17:36.802Z	4:14	chirp-crow	अद्वैत अद्वैत द्वैत द वैत त द्वैतत तत तत तत तट त्री कट ट्री कट कट त्रिकट रिकट रिकट स: तौ ते तम ताऊ तान तेन ताभ्याम तै तै₹ तै₹ तै₹ विकट विकट प्रकट प्रकट ॐ	true	true	assets/covers/a9945093-a511-431f-a149-6978e172135c.jpeg	assets/audio/a9945093-a511-431f-a149-6978e172135c.mp3	NULL	false
8296abb7-b694-4517-b505-74a1482acc86	(untitled)	2026-03-14T23:10:33.362Z	3:34	chirp-crow	अद्वैत अद्वैत द्वैत द वैत त द्वैतत तत तत तत तट त्री कट ट्री कट कट त्रिकट रिकट रिकट त विकट विकट प्रकट प्रकट	true	true	assets/covers/8296abb7-b694-4517-b505-74a1482acc86.jpeg	assets/audio/8296abb7-b694-4517-b505-74a1482acc86.mp3	NULL	false
74ebed02-df6f-4443-b566-63929be6a05d	(untitled)	2026-03-14T23:10:33.362Z	3:38	chirp-crow	अद्वैत अद्वैत द्वैत द वैत त द्वैतत तत तत तत तट त्री कट ट्री कट कट त्रिकट रिकट रिकट त विकट विकट प्रकट प्रकट	true	true	assets/covers/74ebed02-df6f-4443-b566-63929be6a05d.jpeg	assets/audio/74ebed02-df6f-4443-b566-63929be6a05d.mp3	NULL	false
9a3c2b4d-d452-4c45-80d4-2d277e37d1eb	(untitled)	2026-03-14T21:22:48.455Z	1:37	chirp-crow	डीजे सुपर फंकी. fun	true	true	assets/covers/9a3c2b4d-d452-4c45-80d4-2d277e37d1eb.jpeg	assets/audio/9a3c2b4d-d452-4c45-80d4-2d277e37d1eb.mp3	NULL	false
afa3c84f-25e6-4dfe-88a0-9f638a8b1582	(untitled)	2026-03-14T21:22:48.455Z	2:13	chirp-crow	डीजे सुपर फंकी. fun	true	true	assets/covers/afa3c84f-25e6-4dfe-88a0-9f638a8b1582.jpeg	assets/audio/afa3c84f-25e6-4dfe-88a0-9f638a8b1582.mp3	NULL	false
606fe1e9-61e4-4248-bd93-73fa98153abc	(untitled)	2026-03-14T21:16:04.340Z	3:31	chirp-crow	full on masti, dj, dance, dj banger, full on drum beats, with full on trumpet set, crowd of lovers, mad lovers, इतराती कन्या	true	true	assets/covers/606fe1e9-61e4-4248-bd93-73fa98153abc.jpeg	assets/audio/606fe1e9-61e4-4248-bd93-73fa98153abc.mp3	NULL	false
73f2af74-5054-49d8-896c-e82524eddc06	(untitled)	2026-03-14T21:16:04.340Z	3:25	chirp-crow	full on masti, dj, dance, dj banger, full on drum beats, with full on trumpet set, crowd of lovers, mad lovers, इतराती कन्या	true	true	assets/covers/73f2af74-5054-49d8-896c-e82524eddc06.jpeg	assets/audio/73f2af74-5054-49d8-896c-e82524eddc06.mp3	NULL	false
083ed8dc-672d-423d-bda9-9714b4ae62f4	(untitled)	2026-03-14T21:03:50.102Z	3:35	chirp-crow	dj banger, full on masti, dj, dance, लहर, full on drum beats, with full on trumpet set	true	true	assets/covers/083ed8dc-672d-423d-bda9-9714b4ae62f4.jpeg	assets/audio/083ed8dc-672d-423d-bda9-9714b4ae62f4.mp3	NULL	false
3ce196ce-9876-4bc9-8d96-a2d296db8b1c	(untitled)	2026-03-14T21:03:50.102Z	3:21	chirp-crow	dj banger, full on masti, dj, dance, लहर, full on drum beats, with full on trumpet set	true	true	assets/covers/3ce196ce-9876-4bc9-8d96-a2d296db8b1c.jpeg	assets/audio/3ce196ce-9876-4bc9-8d96-a2d296db8b1c.mp3	NULL	false
370a4d03-deca-434e-9414-305c4a1a849f	(untitled)	2026-03-14T20:54:37.687Z	2:23	chirp-crow		true	true	assets/covers/370a4d03-deca-434e-9414-305c4a1a849f.jpeg	assets/audio/370a4d03-deca-434e-9414-305c4a1a849f.mp3	NULL	false
043fd8db-51e3-4bcf-a025-7c0e9e70d65e	(untitled)	2026-03-14T20:54:37.687Z	2:28	chirp-crow		true	true	assets/covers/043fd8db-51e3-4bcf-a025-7c0e9e70d65e.jpeg	assets/audio/043fd8db-51e3-4bcf-a025-7c0e9e70d65e.mp3	NULL	false
da8bd16a-76ab-4e2f-a35e-fb138515ce39	(untitled)	2026-03-14T20:07:19.864Z	2:25	chirp-crow	Experimental Avant-Garde Soundscape meets Indian Nautanki Street Theater. NO MUSICAL INSTRUMENTS. Music composed purely from real-world foley: Rhythmic Royal Enfield idling (Thump-Thump), car door slams as percussion, gear shifts, gravel crunching, and melodic dog barks. Vocals: High-pitched over-the-top Indian Street Announcer (Nautanki style) followed by raw, charismatic Male and Female duet. High energy, gritty, organic, and celebratory. [Voice]: उद्घोषक (Announcer) की आवाज़ को बहुत लाउड और ड्रामाटिक रखें। [Sound Effects]: अगर AI संगीत बनाने लगे, तो उसे टोकने के लिए 'No Melodic Instruments' को बार-बार दोहराएं। [Structure]: इस स्क्रिप्ट को 'Custom Mode' में पेस्ट करें।	true	true	assets/covers/da8bd16a-76ab-4e2f-a35e-fb138515ce39.jpeg	assets/audio/da8bd16a-76ab-4e2f-a35e-fb138515ce39.mp3	NULL	false
a118e163-e5f4-459d-a9f4-e82bbb5d48ec	(untitled)	2026-03-14T20:07:19.863Z	2:49	chirp-crow	Experimental Avant-Garde Soundscape meets Indian Nautanki Street Theater. NO MUSICAL INSTRUMENTS. Music composed purely from real-world foley: Rhythmic Royal Enfield idling (Thump-Thump), car door slams as percussion, gear shifts, gravel crunching, and melodic dog barks. Vocals: High-pitched over-the-top Indian Street Announcer (Nautanki style) followed by raw, charismatic Male and Female duet. High energy, gritty, organic, and celebratory. [Voice]: उद्घोषक (Announcer) की आवाज़ को बहुत लाउड और ड्रामाटिक रखें। [Sound Effects]: अगर AI संगीत बनाने लगे, तो उसे टोकने के लिए 'No Melodic Instruments' को बार-बार दोहराएं। [Structure]: इस स्क्रिप्ट को 'Custom Mode' में पेस्ट करें।	true	true	assets/covers/a118e163-e5f4-459d-a9f4-e82bbb5d48ec.jpeg	assets/audio/a118e163-e5f4-459d-a9f4-e82bbb5d48ec.mp3	NULL	false
71819a1c-7df5-443a-bedf-56c547e4efe1	(untitled)	2026-03-14T19:35:36.262Z	2:22	chirp-crow	super fun funky rap with dog souls.. a bitch being requested by dog. howls, dog-cries, requests. woofs	true	true	assets/covers/71819a1c-7df5-443a-bedf-56c547e4efe1.jpeg	assets/audio/71819a1c-7df5-443a-bedf-56c547e4efe1.mp3	NULL	false
beb18e30-ad60-4f61-b962-bf72577a984c	(untitled)	2026-03-14T19:35:36.262Z	2:23	chirp-crow	super fun funky rap with dog souls.. a bitch being requested by dog. howls, dog-cries, requests. woofs	true	true	assets/covers/beb18e30-ad60-4f61-b962-bf72577a984c.jpeg	assets/audio/beb18e30-ad60-4f61-b962-bf72577a984c.mp3	NULL	false
5e09dadb-f03e-4b45-b8fa-7a825b7cdb46	(untitled)	2026-03-14T19:29:29.152Z	2:50	chirp-crow	super fun funky rap with dog souls.. a bitch being requested by dog. howls, dog-cries, requests. woofs	true	true	assets/covers/5e09dadb-f03e-4b45-b8fa-7a825b7cdb46.jpeg	assets/audio/5e09dadb-f03e-4b45-b8fa-7a825b7cdb46.mp3	NULL	false
9b58de99-1027-44cb-bcfb-cb9727dd1c42	(untitled)	2026-03-14T19:29:29.152Z	2:32	chirp-crow	super fun funky rap with dog souls.. a bitch being requested by dog. howls, dog-cries, requests. woofs	true	true	assets/covers/9b58de99-1027-44cb-bcfb-cb9727dd1c42.jpeg	assets/audio/9b58de99-1027-44cb-bcfb-cb9727dd1c42.mp3	NULL	false
96b01103-f99a-4fd7-87f8-53354681845d	(untitled)	2026-03-14T19:22:22.823Z	2:23	chirp-crow	hyper rap	true	true	assets/covers/96b01103-f99a-4fd7-87f8-53354681845d.jpeg	assets/audio/96b01103-f99a-4fd7-87f8-53354681845d.mp3	NULL	false
7de27deb-3279-4b67-a31c-0a53042c556e	(untitled)	2026-03-14T19:22:22.823Z	2:10	chirp-crow	hyper rap	true	true	assets/covers/7de27deb-3279-4b67-a31c-0a53042c556e.jpeg	assets/audio/7de27deb-3279-4b67-a31c-0a53042c556e.mp3	NULL	false
eec95412-60c5-41d3-b2f8-59313a044060	(untitled)	2026-03-14T19:08:32.751Z	3:04	chirp-crow	Funky folk duet with earthy groove and sensual playful chemistry between lovers discovering cosmic love and body-mind harmony. Tempo around 100 BPM. Instruments: acoustic guitar, funky bass, khartal, clay pot percussion, light tabla groove, hand claps, bamboo flute, subtle sitar. Real-world sounds layered into rhythm: heartbeat pulse, finger snaps, cloth rustle, light wind chimes, soft rain ambience, night insects. Vocals are intimate male–female duet with close mic texture, whispers, breaths (“aaah… oooh… hmm…”) used rhythmically as hooks. Mood: playful, intimate, spiritual, village folk jam meeting funky groove. Chorus hypnotic and warm, not loud. Ending fades with whispers and flute echo.। Haryanvi Folk Pop, Trap, Energetic, Raw, Male Vocals, Dholak, Harmonium. hip hop. rap, fun.	true	true	assets/covers/eec95412-60c5-41d3-b2f8-59313a044060.jpeg	assets/audio/eec95412-60c5-41d3-b2f8-59313a044060.mp3	NULL	false
e5a682c7-62e9-401e-94ce-af4dff412f71	(untitled)	2026-03-14T19:08:32.751Z	3:00	chirp-crow	Funky folk duet with earthy groove and sensual playful chemistry between lovers discovering cosmic love and body-mind harmony. Tempo around 100 BPM. Instruments: acoustic guitar, funky bass, khartal, clay pot percussion, light tabla groove, hand claps, bamboo flute, subtle sitar. Real-world sounds layered into rhythm: heartbeat pulse, finger snaps, cloth rustle, light wind chimes, soft rain ambience, night insects. Vocals are intimate male–female duet with close mic texture, whispers, breaths (“aaah… oooh… hmm…”) used rhythmically as hooks. Mood: playful, intimate, spiritual, village folk jam meeting funky groove. Chorus hypnotic and warm, not loud. Ending fades with whispers and flute echo.। Haryanvi Folk Pop, Trap, Energetic, Raw, Male Vocals, Dholak, Harmonium. hip hop. rap, fun.	true	true	assets/covers/e5a682c7-62e9-401e-94ce-af4dff412f71.jpeg	assets/audio/e5a682c7-62e9-401e-94ce-af4dff412f71.mp3	NULL	false
eb079cd7-e435-40eb-bee2-b82846008f09	(untitled)	2026-03-14T19:03:56.254Z	3:13	chirp-crow	Funky folk duet with earthy groove and sensual playful chemistry between lovers discovering cosmic love and body-mind harmony. Tempo around 100 BPM. Instruments: acoustic guitar, funky bass, khartal, clay pot percussion, light tabla groove, hand claps, bamboo flute, subtle sitar. Real-world sounds layered into rhythm: heartbeat pulse, finger snaps, cloth rustle, light wind chimes, soft rain ambience, night insects. Vocals are intimate male–female duet with close mic texture, whispers, breaths (“aaah… oooh… hmm…”) used rhythmically as hooks. Mood: playful, intimate, spiritual, village folk jam meeting funky groove. Chorus hypnotic and warm, not loud. Ending fades with whispers and flute echo.। Haryanvi Folk Pop, Trap, Energetic, Raw, Male Vocals, Dholak, Harmonium. hip hop. rap, fun.	true	true	assets/covers/eb079cd7-e435-40eb-bee2-b82846008f09.jpeg	assets/audio/eb079cd7-e435-40eb-bee2-b82846008f09.mp3	NULL	false
cf734c04-3a7d-47f5-8575-3545ca0152db	(untitled)	2026-03-14T19:03:56.254Z	3:02	chirp-crow	Funky folk duet with earthy groove and sensual playful chemistry between lovers discovering cosmic love and body-mind harmony. Tempo around 100 BPM. Instruments: acoustic guitar, funky bass, khartal, clay pot percussion, light tabla groove, hand claps, bamboo flute, subtle sitar. Real-world sounds layered into rhythm: heartbeat pulse, finger snaps, cloth rustle, light wind chimes, soft rain ambience, night insects. Vocals are intimate male–female duet with close mic texture, whispers, breaths (“aaah… oooh… hmm…”) used rhythmically as hooks. Mood: playful, intimate, spiritual, village folk jam meeting funky groove. Chorus hypnotic and warm, not loud. Ending fades with whispers and flute echo.। Haryanvi Folk Pop, Trap, Energetic, Raw, Male Vocals, Dholak, Harmonium. hip hop. rap, fun.	true	true	assets/covers/cf734c04-3a7d-47f5-8575-3545ca0152db.jpeg	assets/audio/cf734c04-3a7d-47f5-8575-3545ca0152db.mp3	NULL	false
ee903ee8-bc90-4636-b704-94eaad28c4e6	(untitled)	2026-03-14T18:58:51.112Z	3:20	chirp-crow	Funky folk duet with earthy groove and sensual playful chemistry between lovers discovering cosmic love and body-mind harmony. Tempo around 100 BPM. Instruments: acoustic guitar, funky bass, khartal, clay pot percussion, light tabla groove, hand claps, bamboo flute, subtle sitar. Real-world sounds layered into rhythm: heartbeat pulse, finger snaps, cloth rustle, light wind chimes, soft rain ambience, night insects. Vocals are intimate male–female duet with close mic texture, whispers, breaths (“aaah… oooh… hmm…”) used rhythmically as hooks. Mood: playful, intimate, spiritual, village folk jam meeting funky groove. Chorus hypnotic and warm, not loud. Ending fades with whispers and flute echo.। Haryanvi Folk Pop, Trap, Energetic, Raw, Male Vocals, Dholak, Harmonium	true	true	assets/covers/ee903ee8-bc90-4636-b704-94eaad28c4e6.jpeg	assets/audio/ee903ee8-bc90-4636-b704-94eaad28c4e6.mp3	NULL	false
c0ed3b71-8057-44e9-bbc9-7edbeb1cb247	(untitled)	2026-03-14T18:58:51.112Z	3:04	chirp-crow	Funky folk duet with earthy groove and sensual playful chemistry between lovers discovering cosmic love and body-mind harmony. Tempo around 100 BPM. Instruments: acoustic guitar, funky bass, khartal, clay pot percussion, light tabla groove, hand claps, bamboo flute, subtle sitar. Real-world sounds layered into rhythm: heartbeat pulse, finger snaps, cloth rustle, light wind chimes, soft rain ambience, night insects. Vocals are intimate male–female duet with close mic texture, whispers, breaths (“aaah… oooh… hmm…”) used rhythmically as hooks. Mood: playful, intimate, spiritual, village folk jam meeting funky groove. Chorus hypnotic and warm, not loud. Ending fades with whispers and flute echo.। Haryanvi Folk Pop, Trap, Energetic, Raw, Male Vocals, Dholak, Harmonium	true	true	assets/covers/c0ed3b71-8057-44e9-bbc9-7edbeb1cb247.jpeg	assets/audio/c0ed3b71-8057-44e9-bbc9-7edbeb1cb247.mp3	NULL	false
2339fc5d-3d73-4745-b001-53d00b204c3d	(untitled)	2026-03-14T18:55:03.966Z	3:28	chirp-crow	Haryanvi Folk Pop, Trap, Energetic, Raw, Male Vocals, Dholak, Harmonium	true	true	assets/covers/2339fc5d-3d73-4745-b001-53d00b204c3d.jpeg	assets/audio/2339fc5d-3d73-4745-b001-53d00b204c3d.mp3	NULL	false
6434e417-4488-4db2-856e-37c633ed4491	(untitled)	2026-03-14T18:55:03.966Z	3:21	chirp-crow	Haryanvi Folk Pop, Trap, Energetic, Raw, Male Vocals, Dholak, Harmonium	true	true	assets/covers/6434e417-4488-4db2-856e-37c633ed4491.jpeg	assets/audio/6434e417-4488-4db2-856e-37c633ed4491.mp3	NULL	false
8a5abcc5-bf22-4a21-be55-0e7dee8d4eb0	(untitled)	2026-03-14T18:51:37.847Z	4:13	chirp-crow	Funky हरियाणवी folk रगनी duet super funky	true	true	assets/covers/8a5abcc5-bf22-4a21-be55-0e7dee8d4eb0.jpeg	assets/audio/8a5abcc5-bf22-4a21-be55-0e7dee8d4eb0.mp3	NULL	false
2f1b59d6-e3e2-4a2e-b7da-8ef193729bb8	(untitled)	2026-03-14T18:51:37.847Z	4:25	chirp-crow	Funky हरियाणवी folk रगनी duet super funky	true	true	assets/covers/2f1b59d6-e3e2-4a2e-b7da-8ef193729bb8.jpeg	assets/audio/2f1b59d6-e3e2-4a2e-b7da-8ef193729bb8.mp3	NULL	false
c2cfd34c-47f2-44fc-9c9d-dcb40dfd0ffc	(untitled)	2026-03-14T18:47:55.336Z	2:35	chirp-crow	Funky हरियाणवी folk रगनी duet	true	true	assets/covers/c2cfd34c-47f2-44fc-9c9d-dcb40dfd0ffc.jpeg	assets/audio/c2cfd34c-47f2-44fc-9c9d-dcb40dfd0ffc.mp3	NULL	false
f6b91a35-6661-45fa-af60-6af4f69f5adc	(untitled)	2026-03-14T18:47:55.336Z	3:16	chirp-crow	Funky हरियाणवी folk रगनी duet	true	true	assets/covers/f6b91a35-6661-45fa-af60-6af4f69f5adc.jpeg	assets/audio/f6b91a35-6661-45fa-af60-6af4f69f5adc.mp3	NULL	false
6a9729a2-bfde-48a5-bc3a-95d1de82ccbd	(untitled)	2026-03-14T18:39:56.558Z	3:17	chirp-crow	Funky हरियाणवी folk duet about lovers discovering cosmic love and body-mind harmony. Use warm acoustic folk groove with earthy percussion. Instruments: acoustic guitar, khartal, clay pot percussion, light tabla groove, funky bass guitar, hand claps, bamboo flute, subtle sitar textures. Tempo medium groove (95–105 BPM). Male and female vocal duet with playful teasing chemistry. Include intimate whispered lines, soft breaths, “aaah… oooh…”, gentle laughter and close-mic vocal texture for sensual warmth. Real-world sounds used as rhythm layers: heartbeat pulse, fingers snapping, cloth rustling, footsteps on floor, light wind chimes, rain ambience and night insects. Groove should feel like a village folk jam mixed with funky rhythm section. Chorus should be hypnotic and intimate rather than loud. Mood: playful, earthy, sensual, spiritual connection between partners. Ending fades into whispering voices and soft flute echo.	true	true	assets/covers/6a9729a2-bfde-48a5-bc3a-95d1de82ccbd.jpeg	assets/audio/6a9729a2-bfde-48a5-bc3a-95d1de82ccbd.mp3	NULL	false
e4e6e3b0-e45c-4464-933f-ec6a37a9fc1a	(untitled)	2026-03-14T18:39:56.558Z	2:58	chirp-crow	Funky हरियाणवी folk duet about lovers discovering cosmic love and body-mind harmony. Use warm acoustic folk groove with earthy percussion. Instruments: acoustic guitar, khartal, clay pot percussion, light tabla groove, funky bass guitar, hand claps, bamboo flute, subtle sitar textures. Tempo medium groove (95–105 BPM). Male and female vocal duet with playful teasing chemistry. Include intimate whispered lines, soft breaths, “aaah… oooh…”, gentle laughter and close-mic vocal texture for sensual warmth. Real-world sounds used as rhythm layers: heartbeat pulse, fingers snapping, cloth rustling, footsteps on floor, light wind chimes, rain ambience and night insects. Groove should feel like a village folk jam mixed with funky rhythm section. Chorus should be hypnotic and intimate rather than loud. Mood: playful, earthy, sensual, spiritual connection between partners. Ending fades into whispering voices and soft flute echo.	true	true	assets/covers/e4e6e3b0-e45c-4464-933f-ec6a37a9fc1a.jpeg	assets/audio/e4e6e3b0-e45c-4464-933f-ec6a37a9fc1a.mp3	NULL	false
3a30e4a6-c5b1-4cf9-bdda-324b95054db1	(untitled)	2026-03-14T18:37:45.043Z	3:07	chirp-crow	Funky folk duet about lovers discovering cosmic love and body-mind harmony. Use warm acoustic folk groove with earthy percussion. Instruments: acoustic guitar, khartal, clay pot percussion, light tabla groove, funky bass guitar, hand claps, bamboo flute, subtle sitar textures. Tempo medium groove (95–105 BPM). Male and female vocal duet with playful teasing chemistry. Include intimate whispered lines, soft breaths, “aaah… oooh…”, gentle laughter and close-mic vocal texture for sensual warmth. Real-world sounds used as rhythm layers: heartbeat pulse, fingers snapping, cloth rustling, footsteps on floor, light wind chimes, rain ambience and night insects. Groove should feel like a village folk jam mixed with funky rhythm section. Chorus should be hypnotic and intimate rather than loud. Mood: playful, earthy, sensual, spiritual connection between partners. Ending fades into whispering voices and soft flute echo.	true	true	assets/covers/3a30e4a6-c5b1-4cf9-bdda-324b95054db1.jpeg	assets/audio/3a30e4a6-c5b1-4cf9-bdda-324b95054db1.mp3	NULL	false
e5e5c4ed-7013-4378-8baf-ec76665ed5ea	(untitled)	2026-03-14T18:37:45.043Z	3:00	chirp-crow	Funky folk duet about lovers discovering cosmic love and body-mind harmony. Use warm acoustic folk groove with earthy percussion. Instruments: acoustic guitar, khartal, clay pot percussion, light tabla groove, funky bass guitar, hand claps, bamboo flute, subtle sitar textures. Tempo medium groove (95–105 BPM). Male and female vocal duet with playful teasing chemistry. Include intimate whispered lines, soft breaths, “aaah… oooh…”, gentle laughter and close-mic vocal texture for sensual warmth. Real-world sounds used as rhythm layers: heartbeat pulse, fingers snapping, cloth rustling, footsteps on floor, light wind chimes, rain ambience and night insects. Groove should feel like a village folk jam mixed with funky rhythm section. Chorus should be hypnotic and intimate rather than loud. Mood: playful, earthy, sensual, spiritual connection between partners. Ending fades into whispering voices and soft flute echo.	true	true	assets/covers/e5e5c4ed-7013-4378-8baf-ec76665ed5ea.jpeg	assets/audio/e5e5c4ed-7013-4378-8baf-ec76665ed5ea.mp3	NULL	false
ceb76bb6-5502-4d7e-8c67-0273d1e4404c	(untitled)	2026-03-14T18:29:54.898Z	3:18	chirp-crow	Funky folk duet about lovers discovering cosmic love and body-mind harmony. Use warm acoustic folk groove with earthy percussion. Instruments: acoustic guitar, khartal, clay pot percussion, light tabla groove, funky bass guitar, hand claps, bamboo flute, subtle sitar textures. Tempo medium groove (95–105 BPM). Male and female vocal duet with playful teasing chemistry. Include intimate whispered lines, soft breaths, “aaah… oooh…”, gentle laughter and close-mic vocal texture for sensual warmth. Real-world sounds used as rhythm layers: heartbeat pulse, fingers snapping, cloth rustling, footsteps on floor, light wind chimes, rain ambience and night insects. Groove should feel like a village folk jam mixed with funky rhythm section. Chorus should be hypnotic and intimate rather than loud. Mood: playful, earthy, sensual, spiritual connection between partners. Ending fades into whispering voices and soft flute echo.	true	true	assets/covers/ceb76bb6-5502-4d7e-8c67-0273d1e4404c.jpeg	assets/audio/ceb76bb6-5502-4d7e-8c67-0273d1e4404c.mp3	NULL	false
1883b6f9-b6fb-44d5-98e4-a32b63d3fd5a	(untitled)	2026-03-14T18:29:54.898Z	3:23	chirp-crow	Funky folk duet about lovers discovering cosmic love and body-mind harmony. Use warm acoustic folk groove with earthy percussion. Instruments: acoustic guitar, khartal, clay pot percussion, light tabla groove, funky bass guitar, hand claps, bamboo flute, subtle sitar textures. Tempo medium groove (95–105 BPM). Male and female vocal duet with playful teasing chemistry. Include intimate whispered lines, soft breaths, “aaah… oooh…”, gentle laughter and close-mic vocal texture for sensual warmth. Real-world sounds used as rhythm layers: heartbeat pulse, fingers snapping, cloth rustling, footsteps on floor, light wind chimes, rain ambience and night insects. Groove should feel like a village folk jam mixed with funky rhythm section. Chorus should be hypnotic and intimate rather than loud. Mood: playful, earthy, sensual, spiritual connection between partners. Ending fades into whispering voices and soft flute echo.	true	true	assets/covers/1883b6f9-b6fb-44d5-98e4-a32b63d3fd5a.jpeg	assets/audio/1883b6f9-b6fb-44d5-98e4-a32b63d3fd5a.mp3	NULL	false
709d0eb7-9410-4ef3-ab3f-b36462a15a6c	(untitled)	2026-03-14T18:25:22.535Z	2:53	chirp-crow	lets create environment as a village where a husband is singing to his wife. hip hop funky	true	true	assets/covers/709d0eb7-9410-4ef3-ab3f-b36462a15a6c.jpeg	assets/audio/709d0eb7-9410-4ef3-ab3f-b36462a15a6c.mp3	NULL	false
a55e5fb9-1715-4647-ba0a-9cc10d0cdead	(untitled)	2026-03-14T18:25:22.535Z	2:42	chirp-crow	lets create environment as a village where a husband is singing to his wife. hip hop funky	true	true	assets/covers/a55e5fb9-1715-4647-ba0a-9cc10d0cdead.jpeg	assets/audio/a55e5fb9-1715-4647-ba0a-9cc10d0cdead.mp3	NULL	false
73522d09-58c9-4824-b255-989b4bafebf0	(untitled)	2026-03-14T18:17:29.271Z	3:02	chirp-crow	गाँव की सुपर मस्ती	true	true	assets/covers/73522d09-58c9-4824-b255-989b4bafebf0.jpeg	assets/audio/73522d09-58c9-4824-b255-989b4bafebf0.mp3	NULL	false
3266e243-6415-49ae-bae9-55af0a248874	(untitled)	2026-03-14T18:17:29.271Z	2:41	chirp-crow	गाँव की सुपर मस्ती	true	true	assets/covers/3266e243-6415-49ae-bae9-55af0a248874.jpeg	assets/audio/3266e243-6415-49ae-bae9-55af0a248874.mp3	NULL	false
c5e03997-b771-4c5b-97fc-4f4a0f24b5de	(untitled)	2026-03-14T18:13:53.429Z	3:50	chirp-crow		true	true	assets/covers/c5e03997-b771-4c5b-97fc-4f4a0f24b5de.jpeg	assets/audio/c5e03997-b771-4c5b-97fc-4f4a0f24b5de.mp3	NULL	false
271aa98c-9ee3-4765-a2f6-cffd21ec6eb5	(untitled)	2026-03-14T18:13:53.429Z	2:38	chirp-crow		true	true	assets/covers/271aa98c-9ee3-4765-a2f6-cffd21ec6eb5.jpeg	assets/audio/271aa98c-9ee3-4765-a2f6-cffd21ec6eb5.mp3	NULL	false
2a0e9125-5a5d-4c09-a4e9-c2554b3dbd7e	(untitled)	2026-03-13T20:10:41.332Z	4:30	chirp-crow	create a cinematic bollywoodstyle patriotic anthem sung from the perspective of a proud indian mother whose son sacrificed his life as a soldier the emotion should be proud emotional and heroic not mournful begin with quiet rural wind fluttering indian flag and a distant military bugle use soft sarangi and flute with a heartfelt female lead vocal as the mother gradually build with orchestral strings nagada and military snare drums introduce a strong male soldiers choir chanting the hook suno r merii Playback singing, pop, Indian classical music phaujii merii to hai jaan phaujii add marching boots rhythm deep war drums and heroic brass to create a bollywood war film atmosphere in the tribute section soften the music with cello and wind ambience then include ceremonial honour sounds bugle call rifle volley salute and distant cannon salute end with a grand patriotic climax featuring a massive choir chanting jy hind with triumphant orchestral brass and epic cinematic energy	true	true	assets/covers/2a0e9125-5a5d-4c09-a4e9-c2554b3dbd7e.jpeg	assets/audio/2a0e9125-5a5d-4c09-a4e9-c2554b3dbd7e.mp3	NULL	false
7e5a3f73-64be-400c-bb83-e8e555d1f02c	(untitled)	2026-03-13T20:10:41.332Z	4:03	chirp-crow	create a cinematic bollywoodstyle patriotic anthem sung from the perspective of a proud indian mother whose son sacrificed his life as a soldier the emotion should be proud emotional and heroic not mournful begin with quiet rural wind fluttering indian flag and a distant military bugle use soft sarangi and flute with a heartfelt female lead vocal as the mother gradually build with orchestral strings nagada and military snare drums introduce a strong male soldiers choir chanting the hook suno r merii Playback singing, pop, Indian classical music phaujii merii to hai jaan phaujii add marching boots rhythm deep war drums and heroic brass to create a bollywood war film atmosphere in the tribute section soften the music with cello and wind ambience then include ceremonial honour sounds bugle call rifle volley salute and distant cannon salute end with a grand patriotic climax featuring a massive choir chanting jy hind with triumphant orchestral brass and epic cinematic energy	true	true	assets/covers/7e5a3f73-64be-400c-bb83-e8e555d1f02c.jpeg	assets/audio/7e5a3f73-64be-400c-bb83-e8e555d1f02c.mp3	NULL	false
46605d07-d37f-48d9-bd6d-18f37e1a89ec	(untitled)	2026-03-13T19:54:29.357Z	3:55	chirp-crow	create a cinematic bollywoodstyle patriotic song from the perspective of a proud indian mother whose son sacrificed his life as a soldier the emotion should be proud emotional and heroic not sad use haryanvi folk vocal style with a female lead voice as the mother and a powerful male soldiers choir start with quiet village wind fluttering indian flag and distant military bugle music begins with sarangi and flute to evoke rural haryana then builds with orchestral strings military snare drums nagada and heroic brass like a bollywood war film add marching boots rhythm and rising orchestral tension to represent the battlefield include ceremonial military honour sounds such as bugle call rifle volley salute and distant cannon salute the chorus should feel like a massive stadium chant repeating suno r merii Playback singing, pop, Indian classical music phaujii merii to hai jaan phaujii end with a grand patriotic choir chanting jy hind with epic orchestral climax bollywood patriotic cinematic war anthem haryanvi folk	true	true	assets/covers/46605d07-d37f-48d9-bd6d-18f37e1a89ec.jpeg	assets/audio/46605d07-d37f-48d9-bd6d-18f37e1a89ec.mp3	NULL	false
8ea9fe01-f585-4b67-a33d-2d2079ccada8	(untitled)	2026-03-13T19:54:29.357Z	3:39	chirp-crow	create a cinematic bollywoodstyle patriotic song from the perspective of a proud indian mother whose son sacrificed his life as a soldier the emotion should be proud emotional and heroic not sad use haryanvi folk vocal style with a female lead voice as the mother and a powerful male soldiers choir start with quiet village wind fluttering indian flag and distant military bugle music begins with sarangi and flute to evoke rural haryana then builds with orchestral strings military snare drums nagada and heroic brass like a bollywood war film add marching boots rhythm and rising orchestral tension to represent the battlefield include ceremonial military honour sounds such as bugle call rifle volley salute and distant cannon salute the chorus should feel like a massive stadium chant repeating suno r merii Playback singing, pop, Indian classical music phaujii merii to hai jaan phaujii end with a grand patriotic choir chanting jy hind with epic orchestral climax bollywood patriotic cinematic war anthem haryanvi folk	true	true	assets/covers/8ea9fe01-f585-4b67-a33d-2d2079ccada8.jpeg	assets/audio/8ea9fe01-f585-4b67-a33d-2d2079ccada8.mp3	NULL	false
e2525d01-1af3-4f50-b3ff-5d0cc10ba18e	(untitled)	2026-03-13T19:48:37.639Z	3:41	chirp-crow	create a haryanvi bollywood patriotic blockbuster song about a brave indian soldier and a mothers pride start with a powerful emotional hook chorus sung by a large choir haay r merii Playback singing, pop, Indian classical music phaujii merii to hai jaan phaujii use emotional male haryanvi folk vocal with a female voice representing the mother music begins with sarangi and flute then builds with cinematic orchestral strings military snare drums nagada and heroic brass like a bollywood war film add dramatic battlefield ambience with marching boots and rising orchestral tension transition into a touching martyr tribute moment with cello and bugle honour call include ceremonial military sounds threeround rifle volley repeated for a full 21rifle salute echoing gunshots and distant cannon salute finish with a grand award ceremony atmosphere with military band drum roll massive choir chanting jy hind and triumphant orchestral climax like a bollywood patriotic finale	true	true	assets/covers/e2525d01-1af3-4f50-b3ff-5d0cc10ba18e.jpeg	assets/audio/e2525d01-1af3-4f50-b3ff-5d0cc10ba18e.mp3	NULL	false
4bb71763-a381-4680-aace-94dddb13d3f5	(untitled)	2026-03-13T19:48:37.639Z	3:45	chirp-crow	create a haryanvi bollywood patriotic blockbuster song about a brave indian soldier and a mothers pride start with a powerful emotional hook chorus sung by a large choir haay r merii Playback singing, pop, Indian classical music phaujii merii to hai jaan phaujii use emotional male haryanvi folk vocal with a female voice representing the mother music begins with sarangi and flute then builds with cinematic orchestral strings military snare drums nagada and heroic brass like a bollywood war film add dramatic battlefield ambience with marching boots and rising orchestral tension transition into a touching martyr tribute moment with cello and bugle honour call include ceremonial military sounds threeround rifle volley repeated for a full 21rifle salute echoing gunshots and distant cannon salute finish with a grand award ceremony atmosphere with military band drum roll massive choir chanting jy hind and triumphant orchestral climax like a bollywood patriotic finale	true	true	assets/covers/4bb71763-a381-4680-aace-94dddb13d3f5.jpeg	assets/audio/4bb71763-a381-4680-aace-94dddb13d3f5.mp3	NULL	false
81dde6a6-2dbd-41a8-b10a-bac06e8fad06	(untitled)	2026-03-13T19:01:22.632Z	3:05	chirp-crow	create a bollywood patriotic blockbuster song about a brave indian soldier and a mothers pride start with a powerful emotional hook chorus sung by a large choir haay r merii Playback singing, pop, Indian classical music phaujii merii to hai jaan phaujii use emotional male haryanvi folk vocal with a female voice representing the mother music begins with sarangi and flute then builds with cinematic orchestral strings military snare drums nagada and heroic brass like a bollywood war film add dramatic battlefield ambience with marching boots and rising orchestral tension transition into a touching martyr tribute moment with cello and bugle honour call include ceremonial military sounds threeround rifle volley repeated for a full 21rifle salute echoing gunshots and distant cannon salute finish with a grand award ceremony atmosphere with military band drum roll massive choir chanting jy hind and triumphant orchestral climax like a bollywood patriotic finale	true	true	assets/covers/81dde6a6-2dbd-41a8-b10a-bac06e8fad06.jpeg	assets/audio/81dde6a6-2dbd-41a8-b10a-bac06e8fad06.mp3	NULL	false
d4ffa363-4285-40ba-8e17-48ff83716c88	(untitled)	2026-03-13T19:01:22.632Z	3:24	chirp-crow	create a bollywood patriotic blockbuster song about a brave indian soldier and a mothers pride start with a powerful emotional hook chorus sung by a large choir haay r merii Playback singing, pop, Indian classical music phaujii merii to hai jaan phaujii use emotional male haryanvi folk vocal with a female voice representing the mother music begins with sarangi and flute then builds with cinematic orchestral strings military snare drums nagada and heroic brass like a bollywood war film add dramatic battlefield ambience with marching boots and rising orchestral tension transition into a touching martyr tribute moment with cello and bugle honour call include ceremonial military sounds threeround rifle volley repeated for a full 21rifle salute echoing gunshots and distant cannon salute finish with a grand award ceremony atmosphere with military band drum roll massive choir chanting jy hind and triumphant orchestral climax like a bollywood patriotic finale	true	true	assets/covers/d4ffa363-4285-40ba-8e17-48ff83716c88.jpeg	assets/audio/d4ffa363-4285-40ba-8e17-48ff83716c88.mp3	NULL	false
00dc1de7-95fa-48ae-98bc-cfa3a4e35ef3	(untitled)	2026-03-13T18:50:20.145Z	4:35	chirp-crow	Create a Bollywood patriotic blockbuster song about a brave Indian soldier and a mother’s pride. Start with a powerful emotional hook chorus sung by a large choir: “हाय र मेरी शान फौजी, मेरी तो है जान फौजी”. Use emotional male Haryanvi folk vocal with a female voice representing the mother. Music begins with sarangi and flute, then builds with cinematic orchestral strings, military snare drums, nagada and heroic brass like a Bollywood war film. Add dramatic battlefield ambience with marching boots and rising orchestral tension. Transition into a touching martyr tribute moment with cello and bugle honour call. Include ceremonial military sounds: three-round rifle volley repeated for a full 21-rifle salute, echoing gunshots, and distant cannon salute. Finish with a grand award ceremony atmosphere with military band, drum roll, massive choir chanting “जय हिन्द”, and triumphant orchestral climax like a Bollywood patriotic finale.	true	true	assets/covers/00dc1de7-95fa-48ae-98bc-cfa3a4e35ef3.jpeg	assets/audio/00dc1de7-95fa-48ae-98bc-cfa3a4e35ef3.mp3	NULL	false
96bb25a9-9e39-4fe7-bff4-b8f18787b31e	(untitled)	2026-03-13T18:50:20.145Z	3:43	chirp-crow	create a bollywood patriotic blockbuster song about a brave indian soldier and a mothers pride start with a powerful emotional hook chorus sung by a large choir haay r merii Playback singing, pop, Indian classical music phaujii merii to hai jaan phaujii use emotional male haryanvi folk vocal with a female voice representing the mother music begins with sarangi and flute then builds with cinematic orchestral strings military snare drums nagada and heroic brass like a bollywood war film add dramatic battlefield ambience with marching boots and rising orchestral tension transition into a touching martyr tribute moment with cello and bugle honour call include ceremonial military sounds threeround rifle volley repeated for a full 21rifle salute echoing gunshots and distant cannon salute finish with a grand award ceremony atmosphere with military band drum roll massive choir chanting jy hind and triumphant orchestral climax like a bollywood patriotic finale	true	true	assets/covers/96bb25a9-9e39-4fe7-bff4-b8f18787b31e.jpeg	assets/audio/96bb25a9-9e39-4fe7-bff4-b8f18787b31e.mp3	NULL	false
5c4baafd-66b3-4cf6-9215-1f0f94ab8a58	(untitled)	2026-03-13T18:38:10.353Z	4:09	chirp-crow	Epic Indian patriotic cinematic war anthem about a brave soldier and a mother’s pride. Start with quiet wind, fluttering flag and distant military bugle. Emotional Haryanvi folk vocal with sarangi and flute. Gradually add military snare drums, deep war drums and orchestral strings. Build into heroic brass and large male soldiers choir with female emotional voice representing the mother. Middle section creates war atmosphere with marching boots, distant artillery and intense orchestral tension. Transition into tragic martyr moment with cello and bugle honour call. Include ceremonial military sounds: three-round rifle volley and 21-gun salute cannon blasts. Finish with massive patriotic stadium choir chanting “Jai Hind”, triumphant orchestral climax and Param Vir Chakra ceremony atmosphere. Emotional, heroic, cinematic Indian war film score.	true	true	assets/covers/5c4baafd-66b3-4cf6-9215-1f0f94ab8a58.jpeg	assets/audio/5c4baafd-66b3-4cf6-9215-1f0f94ab8a58.mp3	NULL	false
ee50a4e3-c4b6-4f9b-9063-c75f82168ff5	(untitled)	2026-03-13T18:38:10.353Z	4:45	chirp-crow	Epic Indian patriotic cinematic war anthem about a brave soldier and a mother’s pride. Start with quiet wind, fluttering flag and distant military bugle. Emotional Haryanvi folk vocal with sarangi and flute. Gradually add military snare drums, deep war drums and orchestral strings. Build into heroic brass and large male soldiers choir with female emotional voice representing the mother. Middle section creates war atmosphere with marching boots, distant artillery and intense orchestral tension. Transition into tragic martyr moment with cello and bugle honour call. Include ceremonial military sounds: three-round rifle volley and 21-gun salute cannon blasts. Finish with massive patriotic stadium choir chanting “Jai Hind”, triumphant orchestral climax and Param Vir Chakra ceremony atmosphere. Emotional, heroic, cinematic Indian war film score.	true	true	assets/covers/ee50a4e3-c4b6-4f9b-9063-c75f82168ff5.jpeg	assets/audio/ee50a4e3-c4b6-4f9b-9063-c75f82168ff5.mp3	NULL	false
73bf25b9-85ef-4617-b2e5-a0e356092784	(untitled)	2026-03-13T18:22:11.482Z	4:33	chirp-crow	Epic Indian patriotic cinematic war anthem about a brave soldier and a mother’s pride. Start with quiet wind, fluttering flag and distant military bugle. Emotional Haryanvi folk vocal with sarangi and flute. Gradually add military snare drums, deep war drums and orchestral strings. Build into heroic brass and large male soldiers choir with female emotional voice representing the mother. Middle section creates war atmosphere with marching boots, distant artillery and intense orchestral tension. Transition into tragic martyr moment with cello and bugle honour call. Include ceremonial military sounds: three-round rifle volley and 21-gun salute cannon blasts. Finish with massive patriotic stadium choir chanting “Jai Hind”, triumphant orchestral climax and Param Vir Chakra ceremony atmosphere. Emotional, heroic, cinematic Indian war film score.	true	true	assets/covers/73bf25b9-85ef-4617-b2e5-a0e356092784.jpeg	assets/audio/73bf25b9-85ef-4617-b2e5-a0e356092784.mp3	NULL	false
e3fd30cb-9358-4914-9195-11c40c5b76b7	(untitled)	2026-03-13T18:22:11.482Z	4:25	chirp-crow	Epic Indian patriotic cinematic war anthem about a brave soldier and a mother’s pride. Start with quiet wind, fluttering flag and distant military bugle. Emotional Haryanvi folk vocal with sarangi and flute. Gradually add military snare drums, deep war drums and orchestral strings. Build into heroic brass and large male soldiers choir with female emotional voice representing the mother. Middle section creates war atmosphere with marching boots, distant artillery and intense orchestral tension. Transition into tragic martyr moment with cello and bugle honour call. Include ceremonial military sounds: three-round rifle volley and 21-gun salute cannon blasts. Finish with massive patriotic stadium choir chanting “Jai Hind”, triumphant orchestral climax and Param Vir Chakra ceremony atmosphere. Emotional, heroic, cinematic Indian war film score.	true	true	assets/covers/e3fd30cb-9358-4914-9195-11c40c5b76b7.jpeg	assets/audio/e3fd30cb-9358-4914-9195-11c40c5b76b7.mp3	NULL	false
7f7d8aa2-6b4b-4a0f-bf2e-395eb0fb9e71	(untitled)	2026-03-13T17:49:31.667Z	3:44	chirp-crow	Genre Patriotic stadium anthem + Haryanvi folk + military march Tempo 92 BPM → chorus में 110 BPM Instruments Military snare drums Nagada + Dhol Brass band (trumpets, trombones, horns) Sarangi + Algoza Massive stadium crowd choir (100, 000 voices) War bugle Bass drums Sound Effects Stadium echo marching boots rhythm crowd chanting “जय हिन्द” distant bugle Vocal Style Main male folk singer (ragni style) Female emotional vocal (mother) Massive male + female stadium choir	true	true	assets/covers/7f7d8aa2-6b4b-4a0f-bf2e-395eb0fb9e71.jpeg	assets/audio/7f7d8aa2-6b4b-4a0f-bf2e-395eb0fb9e71.mp3	NULL	false
a1775f44-6629-41be-8e84-34c4d86063db	(untitled)	2026-03-13T17:19:26.000Z	3:39	chirp-crow	"A cinematic, emotional scene in a rustic Indian village. A brave mother with a proud but tearful face stands tall, holding a folded Indian National Flag to her chest. In the background, a sunset over golden mustard fields. Slow motion shot as village elders and youth chant 'Jai Hind'. The atmosphere is a mix of deep mourning and immense national pride. High definition, 4k, realistic textures, soft sunlight." A. माँ का गर्व (The Mother's Pride): "Haryanvi Folk, Ragni style, Emotional yet Powerful, Male and Female duet, heavy Dholak and Sarangi, crescendo towards the chorus 'Jai Hind', patriotic anthem, high energy."	true	true	assets/covers/a1775f44-6629-41be-8e84-34c4d86063db.jpeg	assets/audio/a1775f44-6629-41be-8e84-34c4d86063db.mp3	NULL	false
547974ac-4935-4d3a-bec3-2e19bd96ed49	(untitled)	2026-03-13T17:19:26.000Z	3:35	chirp-crow	"A cinematic, emotional scene in a rustic Indian village. A brave mother with a proud but tearful face stands tall, holding a folded Indian National Flag to her chest. In the background, a sunset over golden mustard fields. Slow motion shot as village elders and youth chant 'Jai Hind'. The atmosphere is a mix of deep mourning and immense national pride. High definition, 4k, realistic textures, soft sunlight." A. माँ का गर्व (The Mother's Pride): "Haryanvi Folk, Ragni style, Emotional yet Powerful, Male and Female duet, heavy Dholak and Sarangi, crescendo towards the chorus 'Jai Hind', patriotic anthem, high energy."	true	true	assets/covers/547974ac-4935-4d3a-bec3-2e19bd96ed49.jpeg	assets/audio/547974ac-4935-4d3a-bec3-2e19bd96ed49.mp3	NULL	false
ed23ef25-ed22-4f98-8326-7048a173f950	(untitled)	2026-03-13T16:39:43.229Z	5:10	chirp-crow	ye ek maa ke shbd hai bhai shab apne bete ke liye jiska beta balidan hua hai desh par, lekin use iss baat ka garv hai	true	true	assets/covers/ed23ef25-ed22-4f98-8326-7048a173f950.jpeg	assets/audio/ed23ef25-ed22-4f98-8326-7048a173f950.mp3	NULL	false
1a7174d9-5a96-48f4-8450-a514eb467683	(untitled)	2026-03-13T16:39:43.228Z	3:19	chirp-crow	ye ek maa ke shbd hai bhai shab apne bete ke liye jiska beta balidan hua hai desh par, lekin use iss baat ka garv hai	true	true	assets/covers/1a7174d9-5a96-48f4-8450-a514eb467683.jpeg	assets/audio/1a7174d9-5a96-48f4-8450-a514eb467683.mp3	NULL	false
984da1fd-8ce8-4e3a-953a-94ebfd0fae42	(untitled)	2026-03-13T16:00:12.326Z	4:57	chirp-crow	Cosmic Earth Anthem. Genre: Indian folk + cinematic orchestral + Vedic chant + stadium choir. Mood: Spiritual, epic, emotional. Tempo: 80 BPM. Intro: Deep tanpura drone with Vedic chant "Om bhur bhuvah svah". Soft flute and ambient cosmic sound design. Instruments: Sarangi, bansuri, tabla groove, acoustic guitar, large orchestral strings, cinematic drums. Vocals: Female lead vocal representing Mother Earth. Male choir chanting Sanskrit mantras. Massive stadium crowd repeating "Laut ke aa re Shyam Salona". Structure: Vedic intro → emotional verse → powerful chorus → cosmic orchestral build → huge choir finale. Theme: Mother Earth calling humanity back from illusion to harmony with nature.	true	true	assets/covers/984da1fd-8ce8-4e3a-953a-94ebfd0fae42.jpeg	assets/audio/984da1fd-8ce8-4e3a-953a-94ebfd0fae42.mp3	NULL	false
f770f15f-5b74-4116-991f-95e607edeadf	(untitled)	2026-03-13T16:00:12.326Z	4:18	chirp-crow	Cosmic Earth Anthem. Genre: Indian folk + cinematic orchestral + Vedic chant + stadium choir. Mood: Spiritual, epic, emotional. Tempo: 80 BPM. Intro: Deep tanpura drone with Vedic chant "Om bhur bhuvah svah". Soft flute and ambient cosmic sound design. Instruments: Sarangi, bansuri, tabla groove, acoustic guitar, large orchestral strings, cinematic drums. Vocals: Female lead vocal representing Mother Earth. Male choir chanting Sanskrit mantras. Massive stadium crowd repeating "Laut ke aa re Shyam Salona". Structure: Vedic intro → emotional verse → powerful chorus → cosmic orchestral build → huge choir finale. Theme: Mother Earth calling humanity back from illusion to harmony with nature.	true	true	assets/covers/f770f15f-5b74-4116-991f-95e607edeadf.jpeg	assets/audio/f770f15f-5b74-4116-991f-95e607edeadf.mp3	NULL	false
d179411b-b485-440d-ac8b-79a778b6b189	(untitled)	2026-03-13T15:50:40.619Z	4:12	chirp-crow	Epic Earth Mother Anthem. Style: Indian folk + cinematic orchestral + stadium choir. Mood: Emotional, spiritual, uplifting. Tempo: 80 BPM. Instruments: Flute intro, tanpura drone, tabla groove, sarangi, acoustic guitar. Gradual addition of orchestral strings, deep cinematic drums, and massive stadium choir. Vocals: Female lead vocal representing Mother Earth. Large crowd choir repeating "Laut ke aa re Shyam Salona". Structure: Soft flute intro → emotional verse → powerful chorus → orchestral build → huge stadium choir ending. Theme: Mother Earth calling humanity back to nature. Energy: Starts gentle and nostalgic, ends in massive emotional stadium anthem.	true	true	assets/covers/d179411b-b485-440d-ac8b-79a778b6b189.jpeg	assets/audio/d179411b-b485-440d-ac8b-79a778b6b189.mp3	NULL	false
5202d72f-acdb-4e56-81e2-0cc1456d59d7	(untitled)	2026-03-13T15:50:40.619Z	4:25	chirp-crow	Epic Earth Mother Anthem. Style: Indian folk + cinematic orchestral + stadium choir. Mood: Emotional, spiritual, uplifting. Tempo: 80 BPM. Instruments: Flute intro, tanpura drone, tabla groove, sarangi, acoustic guitar. Gradual addition of orchestral strings, deep cinematic drums, and massive stadium choir. Vocals: Female lead vocal representing Mother Earth. Large crowd choir repeating "Laut ke aa re Shyam Salona". Structure: Soft flute intro → emotional verse → powerful chorus → orchestral build → huge stadium choir ending. Theme: Mother Earth calling humanity back to nature. Energy: Starts gentle and nostalgic, ends in massive emotional stadium anthem.	true	true	assets/covers/5202d72f-acdb-4e56-81e2-0cc1456d59d7.jpeg	assets/audio/5202d72f-acdb-4e56-81e2-0cc1456d59d7.mp3	NULL	false
fd028fa8-b2c3-4b4c-9be6-18aa0f01f0a6	(untitled)	2026-03-13T14:53:19.205Z	5:56	chirp-crow	Epic cinematic hip-hop track called “Cosmic Egg Civilization Rap”. Tempo around 95 BPM, deep bass, powerful boom-bap drums mixed with ancient world instruments. Use a global mythological atmosphere combining: Vedic chant choir Chinese guzheng and erhu Nordic folk flute and war drums Egyptian duduk and frame drums Greek lyre and choir cinematic orchestra and sub bass Intro begins with deep Vedic chanting and shankh (conch shell) with cosmic ambient pads. Then beat drops into epic boom-bap hip-hop with trap percussion layers. Vocals: strong male narrator rap voice with occasional female choir responses. Languages mixed naturally in verses: Hindi English Sanskrit phrases Mandarin words Finnish words Style: grand mythological storytelling rap about the cosmic egg creation myth across civilizations. Mood progression: Mystical beginning (cosmic creation) Heroic middle section (civilization myths) Massive stadium chorus philosophical ending Chorus should be very catchy	true	true	assets/covers/fd028fa8-b2c3-4b4c-9be6-18aa0f01f0a6.jpeg	assets/audio/fd028fa8-b2c3-4b4c-9be6-18aa0f01f0a6.mp3	NULL	false
78a88e07-df27-4c02-b739-c36f5768ab2a	Universal Vedic Cosmic Connect	2026-03-13T14:53:19.204Z	5:27	chirp-crow	Epic cinematic hip-hop track called “Cosmic Egg Civilization Rap”. Tempo around 95 BPM, deep bass, powerful boom-bap drums mixed with ancient world instruments. Use a global mythological atmosphere combining: Vedic chant choir Chinese guzheng and erhu Nordic folk flute and war drums Egyptian duduk and frame drums Greek lyre and choir cinematic orchestra and sub bass Intro begins with deep Vedic chanting and shankh (conch shell) with cosmic ambient pads. Then beat drops into epic boom-bap hip-hop with trap percussion layers. Vocals: strong male narrator rap voice with occasional female choir responses. Languages mixed naturally in verses: Hindi English Sanskrit phrases Mandarin words Finnish words Style: grand mythological storytelling rap about the cosmic egg creation myth across civilizations. Mood progression: Mystical beginning (cosmic creation) Heroic middle section (civilization myths) Massive stadium chorus philosophical ending Chorus should be very catchy	true	true	assets/covers/78a88e07-df27-4c02-b739-c36f5768ab2a.jpeg	assets/audio/78a88e07-df27-4c02-b739-c36f5768ab2a.mp3	NULL	false
996a9054-d146-4a5e-adc4-d15be4f5b9d1	(untitled)	2026-03-13T14:31:46.238Z	4:01	chirp-crow	Epic cinematic hip-hop track called “Cosmic Egg Civilization Rap”. Tempo around 95 BPM, deep bass, powerful boom-bap drums mixed with ancient world instruments. Use a global mythological atmosphere combining: Vedic chant choir Chinese guzheng and erhu Nordic folk flute and war drums Egyptian duduk and frame drums Greek lyre and choir cinematic orchestra and sub bass Intro begins with deep Vedic chanting and shankh (conch shell) with cosmic ambient pads. Then beat drops into epic boom-bap hip-hop with trap percussion layers. Vocals: strong male narrator rap voice with occasional female choir responses. Languages mixed naturally in verses: Hindi English Sanskrit phrases Mandarin words Finnish words Style: grand mythological storytelling rap about the cosmic egg creation myth across civilizations. Mood progression: Mystical beginning (cosmic creation) Heroic middle section (civilization myths) Massive stadium chorus philosophical ending Chorus should be very catchy	true	true	assets/covers/996a9054-d146-4a5e-adc4-d15be4f5b9d1.jpeg	assets/audio/996a9054-d146-4a5e-adc4-d15be4f5b9d1.mp3	NULL	false
234ea386-635d-4c47-901f-8c56d201db27	(untitled)	2026-03-13T14:31:46.237Z	4:15	chirp-crow	Epic cinematic hip-hop track called “Cosmic Egg Civilization Rap”. Tempo around 95 BPM, deep bass, powerful boom-bap drums mixed with ancient world instruments. Use a global mythological atmosphere combining: Vedic chant choir Chinese guzheng and erhu Nordic folk flute and war drums Egyptian duduk and frame drums Greek lyre and choir cinematic orchestra and sub bass Intro begins with deep Vedic chanting and shankh (conch shell) with cosmic ambient pads. Then beat drops into epic boom-bap hip-hop with trap percussion layers. Vocals: strong male narrator rap voice with occasional female choir responses. Languages mixed naturally in verses: Hindi English Sanskrit phrases Mandarin words Finnish words Style: grand mythological storytelling rap about the cosmic egg creation myth across civilizations. Mood progression: Mystical beginning (cosmic creation) Heroic middle section (civilization myths) Massive stadium chorus philosophical ending Chorus should be very catchy	true	true	assets/covers/234ea386-635d-4c47-901f-8c56d201db27.jpeg	assets/audio/234ea386-635d-4c47-901f-8c56d201db27.mp3	NULL	false
aec7dc35-1ec0-44a4-bb7d-f79a1e7686ce	(untitled)	2026-03-13T12:40:37.628Z	3:55	chirp-crow	Epic Vedic rap, Rigvedic chant intro, deep trap beat, mridangam and shankh accents, veena and sitar melodic layers, cosmic synth atmosphere, stadium choir chorus, powerful bass drops, spiritual futuristic vibe, Indian epic cinematic orchestration. Tempo 90–100 BPM hip-hop trap groove with Vedic chant intro.	true	true	assets/covers/aec7dc35-1ec0-44a4-bb7d-f79a1e7686ce.jpeg	assets/audio/aec7dc35-1ec0-44a4-bb7d-f79a1e7686ce.mp3	NULL	false
fcc40853-3fac-4ab3-a1a3-b2d506a7f016	(untitled)	2026-03-13T12:40:37.628Z	4:41	chirp-crow	Epic Vedic rap, Rigvedic chant intro, deep trap beat, mridangam and shankh accents, veena and sitar melodic layers, cosmic synth atmosphere, stadium choir chorus, powerful bass drops, spiritual futuristic vibe, Indian epic cinematic orchestration. Tempo 90–100 BPM hip-hop trap groove with Vedic chant intro.	true	true	assets/covers/fcc40853-3fac-4ab3-a1a3-b2d506a7f016.jpeg	assets/audio/fcc40853-3fac-4ab3-a1a3-b2d506a7f016.mp3	NULL	false
ddac23b1-dc19-495b-9b9c-d830bec759ad	(untitled)	2026-03-13T12:01:58.244Z	5:02	chirp-crow	Epic Vedic rap, Rigvedic chanting intro, powerful hip-hop trap beat, Indian classical instruments (mridangam, veena, sitar, shankh), deep bass drops, cosmic synth atmosphere, Sanskrit mantra choir, stadium chorus, futuristic AI theme, spiritual motivational rap, cinematic orchestral build.	true	true	assets/covers/ddac23b1-dc19-495b-9b9c-d830bec759ad.jpeg	assets/audio/ddac23b1-dc19-495b-9b9c-d830bec759ad.mp3	NULL	false
0ef3ebdb-02ca-487a-9448-4fa7858cc0ce	(untitled)	2026-03-13T12:01:58.244Z	4:34	chirp-crow	Epic Vedic rap, Rigvedic chanting intro, powerful hip-hop trap beat, Indian classical instruments (mridangam, veena, sitar, shankh), deep bass drops, cosmic synth atmosphere, Sanskrit mantra choir, stadium chorus, futuristic AI theme, spiritual motivational rap, cinematic orchestral build.	true	true	assets/covers/0ef3ebdb-02ca-487a-9448-4fa7858cc0ce.jpeg	assets/audio/0ef3ebdb-02ca-487a-9448-4fa7858cc0ce.mp3	NULL	false
ffdf9645-e582-468d-af7f-75613fbbb25b	(untitled)	2026-03-13T12:01:04.868Z	4:56	chirp-crow	Epic Vedic rap, Rigvedic chanting intro, powerful hip-hop trap beat, Indian classical instruments (mridangam, veena, sitar, shankh), deep bass drops, cosmic synth atmosphere, Sanskrit mantra choir, stadium chorus, futuristic AI theme, spiritual motivational rap, cinematic orchestral build.	true	true	assets/covers/ffdf9645-e582-468d-af7f-75613fbbb25b.jpeg	assets/audio/ffdf9645-e582-468d-af7f-75613fbbb25b.mp3	NULL	false
6d654c1f-fbca-4c85-ad3c-5033c566c156	(untitled)	2026-03-13T12:01:04.868Z	5:00	chirp-crow	Epic Vedic rap, Rigvedic chanting intro, powerful hip-hop trap beat, Indian classical instruments (mridangam, veena, sitar, shankh), deep bass drops, cosmic synth atmosphere, Sanskrit mantra choir, stadium chorus, futuristic AI theme, spiritual motivational rap, cinematic orchestral build.	true	true	assets/covers/6d654c1f-fbca-4c85-ad3c-5033c566c156.jpeg	assets/audio/6d654c1f-fbca-4c85-ad3c-5033c566c156.mp3	NULL	false
aba5bb64-54f6-4798-8ba8-8bba9a599c53	(untitled)	2026-03-13T10:50:30.257Z	11:56	chirp-crow	Title: Dhruv Tapasya – Upanishadic Epic Rap Prompt: Cinematic spiritual hip-hop, Upanishadic epic rap, deep bass, thunder drums, Indian classical textures, tanpura drone, shankh blasts, mystical flute, Narad veena melodies, cosmic choir, heroic orchestral strings, slow-to-mid tempo 85–95 BPM, powerful male lead rap, occasional divine chorus chanting “Om Namo Bhagavate Vasudevaya”, atmosphere of ancient tapasya turning into cosmic ascension, dramatic storytelling, mythological Indian epic energy, stadium-scale spiritual anthem. Vocal Style Prompt Powerful storyteller voice, calm but intense delivery, Indian epic narration style, cinematic rap flow similar to mythological film trailers, Narad voice calm and wise, chorus sung by children’s celestial choir. Instrument Prompt Shankh blasts Mridang + cinematic drums Tanpura drone Flute + veena Deep orchestral bass Cosmic choir pads	true	true	assets/covers/aba5bb64-54f6-4798-8ba8-8bba9a599c53.jpeg	assets/audio/aba5bb64-54f6-4798-8ba8-8bba9a599c53.mp3	NULL	false
0ea61384-e105-4758-9481-a5ebd3204d19	(untitled)	2026-03-13T10:50:30.257Z	7:59	chirp-crow	title Pop, Indie Pop tapasya upanishadic epic rap prompt cinematic spiritual hiphop upanishadic epic rap deep bass thunder drums indian classical textures tanpura drone shankh blasts mystical flute narad veena melodies cosmic choir heroic orchestral strings slowtomid tempo 8595 bpm powerful male lead rap occasional divine chorus chanting om namo bhagavate vasudevaya atmosphere of ancient tapasya turning into cosmic ascension dramatic storytelling mythological indian epic energy stadiumscale spiritual anthem vocal style prompt powerful storyteller voice calm but intense delivery indian epic narration style cinematic rap flow similar to mythological film trailers narad voice calm and wise chorus sung by childrens celestial choir instrument prompt shankh blasts mridang cinematic drums tanpura drone flute veena deep orchestral bass cosmic choir pads	true	true	assets/covers/0ea61384-e105-4758-9481-a5ebd3204d19.jpeg	assets/audio/0ea61384-e105-4758-9481-a5ebd3204d19.mp3	NULL	false
93f61d64-57c6-4b30-afcf-5b0bab061bd8	(untitled)	2026-03-13T10:15:10.415Z	2:30	chirp-crow	super funky revolutionary Verse 1 (Rap) Hook / Crowd chant Verse 2 (Rap) Bridge (Spiritual narration) Verse 3 (Rap) Final Chorus (Huge stadium chant)	true	true	assets/covers/93f61d64-57c6-4b30-afcf-5b0bab061bd8.jpeg	assets/audio/93f61d64-57c6-4b30-afcf-5b0bab061bd8.mp3	NULL	false
96ab99cb-c3fa-407f-92e0-a01aca8ea61a	(untitled)	2026-03-13T10:15:10.415Z	2:35	chirp-crow	super funky revolutionary Verse 1 (Rap) Hook / Crowd chant Verse 2 (Rap) Bridge (Spiritual narration) Verse 3 (Rap) Final Chorus (Huge stadium chant)	true	true	assets/covers/96ab99cb-c3fa-407f-92e0-a01aca8ea61a.jpeg	assets/audio/96ab99cb-c3fa-407f-92e0-a01aca8ea61a.mp3	NULL	false
ab212f3f-c109-44ae-9b52-d915ac62f436	(untitled)	2026-03-13T10:01:05.363Z	2:40	chirp-crow	Epic Vedic Hip-Hop stadium anthem, powerful Hindi rap, deep cinematic bass, trap drums with nagada and mridangam percussion, conch shell (shankh) blasts, tanpura drone, Sanskrit mantra choir chanting in background, aggressive but spiritual tone, powerful male rap vocal, crowd chant repeating "Fixit Fixit Fixit", dramatic cinematic build up, epic drops, reel-friendly hook, ancient India wisdom theme, futuristic + ancient fusion, tempo 95 BPM. Powerful male Hindi rap voice, deep and authoritative, clear diction, energetic delivery, stadium crowd chanting in chorus, occasional Sanskrit mantra choir responses. Intro (Shankh + Vedic mantra whisper) Verse 1 (Rap) Hook / Crowd chant Verse 2 (Rap) Bridge (Spiritual narration) Verse 3 (Rap) Final Chorus (Huge stadium chant)	true	true	assets/covers/ab212f3f-c109-44ae-9b52-d915ac62f436.jpeg	assets/audio/ab212f3f-c109-44ae-9b52-d915ac62f436.mp3	NULL	false
8b1a651b-bad0-4fab-99e7-00b34ab4d128	(untitled)	2026-03-13T10:01:05.363Z	2:50	chirp-crow	Epic Vedic Hip-Hop stadium anthem, powerful Hindi rap, deep cinematic bass, trap drums with nagada and mridangam percussion, conch shell (shankh) blasts, tanpura drone, Sanskrit mantra choir chanting in background, aggressive but spiritual tone, powerful male rap vocal, crowd chant repeating "Fixit Fixit Fixit", dramatic cinematic build up, epic drops, reel-friendly hook, ancient India wisdom theme, futuristic + ancient fusion, tempo 95 BPM. Powerful male Hindi rap voice, deep and authoritative, clear diction, energetic delivery, stadium crowd chanting in chorus, occasional Sanskrit mantra choir responses. Intro (Shankh + Vedic mantra whisper) Verse 1 (Rap) Hook / Crowd chant Verse 2 (Rap) Bridge (Spiritual narration) Verse 3 (Rap) Final Chorus (Huge stadium chant)	true	true	assets/covers/8b1a651b-bad0-4fab-99e7-00b34ab4d128.jpeg	assets/audio/8b1a651b-bad0-4fab-99e7-00b34ab4d128.mp3	NULL	false
5eb33a33-5e7a-423c-bb04-6dd4e31455ce	(untitled)	2026-03-13T09:32:33.822Z	2:25	chirp-crow	Upanishadic Epic Rap, cinematic Vedic hip-hop, deep bass, powerful taiko drums, tanpura drone, shankh blasts, celestial choir, mystical flute, dramatic strings, spiritual energy build-up. Tempo 85-95 BPM Vocals Powerful male rap + divine choir chanting the mantra in chorus. Mood Ancient cosmic wisdom, tapasya energy, heroic spiritual ascension.	true	true	assets/covers/5eb33a33-5e7a-423c-bb04-6dd4e31455ce.jpeg	assets/audio/5eb33a33-5e7a-423c-bb04-6dd4e31455ce.mp3	NULL	false
cd0bf69c-c712-497a-a324-4f5ca98fe911	(untitled)	2026-03-13T09:32:33.822Z	2:02	chirp-crow	Upanishadic Epic Rap, cinematic Vedic hip-hop, deep bass, powerful taiko drums, tanpura drone, shankh blasts, celestial choir, mystical flute, dramatic strings, spiritual energy build-up. Tempo 85-95 BPM Vocals Powerful male rap + divine choir chanting the mantra in chorus. Mood Ancient cosmic wisdom, tapasya energy, heroic spiritual ascension.	true	true	assets/covers/cd0bf69c-c712-497a-a324-4f5ca98fe911.jpeg	assets/audio/cd0bf69c-c712-497a-a324-4f5ca98fe911.mp3	NULL	false
2c95a655-1853-4020-a611-bc4e844aaee0	(untitled)	2026-03-13T08:29:46.096Z	4:33	chirp-crow	Epic Upanishadic rap about Dhruva from Bhagavata Purana. Deep cinematic bass, bansuri, veena, mridangam with trap drums. Cosmic choir chanting "Om Namo Bhagavate Vasudevaya". Storytelling male rap with epic orchestral chorus. Hans Zimmer style cinematic build with Indian Vedic elements. BPM 92, heroic, spiritual, powerful. Duration 5–6 minutes.	true	true	assets/covers/2c95a655-1853-4020-a611-bc4e844aaee0.jpeg	assets/audio/2c95a655-1853-4020-a611-bc4e844aaee0.mp3	NULL	false
3c9729ee-8720-460f-8d5a-b37b5b52d274	(untitled)	2026-03-13T08:29:46.095Z	4:02	chirp-crow	Epic Upanishadic rap about Dhruva from Bhagavata Purana. Deep cinematic bass, bansuri, veena, mridangam with trap drums. Cosmic choir chanting "Om Namo Bhagavate Vasudevaya". Storytelling male rap with epic orchestral chorus. Hans Zimmer style cinematic build with Indian Vedic elements. BPM 92, heroic, spiritual, powerful. Duration 5–6 minutes.	true	true	assets/covers/3c9729ee-8720-460f-8d5a-b37b5b52d274.jpeg	assets/audio/3c9729ee-8720-460f-8d5a-b37b5b52d274.mp3	NULL	false
44d6eaee-1e67-4eaf-af1a-1b53349e55f1	(untitled)	2026-03-13T08:09:16.542Z	5:18	chirp-crow	dark cinematic vedic rap deep bass slow trap drums haunting flute throat singing temple bells epic choir mysterious atmosphere philosophical storytelling rap indian classical elements dramatic buildup characters narrator kthaavaack nachiketa nciketaa J-pop, rock, pop ymraaj rishi chorus rssikors mntr give personality to characters	true	true	assets/covers/44d6eaee-1e67-4eaf-af1a-1b53349e55f1.jpeg	assets/audio/44d6eaee-1e67-4eaf-af1a-1b53349e55f1.mp3	NULL	false
b854fd41-d448-436a-9e15-3727d2099aa7	(untitled)	2026-03-13T08:09:16.542Z	5:26	chirp-crow	dark cinematic vedic rap deep bass slow trap drums haunting flute throat singing temple bells epic choir mysterious atmosphere philosophical storytelling rap indian classical elements dramatic buildup characters narrator kthaavaack nachiketa nciketaa J-pop, rock, pop ymraaj rishi chorus rssikors mntr give personality to characters	true	true	assets/covers/b854fd41-d448-436a-9e15-3727d2099aa7.jpeg	assets/audio/b854fd41-d448-436a-9e15-3727d2099aa7.mp3	NULL	false
bfa3c452-eab1-44c3-9c0a-869f6c15bc26	(untitled)	2026-03-13T07:35:38.638Z	7:59	chirp-crow	Indian spiritual hip hop anthem, boom bap drums with dhol and khartal, sitar melody, shankh blasts, cosmic ambient synth, male rap with Sanskrit mantra hook, powerful motivational vibe, cinematic epic rap	true	true	assets/covers/bfa3c452-eab1-44c3-9c0a-869f6c15bc26.jpeg	assets/audio/bfa3c452-eab1-44c3-9c0a-869f6c15bc26.mp3	NULL	false
8782ebf1-5a4b-45ff-9243-bef558d424fc	(untitled)	2026-03-13T07:35:38.638Z	5:01	chirp-crow	Indian spiritual hip hop anthem, boom bap drums with dhol and khartal, sitar melody, shankh blasts, cosmic ambient synth, male rap with Sanskrit mantra hook, powerful motivational vibe, cinematic epic rap	true	true	assets/covers/8782ebf1-5a4b-45ff-9243-bef558d424fc.jpeg	assets/audio/8782ebf1-5a4b-45ff-9243-bef558d424fc.mp3	NULL	false
da000daa-342d-4df9-89ab-8523bb3b5320	(untitled)	2026-03-12T22:24:49.027Z	5:05	chirp-crow	Epic divine hip-hop, heavy cinematic bass, conch shell intro, Vedic choir textures, deep male lead vocal, aggressive conscious rap delivery, spiritual trap drums, Sanskritic resonance, thunderous low-end, temple percussion, rising orchestral strings, motivational anthem energy, mystical reverb, stadium-scale chorus, ending with layered OM chant and ambient drone. No comedy tone, no light pop feel, no childish delivery, no EDM cheese, no autotune-heavy commercial style.	true	true	assets/covers/da000daa-342d-4df9-89ab-8523bb3b5320.jpeg	assets/audio/da000daa-342d-4df9-89ab-8523bb3b5320.mp3	NULL	false
8860015e-eb23-42e2-aaee-c4f0344caf19	(untitled)	2026-03-12T22:24:49.027Z	5:03	chirp-crow	Epic divine hip-hop, heavy cinematic bass, conch shell intro, Vedic choir textures, deep male lead vocal, aggressive conscious rap delivery, spiritual trap drums, Sanskritic resonance, thunderous low-end, temple percussion, rising orchestral strings, motivational anthem energy, mystical reverb, stadium-scale chorus, ending with layered OM chant and ambient drone. No comedy tone, no light pop feel, no childish delivery, no EDM cheese, no autotune-heavy commercial style.	true	true	assets/covers/8860015e-eb23-42e2-aaee-c4f0344caf19.jpeg	assets/audio/8860015e-eb23-42e2-aaee-c4f0344caf19.mp3	NULL	false
0feb7548-012f-4367-8ed6-f47fba0f6ae2	(untitled)	2026-03-12T22:16:03.351Z	3:23	chirp-crow	Epic divine hip-hop, heavy cinematic bass, conch shell intro, Vedic choir textures, deep male lead vocal, aggressive conscious rap delivery, spiritual trap drums, Sanskritic resonance, thunderous low-end, temple percussion, rising orchestral strings, motivational anthem energy, mystical reverb, stadium-scale chorus, ending with layered OM chant and ambient drone. No comedy tone, no light pop feel, no childish delivery, no EDM cheese, no autotune-heavy commercial style.	true	true	assets/covers/0feb7548-012f-4367-8ed6-f47fba0f6ae2.jpeg	assets/audio/0feb7548-012f-4367-8ed6-f47fba0f6ae2.mp3	NULL	false
d15ffb48-0e22-4344-96a5-13c18cb5a67f	(untitled)	2026-03-12T22:16:03.351Z	3:55	chirp-crow	Epic divine hip-hop, heavy cinematic bass, conch shell intro, Vedic choir textures, deep male lead vocal, aggressive conscious rap delivery, spiritual trap drums, Sanskritic resonance, thunderous low-end, temple percussion, rising orchestral strings, motivational anthem energy, mystical reverb, stadium-scale chorus, ending with layered OM chant and ambient drone. No comedy tone, no light pop feel, no childish delivery, no EDM cheese, no autotune-heavy commercial style.	true	true	assets/covers/d15ffb48-0e22-4344-96a5-13c18cb5a67f.jpeg	assets/audio/d15ffb48-0e22-4344-96a5-13c18cb5a67f.mp3	NULL	false
08672d19-c215-4ff6-ac7c-8273ca45eab0	(untitled)	2026-03-12T20:51:42.614Z	5:18	chirp-crow	मुखड़ा हर अंतरे के बाद दोहराओ भीड़ से बुलवाओ: “दुनिया में ते खो देगा तन्ने…” नगाड़ा हुक लाइन पर जोर से	true	true	assets/covers/08672d19-c215-4ff6-ac7c-8273ca45eab0.jpeg	assets/audio/08672d19-c215-4ff6-ac7c-8273ca45eab0.mp3	NULL	false
7aa13792-c537-4535-878c-bd7c7925e869	(untitled)	2026-03-12T20:51:42.614Z	6:44	chirp-crow	मुखड़ा हर अंतरे के बाद दोहराओ भीड़ से बुलवाओ: “दुनिया में ते खो देगा तन्ने…” नगाड़ा हुक लाइन पर जोर से	true	true	assets/covers/7aa13792-c537-4535-878c-bd7c7925e869.jpeg	assets/audio/7aa13792-c537-4535-878c-bd7c7925e869.mp3	NULL	false
e521f486-dc2d-450c-ad6b-6dc60c076e3b	(untitled)	2026-03-12T20:40:09.957Z	4:01	chirp-crow	वाद्य: ढोलक – मुख्य ताल नगाड़ा – मुखड़े पर जोर सारंगी – भावपूर्ण हिस्से बीन – शुरुआत खंजरी + ताली – भीड़ लय स्टेज ट्रिक: पुरुष और महिला गायक आमने-सामने हर जवाब पर भीड़ “वाह!” बोले मुखड़ा भीड़ से दोहरवाएँ	true	true	assets/covers/e521f486-dc2d-450c-ad6b-6dc60c076e3b.jpeg	assets/audio/e521f486-dc2d-450c-ad6b-6dc60c076e3b.mp3	NULL	false
94daf0e0-f8b0-4025-b269-39a4f5b63bdc	(untitled)	2026-03-12T20:40:09.956Z	3:30	chirp-crow	वाद्य: ढोलक – मुख्य ताल नगाड़ा – मुखड़े पर जोर सारंगी – भावपूर्ण हिस्से बीन – शुरुआत खंजरी + ताली – भीड़ लय स्टेज ट्रिक: पुरुष और महिला गायक आमने-सामने हर जवाब पर भीड़ “वाह!” बोले मुखड़ा भीड़ से दोहरवाएँ	true	true	assets/covers/94daf0e0-f8b0-4025-b269-39a4f5b63bdc.jpeg	assets/audio/94daf0e0-f8b0-4025-b269-39a4f5b63bdc.mp3	NULL	false
ec1e421e-953b-4a94-b3d8-1844bc19fcb6	(untitled)	2026-03-12T20:30:17.224Z	4:36	chirp-crow	Haryanvi ragni folk song with only मिनिमल traditional instruments. Use matka, nagada, sarangi, been and khanjari. Male rustic Haryanvi vocal with strong village energy. Crowd chorus like a live ragni dangal. Theme: King Bhartrhari and Pingla betrayal. Tempo ८० BPM. Very catchy hook repeating “Duniya mein te kho dega tanne baham lugaai ka”. Raw folk sound, no electronic instruments.	true	true	assets/covers/ec1e421e-953b-4a94-b3d8-1844bc19fcb6.jpeg	assets/audio/ec1e421e-953b-4a94-b3d8-1844bc19fcb6.mp3	NULL	false
a98dfdd6-8325-4c7e-85d1-a763d9a47e83	(untitled)	2026-03-12T20:30:17.224Z	4:15	chirp-crow	Haryanvi ragni folk song with only मिनिमल traditional instruments. Use matka, nagada, sarangi, been and khanjari. Male rustic Haryanvi vocal with strong village energy. Crowd chorus like a live ragni dangal. Theme: King Bhartrhari and Pingla betrayal. Tempo ८० BPM. Very catchy hook repeating “Duniya mein te kho dega tanne baham lugaai ka”. Raw folk sound, no electronic instruments.	true	true	assets/covers/a98dfdd6-8325-4c7e-85d1-a763d9a47e83.jpeg	assets/audio/a98dfdd6-8325-4c7e-85d1-a763d9a47e83.mp3	NULL	false
0b19285e-3b76-42bf-80ae-41d8fde84fea	(untitled)	2026-03-12T20:20:06.790Z	3:38	chirp-crow	Haryanvi ragni folk song with trap rap flow but only traditional instruments. Use dholak, nagada, sarangi, been and khanjari. Male rustic Haryanvi vocal with strong village energy. Crowd chorus like a live ragni dangal. Theme: King Bhartrhari and Pingla betrayal. Tempo 90-95 BPM. Very catchy hook repeating “Duniya mein te kho dega tanne baham lugaai ka”. Raw folk sound, no electronic instruments.	true	true	assets/covers/0b19285e-3b76-42bf-80ae-41d8fde84fea.jpeg	assets/audio/0b19285e-3b76-42bf-80ae-41d8fde84fea.mp3	NULL	false
e9ed9222-9fbc-46ee-8946-506aaa0fa006	(untitled)	2026-03-12T20:20:06.790Z	3:17	chirp-crow	Haryanvi ragni folk song with trap rap flow but only traditional instruments. Use dholak, nagada, sarangi, been and khanjari. Male rustic Haryanvi vocal with strong village energy. Crowd chorus like a live ragni dangal. Theme: King Bhartrhari and Pingla betrayal. Tempo 90-95 BPM. Very catchy hook repeating “Duniya mein te kho dega tanne baham lugaai ka”. Raw folk sound, no electronic instruments.	true	true	assets/covers/e9ed9222-9fbc-46ee-8946-506aaa0fa006.jpeg	assets/audio/e9ed9222-9fbc-46ee-8946-506aaa0fa006.mp3	NULL	false
9ed3d7a1-f789-4aed-8f87-c21c9ae61bf6	(untitled)	2026-03-12T20:04:48.030Z	4:19	chirp-crow	Epic divine hip-hop, heavy cinematic bass, conch shell intro, Vedic choir textures, deep male lead vocal, aggressive conscious rap delivery, spiritual trap drums, Sanskritic resonance, thunderous low-end, temple percussion, rising orchestral strings, motivational anthem energy, mystical reverb, stadium-scale chorus, ending with layered OM chant and ambient drone. No comedy tone, no light pop feel, no childish delivery, no EDM cheese, no autotune-heavy commercial style.	true	true	assets/covers/9ed3d7a1-f789-4aed-8f87-c21c9ae61bf6.jpeg	assets/audio/9ed3d7a1-f789-4aed-8f87-c21c9ae61bf6.mp3	NULL	false
d10508db-bd53-40ce-a03c-92f1791b1278	(untitled)	2026-03-12T20:04:48.030Z	3:57	chirp-crow	Epic divine hip-hop, heavy cinematic bass, conch shell intro, Vedic choir textures, deep male lead vocal, aggressive conscious rap delivery, spiritual trap drums, Sanskritic resonance, thunderous low-end, temple percussion, rising orchestral strings, motivational anthem energy, mystical reverb, stadium-scale chorus, ending with layered OM chant and ambient drone. No comedy tone, no light pop feel, no childish delivery, no EDM cheese, no autotune-heavy commercial style.	true	true	assets/covers/d10508db-bd53-40ce-a03c-92f1791b1278.jpeg	assets/audio/d10508db-bd53-40ce-a03c-92f1791b1278.mp3	NULL	false
afb6c7b0-fbfc-4889-9c1c-361c8bba3ed4	(untitled)	2026-03-12T19:35:02.000Z	2:05	chirp-crow	हैवी base male। १ मिनट	true	true	assets/covers/afb6c7b0-fbfc-4889-9c1c-361c8bba3ed4.jpeg	assets/audio/afb6c7b0-fbfc-4889-9c1c-361c8bba3ed4.mp3	NULL	false
348fc72d-5a8b-4126-9498-c2f6cafc4a0e	(untitled)	2026-03-12T19:35:02.000Z	2:45	chirp-crow	हैवी base male। १ मिनट	true	true	assets/covers/348fc72d-5a8b-4126-9498-c2f6cafc4a0e.jpeg	assets/audio/348fc72d-5a8b-4126-9498-c2f6cafc4a0e.mp3	NULL	false
22166f36-f1c8-4ca9-9452-f76ee29ff8c9	(untitled)	2026-03-12T19:32:29.861Z	2:47	chirp-crow	voice ओवर	true	true	assets/covers/22166f36-f1c8-4ca9-9452-f76ee29ff8c9.jpeg	assets/audio/22166f36-f1c8-4ca9-9452-f76ee29ff8c9.mp3	NULL	false
bfac316f-83ab-44b3-8c61-080c6de6c036	(untitled)	2026-03-12T19:32:29.861Z	3:15	chirp-crow	voice ओवर	true	true	assets/covers/bfac316f-83ab-44b3-8c61-080c6de6c036.jpeg	assets/audio/bfac316f-83ab-44b3-8c61-080c6de6c036.mp3	NULL	false
92631fc4-6b9e-4dd2-9cd4-83870b8d3d71	(untitled)	2026-03-12T19:29:46.297Z	1:58	chirp-crow		true	true	assets/covers/92631fc4-6b9e-4dd2-9cd4-83870b8d3d71.jpeg	assets/audio/92631fc4-6b9e-4dd2-9cd4-83870b8d3d71.mp3	NULL	false
e2588540-4aee-4cff-a2d9-023f8e4c0e98	(untitled)	2026-03-12T19:29:46.297Z	2:10	chirp-crow		true	true	assets/covers/e2588540-4aee-4cff-a2d9-023f8e4c0e98.jpeg	assets/audio/e2588540-4aee-4cff-a2d9-023f8e4c0e98.mp3	NULL	false
ba695ae4-1b95-4193-b8db-5a873b79c6c4	(untitled)	2026-03-12T18:44:00.263Z	4:43	chirp-crow	Epic Haryanvi stadium anthem, folk + rap fusion, powerful male chorus, nagada drums, dhol, war horns, Shiva chants "Har Har Mahadev", crowd chanting, rustic Haryanvi vocals, high energy stadium vibe, Panipat battle atmosphere, Kurukshetra spiritual energy, folk rap verses with aggressive delivery, massive chorus with thousands chanting. Tempo 100 BPM, cinematic tribal drums, deep bass.	true	true	assets/covers/ba695ae4-1b95-4193-b8db-5a873b79c6c4.jpeg	assets/audio/ba695ae4-1b95-4193-b8db-5a873b79c6c4.mp3	NULL	false
2f477298-ce1a-472e-b84b-8930b9c66478	(untitled)	2026-03-12T18:44:00.263Z	4:05	chirp-crow	Epic Haryanvi stadium anthem, folk + rap fusion, powerful male chorus, nagada drums, dhol, war horns, Shiva chants "Har Har Mahadev", crowd chanting, rustic Haryanvi vocals, high energy stadium vibe, Panipat battle atmosphere, Kurukshetra spiritual energy, folk rap verses with aggressive delivery, massive chorus with thousands chanting. Tempo 100 BPM, cinematic tribal drums, deep bass.	true	true	assets/covers/2f477298-ce1a-472e-b84b-8930b9c66478.jpeg	assets/audio/2f477298-ce1a-472e-b84b-8930b9c66478.mp3	NULL	false
30bf75e7-10f6-4308-b4ee-87d52c599e1a	(untitled)	2026-03-12T18:34:34.281Z	3:35	chirp-crow		true	true	assets/covers/30bf75e7-10f6-4308-b4ee-87d52c599e1a.jpeg	assets/audio/30bf75e7-10f6-4308-b4ee-87d52c599e1a.mp3	NULL	false
1f885a53-57ed-448b-b0b6-c3c53c8504d9	(untitled)	2026-03-12T18:34:34.280Z	4:30	chirp-crow		true	true	assets/covers/1f885a53-57ed-448b-b0b6-c3c53c8504d9.jpeg	assets/audio/1f885a53-57ed-448b-b0b6-c3c53c8504d9.mp3	NULL	false
b30f1dc1-1d59-41dd-af90-dedba164ed3f	(untitled)	2026-03-12T16:27:36.359Z	5:02	chirp-crow	Tempo: 95 BPM Cosmic Hip-Hop Instruments: temple bells mridangam ancient lyre orchestral horns deep 808 bass Vedic choir Final chorus: 1000 voices stadium chant	true	true	assets/covers/b30f1dc1-1d59-41dd-af90-dedba164ed3f.jpeg	assets/audio/b30f1dc1-1d59-41dd-af90-dedba164ed3f.mp3	NULL	false
c76edf13-95b3-42c3-b51e-44b0d31a10dc	(untitled)	2026-03-12T16:27:36.359Z	5:02	chirp-crow	Tempo: 95 BPM Cosmic Hip-Hop Instruments: temple bells mridangam ancient lyre orchestral horns deep 808 bass Vedic choir Final chorus: 1000 voices stadium chant	true	true	assets/covers/c76edf13-95b3-42c3-b51e-44b0d31a10dc.jpeg	assets/audio/c76edf13-95b3-42c3-b51e-44b0d31a10dc.mp3	NULL	false
33ebe00e-d888-4500-be76-653588dca063	(untitled)	2026-03-12T16:08:27.241Z	5:15	chirp-crow	100-voice Vedic choir Trap + orchestral beat Ancient instruments (lyre, mridangam, daf) Massive stadium chorus	true	true	assets/covers/33ebe00e-d888-4500-be76-653588dca063.jpeg	assets/audio/33ebe00e-d888-4500-be76-653588dca063.mp3	NULL	false
2c90ee6b-74e3-4d2e-9843-9b5fb835b297	(untitled)	2026-03-12T16:08:27.241Z	4:41	chirp-crow	100-voice Vedic choir Trap + orchestral beat Ancient instruments (lyre, mridangam, daf) Massive stadium chorus	true	true	assets/covers/2c90ee6b-74e3-4d2e-9843-9b5fb835b297.jpeg	assets/audio/2c90ee6b-74e3-4d2e-9843-9b5fb835b297.mp3	NULL	false
42598efd-76d4-4683-87c1-176aa832b4ba	(untitled)	2026-03-12T16:01:13.530Z	5:00	chirp-crow	100-voice Vedic choir Trap + orchestral beat Ancient instruments (lyre, mridangam, daf) Massive stadium chorus	true	true	assets/covers/42598efd-76d4-4683-87c1-176aa832b4ba.jpeg	assets/audio/42598efd-76d4-4683-87c1-176aa832b4ba.mp3	NULL	false
bb7e2b90-d7ca-49b6-9135-fe4251447df2	(untitled)	2026-03-12T16:01:13.530Z	5:20	chirp-crow	100-voice Vedic choir Trap + orchestral beat Ancient instruments (lyre, mridangam, daf) Massive stadium chorus	true	true	assets/covers/bb7e2b90-d7ca-49b6-9135-fe4251447df2.jpeg	assets/audio/bb7e2b90-d7ca-49b6-9135-fe4251447df2.mp3	NULL	false
e569c9e8-b660-4a47-83ea-2a36219c3cbd	(untitled)	2026-03-12T15:40:19.789Z	4:42	chirp-crow	Tempo: 92–96 BPM Trap + Ethnic Drums Instruments: Rudra veena, damru, French horns, temple bells, daf, ancient lyre, synth bass Chorus: 100-voice choir	true	true	assets/covers/e569c9e8-b660-4a47-83ea-2a36219c3cbd.jpeg	assets/audio/e569c9e8-b660-4a47-83ea-2a36219c3cbd.mp3	NULL	false
915943e4-087a-4961-9b3c-e24b00c223b8	(untitled)	2026-03-12T15:40:19.789Z	4:39	chirp-crow	Tempo: 92–96 BPM Trap + Ethnic Drums Instruments: Rudra veena, damru, French horns, temple bells, daf, ancient lyre, synth bass Chorus: 100-voice choir	true	true	assets/covers/915943e4-087a-4961-9b3c-e24b00c223b8.jpeg	assets/audio/915943e4-087a-4961-9b3c-e24b00c223b8.mp3	NULL	false
ab674c75-8585-4fd0-89ae-715906b3f772	(untitled)	2026-03-12T15:22:25.730Z	4:47	chirp-crow	Tempo: 92–96 BPM Trap + Ethnic Drums Instruments: Rudra veena, damru, French horns, temple bells, daf, ancient lyre, synth bass Chorus: 100-voice choir	true	true	assets/covers/ab674c75-8585-4fd0-89ae-715906b3f772.jpeg	assets/audio/ab674c75-8585-4fd0-89ae-715906b3f772.mp3	NULL	false
2b8896a5-71c2-4521-b7e8-8a07648444d3	(untitled)	2026-03-12T15:22:25.730Z	4:34	chirp-crow	Tempo: 92–96 BPM Trap + Ethnic Drums Instruments: Rudra veena, damru, French horns, temple bells, daf, ancient lyre, synth bass Chorus: 100-voice choir	true	true	assets/covers/2b8896a5-71c2-4521-b7e8-8a07648444d3.jpeg	assets/audio/2b8896a5-71c2-4521-b7e8-8a07648444d3.mp3	NULL	false
a27569a5-0751-4d15-842c-63a1adffb59c	(untitled)	2026-03-12T14:39:51.474Z	6:10	chirp-crow	Style: Egyptian lullaby + cinematic awakening anthem + Sufi-orchestral folk Mood: tender, ancient, haunting, morally awakening Instruments: oud, ney flute, qanun, daf, frame drum, soft strings, deep cinematic bass, desert ambience, children’s choir, female Arabic lullaby lead, male Hindi spoken-rap chanting in later section Tempo: 76 BPM intro, rising to 92 BPM in chorus Vocal style: soft maternal Arabic opening, Hindi poetic chorus, intense civilizational call in climax Production: intimate reverb, warm analog texture, ancient temple ambience, Nile water sounds, distant wind through stone monuments, stadium-like layered chorus in final hook	true	true	assets/covers/a27569a5-0751-4d15-842c-63a1adffb59c.jpeg	assets/audio/a27569a5-0751-4d15-842c-63a1adffb59c.mp3	NULL	false
1f500bc8-f5ba-4d2c-8156-b182c9b0b46b	(untitled)	2026-03-12T14:39:51.473Z	5:44	chirp-crow	Style: Egyptian lullaby + cinematic awakening anthem + Sufi-orchestral folk Mood: tender, ancient, haunting, morally awakening Instruments: oud, ney flute, qanun, daf, frame drum, soft strings, deep cinematic bass, desert ambience, children’s choir, female Arabic lullaby lead, male Hindi spoken-rap chanting in later section Tempo: 76 BPM intro, rising to 92 BPM in chorus Vocal style: soft maternal Arabic opening, Hindi poetic chorus, intense civilizational call in climax Production: intimate reverb, warm analog texture, ancient temple ambience, Nile water sounds, distant wind through stone monuments, stadium-like layered chorus in final hook	true	true	assets/covers/1f500bc8-f5ba-4d2c-8156-b182c9b0b46b.jpeg	assets/audio/1f500bc8-f5ba-4d2c-8156-b182c9b0b46b.mp3	NULL	false
01105ba5-4a3d-4314-8720-0437796ffc45	(untitled)	2026-03-12T14:19:25.177Z	7:59	chirp-crow	Style: Egyptian lullaby + cinematic awakening anthem + Sufi-orchestral folk Mood: tender, ancient, haunting, morally awakening Instruments: oud, ney flute, qanun, daf, frame drum, soft strings, deep cinematic bass, desert ambience, children’s choir, female Arabic lullaby lead, male Hindi spoken-rap chanting in later section Tempo: 76 BPM intro, rising to 92 BPM in chorus Vocal style: soft maternal Arabic opening, Hindi poetic chorus, intense civilizational call in climax Production: intimate reverb, warm analog texture, ancient temple ambience, Nile water sounds, distant wind through stone monuments, stadium-like layered chorus in final hook	true	true	assets/covers/01105ba5-4a3d-4314-8720-0437796ffc45.jpeg	assets/audio/01105ba5-4a3d-4314-8720-0437796ffc45.mp3	NULL	false
7960d8d5-9742-4fb2-9329-3efae9f39d73	(untitled)	2026-03-12T14:19:25.177Z	7:07	chirp-crow	Style: Egyptian lullaby + cinematic awakening anthem + Sufi-orchestral folk Mood: tender, ancient, haunting, morally awakening Instruments: oud, ney flute, qanun, daf, frame drum, soft strings, deep cinematic bass, desert ambience, children’s choir, female Arabic lullaby lead, male Hindi spoken-rap chanting in later section Tempo: 76 BPM intro, rising to 92 BPM in chorus Vocal style: soft maternal Arabic opening, Hindi poetic chorus, intense civilizational call in climax Production: intimate reverb, warm analog texture, ancient temple ambience, Nile water sounds, distant wind through stone monuments, stadium-like layered chorus in final hook	true	true	assets/covers/7960d8d5-9742-4fb2-9329-3efae9f39d73.jpeg	assets/audio/7960d8d5-9742-4fb2-9329-3efae9f39d73.mp3	NULL	false
5b8abaaa-7c56-450e-acfc-00b012e50990	(untitled)	2026-03-12T14:10:24.990Z	3:27	chirp-crow	Style: French folk + Enlightenment anthem + divine call Instrumentation: French horns, church bells, hurdy-gurdy, lute, frame drum, choir, ancient flute Tempo: 90 BPM Mood: Epic, awakening, spiritual revolution Vocals: Male lead narrator + folk choir + Sanskrit chant Structure: Intro (horn call) → Verse → Rigvedic chant → Folk hook → Rap verse → Choir finale	true	true	assets/covers/5b8abaaa-7c56-450e-acfc-00b012e50990.jpeg	assets/audio/5b8abaaa-7c56-450e-acfc-00b012e50990.mp3	NULL	false
92279913-e9a8-4341-a4cc-19bd11b142ec	(untitled)	2026-03-12T14:10:24.990Z	3:17	chirp-crow	Style: French folk + Enlightenment anthem + divine call Instrumentation: French horns, church bells, hurdy-gurdy, lute, frame drum, choir, ancient flute Tempo: 90 BPM Mood: Epic, awakening, spiritual revolution Vocals: Male lead narrator + folk choir + Sanskrit chant Structure: Intro (horn call) → Verse → Rigvedic chant → Folk hook → Rap verse → Choir finale	true	true	assets/covers/92279913-e9a8-4341-a4cc-19bd11b142ec.jpeg	assets/audio/92279913-e9a8-4341-a4cc-19bd11b142ec.mp3	NULL	false
a93223c5-90c5-469e-aa1d-602c99611cf7	(untitled)	2026-03-12T13:56:58.449Z	4:00	chirp-crow	Style: French folk + Enlightenment anthem + divine call Instrumentation: French horns, church bells, hurdy-gurdy, lute, frame drum, choir, ancient flute Tempo: 90 BPM Mood: Epic, awakening, spiritual revolution Vocals: Male lead narrator + folk choir + Sanskrit chant Structure: Intro (horn call) → Verse → Rigvedic chant → Folk hook → Rap verse → Choir finale	true	true	assets/covers/a93223c5-90c5-469e-aa1d-602c99611cf7.jpeg	assets/audio/a93223c5-90c5-469e-aa1d-602c99611cf7.mp3	NULL	false
5d4e5f42-752b-4d9c-b766-2969cd7ad903	(untitled)	2026-03-12T13:56:58.449Z	3:25	chirp-crow	Style: French folk + Enlightenment anthem + divine call Instrumentation: French horns, church bells, hurdy-gurdy, lute, frame drum, choir, ancient flute Tempo: 90 BPM Mood: Epic, awakening, spiritual revolution Vocals: Male lead narrator + folk choir + Sanskrit chant Structure: Intro (horn call) → Verse → Rigvedic chant → Folk hook → Rap verse → Choir finale	true	true	assets/covers/5d4e5f42-752b-4d9c-b766-2969cd7ad903.jpeg	assets/audio/5d4e5f42-752b-4d9c-b766-2969cd7ad903.mp3	NULL	false
f4ffd57d-7c3c-440f-814c-1f4307fefb61	(untitled)	2026-03-12T12:48:09.513Z	2:57	chirp-crow	[Title] खोकन और पराई नाव — Cosmic Stadium Anthem [Style] Baul Folk + Trap Beat Fusion Mass Choir (Thousands) + Male Lead + Classical bowl singer+Folk Female Vocal Tempo: 104 BPM Mood: Epic • Emotional • Awakening • Crowd Energy	true	true	assets/covers/f4ffd57d-7c3c-440f-814c-1f4307fefb61.jpeg	assets/audio/f4ffd57d-7c3c-440f-814c-1f4307fefb61.mp3	NULL	false
298d61be-50b0-46d5-b063-082b1afd7c3a	(untitled)	2026-03-12T12:48:09.513Z	3:22	chirp-crow	[Title] खोकन और पराई नाव — Cosmic Stadium Anthem [Style] Baul Folk + Trap Beat Fusion Mass Choir (Thousands) + Male Lead + Classical bowl singer+Folk Female Vocal Tempo: 104 BPM Mood: Epic • Emotional • Awakening • Crowd Energy	true	true	assets/covers/298d61be-50b0-46d5-b063-082b1afd7c3a.jpeg	assets/audio/298d61be-50b0-46d5-b063-082b1afd7c3a.mp3	NULL	false
7153c43c-d1d0-4621-8af5-edb81572ef1b	(untitled)	2026-03-12T12:41:34.905Z	3:33	chirp-crow	[Title] खोकन और पराई नाव — Cosmic Stadium Anthem [Style] Baul Folk + Stadium Anthem + Trap Beat Fusion Mass Choir (Thousands) + Male Lead + Folk Female Vocal Tempo: 104 BPM Mood: Epic • Emotional • Awakening • Crowd Energy	true	true	assets/covers/7153c43c-d1d0-4621-8af5-edb81572ef1b.jpeg	assets/audio/7153c43c-d1d0-4621-8af5-edb81572ef1b.mp3	NULL	false
108c7fe6-6dd1-4e66-92d8-25403bb67a40	(untitled)	2026-03-12T12:41:34.905Z	3:48	chirp-crow	[Title] खोकन और पराई नाव — Cosmic Stadium Anthem [Style] Baul Folk + Stadium Anthem + Trap Beat Fusion Mass Choir (Thousands) + Male Lead + Folk Female Vocal Tempo: 104 BPM Mood: Epic • Emotional • Awakening • Crowd Energy	true	true	assets/covers/108c7fe6-6dd1-4e66-92d8-25403bb67a40.jpeg	assets/audio/108c7fe6-6dd1-4e66-92d8-25403bb67a40.mp3	NULL	false
0dfca798-d9bf-41eb-ad1b-fea2ddd3e6fb	(untitled)	2026-03-12T12:28:27.282Z	4:10	chirp-crow	[Title] खोकन और पराई नाव — Cosmic Stadium Anthem [Style] Baul Folk + Stadium Anthem + Trap Beat Fusion Mass Choir (Thousands) + Male Lead + Folk Female Vocal Tempo: 104 BPM Mood: Epic • Emotional • Awakening • Crowd Energy	true	true	assets/covers/0dfca798-d9bf-41eb-ad1b-fea2ddd3e6fb.jpeg	assets/audio/0dfca798-d9bf-41eb-ad1b-fea2ddd3e6fb.mp3	NULL	false
222f41c8-19ab-42d9-b87c-ca9c4c818caa	(untitled)	2026-03-12T12:28:27.282Z	4:24	chirp-crow	[Title] खोकन और पराई नाव — Cosmic Stadium Anthem [Style] Baul Folk + Stadium Anthem + Trap Beat Fusion Mass Choir (Thousands) + Male Lead + Folk Female Vocal Tempo: 104 BPM Mood: Epic • Emotional • Awakening • Crowd Energy	true	true	assets/covers/222f41c8-19ab-42d9-b87c-ca9c4c818caa.jpeg	assets/audio/222f41c8-19ab-42d9-b87c-ca9c4c818caa.mp3	NULL	false
431ccd3f-faa0-48e0-9e03-34be24b470aa	(untitled)	2026-03-12T12:01:55.564Z	4:50	chirp-crow	[Title] खोकन और पराई नाव — Cosmic Rigveda Folk Rap [Style] Rigvedic Chant + Bengali Baul Folk + Cosmic Hip-Hop Rap Male Lead + Female Folk Chorus + Vedic Choir Tempo: 92 BPM Mood: Mystical • Reflective • Cosmic • Ancient-Future ---	true	true	assets/covers/431ccd3f-faa0-48e0-9e03-34be24b470aa.jpeg	assets/audio/431ccd3f-faa0-48e0-9e03-34be24b470aa.mp3	NULL	false
94ff85f6-fcbf-4004-a7df-5a2b9b6d95eb	(untitled)	2026-03-12T12:01:55.564Z	4:23	chirp-crow	[Title] खोकन और पराई नाव — Cosmic Rigveda Folk Rap [Style] Rigvedic Chant + Bengali Baul Folk + Cosmic Hip-Hop Rap Male Lead + Female Folk Chorus + Vedic Choir Tempo: 92 BPM Mood: Mystical • Reflective • Cosmic • Ancient-Future ---	true	true	assets/covers/94ff85f6-fcbf-4004-a7df-5a2b9b6d95eb.jpeg	assets/audio/94ff85f6-fcbf-4004-a7df-5a2b9b6d95eb.mp3	NULL	false
711f7e2e-f0b6-4c14-8e99-e10c4e480b9e	(untitled)	2026-03-12T11:31:16.568Z	3:03	chirp-crow	Chinese folk melody + Sufi Qawwali + philosophical hip-hop rap fusion. Male powerful Sufi lead vocal with emotional improvisation, supported by choir responses. Instrumentation: erhu, bamboo flute (dizi), guzheng arpeggios mixed with harmonium, tabla, dholak, hand-clap qawwali rhythm, cinematic drums, hip-hop bass and trap hi-hats. Tempo: 96 BPM Scale: D minor with Middle-Eastern / Hijaz flavour Mood: mystical, philosophical, dramatic, spiritual stage performance Theme: civilization running blindly in a race for victory while losing spiritual roots. Song structure: Chinese folk intro → rap verse → Chinese hook → qawwali chorus → rap → qawwali climax → soft folk outro. Language mix: Hindi + Chinese phrases + Sufi Urdu expressions.	true	true	assets/covers/711f7e2e-f0b6-4c14-8e99-e10c4e480b9e.jpeg	assets/audio/711f7e2e-f0b6-4c14-8e99-e10c4e480b9e.mp3	NULL	false
0eb2d750-cbc8-4f32-a693-53d8d313e086	(untitled)	2026-03-12T11:31:16.568Z	2:36	chirp-crow	Chinese folk melody + Sufi Qawwali + philosophical hip-hop rap fusion. Male powerful Sufi lead vocal with emotional improvisation, supported by choir responses. Instrumentation: erhu, bamboo flute (dizi), guzheng arpeggios mixed with harmonium, tabla, dholak, hand-clap qawwali rhythm, cinematic drums, hip-hop bass and trap hi-hats. Tempo: 96 BPM Scale: D minor with Middle-Eastern / Hijaz flavour Mood: mystical, philosophical, dramatic, spiritual stage performance Theme: civilization running blindly in a race for victory while losing spiritual roots. Song structure: Chinese folk intro → rap verse → Chinese hook → qawwali chorus → rap → qawwali climax → soft folk outro. Language mix: Hindi + Chinese phrases + Sufi Urdu expressions.	true	true	assets/covers/0eb2d750-cbc8-4f32-a693-53d8d313e086.jpeg	assets/audio/0eb2d750-cbc8-4f32-a693-53d8d313e086.mp3	NULL	false
3c45f08c-6f36-47fd-a968-8b739875b98a	(untitled)	2026-03-12T11:14:31.837Z	3:38	chirp-crow	epic spiritual world fusion song, powerful male qawwali singer, cinematic production, viral stage performance.	true	true	assets/covers/3c45f08c-6f36-47fd-a968-8b739875b98a.jpeg	assets/audio/3c45f08c-6f36-47fd-a968-8b739875b98a.mp3	NULL	false
a83302ba-61f6-48d3-98d6-d5f17a0e49b8	(untitled)	2026-03-12T11:14:31.837Z	3:14	chirp-crow	epic spiritual world fusion song, powerful male qawwali singer, cinematic production, viral stage performance.	true	true	assets/covers/a83302ba-61f6-48d3-98d6-d5f17a0e49b8.jpeg	assets/audio/a83302ba-61f6-48d3-98d6-d5f17a0e49b8.mp3	NULL	false
df23e9c7-8898-438c-92a6-49d15136beca	(untitled)	2026-03-12T10:13:52.312Z	4:09	chirp-crow	Hard Philosophical Rap — “नियमों का हऊआ” दार्शनिक, व्यंग्यात्मक और तीखा clear moral theme	true	true	assets/covers/df23e9c7-8898-438c-92a6-49d15136beca.jpeg	assets/audio/df23e9c7-8898-438c-92a6-49d15136beca.mp3	NULL	false
a922b75d-8465-4cea-b908-b28e65969c56	(untitled)	2026-03-12T10:13:52.312Z	3:17	chirp-crow	Hard Philosophical Rap — “नियमों का हऊआ” दार्शनिक, व्यंग्यात्मक और तीखा clear moral theme	true	true	assets/covers/a922b75d-8465-4cea-b908-b28e65969c56.jpeg	assets/audio/a922b75d-8465-4cea-b908-b28e65969c56.mp3	NULL	false
44ef161a-fd07-43af-bc23-c78ad8ea773f	(untitled)	2026-03-12T09:46:45.188Z	3:20	chirp-crow	Hard Philosophical Rap — “नियमों का हऊआ” दार्शनिक, व्यंग्यात्मक और तीखा clear moral theme	true	true	assets/covers/44ef161a-fd07-43af-bc23-c78ad8ea773f.jpeg	assets/audio/44ef161a-fd07-43af-bc23-c78ad8ea773f.mp3	NULL	false
b3268cd7-82f5-4cbe-97e3-68d735616d14	(untitled)	2026-03-12T09:46:45.188Z	3:40	chirp-crow	Hard Philosophical Rap — “नियमों का हऊआ” दार्शनिक, व्यंग्यात्मक और तीखा clear moral theme	true	true	assets/covers/b3268cd7-82f5-4cbe-97e3-68d735616d14.jpeg	assets/audio/b3268cd7-82f5-4cbe-97e3-68d735616d14.mp3	NULL	false
b7d087b3-1e0d-4990-b8aa-4710ea0af909	(untitled)	2026-03-12T09:34:02.947Z	3:29	chirp-crow	Hard Philosophical Rap — “नियमों का हऊआ” दार्शनिक, व्यंग्यात्मक और तीखा clear moral theme	true	true	assets/covers/b7d087b3-1e0d-4990-b8aa-4710ea0af909.jpeg	assets/audio/b7d087b3-1e0d-4990-b8aa-4710ea0af909.mp3	NULL	false
e11f34b8-6597-49cb-b8ab-c265596a828d	(untitled)	2026-03-12T09:34:02.947Z	3:31	chirp-crow	Hard Philosophical Rap — “नियमों का हऊआ” दार्शनिक, व्यंग्यात्मक और तीखा clear moral theme	true	true	assets/covers/e11f34b8-6597-49cb-b8ab-c265596a828d.jpeg	assets/audio/e11f34b8-6597-49cb-b8ab-c265596a828d.mp3	NULL	false
31740e34-6f43-4223-91e9-739374878a3d	(untitled)	2026-03-12T09:20:07.842Z	3:20	chirp-crow	Hard Philosophical Rap — “नियमों का हऊआ” दार्शनिक, व्यंग्यात्मक और तीखा clear moral theme	true	true	assets/covers/31740e34-6f43-4223-91e9-739374878a3d.jpeg	assets/audio/31740e34-6f43-4223-91e9-739374878a3d.mp3	NULL	false
5da37790-97be-4139-ab9a-d1a6c5dd24c0	(untitled)	2026-03-12T09:20:07.842Z	3:25	chirp-crow	Hard Philosophical Rap — “नियमों का हऊआ” दार्शनिक, व्यंग्यात्मक और तीखा clear moral theme	true	true	assets/covers/5da37790-97be-4139-ab9a-d1a6c5dd24c0.jpeg	assets/audio/5da37790-97be-4139-ab9a-d1a6c5dd24c0.mp3	NULL	false
dbe4cfd2-9ac6-4fc5-a67c-a5ac9669c690	(untitled)	2026-03-12T09:05:39.811Z	3:22	chirp-crow	Hard Philosophical Rap — “नियमों का हऊआ” दार्शनिक, व्यंग्यात्मक और तीखा clear moral theme	true	true	assets/covers/dbe4cfd2-9ac6-4fc5-a67c-a5ac9669c690.jpeg	assets/audio/dbe4cfd2-9ac6-4fc5-a67c-a5ac9669c690.mp3	NULL	false
da37bf5f-f038-4cf4-a836-c5d2c6c74a9c	(untitled)	2026-03-12T09:05:39.811Z	3:30	chirp-crow	Hard Philosophical Rap — “नियमों का हऊआ” दार्शनिक, व्यंग्यात्मक और तीखा clear moral theme	true	true	assets/covers/da37bf5f-f038-4cf4-a836-c5d2c6c74a9c.jpeg	assets/audio/da37bf5f-f038-4cf4-a836-c5d2c6c74a9c.mp3	NULL	false
297597bc-b729-4b1f-9b1b-9f422c20d617	(untitled)	2026-03-12T08:37:00.799Z	2:49	chirp-crow	Hard Philosophical Rap — “नियमों का हऊआ” दार्शनिक, व्यंग्यात्मक और तीखा clear moral theme	true	true	assets/covers/297597bc-b729-4b1f-9b1b-9f422c20d617.jpeg	assets/audio/297597bc-b729-4b1f-9b1b-9f422c20d617.mp3	NULL	false
471fdd7d-17b3-4d7b-a282-303be24251d5	(untitled)	2026-03-12T08:37:00.799Z	3:07	chirp-crow	Hard Philosophical Rap — “नियमों का हऊआ” दार्शनिक, व्यंग्यात्मक और तीखा clear moral theme	true	true	assets/covers/471fdd7d-17b3-4d7b-a282-303be24251d5.jpeg	assets/audio/471fdd7d-17b3-4d7b-a282-303be24251d5.mp3	NULL	false
35380dae-bb24-481e-a416-af515d22edc3	(untitled)	2026-03-12T08:34:03.510Z	2:52	chirp-crow	Hard Philosophical Rap — “नियमों का हऊआ” दार्शनिक, व्यंग्यात्मक और तीखा clear moral theme	true	true	assets/covers/35380dae-bb24-481e-a416-af515d22edc3.jpeg	assets/audio/35380dae-bb24-481e-a416-af515d22edc3.mp3	NULL	false
7140414f-9a6d-4f4c-a9e6-ebaf4c61009e	(untitled)	2026-03-12T08:34:03.510Z	3:25	chirp-crow	Hard Philosophical Rap — “नियमों का हऊआ” दार्शनिक, व्यंग्यात्मक और तीखा clear moral theme	true	true	assets/covers/7140414f-9a6d-4f4c-a9e6-ebaf4c61009e.jpeg	assets/audio/7140414f-9a6d-4f4c-a9e6-ebaf4c61009e.mp3	NULL	false
668f75f1-428a-476d-9bed-614ad964053e	(untitled)	2026-03-12T07:45:39.262Z	2:55	chirp-crow	Hard Philosophical Rap — “नियमों का हऊआ” दार्शनिक, व्यंग्यात्मक और तीखा clear moral theme	true	true	assets/covers/668f75f1-428a-476d-9bed-614ad964053e.jpeg	assets/audio/668f75f1-428a-476d-9bed-614ad964053e.mp3	NULL	false
a6a27e86-3c84-453d-8d74-eeedd44ba048	(untitled)	2026-03-12T07:45:39.262Z	2:55	chirp-crow	Hard Philosophical Rap — “नियमों का हऊआ” दार्शनिक, व्यंग्यात्मक और तीखा clear moral theme	true	true	assets/covers/a6a27e86-3c84-453d-8d74-eeedd44ba048.jpeg	assets/audio/a6a27e86-3c84-453d-8d74-eeedd44ba048.mp3	NULL	false
811a9828-7ae3-4fc9-ba2c-9d1c523520c5	(untitled)	2026-03-12T07:41:01.610Z	5:59	chirp-crow	Hard Philosophical Rap — “नियमों का हऊआ” दार्शनिक, व्यंग्यात्मक और तीखा clear moral theme	true	true	assets/covers/811a9828-7ae3-4fc9-ba2c-9d1c523520c5.jpeg	assets/audio/811a9828-7ae3-4fc9-ba2c-9d1c523520c5.mp3	NULL	false
89ba03d5-ee75-473b-b331-4013c130a44a	(untitled)	2026-03-12T07:41:01.610Z	3:52	chirp-crow	Hard Philosophical Rap — “नियमों का हऊआ” दार्शनिक, व्यंग्यात्मक और तीखा clear moral theme	true	true	assets/covers/89ba03d5-ee75-473b-b331-4013c130a44a.jpeg	assets/audio/89ba03d5-ee75-473b-b331-4013c130a44a.mp3	NULL	false
67c23492-7a85-457e-a73a-8686f0dd0aec	(untitled)	2026-03-12T07:36:40.248Z	1:47	chirp-crow	छोटे rhythmic lines बार-बार action hooks बच्चों का choir response clear moral theme	true	true	assets/covers/67c23492-7a85-457e-a73a-8686f0dd0aec.jpeg	assets/audio/67c23492-7a85-457e-a73a-8686f0dd0aec.mp3	NULL	false
4683717a-d5df-4665-836e-b5252b9bb43f	(untitled)	2026-03-12T07:36:40.248Z	1:59	chirp-crow	छोटे rhythmic lines बार-बार action hooks बच्चों का choir response clear moral theme	true	true	assets/covers/4683717a-d5df-4665-836e-b5252b9bb43f.jpeg	assets/audio/4683717a-d5df-4665-836e-b5252b9bb43f.mp3	NULL	false
0137e680-bb96-4a04-9603-b48b321e35e1	(untitled)	2026-03-12T07:20:54.379Z	3:30	chirp-crow	छोटे rhythmic lines बार-बार action hooks बच्चों का choir response clear moral theme	true	true	assets/covers/0137e680-bb96-4a04-9603-b48b321e35e1.jpeg	assets/audio/0137e680-bb96-4a04-9603-b48b321e35e1.mp3	NULL	false
12c44280-e16c-405e-92e1-fb9989b71037	(untitled)	2026-03-12T07:20:54.379Z	3:23	chirp-crow	छोटे rhythmic lines बार-बार action hooks बच्चों का choir response clear moral theme	true	true	assets/covers/12c44280-e16c-405e-92e1-fb9989b71037.jpeg	assets/audio/12c44280-e16c-405e-92e1-fb9989b71037.mp3	NULL	false
90e901c9-4ec2-40b0-af7f-1e81570ae502	(untitled)	2026-03-12T07:08:32.994Z	2:25	chirp-crow	kids rap	true	true	assets/covers/90e901c9-4ec2-40b0-af7f-1e81570ae502.jpeg	assets/audio/90e901c9-4ec2-40b0-af7f-1e81570ae502.mp3	NULL	false
a9f1f04b-bcc9-49ba-b1b1-d71abc204a0c	(untitled)	2026-03-12T07:08:32.994Z	2:06	chirp-crow	kids rap	true	true	assets/covers/a9f1f04b-bcc9-49ba-b1b1-d71abc204a0c.jpeg	assets/audio/a9f1f04b-bcc9-49ba-b1b1-d71abc204a0c.mp3	NULL	false
6566cc36-9229-4c37-9ea5-5692ffbf2526	(untitled)	2026-03-12T07:01:38.393Z	0:52	chirp-crow	kids rap	true	true	assets/covers/6566cc36-9229-4c37-9ea5-5692ffbf2526.jpeg	assets/audio/6566cc36-9229-4c37-9ea5-5692ffbf2526.mp3	NULL	false
a986c2c7-138a-4786-8d1f-79fa9f4a8d8d	(untitled)	2026-03-12T07:01:38.393Z	0:53	chirp-crow	kids rap	true	true	assets/covers/a986c2c7-138a-4786-8d1f-79fa9f4a8d8d.jpeg	assets/audio/a986c2c7-138a-4786-8d1f-79fa9f4a8d8d.mp3	NULL	false
99753716-34be-4a43-80b6-7c8bf416bb3e	(untitled)	2026-03-12T05:48:28.395Z	3:09	chirp-crow	Epic multilingual scientific rap mixing Latin chant, Siddham script mantra, Sanskrit shloka, Hindi and Urdu rap verses, deep trap beat with Indian Latin mesopotamic classical instruments and choir, cinematic spiritual science vibe, 90 BPM. use words for maths इक्वेशंस	true	true	assets/covers/99753716-34be-4a43-80b6-7c8bf416bb3e.jpeg	assets/audio/99753716-34be-4a43-80b6-7c8bf416bb3e.mp3	NULL	false
ad5b8312-e863-4629-adf2-a05966aee8a3	(untitled)	2026-03-12T05:48:28.395Z	3:52	chirp-crow	Epic multilingual scientific rap mixing Latin chant, Siddham script mantra, Sanskrit shloka, Hindi and Urdu rap verses, deep trap beat with Indian Latin mesopotamic classical instruments and choir, cinematic spiritual science vibe, 90 BPM. use words for maths इक्वेशंस	true	true	assets/covers/ad5b8312-e863-4629-adf2-a05966aee8a3.jpeg	assets/audio/ad5b8312-e863-4629-adf2-a05966aee8a3.mp3	NULL	false
643bbbac-2567-4efb-9f3a-50ac19ce3cd3	(untitled)	2026-03-12T05:35:28.649Z	3:08	chirp-crow	Epic multilingual scientific rap mixing Latin chant, Siddham script mantra, Sanskrit shloka, Hindi and Urdu rap verses, deep trap beat with Indian Latin mesopotamic classical instruments and choir, cinematic spiritual science vibe, 90 BPM. use words for maths इक्वेशंस	true	true	assets/covers/643bbbac-2567-4efb-9f3a-50ac19ce3cd3.jpeg	assets/audio/643bbbac-2567-4efb-9f3a-50ac19ce3cd3.mp3	NULL	false
79c218fd-2902-4029-acdf-6a572e2d09a0	(untitled)	2026-03-12T05:35:28.649Z	3:32	chirp-crow	Epic multilingual scientific rap mixing Latin chant, Siddham script mantra, Sanskrit shloka, Hindi and Urdu rap verses, deep trap beat with Indian Latin mesopotamic classical instruments and choir, cinematic spiritual science vibe, 90 BPM. use words for maths इक्वेशंस	true	true	assets/covers/79c218fd-2902-4029-acdf-6a572e2d09a0.jpeg	assets/audio/79c218fd-2902-4029-acdf-6a572e2d09a0.mp3	NULL	false
5e5636bf-1737-4f24-b7f7-cef44e0f22fe	(untitled)	2026-03-12T05:19:40.328Z	2:38	chirp-crow	Epic multilingual scientific rap mixing Latin chant, Siddham script mantra, Sanskrit shloka, Hindi and Urdu rap verses, deep trap beat with Indian Latin mesopotamic classical instruments and choir, cinematic spiritual science vibe, 90 BPM. use words for maths इक्वेशंस	true	true	assets/covers/5e5636bf-1737-4f24-b7f7-cef44e0f22fe.jpeg	assets/audio/5e5636bf-1737-4f24-b7f7-cef44e0f22fe.mp3	NULL	false
c25688a0-b774-48e2-8998-c9783f0d195f	(untitled)	2026-03-12T05:19:40.328Z	3:31	chirp-crow	Epic multilingual scientific rap mixing Latin chant, Siddham script mantra, Sanskrit shloka, Hindi and Urdu rap verses, deep trap beat with Indian Latin mesopotamic classical instruments and choir, cinematic spiritual science vibe, 90 BPM. use words for maths इक्वेशंस	true	true	assets/covers/c25688a0-b774-48e2-8998-c9783f0d195f.jpeg	assets/audio/c25688a0-b774-48e2-8998-c9783f0d195f.mp3	NULL	false
11b2b802-1595-456f-899e-cc1e79f05185	(untitled)	2026-03-12T05:06:58.749Z	2:10	chirp-crow	Epic multilingual scientific rap mixing Latin chant, Sanskrit mantra, Hindi and Urdu rap verses, deep 808 trap beat with Indian classical instruments, choir and cinematic orchestration, lyrics about Newton’s laws, gravity and cosmic order, powerful and mystical vibe, 92 BPM.	true	true	assets/covers/11b2b802-1595-456f-899e-cc1e79f05185.jpeg	assets/audio/11b2b802-1595-456f-899e-cc1e79f05185.mp3	NULL	false
f19142fa-b005-4281-857e-bae5435451ca	(untitled)	2026-03-12T05:06:58.749Z	2:05	chirp-crow	Epic multilingual scientific rap mixing Latin chant, Sanskrit mantra, Hindi and Urdu rap verses, deep 808 trap beat with Indian classical instruments, choir and cinematic orchestration, lyrics about Newton’s laws, gravity and cosmic order, powerful and mystical vibe, 92 BPM.	true	true	assets/covers/f19142fa-b005-4281-857e-bae5435451ca.jpeg	assets/audio/f19142fa-b005-4281-857e-bae5435451ca.mp3	NULL	false
7837396f-b847-4359-b544-5774ac2f5daa	(untitled)	2026-03-12T04:58:14.909Z	3:19	chirp-crow	Epic cosmic knowledge rap with Sanskrit mantra chanting, Siddham script visuals, Latin scientific phrases, Hindi and Urdu rap verses, deep trap beat with damaru percussion, orchestral choir, cinematic spiritual hip-hop, powerful stadium anthem vibe, 92 BPM.	true	true	assets/covers/7837396f-b847-4359-b544-5774ac2f5daa.jpeg	assets/audio/7837396f-b847-4359-b544-5774ac2f5daa.mp3	NULL	false
e6510e78-0f69-43f6-9923-8163b91fc272	(untitled)	2026-03-12T04:58:14.909Z	3:05	chirp-crow	Epic cosmic knowledge rap with Sanskrit mantra chanting, Siddham script visuals, Latin scientific phrases, Hindi and Urdu rap verses, deep trap beat with damaru percussion, orchestral choir, cinematic spiritual hip-hop, powerful stadium anthem vibe, 92 BPM.	true	true	assets/covers/e6510e78-0f69-43f6-9923-8163b91fc272.jpeg	assets/audio/e6510e78-0f69-43f6-9923-8163b91fc272.mp3	NULL	false
f5bedf87-fc25-478b-94ad-3e18b12e6ba2	(untitled)	2026-03-12T01:57:30.471Z	3:03	chirp-crow	Epic philosophical Indian rap with Sanskrit chanting intro, deep trap beat, damaru percussion, dramatic choir, lyrics about knowledge, Newton, ancient scripts and divine wisdom, cinematic hip-hop style, powerful and intense, 92 BPM.	true	true	assets/covers/f5bedf87-fc25-478b-94ad-3e18b12e6ba2.jpeg	assets/audio/f5bedf87-fc25-478b-94ad-3e18b12e6ba2.mp3	NULL	false
0e0098d4-f9c4-4d28-b3f0-20f38ba73e36	(untitled)	2026-03-12T01:57:30.471Z	2:27	chirp-crow	Epic philosophical Indian rap with Sanskrit chanting intro, deep trap beat, damaru percussion, dramatic choir, lyrics about knowledge, Newton, ancient scripts and divine wisdom, cinematic hip-hop style, powerful and intense, 92 BPM.	true	true	assets/covers/0e0098d4-f9c4-4d28-b3f0-20f38ba73e36.jpeg	assets/audio/0e0098d4-f9c4-4d28-b3f0-20f38ba73e36.mp3	NULL	false
8637c70f-2e69-4d3c-8902-20a2dbdbf3a3	(untitled)	2026-03-12T01:17:07.216Z	1:35	chirp-crow	Epic philosophical Indian rap with Sanskrit chanting intro, deep trap beat, damaru percussion, dramatic choir, lyrics about knowledge, Newton, ancient scripts and divine wisdom, cinematic hip-hop style, powerful and intense, 92 BPM.	true	true	assets/covers/8637c70f-2e69-4d3c-8902-20a2dbdbf3a3.jpeg	assets/audio/8637c70f-2e69-4d3c-8902-20a2dbdbf3a3.mp3	NULL	false
ffa5cf10-0865-4bac-9d60-f37822b2f922	(untitled)	2026-03-12T01:17:07.216Z	2:13	chirp-crow	Epic philosophical Indian rap with Sanskrit chanting intro, deep trap beat, damaru percussion, dramatic choir, lyrics about knowledge, Newton, ancient scripts and divine wisdom, cinematic hip-hop style, powerful and intense, 92 BPM.	true	true	assets/covers/ffa5cf10-0865-4bac-9d60-f37822b2f922.jpeg	assets/audio/ffa5cf10-0865-4bac-9d60-f37822b2f922.mp3	NULL	false
cf70934b-58c5-4191-91e7-de0bd63362c4	Replace 01:09-01:09 (06:30 AM Mar 12)	2026-03-12T01:00:35.878Z	0:30	chirp-carp	Style: Vedic chant + Sufi qawwali fusion Tempo: 90 BPM gradually rising to 105 BPM Instruments: harmonium tabla dholak tanpura deep bass sufi choir claps Vocals: deep Vedic chant in Sanskrit powerful	true	true	assets/covers/cf70934b-58c5-4191-91e7-de0bd63362c4.jpeg	assets/audio/cf70934b-58c5-4191-91e7-de0bd63362c4.mp3	NULL	false
0d3d2d6f-939b-4d8a-bf49-2b1e080d944e	Replace 01:09-01:09 (06:30 AM Mar 12)	2026-03-12T01:00:35.878Z	0:30	chirp-carp	Style: Vedic chant + Sufi qawwali fusion Tempo: 90 BPM gradually rising to 105 BPM Instruments: harmonium tabla dholak tanpura deep bass sufi choir claps Vocals: deep Vedic chant in Sanskrit powerful	true	true	assets/covers/0d3d2d6f-939b-4d8a-bf49-2b1e080d944e.jpeg	assets/audio/0d3d2d6f-939b-4d8a-bf49-2b1e080d944e.mp3	NULL	false
b876868f-7ad9-437c-8a9a-985c1e15869d	ॐ नाद ब्रह्माय नमः	2026-03-11T23:48:48.724Z	3:52	chirp-crow	Divine Vedic hip-hop rap with Sanskrit chanting, deep 808 bass, damaru percussion, stadium choir, powerful Indian rap vocals, philosophical lyrics about knowledge and Bharat Mata, dramatic orchestral build, 95 BPM, epic cinematic spiritual hip-hop	true	true	assets/covers/b876868f-7ad9-437c-8a9a-985c1e15869d.jpeg	assets/audio/b876868f-7ad9-437c-8a9a-985c1e15869d.mp3	NULL	false
32f65fcc-9867-4491-9f3f-f79076b657df	ॐ नाद ब्रह्माय नमः	2026-03-11T23:48:48.724Z	4:00	chirp-crow	Divine Vedic hip-hop rap with Sanskrit chanting, deep 808 bass, damaru percussion, stadium choir, powerful Indian rap vocals, philosophical lyrics about knowledge and Bharat Mata, dramatic orchestral build, 95 BPM, epic cinematic spiritual hip-hop	true	true	assets/covers/32f65fcc-9867-4491-9f3f-f79076b657df.jpeg	assets/audio/32f65fcc-9867-4491-9f3f-f79076b657df.mp3	NULL	false
b4587005-bec9-4fd3-be9a-f8a9704d9c09	ॐ नाद ब्रह्माय नमः	2026-03-11T23:10:21.234Z	3:52	chirp-crow	Divine Vedic hip-hop rap with Sanskrit chanting, deep 808 bass, damaru percussion, stadium choir, powerful Indian rap vocals, philosophical lyrics about knowledge and Bharat Mata, dramatic orchestral build, 95 BPM, epic cinematic spiritual hip-hop	true	true	assets/covers/b4587005-bec9-4fd3-be9a-f8a9704d9c09.jpeg	assets/audio/b4587005-bec9-4fd3-be9a-f8a9704d9c09.mp3	NULL	false
1daf1c07-046b-424d-8daa-53684e2182dd	ॐ नाद ब्रह्माय नमः	2026-03-11T23:10:21.234Z	4:00	chirp-crow	Divine Vedic hip-hop rap with Sanskrit chanting, deep 808 bass, damaru percussion, stadium choir, powerful Indian rap vocals, philosophical lyrics about knowledge and Bharat Mata, dramatic orchestral build, 95 BPM, epic cinematic spiritual hip-hop	true	true	assets/covers/1daf1c07-046b-424d-8daa-53684e2182dd.jpeg	assets/audio/1daf1c07-046b-424d-8daa-53684e2182dd.mp3	NULL	false
d9cce68e-a94b-4ad4-baaa-f327f7b3b857	ॐ नाद ब्रह्माय नमः	2026-03-11T23:00:01.914Z	1:52	chirp-crow	Divine Vedic hip-hop rap with Sanskrit chanting, deep 808 bass, damaru percussion, stadium choir, powerful Indian rap vocals, philosophical lyrics about knowledge and Bharat Mata, dramatic orchestral build, 95 BPM, epic cinematic spiritual hip-hop	true	true	assets/covers/d9cce68e-a94b-4ad4-baaa-f327f7b3b857.jpeg	assets/audio/d9cce68e-a94b-4ad4-baaa-f327f7b3b857.mp3	NULL	false
a4e0a7f3-9d30-4d38-917f-7152d7ab7cbb	ॐ नाद ब्रह्माय नमः	2026-03-11T23:00:01.914Z	1:47	chirp-crow	Divine Vedic hip-hop rap with Sanskrit chanting, deep 808 bass, damaru percussion, stadium choir, powerful Indian rap vocals, philosophical lyrics about knowledge and Bharat Mata, dramatic orchestral build, 95 BPM, epic cinematic spiritual hip-hop	true	true	assets/covers/a4e0a7f3-9d30-4d38-917f-7152d7ab7cbb.jpeg	assets/audio/a4e0a7f3-9d30-4d38-917f-7152d7ab7cbb.mp3	NULL	false
506a890d-db34-4aca-a456-9943e1467713	ॐ नाद ब्रह्माय नमः	2026-03-11T22:55:16.772Z	2:02	chirp-crow	Divine Vedic hip-hop rap with Sanskrit chanting, deep 808 bass, damaru percussion, stadium choir, powerful Indian rap vocals, philosophical lyrics about knowledge and Bharat Mata, dramatic orchestral build, 95 BPM, epic cinematic spiritual hip-hop	true	true	assets/covers/506a890d-db34-4aca-a456-9943e1467713.jpeg	assets/audio/506a890d-db34-4aca-a456-9943e1467713.mp3	NULL	false
5f3c39b1-4e21-4da6-8fec-d0305d37cfd8	ॐ नाद ब्रह्माय नमः	2026-03-11T22:55:16.772Z	1:59	chirp-crow	Divine Vedic hip-hop rap with Sanskrit chanting, deep 808 bass, damaru percussion, stadium choir, powerful Indian rap vocals, philosophical lyrics about knowledge and Bharat Mata, dramatic orchestral build, 95 BPM, epic cinematic spiritual hip-hop	true	true	assets/covers/5f3c39b1-4e21-4da6-8fec-d0305d37cfd8.jpeg	assets/audio/5f3c39b1-4e21-4da6-8fec-d0305d37cfd8.mp3	NULL	false
3dea2c46-9d5a-402e-9058-77e26312bb54	(untitled)	2026-03-11T22:32:28.444Z	4:08	chirp-crow	Divine Vedic hip-hop rap with Sanskrit chanting, deep 808 bass, damaru percussion, stadium choir, powerful Indian rap vocals, philosophical lyrics about knowledge and Bharat Mata, dramatic orchestral build, 95 BPM, epic cinematic spiritual hip-hop	true	true	assets/covers/3dea2c46-9d5a-402e-9058-77e26312bb54.jpeg	assets/audio/3dea2c46-9d5a-402e-9058-77e26312bb54.mp3	NULL	false
bc3038d3-816b-4879-aa78-6815db0853df	(untitled)	2026-03-11T22:32:28.444Z	4:21	chirp-crow	Divine Vedic hip-hop rap with Sanskrit chanting, deep 808 bass, damaru percussion, stadium choir, powerful Indian rap vocals, philosophical lyrics about knowledge and Bharat Mata, dramatic orchestral build, 95 BPM, epic cinematic spiritual hip-hop	true	true	assets/covers/bc3038d3-816b-4879-aa78-6815db0853df.jpeg	assets/audio/bc3038d3-816b-4879-aa78-6815db0853df.mp3	NULL	false
3741f8d9-ee63-459b-8ebe-01454f706d38	(untitled)	2026-03-11T22:03:05.053Z	2:56	chirp-crow	Divine Vedic hip-hop rap with Sanskrit chanting, deep 808 bass, damaru percussion, stadium choir, powerful Indian rap vocals, philosophical lyrics about knowledge and Bharat Mata, dramatic orchestral build, 95 BPM, epic cinematic spiritual hip-hop	true	true	assets/covers/3741f8d9-ee63-459b-8ebe-01454f706d38.jpeg	assets/audio/3741f8d9-ee63-459b-8ebe-01454f706d38.mp3	NULL	false
5d0161fa-6647-4a40-be7e-121a88d2b2a3	(untitled)	2026-03-11T22:03:05.053Z	2:41	chirp-crow	Divine Vedic hip-hop rap with Sanskrit chanting, deep 808 bass, damaru percussion, stadium choir, powerful Indian rap vocals, philosophical lyrics about knowledge and Bharat Mata, dramatic orchestral build, 95 BPM, epic cinematic spiritual hip-hop	true	true	assets/covers/5d0161fa-6647-4a40-be7e-121a88d2b2a3.jpeg	assets/audio/5d0161fa-6647-4a40-be7e-121a88d2b2a3.mp3	NULL	false
fabdd7cf-3445-4b3f-8bd3-d5df256ebc2b	(untitled)	2026-03-11T21:54:41.825Z	2:55	chirp-crow		true	true	assets/covers/fabdd7cf-3445-4b3f-8bd3-d5df256ebc2b.jpeg	assets/audio/fabdd7cf-3445-4b3f-8bd3-d5df256ebc2b.mp3	NULL	false
474b5afb-1073-42d4-a1b5-16fbfdce636d	(untitled)	2026-03-11T21:54:41.825Z	2:50	chirp-crow		true	true	assets/covers/474b5afb-1073-42d4-a1b5-16fbfdce636d.jpeg	assets/audio/474b5afb-1073-42d4-a1b5-16fbfdce636d.mp3	NULL	false
25982a1c-a0b7-4bdc-9d4c-c685bb4d58d2	(untitled)	2026-03-11T20:21:22.333Z	3:43	chirp-crow	Style: Vedic chant + Sufi qawwali fusion Tempo: 90 BPM gradually rising to 105 BPM Instruments: harmonium tabla dholak tanpura deep bass sufi choir claps Vocals: deep Vedic chant in Sanskrit powerful male qawwali singer choir responses Structure: Vedic mantra intro qawwali alaap rap verse vedic chant bridge grand qawwali finale Mood: mystical spiritual awakening	true	true	assets/covers/25982a1c-a0b7-4bdc-9d4c-c685bb4d58d2.jpeg	assets/audio/25982a1c-a0b7-4bdc-9d4c-c685bb4d58d2.mp3	NULL	false
17d23524-7ba8-4e59-a60c-3536c34d0a1b	(untitled)	2026-03-11T20:21:22.333Z	4:20	chirp-crow	Style: Vedic chant + Sufi qawwali fusion Tempo: 90 BPM gradually rising to 105 BPM Instruments: harmonium tabla dholak tanpura deep bass sufi choir claps Vocals: deep Vedic chant in Sanskrit powerful male qawwali singer choir responses Structure: Vedic mantra intro qawwali alaap rap verse vedic chant bridge grand qawwali finale Mood: mystical spiritual awakening	true	true	assets/covers/17d23524-7ba8-4e59-a60c-3536c34d0a1b.jpeg	assets/audio/17d23524-7ba8-4e59-a60c-3536c34d0a1b.mp3	NULL	false
b7c30d72-6ce4-4dcf-a098-a08b77b3c805	(untitled)	2026-03-11T20:15:22.681Z	4:14	chirp-crow	Style: Vedic chant + Sufi qawwali fusion Tempo: 90 BPM gradually rising to 105 BPM Instruments: harmonium tabla dholak tanpura deep bass sufi choir claps Vocals: deep Vedic chant in Sanskrit powerful male qawwali singer choir responses Structure: Vedic mantra intro qawwali alaap rap verse vedic chant bridge grand qawwali finale Mood: mystical spiritual awakening	true	true	assets/covers/b7c30d72-6ce4-4dcf-a098-a08b77b3c805.jpeg	assets/audio/b7c30d72-6ce4-4dcf-a098-a08b77b3c805.mp3	NULL	false
a4e69def-6d0d-4f12-8718-029de266a4a2	(untitled)	2026-03-11T20:15:22.681Z	6:43	chirp-crow	Style: Vedic chant + Sufi qawwali fusion Tempo: 90 BPM gradually rising to 105 BPM Instruments: harmonium tabla dholak tanpura deep bass sufi choir claps Vocals: deep Vedic chant in Sanskrit powerful male qawwali singer choir responses Structure: Vedic mantra intro qawwali alaap rap verse vedic chant bridge grand qawwali finale Mood: mystical spiritual awakening	true	true	assets/covers/a4e69def-6d0d-4f12-8718-029de266a4a2.jpeg	assets/audio/a4e69def-6d0d-4f12-8718-029de266a4a2.mp3	NULL	false
b3551c59-d528-429c-a6a6-0768b5981845	muniya	2026-03-11T20:03:43.140Z	2:32	chirp-crow	Indian philosophical hip-hop with spiritual undertones. Deep reflective male voice. Trap beat mixed with tanpura drone, temple bells, and subtle flute. Slow cinematic build with powerful chorus. Theme: spiritual awakening, nation building, inner consciousness. Tempo 90 BPM. Atmosphere: epic, mystical, meditative yet powerful.	true	true	assets/covers/b3551c59-d528-429c-a6a6-0768b5981845.jpeg	assets/audio/b3551c59-d528-429c-a6a6-0768b5981845.mp3	NULL	false
a25c876c-0e32-4071-a0f7-7e5cc6bfae69	muniya	2026-03-11T20:03:43.140Z	2:27	chirp-crow	Indian philosophical hip-hop with spiritual undertones. Deep reflective male voice. Trap beat mixed with tanpura drone, temple bells, and subtle flute. Slow cinematic build with powerful chorus. Theme: spiritual awakening, nation building, inner consciousness. Tempo 90 BPM. Atmosphere: epic, mystical, meditative yet powerful.	true	true	assets/covers/a25c876c-0e32-4071-a0f7-7e5cc6bfae69.jpeg	assets/audio/a25c876c-0e32-4071-a0f7-7e5cc6bfae69.mp3	NULL	false
319ac1b1-c380-4dbf-a2d5-8b7855354317	muniya	2026-03-11T19:46:28.938Z	2:08	chirp-crow	Aggressive Indian philosophical hip-hop rap. Deep male voice with powerful delivery. Trap beat mixed with temple bells, shankh, and Indian percussion. Dark cinematic atmosphere with intense bass. Theme: religion, truth, history, and lost knowledge. Epic hook suitable for viral reels and shorts. Tempo around 95 BPM.	true	true	assets/covers/319ac1b1-c380-4dbf-a2d5-8b7855354317.jpeg	assets/audio/319ac1b1-c380-4dbf-a2d5-8b7855354317.mp3	NULL	false
ced1ef9f-bfc6-4a3a-9818-6308807aef1e	muniya	2026-03-11T19:46:28.938Z	1:42	chirp-crow	Aggressive Indian philosophical hip-hop rap. Deep male voice with powerful delivery. Trap beat mixed with temple bells, shankh, and Indian percussion. Dark cinematic atmosphere with intense bass. Theme: religion, truth, history, and lost knowledge. Epic hook suitable for viral reels and shorts. Tempo around 95 BPM.	true	true	assets/covers/ced1ef9f-bfc6-4a3a-9818-6308807aef1e.jpeg	assets/audio/ced1ef9f-bfc6-4a3a-9818-6308807aef1e.mp3	NULL	false
764eab1d-f307-4665-bfc4-feb4bbb042a4	muniya	2026-03-11T19:30:19.348Z	2:04	chirp-crow	Aggressive Indian hard rap, underground hip hop, dark spiritual theme, heavy 808 bass, trap drums, fast rap flow, male powerful voice, raw street energy, Indian philosophical lyrics, cinematic drop, intense hook, protest rap vibe.	true	true	assets/covers/764eab1d-f307-4665-bfc4-feb4bbb042a4.jpeg	assets/audio/764eab1d-f307-4665-bfc4-feb4bbb042a4.mp3	NULL	false
77d02fc3-250d-47bd-bcf8-80f45421948d	muniya	2026-03-11T19:30:19.348Z	2:42	chirp-crow	Aggressive Indian hard rap, underground hip hop, dark spiritual theme, heavy 808 bass, trap drums, fast rap flow, male powerful voice, raw street energy, Indian philosophical lyrics, cinematic drop, intense hook, protest rap vibe.	true	true	assets/covers/77d02fc3-250d-47bd-bcf8-80f45421948d.jpeg	assets/audio/77d02fc3-250d-47bd-bcf8-80f45421948d.mp3	NULL	false
73ebc666-cec7-4c6b-a855-1de4b0db7dc4	muniya	2026-03-11T19:26:50.213Z	2:34	chirp-crow	Aggressive Indian hard rap, underground hip hop, dark spiritual theme, heavy 808 bass, trap drums, fast rap flow, male powerful voice, raw street energy, Indian philosophical lyrics, cinematic drop, intense hook, protest rap vibe.	true	true	assets/covers/73ebc666-cec7-4c6b-a855-1de4b0db7dc4.jpeg	assets/audio/73ebc666-cec7-4c6b-a855-1de4b0db7dc4.mp3	NULL	false
b54e87b1-dff9-41bf-969d-e0a19cce756c	muniya	2026-03-11T19:26:50.213Z	2:32	chirp-crow	Aggressive Indian hard rap, underground hip hop, dark spiritual theme, heavy 808 bass, trap drums, fast rap flow, male powerful voice, raw street energy, Indian philosophical lyrics, cinematic drop, intense hook, protest rap vibe.	true	true	assets/covers/b54e87b1-dff9-41bf-969d-e0a19cce756c.jpeg	assets/audio/b54e87b1-dff9-41bf-969d-e0a19cce756c.mp3	NULL	false
920388e7-ef57-4d79-98b1-2a977977bb39	muniya	2026-03-11T19:17:42.385Z	2:25	chirp-crow	Aggressive Indian hard rap, underground hip hop, dark spiritual theme, heavy 808 bass, trap drums, fast rap flow, male powerful voice, raw street energy, Indian philosophical lyrics, cinematic drop, intense hook, protest rap vibe.	true	true	assets/covers/920388e7-ef57-4d79-98b1-2a977977bb39.jpeg	assets/audio/920388e7-ef57-4d79-98b1-2a977977bb39.mp3	NULL	false
a5ddb660-04fc-46c2-b2b3-145c9da1449e	muniya	2026-03-11T19:17:42.385Z	2:09	chirp-crow	Aggressive Indian hard rap, underground hip hop, dark spiritual theme, heavy 808 bass, trap drums, fast rap flow, male powerful voice, raw street energy, Indian philosophical lyrics, cinematic drop, intense hook, protest rap vibe.	true	true	assets/covers/a5ddb660-04fc-46c2-b2b3-145c9da1449e.jpeg	assets/audio/a5ddb660-04fc-46c2-b2b3-145c9da1449e.mp3	NULL	false
ee7a49e1-a296-4e95-acfb-ff3390b8c92f	muniya	2026-03-11T19:12:42.606Z	1:57	chirp-crow	Aggressive Indian hard rap, underground hip hop, dark spiritual theme, heavy 808 bass, trap drums, fast rap flow, male powerful voice, raw street energy, Indian philosophical lyrics, cinematic drop, intense hook, protest rap vibe.	true	true	assets/covers/ee7a49e1-a296-4e95-acfb-ff3390b8c92f.jpeg	assets/audio/ee7a49e1-a296-4e95-acfb-ff3390b8c92f.mp3	NULL	false
c566f06c-9015-4d31-9d83-5f54111a1d61	muniya	2026-03-11T19:12:42.606Z	1:58	chirp-crow	Aggressive Indian hard rap, underground hip hop, dark spiritual theme, heavy 808 bass, trap drums, fast rap flow, male powerful voice, raw street energy, Indian philosophical lyrics, cinematic drop, intense hook, protest rap vibe.	true	true	assets/covers/c566f06c-9015-4d31-9d83-5f54111a1d61.jpeg	assets/audio/c566f06c-9015-4d31-9d83-5f54111a1d61.mp3	NULL	false
fc2e9468-9cb2-4110-8a81-60b45d7424ab	red compare	2026-03-11T19:04:59.106Z	3:12	chirp-crow	Hard philosophical divine hip-hop, Indian spiritual rap, deep male voice, mystical atmosphere, tabla + trap beats, Vedic chanting background, dark cinematic bass, powerful chorus, spiritual awakening theme, similar energy to Indian underground rap mixed with ancient mantra vibe, epic ending.	true	true	assets/covers/fc2e9468-9cb2-4110-8a81-60b45d7424ab.jpeg	assets/audio/fc2e9468-9cb2-4110-8a81-60b45d7424ab.mp3	NULL	false
4bf11224-86d3-49f9-8ddd-60e3375da890	red compare	2026-03-11T19:04:59.106Z	2:29	chirp-crow	Hard philosophical divine hip-hop, Indian spiritual rap, deep male voice, mystical atmosphere, tabla + trap beats, Vedic chanting background, dark cinematic bass, powerful chorus, spiritual awakening theme, similar energy to Indian underground rap mixed with ancient mantra vibe, epic ending.	true	true	assets/covers/4bf11224-86d3-49f9-8ddd-60e3375da890.jpeg	assets/audio/4bf11224-86d3-49f9-8ddd-60e3375da890.mp3	NULL	false
79b04114-d41e-4c68-9933-4e9a7845ff81	red compare	2026-03-11T18:38:11.218Z	3:23	chirp-crow	Vedic mantra rap, deep Indian spiritual hip-hop, male powerful voice with Sanskrit chanting choir, mridangam + damru percussion + trap beat, temple bells, tanpura drone, Rigveda chanting intro then strong rap verses, tempo 85 BPM, epic spiritual awakening vibe, massive cinematic reverb.	true	true	assets/covers/79b04114-d41e-4c68-9933-4e9a7845ff81.jpeg	assets/audio/79b04114-d41e-4c68-9933-4e9a7845ff81.mp3	NULL	false
9e52df79-607c-4e64-9b32-89b97c3e8dc9	red compare	2026-03-11T18:38:11.218Z	3:57	chirp-crow	Vedic mantra rap, deep Indian spiritual hip-hop, male powerful voice with Sanskrit chanting choir, mridangam + damru percussion + trap beat, temple bells, tanpura drone, Rigveda chanting intro then strong rap verses, tempo 85 BPM, epic spiritual awakening vibe, massive cinematic reverb.	true	true	assets/covers/9e52df79-607c-4e64-9b32-89b97c3e8dc9.jpeg	assets/audio/9e52df79-607c-4e64-9b32-89b97c3e8dc9.mp3	NULL	false
6adf98e7-94d8-4005-a05b-25fbfda301f0	red compare	2026-03-11T18:34:06.188Z	3:15	chirp-crow	Vedic mantra rap, deep Indian spiritual hip-hop, male powerful voice with Sanskrit chanting choir, mridangam + damru percussion + trap beat, temple bells, tanpura drone, Rigveda chanting intro then strong rap verses, tempo 85 BPM, epic spiritual awakening vibe, massive cinematic reverb.	true	true	assets/covers/6adf98e7-94d8-4005-a05b-25fbfda301f0.jpeg	assets/audio/6adf98e7-94d8-4005-a05b-25fbfda301f0.mp3	NULL	false
767143b0-de77-4777-a7b7-1eee32a17256	red compare	2026-03-11T18:34:06.188Z	2:55	chirp-crow	Vedic mantra rap, deep Indian spiritual hip-hop, male powerful voice with Sanskrit chanting choir, mridangam + damru percussion + trap beat, temple bells, tanpura drone, Rigveda chanting intro then strong rap verses, tempo 85 BPM, epic spiritual awakening vibe, massive cinematic reverb.	true	true	assets/covers/767143b0-de77-4777-a7b7-1eee32a17256.jpeg	assets/audio/767143b0-de77-4777-a7b7-1eee32a17256.mp3	NULL	false
9145668e-e9bf-4d35-967b-50a953dcf0f9	red compare	2026-03-11T18:27:29.224Z	2:51	chirp-crow	Hard divine hip-hop, philosophical rap, deep Indian spiritual vibe, male powerful voice, dark bass, temple bells, mridangam drums, trap beat + cinematic choir, slow intro → powerful rap verses → anthem hook, emotion: awakening, rebellion against illusion, tempo 90 BPM, epic ending.	true	true	assets/covers/9145668e-e9bf-4d35-967b-50a953dcf0f9.jpeg	assets/audio/9145668e-e9bf-4d35-967b-50a953dcf0f9.mp3	NULL	false
2819887e-1ed1-4383-aad3-921d07bae811	red compare	2026-03-11T18:27:29.223Z	3:01	chirp-crow	Hard divine hip-hop, philosophical rap, deep Indian spiritual vibe, male powerful voice, dark bass, temple bells, mridangam drums, trap beat + cinematic choir, slow intro → powerful rap verses → anthem hook, emotion: awakening, rebellion against illusion, tempo 90 BPM, epic ending.	true	true	assets/covers/2819887e-1ed1-4383-aad3-921d07bae811.jpeg	assets/audio/2819887e-1ed1-4383-aad3-921d07bae811.mp3	NULL	false
5b4e7c91-3ba1-403e-8ee8-215dc22f61b3	red compare	2026-03-11T18:15:46.601Z	1:56	chirp-crow	hyper rap	true	true	assets/covers/5b4e7c91-3ba1-403e-8ee8-215dc22f61b3.jpeg	assets/audio/5b4e7c91-3ba1-403e-8ee8-215dc22f61b3.mp3	NULL	false
f300c6d7-1406-4536-a0f3-80e6ae23cc66	red compare	2026-03-11T18:15:46.601Z	1:41	chirp-crow	hyper rap	true	true	assets/covers/f300c6d7-1406-4536-a0f3-80e6ae23cc66.jpeg	assets/audio/f300c6d7-1406-4536-a0f3-80e6ae23cc66.mp3	NULL	false
dd614877-e23b-45fa-b39a-80fa94764196	red compare	2026-03-11T18:11:59.577Z	2:46	chirp-crow	Hard Divine Hip-Hop with Sufi spiritual undertone. Hindi rap, deep powerful male voice. Heavy 808 bass, trap drums, tabla and daf percussion. Background choir chanting “जागो रे जागो”. Tempo 95 BPM. Dark cinematic atmosphere building to a stadium-style anthem drop. Mood: revolutionary, awakening, intense and philosophical. Influence: Indian hip-hop + Sufi energy.	true	true	assets/covers/dd614877-e23b-45fa-b39a-80fa94764196.jpeg	assets/audio/dd614877-e23b-45fa-b39a-80fa94764196.mp3	NULL	false
ab8341bb-bf13-42ed-96a7-260d7b78c176	red compare	2026-03-11T18:11:59.577Z	3:15	chirp-crow	Hard Divine Hip-Hop with Sufi spiritual undertone. Hindi rap, deep powerful male voice. Heavy 808 bass, trap drums, tabla and daf percussion. Background choir chanting “जागो रे जागो”. Tempo 95 BPM. Dark cinematic atmosphere building to a stadium-style anthem drop. Mood: revolutionary, awakening, intense and philosophical. Influence: Indian hip-hop + Sufi energy.	true	true	assets/covers/ab8341bb-bf13-42ed-96a7-260d7b78c176.jpeg	assets/audio/ab8341bb-bf13-42ed-96a7-260d7b78c176.mp3	NULL	false
ca2f7d24-dce8-4f7e-8f4d-63b8c399382c	red compare	2026-03-11T18:06:05.313Z	2:07	chirp-crow	Revolutionary Hindi rap mixed with Sufi folk. Male deep voice, intense delivery. Dark cinematic beat, tabla + daf + hip-hop drums. Tempo: 90–100 BPM. Mood: awakening, social rebellion, philosophical. Background choir chanting “जागो… जागो…”.	true	true	assets/covers/ca2f7d24-dce8-4f7e-8f4d-63b8c399382c.jpeg	assets/audio/ca2f7d24-dce8-4f7e-8f4d-63b8c399382c.mp3	NULL	false
dfb1bf8b-6966-41d8-b245-3da8220288a9	red compare	2026-03-11T18:06:05.313Z	2:27	chirp-crow	Revolutionary Hindi rap mixed with Sufi folk. Male deep voice, intense delivery. Dark cinematic beat, tabla + daf + hip-hop drums. Tempo: 90–100 BPM. Mood: awakening, social rebellion, philosophical. Background choir chanting “जागो… जागो…”.	true	true	assets/covers/dfb1bf8b-6966-41d8-b245-3da8220288a9.jpeg	assets/audio/dfb1bf8b-6966-41d8-b245-3da8220288a9.mp3	NULL	false
80c5903a-5fb9-4a5c-b183-abf496ee486c	red compare	2026-03-11T17:59:51.161Z	2:56	chirp-crow	Fast rap version (200 BPM) 🔥 Divine battle rap of gods and human	true	true	assets/covers/80c5903a-5fb9-4a5c-b183-abf496ee486c.jpeg	assets/audio/80c5903a-5fb9-4a5c-b183-abf496ee486c.mp3	NULL	false
017eae0e-3187-4026-8476-c835ec9d9c4c	red compare	2026-03-11T17:59:51.161Z	3:05	chirp-crow	Fast rap version (200 BPM) 🔥 Divine battle rap of gods and human	true	true	assets/covers/017eae0e-3187-4026-8476-c835ec9d9c4c.jpeg	assets/audio/017eae0e-3187-4026-8476-c835ec9d9c4c.mp3	NULL	false
c1566bd7-d739-4e75-a23f-eb87d2905be2	red compare	2026-03-11T17:46:41.071Z	3:33	chirp-crow	hard philosophical rap indian spiritual hiphop deep male voice aggressive delivery tempo 95 bpm dark cinematic beat tabla trap drums tanpura drone inspired by divine Hip Hop, Rap, Desi Hip Hop and sufi hiphop fusion epic motivational energy	true	true	assets/covers/c1566bd7-d739-4e75-a23f-eb87d2905be2.jpeg	assets/audio/c1566bd7-d739-4e75-a23f-eb87d2905be2.mp3	NULL	false
20ac85f2-c56a-4083-8706-6f1531493cea	red compare	2026-03-11T17:46:41.071Z	3:07	chirp-crow	hard philosophical rap indian spiritual hiphop deep male voice aggressive delivery tempo 95 bpm dark cinematic beat tabla trap drums tanpura drone inspired by divine Hip Hop, Rap, Desi Hip Hop and sufi hiphop fusion epic motivational energy	true	true	assets/covers/20ac85f2-c56a-4083-8706-6f1531493cea.jpeg	assets/audio/20ac85f2-c56a-4083-8706-6f1531493cea.mp3	NULL	false
12e2bb46-4dc7-475b-8a89-61146e585918	red compare	2026-03-11T17:37:17.311Z	3:18	chirp-crow	haryanvi ragni super funk	true	true	assets/covers/12e2bb46-4dc7-475b-8a89-61146e585918.jpeg	assets/audio/12e2bb46-4dc7-475b-8a89-61146e585918.mp3	NULL	false
854208c5-1a84-4ed7-b85c-5ecc3dda4952	red compare	2026-03-11T17:37:17.311Z	3:00	chirp-crow	haryanvi ragni super funk	true	true	assets/covers/854208c5-1a84-4ed7-b85c-5ecc3dda4952.jpeg	assets/audio/854208c5-1a84-4ed7-b85c-5ecc3dda4952.mp3	NULL	false
5d48bd7a-3499-431d-b9e1-a84103c69938	red compare	2026-03-11T17:33:39.152Z	3:27	chirp-crow	haryanvi ragni fusion male	true	true	assets/covers/5d48bd7a-3499-431d-b9e1-a84103c69938.jpeg	assets/audio/5d48bd7a-3499-431d-b9e1-a84103c69938.mp3	NULL	false
7b1e3079-09a2-4953-ba2a-ac65c94940f1	red compare	2026-03-11T17:33:39.152Z	4:00	chirp-crow	haryanvi ragni fusion male	true	true	assets/covers/7b1e3079-09a2-4953-ba2a-ac65c94940f1.jpeg	assets/audio/7b1e3079-09a2-4953-ba2a-ac65c94940f1.mp3	NULL	false
dc93e92b-de6b-4f68-be8d-4264d2eaf273	First Comes the Word	2026-03-11T17:26:17.960Z	3:22	chirp-crow		true	true	assets/covers/dc93e92b-de6b-4f68-be8d-4264d2eaf273.jpeg	assets/audio/dc93e92b-de6b-4f68-be8d-4264d2eaf273.mp3	NULL	false
1a47a65a-030c-4a27-ba73-ee86926a4f85	First Comes the Word	2026-03-11T17:26:17.960Z	3:25	chirp-crow		true	true	assets/covers/1a47a65a-030c-4a27-ba73-ee86926a4f85.jpeg	assets/audio/1a47a65a-030c-4a27-ba73-ee86926a4f85.mp3	NULL	false
5ad16b1e-5925-434b-a035-a9c2a7e1579b	First Comes the Word	2026-03-11T07:25:08.300Z	3:28	chirp-crow		true	true	assets/covers/5ad16b1e-5925-434b-a035-a9c2a7e1579b.jpeg	assets/audio/5ad16b1e-5925-434b-a035-a9c2a7e1579b.mp3	NULL	false
1f40b6c8-ca9d-4b88-8840-de4658f294ac	First Comes the Word	2026-03-11T07:25:08.300Z	4:16	chirp-crow		true	true	assets/covers/1f40b6c8-ca9d-4b88-8840-de4658f294ac.jpeg	assets/audio/1f40b6c8-ca9d-4b88-8840-de4658f294ac.mp3	NULL	false
092a0654-5362-4efb-8bf3-46414fad9d47	First Comes the Word	2026-03-11T07:13:25.679Z	4:25	chirp-crow	Epic Indian cinematic anthem, Baahubali style chorus, deep war drums, powerful male choir, female choir harmonies, bamboo flute intro, orchestral strings, tribal percussion, emotional patriotic energy, 90 BPM, stadium anthem feel, A.R. Rahman + MM Keeravani style	true	true	assets/covers/092a0654-5362-4efb-8bf3-46414fad9d47.jpeg	assets/audio/092a0654-5362-4efb-8bf3-46414fad9d47.mp3	NULL	false
44e6cfbe-a991-425e-9a7a-3cfdb7ebe013	First Comes the Word	2026-03-11T07:13:25.679Z	4:22	chirp-crow	Epic Indian cinematic anthem, Baahubali style chorus, deep war drums, powerful male choir, female choir harmonies, bamboo flute intro, orchestral strings, tribal percussion, emotional patriotic energy, 90 BPM, stadium anthem feel, A.R. Rahman + MM Keeravani style	true	true	assets/covers/44e6cfbe-a991-425e-9a7a-3cfdb7ebe013.jpeg	assets/audio/44e6cfbe-a991-425e-9a7a-3cfdb7ebe013.mp3	NULL	false
596518d8-aaa8-4de7-b73b-3b3c96b44600	First Comes the Word	2026-03-11T07:05:59.348Z	4:30	chirp-crow	Epic Indian cinematic anthem, Baahubali style chorus, deep war drums, powerful male choir, female choir harmonies, bamboo flute intro, orchestral strings, tribal percussion, emotional patriotic energy, 90 BPM, stadium anthem feel, A.R. Rahman + MM Keeravani style	true	true	assets/covers/596518d8-aaa8-4de7-b73b-3b3c96b44600.jpeg	assets/audio/596518d8-aaa8-4de7-b73b-3b3c96b44600.mp3	NULL	false
b13478af-dabb-41ff-be99-296ed703b6f7	First Comes the Word	2026-03-11T07:05:59.348Z	4:28	chirp-crow	Epic Indian cinematic anthem, Baahubali style chorus, deep war drums, powerful male choir, female choir harmonies, bamboo flute intro, orchestral strings, tribal percussion, emotional patriotic energy, 90 BPM, stadium anthem feel, A.R. Rahman + MM Keeravani style	true	true	assets/covers/b13478af-dabb-41ff-be99-296ed703b6f7.jpeg	assets/audio/b13478af-dabb-41ff-be99-296ed703b6f7.mp3	NULL	false
0ef3d205-739a-4b55-991e-f733b6ea9a29	First Comes the Word	2026-03-11T06:39:33.478Z	2:22	chirp-crow	Title: The Birth of Speech Genre: Vedic cinematic epic, spiritual world music Mood: cosmic, mystical, ancient wisdom, epic creation story Tempo: slow to mid tempo (70 BPM) Languages: Sanskrit verse, Hindi explanation, English poetic narration Male deep devotional voice with monk choir responses Instruments: tanpura drone bansuri flute mridangam and tabla temple bells low cinematic drums ambient cosmic pads vedic chanting choir Style: Vedic mantra chanting blended with cinematic orchestral music similar to Hans Zimmer spiritual soundtrack + traditional Indian classical Song structure: Intro – Vedic mantra chant Verse – Sanskrit shloka Narration – Hindi meaning Chorus – English cosmic hook Bridge – Vedic chant choir Final chorus – epic spiritual climax Atmosphere: temple echo OM drone in background cosmic ambience Theme: creation of the universe, silence before language, birth of speech, ancient Vedic philosophy	true	true	assets/covers/0ef3d205-739a-4b55-991e-f733b6ea9a29.jpeg	assets/audio/0ef3d205-739a-4b55-991e-f733b6ea9a29.mp3	NULL	false
f15c8e9b-271a-4e48-8fd3-77cedf717209	First Comes the Word	2026-03-11T06:39:33.478Z	2:20	chirp-crow	Title: The Birth of Speech Genre: Vedic cinematic epic, spiritual world music Mood: cosmic, mystical, ancient wisdom, epic creation story Tempo: slow to mid tempo (70 BPM) Languages: Sanskrit verse, Hindi explanation, English poetic narration Male deep devotional voice with monk choir responses Instruments: tanpura drone bansuri flute mridangam and tabla temple bells low cinematic drums ambient cosmic pads vedic chanting choir Style: Vedic mantra chanting blended with cinematic orchestral music similar to Hans Zimmer spiritual soundtrack + traditional Indian classical Song structure: Intro – Vedic mantra chant Verse – Sanskrit shloka Narration – Hindi meaning Chorus – English cosmic hook Bridge – Vedic chant choir Final chorus – epic spiritual climax Atmosphere: temple echo OM drone in background cosmic ambience Theme: creation of the universe, silence before language, birth of speech, ancient Vedic philosophy	true	true	assets/covers/f15c8e9b-271a-4e48-8fd3-77cedf717209.jpeg	assets/audio/f15c8e9b-271a-4e48-8fd3-77cedf717209.mp3	NULL	false
3aee5620-6355-4e7c-8dab-c1e12f9a32dc	सन्दर्भ की परिभाषा	2026-03-10T23:35:50.007Z	6:17	chirp-crow	Genre: Mystical Sanskrit Philosophy Song Style: Indian classical + cinematic ambient + spiritual fusion Tempo: 80 BPM Instruments: tanpura drone, deep tabla, bansuri, cosmic pads, temple bells, low male chorus Mood: cosmic, philosophical, ancient knowledge awakening Voice: deep male voice with meditative tone Structure: Verse – Chorus – Verse – Chorus – Bridge – Chorus Influence: Vedic chanting + modern cinematic soundtrack Extra layer: subtle OM drone in background	true	true	assets/covers/3aee5620-6355-4e7c-8dab-c1e12f9a32dc.jpeg	assets/audio/3aee5620-6355-4e7c-8dab-c1e12f9a32dc.mp3	NULL	false
933572dc-5bc2-4924-9f94-ea6aa0e873c8	सन्दर्भ की परिभाषा	2026-03-10T23:35:50.006Z	7:47	chirp-crow	Genre: Mystical Sanskrit Philosophy Song Style: Indian classical + cinematic ambient + spiritual fusion Tempo: 80 BPM Instruments: tanpura drone, deep tabla, bansuri, cosmic pads, temple bells, low male chorus Mood: cosmic, philosophical, ancient knowledge awakening Voice: deep male voice with meditative tone Structure: Verse – Chorus – Verse – Chorus – Bridge – Chorus Influence: Vedic chanting + modern cinematic soundtrack Extra layer: subtle OM drone in background	true	true	assets/covers/933572dc-5bc2-4924-9f94-ea6aa0e873c8.jpeg	assets/audio/933572dc-5bc2-4924-9f94-ea6aa0e873c8.mp3	NULL	false
496810df-e327-42bc-bf1e-1ae6d9f62ca4	सन्दर्भ की परिभाषा	2026-03-10T23:27:25.017Z	5:30	chirp-crow	Genre: Mystical Sanskrit Philosophy Song Style: Indian classical + cinematic ambient + spiritual fusion Tempo: 80 BPM Instruments: tanpura drone, deep tabla, bansuri, cosmic pads, temple bells, low male chorus Mood: cosmic, philosophical, ancient knowledge awakening Voice: deep male voice with meditative tone Structure: Verse – Chorus – Verse – Chorus – Bridge – Chorus Influence: Vedic chanting + modern cinematic soundtrack Extra layer: subtle OM drone in background	true	true	assets/covers/496810df-e327-42bc-bf1e-1ae6d9f62ca4.jpeg	assets/audio/496810df-e327-42bc-bf1e-1ae6d9f62ca4.mp3	NULL	false
63dee4cd-523c-47e2-a9bd-925baf55aa2d	सन्दर्भ की परिभाषा	2026-03-10T23:27:25.017Z	5:35	chirp-crow	Genre: Mystical Sanskrit Philosophy Song Style: Indian classical + cinematic ambient + spiritual fusion Tempo: 80 BPM Instruments: tanpura drone, deep tabla, bansuri, cosmic pads, temple bells, low male chorus Mood: cosmic, philosophical, ancient knowledge awakening Voice: deep male voice with meditative tone Structure: Verse – Chorus – Verse – Chorus – Bridge – Chorus Influence: Vedic chanting + modern cinematic soundtrack Extra layer: subtle OM drone in background	true	true	assets/covers/63dee4cd-523c-47e2-a9bd-925baf55aa2d.jpeg	assets/audio/63dee4cd-523c-47e2-a9bd-925baf55aa2d.mp3	NULL	false
10e904b9-006d-4a2f-989d-9d613a84c9d1	सन्दर्भ की परिभाषा	2026-03-10T23:15:28.518Z	3:45	chirp-crow	Genre: Mystical Sanskrit Philosophy Song Style: Indian classical + cinematic ambient + spiritual fusion Tempo: 80 BPM Instruments: tanpura drone, deep tabla, bansuri, cosmic pads, temple bells, low male chorus Mood: cosmic, philosophical, ancient knowledge awakening Voice: deep male voice with meditative tone Structure: Verse – Chorus – Verse – Chorus – Bridge – Chorus Influence: Vedic chanting + modern cinematic soundtrack Extra layer: subtle OM drone in background	true	true	assets/covers/10e904b9-006d-4a2f-989d-9d613a84c9d1.jpeg	assets/audio/10e904b9-006d-4a2f-989d-9d613a84c9d1.mp3	NULL	false
423f80fa-88d7-4cf4-b06d-c284d9d11d66	सन्दर्भ की परिभाषा	2026-03-10T23:15:28.518Z	3:40	chirp-crow	Genre: Mystical Sanskrit Philosophy Song Style: Indian classical + cinematic ambient + spiritual fusion Tempo: 80 BPM Instruments: tanpura drone, deep tabla, bansuri, cosmic pads, temple bells, low male chorus Mood: cosmic, philosophical, ancient knowledge awakening Voice: deep male voice with meditative tone Structure: Verse – Chorus – Verse – Chorus – Bridge – Chorus Influence: Vedic chanting + modern cinematic soundtrack Extra layer: subtle OM drone in background	true	true	assets/covers/423f80fa-88d7-4cf4-b06d-c284d9d11d66.jpeg	assets/audio/423f80fa-88d7-4cf4-b06d-c284d9d11d66.mp3	NULL	false
9f8f747d-bca4-4422-aeef-8efd76fc5e11	सन्दर्भ की परिभाषा	2026-03-10T23:08:23.562Z	2:28	chirp-crow		true	true	assets/covers/9f8f747d-bca4-4422-aeef-8efd76fc5e11.jpeg	assets/audio/9f8f747d-bca4-4422-aeef-8efd76fc5e11.mp3	NULL	false
81730957-69cc-4143-a4a1-ff4f37c7ec2b	सन्दर्भ की परिभाषा	2026-03-10T23:08:23.562Z	2:45	chirp-crow		true	true	assets/covers/81730957-69cc-4143-a4a1-ff4f37c7ec2b.jpeg	assets/audio/81730957-69cc-4143-a4a1-ff4f37c7ec2b.mp3	NULL	false
8850934b-cdb1-4254-bedf-83595eb359bb	ram ki gilahari	2026-03-10T21:15:43.622Z	4:13	chirp-crow	Epic stadium anthem devotional song, male chorus with crowd chants, powerful drums, cinematic orchestra, Indian percussion (dhol, nagada), uplifting spiritual energy, tempo 110 BPM, massive choir, festival atmosphere, devotional + patriotic vibe, viral stadium chant style.	true	true	assets/covers/8850934b-cdb1-4254-bedf-83595eb359bb.jpeg	assets/audio/8850934b-cdb1-4254-bedf-83595eb359bb.mp3	NULL	false
48b87be5-26d7-45e7-8598-8bcfc1de303a	ram ki gilahari	2026-03-10T21:15:43.622Z	4:08	chirp-crow	Epic stadium anthem devotional song, male chorus with crowd chants, powerful drums, cinematic orchestra, Indian percussion (dhol, nagada), uplifting spiritual energy, tempo 110 BPM, massive choir, festival atmosphere, devotional + patriotic vibe, viral stadium chant style.	true	true	assets/covers/48b87be5-26d7-45e7-8598-8bcfc1de303a.jpeg	assets/audio/48b87be5-26d7-45e7-8598-8bcfc1de303a.mp3	NULL	false
b72a5071-8cf9-4efd-9204-269cc25de272	ram ki gilahari	2026-03-10T21:10:02.938Z	5:14	chirp-crow	Epic stadium anthem devotional song, male chorus with crowd chants, powerful drums, cinematic orchestra, Indian percussion (dhol, nagada), uplifting spiritual energy, tempo 110 BPM, massive choir, festival atmosphere, devotional + patriotic vibe, viral stadium chant style.	true	true	assets/covers/b72a5071-8cf9-4efd-9204-269cc25de272.jpeg	assets/audio/b72a5071-8cf9-4efd-9204-269cc25de272.mp3	NULL	false
a25843ec-cf77-404a-ba33-1c77bf208a5f	ram ki gilahari	2026-03-10T21:10:02.938Z	5:24	chirp-crow	Epic stadium anthem devotional song, male chorus with crowd chants, powerful drums, cinematic orchestra, Indian percussion (dhol, nagada), uplifting spiritual energy, tempo 110 BPM, massive choir, festival atmosphere, devotional + patriotic vibe, viral stadium chant style.	true	true	assets/covers/a25843ec-cf77-404a-ba33-1c77bf208a5f.jpeg	assets/audio/a25843ec-cf77-404a-ba33-1c77bf208a5f.mp3	NULL	false
ca288e06-1055-405b-b5d6-0658613608d7	ram ki gilahari	2026-03-10T20:49:14.937Z	4:00	chirp-crow	Indian EDM bhajan fusion. Tempo: 110 BPM. Style: devotional electronic + festival EDM. Male lead vocal with female choir chanting "Jai Siya Ram". Instruments: flute, tanpura, temple bells, EDM bass, synth pads, festival drums. Structure: ambient flute intro → devotional verse → EDM build up → powerful drop → chant chorus. Mood: spiritual, energetic, uplifting. Perfect for reels and devotional festivals.	true	true	assets/covers/ca288e06-1055-405b-b5d6-0658613608d7.jpeg	assets/audio/ca288e06-1055-405b-b5d6-0658613608d7.mp3	NULL	false
f281e5bc-94e4-4a34-a3f4-601fcbfb4f1b	ram ki gilahari	2026-03-10T20:49:14.937Z	4:16	chirp-crow	Indian EDM bhajan fusion. Tempo: 110 BPM. Style: devotional electronic + festival EDM. Male lead vocal with female choir chanting "Jai Siya Ram". Instruments: flute, tanpura, temple bells, EDM bass, synth pads, festival drums. Structure: ambient flute intro → devotional verse → EDM build up → powerful drop → chant chorus. Mood: spiritual, energetic, uplifting. Perfect for reels and devotional festivals.	true	true	assets/covers/f281e5bc-94e4-4a34-a3f4-601fcbfb4f1b.jpeg	assets/audio/f281e5bc-94e4-4a34-a3f4-601fcbfb4f1b.mp3	NULL	false
e60a91fa-776c-4076-8d17-2b16fc0b4a46	पपिया	2026-03-10T20:34:42.394Z	7:59	chirp-crow	Indian EDM bhajan fusion. Tempo: 110 BPM. Style: devotional electronic + festival EDM. Male lead vocal with female choir chanting "Jai Siya Ram". Instruments: flute, tanpura, temple bells, EDM bass, synth pads, festival drums. Structure: ambient flute intro → devotional verse → EDM build up → powerful drop → chant chorus. Mood: spiritual, energetic, uplifting. Perfect for reels and devotional festivals.	true	true	assets/covers/e60a91fa-776c-4076-8d17-2b16fc0b4a46.jpeg	assets/audio/e60a91fa-776c-4076-8d17-2b16fc0b4a46.mp3	NULL	false
d8019a5d-29e1-445e-a172-633778687c7d	पपिया	2026-03-10T20:34:42.394Z	5:40	chirp-crow	Indian EDM bhajan fusion. Tempo: 110 BPM. Style: devotional electronic + festival EDM. Male lead vocal with female choir chanting "Jai Siya Ram". Instruments: flute, tanpura, temple bells, EDM bass, synth pads, festival drums. Structure: ambient flute intro → devotional verse → EDM build up → powerful drop → chant chorus. Mood: spiritual, energetic, uplifting. Perfect for reels and devotional festivals.	true	true	assets/covers/d8019a5d-29e1-445e-a172-633778687c7d.jpeg	assets/audio/d8019a5d-29e1-445e-a172-633778687c7d.mp3	NULL	false
ff609686-fea5-492d-a625-50aca90796bf	पपिया	2026-03-10T20:24:49.629Z	2:32	chirp-crow	Indian devotional folk song, female chorus with male lead, emotional and uplifting. Style: Bhajan + Folk fusion. Tempo: 85 BPM. Instruments: flute, tabla, mridangam, tanpura drone, soft strings, temple bells. Mood: spiritual, humble devotion, Ramayana storytelling. Structure: Intro flute → Verse → Hook → Verse → Bridge → Grand chorus. Choir repeating “Jai Siya Ram”.	true	true	assets/covers/ff609686-fea5-492d-a625-50aca90796bf.jpeg	assets/audio/ff609686-fea5-492d-a625-50aca90796bf.mp3	NULL	false
1a0e5d48-e452-49c3-aa99-901dbf9b1e23	पपिया	2026-03-10T20:24:49.629Z	3:18	chirp-crow	Indian devotional folk song, female chorus with male lead, emotional and uplifting. Style: Bhajan + Folk fusion. Tempo: 85 BPM. Instruments: flute, tabla, mridangam, tanpura drone, soft strings, temple bells. Mood: spiritual, humble devotion, Ramayana storytelling. Structure: Intro flute → Verse → Hook → Verse → Bridge → Grand chorus. Choir repeating “Jai Siya Ram”.	true	true	assets/covers/1a0e5d48-e452-49c3-aa99-901dbf9b1e23.jpeg	assets/audio/1a0e5d48-e452-49c3-aa99-901dbf9b1e23.mp3	NULL	false
52c58392-c320-4d60-9797-60253639ce60	पपिया	2026-03-10T20:14:09.838Z	3:02	chirp-crow	3 female	true	true	assets/covers/52c58392-c320-4d60-9797-60253639ce60.jpeg	assets/audio/52c58392-c320-4d60-9797-60253639ce60.mp3	NULL	false
0cd6de16-1e2e-4e49-bd95-27a49a090626	पपिया	2026-03-10T20:14:09.838Z	2:37	chirp-crow	3 female	true	true	assets/covers/0cd6de16-1e2e-4e49-bd95-27a49a090626.jpeg	assets/audio/0cd6de16-1e2e-4e49-bd95-27a49a090626.mp3	NULL	false
088c25b7-9b4d-456c-a60e-be4ae8acd986	पपिया	2026-03-10T20:11:51.399Z	2:42	chirp-crow		true	true	assets/covers/088c25b7-9b4d-456c-a60e-be4ae8acd986.jpeg	assets/audio/088c25b7-9b4d-456c-a60e-be4ae8acd986.mp3	NULL	false
ecbd67a9-247c-4170-87eb-439355d54dc6	पपिया	2026-03-10T20:11:51.399Z	2:37	chirp-crow		true	true	assets/covers/ecbd67a9-247c-4170-87eb-439355d54dc6.jpeg	assets/audio/ecbd67a9-247c-4170-87eb-439355d54dc6.mp3	NULL	false
36cc152d-9ac7-43e5-aeb4-6739c08f6a5c	पपिया	2026-03-10T19:56:21.190Z	4:28	chirp-crow	Haryanvi folk fusion song with emotional rural storytelling. Male raw voice with deep earthy tone. Instruments: sarangi, been, algoza flute, dholak, khartal, subtle folk guitar. Tempo: medium slow (85 BPM). Mood: nostalgic, rebellious, spiritual longing. Style mix: Haryanvi folk + Sufi folk + cinematic rural ballad. Background chorus repeating "jinda rahv jinda rahv". Wide desert-like ambience with echo.	true	true	assets/covers/36cc152d-9ac7-43e5-aeb4-6739c08f6a5c.jpeg	assets/audio/36cc152d-9ac7-43e5-aeb4-6739c08f6a5c.mp3	NULL	false
bb19047e-add0-43b2-8a8c-9b3350c0666d	पपिया	2026-03-10T19:56:21.190Z	4:20	chirp-crow	Haryanvi folk fusion song with emotional rural storytelling. Male raw voice with deep earthy tone. Instruments: sarangi, been, algoza flute, dholak, khartal, subtle folk guitar. Tempo: medium slow (85 BPM). Mood: nostalgic, rebellious, spiritual longing. Style mix: Haryanvi folk + Sufi folk + cinematic rural ballad. Background chorus repeating "jinda rahv jinda rahv". Wide desert-like ambience with echo.	true	true	assets/covers/bb19047e-add0-43b2-8a8c-9b3350c0666d.jpeg	assets/audio/bb19047e-add0-43b2-8a8c-9b3350c0666d.mp3	NULL	false
f478b032-6f73-4a1e-8e33-cd1862b9037e	कालिख के भीतर	2026-03-10T19:43:41.214Z	2:45	chirp-crow	Style: Hard Philosophical Rap / Divine Hip-Hop Tempo: 95 BPM Key: D minor Mood: intense, awakening, rebellious spirituality Vocals: deep powerful Indian male voice Flow: fast conscious rap with strong rhythmic punch Beat: heavy boom-bap hip-hop drums, deep bass, tanpura drone Instruments: tabla hits, dark synth pads, flute accents Energy: slow intro → aggressive rap verses → powerful spiritual hook Influence: conscious hip-hop + Indian spiritual soundscape Atmosphere: mystical, rebellious, awakening	true	true	assets/covers/f478b032-6f73-4a1e-8e33-cd1862b9037e.jpeg	assets/audio/f478b032-6f73-4a1e-8e33-cd1862b9037e.mp3	NULL	false
528f2a41-6fab-4d6b-b0f0-45a21fb3cfee	कालिख के भीतर	2026-03-10T19:43:41.214Z	2:23	chirp-crow	Style: Hard Philosophical Rap / Divine Hip-Hop Tempo: 95 BPM Key: D minor Mood: intense, awakening, rebellious spirituality Vocals: deep powerful Indian male voice Flow: fast conscious rap with strong rhythmic punch Beat: heavy boom-bap hip-hop drums, deep bass, tanpura drone Instruments: tabla hits, dark synth pads, flute accents Energy: slow intro → aggressive rap verses → powerful spiritual hook Influence: conscious hip-hop + Indian spiritual soundscape Atmosphere: mystical, rebellious, awakening	true	true	assets/covers/528f2a41-6fab-4d6b-b0f0-45a21fb3cfee.jpeg	assets/audio/528f2a41-6fab-4d6b-b0f0-45a21fb3cfee.mp3	NULL	false
9bf062dd-ac56-449f-9f77-b6f50d235b4e	कालिख के भीतर	2026-03-10T19:36:39.809Z	2:56	chirp-crow	Genre: Philosophical Sufi Rap Fusion Tempo: 90 BPM Scale: D minor Mood: Deep, introspective, spiritual awakening Instruments: Tabla, tanpura drone, low bass, cinematic strings, subtle flute Vocals: Male deep voice with emotional intensity Structure: Verse → Hook → Verse → Bridge (spoken rap) → Final Hook Energy: Slow build to powerful spiritual climax Influence: Indian Sufi + conscious hip-hop Atmosphere: mystical, meditative, awakening	true	true	assets/covers/9bf062dd-ac56-449f-9f77-b6f50d235b4e.jpeg	assets/audio/9bf062dd-ac56-449f-9f77-b6f50d235b4e.mp3	NULL	false
38e46be7-3f17-43e1-8de5-3661e8c064e3	कालिख के भीतर	2026-03-10T19:36:39.809Z	2:25	chirp-crow	Genre: Philosophical Sufi Rap Fusion Tempo: 90 BPM Scale: D minor Mood: Deep, introspective, spiritual awakening Instruments: Tabla, tanpura drone, low bass, cinematic strings, subtle flute Vocals: Male deep voice with emotional intensity Structure: Verse → Hook → Verse → Bridge (spoken rap) → Final Hook Energy: Slow build to powerful spiritual climax Influence: Indian Sufi + conscious hip-hop Atmosphere: mystical, meditative, awakening	true	true	assets/covers/38e46be7-3f17-43e1-8de5-3661e8c064e3.jpeg	assets/audio/38e46be7-3f17-43e1-8de5-3661e8c064e3.mp3	NULL	false
cdb84859-bd8f-43a9-b7f9-6a080b49e779	कालिख के भीतर	2026-03-10T19:31:48.425Z	3:00	chirp-crow	Genre: Philosophical Sufi Rap Fusion Tempo: 90 BPM Scale: D minor Mood: Deep, introspective, spiritual awakening Instruments: Tabla, tanpura drone, low bass, cinematic strings, subtle flute Vocals: Male deep voice with emotional intensity Structure: Verse → Hook → Verse → Bridge (spoken rap) → Final Hook Energy: Slow build to powerful spiritual climax Influence: Indian Sufi + conscious hip-hop Atmosphere: mystical, meditative, awakening	true	true	assets/covers/cdb84859-bd8f-43a9-b7f9-6a080b49e779.jpeg	assets/audio/cdb84859-bd8f-43a9-b7f9-6a080b49e779.mp3	NULL	false
6b1f15fd-b06f-4ab7-a74e-dc18eab976cd	कालिख के भीतर	2026-03-10T19:31:48.424Z	3:25	chirp-crow	Genre: Philosophical Sufi Rap Fusion Tempo: 90 BPM Scale: D minor Mood: Deep, introspective, spiritual awakening Instruments: Tabla, tanpura drone, low bass, cinematic strings, subtle flute Vocals: Male deep voice with emotional intensity Structure: Verse → Hook → Verse → Bridge (spoken rap) → Final Hook Energy: Slow build to powerful spiritual climax Influence: Indian Sufi + conscious hip-hop Atmosphere: mystical, meditative, awakening	true	true	assets/covers/6b1f15fd-b06f-4ab7-a74e-dc18eab976cd.jpeg	assets/audio/6b1f15fd-b06f-4ab7-a74e-dc18eab976cd.mp3	NULL	false
281a3e06-5f91-4e59-9fba-f520b47ff2a4	कालिख के भीतर	2026-03-10T19:18:52.429Z	3:10	chirp-crow	impact, realization, revolt	true	true	assets/covers/281a3e06-5f91-4e59-9fba-f520b47ff2a4.jpeg	assets/audio/281a3e06-5f91-4e59-9fba-f520b47ff2a4.mp3	NULL	false
8ed97e69-ba32-497e-99e6-5f5ffc1208d7	कालिख के भीतर	2026-03-10T19:18:52.429Z	2:53	chirp-crow	impact, realization, revolt	true	true	assets/covers/8ed97e69-ba32-497e-99e6-5f5ffc1208d7.jpeg	assets/audio/8ed97e69-ba32-497e-99e6-5f5ffc1208d7.mp3	NULL	false
fb702292-2df5-48c4-a411-e9ef6e6dee7c	mahadev	2026-03-10T18:56:55.878Z	3:00	chirp-crow	full सुपर funky	true	true	assets/covers/fb702292-2df5-48c4-a411-e9ef6e6dee7c.jpeg	assets/audio/fb702292-2df5-48c4-a411-e9ef6e6dee7c.mp3	NULL	false
b34894ee-52e3-4cd4-b4f9-5336056b318b	mahadev	2026-03-10T18:56:55.878Z	2:52	chirp-crow	full सुपर funky	true	true	assets/covers/b34894ee-52e3-4cd4-b4f9-5336056b318b.jpeg	assets/audio/b34894ee-52e3-4cd4-b4f9-5336056b318b.mp3	NULL	false
83393fa5-c5e2-48b7-a6b0-09cfa197cc04	mahadev	2026-03-10T18:19:26.813Z	2:21	chirp-crow	full funky	true	true	assets/covers/83393fa5-c5e2-48b7-a6b0-09cfa197cc04.jpeg	assets/audio/83393fa5-c5e2-48b7-a6b0-09cfa197cc04.mp3	NULL	false
40f5ec47-9a5c-45e0-8821-71f32e377d2c	mahadev	2026-03-10T18:19:26.812Z	2:35	chirp-crow	full funky	true	true	assets/covers/40f5ec47-9a5c-45e0-8821-71f32e377d2c.jpeg	assets/audio/40f5ec47-9a5c-45e0-8821-71f32e377d2c.mp3	NULL	false
5cb1b6d1-c87b-4bd1-a81b-6c2531a63320	mahadev	2026-03-10T18:05:30.353Z	2:09	chirp-crow	breathless rap	true	true	assets/covers/5cb1b6d1-c87b-4bd1-a81b-6c2531a63320.jpeg	assets/audio/5cb1b6d1-c87b-4bd1-a81b-6c2531a63320.mp3	NULL	false
d5b1f403-2b0e-4ea3-a03a-02ebfcaba03f	mahadev	2026-03-10T18:05:30.353Z	2:11	chirp-crow	breathless rap	true	true	assets/covers/d5b1f403-2b0e-4ea3-a03a-02ebfcaba03f.jpeg	assets/audio/d5b1f403-2b0e-4ea3-a03a-02ebfcaba03f.mp3	NULL	false
d08d5d69-511b-4d16-86f7-9f38fabf7bff	WhatsApp Audio 2026-03-10 at 23.22.50	2026-03-10T18:05:17.499Z	1:05	chirp-chirp	Fast-paced Haryanvi folk-rap fusion characterized by rhythmic, percussive vocal delivery and traditional Indian instrumentation. The track features a prominent, driving dholak and tabla rhythm section providing a high-energy 4/4 beat. A sharp, melodic sarangi or folk flute loop provides a repetitive hook in the background. The vocals are male, delivered in a rapid-fire, rhythmic chanting style typical of Haryanvi ragni or modern folk-pop, with a strong emphasis on alliteration and internal rhymes. The production is clean with a slight reverb on the vocals to create a sense of space, while the percussion remains dry and punchy. The tempo is approximately 140 BPM, maintaining a constant, energetic flow throughout the verses and the recurring refrain. The harmonic structure is simple, staying within a single folk scale to emphasize the rhythmic complexity of the lyrics.	true	true	assets/covers/d08d5d69-511b-4d16-86f7-9f38fabf7bff.jpeg	assets/audio/d08d5d69-511b-4d16-86f7-9f38fabf7bff.mp3	NULL	false
a02e5b7b-4082-4379-8728-b47dd277d6bc	mahadev	2026-03-10T17:44:14.665Z	3:28	chirp-crow	"Agori Folk-Rock, Cinematic Shiva Tandav, Tribal Fusion, High-energy Dhak and Damru percussion, Gritty Male Vocals, Haryanvi Folk undertones, Heavy distorted Electric Guitar, Orchestral Brass, Trance-inducing tempo, Mystical Echoes, 140 BPM, Powerful and Divine."	true	true	assets/covers/a02e5b7b-4082-4379-8728-b47dd277d6bc.jpeg	assets/audio/a02e5b7b-4082-4379-8728-b47dd277d6bc.mp3	NULL	false
a1b21d0a-772f-4abb-844b-e635fe83916d	mahadev	2026-03-10T17:44:14.665Z	3:45	chirp-crow	"Agori Folk-Rock, Cinematic Shiva Tandav, Tribal Fusion, High-energy Dhak and Damru percussion, Gritty Male Vocals, Haryanvi Folk undertones, Heavy distorted Electric Guitar, Orchestral Brass, Trance-inducing tempo, Mystical Echoes, 140 BPM, Powerful and Divine."	true	true	assets/covers/a1b21d0a-772f-4abb-844b-e635fe83916d.jpeg	assets/audio/a1b21d0a-772f-4abb-844b-e635fe83916d.mp3	NULL	false
a19088bc-7520-4b85-95d9-1c3ea882182e	mahadev	2026-03-10T17:39:34.134Z	3:20	chirp-crow	इस गाने की शुरुआत शांत श्लोक से करें, फिर अचानक "महादेव तेरी सरकार" पर एक रॉक-स्टार वाली एंट्री हो! जब वह 'सिल्की आवाज' वाली भूतनी और नाचते हुए पिशाचों वाला हिस्सा आए, तो बैकग्राउंड में हल्की 'किलकारी' (High pitched sound) डालना मत भूलिएगा—महफिल जम जाएगी! 1. इंट्रो (प्रस्तावना): वाद्य यंत्र: बांसुरी की एक लंबी, गूँजती हुई तान के साथ 'ॐ' का बैकग्राउंड चैंट। प्रवेश: अचानक शंखनाद और फिर डमरू की धीमी लेकिन स्पष्ट 'डम-डम'। 2. श्लोक (जटा टवी गलज्जल...): वाद्य यंत्र: भारी नगाड़ों (Big Drums) की थाप और साथ में एकतारा या सितार। भाव: यहाँ संगीत बहुत गंभीर और राजसी होना चाहिए। हर शब्द पर नगाड़े की चोट पड़नी चाहिए। 3. मुखड़ा (महादेव तेरी सरकार...): वाद्य यंत्र: इलेक्ट्रिक गिटार (Distortion) और ढोल का फ्यूजन। भाव: यहाँ ताल बहुत ऊर्जावान (Energetic) हो जाएगी। "बाजे हाथ दोहाथत्ड़ ताली" वाली लाइन पर असली हाथों की ताली का साउंड सुनाई देना चाहिए। 4. अंतरा 1 (एक धर्म का पहिया...): वाद्य यंत्र: सारंगी या वायलिन। भाव: संगीत थोड़ा मधुर और भावुक (Melodic) हो जाएगा। जब "हम तेरे संग में बैठे बाबा" आए, तो	true	true	assets/covers/a19088bc-7520-4b85-95d9-1c3ea882182e.jpeg	assets/audio/a19088bc-7520-4b85-95d9-1c3ea882182e.mp3	NULL	false
26be0fe7-c291-4924-9ac3-2b083d18f6a7	mahadev	2026-03-10T17:39:34.134Z	3:56	chirp-crow	इस गाने की शुरुआत शांत श्लोक से करें, फिर अचानक "महादेव तेरी सरकार" पर एक रॉक-स्टार वाली एंट्री हो! जब वह 'सिल्की आवाज' वाली भूतनी और नाचते हुए पिशाचों वाला हिस्सा आए, तो बैकग्राउंड में हल्की 'किलकारी' (High pitched sound) डालना मत भूलिएगा—महफिल जम जाएगी! 1. इंट्रो (प्रस्तावना): वाद्य यंत्र: बांसुरी की एक लंबी, गूँजती हुई तान के साथ 'ॐ' का बैकग्राउंड चैंट। प्रवेश: अचानक शंखनाद और फिर डमरू की धीमी लेकिन स्पष्ट 'डम-डम'। 2. श्लोक (जटा टवी गलज्जल...): वाद्य यंत्र: भारी नगाड़ों (Big Drums) की थाप और साथ में एकतारा या सितार। भाव: यहाँ संगीत बहुत गंभीर और राजसी होना चाहिए। हर शब्द पर नगाड़े की चोट पड़नी चाहिए। 3. मुखड़ा (महादेव तेरी सरकार...): वाद्य यंत्र: इलेक्ट्रिक गिटार (Distortion) और ढोल का फ्यूजन। भाव: यहाँ ताल बहुत ऊर्जावान (Energetic) हो जाएगी। "बाजे हाथ दोहाथत्ड़ ताली" वाली लाइन पर असली हाथों की ताली का साउंड सुनाई देना चाहिए। 4. अंतरा 1 (एक धर्म का पहिया...): वाद्य यंत्र: सारंगी या वायलिन। भाव: संगीत थोड़ा मधुर और भावुक (Melodic) हो जाएगा। जब "हम तेरे संग में बैठे बाबा" आए, तो	true	true	assets/covers/26be0fe7-c291-4924-9ac3-2b083d18f6a7.jpeg	assets/audio/26be0fe7-c291-4924-9ac3-2b083d18f6a7.mp3	NULL	false
90a76515-aa8d-4b2a-9a7a-71e21acfebe1	sannata	2026-03-10T16:31:38.636Z	1:47	chirp-crow	pain hyper	true	true	assets/covers/90a76515-aa8d-4b2a-9a7a-71e21acfebe1.jpeg	assets/audio/90a76515-aa8d-4b2a-9a7a-71e21acfebe1.mp3	NULL	false
52e21e25-80af-4053-a195-24884c96e8be	sannata	2026-03-10T16:31:38.636Z	1:49	chirp-crow	pain hyper	true	true	assets/covers/52e21e25-80af-4053-a195-24884c96e8be.jpeg	assets/audio/52e21e25-80af-4053-a195-24884c96e8be.mp3	NULL	false
6815cf49-e461-4ae3-a61f-755b3568de88	bhagat ki maa	2026-03-10T16:10:36.032Z	3:39	chirp-crow	वोकल्स (Vocals): रागिनी में गायक की आवाज़ बहुत ऊँची (High Pitch) और कड़क होती है। Suno में "Raw High-Pitch Male Vocals" टैग इसे रागिनी वाला टच देगा। वादयंत्र (Instruments): रागिनी की जान नगाड़ा (Nagada) और सारंगी है। इनके बिना रागिनी अधूरी लगती है। लहजा (Dialect): गीत में 'री', 'सै', 'जाइए' जैसे ठेठ शब्दों का प्रयोग इसे अपने आप रागिनी का रूप दे रहा है।	true	true	assets/covers/6815cf49-e461-4ae3-a61f-755b3568de88.jpeg	assets/audio/6815cf49-e461-4ae3-a61f-755b3568de88.mp3	NULL	false
9255b006-4615-4e25-8de3-371066006607	bhagat ki maa	2026-03-10T16:10:36.032Z	3:05	chirp-crow	वोकल्स (Vocals): रागिनी में गायक की आवाज़ बहुत ऊँची (High Pitch) और कड़क होती है। Suno में "Raw High-Pitch Male Vocals" टैग इसे रागिनी वाला टच देगा। वादयंत्र (Instruments): रागिनी की जान नगाड़ा (Nagada) और सारंगी है। इनके बिना रागिनी अधूरी लगती है। लहजा (Dialect): गीत में 'री', 'सै', 'जाइए' जैसे ठेठ शब्दों का प्रयोग इसे अपने आप रागिनी का रूप दे रहा है।	true	true	assets/covers/9255b006-4615-4e25-8de3-371066006607.jpeg	assets/audio/9255b006-4615-4e25-8de3-371066006607.mp3	NULL	false
c7eb6659-3af1-4afd-9c2e-73cd9ddbaa3a	bhagat ki maa	2026-03-10T16:06:43.179Z	4:21	chirp-crow	Haryanvi Accent, Style: Haryanvi Ragani Vibe: शुरू में भावुक (Emotional) और धीरे-धीरे एक महाकाव्य (Epic) की तरह शक्तिशाली होता हुआ।	true	true	assets/covers/c7eb6659-3af1-4afd-9c2e-73cd9ddbaa3a.jpeg	assets/audio/c7eb6659-3af1-4afd-9c2e-73cd9ddbaa3a.mp3	NULL	false
3cfdad3a-c550-43eb-88d3-59f7d788eae5	bhagat ki maa	2026-03-10T16:06:43.179Z	3:53	chirp-crow	Haryanvi Accent, Style: Haryanvi Ragani Vibe: शुरू में भावुक (Emotional) और धीरे-धीरे एक महाकाव्य (Epic) की तरह शक्तिशाली होता हुआ।	true	true	assets/covers/3cfdad3a-c550-43eb-88d3-59f7d788eae5.jpeg	assets/audio/3cfdad3a-c550-43eb-88d3-59f7d788eae5.mp3	NULL	false
bd0e5226-f00f-414a-83dc-c3845c5cfc52	bhagat ki maa	2026-03-10T15:52:06.824Z	4:03	chirp-crow	Haryanvi Accent, Style: Haryanvi Folk Fusion, Patriotic Rock, Powerful Male Vocals, Heavy Dhol, Sarangi, Heroic. Vibe: शुरू में भावुक (Emotional) और धीरे-धीरे एक महाकाव्य (Epic) की तरह शक्तिशाली होता हुआ।	true	true	assets/covers/bd0e5226-f00f-414a-83dc-c3845c5cfc52.jpeg	assets/audio/bd0e5226-f00f-414a-83dc-c3845c5cfc52.mp3	NULL	false
21f36fd3-91ca-4f6f-a5b9-1a61d8438a3d	bhagat ki maa	2026-03-10T15:52:06.823Z	4:03	chirp-crow	Haryanvi Accent, Style: Haryanvi Folk Fusion, Patriotic Rock, Powerful Male Vocals, Heavy Dhol, Sarangi, Heroic. Vibe: शुरू में भावुक (Emotional) और धीरे-धीरे एक महाकाव्य (Epic) की तरह शक्तिशाली होता हुआ।	true	true	assets/covers/21f36fd3-91ca-4f6f-a5b9-1a61d8438a3d.jpeg	assets/audio/21f36fd3-91ca-4f6f-a5b9-1a61d8438a3d.mp3	NULL	false
cf2b9095-277e-40b6-b9c3-2aca73883c48	मेकाले के जाल में	2026-03-10T15:31:59.447Z	1:54	chirp-crow	hyper rap.. greek.. thrill.. conspiracy.. anger.. hope	true	true	assets/covers/cf2b9095-277e-40b6-b9c3-2aca73883c48.jpeg	assets/audio/cf2b9095-277e-40b6-b9c3-2aca73883c48.mp3	NULL	false
5884fc52-aa08-4850-912b-272e7b063c6d	मेकाले के जाल में	2026-03-10T15:31:59.447Z	1:37	chirp-crow	hyper rap.. greek.. thrill.. conspiracy.. anger.. hope	true	true	assets/covers/5884fc52-aa08-4850-912b-272e7b063c6d.jpeg	assets/audio/5884fc52-aa08-4850-912b-272e7b063c6d.mp3	NULL	false
7d670bc0-8519-486b-a33c-0bc00f021318	abdul	2026-03-10T15:27:01.084Z	0:57	chirp-crow	hyper rap.. greek.. thrill.. conspiracy.. anger.. hope	true	true	assets/covers/7d670bc0-8519-486b-a33c-0bc00f021318.jpeg	assets/audio/7d670bc0-8519-486b-a33c-0bc00f021318.mp3	NULL	false
03cd6e42-1ff0-486e-a597-17b4f5bf7db8	abdul	2026-03-10T15:27:01.084Z	1:18	chirp-crow	hyper rap.. greek.. thrill.. conspiracy.. anger.. hope	true	true	assets/covers/03cd6e42-1ff0-486e-a597-17b4f5bf7db8.jpeg	assets/audio/03cd6e42-1ff0-486e-a597-17b4f5bf7db8.mp3	NULL	false
c60bddff-5831-45b2-aeda-56c210e42bee	mooshak	2026-03-10T15:17:28.898Z	1:20	chirp-crow	Indian hip hop fusion, boom bap beat, tabla percussion, tanpura drone, cinematic rap production, deep bass, powerful hook chorus, philosophical conscious rap.	true	true	assets/covers/c60bddff-5831-45b2-aeda-56c210e42bee.jpeg	assets/audio/c60bddff-5831-45b2-aeda-56c210e42bee.mp3	NULL	false
a9505c01-2145-47a6-bf34-71f71a1c7798	mooshak	2026-03-10T15:17:28.897Z	1:16	chirp-crow	Indian hip hop fusion, boom bap beat, tabla percussion, tanpura drone, cinematic rap production, deep bass, powerful hook chorus, philosophical conscious rap.	true	true	assets/covers/a9505c01-2145-47a6-bf34-71f71a1c7798.jpeg	assets/audio/a9505c01-2145-47a6-bf34-71f71a1c7798.mp3	NULL	false
99e3f540-91d6-46d9-a363-a20ab43ac51d	superman	2026-03-10T14:28:18.818Z	2:31	chirp-auk	haryanvi super energy rap	true	true	assets/covers/99e3f540-91d6-46d9-a363-a20ab43ac51d.jpeg	assets/audio/99e3f540-91d6-46d9-a363-a20ab43ac51d.mp3	NULL	false
d053cd05-5b69-4079-b2af-485b0e656142	superman	2026-03-10T14:28:18.818Z	3:25	chirp-auk	haryanvi super energy rap	true	true	assets/covers/d053cd05-5b69-4079-b2af-485b0e656142.jpeg	assets/audio/d053cd05-5b69-4079-b2af-485b0e656142.mp3	NULL	false
78837c54-c069-4a21-9043-052477368de3	superman	2026-03-10T14:17:47.701Z	2:29	chirp-auk	haryanvi super energy hip hop rap	true	true	assets/covers/78837c54-c069-4a21-9043-052477368de3.jpeg	assets/audio/78837c54-c069-4a21-9043-052477368de3.mp3	NULL	false
9a171e56-f4d0-4e86-8dd8-b88e38cfe848	superman	2026-03-10T14:17:47.701Z	3:09	chirp-auk	haryanvi super energy hip hop rap	true	true	assets/covers/9a171e56-f4d0-4e86-8dd8-b88e38cfe848.jpeg	assets/audio/9a171e56-f4d0-4e86-8dd8-b88e38cfe848.mp3	NULL	false
8c4d0b31-24ca-46ea-8d9e-01e80745e77f	superman	2026-03-10T14:17:47.593Z	2:25	chirp-crow	haryanvi super energy hip hop rap	true	true	assets/covers/8c4d0b31-24ca-46ea-8d9e-01e80745e77f.jpeg	assets/audio/8c4d0b31-24ca-46ea-8d9e-01e80745e77f.mp3	NULL	false
c964708d-4954-4972-bfd9-eb13399ed835	superman	2026-03-10T14:17:47.593Z	1:45	chirp-crow	haryanvi super energy hip hop rap	true	true	assets/covers/c964708d-4954-4972-bfd9-eb13399ed835.jpeg	assets/audio/c964708d-4954-4972-bfd9-eb13399ed835.mp3	NULL	false
1c7fc244-297c-434e-9ae6-57a76707f38d	dil_jaleel	2026-03-10T14:08:13.549Z	2:22	chirp-chirp	A contemporary Hindi pop ballad characterized by a blend of traditional Indian melodic sensibilities and modern pop production. The arrangement features a prominent acoustic guitar strumming rhythmic patterns, complemented by a subtle electronic drum beat with a crisp snare and deep kick. A melodic flute provides ethereal counter-melodies during instrumental breaks. The vocals are a male and female duet, both delivering smooth, emotive performances with gentle vibrato and intricate melismatic ornaments typical of Bollywood playback singing. The song follows a verse-chorus structure with a moderate tempo in a major key, utilizing lush synth pads and light reverb to create a spacious, romantic atmosphere. The mix is clean, prioritizing vocal clarity and a balanced frequency response across the acoustic and electronic elements.	true	true	assets/covers/1c7fc244-297c-434e-9ae6-57a76707f38d.jpeg	assets/audio/1c7fc244-297c-434e-9ae6-57a76707f38d.mp3	NULL	false
177adbe2-a0c9-4531-96cc-8a502ee40194	jaleel	2026-03-10T13:21:41.353Z	4:24	chirp-auk		true	true	assets/covers/177adbe2-a0c9-4531-96cc-8a502ee40194.jpeg	assets/audio/177adbe2-a0c9-4531-96cc-8a502ee40194.mp3	NULL	false
c95adbc4-eb40-4508-8a3f-4d9376a62d99	jaleel	2026-03-10T13:21:41.353Z	3:17	chirp-auk		true	true	assets/covers/c95adbc4-eb40-4508-8a3f-4d9376a62d99.jpeg	assets/audio/c95adbc4-eb40-4508-8a3f-4d9376a62d99.mp3	NULL	false
928d9daa-71ce-4eb4-8c1e-4c6b141d61e4	jaleel	2026-03-10T13:21:41.270Z	2:10	chirp-crow		true	true	assets/covers/928d9daa-71ce-4eb4-8c1e-4c6b141d61e4.jpeg	assets/audio/928d9daa-71ce-4eb4-8c1e-4c6b141d61e4.mp3	NULL	false
dbd35f9f-c48b-4228-b9d7-f7c525bfb562	jaleel	2026-03-10T13:21:41.270Z	2:15	chirp-crow		true	true	assets/covers/dbd35f9f-c48b-4228-b9d7-f7c525bfb562.jpeg	assets/audio/dbd35f9f-c48b-4228-b9d7-f7c525bfb562.mp3	NULL	false
f2d23578-ceb2-4b60-9c76-13bddb621440	jaleel	2026-03-10T13:19:16.656Z	3:06	chirp-auk		true	true	assets/covers/f2d23578-ceb2-4b60-9c76-13bddb621440.jpeg	assets/audio/f2d23578-ceb2-4b60-9c76-13bddb621440.mp3	NULL	false
930eee1f-783e-47bf-a120-b800f71460ab	jaleel	2026-03-10T13:19:16.656Z	4:00	chirp-auk		true	true	assets/covers/930eee1f-783e-47bf-a120-b800f71460ab.jpeg	assets/audio/930eee1f-783e-47bf-a120-b800f71460ab.mp3	NULL	false
a605a0c4-5252-478d-9425-b0245d9284e9	jaleel	2026-03-10T13:19:16.534Z	2:18	chirp-crow		true	true	assets/covers/a605a0c4-5252-478d-9425-b0245d9284e9.jpeg	assets/audio/a605a0c4-5252-478d-9425-b0245d9284e9.mp3	NULL	false
1692dd58-42ff-46e1-886b-d4de131eb0a0	jaleel	2026-03-10T13:19:16.534Z	1:59	chirp-crow		true	true	assets/covers/1692dd58-42ff-46e1-886b-d4de131eb0a0.jpeg	assets/audio/1692dd58-42ff-46e1-886b-d4de131eb0a0.mp3	NULL	false
d5005293-034b-4647-873f-85619d1208d1	del	2026-03-10T13:00:19.052Z	4:30	chirp-auk	Bollywood Romantic Duet Emotional Ghazal Pop Soft Acoustic Love Song	true	true	assets/covers/d5005293-034b-4647-873f-85619d1208d1.jpeg	assets/audio/d5005293-034b-4647-873f-85619d1208d1.mp3	NULL	false
11ca7860-3587-4ba9-ae50-0a75df533e5d	del	2026-03-10T13:00:19.052Z	5:25	chirp-auk	Bollywood Romantic Duet Emotional Ghazal Pop Soft Acoustic Love Song	true	true	assets/covers/11ca7860-3587-4ba9-ae50-0a75df533e5d.jpeg	assets/audio/11ca7860-3587-4ba9-ae50-0a75df533e5d.mp3	NULL	false
0c99df73-cc56-439f-a358-0cdbaff0f6f3	del	2026-03-10T13:00:18.937Z	3:08	chirp-crow	Bollywood Romantic Duet Emotional Ghazal Pop Soft Acoustic Love Song	true	true	assets/covers/0c99df73-cc56-439f-a358-0cdbaff0f6f3.jpeg	assets/audio/0c99df73-cc56-439f-a358-0cdbaff0f6f3.mp3	NULL	false
ce3542f2-07bf-4e0e-94d0-849e29cc7cc7	del	2026-03-10T13:00:18.936Z	3:58	chirp-crow	Bollywood Romantic Duet Emotional Ghazal Pop Soft Acoustic Love Song	true	true	assets/covers/ce3542f2-07bf-4e0e-94d0-849e29cc7cc7.jpeg	assets/audio/ce3542f2-07bf-4e0e-94d0-849e29cc7cc7.mp3	NULL	false
90a083bf-668c-4356-bc4d-8e8f9a4dbfc0	kewat	2026-03-10T12:49:55.592Z	4:25	chirp-auk	soul devotional with live folk	true	true	assets/covers/90a083bf-668c-4356-bc4d-8e8f9a4dbfc0.jpeg	assets/audio/90a083bf-668c-4356-bc4d-8e8f9a4dbfc0.mp3	NULL	false
cc53857c-041f-4d0d-afae-8a762ddc7425	kewat	2026-03-10T12:49:55.592Z	4:25	chirp-auk	soul devotional with live folk	true	true	assets/covers/cc53857c-041f-4d0d-afae-8a762ddc7425.jpeg	assets/audio/cc53857c-041f-4d0d-afae-8a762ddc7425.mp3	NULL	false
13631800-7722-4099-8cdd-7872cc3b56d6	kewat	2026-03-10T12:49:55.464Z	3:27	chirp-crow	soul devotional with live folk	true	true	assets/covers/13631800-7722-4099-8cdd-7872cc3b56d6.jpeg	assets/audio/13631800-7722-4099-8cdd-7872cc3b56d6.mp3	NULL	false
4f8cb656-ad2a-40ae-ba45-ffb7315eeb30	kewat	2026-03-10T12:49:55.464Z	3:57	chirp-crow	soul devotional with live folk	true	true	assets/covers/4f8cb656-ad2a-40ae-ba45-ffb7315eeb30.jpeg	assets/audio/4f8cb656-ad2a-40ae-ba45-ffb7315eeb30.mp3	NULL	false
1774f3f7-a1f2-4c36-b1bd-ddc4ac836ba9	banjara	2026-03-10T12:26:44.835Z	3:18	chirp-auk		true	true	assets/covers/1774f3f7-a1f2-4c36-b1bd-ddc4ac836ba9.jpeg	assets/audio/1774f3f7-a1f2-4c36-b1bd-ddc4ac836ba9.mp3	NULL	false
3f789a12-3090-4729-8e17-03745470ffde	banjara	2026-03-10T12:26:44.835Z	2:15	chirp-auk		true	true	assets/covers/3f789a12-3090-4729-8e17-03745470ffde.jpeg	assets/audio/3f789a12-3090-4729-8e17-03745470ffde.mp3	NULL	false
de7c66a0-7383-4a67-87be-742eaafdc1cb	banjara	2026-03-10T12:26:44.644Z	1:30	chirp-crow		true	true	assets/covers/de7c66a0-7383-4a67-87be-742eaafdc1cb.jpeg	assets/audio/de7c66a0-7383-4a67-87be-742eaafdc1cb.mp3	NULL	false
4ae291ce-bd61-493c-9ae1-020abe22f194	banjara	2026-03-10T12:26:44.644Z	1:15	chirp-crow		true	true	assets/covers/4ae291ce-bd61-493c-9ae1-020abe22f194.jpeg	assets/audio/4ae291ce-bd61-493c-9ae1-020abe22f194.mp3	NULL	false
e547d7c0-12d6-41a8-bfb3-1a6b84a2f447	(untitled)	2026-03-10T12:13:05.206Z	3:23	chirp-auk	folk fusion	true	true	assets/covers/e547d7c0-12d6-41a8-bfb3-1a6b84a2f447.jpeg	assets/audio/e547d7c0-12d6-41a8-bfb3-1a6b84a2f447.mp3	NULL	false
d0be1546-ee3d-4e7d-a6ed-bd8e2502a139	(untitled)	2026-03-10T12:13:05.206Z	3:31	chirp-auk	folk fusion	true	true	assets/covers/d0be1546-ee3d-4e7d-a6ed-bd8e2502a139.jpeg	assets/audio/d0be1546-ee3d-4e7d-a6ed-bd8e2502a139.mp3	NULL	false
40e5bcc1-b2c0-467d-b3cd-7f4b8310f042	(untitled)	2026-03-10T12:13:05.104Z	2:41	chirp-crow	folk fusion	true	true	assets/covers/40e5bcc1-b2c0-467d-b3cd-7f4b8310f042.jpeg	assets/audio/40e5bcc1-b2c0-467d-b3cd-7f4b8310f042.mp3	NULL	false
f0f3206d-e731-4bb5-9182-1b17907541b8	(untitled)	2026-03-10T12:13:05.104Z	3:00	chirp-crow	folk fusion	true	true	assets/covers/f0f3206d-e731-4bb5-9182-1b17907541b8.jpeg	assets/audio/f0f3206d-e731-4bb5-9182-1b17907541b8.mp3	NULL	false
