uniqueTrackId	title	versionCount	groupBasis	confidence	canonicalTrackId	versionNumber	trackId	chapterTitle	language	station	theme	coverStatus	lyricsStatus	lyricLineCount	primaryLyricsSource
ut-e272c082a98962e3	(untitled)	16	exact-normalized-lyrics	high-local-exact	2339fc5d-3d73-4745-b001-53d00b204c3d	1	2339fc5d-3d73-4745-b001-53d00b204c3d	Hip-Hop Drill Rap	English	kabir-clubbing	Rap & Fusion	cover-local	lyrics-ready	26	_radio_index/suno_backup/lyrics/2026-03-14_2339fc5d_untitled.txt
ut-e272c082a98962e3	(untitled)	16	exact-normalized-lyrics	high-local-exact	2339fc5d-3d73-4745-b001-53d00b204c3d	2	3a30e4a6-c5b1-4cf9-bdda-324b95054db1	Sanaatana Vedic Frequency	English	sanaatana-vaigyaniq	Sanatan & Vedic	cover-local	lyrics-ready	26	_radio_index/suno_backup/lyrics/2026-03-14_3a30e4a6_untitled.txt
ut-e272c082a98962e3	(untitled)	16	exact-normalized-lyrics	high-local-exact	2339fc5d-3d73-4745-b001-53d00b204c3d	3	6434e417-4488-4db2-856e-37c633ed4491	Hip-Hop Drill Rap	English	kabir-clubbing	Rap & Fusion	cover-local	lyrics-ready	26	_radio_index/suno_backup/lyrics/2026-03-14_6434e417_untitled.txt
ut-e272c082a98962e3	(untitled)	16	exact-normalized-lyrics	high-local-exact	2339fc5d-3d73-4745-b001-53d00b204c3d	4	6a9729a2-bfde-48a5-bc3a-95d1de82ccbd	Sanaatana Vedic Frequency	English	sanaatana-vaigyaniq	Sanatan & Vedic	cover-local	lyrics-ready	26	_radio_index/suno_backup/lyrics/2026-03-14_6a9729a2_untitled.txt
ut-e272c082a98962e3	(untitled)	16	exact-normalized-lyrics	high-local-exact	2339fc5d-3d73-4745-b001-53d00b204c3d	5	71819a1c-7df5-443a-bedf-56c547e4efe1	Hip-Hop Drill Rap	English	kabir-clubbing	Rap & Fusion	cover-local	lyrics-ready	26	_radio_index/suno_backup/lyrics/2026-03-14_71819a1c_untitled.txt
ut-e272c082a98962e3	(untitled)	16	exact-normalized-lyrics	high-local-exact	2339fc5d-3d73-4745-b001-53d00b204c3d	6	8a5abcc5-bf22-4a21-be55-0e7dee8d4eb0	Folk Fusion Lok Rang	Haryanvi	ameerpur	Haryanvi Folk	cover-local	lyrics-ready	26	_radio_index/suno_backup/lyrics/2026-03-14_8a5abcc5_untitled.txt
ut-e272c082a98962e3	(untitled)	16	exact-normalized-lyrics	high-local-exact	2339fc5d-3d73-4745-b001-53d00b204c3d	7	beb18e30-ad60-4f61-b962-bf72577a984c	Hip-Hop Drill Rap	English	kabir-clubbing	Rap & Fusion	cover-local	lyrics-ready	26	_radio_index/suno_backup/lyrics/2026-03-14_beb18e30_untitled.txt
ut-e272c082a98962e3	(untitled)	16	exact-normalized-lyrics	high-local-exact	2339fc5d-3d73-4745-b001-53d00b204c3d	8	c0ed3b71-8057-44e9-bbc9-7edbeb1cb247	Folk Fusion Lok Rang	English	gurukul	Other / Misc	cover-local	lyrics-ready	26	_radio_index/suno_backup/lyrics/2026-03-14_c0ed3b71_untitled.txt
ut-e272c082a98962e3	(untitled)	16	exact-normalized-lyrics	high-local-exact	2339fc5d-3d73-4745-b001-53d00b204c3d	9	c2cfd34c-47f2-44fc-9c9d-dcb40dfd0ffc	Folk Fusion Lok Rang	Haryanvi	ameerpur	Haryanvi Folk	cover-local	lyrics-ready	26	_radio_index/suno_backup/lyrics/2026-03-14_c2cfd34c_untitled.txt
ut-e272c082a98962e3	(untitled)	16	exact-normalized-lyrics	high-local-exact	2339fc5d-3d73-4745-b001-53d00b204c3d	10	cf734c04-3a7d-47f5-8575-3545ca0152db	Folk Fusion Lok Rang	English	gurukul	Other / Misc	cover-local	lyrics-ready	26	_radio_index/suno_backup/lyrics/2026-03-14_cf734c04_untitled.txt
ut-e272c082a98962e3	(untitled)	16	exact-normalized-lyrics	high-local-exact	2339fc5d-3d73-4745-b001-53d00b204c3d	11	e4e6e3b0-e45c-4464-933f-ec6a37a9fc1a	Sanaatana Vedic Frequency	English	sanaatana-vaigyaniq	Sanatan & Vedic	cover-local	lyrics-ready	26	_radio_index/suno_backup/lyrics/2026-03-14_e4e6e3b0_untitled.txt
ut-e272c082a98962e3	(untitled)	16	exact-normalized-lyrics	high-local-exact	2339fc5d-3d73-4745-b001-53d00b204c3d	12	e5e5c4ed-7013-4378-8baf-ec76665ed5ea	Sanaatana Vedic Frequency	English	sanaatana-vaigyaniq	Sanatan & Vedic	cover-local	lyrics-ready	26	_radio_index/suno_backup/lyrics/2026-03-14_e5e5c4ed_untitled.txt
ut-e272c082a98962e3	(untitled)	16	exact-normalized-lyrics	high-local-exact	2339fc5d-3d73-4745-b001-53d00b204c3d	13	eb079cd7-e435-40eb-bee2-b82846008f09	Folk Fusion Lok Rang	English	gurukul	Other / Misc	cover-local	lyrics-ready	26	_radio_index/suno_backup/lyrics/2026-03-14_eb079cd7_untitled.txt
ut-e272c082a98962e3	(untitled)	16	exact-normalized-lyrics	high-local-exact	2339fc5d-3d73-4745-b001-53d00b204c3d	14	ee903ee8-bc90-4636-b704-94eaad28c4e6	Folk Fusion Lok Rang	English	gurukul	Other / Misc	cover-local	lyrics-ready	26	_radio_index/suno_backup/lyrics/2026-03-14_ee903ee8_untitled.txt
ut-e272c082a98962e3	(untitled)	16	exact-normalized-lyrics	high-local-exact	2339fc5d-3d73-4745-b001-53d00b204c3d	15	f6b91a35-6661-45fa-af60-6af4f69f5adc	Folk Fusion Lok Rang	Haryanvi	ameerpur	Haryanvi Folk	cover-local	lyrics-ready	26	_radio_index/suno_backup/lyrics/2026-03-14_f6b91a35_untitled.txt
ut-e272c082a98962e3	(untitled)	16	exact-normalized-lyrics	high-local-exact	2339fc5d-3d73-4745-b001-53d00b204c3d	16	2f1b59d6-e3e2-4a2e-b7da-8ef193729bb8	Album Unassigned	Hindi	gurukul	Other / Misc	cover-local	lyrics-ready	26	_radio_index/suno_backup/lyrics/2026-03-14_2f1b59d6_untitled.txt
ut-df07eb43dbf0a788	Animatrix Loading	8	exact-normalized-lyrics	high-local-exact	12168a29-23fd-464a-8f32-b552fd6e4571	1	12168a29-23fd-464a-8f32-b552fd6e4571	Hip-Hop Drill Rap	English	gurukul	Other / Misc	cover-local	lyrics-ready	66	_radio_index/suno_backup/lyrics/2026-04-21_12168a29_Animatrix Loading.txt
ut-df07eb43dbf0a788	Animatrix Loading	8	exact-normalized-lyrics	high-local-exact	12168a29-23fd-464a-8f32-b552fd6e4571	2	40bc367c-0e8b-4773-800e-f68e8cf45f1e	Sanaatana Vedic Frequency	English	sanaatana-vaigyaniq	Sanatan & Vedic	cover-local	lyrics-ready	66	_radio_index/suno_backup/lyrics/2026-04-21_40bc367c_Animatrix Loading.txt
ut-df07eb43dbf0a788	Animatrix Loading	8	exact-normalized-lyrics	high-local-exact	12168a29-23fd-464a-8f32-b552fd6e4571	3	e4126f4b-d140-4061-9c2f-294733f12904	Sanaatana Vedic Frequency	English	sanaatana-vaigyaniq	Sanatan & Vedic	cover-local	lyrics-ready	66	_radio_index/suno_backup/lyrics/2026-04-21_e4126f4b_Animatrix Loading.txt
ut-df07eb43dbf0a788	Animatrix Loading	8	exact-normalized-lyrics	high-local-exact	12168a29-23fd-464a-8f32-b552fd6e4571	4	47ed762a-d69b-40e3-8c6b-9feee3c9bd95	Sanaatana Vedic Frequency	English	sanaatana-vaigyaniq	Sanatan & Vedic	cover-local	lyrics-ready	66	_radio_index/suno_backup/lyrics/2026-04-21_47ed762a_Animatrix लोड.txt
ut-df07eb43dbf0a788	Animatrix Loading	8	exact-normalized-lyrics	high-local-exact	12168a29-23fd-464a-8f32-b552fd6e4571	5	9aa4b117-b9b0-46de-9c7d-4e16fadb5159	Sanaatana Vedic Frequency	English	sanaatana-vaigyaniq	Sanatan & Vedic	cover-local	lyrics-ready	66	_radio_index/suno_backup/lyrics/2026-04-21_9aa4b117_Animatrix लोड.txt
ut-df07eb43dbf0a788	Animatrix Loading	8	exact-normalized-lyrics	high-local-exact	12168a29-23fd-464a-8f32-b552fd6e4571	6	a1faf499-0ae9-40d2-ac91-2d8e83b55f0c	Sanaatana Vedic Frequency	English	sanaatana-vaigyaniq	Sanatan & Vedic	cover-local	lyrics-ready	66	_radio_index/suno_backup/lyrics/2026-04-21_a1faf499_Animatrix लोडिंग.txt
ut-df07eb43dbf0a788	Animatrix Loading	8	exact-normalized-lyrics	high-local-exact	12168a29-23fd-464a-8f32-b552fd6e4571	7	c2da4a42-4081-4f8b-bcce-99e67d38740e	Sanaatana Vedic Frequency	English	sanaatana-vaigyaniq	Sanatan & Vedic	cover-local	lyrics-ready	66	_radio_index/suno_backup/lyrics/2026-04-21_c2da4a42_Animatrix लोडिंग.txt
ut-df07eb43dbf0a788	Animatrix Loading	8	exact-normalized-lyrics	high-local-exact	12168a29-23fd-464a-8f32-b552fd6e4571	8	b3e24cb5-dd86-475b-b84c-00356ec425f6	Hip-Hop Drill Rap	Hindi	kabir-clubbing	Rap & Fusion	cover-local	lyrics-ready	66	_radio_index/suno_backup/lyrics/2026-04-21_b3e24cb5_Animatrix Loading.txt
ut-105a771210aea69c	(untitled)	6	exact-normalized-lyrics	high-local-exact	028206e0-2473-4078-8ef9-eb731d376d7e	1	028206e0-2473-4078-8ef9-eb731d376d7e	Folk Fusion Lok Rang	English	gurukul	Other / Misc	cover-local	lyrics-ready	40	_radio_index/suno_backup/lyrics/2026-03-31_028206e0_untitled.txt
ut-105a771210aea69c	(untitled)	6	exact-normalized-lyrics	high-local-exact	028206e0-2473-4078-8ef9-eb731d376d7e	2	13631800-7722-4099-8cdd-7872cc3b56d6	Folk Fusion Lok Rang	English	gurukul	Other / Misc	cover-local	lyrics-ready	40	_radio_index/suno_backup/lyrics/2026-03-10_13631800_kewat.txt
ut-105a771210aea69c	(untitled)	6	exact-normalized-lyrics	high-local-exact	028206e0-2473-4078-8ef9-eb731d376d7e	3	4f8cb656-ad2a-40ae-ba45-ffb7315eeb30	Folk Fusion Lok Rang	English	gurukul	Other / Misc	cover-local	lyrics-ready	40	_radio_index/suno_backup/lyrics/2026-03-10_4f8cb656_kewat.txt
ut-105a771210aea69c	(untitled)	6	exact-normalized-lyrics	high-local-exact	028206e0-2473-4078-8ef9-eb731d376d7e	4	90a083bf-668c-4356-bc4d-8e8f9a4dbfc0	Folk Fusion Lok Rang	English	gurukul	Other / Misc	cover-local	lyrics-ready	40	_radio_index/suno_backup/lyrics/2026-03-10_90a083bf_kewat.txt
ut-105a771210aea69c	(untitled)	6	exact-normalized-lyrics	high-local-exact	028206e0-2473-4078-8ef9-eb731d376d7e	5	cc53857c-041f-4d0d-afae-8a762ddc7425	Folk Fusion Lok Rang	English	gurukul	Other / Misc	cover-local	lyrics-ready	40	_radio_index/suno_backup/lyrics/2026-03-10_cc53857c_kewat.txt
ut-105a771210aea69c	(untitled)	6	exact-normalized-lyrics	high-local-exact	028206e0-2473-4078-8ef9-eb731d376d7e	6	92aab6f9-e79d-4b27-af30-0a7ab03f0536	Bhakti Katha Devotional	Hindi	kabir-clubbing	Bhakti & Katha	cover-local	lyrics-ready	40	_radio_index/suno_backup/lyrics/2026-03-31_92aab6f9_untitled.txt
ut-dce993b9269ed7b3	(untitled)	6	exact-normalized-lyrics	high-local-exact	114a0d17-28b3-4a56-a251-50c1fbf4f659	1	114a0d17-28b3-4a56-a251-50c1fbf4f659	Hip-Hop Drill Rap	English	kabir-clubbing	Rap & Fusion	cover-local	lyrics-ready	37	_radio_index/suno_backup/lyrics/2026-03-15_114a0d17_untitled.txt
ut-dce993b9269ed7b3	(untitled)	6	exact-normalized-lyrics	high-local-exact	114a0d17-28b3-4a56-a251-50c1fbf4f659	2	347d4a25-0d54-445c-982e-c1c6c1c7e091	Sanaatana Vedic Frequency	English	gurukul	Other / Misc	cover-local	lyrics-ready	37	_radio_index/suno_backup/lyrics/2026-03-15_347d4a25_untitled.txt
ut-dce993b9269ed7b3	(untitled)	6	exact-normalized-lyrics	high-local-exact	114a0d17-28b3-4a56-a251-50c1fbf4f659	3	46a0e0b1-a456-4550-b57d-dd7271cf0096	Hip-Hop Drill Rap	English	kabir-clubbing	Rap & Fusion	cover-local	lyrics-ready	37	_radio_index/suno_backup/lyrics/2026-03-15_46a0e0b1_untitled.txt
ut-dce993b9269ed7b3	(untitled)	6	exact-normalized-lyrics	high-local-exact	114a0d17-28b3-4a56-a251-50c1fbf4f659	4	80c9a826-108b-4377-9983-7d052c254217	Hip-Hop Drill Rap	English	kabir-clubbing	Rap & Fusion	cover-local	lyrics-ready	37	_radio_index/suno_backup/lyrics/2026-03-15_80c9a826_untitled.txt
ut-dce993b9269ed7b3	(untitled)	6	exact-normalized-lyrics	high-local-exact	114a0d17-28b3-4a56-a251-50c1fbf4f659	5	3ba8da22-5a9f-43e1-b1c1-b80db6e17e04	Sanaatana Vedic Frequency	Sanskrit	sanaatana-vaigyaniq	Sanatan & Vedic	cover-local	lyrics-ready	37	_radio_index/suno_backup/lyrics/2026-03-15_3ba8da22_untitled.txt
ut-dce993b9269ed7b3	(untitled)	6	exact-normalized-lyrics	high-local-exact	114a0d17-28b3-4a56-a251-50c1fbf4f659	6	bfb4ac18-d356-4ab5-84b1-0691c5635560	Sanaatana Vedic Frequency	Sanskrit	sanaatana-vaigyaniq	Sanatan & Vedic	cover-local	lyrics-ready	37	_radio_index/suno_backup/lyrics/2026-03-15_bfb4ac18_untitled.txt
ut-dec6937d5ae8129c	(untitled)	6	exact-normalized-lyrics	high-local-exact	5e09dadb-f03e-4b45-b8fa-7a825b7cdb46	1	5e09dadb-f03e-4b45-b8fa-7a825b7cdb46	Hip-Hop Drill Rap	English	kabir-clubbing	Rap & Fusion	cover-local	lyrics-ready	26	_radio_index/suno_backup/lyrics/2026-03-14_5e09dadb_untitled.txt
ut-dec6937d5ae8129c	(untitled)	6	exact-normalized-lyrics	high-local-exact	5e09dadb-f03e-4b45-b8fa-7a825b7cdb46	2	7de27deb-3279-4b67-a31c-0a53042c556e	Hip-Hop Drill Rap	English	kabir-clubbing	Rap & Fusion	cover-local	lyrics-ready	26	_radio_index/suno_backup/lyrics/2026-03-14_7de27deb_untitled.txt
ut-dec6937d5ae8129c	(untitled)	6	exact-normalized-lyrics	high-local-exact	5e09dadb-f03e-4b45-b8fa-7a825b7cdb46	3	96b01103-f99a-4fd7-87f8-53354681845d	Hip-Hop Drill Rap	English	kabir-clubbing	Rap & Fusion	cover-local	lyrics-ready	26	_radio_index/suno_backup/lyrics/2026-03-14_96b01103_untitled.txt
ut-dec6937d5ae8129c	(untitled)	6	exact-normalized-lyrics	high-local-exact	5e09dadb-f03e-4b45-b8fa-7a825b7cdb46	4	9b58de99-1027-44cb-bcfb-cb9727dd1c42	Hip-Hop Drill Rap	English	kabir-clubbing	Rap & Fusion	cover-local	lyrics-ready	26	_radio_index/suno_backup/lyrics/2026-03-14_9b58de99_untitled.txt
ut-dec6937d5ae8129c	(untitled)	6	exact-normalized-lyrics	high-local-exact	5e09dadb-f03e-4b45-b8fa-7a825b7cdb46	5	e5a682c7-62e9-401e-94ce-af4dff412f71	Folk Fusion Lok Rang	English	gurukul	Other / Misc	cover-local	lyrics-ready	26	_radio_index/suno_backup/lyrics/2026-03-14_e5a682c7_untitled.txt
ut-dec6937d5ae8129c	(untitled)	6	exact-normalized-lyrics	high-local-exact	5e09dadb-f03e-4b45-b8fa-7a825b7cdb46	6	eec95412-60c5-41d3-b2f8-59313a044060	Folk Fusion Lok Rang	English	gurukul	Other / Misc	cover-local	lyrics-ready	26	_radio_index/suno_backup/lyrics/2026-03-14_eec95412_untitled.txt
ut-fc6e8be227b4738b	(untitled)	6	exact-normalized-lyrics	high-local-exact	22166f36-f1c8-4ca9-9452-f76ee29ff8c9	1	22166f36-f1c8-4ca9-9452-f76ee29ff8c9	Album Unassigned	English	gurukul	Other / Misc	cover-local	lyrics-ready	7	_radio_index/suno_backup/lyrics/2026-03-12_22166f36_untitled.txt
ut-fc6e8be227b4738b	(untitled)	6	exact-normalized-lyrics	high-local-exact	22166f36-f1c8-4ca9-9452-f76ee29ff8c9	2	92631fc4-6b9e-4dd2-9cd4-83870b8d3d71	Album Unassigned	English	gurukul	Other / Misc	cover-local	lyrics-ready	7	_radio_index/suno_backup/lyrics/2026-03-12_92631fc4_untitled.txt
ut-fc6e8be227b4738b	(untitled)	6	exact-normalized-lyrics	high-local-exact	22166f36-f1c8-4ca9-9452-f76ee29ff8c9	3	afb6c7b0-fbfc-4889-9c1c-361c8bba3ed4	Album Unassigned	English	gurukul	Other / Misc	cover-local	lyrics-ready	7	_radio_index/suno_backup/lyrics/2026-03-12_afb6c7b0_untitled.txt
ut-fc6e8be227b4738b	(untitled)	6	exact-normalized-lyrics	high-local-exact	22166f36-f1c8-4ca9-9452-f76ee29ff8c9	4	e2588540-4aee-4cff-a2d9-023f8e4c0e98	Album Unassigned	English	gurukul	Other / Misc	cover-local	lyrics-ready	7	_radio_index/suno_backup/lyrics/2026-03-12_e2588540_untitled.txt
ut-fc6e8be227b4738b	(untitled)	6	exact-normalized-lyrics	high-local-exact	22166f36-f1c8-4ca9-9452-f76ee29ff8c9	5	348fc72d-5a8b-4126-9498-c2f6cafc4a0e	Album Unassigned	Hindi	gurukul	Other / Misc	cover-local	lyrics-ready	7	_radio_index/suno_backup/lyrics/2026-03-12_348fc72d_untitled.txt
ut-fc6e8be227b4738b	(untitled)	6	exact-normalized-lyrics	high-local-exact	22166f36-f1c8-4ca9-9452-f76ee29ff8c9	6	bfac316f-83ab-44b3-8c61-080c6de6c036	Album Unassigned	Hindi	gurukul	Other / Misc	cover-local	lyrics-ready	7	_radio_index/suno_backup/lyrics/2026-03-12_bfac316f_untitled.txt
ut-ac3b082a03bd8580	First Comes the Word	6	exact-normalized-lyrics	high-local-exact	1a47a65a-030c-4a27-ba73-ee86926a4f85	1	1a47a65a-030c-4a27-ba73-ee86926a4f85	Album Unassigned	English	gurukul	Other / Misc	cover-local	lyrics-ready	51	_radio_index/suno_backup/lyrics/2026-03-11_1a47a65a_First Comes the Word.txt
ut-ac3b082a03bd8580	First Comes the Word	6	exact-normalized-lyrics	high-local-exact	1a47a65a-030c-4a27-ba73-ee86926a4f85	2	dc93e92b-de6b-4f68-be8d-4264d2eaf273	Album Unassigned	English	gurukul	Other / Misc	cover-local	lyrics-ready	51	_radio_index/suno_backup/lyrics/2026-03-11_dc93e92b_First Comes the Word.txt
ut-ac3b082a03bd8580	First Comes the Word	6	exact-normalized-lyrics	high-local-exact	1a47a65a-030c-4a27-ba73-ee86926a4f85	3	12e2bb46-4dc7-475b-8a89-61146e585918	Folk Fusion Lok Rang	Haryanvi	ameerpur	Haryanvi Folk	cover-local	lyrics-ready	51	_radio_index/suno_backup/lyrics/2026-03-11_12e2bb46_red compare.txt
ut-ac3b082a03bd8580	First Comes the Word	6	exact-normalized-lyrics	high-local-exact	1a47a65a-030c-4a27-ba73-ee86926a4f85	4	5d48bd7a-3499-431d-b9e1-a84103c69938	Hip-Hop Drill Rap	English	kabir-clubbing	Rap & Fusion	cover-local	lyrics-ready	51	_radio_index/suno_backup/lyrics/2026-03-11_5d48bd7a_red compare.txt
ut-ac3b082a03bd8580	First Comes the Word	6	exact-normalized-lyrics	high-local-exact	1a47a65a-030c-4a27-ba73-ee86926a4f85	5	854208c5-1a84-4ed7-b85c-5ecc3dda4952	Folk Fusion Lok Rang	Haryanvi	ameerpur	Haryanvi Folk	cover-local	lyrics-ready	51	_radio_index/suno_backup/lyrics/2026-03-11_854208c5_red compare.txt
ut-ac3b082a03bd8580	First Comes the Word	6	exact-normalized-lyrics	high-local-exact	1a47a65a-030c-4a27-ba73-ee86926a4f85	6	7b1e3079-09a2-4953-ba2a-ac65c94940f1	Folk Fusion Lok Rang	Haryanvi	ameerpur	Haryanvi Folk	cover-local	lyrics-ready	51	_radio_index/suno_backup/lyrics/2026-03-11_7b1e3079_red compare.txt
ut-935c7fbe5efdbb7d	kudru ki beti naagin	6	exact-normalized-lyrics	high-local-exact	770b4285-cc03-4121-9c55-4fd9e710a9ef	1	770b4285-cc03-4121-9c55-4fd9e710a9ef	Hip-Hop Drill Rap	English	kabir-clubbing	Rap & Fusion	cover-local	lyrics-ready	41	_radio_index/suno_backup/lyrics/2026-03-16_770b4285_kudru ki beti naagin.txt
ut-935c7fbe5efdbb7d	kudru ki beti naagin	6	exact-normalized-lyrics	high-local-exact	770b4285-cc03-4121-9c55-4fd9e710a9ef	2	011fd342-d778-41bf-9986-f10d95e00637	Naagin Mystic Aghor	English	gurukul	Other / Misc	cover-local	lyrics-ready	41	_radio_index/suno_backup/lyrics/2026-03-16_011fd342_Naaraayana Uunh.txt
ut-935c7fbe5efdbb7d	kudru ki beti naagin	6	exact-normalized-lyrics	high-local-exact	770b4285-cc03-4121-9c55-4fd9e710a9ef	3	830aef5d-267b-442b-800e-9335aa9c8cd4	Naagin Mystic Aghor	English	gurukul	Other / Misc	cover-local	lyrics-ready	41	_radio_index/suno_backup/lyrics/2026-03-16_830aef5d_Naaraayana Uunh.txt
ut-935c7fbe5efdbb7d	kudru ki beti naagin	6	exact-normalized-lyrics	high-local-exact	770b4285-cc03-4121-9c55-4fd9e710a9ef	4	d94d112f-aa24-4a8e-9f37-be6d81219f5e	Folk Fusion Lok Rang	Haryanvi	ameerpur	Haryanvi Folk	cover-local	lyrics-ready	41	_radio_index/suno_backup/lyrics/2026-03-16_d94d112f_Naaraayana Uunh.txt
ut-935c7fbe5efdbb7d	kudru ki beti naagin	6	exact-normalized-lyrics	high-local-exact	770b4285-cc03-4121-9c55-4fd9e710a9ef	5	f08167a7-810e-47ac-928d-b72cd95f99f9	Folk Fusion Lok Rang	Haryanvi	ameerpur	Haryanvi Folk	cover-local	lyrics-ready	41	_radio_index/suno_backup/lyrics/2026-03-16_f08167a7_Naaraayana Uunh.txt
ut-935c7fbe5efdbb7d	kudru ki beti naagin	6	exact-normalized-lyrics	high-local-exact	770b4285-cc03-4121-9c55-4fd9e710a9ef	6	f3c0d550-9297-4842-ba8b-b4a6118a71a6	Folk Fusion Lok Rang	Haryanvi	ameerpur	Haryanvi Folk	cover-local	lyrics-ready	41	_radio_index/suno_backup/lyrics/2026-03-16_f3c0d550_kudru ki beti naagin.txt
ut-ff7030938a8db85f	Sanatan Data	6	exact-normalized-lyrics	high-local-exact	3580b58a-f911-4e7a-a531-b00a0b28b285	1	3580b58a-f911-4e7a-a531-b00a0b28b285	Sanaatana Vedic Frequency	English	sanaatana-vaigyaniq	Sanatan & Vedic	cover-local	lyrics-ready	42	_radio_index/suno_backup/lyrics/2026-04-21_3580b58a_Sanatan Data.txt
ut-ff7030938a8db85f	Sanatan Data	6	exact-normalized-lyrics	high-local-exact	3580b58a-f911-4e7a-a531-b00a0b28b285	2	0e3e9b9c-f329-493b-a0a5-bc60ac1606d4	Sanaatana Vedic Frequency	English	sanaatana-vaigyaniq	Sanatan & Vedic	cover-local	lyrics-ready	42	_radio_index/suno_backup/lyrics/2026-04-21_0e3e9b9c_Sanatan Data (Backing Vocals).txt
ut-ff7030938a8db85f	Sanatan Data	6	exact-normalized-lyrics	high-local-exact	3580b58a-f911-4e7a-a531-b00a0b28b285	3	2df22d4b-e5ef-452e-9aae-60e2c60cfbb4	Sanaatana Vedic Frequency	English	sanaatana-vaigyaniq	Sanatan & Vedic	cover-local	lyrics-ready	42	_radio_index/suno_backup/lyrics/2026-04-21_2df22d4b_Sanatan Data (Backing Vocals).txt
ut-ff7030938a8db85f	Sanatan Data	6	exact-normalized-lyrics	high-local-exact	3580b58a-f911-4e7a-a531-b00a0b28b285	4	ebd8e4bb-3d61-4661-89bf-5f04d9c473fe	Sanaatana Vedic Frequency	English	sanaatana-vaigyaniq	Sanatan & Vedic	cover-local	lyrics-ready	42	_radio_index/suno_backup/lyrics/2026-04-21_ebd8e4bb_Sanatan Data (Vocals).txt
ut-ff7030938a8db85f	Sanatan Data	6	exact-normalized-lyrics	high-local-exact	3580b58a-f911-4e7a-a531-b00a0b28b285	5	fad79731-3877-425f-a565-dc7a091f1209	Sanaatana Vedic Frequency	English	sanaatana-vaigyaniq	Sanatan & Vedic	cover-local	lyrics-ready	42	_radio_index/suno_backup/lyrics/2026-04-21_fad79731_Sanatan Data (Vocals).txt
ut-ff7030938a8db85f	Sanatan Data	6	exact-normalized-lyrics	high-local-exact	3580b58a-f911-4e7a-a531-b00a0b28b285	6	3225dd25-cc33-46f2-a2ae-25251f5514bd	Sanaatana Vedic Frequency	Sanskrit	sanaatana-vaigyaniq	Sanatan & Vedic	cover-local	lyrics-ready	42	_radio_index/suno_backup/lyrics/2026-04-21_3225dd25_Sanatan Data.txt
ut-3bcb1be1a60a2cb8	superman	6	exact-normalized-lyrics	high-local-exact	78837c54-c069-4a21-9043-052477368de3	1	78837c54-c069-4a21-9043-052477368de3	Hip-Hop Drill Rap	English	kabir-clubbing	Rap & Fusion	cover-local	lyrics-ready	74	_radio_index/suno_backup/lyrics/2026-03-10_78837c54_superman.txt
ut-3bcb1be1a60a2cb8	superman	6	exact-normalized-lyrics	high-local-exact	78837c54-c069-4a21-9043-052477368de3	2	8c4d0b31-24ca-46ea-8d9e-01e80745e77f	Hip-Hop Drill Rap	English	kabir-clubbing	Rap & Fusion	cover-local	lyrics-ready	74	_radio_index/suno_backup/lyrics/2026-03-10_8c4d0b31_superman.txt
ut-3bcb1be1a60a2cb8	superman	6	exact-normalized-lyrics	high-local-exact	78837c54-c069-4a21-9043-052477368de3	3	99e3f540-91d6-46d9-a363-a20ab43ac51d	Hip-Hop Drill Rap	English	kabir-clubbing	Rap & Fusion	cover-local	lyrics-ready	74	_radio_index/suno_backup/lyrics/2026-03-10_99e3f540_superman.txt
ut-3bcb1be1a60a2cb8	superman	6	exact-normalized-lyrics	high-local-exact	78837c54-c069-4a21-9043-052477368de3	4	9a171e56-f4d0-4e86-8dd8-b88e38cfe848	Hip-Hop Drill Rap	English	kabir-clubbing	Rap & Fusion	cover-local	lyrics-ready	74	_radio_index/suno_backup/lyrics/2026-03-10_9a171e56_superman.txt
ut-3bcb1be1a60a2cb8	superman	6	exact-normalized-lyrics	high-local-exact	78837c54-c069-4a21-9043-052477368de3	5	c964708d-4954-4972-bfd9-eb13399ed835	Hip-Hop Drill Rap	English	kabir-clubbing	Rap & Fusion	cover-local	lyrics-ready	74	_radio_index/suno_backup/lyrics/2026-03-10_c964708d_superman.txt
ut-3bcb1be1a60a2cb8	superman	6	exact-normalized-lyrics	high-local-exact	78837c54-c069-4a21-9043-052477368de3	6	d053cd05-5b69-4079-b2af-485b0e656142	Folk Fusion Lok Rang	Haryanvi	ameerpur	Haryanvi Folk	cover-local	lyrics-ready	74	_radio_index/suno_backup/lyrics/2026-03-10_d053cd05_superman.txt
ut-4b8b4b6ffc27f754	इतनी करीब आ जाती है	6	exact-normalized-lyrics	high-local-exact	6c333810-2183-40c8-91a7-bd198ff98290	1	6c333810-2183-40c8-91a7-bd198ff98290	Hip-Hop Drill Rap	Hindi	kabir-clubbing	Rap & Fusion	cover-local	lyrics-ready	36	_radio_index/suno_backup/lyrics/2026-04-30_6c333810_बेधड़क करीब.txt
ut-4b8b4b6ffc27f754	इतनी करीब आ जाती है	6	exact-normalized-lyrics	high-local-exact	6c333810-2183-40c8-91a7-bd198ff98290	2	b621900d-687c-4fdb-8eb9-638c8124b1e4	Hip-Hop Drill Rap	Hindi	kabir-clubbing	Rap & Fusion	cover-local	lyrics-ready	36	_radio_index/suno_backup/lyrics/2026-04-30_b621900d_बे....txt
ut-4b8b4b6ffc27f754	इतनी करीब आ जाती है	6	exact-normalized-lyrics	high-local-exact	6c333810-2183-40c8-91a7-bd198ff98290	3	decc359e-6a2c-4531-8b3c-f829ac5700be	Hip-Hop Drill Rap	Hindi	kabir-clubbing	Rap & Fusion	cover-local	lyrics-ready	36	_radio_index/suno_backup/lyrics/2026-04-30_decc359e_बे....txt
ut-4b8b4b6ffc27f754	इतनी करीब आ जाती है	6	exact-normalized-lyrics	high-local-exact	6c333810-2183-40c8-91a7-bd198ff98290	4	534e2457-1af3-4ffb-92cb-4d53662c9940	Hip-Hop Drill Rap	Hindi	kabir-clubbing	Rap & Fusion	cover-local	lyrics-ready	36	_radio_index/suno_backup/lyrics/2026-04-30_534e2457_बे... थमसी आती है.txt
ut-4b8b4b6ffc27f754	इतनी करीब आ जाती है	6	exact-normalized-lyrics	high-local-exact	6c333810-2183-40c8-91a7-bd198ff98290	5	f7390bf3-2335-444e-baed-c5e5cd17cfc1	Hip-Hop Drill Rap	Hindi	kabir-clubbing	Rap & Fusion	cover-local	lyrics-ready	36	_radio_index/suno_backup/lyrics/2026-04-30_f7390bf3_बे... थमसी आती है.txt
ut-4b8b4b6ffc27f754	इतनी करीब आ जाती है	6	exact-normalized-lyrics	high-local-exact	6c333810-2183-40c8-91a7-bd198ff98290	6	ee8a117b-ef9c-4b4e-9cbe-9d314232d018	Hip-Hop Drill Rap	Hindi	kabir-clubbing	Rap & Fusion	cover-local	lyrics-ready	36	_radio_index/suno_backup/lyrics/2026-04-30_ee8a117b_बेधड़क करीब.txt
ut-9d836915cdfbce8a	गुमान था कि तन्हाई में सुकूँ मिलेगा मुझे	6	exact-normalized-lyrics	high-local-exact	8d30c99c-2bb7-4bcc-b193-5a78f1af4af6	1	8d30c99c-2bb7-4bcc-b193-5a78f1af4af6	Hip-Hop Drill Rap	Hindi	kabir-clubbing	Rap & Fusion	cover-local	lyrics-ready	48	_radio_index/suno_backup/lyrics/2026-04-16_8d30c99c_लम्स-ए-हवा.txt
ut-9d836915cdfbce8a	गुमान था कि तन्हाई में सुकूँ मिलेगा मुझे	6	exact-normalized-lyrics	high-local-exact	8d30c99c-2bb7-4bcc-b193-5a78f1af4af6	2	e7c87a7c-4f0b-438c-8846-2b6ff056e7a6	Classical Raga Darbar	Hindi	sanaatana-vaigyaniq	Classical & Raag	cover-local	lyrics-ready	48	_radio_index/suno_backup/lyrics/2026-04-16_e7c87a7c_लम्स-ए-हवा.txt
ut-9d836915cdfbce8a	गुमान था कि तन्हाई में सुकूँ मिलेगा मुझे	6	exact-normalized-lyrics	high-local-exact	8d30c99c-2bb7-4bcc-b193-5a78f1af4af6	3	143c21d0-d594-407b-b732-0b8d048a530c	Classical Raga Darbar	Hindi	sanaatana-vaigyaniq	Classical & Raag	cover-local	lyrics-ready	48	_radio_index/suno_backup/lyrics/2026-04-16_143c21d0_सर्द झोंके.txt
ut-9d836915cdfbce8a	गुमान था कि तन्हाई में सुकूँ मिलेगा मुझे	6	exact-normalized-lyrics	high-local-exact	8d30c99c-2bb7-4bcc-b193-5a78f1af4af6	4	4086da7e-a7d2-40ff-8851-44664db08a56	Classical Raga Darbar	Hindi	sanaatana-vaigyaniq	Classical & Raag	cover-local	lyrics-ready	48	_radio_index/suno_backup/lyrics/2026-04-16_4086da7e_सर्द झोंके.txt
ut-9d836915cdfbce8a	गुमान था कि तन्हाई में सुकूँ मिलेगा मुझे	6	exact-normalized-lyrics	high-local-exact	8d30c99c-2bb7-4bcc-b193-5a78f1af4af6	5	01bede88-dab1-420a-a9d1-2fd6f4f8b71b	Classical Raga Darbar	Hindi	sanaatana-vaigyaniq	Classical & Raag	cover-local	lyrics-ready	48	_radio_index/suno_backup/lyrics/2026-04-16_01bede88_सर्द झोंके-ड्रिल.txt
ut-9d836915cdfbce8a	गुमान था कि तन्हाई में सुकूँ मिलेगा मुझे	6	exact-normalized-lyrics	high-local-exact	8d30c99c-2bb7-4bcc-b193-5a78f1af4af6	6	f3d54008-8c4c-4587-9e7f-360cd09bb378	Classical Raga Darbar	Hindi	sanaatana-vaigyaniq	Classical & Raag	cover-local	lyrics-ready	48	_radio_index/suno_backup/lyrics/2026-04-16_f3d54008_सर्द झोंके-ड्रिल.txt
ut-e931db592fe79abf	बम बाबा बम भोला	6	exact-normalized-lyrics	high-local-exact	00702de5-9189-4230-8040-d9c213a28c7c	1	00702de5-9189-4230-8040-d9c213a28c7c	Sanaatana Vedic Frequency	Sanskrit	sanaatana-vaigyaniq	Sanatan & Vedic	cover-local	lyrics-ready	35	_radio_index/suno_backup/lyrics/2026-05-15_00702de5_बम बाबा बम भोला.txt
ut-e931db592fe79abf	बम बाबा बम भोला	6	exact-normalized-lyrics	high-local-exact	00702de5-9189-4230-8040-d9c213a28c7c	2	04511a31-131b-44c4-a3a6-d3daa32e8026	Sanaatana Vedic Frequency	Sanskrit	sanaatana-vaigyaniq	Sanatan & Vedic	cover-local	lyrics-ready	35	_radio_index/suno_backup/lyrics/2026-05-15_04511a31_बम बाबा बम भोला.txt
ut-e931db592fe79abf	बम बाबा बम भोला	6	exact-normalized-lyrics	high-local-exact	00702de5-9189-4230-8040-d9c213a28c7c	3	7e3ed4ad-570a-4867-849a-9eae418e6564	Album Unassigned	Hindi	gurukul	Other / Misc	cover-local	lyrics-ready	35	_radio_index/suno_backup/lyrics/2026-05-15_7e3ed4ad_बम भोला बम.txt
ut-e931db592fe79abf	बम बाबा बम भोला	6	exact-normalized-lyrics	high-local-exact	00702de5-9189-4230-8040-d9c213a28c7c	4	c180868a-e9f9-4af0-b85f-9e47ea6a94a0	Album Unassigned	Hindi	gurukul	Other / Misc	cover-local	lyrics-ready	35	_radio_index/suno_backup/lyrics/2026-05-15_c180868a_बम भोला बम.txt
ut-e931db592fe79abf	बम बाबा बम भोला	6	exact-normalized-lyrics	high-local-exact	00702de5-9189-4230-8040-d9c213a28c7c	5	7c43c6d1-991a-46e1-b557-7e9b8528b4a3	Album Unassigned	Hindi	gurukul	Other / Misc	cover-local	lyrics-ready	35	_radio_index/suno_backup/lyrics/2026-05-15_7c43c6d1_भगवा चोला.txt
ut-e931db592fe79abf	बम बाबा बम भोला	6	exact-normalized-lyrics	high-local-exact	00702de5-9189-4230-8040-d9c213a28c7c	6	acce7b02-b36e-4aa7-8bc4-899e425e1f7f	Album Unassigned	Hindi	gurukul	Other / Misc	cover-local	lyrics-ready	35	_radio_index/suno_backup/lyrics/2026-05-15_acce7b02_भगवा चोला.txt
ut-194dbdf872dfaade	(untitled)	4	exact-normalized-lyrics	high-local-exact	043fd8db-51e3-4bcf-a025-7c0e9e70d65e	1	043fd8db-51e3-4bcf-a025-7c0e9e70d65e	Album Unassigned	English	gurukul	Other / Misc	cover-local	lyrics-ready	24	_radio_index/suno_backup/lyrics/2026-03-14_043fd8db_untitled.txt
ut-194dbdf872dfaade	(untitled)	4	exact-normalized-lyrics	high-local-exact	043fd8db-51e3-4bcf-a025-7c0e9e70d65e	2	370a4d03-deca-434e-9414-305c4a1a849f	Album Unassigned	English	gurukul	Other / Misc	cover-local	lyrics-ready	24	_radio_index/suno_backup/lyrics/2026-03-14_370a4d03_untitled.txt
ut-194dbdf872dfaade	(untitled)	4	exact-normalized-lyrics	high-local-exact	043fd8db-51e3-4bcf-a025-7c0e9e70d65e	3	3ce196ce-9876-4bc9-8d96-a2d296db8b1c	Hip-Hop Drill Rap	English	kabir-clubbing	Rap & Fusion	cover-local	lyrics-ready	24	_radio_index/suno_backup/lyrics/2026-03-14_3ce196ce_untitled.txt
ut-194dbdf872dfaade	(untitled)	4	exact-normalized-lyrics	high-local-exact	043fd8db-51e3-4bcf-a025-7c0e9e70d65e	4	083ed8dc-672d-423d-bda9-9714b4ae62f4	Folk Fusion Lok Rang	Haryanvi	ameerpur	Haryanvi Folk	cover-local	lyrics-ready	24	_radio_index/suno_backup/lyrics/2026-03-14_083ed8dc_untitled.txt
ut-22400dbd9bff3d5b	(untitled)	4	exact-normalized-lyrics	high-local-exact	709d0eb7-9410-4ef3-ab3f-b36462a15a6c	1	709d0eb7-9410-4ef3-ab3f-b36462a15a6c	Haryanvi Maati Ragni	English	gurukul	Other / Misc	cover-local	lyrics-ready	27	_radio_index/suno_backup/lyrics/2026-03-14_709d0eb7_untitled.txt
ut-22400dbd9bff3d5b	(untitled)	4	exact-normalized-lyrics	high-local-exact	709d0eb7-9410-4ef3-ab3f-b36462a15a6c	2	a55e5fb9-1715-4647-ba0a-9cc10d0cdead	Haryanvi Maati Ragni	English	gurukul	Other / Misc	cover-local	lyrics-ready	27	_radio_index/suno_backup/lyrics/2026-03-14_a55e5fb9_untitled.txt
ut-22400dbd9bff3d5b	(untitled)	4	exact-normalized-lyrics	high-local-exact	709d0eb7-9410-4ef3-ab3f-b36462a15a6c	3	ceb76bb6-5502-4d7e-8c67-0273d1e4404c	Sanaatana Vedic Frequency	English	sanaatana-vaigyaniq	Sanatan & Vedic	cover-local	lyrics-ready	27	_radio_index/suno_backup/lyrics/2026-03-14_ceb76bb6_untitled.txt
ut-22400dbd9bff3d5b	(untitled)	4	exact-normalized-lyrics	high-local-exact	709d0eb7-9410-4ef3-ab3f-b36462a15a6c	4	1883b6f9-b6fb-44d5-98e4-a32b63d3fd5a	Sanaatana Vedic Frequency	Sanskrit	sanaatana-vaigyaniq	Sanatan & Vedic	cover-local	lyrics-ready	27	_radio_index/suno_backup/lyrics/2026-03-14_1883b6f9_untitled.txt
ut-28666292d158ab56	(untitled)	4	exact-normalized-lyrics	high-local-exact	400320f5-5add-4c1b-ab1d-a32f4e351b71	1	400320f5-5add-4c1b-ab1d-a32f4e351b71	Folk Fusion Lok Rang	English	gurukul	Other / Misc	cover-local	lyrics-ready	26	_radio_index/suno_backup/lyrics/2026-03-28_400320f5_untitled.txt
ut-28666292d158ab56	(untitled)	4	exact-normalized-lyrics	high-local-exact	400320f5-5add-4c1b-ab1d-a32f4e351b71	2	9b949712-cb52-489b-89a8-c9c2c9b52db2	Folk Fusion Lok Rang	English	sanaatana-vaigyaniq	Classical & Raag	cover-local	lyrics-ready	26	_radio_index/suno_backup/lyrics/2026-03-28_9b949712_untitled.txt
ut-28666292d158ab56	(untitled)	4	exact-normalized-lyrics	high-local-exact	400320f5-5add-4c1b-ab1d-a32f4e351b71	3	b1dc4291-5dbc-4d58-8b74-4b5021142672	Folk Fusion Lok Rang	English	gurukul	Other / Misc	cover-local	lyrics-ready	26	_radio_index/suno_backup/lyrics/2026-03-28_b1dc4291_untitled.txt
ut-28666292d158ab56	(untitled)	4	exact-normalized-lyrics	high-local-exact	400320f5-5add-4c1b-ab1d-a32f4e351b71	4	83603ef3-3ea0-4277-a309-8bfaadcd9dbc	Bhakti Katha Devotional	Hindi	kabir-clubbing	Bhakti & Katha	cover-local	lyrics-ready	26	_radio_index/suno_backup/lyrics/2026-03-28_83603ef3_untitled.txt
ut-35ddc0db7dd85954	(untitled)	4	exact-normalized-lyrics	high-local-exact	1a7174d9-5a96-48f4-8450-a514eb467683	1	1a7174d9-5a96-48f4-8450-a514eb467683	Neural AI Radio Lab	English	gurukul	Other / Misc	cover-local	lyrics-ready	37	_radio_index/suno_backup/lyrics/2026-03-13_1a7174d9_untitled.txt
ut-35ddc0db7dd85954	(untitled)	4	exact-normalized-lyrics	high-local-exact	1a7174d9-5a96-48f4-8450-a514eb467683	2	73bf25b9-85ef-4617-b2e5-a0e356092784	Cinematic Cosmic Epics	English	gurukul	Other / Misc	cover-local	lyrics-ready	37	_radio_index/suno_backup/lyrics/2026-03-13_73bf25b9_untitled.txt
ut-35ddc0db7dd85954	(untitled)	4	exact-normalized-lyrics	high-local-exact	1a7174d9-5a96-48f4-8450-a514eb467683	3	e3fd30cb-9358-4914-9195-11c40c5b76b7	Cinematic Cosmic Epics	English	gurukul	Other / Misc	cover-local	lyrics-ready	37	_radio_index/suno_backup/lyrics/2026-03-13_e3fd30cb_untitled.txt
ut-35ddc0db7dd85954	(untitled)	4	exact-normalized-lyrics	high-local-exact	1a7174d9-5a96-48f4-8450-a514eb467683	4	ed23ef25-ed22-4f98-8326-7048a173f950	Desh Veer Patriotic	Hindi	ameerpur	Desh / Patriotic	cover-local	lyrics-ready	37	_radio_index/suno_backup/lyrics/2026-03-13_ed23ef25_untitled.txt
ut-384dadfc33ed4529	(untitled)	4	exact-normalized-lyrics	high-local-exact	37323280-425b-4fde-b2c9-385619da2dce	1	37323280-425b-4fde-b2c9-385619da2dce	Album Unassigned	English	gurukul	Other / Misc	cover-local	lyrics-ready	55	_radio_index/suno_backup/lyrics/2026-03-25_37323280_untitled.txt
ut-384dadfc33ed4529	(untitled)	4	exact-normalized-lyrics	high-local-exact	37323280-425b-4fde-b2c9-385619da2dce	2	631a4c65-636f-4b24-aeea-1d3c99c8f664	Album Unassigned	English	gurukul	Other / Misc	cover-local	lyrics-ready	55	_radio_index/suno_backup/lyrics/2026-03-25_631a4c65_untitled.txt
ut-384dadfc33ed4529	(untitled)	4	exact-normalized-lyrics	high-local-exact	37323280-425b-4fde-b2c9-385619da2dce	3	bec3e96c-fe0e-4577-a229-e39d1d8af390	Album Unassigned	English	gurukul	Other / Misc	cover-local	lyrics-ready	55	_radio_index/suno_backup/lyrics/2026-03-31_bec3e96c_untitled.txt
ut-384dadfc33ed4529	(untitled)	4	exact-normalized-lyrics	high-local-exact	37323280-425b-4fde-b2c9-385619da2dce	4	53d6b687-9225-46f0-a82d-448af2a35562	Sanaatana Vedic Frequency	English	sanaatana-vaigyaniq	Sanatan & Vedic	cover-local	lyrics-ready	55	_radio_index/suno_backup/lyrics/2026-03-31_53d6b687_untitled.txt
ut-38a71af13e2611c5	(untitled)	4	exact-normalized-lyrics	high-local-exact	52951995-1c96-40b6-ab48-93b43e9bd488	1	52951995-1c96-40b6-ab48-93b43e9bd488	Jogi Malang Phakkad	English	gurukul	Other / Misc	cover-local	lyrics-ready	39	_radio_index/suno_backup/lyrics/2026-03-26_52951995_untitled.txt
ut-38a71af13e2611c5	(untitled)	4	exact-normalized-lyrics	high-local-exact	52951995-1c96-40b6-ab48-93b43e9bd488	2	ac50152c-f82a-4333-bef4-0b7a404e8399	Hip-Hop Drill Rap	English	kabir-clubbing	Rap & Fusion	cover-local	lyrics-ready	39	_radio_index/suno_backup/lyrics/2026-03-26_ac50152c_untitled.txt
ut-38a71af13e2611c5	(untitled)	4	exact-normalized-lyrics	high-local-exact	52951995-1c96-40b6-ab48-93b43e9bd488	3	c9e3d20d-1c8f-4301-8f48-b90bcad4dbbf	Jogi Malang Phakkad	English	gurukul	Other / Misc	cover-local	lyrics-ready	39	_radio_index/suno_backup/lyrics/2026-03-26_c9e3d20d_untitled.txt
ut-38a71af13e2611c5	(untitled)	4	exact-normalized-lyrics	high-local-exact	52951995-1c96-40b6-ab48-93b43e9bd488	4	dcc995be-7ebf-4fd1-8ad6-c5afa618439d	Sanaatana Vedic Frequency	Sanskrit	sanaatana-vaigyaniq	Sanatan & Vedic	cover-local	lyrics-ready	39	_radio_index/suno_backup/lyrics/2026-03-26_dcc995be_untitled.txt
ut-4dd86843132cb927	(untitled)	4	exact-normalized-lyrics	high-local-exact	0902ef6d-8f19-458b-b932-855765d1dcd1	1	0902ef6d-8f19-458b-b932-855765d1dcd1	Sanaatana Vedic Frequency	English	sanaatana-vaigyaniq	Sanatan & Vedic	cover-local	lyrics-ready	177	_radio_index/suno_backup/lyrics/2026-03-15_0902ef6d_untitled.txt
ut-4dd86843132cb927	(untitled)	4	exact-normalized-lyrics	high-local-exact	0902ef6d-8f19-458b-b932-855765d1dcd1	2	399e2400-18cc-4988-ac09-c3fbc115916f	Love Virah Ghazal	English	ameerpur	Love & Virah	cover-local	lyrics-ready	177	_radio_index/suno_backup/lyrics/2026-03-15_399e2400_untitled.txt
ut-4dd86843132cb927	(untitled)	4	exact-normalized-lyrics	high-local-exact	0902ef6d-8f19-458b-b932-855765d1dcd1	3	ff00e623-ff9b-4092-8866-9a775e6de626	Sanaatana Vedic Frequency	English	sanaatana-vaigyaniq	Sanatan & Vedic	cover-local	lyrics-ready	177	_radio_index/suno_backup/lyrics/2026-03-15_ff00e623_untitled.txt
ut-4dd86843132cb927	(untitled)	4	exact-normalized-lyrics	high-local-exact	0902ef6d-8f19-458b-b932-855765d1dcd1	4	fe0a5f9a-addb-4bcf-8cec-503ccf732ea0	Bhakti Katha Devotional	Hindi	kabir-clubbing	Bhakti & Katha	cover-local	lyrics-ready	177	_radio_index/suno_backup/lyrics/2026-03-15_fe0a5f9a_untitled.txt
ut-51e9bfd47da63486	(untitled)	4	exact-normalized-lyrics	high-local-exact	0b19285e-3b76-42bf-80ae-41d8fde84fea	1	0b19285e-3b76-42bf-80ae-41d8fde84fea	Hip-Hop Drill Rap	English	kabir-clubbing	Rap & Fusion	cover-local	lyrics-ready	74	_radio_index/suno_backup/lyrics/2026-03-12_0b19285e_untitled.txt
ut-51e9bfd47da63486	(untitled)	4	exact-normalized-lyrics	high-local-exact	0b19285e-3b76-42bf-80ae-41d8fde84fea	2	a98dfdd6-8325-4c7e-85d1-a763d9a47e83	Folk Fusion Lok Rang	Haryanvi	ameerpur	Haryanvi Folk	cover-local	lyrics-ready	74	_radio_index/suno_backup/lyrics/2026-03-12_a98dfdd6_untitled.txt
ut-51e9bfd47da63486	(untitled)	4	exact-normalized-lyrics	high-local-exact	0b19285e-3b76-42bf-80ae-41d8fde84fea	3	e9ed9222-9fbc-46ee-8946-506aaa0fa006	Hip-Hop Drill Rap	English	kabir-clubbing	Rap & Fusion	cover-local	lyrics-ready	74	_radio_index/suno_backup/lyrics/2026-03-12_e9ed9222_untitled.txt
ut-51e9bfd47da63486	(untitled)	4	exact-normalized-lyrics	high-local-exact	0b19285e-3b76-42bf-80ae-41d8fde84fea	4	ec1e421e-953b-4a94-b3d8-1844bc19fcb6	Folk Fusion Lok Rang	Haryanvi	ameerpur	Haryanvi Folk	cover-local	lyrics-ready	74	_radio_index/suno_backup/lyrics/2026-03-12_ec1e421e_untitled.txt
ut-531d2ddec7a10405	(untitled)	4	exact-normalized-lyrics	high-local-exact	1795fde2-4568-429d-86af-bfc929504dc6	1	1795fde2-4568-429d-86af-bfc929504dc6	Sanaatana Vedic Frequency	English	sanaatana-vaigyaniq	Sanatan & Vedic	cover-local	lyrics-ready	38	_radio_index/suno_backup/lyrics/2026-03-19_1795fde2_untitled.txt
ut-531d2ddec7a10405	(untitled)	4	exact-normalized-lyrics	high-local-exact	1795fde2-4568-429d-86af-bfc929504dc6	2	7895a9b2-a1dc-4fee-8ac4-44a096b2c6a8	Album Unassigned	English	gurukul	Other / Misc	cover-local	lyrics-ready	38	_radio_index/suno_backup/lyrics/2026-03-19_7895a9b2_untitled.txt
ut-531d2ddec7a10405	(untitled)	4	exact-normalized-lyrics	high-local-exact	1795fde2-4568-429d-86af-bfc929504dc6	3	e4415236-01a9-49bb-a68a-359e7f67f091	Album Unassigned	English	gurukul	Other / Misc	cover-local	lyrics-ready	38	_radio_index/suno_backup/lyrics/2026-03-19_e4415236_untitled.txt
ut-531d2ddec7a10405	(untitled)	4	exact-normalized-lyrics	high-local-exact	1795fde2-4568-429d-86af-bfc929504dc6	4	85859d74-b474-4661-aa75-df60336c7497	Sanaatana Vedic Frequency	Sanskrit	sanaatana-vaigyaniq	Sanatan & Vedic	cover-local	lyrics-ready	38	_radio_index/suno_backup/lyrics/2026-03-19_85859d74_untitled.txt
ut-5542915a6658f408	(untitled)	4	exact-normalized-lyrics	high-local-exact	0cf02bcf-c380-42a6-baba-564f159d1717	1	0cf02bcf-c380-42a6-baba-564f159d1717	Neural AI Radio Lab	English	gurukul	Other / Misc	cover-local	lyrics-ready	43	_radio_index/suno_backup/lyrics/2026-03-28_0cf02bcf_untitled.txt
ut-5542915a6658f408	(untitled)	4	exact-normalized-lyrics	high-local-exact	0cf02bcf-c380-42a6-baba-564f159d1717	2	41cbd44d-470c-442b-9747-3da9f5052256	Album Unassigned	English	gurukul	Other / Misc	cover-local	lyrics-ready	43	_radio_index/suno_backup/lyrics/2026-03-28_41cbd44d_untitled.txt
ut-5542915a6658f408	(untitled)	4	exact-normalized-lyrics	high-local-exact	0cf02bcf-c380-42a6-baba-564f159d1717	3	dac78322-f9d7-4d52-a059-a227443c746c	Album Unassigned	English	gurukul	Other / Misc	cover-local	lyrics-ready	43	_radio_index/suno_backup/lyrics/2026-03-28_dac78322_untitled.txt
ut-5542915a6658f408	(untitled)	4	exact-normalized-lyrics	high-local-exact	0cf02bcf-c380-42a6-baba-564f159d1717	4	3139ea17-9462-4aa7-998a-06ca08e7d1ac	Sanaatana Vedic Frequency	Sanskrit	sanaatana-vaigyaniq	Sanatan & Vedic	cover-local	lyrics-ready	43	_radio_index/suno_backup/lyrics/2026-03-28_3139ea17_untitled.txt
ut-592309ff79df442f	(untitled)	4	exact-normalized-lyrics	high-local-exact	46605d07-d37f-48d9-bd6d-18f37e1a89ec	1	46605d07-d37f-48d9-bd6d-18f37e1a89ec	Cinematic Cosmic Epics	English	gurukul	Other / Misc	cover-local	lyrics-ready	62	_radio_index/suno_backup/lyrics/2026-03-13_46605d07_untitled.txt
ut-592309ff79df442f	(untitled)	4	exact-normalized-lyrics	high-local-exact	46605d07-d37f-48d9-bd6d-18f37e1a89ec	2	7e5a3f73-64be-400c-bb83-e8e555d1f02c	Cinematic Cosmic Epics	English	gurukul	Other / Misc	cover-local	lyrics-ready	62	_radio_index/suno_backup/lyrics/2026-03-13_7e5a3f73_untitled.txt
ut-592309ff79df442f	(untitled)	4	exact-normalized-lyrics	high-local-exact	46605d07-d37f-48d9-bd6d-18f37e1a89ec	3	8ea9fe01-f585-4b67-a33d-2d2079ccada8	Cinematic Cosmic Epics	English	gurukul	Other / Misc	cover-local	lyrics-ready	62	_radio_index/suno_backup/lyrics/2026-03-13_8ea9fe01_untitled.txt
ut-592309ff79df442f	(untitled)	4	exact-normalized-lyrics	high-local-exact	46605d07-d37f-48d9-bd6d-18f37e1a89ec	4	2a0e9125-5a5d-4c09-a4e9-c2554b3dbd7e	Sanaatana Vedic Frequency	Sanskrit	sanaatana-vaigyaniq	Sanatan & Vedic	cover-local	lyrics-ready	62	_radio_index/suno_backup/lyrics/2026-03-13_2a0e9125_untitled.txt
ut-88b6627757bb9671	(untitled)	4	exact-normalized-lyrics	high-local-exact	14ce1222-9f05-4f2f-bcdd-c9b871cca5a1	1	14ce1222-9f05-4f2f-bcdd-c9b871cca5a1	Hip-Hop Drill Rap	English	kabir-clubbing	Rap & Fusion	cover-local	lyrics-ready	57	_radio_index/suno_backup/lyrics/2026-03-19_14ce1222_untitled.txt
ut-88b6627757bb9671	(untitled)	4	exact-normalized-lyrics	high-local-exact	14ce1222-9f05-4f2f-bcdd-c9b871cca5a1	2	3bd10216-5f47-4506-8828-9fc84e552bba	Hip-Hop Drill Rap	English	kabir-clubbing	Rap & Fusion	cover-local	lyrics-ready	57	_radio_index/suno_backup/lyrics/2026-03-19_3bd10216_untitled.txt
ut-88b6627757bb9671	(untitled)	4	exact-normalized-lyrics	high-local-exact	14ce1222-9f05-4f2f-bcdd-c9b871cca5a1	3	7c657b60-4bbc-4e9f-90d4-2d42575ca1c6	Folk Fusion Lok Rang	Haryanvi	ameerpur	Haryanvi Folk	cover-local	lyrics-ready	57	_radio_index/suno_backup/lyrics/2026-03-19_7c657b60_untitled.txt
ut-88b6627757bb9671	(untitled)	4	exact-normalized-lyrics	high-local-exact	14ce1222-9f05-4f2f-bcdd-c9b871cca5a1	4	448602fe-eb24-4bcd-9a1a-2d3d00a4c21b	Folk Fusion Lok Rang	Haryanvi	ameerpur	Haryanvi Folk	cover-local	lyrics-ready	57	_radio_index/suno_backup/lyrics/2026-03-19_448602fe_untitled.txt
ut-9ef698dc8fd0e8ac	(untitled)	4	exact-normalized-lyrics	high-local-exact	d9c620a9-bac1-48e7-ab58-17bf6968d47a	1	d9c620a9-bac1-48e7-ab58-17bf6968d47a	Hip-Hop Drill Rap	English	gurukul	Other / Misc	cover-local	lyrics-ready	25	_radio_index/suno_backup/lyrics/2026-03-31_d9c620a9_untitled.txt
ut-9ef698dc8fd0e8ac	(untitled)	4	exact-normalized-lyrics	high-local-exact	d9c620a9-bac1-48e7-ab58-17bf6968d47a	2	52e21e25-80af-4053-a195-24884c96e8be	Neural AI Radio Lab	English	gurukul	Other / Misc	cover-local	lyrics-ready	25	_radio_index/suno_backup/lyrics/2026-03-10_52e21e25_sannata.txt
ut-9ef698dc8fd0e8ac	(untitled)	4	exact-normalized-lyrics	high-local-exact	d9c620a9-bac1-48e7-ab58-17bf6968d47a	3	90a76515-aa8d-4b2a-9a7a-71e21acfebe1	Neural AI Radio Lab	English	gurukul	Other / Misc	cover-local	lyrics-ready	25	_radio_index/suno_backup/lyrics/2026-03-10_90a76515_sannata.txt
ut-9ef698dc8fd0e8ac	(untitled)	4	exact-normalized-lyrics	high-local-exact	d9c620a9-bac1-48e7-ab58-17bf6968d47a	4	77a5f693-5564-40c9-8b50-75d5eabe64f6	Hip-Hop Drill Rap	Hindi	kabir-clubbing	Rap & Fusion	cover-local	lyrics-ready	25	_radio_index/suno_backup/lyrics/2026-03-31_77a5f693_untitled.txt
ut-a504232276e4b4b1	(untitled)	4	exact-normalized-lyrics	high-local-exact	98fd044c-85e8-4661-bfd1-c295679b7801	1	98fd044c-85e8-4661-bfd1-c295679b7801	Bhakti Katha Devotional	English	kabir-clubbing	Bhakti & Katha	cover-local	lyrics-ready	13	_radio_index/suno_backup/lyrics/2026-03-15_98fd044c_untitled.txt
ut-a504232276e4b4b1	(untitled)	4	exact-normalized-lyrics	high-local-exact	98fd044c-85e8-4661-bfd1-c295679b7801	2	ca39964f-fe6f-417b-8869-8ff0a2749fab	Bhakti Katha Devotional	English	kabir-clubbing	Bhakti & Katha	cover-local	lyrics-ready	13	_radio_index/suno_backup/lyrics/2026-03-15_ca39964f_untitled.txt
ut-a504232276e4b4b1	(untitled)	4	exact-normalized-lyrics	high-local-exact	98fd044c-85e8-4661-bfd1-c295679b7801	3	e7732295-f853-4506-ac1f-9ba75d645982	Album Unassigned	English	gurukul	Other / Misc	cover-local	lyrics-ready	13	_radio_index/suno_backup/lyrics/2026-03-15_e7732295_untitled.txt
ut-a504232276e4b4b1	(untitled)	4	exact-normalized-lyrics	high-local-exact	98fd044c-85e8-4661-bfd1-c295679b7801	4	2ae593af-d471-49fe-802c-a910664b5b29	Album Unassigned	Hindi	gurukul	Other / Misc	cover-local	lyrics-ready	13	_radio_index/suno_backup/lyrics/2026-03-15_2ae593af_untitled.txt
ut-a5539729c1db561f	(untitled)	4	exact-normalized-lyrics	high-local-exact	12c44280-e16c-405e-92e1-fb9989b71037	1	12c44280-e16c-405e-92e1-fb9989b71037	Kids Gurukul Learning	English	gurukul	Other / Misc	cover-local	lyrics-ready	52	_radio_index/suno_backup/lyrics/2026-03-12_12c44280_untitled.txt
ut-a5539729c1db561f	(untitled)	4	exact-normalized-lyrics	high-local-exact	12c44280-e16c-405e-92e1-fb9989b71037	2	90e901c9-4ec2-40b0-af7f-1e81570ae502	Hip-Hop Drill Rap	English	kabir-clubbing	Rap & Fusion	cover-local	lyrics-ready	52	_radio_index/suno_backup/lyrics/2026-03-12_90e901c9_untitled.txt
ut-a5539729c1db561f	(untitled)	4	exact-normalized-lyrics	high-local-exact	12c44280-e16c-405e-92e1-fb9989b71037	3	a9f1f04b-bcc9-49ba-b1b1-d71abc204a0c	Hip-Hop Drill Rap	English	kabir-clubbing	Rap & Fusion	cover-local	lyrics-ready	52	_radio_index/suno_backup/lyrics/2026-03-12_a9f1f04b_untitled.txt
ut-a5539729c1db561f	(untitled)	4	exact-normalized-lyrics	high-local-exact	12c44280-e16c-405e-92e1-fb9989b71037	4	0137e680-bb96-4a04-9603-b48b321e35e1	Sanaatana Vedic Frequency	Sanskrit	sanaatana-vaigyaniq	Sanatan & Vedic	cover-local	lyrics-ready	52	_radio_index/suno_backup/lyrics/2026-03-12_0137e680_untitled.txt
ut-af47cbb36215019e	(untitled)	4	exact-normalized-lyrics	high-local-exact	40e5bcc1-b2c0-467d-b3cd-7f4b8310f042	1	40e5bcc1-b2c0-467d-b3cd-7f4b8310f042	Hip-Hop Drill Rap	English	kabir-clubbing	Rap & Fusion	cover-local	lyrics-ready	26	_radio_index/suno_backup/lyrics/2026-03-10_40e5bcc1_untitled.txt
ut-af47cbb36215019e	(untitled)	4	exact-normalized-lyrics	high-local-exact	40e5bcc1-b2c0-467d-b3cd-7f4b8310f042	2	e547d7c0-12d6-41a8-bfb3-1a6b84a2f447	Hip-Hop Drill Rap	English	kabir-clubbing	Rap & Fusion	cover-local	lyrics-ready	26	_radio_index/suno_backup/lyrics/2026-03-10_e547d7c0_untitled.txt
ut-af47cbb36215019e	(untitled)	4	exact-normalized-lyrics	high-local-exact	40e5bcc1-b2c0-467d-b3cd-7f4b8310f042	3	f0f3206d-e731-4bb5-9182-1b17907541b8	Hip-Hop Drill Rap	English	kabir-clubbing	Rap & Fusion	cover-local	lyrics-ready	26	_radio_index/suno_backup/lyrics/2026-03-10_f0f3206d_untitled.txt
ut-af47cbb36215019e	(untitled)	4	exact-normalized-lyrics	high-local-exact	40e5bcc1-b2c0-467d-b3cd-7f4b8310f042	4	d0be1546-ee3d-4e7d-a6ed-bd8e2502a139	Folk Fusion Lok Rang	Haryanvi	ameerpur	Haryanvi Folk	cover-local	lyrics-ready	26	_radio_index/suno_backup/lyrics/2026-03-10_d0be1546_untitled.txt
ut-b51c6f8fc6c60437	(untitled)	4	exact-normalized-lyrics	high-local-exact	16e6f905-49c1-42d2-ad44-46130e1b7dda	1	16e6f905-49c1-42d2-ad44-46130e1b7dda	Album Unassigned	English	gurukul	Other / Misc	cover-local	lyrics-ready	41	_radio_index/suno_backup/lyrics/2026-03-14_16e6f905_untitled.txt
ut-b51c6f8fc6c60437	(untitled)	4	exact-normalized-lyrics	high-local-exact	16e6f905-49c1-42d2-ad44-46130e1b7dda	2	6afe4ba5-a95a-437f-8ba4-09ea1e0d7589	Neural AI Radio Lab	English	gurukul	Other / Misc	cover-local	lyrics-ready	41	_radio_index/suno_backup/lyrics/2026-03-14_6afe4ba5_untitled.txt
ut-b51c6f8fc6c60437	(untitled)	4	exact-normalized-lyrics	high-local-exact	16e6f905-49c1-42d2-ad44-46130e1b7dda	3	a9945093-a511-431f-a149-6978e172135c	Album Unassigned	English	gurukul	Other / Misc	cover-local	lyrics-ready	41	_radio_index/suno_backup/lyrics/2026-03-14_a9945093_untitled.txt
ut-b51c6f8fc6c60437	(untitled)	4	exact-normalized-lyrics	high-local-exact	16e6f905-49c1-42d2-ad44-46130e1b7dda	4	02b55369-c2c7-4541-b858-99a73400ed7e	Sanaatana Vedic Frequency	Sanskrit	sanaatana-vaigyaniq	Sanatan & Vedic	cover-local	lyrics-ready	41	_radio_index/suno_backup/lyrics/2026-03-14_02b55369_untitled.txt
ut-be778005e1b9649b	(untitled)	4	exact-normalized-lyrics	high-local-exact	80a39cda-0980-4c6e-bffb-50088c2967de	1	80a39cda-0980-4c6e-bffb-50088c2967de	Hip-Hop Drill Rap	English	kabir-clubbing	Rap & Fusion	cover-local	lyrics-ready	48	_radio_index/suno_backup/lyrics/2026-03-19_80a39cda_untitled.txt
ut-be778005e1b9649b	(untitled)	4	exact-normalized-lyrics	high-local-exact	80a39cda-0980-4c6e-bffb-50088c2967de	2	94f4c705-c5c7-4637-b67d-06a21a3e1771	Hip-Hop Drill Rap	English	kabir-clubbing	Rap & Fusion	cover-local	lyrics-ready	48	_radio_index/suno_backup/lyrics/2026-03-19_94f4c705_untitled.txt
ut-be778005e1b9649b	(untitled)	4	exact-normalized-lyrics	high-local-exact	80a39cda-0980-4c6e-bffb-50088c2967de	3	edf821b2-166e-4650-a7ca-0b131dcc109b	Hip-Hop Drill Rap	English	kabir-clubbing	Rap & Fusion	cover-local	lyrics-ready	48	_radio_index/suno_backup/lyrics/2026-03-19_edf821b2_untitled.txt
ut-be778005e1b9649b	(untitled)	4	exact-normalized-lyrics	high-local-exact	80a39cda-0980-4c6e-bffb-50088c2967de	4	cabac8a7-5365-4ff9-b762-86e8a6586cd1	Folk Fusion Lok Rang	Haryanvi	ameerpur	Haryanvi Folk	cover-local	lyrics-ready	48	_radio_index/suno_backup/lyrics/2026-03-19_cabac8a7_untitled.txt
ut-c14695eda37b02c5	(untitled)	4	exact-normalized-lyrics	high-local-exact	298d61be-50b0-46d5-b063-082b1afd7c3a	1	298d61be-50b0-46d5-b063-082b1afd7c3a	Sanaatana Vedic Frequency	English	sanaatana-vaigyaniq	Sanatan & Vedic	cover-local	lyrics-ready	78	_radio_index/suno_backup/lyrics/2026-03-12_298d61be_untitled.txt
ut-c14695eda37b02c5	(untitled)	4	exact-normalized-lyrics	high-local-exact	298d61be-50b0-46d5-b063-082b1afd7c3a	2	7153c43c-d1d0-4621-8af5-edb81572ef1b	Sanaatana Vedic Frequency	English	sanaatana-vaigyaniq	Sanatan & Vedic	cover-local	lyrics-ready	78	_radio_index/suno_backup/lyrics/2026-03-12_7153c43c_untitled.txt
ut-c14695eda37b02c5	(untitled)	4	exact-normalized-lyrics	high-local-exact	298d61be-50b0-46d5-b063-082b1afd7c3a	3	f4ffd57d-7c3c-440f-814c-1f4307fefb61	Sanaatana Vedic Frequency	English	sanaatana-vaigyaniq	Sanatan & Vedic	cover-local	lyrics-ready	78	_radio_index/suno_backup/lyrics/2026-03-12_f4ffd57d_untitled.txt
ut-c14695eda37b02c5	(untitled)	4	exact-normalized-lyrics	high-local-exact	298d61be-50b0-46d5-b063-082b1afd7c3a	4	108c7fe6-6dd1-4e66-92d8-25403bb67a40	Sanaatana Vedic Frequency	Sanskrit	sanaatana-vaigyaniq	Sanatan & Vedic	cover-local	lyrics-ready	78	_radio_index/suno_backup/lyrics/2026-03-12_108c7fe6_untitled.txt
ut-c2ac65e533a5d26d	(untitled)	4	exact-normalized-lyrics	high-local-exact	ada50c4b-3ce4-475c-b27e-f2536d77da49	1	ada50c4b-3ce4-475c-b27e-f2536d77da49	Folk Fusion Lok Rang	Haryanvi	ameerpur	Haryanvi Folk	cover-local	lyrics-ready	89	_radio_index/suno_backup/lyrics/2026-03-18_ada50c4b_untitled.txt
ut-c2ac65e533a5d26d	(untitled)	4	exact-normalized-lyrics	high-local-exact	ada50c4b-3ce4-475c-b27e-f2536d77da49	2	c694a74a-44a2-4a34-aee4-ffc260690881	Folk Fusion Lok Rang	Haryanvi	ameerpur	Haryanvi Folk	cover-local	lyrics-ready	89	_radio_index/suno_backup/lyrics/2026-03-18_c694a74a_untitled.txt
ut-c2ac65e533a5d26d	(untitled)	4	exact-normalized-lyrics	high-local-exact	ada50c4b-3ce4-475c-b27e-f2536d77da49	3	ddf3ca17-816c-47e8-b49c-a5834334e64b	Folk Fusion Lok Rang	Haryanvi	ameerpur	Haryanvi Folk	cover-local	lyrics-ready	89	_radio_index/suno_backup/lyrics/2026-03-18_ddf3ca17_untitled.txt
ut-c2ac65e533a5d26d	(untitled)	4	exact-normalized-lyrics	high-local-exact	ada50c4b-3ce4-475c-b27e-f2536d77da49	4	6a41359d-7625-415a-bb50-9685b970ef3b	Folk Fusion Lok Rang	Haryanvi	ameerpur	Haryanvi Folk	cover-local	lyrics-ready	89	_radio_index/suno_backup/lyrics/2026-03-18_6a41359d_untitled.txt
ut-d7ceecb819463547	(untitled)	4	exact-normalized-lyrics	high-local-exact	93f61d64-57c6-4b30-afcf-5b0bab061bd8	1	93f61d64-57c6-4b30-afcf-5b0bab061bd8	Sanaatana Vedic Frequency	English	sanaatana-vaigyaniq	Sanatan & Vedic	cover-local	lyrics-ready	47	_radio_index/suno_backup/lyrics/2026-03-13_93f61d64_untitled.txt
ut-d7ceecb819463547	(untitled)	4	exact-normalized-lyrics	high-local-exact	93f61d64-57c6-4b30-afcf-5b0bab061bd8	2	96ab99cb-c3fa-407f-92e0-a01aca8ea61a	Sanaatana Vedic Frequency	English	sanaatana-vaigyaniq	Sanatan & Vedic	cover-local	lyrics-ready	47	_radio_index/suno_backup/lyrics/2026-03-13_96ab99cb_untitled.txt
ut-d7ceecb819463547	(untitled)	4	exact-normalized-lyrics	high-local-exact	93f61d64-57c6-4b30-afcf-5b0bab061bd8	3	ab212f3f-c109-44ae-9b52-d915ac62f436	Sanaatana Vedic Frequency	English	sanaatana-vaigyaniq	Sanatan & Vedic	cover-local	lyrics-ready	47	_radio_index/suno_backup/lyrics/2026-03-13_ab212f3f_untitled.txt
ut-d7ceecb819463547	(untitled)	4	exact-normalized-lyrics	high-local-exact	93f61d64-57c6-4b30-afcf-5b0bab061bd8	4	8b1a651b-bad0-4fab-99e7-00b34ab4d128	Sanaatana Vedic Frequency	Sanskrit	sanaatana-vaigyaniq	Sanatan & Vedic	cover-local	lyrics-ready	47	_radio_index/suno_backup/lyrics/2026-03-13_8b1a651b_untitled.txt
ut-daf5dfa72ac0e904	(untitled)	4	exact-normalized-lyrics	high-local-exact	1300d386-6424-4a89-b7ca-77780a29db42	1	1300d386-6424-4a89-b7ca-77780a29db42	Neural AI Radio Lab	English	gurukul	Other / Misc	cover-local	lyrics-ready	96	_radio_index/suno_backup/lyrics/2026-03-15_1300d386_untitled.txt
ut-daf5dfa72ac0e904	(untitled)	4	exact-normalized-lyrics	high-local-exact	1300d386-6424-4a89-b7ca-77780a29db42	2	4c78ef45-06b9-4c43-a575-3ffb6e0fa7b7	Neural AI Radio Lab	English	gurukul	Other / Misc	cover-local	lyrics-ready	96	_radio_index/suno_backup/lyrics/2026-03-15_4c78ef45_untitled.txt
ut-daf5dfa72ac0e904	(untitled)	4	exact-normalized-lyrics	high-local-exact	1300d386-6424-4a89-b7ca-77780a29db42	3	ddf4af6e-aef4-4ac2-9b4a-59cd3d896e25	Sanaatana Vedic Frequency	Haryanvi	ameerpur	Haryanvi Folk	cover-local	lyrics-ready	96	_radio_index/suno_backup/lyrics/2026-03-15_ddf4af6e_untitled.txt
ut-daf5dfa72ac0e904	(untitled)	4	exact-normalized-lyrics	high-local-exact	1300d386-6424-4a89-b7ca-77780a29db42	4	8372084d-8049-4db1-a68a-fd8ac5eb438c	Bhakti Katha Devotional	Hindi	kabir-clubbing	Bhakti & Katha	cover-local	lyrics-ready	96	_radio_index/suno_backup/lyrics/2026-03-15_8372084d_untitled.txt
ut-dedb42a3e499f237	(untitled)	4	exact-normalized-lyrics	high-local-exact	271aa98c-9ee3-4765-a2f6-cffd21ec6eb5	1	271aa98c-9ee3-4765-a2f6-cffd21ec6eb5	Album Unassigned	English	gurukul	Other / Misc	cover-local	lyrics-ready	28	_radio_index/suno_backup/lyrics/2026-03-14_271aa98c_untitled.txt
ut-dedb42a3e499f237	(untitled)	4	exact-normalized-lyrics	high-local-exact	271aa98c-9ee3-4765-a2f6-cffd21ec6eb5	2	3266e243-6415-49ae-bae9-55af0a248874	Album Unassigned	English	gurukul	Other / Misc	cover-local	lyrics-ready	28	_radio_index/suno_backup/lyrics/2026-03-14_3266e243_untitled.txt
ut-dedb42a3e499f237	(untitled)	4	exact-normalized-lyrics	high-local-exact	271aa98c-9ee3-4765-a2f6-cffd21ec6eb5	3	73522d09-58c9-4824-b255-989b4bafebf0	Album Unassigned	English	gurukul	Other / Misc	cover-local	lyrics-ready	28	_radio_index/suno_backup/lyrics/2026-03-14_73522d09_untitled.txt
ut-dedb42a3e499f237	(untitled)	4	exact-normalized-lyrics	high-local-exact	271aa98c-9ee3-4765-a2f6-cffd21ec6eb5	4	c5e03997-b771-4c5b-97fc-4f4a0f24b5de	Album Unassigned	Hindi	gurukul	Other / Misc	cover-local	lyrics-ready	28	_radio_index/suno_backup/lyrics/2026-03-14_c5e03997_untitled.txt
ut-ec42701b10a4b909	(untitled)	4	exact-normalized-lyrics	high-local-exact	558e63bc-7079-4a66-ac9e-a5dd188afd14	1	558e63bc-7079-4a66-ac9e-a5dd188afd14	Neural AI Radio Lab	English	gurukul	Other / Misc	cover-local	lyrics-ready	45	_radio_index/suno_backup/lyrics/2026-03-14_558e63bc_untitled.txt
ut-ec42701b10a4b909	(untitled)	4	exact-normalized-lyrics	high-local-exact	558e63bc-7079-4a66-ac9e-a5dd188afd14	2	b2771eb5-3689-4318-82e1-aebe591bb103	Neural AI Radio Lab	English	gurukul	Other / Misc	cover-local	lyrics-ready	45	_radio_index/suno_backup/lyrics/2026-03-14_b2771eb5_untitled.txt
ut-ec42701b10a4b909	(untitled)	4	exact-normalized-lyrics	high-local-exact	558e63bc-7079-4a66-ac9e-a5dd188afd14	3	edddf045-01a6-446c-bff3-49e2fc953d69	Neural AI Radio Lab	English	gurukul	Other / Misc	cover-local	lyrics-ready	45	_radio_index/suno_backup/lyrics/2026-03-14_edddf045_untitled.txt
ut-ec42701b10a4b909	(untitled)	4	exact-normalized-lyrics	high-local-exact	558e63bc-7079-4a66-ac9e-a5dd188afd14	4	bdb93b4d-edf6-418f-bedf-5d1b5204ed1d	Sanaatana Vedic Frequency	Sanskrit	sanaatana-vaigyaniq	Sanatan & Vedic	cover-local	lyrics-ready	45	_radio_index/suno_backup/lyrics/2026-03-14_bdb93b4d_untitled.txt
ut-f7f7a61e61814b7b	(untitled)	4	exact-normalized-lyrics	high-local-exact	bd2091ee-707a-465e-9dff-021eac34daed	1	bd2091ee-707a-465e-9dff-021eac34daed	Hip-Hop Drill Rap	English	kabir-clubbing	Rap & Fusion	cover-local	lyrics-ready	34	_radio_index/suno_backup/lyrics/2026-03-19_bd2091ee_untitled.txt
ut-f7f7a61e61814b7b	(untitled)	4	exact-normalized-lyrics	high-local-exact	bd2091ee-707a-465e-9dff-021eac34daed	2	c2942834-cd11-4b45-8610-08a32d23be82	Sanaatana Vedic Frequency	English	sanaatana-vaigyaniq	Sanatan & Vedic	cover-local	lyrics-ready	34	_radio_index/suno_backup/lyrics/2026-03-19_c2942834_untitled.txt
ut-f7f7a61e61814b7b	(untitled)	4	exact-normalized-lyrics	high-local-exact	bd2091ee-707a-465e-9dff-021eac34daed	3	cef36d0f-7570-45ad-b4cd-9e9d1999be10	Sanaatana Vedic Frequency	English	sanaatana-vaigyaniq	Sanatan & Vedic	cover-local	lyrics-ready	34	_radio_index/suno_backup/lyrics/2026-03-19_cef36d0f_untitled.txt
ut-f7f7a61e61814b7b	(untitled)	4	exact-normalized-lyrics	high-local-exact	bd2091ee-707a-465e-9dff-021eac34daed	4	1bd52bf2-d26e-4822-8299-2ef883803518	Sanaatana Vedic Frequency	Sanskrit	sanaatana-vaigyaniq	Sanatan & Vedic	cover-local	lyrics-ready	34	_radio_index/suno_backup/lyrics/2026-03-19_1bd52bf2_untitled.txt
ut-ff0d39819bece4f8	(untitled)	4	exact-normalized-lyrics	high-local-exact	0ef3ebdb-02ca-487a-9448-4fa7858cc0ce	1	0ef3ebdb-02ca-487a-9448-4fa7858cc0ce	Sanaatana Vedic Frequency	English	sanaatana-vaigyaniq	Sanatan & Vedic	cover-local	lyrics-ready	89	_radio_index/suno_backup/lyrics/2026-03-13_0ef3ebdb_untitled.txt
ut-ff0d39819bece4f8	(untitled)	4	exact-normalized-lyrics	high-local-exact	0ef3ebdb-02ca-487a-9448-4fa7858cc0ce	2	6d654c1f-fbca-4c85-ad3c-5033c566c156	Sanaatana Vedic Frequency	English	sanaatana-vaigyaniq	Sanatan & Vedic	cover-local	lyrics-ready	89	_radio_index/suno_backup/lyrics/2026-03-13_6d654c1f_untitled.txt
ut-ff0d39819bece4f8	(untitled)	4	exact-normalized-lyrics	high-local-exact	0ef3ebdb-02ca-487a-9448-4fa7858cc0ce	3	ffdf9645-e582-468d-af7f-75613fbbb25b	Sanaatana Vedic Frequency	English	sanaatana-vaigyaniq	Sanatan & Vedic	cover-local	lyrics-ready	89	_radio_index/suno_backup/lyrics/2026-03-13_ffdf9645_untitled.txt
ut-ff0d39819bece4f8	(untitled)	4	exact-normalized-lyrics	high-local-exact	0ef3ebdb-02ca-487a-9448-4fa7858cc0ce	4	ddac23b1-dc19-495b-9b9c-d830bec759ad	Sanaatana Vedic Frequency	Sanskrit	sanaatana-vaigyaniq	Sanatan & Vedic	cover-local	lyrics-ready	89	_radio_index/suno_backup/lyrics/2026-03-13_ddac23b1_untitled.txt
ut-49c1d3e17fbaa6de	Animatrix Loading	4	exact-normalized-lyrics	high-local-exact	3e849ef6-8f9e-467f-b6cd-23ece1febccc	1	3e849ef6-8f9e-467f-b6cd-23ece1febccc	Hip-Hop Drill Rap	English	kabir-clubbing	Rap & Fusion	cover-local	lyrics-ready	50	_radio_index/suno_backup/lyrics/2026-04-21_3e849ef6_Animatrix Loading.txt
ut-49c1d3e17fbaa6de	Animatrix Loading	4	exact-normalized-lyrics	high-local-exact	3e849ef6-8f9e-467f-b6cd-23ece1febccc	2	eb94acbb-29cd-4d8f-8cfd-bc1845d25b66	Hip-Hop Drill Rap	English	kabir-clubbing	Rap & Fusion	cover-local	lyrics-ready	50	_radio_index/suno_backup/lyrics/2026-04-21_eb94acbb_Animatrix Loading.txt
ut-49c1d3e17fbaa6de	Animatrix Loading	4	exact-normalized-lyrics	high-local-exact	3e849ef6-8f9e-467f-b6cd-23ece1febccc	3	f4537e0d-1ee4-43aa-886c-096606a8877f	Hip-Hop Drill Rap	English	kabir-clubbing	Rap & Fusion	cover-local	lyrics-ready	50	_radio_index/suno_backup/lyrics/2026-04-21_f4537e0d_Animatrix Loading (Remastered).txt
ut-49c1d3e17fbaa6de	Animatrix Loading	4	exact-normalized-lyrics	high-local-exact	3e849ef6-8f9e-467f-b6cd-23ece1febccc	4	bbdbe9f0-9175-4132-989e-36fbc9b6ea40	Hip-Hop Drill Rap	Hindi	kabir-clubbing	Rap & Fusion	cover-local	lyrics-ready	50	_radio_index/suno_backup/lyrics/2026-04-21_bbdbe9f0_Animatrix Loading (Remastered).txt
ut-4ab8b8da72523f5c	Baharupiya Reboot	4	exact-normalized-lyrics	high-local-exact	0af7e65f-47a4-4c0f-aed2-53fa90952fb4	1	0af7e65f-47a4-4c0f-aed2-53fa90952fb4	Hip-Hop Drill Rap	English	kabir-clubbing	Bhakti & Katha	cover-local	lyrics-ready	76	_radio_index/suno_backup/lyrics/2026-04-17_0af7e65f_Baharupiya Reboot.txt
ut-4ab8b8da72523f5c	Baharupiya Reboot	4	exact-normalized-lyrics	high-local-exact	0af7e65f-47a4-4c0f-aed2-53fa90952fb4	2	d65dfcf3-c12e-4e51-9d93-f6f106c0ca3f	Hip-Hop Drill Rap	English	kabir-clubbing	Bhakti & Katha	cover-local	lyrics-ready	76	_radio_index/suno_backup/lyrics/2026-04-17_d65dfcf3_Baharupiya Reboot.txt
ut-4ab8b8da72523f5c	Baharupiya Reboot	4	exact-normalized-lyrics	high-local-exact	0af7e65f-47a4-4c0f-aed2-53fa90952fb4	3	d296596e-d584-45b6-85f0-188c6772452a	Sanaatana Vedic Frequency	Sanskrit	sanaatana-vaigyaniq	Sanatan & Vedic	cover-local	lyrics-ready	76	_radio_index/suno_backup/lyrics/2026-04-17_d296596e_बहरूपिया-ऑनलाइन.txt
ut-4ab8b8da72523f5c	Baharupiya Reboot	4	exact-normalized-lyrics	high-local-exact	0af7e65f-47a4-4c0f-aed2-53fa90952fb4	4	96a7ddf6-2c5b-44ad-b1db-16634387d175	Hip-Hop Drill Rap	Hindi	kabir-clubbing	Rap & Fusion	cover-local	lyrics-ready	76	_radio_index/suno_backup/lyrics/2026-04-17_96a7ddf6_बहरूपिया-ऑनलाइन.txt
ut-d62b3434b14e1944	banjara	4	exact-normalized-lyrics	high-local-exact	3f789a12-3090-4729-8e17-03745470ffde	1	3f789a12-3090-4729-8e17-03745470ffde	Album Unassigned	English	gurukul	Other / Misc	cover-local	lyrics-ready	16	_radio_index/suno_backup/lyrics/2026-03-10_3f789a12_banjara.txt
ut-d62b3434b14e1944	banjara	4	exact-normalized-lyrics	high-local-exact	3f789a12-3090-4729-8e17-03745470ffde	2	4ae291ce-bd61-493c-9ae1-020abe22f194	Album Unassigned	English	gurukul	Other / Misc	cover-local	lyrics-ready	16	_radio_index/suno_backup/lyrics/2026-03-10_4ae291ce_banjara.txt
ut-d62b3434b14e1944	banjara	4	exact-normalized-lyrics	high-local-exact	3f789a12-3090-4729-8e17-03745470ffde	3	de7c66a0-7383-4a67-87be-742eaafdc1cb	Album Unassigned	English	gurukul	Other / Misc	cover-local	lyrics-ready	16	_radio_index/suno_backup/lyrics/2026-03-10_de7c66a0_banjara.txt
ut-d62b3434b14e1944	banjara	4	exact-normalized-lyrics	high-local-exact	3f789a12-3090-4729-8e17-03745470ffde	4	1774f3f7-a1f2-4c36-b1bd-ddc4ac836ba9	Folk Fusion Lok Rang	Haryanvi	ameerpur	Haryanvi Folk	cover-local	lyrics-ready	16	_radio_index/suno_backup/lyrics/2026-03-10_1774f3f7_banjara.txt
ut-f761ff8d7da1e826	bhagat ki maa	4	exact-normalized-lyrics	high-local-exact	21f36fd3-91ca-4f6f-a5b9-1a61d8438a3d	1	21f36fd3-91ca-4f6f-a5b9-1a61d8438a3d	Hip-Hop Drill Rap	English	kabir-clubbing	Rap & Fusion	cover-local	lyrics-ready	37	_radio_index/suno_backup/lyrics/2026-03-10_21f36fd3_bhagat ki maa.txt
ut-f761ff8d7da1e826	bhagat ki maa	4	exact-normalized-lyrics	high-local-exact	21f36fd3-91ca-4f6f-a5b9-1a61d8438a3d	2	3cfdad3a-c550-43eb-88d3-59f7d788eae5	Folk Fusion Lok Rang	Haryanvi	ameerpur	Haryanvi Folk	cover-local	lyrics-ready	37	_radio_index/suno_backup/lyrics/2026-03-10_3cfdad3a_bhagat ki maa.txt
ut-f761ff8d7da1e826	bhagat ki maa	4	exact-normalized-lyrics	high-local-exact	21f36fd3-91ca-4f6f-a5b9-1a61d8438a3d	3	bd0e5226-f00f-414a-83dc-c3845c5cfc52	Hip-Hop Drill Rap	English	kabir-clubbing	Rap & Fusion	cover-local	lyrics-ready	37	_radio_index/suno_backup/lyrics/2026-03-10_bd0e5226_bhagat ki maa.txt
ut-f761ff8d7da1e826	bhagat ki maa	4	exact-normalized-lyrics	high-local-exact	21f36fd3-91ca-4f6f-a5b9-1a61d8438a3d	4	c7eb6659-3af1-4afd-9c2e-73cd9ddbaa3a	Bhakti Katha Devotional	Hindi	kabir-clubbing	Bhakti & Katha	cover-local	lyrics-ready	37	_radio_index/suno_backup/lyrics/2026-03-10_c7eb6659_bhagat ki maa.txt
ut-e423175ddc253527	Dhol Stutter March	4	exact-normalized-lyrics	high-local-exact	4e99c51c-14d1-43a5-a536-c58f63a6d5f4	1	4e99c51c-14d1-43a5-a536-c58f63a6d5f4	Cinematic Cosmic Epics	English	sanaatana-vaigyaniq	Classical & Raag	cover-local	lyrics-ready	40	_radio_index/suno_backup/lyrics/2026-05-09_4e99c51c_Dhol Stutter March.txt
ut-e423175ddc253527	Dhol Stutter March	4	exact-normalized-lyrics	high-local-exact	4e99c51c-14d1-43a5-a536-c58f63a6d5f4	2	4d3c3d6c-edc8-4836-af39-6100059283e0	Cinematic Cosmic Epics	Hindi	sanaatana-vaigyaniq	Classical & Raag	cover-local	lyrics-ready	40	_radio_index/suno_backup/lyrics/2026-05-09_4d3c3d6c_प्रताप का तान.txt
ut-e423175ddc253527	Dhol Stutter March	4	exact-normalized-lyrics	high-local-exact	4e99c51c-14d1-43a5-a536-c58f63a6d5f4	3	63dd43a7-8fe0-465d-bcaf-b5986297d7ab	Cinematic Cosmic Epics	Hindi	sanaatana-vaigyaniq	Classical & Raag	cover-local	lyrics-ready	40	_radio_index/suno_backup/lyrics/2026-05-09_63dd43a7_प्रताप का तान.txt
ut-e423175ddc253527	Dhol Stutter March	4	exact-normalized-lyrics	high-local-exact	4e99c51c-14d1-43a5-a536-c58f63a6d5f4	4	b39a1673-b9c4-4eda-a3c6-a9ce936d589f	Folk Fusion Lok Rang	Haryanvi	ameerpur	Haryanvi Folk	cover-local	lyrics-ready	40	_radio_index/suno_backup/lyrics/2026-05-09_b39a1673_Dhol Stutter March.txt
ut-daabe6daa5c42fcb	E-tumbi Dhamal	4	exact-normalized-lyrics	high-local-exact	03b043a1-b777-4366-8b83-766f61b5ec66	1	03b043a1-b777-4366-8b83-766f61b5ec66	Hip-Hop Drill Rap	English	kabir-clubbing	Rap & Fusion	cover-local	lyrics-ready	52	_radio_index/suno_backup/lyrics/2026-04-15_03b043a1_E-tumbi Dhamal.txt
ut-daabe6daa5c42fcb	E-tumbi Dhamal	4	exact-normalized-lyrics	high-local-exact	03b043a1-b777-4366-8b83-766f61b5ec66	2	5068a560-60b3-4b89-8e83-0043262dc67f	Sanaatana Vedic Frequency	English	sanaatana-vaigyaniq	Sanatan & Vedic	cover-local	lyrics-ready	52	_radio_index/suno_backup/lyrics/2026-04-15_5068a560_E-tumbi Dhamal.txt
ut-daabe6daa5c42fcb	E-tumbi Dhamal	4	exact-normalized-lyrics	high-local-exact	03b043a1-b777-4366-8b83-766f61b5ec66	3	2a6843e3-bc23-478e-8ced-eab4bdc44ee1	Hip-Hop Drill Rap	Hindi	kabir-clubbing	Rap & Fusion	cover-local	lyrics-ready	52	_radio_index/suno_backup/lyrics/2026-04-15_2a6843e3_ਟੁੱਟੇ ਪੈਸੇ.txt
ut-daabe6daa5c42fcb	E-tumbi Dhamal	4	exact-normalized-lyrics	high-local-exact	03b043a1-b777-4366-8b83-766f61b5ec66	4	6e735a57-85ab-45fc-912a-9c64579dc9f2	Hip-Hop Drill Rap	Hindi	kabir-clubbing	Rap & Fusion	cover-local	lyrics-ready	52	_radio_index/suno_backup/lyrics/2026-04-15_6e735a57_ਟੁੱਟੇ ਪੈਸੇ.txt
ut-ef4a11398debb749	First Comes the Word	4	exact-normalized-lyrics	high-local-exact	1f40b6c8-ca9d-4b88-8840-de4658f294ac	1	1f40b6c8-ca9d-4b88-8840-de4658f294ac	Album Unassigned	English	gurukul	Other / Misc	cover-local	lyrics-ready	68	_radio_index/suno_backup/lyrics/2026-03-11_1f40b6c8_First Comes the Word.txt
ut-ef4a11398debb749	First Comes the Word	4	exact-normalized-lyrics	high-local-exact	1f40b6c8-ca9d-4b88-8840-de4658f294ac	2	44e6cfbe-a991-425e-9a7a-3cfdb7ebe013	Cinematic Cosmic Epics	English	gurukul	Other / Misc	cover-local	lyrics-ready	68	_radio_index/suno_backup/lyrics/2026-03-11_44e6cfbe_First Comes the Word.txt
ut-ef4a11398debb749	First Comes the Word	4	exact-normalized-lyrics	high-local-exact	1f40b6c8-ca9d-4b88-8840-de4658f294ac	3	5ad16b1e-5925-434b-a035-a9c2a7e1579b	Album Unassigned	English	gurukul	Other / Misc	cover-local	lyrics-ready	68	_radio_index/suno_backup/lyrics/2026-03-11_5ad16b1e_First Comes the Word.txt
ut-ef4a11398debb749	First Comes the Word	4	exact-normalized-lyrics	high-local-exact	1f40b6c8-ca9d-4b88-8840-de4658f294ac	4	092a0654-5362-4efb-8bf3-46414fad9d47	Love Virah Ghazal	Hindi	ameerpur	Love & Virah	cover-local	lyrics-ready	68	_radio_index/suno_backup/lyrics/2026-03-11_092a0654_First Comes the Word.txt
ut-5fde143cb7f6d8ff	Frequency of Future-Past	4	exact-normalized-lyrics	high-local-exact	2237b80c-30f9-4391-aa68-2921ab6116ab	1	2237b80c-30f9-4391-aa68-2921ab6116ab	Album Unassigned	English	gurukul	Other / Misc	cover-local	lyrics-ready	4	_radio_index/suno_backup/lyrics/2026-04-05_2237b80c_Frequency of Future-Past.txt
ut-5fde143cb7f6d8ff	Frequency of Future-Past	4	exact-normalized-lyrics	high-local-exact	2237b80c-30f9-4391-aa68-2921ab6116ab	2	80646dc1-cf8b-4341-9f99-2944928e2ac5	Album Unassigned	English	gurukul	Other / Misc	cover-local	lyrics-ready	4	_radio_index/suno_backup/lyrics/2026-04-05_80646dc1_Future-Past Clearance.txt
ut-5fde143cb7f6d8ff	Frequency of Future-Past	4	exact-normalized-lyrics	high-local-exact	2237b80c-30f9-4391-aa68-2921ab6116ab	3	02d26992-b08d-4a7e-9759-9120eaca1a4e	Sanaatana Vedic Frequency	English	sanaatana-vaigyaniq	Sanatan & Vedic	cover-local	lyrics-ready	4	_radio_index/suno_backup/lyrics/2026-04-05_02d26992_Frequency of Future-Past.txt
ut-5fde143cb7f6d8ff	Frequency of Future-Past	4	exact-normalized-lyrics	high-local-exact	2237b80c-30f9-4391-aa68-2921ab6116ab	4	caf9e4e7-7ec2-483a-9a2d-9a82681054d5	Sanaatana Vedic Frequency	English	sanaatana-vaigyaniq	Sanatan & Vedic	cover-local	lyrics-ready	4	_radio_index/suno_backup/lyrics/2026-04-05_caf9e4e7_Future-Past Clearance.txt
ut-f6d9e7b2369efd59	Haryana! Haryana! Scream it out loud	4	exact-normalized-lyrics	high-local-exact	52c58392-c320-4d60-9797-60253639ce60	1	52c58392-c320-4d60-9797-60253639ce60	Love Virah Ghazal	English	ameerpur	Love & Virah	cover-local	lyrics-ready	67	_radio_index/suno_backup/lyrics/2026-03-10_52c58392_पपिया.txt
ut-f6d9e7b2369efd59	Haryana! Haryana! Scream it out loud	4	exact-normalized-lyrics	high-local-exact	52c58392-c320-4d60-9797-60253639ce60	2	088c25b7-9b4d-456c-a60e-be4ae8acd986	Love Virah Ghazal	Hindi	ameerpur	Love & Virah	cover-local	lyrics-ready	67	_radio_index/suno_backup/lyrics/2026-03-10_088c25b7_पपिया.txt
ut-f6d9e7b2369efd59	Haryana! Haryana! Scream it out loud	4	exact-normalized-lyrics	high-local-exact	52c58392-c320-4d60-9797-60253639ce60	3	0cd6de16-1e2e-4e49-bd95-27a49a090626	Love Virah Ghazal	Hindi	ameerpur	Love & Virah	cover-local	lyrics-ready	67	_radio_index/suno_backup/lyrics/2026-03-10_0cd6de16_पपिया.txt
ut-f6d9e7b2369efd59	Haryana! Haryana! Scream it out loud	4	exact-normalized-lyrics	high-local-exact	52c58392-c320-4d60-9797-60253639ce60	4	ecbd67a9-247c-4170-87eb-439355d54dc6	Love Virah Ghazal	Hindi	ameerpur	Love & Virah	cover-local	lyrics-ready	67	_radio_index/suno_backup/lyrics/2026-03-10_ecbd67a9_पपिया.txt
ut-1e10800afa04f790	jaleel	4	exact-normalized-lyrics	high-local-exact	1692dd58-42ff-46e1-886b-d4de131eb0a0	1	1692dd58-42ff-46e1-886b-d4de131eb0a0	Album Unassigned	English	gurukul	Other / Misc	cover-local	lyrics-ready	17	_radio_index/suno_backup/lyrics/2026-03-10_1692dd58_jaleel.txt
ut-1e10800afa04f790	jaleel	4	exact-normalized-lyrics	high-local-exact	1692dd58-42ff-46e1-886b-d4de131eb0a0	2	a605a0c4-5252-478d-9425-b0245d9284e9	Album Unassigned	English	gurukul	Other / Misc	cover-local	lyrics-ready	17	_radio_index/suno_backup/lyrics/2026-03-10_a605a0c4_jaleel.txt
ut-1e10800afa04f790	jaleel	4	exact-normalized-lyrics	high-local-exact	1692dd58-42ff-46e1-886b-d4de131eb0a0	3	f2d23578-ceb2-4b60-9c76-13bddb621440	Album Unassigned	English	gurukul	Other / Misc	cover-local	lyrics-ready	17	_radio_index/suno_backup/lyrics/2026-03-10_f2d23578_jaleel.txt
ut-1e10800afa04f790	jaleel	4	exact-normalized-lyrics	high-local-exact	1692dd58-42ff-46e1-886b-d4de131eb0a0	4	930eee1f-783e-47bf-a120-b800f71460ab	Love Virah Ghazal	Hindi	ameerpur	Love & Virah	cover-local	lyrics-ready	17	_radio_index/suno_backup/lyrics/2026-03-10_930eee1f_jaleel.txt
ut-ed5fe6a6eebfedd2	jaleel	4	exact-normalized-lyrics	high-local-exact	928d9daa-71ce-4eb4-8c1e-4c6b141d61e4	1	928d9daa-71ce-4eb4-8c1e-4c6b141d61e4	Album Unassigned	English	gurukul	Other / Misc	cover-local	lyrics-ready	14	_radio_index/suno_backup/lyrics/2026-03-10_928d9daa_jaleel.txt
ut-ed5fe6a6eebfedd2	jaleel	4	exact-normalized-lyrics	high-local-exact	928d9daa-71ce-4eb4-8c1e-4c6b141d61e4	2	c95adbc4-eb40-4508-8a3f-4d9376a62d99	Album Unassigned	English	gurukul	Other / Misc	cover-local	lyrics-ready	14	_radio_index/suno_backup/lyrics/2026-03-10_c95adbc4_jaleel.txt
ut-ed5fe6a6eebfedd2	jaleel	4	exact-normalized-lyrics	high-local-exact	928d9daa-71ce-4eb4-8c1e-4c6b141d61e4	3	dbd35f9f-c48b-4228-b9d7-f7c525bfb562	Album Unassigned	English	gurukul	Other / Misc	cover-local	lyrics-ready	14	_radio_index/suno_backup/lyrics/2026-03-10_dbd35f9f_jaleel.txt
ut-ed5fe6a6eebfedd2	jaleel	4	exact-normalized-lyrics	high-local-exact	928d9daa-71ce-4eb4-8c1e-4c6b141d61e4	4	177adbe2-a0c9-4531-96cc-8a502ee40194	Love Virah Ghazal	Hindi	ameerpur	Love & Virah	cover-local	lyrics-ready	14	_radio_index/suno_backup/lyrics/2026-03-10_177adbe2_jaleel.txt
ut-84de4565a1922cb0	ka kau ke	4	exact-normalized-lyrics	high-local-exact	da4174c6-2d45-4d98-8050-72dcb85f6fb9	1	da4174c6-2d45-4d98-8050-72dcb85f6fb9	Album Unassigned	English	gurukul	Other / Misc	cover-local	lyrics-ready	112	_radio_index/suno_backup/lyrics/2026-05-24_da4174c6_Kaal Likhe Kaal.txt
ut-84de4565a1922cb0	ka kau ke	4	exact-normalized-lyrics	high-local-exact	da4174c6-2d45-4d98-8050-72dcb85f6fb9	2	0d2391f0-56a0-4e55-b0a6-3054cf623259	Album Unassigned	English	gurukul	Other / Misc	cover-local	lyrics-ready	112	_radio_index/suno_backup/lyrics/2026-05-24_0d2391f0_Kaahe Kaagaz.txt
ut-84de4565a1922cb0	ka kau ke	4	exact-normalized-lyrics	high-local-exact	da4174c6-2d45-4d98-8050-72dcb85f6fb9	3	8eb95048-e740-4624-99bf-e1c3293c9dfb	Album Unassigned	English	gurukul	Other / Misc	cover-local	lyrics-ready	112	_radio_index/suno_backup/lyrics/2026-05-24_8eb95048_Kaahe Kaagaz.txt
ut-84de4565a1922cb0	ka kau ke	4	exact-normalized-lyrics	high-local-exact	da4174c6-2d45-4d98-8050-72dcb85f6fb9	4	e0c8c103-aedf-4560-a5f1-875275518f0f	Album Unassigned	English	gurukul	Other / Misc	cover-local	lyrics-ready	112	_radio_index/suno_backup/lyrics/2026-05-24_e0c8c103_Kaal Likhe Kaal.txt
ut-8af76423e79f05b5	Kabir Clubdevotion	4	exact-normalized-lyrics	high-local-exact	889cb216-db14-474f-9186-192f838f34cf	1	889cb216-db14-474f-9186-192f838f34cf	Hip-Hop Drill Rap	English	kabir-clubbing	Bhakti & Katha	cover-local	lyrics-ready	17	_radio_index/suno_backup/lyrics/2026-04-17_889cb216_Kabir Clubdevotion.txt
ut-8af76423e79f05b5	Kabir Clubdevotion	4	exact-normalized-lyrics	high-local-exact	889cb216-db14-474f-9186-192f838f34cf	2	3d8b096f-9f2a-4def-815f-b12ca6b1d3de	Hip-Hop Drill Rap	English	kabir-clubbing	Bhakti & Katha	cover-local	lyrics-ready	17	_radio_index/suno_backup/lyrics/2026-04-17_3d8b096f_Kabir Shayo Groove.txt
ut-8af76423e79f05b5	Kabir Clubdevotion	4	exact-normalized-lyrics	high-local-exact	889cb216-db14-474f-9186-192f838f34cf	3	de9697c5-2352-4e2d-b84e-6f5ba6d6e35e	Hip-Hop Drill Rap	English	kabir-clubbing	Bhakti & Katha	cover-local	lyrics-ready	17	_radio_index/suno_backup/lyrics/2026-04-17_de9697c5_Kabir Shayo Groove.txt
ut-8af76423e79f05b5	Kabir Clubdevotion	4	exact-normalized-lyrics	high-local-exact	889cb216-db14-474f-9186-192f838f34cf	4	9f37476d-d3d6-4986-94f7-243dd1767838	Bhakti Katha Devotional	Hindi	kabir-clubbing	Bhakti & Katha	cover-local	lyrics-ready	17	_radio_index/suno_backup/lyrics/2026-04-17_9f37476d_Kabir Clubdevotion.txt
ut-17533d34527106dd	kudru ki beti naagin	4	exact-normalized-lyrics	high-local-exact	3f3cee67-4312-4a74-926f-1e1e089df3e5	1	3f3cee67-4312-4a74-926f-1e1e089df3e5	Love Virah Ghazal	English	kabir-clubbing	Naagin & Mystic	cover-local	lyrics-ready	56	_radio_index/suno_backup/lyrics/2026-03-16_3f3cee67_kudru ki beti naagin.txt
ut-17533d34527106dd	kudru ki beti naagin	4	exact-normalized-lyrics	high-local-exact	3f3cee67-4312-4a74-926f-1e1e089df3e5	2	dac36f36-1b07-4909-bd88-88bb40d18bc8	Folk Fusion Lok Rang	English	kabir-clubbing	Naagin & Mystic	cover-local	lyrics-ready	56	_radio_index/suno_backup/lyrics/2026-03-16_dac36f36_kudru ki beti naagin.txt
ut-17533d34527106dd	kudru ki beti naagin	4	exact-normalized-lyrics	high-local-exact	3f3cee67-4312-4a74-926f-1e1e089df3e5	3	e55b3ea6-14b8-462f-b43e-dc03bf4e9f18	Folk Fusion Lok Rang	English	kabir-clubbing	Naagin & Mystic	cover-local	lyrics-ready	56	_radio_index/suno_backup/lyrics/2026-03-16_e55b3ea6_kudru ki beti naagin.txt
ut-17533d34527106dd	kudru ki beti naagin	4	exact-normalized-lyrics	high-local-exact	3f3cee67-4312-4a74-926f-1e1e089df3e5	4	1c396b4f-4f16-4262-9ffb-5f866d7b4ff1	Desh Veer Patriotic	Hindi	ameerpur	Desh / Patriotic	cover-local	lyrics-ready	56	_radio_index/suno_backup/lyrics/2026-03-16_1c396b4f_kudru ki beti naagin.txt
ut-ac7f192350149933	kush..mana..da	4	exact-normalized-lyrics	high-local-exact	0366db7b-3209-4ccf-af83-12fda3311c23	1	0366db7b-3209-4ccf-af83-12fda3311c23	Sanaatana Vedic Frequency	English	sanaatana-vaigyaniq	Sanatan & Vedic	cover-local	lyrics-ready	34	_radio_index/suno_backup/lyrics/2026-03-21_0366db7b_kush..mana..da.txt
ut-ac7f192350149933	kush..mana..da	4	exact-normalized-lyrics	high-local-exact	0366db7b-3209-4ccf-af83-12fda3311c23	2	17cea20d-3770-4288-aeac-d5d0a9677a3f	Sanaatana Vedic Frequency	English	sanaatana-vaigyaniq	Sanatan & Vedic	cover-local	lyrics-ready	34	_radio_index/suno_backup/lyrics/2026-03-21_17cea20d_kush..mana..da.txt
ut-ac7f192350149933	kush..mana..da	4	exact-normalized-lyrics	high-local-exact	0366db7b-3209-4ccf-af83-12fda3311c23	3	4c9ffaea-c955-4c6e-b22b-974c6fbe1284	Sanaatana Vedic Frequency	English	sanaatana-vaigyaniq	Sanatan & Vedic	cover-local	lyrics-ready	34	_radio_index/suno_backup/lyrics/2026-03-21_4c9ffaea_kush..mana..da.txt
ut-ac7f192350149933	kush..mana..da	4	exact-normalized-lyrics	high-local-exact	0366db7b-3209-4ccf-af83-12fda3311c23	4	575f5473-b86b-466f-b63d-980c2bec7855	Sanaatana Vedic Frequency	Sanskrit	sanaatana-vaigyaniq	Sanatan & Vedic	cover-local	lyrics-ready	34	_radio_index/suno_backup/lyrics/2026-03-21_575f5473_kush..mana..da.txt
ut-5cd26cef8a16f99f	mahadev	4	exact-normalized-lyrics	high-local-exact	a02e5b7b-4082-4379-8728-b47dd277d6bc	1	a02e5b7b-4082-4379-8728-b47dd277d6bc	Sanaatana Vedic Frequency	English	kabir-clubbing	Rap & Fusion	cover-local	lyrics-ready	44	_radio_index/suno_backup/lyrics/2026-03-10_a02e5b7b_mahadev.txt
ut-5cd26cef8a16f99f	mahadev	4	exact-normalized-lyrics	high-local-exact	a02e5b7b-4082-4379-8728-b47dd277d6bc	2	a19088bc-7520-4b85-95d9-1c3ea882182e	Sanaatana Vedic Frequency	English	gurukul	Other / Misc	cover-local	lyrics-ready	44	_radio_index/suno_backup/lyrics/2026-03-10_a19088bc_mahadev.txt
ut-5cd26cef8a16f99f	mahadev	4	exact-normalized-lyrics	high-local-exact	a02e5b7b-4082-4379-8728-b47dd277d6bc	3	a1b21d0a-772f-4abb-844b-e635fe83916d	Sanaatana Vedic Frequency	English	kabir-clubbing	Rap & Fusion	cover-local	lyrics-ready	44	_radio_index/suno_backup/lyrics/2026-03-10_a1b21d0a_mahadev.txt
ut-5cd26cef8a16f99f	mahadev	4	exact-normalized-lyrics	high-local-exact	a02e5b7b-4082-4379-8728-b47dd277d6bc	4	26be0fe7-c291-4924-9ac3-2b083d18f6a7	Sanaatana Vedic Frequency	Sanskrit	sanaatana-vaigyaniq	Sanatan & Vedic	cover-local	lyrics-ready	44	_radio_index/suno_backup/lyrics/2026-03-10_26be0fe7_mahadev.txt
ut-c4f2d0ae1a6da54d	muniya	4	exact-normalized-lyrics	high-local-exact	c566f06c-9015-4d31-9d83-5f54111a1d61	1	c566f06c-9015-4d31-9d83-5f54111a1d61	Hip-Hop Drill Rap	English	kabir-clubbing	Rap & Fusion	cover-local	lyrics-ready	48	_radio_index/suno_backup/lyrics/2026-03-11_c566f06c_muniya.txt
ut-c4f2d0ae1a6da54d	muniya	4	exact-normalized-lyrics	high-local-exact	c566f06c-9015-4d31-9d83-5f54111a1d61	2	ee7a49e1-a296-4e95-acfb-ff3390b8c92f	Hip-Hop Drill Rap	English	kabir-clubbing	Rap & Fusion	cover-local	lyrics-ready	48	_radio_index/suno_backup/lyrics/2026-03-11_ee7a49e1_muniya.txt
ut-c4f2d0ae1a6da54d	muniya	4	exact-normalized-lyrics	high-local-exact	c566f06c-9015-4d31-9d83-5f54111a1d61	3	4bf11224-86d3-49f9-8ddd-60e3375da890	Hip-Hop Drill Rap	English	kabir-clubbing	Rap & Fusion	cover-local	lyrics-ready	48	_radio_index/suno_backup/lyrics/2026-03-11_4bf11224_red compare.txt
ut-c4f2d0ae1a6da54d	muniya	4	exact-normalized-lyrics	high-local-exact	c566f06c-9015-4d31-9d83-5f54111a1d61	4	fc2e9468-9cb2-4110-8a81-60b45d7424ab	Sanaatana Vedic Frequency	Sanskrit	sanaatana-vaigyaniq	Sanatan & Vedic	cover-local	lyrics-ready	48	_radio_index/suno_backup/lyrics/2026-03-11_fc2e9468_red compare.txt
ut-ac34240334e93458	Naaraayana Uunh	4	exact-normalized-lyrics	high-local-exact	519cfa96-09e0-43be-b008-6631b9302357	1	519cfa96-09e0-43be-b008-6631b9302357	Album Unassigned	English	gurukul	Other / Misc	cover-local	lyrics-ready	38	_radio_index/suno_backup/lyrics/2026-03-15_519cfa96_Naaraayana Uunh.txt
ut-ac34240334e93458	Naaraayana Uunh	4	exact-normalized-lyrics	high-local-exact	519cfa96-09e0-43be-b008-6631b9302357	2	a8d556f6-269d-4029-bb1a-0abd4bc16064	Sanaatana Vedic Frequency	English	sanaatana-vaigyaniq	Sanatan & Vedic	cover-local	lyrics-ready	38	_radio_index/suno_backup/lyrics/2026-03-15_a8d556f6_Naaraayana Uunh.txt
ut-ac34240334e93458	Naaraayana Uunh	4	exact-normalized-lyrics	high-local-exact	519cfa96-09e0-43be-b008-6631b9302357	3	b394760e-a22a-4ddf-ae84-669d76820b25	Album Unassigned	English	gurukul	Other / Misc	cover-local	lyrics-ready	38	_radio_index/suno_backup/lyrics/2026-03-15_b394760e_Naaraayana Uunh.txt
ut-ac34240334e93458	Naaraayana Uunh	4	exact-normalized-lyrics	high-local-exact	519cfa96-09e0-43be-b008-6631b9302357	4	f5cb9407-24a2-45f0-8ee2-aa403a65a74b	Sanaatana Vedic Frequency	English	sanaatana-vaigyaniq	Sanatan & Vedic	cover-local	lyrics-ready	38	_radio_index/suno_backup/lyrics/2026-03-15_f5cb9407_Naaraayana Uunh.txt
ut-c28de36e93812550	Naaraayana Uunh	4	exact-normalized-lyrics	high-local-exact	5e5689c5-b3b9-48fb-ac29-11a1a7304d5d	1	5e5689c5-b3b9-48fb-ac29-11a1a7304d5d	Album Unassigned	English	gurukul	Other / Misc	cover-local	lyrics-ready	9	_radio_index/suno_backup/lyrics/2026-03-15_5e5689c5_Naaraayana Uunh.txt
ut-c28de36e93812550	Naaraayana Uunh	4	exact-normalized-lyrics	high-local-exact	5e5689c5-b3b9-48fb-ac29-11a1a7304d5d	2	d42a34a6-86f1-42c4-8ee3-d94d850cc73b	Album Unassigned	English	gurukul	Other / Misc	cover-local	lyrics-ready	9	_radio_index/suno_backup/lyrics/2026-03-15_d42a34a6_Naaraayana Uunh.txt
ut-c28de36e93812550	Naaraayana Uunh	4	exact-normalized-lyrics	high-local-exact	5e5689c5-b3b9-48fb-ac29-11a1a7304d5d	3	e39d4168-ab51-4b9d-a5c3-abccf188281c	Album Unassigned	English	gurukul	Other / Misc	cover-local	lyrics-ready	9	_radio_index/suno_backup/lyrics/2026-03-15_e39d4168_Naaraayana Uunh.txt
ut-c28de36e93812550	Naaraayana Uunh	4	exact-normalized-lyrics	high-local-exact	5e5689c5-b3b9-48fb-ac29-11a1a7304d5d	4	2c5e4dbe-097d-4f30-aabf-618cc31ef0b0	Sanaatana Vedic Frequency	Sanskrit	sanaatana-vaigyaniq	Sanatan & Vedic	cover-local	lyrics-ready	9	_radio_index/suno_backup/lyrics/2026-03-15_2c5e4dbe_Naaraayana Uunh.txt
ut-8d98f3aa95c049d5	neural jogi	4	exact-normalized-lyrics	high-local-exact	43e46f35-5912-4f95-84b9-92edf0d0fb86	1	43e46f35-5912-4f95-84b9-92edf0d0fb86	Hip-Hop Drill Rap	English	kabir-clubbing	Rap & Fusion	cover-local	lyrics-ready	48	_radio_index/suno_backup/lyrics/2026-03-21_43e46f35_neural jogi.txt
ut-8d98f3aa95c049d5	neural jogi	4	exact-normalized-lyrics	high-local-exact	43e46f35-5912-4f95-84b9-92edf0d0fb86	2	6a5dd84e-6da0-4b09-9a52-1db8c4acef47	Hip-Hop Drill Rap	English	kabir-clubbing	Rap & Fusion	cover-local	lyrics-ready	48	_radio_index/suno_backup/lyrics/2026-03-21_6a5dd84e_neural jogi.txt
ut-8d98f3aa95c049d5	neural jogi	4	exact-normalized-lyrics	high-local-exact	43e46f35-5912-4f95-84b9-92edf0d0fb86	3	cf3dbe9b-e2f2-4b21-bd5b-4332afa2a38e	Folk Fusion Lok Rang	English	gurukul	Other / Misc	cover-local	lyrics-ready	48	_radio_index/suno_backup/lyrics/2026-03-21_cf3dbe9b_neural jogi.txt
ut-8d98f3aa95c049d5	neural jogi	4	exact-normalized-lyrics	high-local-exact	43e46f35-5912-4f95-84b9-92edf0d0fb86	4	e09752f7-8498-4ed6-bcf6-594f85308686	Bhakti Katha Devotional	Hindi	kabir-clubbing	Bhakti & Katha	cover-local	lyrics-ready	48	_radio_index/suno_backup/lyrics/2026-03-21_e09752f7_neural jogi.txt
ut-dca36f879cc8eba4	P.H.K.D. अदालत	4	exact-normalized-lyrics	high-local-exact	0fe62a75-f9ed-431e-9780-297f79a24721	1	0fe62a75-f9ed-431e-9780-297f79a24721	Classical Raga Darbar	English	sanaatana-vaigyaniq	Classical & Raag	cover-local	lyrics-ready	31	_radio_index/suno_backup/lyrics/2026-04-13_0fe62a75_P.H.K.D. अदालत.txt
ut-dca36f879cc8eba4	P.H.K.D. अदालत	4	exact-normalized-lyrics	high-local-exact	0fe62a75-f9ed-431e-9780-297f79a24721	2	9e058f7c-2ab6-4715-a723-643881330f31	Sanaatana Vedic Frequency	Sanskrit	sanaatana-vaigyaniq	Sanatan & Vedic	cover-local	lyrics-ready	31	_radio_index/suno_backup/lyrics/2026-04-13_9e058f7c_P.H.K.D. अदालत.txt
ut-dca36f879cc8eba4	P.H.K.D. अदालत	4	exact-normalized-lyrics	high-local-exact	0fe62a75-f9ed-431e-9780-297f79a24721	3	59d3489b-c33c-4509-bbff-c4bfdb962cda	Classical Raga Darbar	Hindi	sanaatana-vaigyaniq	Classical & Raag	cover-local	lyrics-ready	31	_radio_index/suno_backup/lyrics/2026-04-13_59d3489b_पीएच कला-दीक्षित अदालत.txt
ut-dca36f879cc8eba4	P.H.K.D. अदालत	4	exact-normalized-lyrics	high-local-exact	0fe62a75-f9ed-431e-9780-297f79a24721	4	d80e4b3a-e710-464d-b061-83ff02e2c7da	Classical Raga Darbar	Hindi	sanaatana-vaigyaniq	Classical & Raag	cover-local	lyrics-ready	31	_radio_index/suno_backup/lyrics/2026-04-13_d80e4b3a_पीएच कला-दीक्षित अदालत.txt
ut-e0af8e9b5c53a491	ram ki gilahari	4	exact-normalized-lyrics	high-local-exact	b72a5071-8cf9-4efd-9204-269cc25de272	1	b72a5071-8cf9-4efd-9204-269cc25de272	Sanaatana Vedic Frequency	English	sanaatana-vaigyaniq	Sanatan & Vedic	cover-local	lyrics-ready	76	_radio_index/suno_backup/lyrics/2026-03-10_b72a5071_ram ki gilahari.txt
ut-e0af8e9b5c53a491	ram ki gilahari	4	exact-normalized-lyrics	high-local-exact	b72a5071-8cf9-4efd-9204-269cc25de272	2	ca288e06-1055-405b-b5d6-0658613608d7	Hip-Hop Drill Rap	English	kabir-clubbing	Rap & Fusion	cover-local	lyrics-ready	76	_radio_index/suno_backup/lyrics/2026-03-10_ca288e06_ram ki gilahari.txt
ut-e0af8e9b5c53a491	ram ki gilahari	4	exact-normalized-lyrics	high-local-exact	b72a5071-8cf9-4efd-9204-269cc25de272	3	f281e5bc-94e4-4a34-a3f4-601fcbfb4f1b	Hip-Hop Drill Rap	English	kabir-clubbing	Rap & Fusion	cover-local	lyrics-ready	76	_radio_index/suno_backup/lyrics/2026-03-10_f281e5bc_ram ki gilahari.txt
ut-e0af8e9b5c53a491	ram ki gilahari	4	exact-normalized-lyrics	high-local-exact	b72a5071-8cf9-4efd-9204-269cc25de272	4	a25843ec-cf77-404a-ba33-1c77bf208a5f	Bhakti Katha Devotional	Hindi	kabir-clubbing	Bhakti & Katha	cover-local	lyrics-ready	76	_radio_index/suno_backup/lyrics/2026-03-10_a25843ec_ram ki gilahari.txt
ut-087f4a661b6a4bef	red compare	4	exact-normalized-lyrics	high-local-exact	767143b0-de77-4777-a7b7-1eee32a17256	1	767143b0-de77-4777-a7b7-1eee32a17256	Sanaatana Vedic Frequency	English	sanaatana-vaigyaniq	Sanatan & Vedic	cover-local	lyrics-ready	56	_radio_index/suno_backup/lyrics/2026-03-11_767143b0_red compare.txt
ut-087f4a661b6a4bef	red compare	4	exact-normalized-lyrics	high-local-exact	767143b0-de77-4777-a7b7-1eee32a17256	2	79b04114-d41e-4c68-9933-4e9a7845ff81	Sanaatana Vedic Frequency	English	sanaatana-vaigyaniq	Sanatan & Vedic	cover-local	lyrics-ready	56	_radio_index/suno_backup/lyrics/2026-03-11_79b04114_red compare.txt
ut-087f4a661b6a4bef	red compare	4	exact-normalized-lyrics	high-local-exact	767143b0-de77-4777-a7b7-1eee32a17256	3	6adf98e7-94d8-4005-a05b-25fbfda301f0	Sanaatana Vedic Frequency	Sanskrit	sanaatana-vaigyaniq	Sanatan & Vedic	cover-local	lyrics-ready	56	_radio_index/suno_backup/lyrics/2026-03-11_6adf98e7_red compare.txt
ut-087f4a661b6a4bef	red compare	4	exact-normalized-lyrics	high-local-exact	767143b0-de77-4777-a7b7-1eee32a17256	4	9e52df79-607c-4e64-9b32-89b97c3e8dc9	Sanaatana Vedic Frequency	Sanskrit	sanaatana-vaigyaniq	Sanatan & Vedic	cover-local	lyrics-ready	56	_radio_index/suno_backup/lyrics/2026-03-11_9e52df79_red compare.txt
ut-56abeb4739091a9d	red compare	4	exact-normalized-lyrics	high-local-exact	5b4e7c91-3ba1-403e-8ee8-215dc22f61b3	1	5b4e7c91-3ba1-403e-8ee8-215dc22f61b3	Hip-Hop Drill Rap	English	kabir-clubbing	Rap & Fusion	cover-local	lyrics-ready	58	_radio_index/suno_backup/lyrics/2026-03-11_5b4e7c91_red compare.txt
ut-56abeb4739091a9d	red compare	4	exact-normalized-lyrics	high-local-exact	5b4e7c91-3ba1-403e-8ee8-215dc22f61b3	2	dd614877-e23b-45fa-b39a-80fa94764196	Hip-Hop Drill Rap	English	kabir-clubbing	Rap & Fusion	cover-local	lyrics-ready	58	_radio_index/suno_backup/lyrics/2026-03-11_dd614877_red compare.txt
ut-56abeb4739091a9d	red compare	4	exact-normalized-lyrics	high-local-exact	5b4e7c91-3ba1-403e-8ee8-215dc22f61b3	3	f300c6d7-1406-4536-a0f3-80e6ae23cc66	Hip-Hop Drill Rap	English	kabir-clubbing	Rap & Fusion	cover-local	lyrics-ready	58	_radio_index/suno_backup/lyrics/2026-03-11_f300c6d7_red compare.txt
ut-56abeb4739091a9d	red compare	4	exact-normalized-lyrics	high-local-exact	5b4e7c91-3ba1-403e-8ee8-215dc22f61b3	4	ab8341bb-bf13-42ed-96a7-260d7b78c176	Desh Veer Patriotic	Hindi	ameerpur	Desh / Patriotic	cover-local	lyrics-ready	58	_radio_index/suno_backup/lyrics/2026-03-11_ab8341bb_red compare.txt
ut-ef55481e7875d376	red compare	4	exact-normalized-lyrics	high-local-exact	017eae0e-3187-4026-8476-c835ec9d9c4c	1	017eae0e-3187-4026-8476-c835ec9d9c4c	Hip-Hop Drill Rap	English	kabir-clubbing	Rap & Fusion	cover-local	lyrics-ready	56	_radio_index/suno_backup/lyrics/2026-03-11_017eae0e_red compare.txt
ut-ef55481e7875d376	red compare	4	exact-normalized-lyrics	high-local-exact	017eae0e-3187-4026-8476-c835ec9d9c4c	2	20ac85f2-c56a-4083-8706-6f1531493cea	Hip-Hop Drill Rap	English	kabir-clubbing	Rap & Fusion	cover-local	lyrics-ready	56	_radio_index/suno_backup/lyrics/2026-03-11_20ac85f2_red compare.txt
ut-ef55481e7875d376	red compare	4	exact-normalized-lyrics	high-local-exact	017eae0e-3187-4026-8476-c835ec9d9c4c	3	80c5903a-5fb9-4a5c-b183-abf496ee486c	Hip-Hop Drill Rap	English	kabir-clubbing	Rap & Fusion	cover-local	lyrics-ready	56	_radio_index/suno_backup/lyrics/2026-03-11_80c5903a_red compare.txt
ut-ef55481e7875d376	red compare	4	exact-normalized-lyrics	high-local-exact	017eae0e-3187-4026-8476-c835ec9d9c4c	4	c1566bd7-d739-4e75-a23f-eb87d2905be2	Hip-Hop Drill Rap	Hindi	kabir-clubbing	Rap & Fusion	cover-local	lyrics-ready	56	_radio_index/suno_backup/lyrics/2026-03-11_c1566bd7_red compare.txt
ut-1e41a1ff3f5a3226	Tanpura Rainbird	4	exact-normalized-lyrics	high-local-exact	2f7dc4d3-998d-4f4c-b011-9f88e7a482c1	1	2f7dc4d3-998d-4f4c-b011-9f88e7a482c1	Hip-Hop Drill Rap	English	gurukul	Other / Misc	cover-local	lyrics-ready	45	_radio_index/suno_backup/lyrics/2026-05-19_2f7dc4d3_Tanpura Rainbird.txt
ut-1e41a1ff3f5a3226	Tanpura Rainbird	4	exact-normalized-lyrics	high-local-exact	2f7dc4d3-998d-4f4c-b011-9f88e7a482c1	2	6657399e-3da3-424d-9965-024cc4786644	Hip-Hop Drill Rap	English	gurukul	Other / Misc	cover-local	lyrics-ready	45	_radio_index/suno_backup/lyrics/2026-05-19_6657399e_Tanpura Rainbird.txt
ut-1e41a1ff3f5a3226	Tanpura Rainbird	4	exact-normalized-lyrics	high-local-exact	2f7dc4d3-998d-4f4c-b011-9f88e7a482c1	3	4c151ea0-4e12-4f3c-8767-e25ed0ee02cb	Hip-Hop Drill Rap	Hindi	kabir-clubbing	Rap & Fusion	cover-local	lyrics-ready	45	_radio_index/suno_backup/lyrics/2026-05-19_4c151ea0_परदेसां कीधूप.txt
ut-1e41a1ff3f5a3226	Tanpura Rainbird	4	exact-normalized-lyrics	high-local-exact	2f7dc4d3-998d-4f4c-b011-9f88e7a482c1	4	9da0a583-254e-4712-bf3d-e40b49a6856e	Hip-Hop Drill Rap	Hindi	gurukul	Other / Misc	cover-local	lyrics-ready	45	_radio_index/suno_backup/lyrics/2026-05-19_9da0a583_परदेसां कीधूप.txt
ut-21976988bffb5f99	سर्द جھونکے سایہ	4	exact-normalized-lyrics	high-local-exact	18f8e3e2-f827-4ebf-8bd3-61acd858385d	1	18f8e3e2-f827-4ebf-8bd3-61acd858385d	Hip-Hop Drill Rap	Hindi	gurukul	Other / Misc	cover-local	lyrics-ready	28	_radio_index/suno_backup/lyrics/2026-04-16_18f8e3e2_سर्द جھونکے سایہ.txt
ut-21976988bffb5f99	سर्द جھونکے سایہ	4	exact-normalized-lyrics	high-local-exact	18f8e3e2-f827-4ebf-8bd3-61acd858385d	2	1e4e9b8a-2308-4cca-aa41-81c3c0d6b743	Hip-Hop Drill Rap	Hindi	gurukul	Other / Misc	cover-local	lyrics-ready	28	_radio_index/suno_backup/lyrics/2026-04-16_1e4e9b8a_سर्द جھونکے سایہ.txt
ut-21976988bffb5f99	سर्द جھونکے سایہ	4	exact-normalized-lyrics	high-local-exact	18f8e3e2-f827-4ebf-8bd3-61acd858385d	3	958e690b-3e28-4eb1-9fa5-e1bd4d2435c2	Hip-Hop Drill Rap	Hindi	kabir-clubbing	Rap & Fusion	cover-local	lyrics-ready	28	_radio_index/suno_backup/lyrics/2026-04-16_958e690b_लम्स-ए-हवा रोया.txt
ut-21976988bffb5f99	سर्द جھونکے سایہ	4	exact-normalized-lyrics	high-local-exact	18f8e3e2-f827-4ebf-8bd3-61acd858385d	4	c0070cfc-f61e-4c18-9854-d401c1d1ccc9	Hip-Hop Drill Rap	Hindi	gurukul	Other / Misc	cover-local	lyrics-ready	28	_radio_index/suno_backup/lyrics/2026-04-16_c0070cfc_लम्स-ए-हवा रोया.txt
ut-10ba2576b915033f	अंखिया न देखूँ	4	exact-normalized-lyrics	high-local-exact	9bc77208-c25b-427f-8860-d87651658f49	1	9bc77208-c25b-427f-8860-d87651658f49	Bhakti Katha Devotional	Hindi	kabir-clubbing	Bhakti & Katha	cover-local	lyrics-ready	41	_radio_index/suno_backup/lyrics/2026-04-17_9bc77208_अंखिया मूँद.txt
ut-10ba2576b915033f	अंखिया न देखूँ	4	exact-normalized-lyrics	high-local-exact	9bc77208-c25b-427f-8860-d87651658f49	2	2a18d142-6534-4a1d-a2da-00703e7e9621	Hip-Hop Drill Rap	Hindi	gurukul	Other / Misc	cover-local	lyrics-ready	41	_radio_index/suno_backup/lyrics/2026-04-17_2a18d142_अंखिया मूँद.txt
ut-10ba2576b915033f	अंखिया न देखूँ	4	exact-normalized-lyrics	high-local-exact	9bc77208-c25b-427f-8860-d87651658f49	3	cc885ad5-533d-4658-97f5-c6ba2a9a87cc	Hip-Hop Drill Rap	Hindi	gurukul	Other / Misc	cover-local	lyrics-ready	41	_radio_index/suno_backup/lyrics/2026-04-17_cc885ad5_अंखिया मूँद.txt
ut-10ba2576b915033f	अंखिया न देखूँ	4	exact-normalized-lyrics	high-local-exact	9bc77208-c25b-427f-8860-d87651658f49	4	e1953d58-6e85-4b69-9fa0-b2a991ba6816	Hip-Hop Drill Rap	Hindi	gurukul	Other / Misc	cover-local	lyrics-ready	41	_radio_index/suno_backup/lyrics/2026-04-17_e1953d58_अंखिया मूँद.txt
ut-5bf2b4f7b4a3bfa8	अंदर भरी थी कालिख बेमिसाल	4	exact-normalized-lyrics	high-local-exact	6b1f15fd-b06f-4ab7-a74e-dc18eab976cd	1	6b1f15fd-b06f-4ab7-a74e-dc18eab976cd	Hip-Hop Drill Rap	Hindi	kabir-clubbing	Rap & Fusion	cover-local	lyrics-ready	40	_radio_index/suno_backup/lyrics/2026-03-10_6b1f15fd_कालिख के भीतर.txt
ut-5bf2b4f7b4a3bfa8	अंदर भरी थी कालिख बेमिसाल	4	exact-normalized-lyrics	high-local-exact	6b1f15fd-b06f-4ab7-a74e-dc18eab976cd	2	281a3e06-5f91-4e59-9fba-f520b47ff2a4	Album Unassigned	Hindi	gurukul	Other / Misc	cover-local	lyrics-ready	40	_radio_index/suno_backup/lyrics/2026-03-10_281a3e06_कालिख के भीतर.txt
ut-5bf2b4f7b4a3bfa8	अंदर भरी थी कालिख बेमिसाल	4	exact-normalized-lyrics	high-local-exact	6b1f15fd-b06f-4ab7-a74e-dc18eab976cd	3	8ed97e69-ba32-497e-99e6-5f5ffc1208d7	Album Unassigned	Hindi	gurukul	Other / Misc	cover-local	lyrics-ready	40	_radio_index/suno_backup/lyrics/2026-03-10_8ed97e69_कालिख के भीतर.txt
ut-5bf2b4f7b4a3bfa8	अंदर भरी थी कालिख बेमिसाल	4	exact-normalized-lyrics	high-local-exact	6b1f15fd-b06f-4ab7-a74e-dc18eab976cd	4	cdb84859-bd8f-43a9-b7f9-6a080b49e779	Hip-Hop Drill Rap	Hindi	kabir-clubbing	Rap & Fusion	cover-local	lyrics-ready	40	_radio_index/suno_backup/lyrics/2026-03-10_cdb84859_कालिख के भीतर.txt
ut-d5a632dbc3c19edd	आग बराबर दोनों की पर एक बहुत शरमाए	4	exact-normalized-lyrics	high-local-exact	1fbda308-1986-4821-96e6-a89fbc1d2fd7	1	1fbda308-1986-4821-96e6-a89fbc1d2fd7	Hip-Hop Drill Rap	Hindi	kabir-clubbing	Rap & Fusion	cover-local	lyrics-ready	65	_radio_index/suno_backup/lyrics/2026-04-15_1fbda308_घचा घच.txt
ut-d5a632dbc3c19edd	आग बराबर दोनों की पर एक बहुत शरमाए	4	exact-normalized-lyrics	high-local-exact	1fbda308-1986-4821-96e6-a89fbc1d2fd7	2	3620a61f-947c-4be7-bac2-a93a6eaa5a9c	Hip-Hop Drill Rap	Hindi	kabir-clubbing	Rap & Fusion	cover-local	lyrics-ready	65	_radio_index/suno_backup/lyrics/2026-04-15_3620a61f_गीला घचा.txt
ut-d5a632dbc3c19edd	आग बराबर दोनों की पर एक बहुत शरमाए	4	exact-normalized-lyrics	high-local-exact	1fbda308-1986-4821-96e6-a89fbc1d2fd7	3	904d98b2-e279-48b7-83e2-29184af62f47	Hip-Hop Drill Rap	Hindi	kabir-clubbing	Rap & Fusion	cover-local	lyrics-ready	65	_radio_index/suno_backup/lyrics/2026-04-15_904d98b2_गीला घचा.txt
ut-d5a632dbc3c19edd	आग बराबर दोनों की पर एक बहुत शरमाए	4	exact-normalized-lyrics	high-local-exact	1fbda308-1986-4821-96e6-a89fbc1d2fd7	4	713de290-3d6e-45d1-a4fe-163b86903f58	Hip-Hop Drill Rap	Hindi	kabir-clubbing	Rap & Fusion	cover-local	lyrics-ready	65	_radio_index/suno_backup/lyrics/2026-04-15_713de290_घचा घच.txt
ut-671bb8f083da2bbf	आशिका न	4	exact-normalized-lyrics	high-local-exact	40f0eebb-2347-467a-b12f-57371526672e	1	40f0eebb-2347-467a-b12f-57371526672e	Sanaatana Vedic Frequency	Sanskrit	sanaatana-vaigyaniq	Sanatan & Vedic	cover-local	lyrics-ready	59	_radio_index/suno_backup/lyrics/2026-05-07_40f0eebb_चस्का फीडबैक.txt
ut-671bb8f083da2bbf	आशिका न	4	exact-normalized-lyrics	high-local-exact	40f0eebb-2347-467a-b12f-57371526672e	2	4417277d-8df9-416a-ac8b-9b68e3cdf5be	Hip-Hop Drill Rap	Hindi	kabir-clubbing	Rap & Fusion	cover-local	lyrics-ready	59	_radio_index/suno_backup/lyrics/2026-05-06_4417277d_चस्का ढार.txt
ut-671bb8f083da2bbf	आशिका न	4	exact-normalized-lyrics	high-local-exact	40f0eebb-2347-467a-b12f-57371526672e	3	e3e41c8a-d755-4128-b6d7-eb79a61facec	Hip-Hop Drill Rap	Hindi	kabir-clubbing	Rap & Fusion	cover-local	lyrics-ready	59	_radio_index/suno_backup/lyrics/2026-05-06_e3e41c8a_चस्का ढार.txt
ut-671bb8f083da2bbf	आशिका न	4	exact-normalized-lyrics	high-local-exact	40f0eebb-2347-467a-b12f-57371526672e	4	b81894bf-4e0b-489f-b54c-a471f30a051a	Hip-Hop Drill Rap	Hindi	kabir-clubbing	Rap & Fusion	cover-local	lyrics-ready	59	_radio_index/suno_backup/lyrics/2026-05-07_b81894bf_चस्का फीडबैक.txt
ut-487d8c2a4a81bf2e	इसी वाली बोटी	4	exact-normalized-lyrics	high-local-exact	12134426-c294-4dd0-9375-9f507bb1140a	1	12134426-c294-4dd0-9375-9f507bb1140a	Folk Fusion Lok Rang	Hindi	gurukul	Other / Misc	cover-local	lyrics-ready	56	_radio_index/suno_backup/lyrics/2026-05-12_12134426_इसी वाली बोटी.txt
ut-487d8c2a4a81bf2e	इसी वाली बोटी	4	exact-normalized-lyrics	high-local-exact	12134426-c294-4dd0-9375-9f507bb1140a	2	f5ca7479-1bc5-4df4-a86e-e410e27b36cb	Folk Fusion Lok Rang	Haryanvi	ameerpur	Haryanvi Folk	cover-local	lyrics-ready	56	_radio_index/suno_backup/lyrics/2026-05-12_f5ca7479_इसी वाली बोटी.txt
ut-487d8c2a4a81bf2e	इसी वाली बोटी	4	exact-normalized-lyrics	high-local-exact	12134426-c294-4dd0-9375-9f507bb1140a	3	8bcb26e4-6909-4e70-9291-af3e5452bf87	Hip-Hop Drill Rap	Hindi	kabir-clubbing	Rap & Fusion	cover-local	lyrics-ready	56	_radio_index/suno_backup/lyrics/2026-05-12_8bcb26e4_बोटी-फुर्र अरदास.txt
ut-487d8c2a4a81bf2e	इसी वाली बोटी	4	exact-normalized-lyrics	high-local-exact	12134426-c294-4dd0-9375-9f507bb1140a	4	dd450e4b-6a76-42d9-8a70-2e4a0244702d	Hip-Hop Drill Rap	Hindi	kabir-clubbing	Rap & Fusion	cover-local	lyrics-ready	56	_radio_index/suno_backup/lyrics/2026-05-12_dd450e4b_बोटी-फुर्र अरदास.txt
ut-152b8174cb43728a	कबीरा न रो	4	exact-normalized-lyrics	high-local-exact	134c2704-6219-40e0-ac0d-cb7ea6ad4857	1	134c2704-6219-40e0-ac0d-cb7ea6ad4857	Bhakti Katha Devotional	Hindi	kabir-clubbing	Bhakti & Katha	cover-local	lyrics-ready	34	_radio_index/suno_backup/lyrics/2026-04-20_134c2704_माटी घट-विक्री.txt
ut-152b8174cb43728a	कबीरा न रो	4	exact-normalized-lyrics	high-local-exact	134c2704-6219-40e0-ac0d-cb7ea6ad4857	2	cd4e2b2c-3363-4c01-81bd-4482ad356954	Hip-Hop Drill Rap	Hindi	kabir-clubbing	Bhakti & Katha	cover-local	lyrics-ready	34	_radio_index/suno_backup/lyrics/2026-04-20_cd4e2b2c_कबीरा नमक मंडी.txt
ut-152b8174cb43728a	कबीरा न रो	4	exact-normalized-lyrics	high-local-exact	134c2704-6219-40e0-ac0d-cb7ea6ad4857	3	e7929024-f570-473c-9c81-bd82372023c1	Hip-Hop Drill Rap	Hindi	kabir-clubbing	Bhakti & Katha	cover-local	lyrics-ready	34	_radio_index/suno_backup/lyrics/2026-04-20_e7929024_कबीरा नमक मंडी.txt
ut-152b8174cb43728a	कबीरा न रो	4	exact-normalized-lyrics	high-local-exact	134c2704-6219-40e0-ac0d-cb7ea6ad4857	4	2f8b76a0-2fea-4f3f-9f7f-09611a2f27d7	Hip-Hop Drill Rap	Hindi	kabir-clubbing	Bhakti & Katha	cover-local	lyrics-ready	34	_radio_index/suno_backup/lyrics/2026-04-20_2f8b76a0_माटी घट-विक्री.txt
ut-77ae8d7a0ef94e01	कुचली पुचली लोरी	4	exact-normalized-lyrics	high-local-exact	5a96815a-5320-4ebb-83ad-5088f4d5119f	1	5a96815a-5320-4ebb-83ad-5088f4d5119f	Folk Fusion Lok Rang	Hindi	gurukul	Other / Misc	cover-local	lyrics-ready	20	_radio_index/suno_backup/lyrics/2026-04-17_5a96815a_कुचली पुचली लोरी.txt
ut-77ae8d7a0ef94e01	कुचली पुचली लोरी	4	exact-normalized-lyrics	high-local-exact	5a96815a-5320-4ebb-83ad-5088f4d5119f	2	f3e731fd-6f31-461c-a2a6-3b473777fab5	Folk Fusion Lok Rang	Hindi	gurukul	Other / Misc	cover-local	lyrics-ready	20	_radio_index/suno_backup/lyrics/2026-04-17_f3e731fd_कुचली पुचली लोरी.txt
ut-77ae8d7a0ef94e01	कुचली पुचली लोरी	4	exact-normalized-lyrics	high-local-exact	5a96815a-5320-4ebb-83ad-5088f4d5119f	3	35f7f955-01dd-4c65-bbbd-ba0e87bf0900	Folk Fusion Lok Rang	Hindi	gurukul	Other / Misc	cover-local	lyrics-ready	20	_radio_index/suno_backup/lyrics/2026-04-17_35f7f955_कुचली पुचली सो जा.txt
ut-77ae8d7a0ef94e01	कुचली पुचली लोरी	4	exact-normalized-lyrics	high-local-exact	5a96815a-5320-4ebb-83ad-5088f4d5119f	4	b37c71bb-dbeb-4ae3-99d2-7debde5ee2be	Love Virah Ghazal	Hindi	ameerpur	Love & Virah	cover-local	lyrics-ready	20	_radio_index/suno_backup/lyrics/2026-04-17_b37c71bb_कुचली पुचली सो जा.txt
ut-cb0aaae7433276c7	कौन कहे मनुस को जनम अभागो	4	exact-normalized-lyrics	high-local-exact	0ad49695-99db-42e9-8a89-cc45b2f0875d	1	0ad49695-99db-42e9-8a89-cc45b2f0875d	Bhakti Katha Devotional	Hindi	kabir-clubbing	Bhakti & Katha	cover-local	lyrics-ready	16	_radio_index/suno_backup/lyrics/2026-05-09_0ad49695_श्याम-धागो धरी.txt
ut-cb0aaae7433276c7	कौन कहे मनुस को जनम अभागो	4	exact-normalized-lyrics	high-local-exact	0ad49695-99db-42e9-8a89-cc45b2f0875d	2	20d780b6-4235-4a2e-85ae-2221c73e89ef	Bhakti Katha Devotional	Hindi	sanaatana-vaigyaniq	Classical & Raag	cover-local	lyrics-ready	16	_radio_index/suno_backup/lyrics/2026-05-09_20d780b6_श्याम-धागो.txt
ut-cb0aaae7433276c7	कौन कहे मनुस को जनम अभागो	4	exact-normalized-lyrics	high-local-exact	0ad49695-99db-42e9-8a89-cc45b2f0875d	3	819c6001-5eb8-472a-ae59-0a0ebab6a312	Bhakti Katha Devotional	Hindi	sanaatana-vaigyaniq	Classical & Raag	cover-local	lyrics-ready	16	_radio_index/suno_backup/lyrics/2026-05-09_819c6001_श्याम-धागो.txt
ut-cb0aaae7433276c7	कौन कहे मनुस को जनम अभागो	4	exact-normalized-lyrics	high-local-exact	0ad49695-99db-42e9-8a89-cc45b2f0875d	4	d33be684-25d7-4e85-87ef-49230095291a	Bhakti Katha Devotional	Hindi	sanaatana-vaigyaniq	Classical & Raag	cover-local	lyrics-ready	16	_radio_index/suno_backup/lyrics/2026-05-09_d33be684_श्याम-धागो धरी.txt
ut-4e45e084a334aeaf	क्या सच है क्या झूठ है.. What is truth? What is	4	exact-normalized-lyrics	high-local-exact	9682f67f-4799-479e-a59e-b827566b078e	1	9682f67f-4799-479e-a59e-b827566b078e	Desh Veer Patriotic	English	ameerpur	Desh / Patriotic	cover-local	lyrics-ready	6	_radio_index/suno_backup/lyrics/2026-04-15_9682f67f_सैलाब हार्मोन्स.txt
ut-4e45e084a334aeaf	क्या सच है क्या झूठ है.. What is truth? What is	4	exact-normalized-lyrics	high-local-exact	9682f67f-4799-479e-a59e-b827566b078e	2	27c452cf-2f79-4805-9f19-a6ba4be5ef89	Love Virah Ghazal	Hindi	gurukul	Other / Misc	cover-local	lyrics-ready	6	_radio_index/suno_backup/lyrics/2026-04-15_27c452cf_“सैलाब हार्मोन्स”.txt
ut-4e45e084a334aeaf	क्या सच है क्या झूठ है.. What is truth? What is	4	exact-normalized-lyrics	high-local-exact	9682f67f-4799-479e-a59e-b827566b078e	3	6891158c-b10e-4ec4-9cb0-454f0c1bd1f6	Love Virah Ghazal	Hindi	gurukul	Other / Misc	cover-local	lyrics-ready	6	_radio_index/suno_backup/lyrics/2026-04-15_6891158c_सैलाब हार्मोन्स.txt
ut-4e45e084a334aeaf	क्या सच है क्या झूठ है.. What is truth? What is	4	exact-normalized-lyrics	high-local-exact	9682f67f-4799-479e-a59e-b827566b078e	4	c8df8309-2e96-4199-ad2e-32c87be3002e	Love Virah Ghazal	Hindi	gurukul	Other / Misc	cover-local	lyrics-ready	6	_radio_index/suno_backup/lyrics/2026-04-15_c8df8309_“सैलाब हार्मोन्स”.txt
ut-96d97f8801bda758	घूँघट के पट खोलि दे आली	4	exact-normalized-lyrics	high-local-exact	7f168537-a968-41cb-ba05-f17737463764	1	7f168537-a968-41cb-ba05-f17737463764	Bhakti Katha Devotional	Hindi	kabir-clubbing	Bhakti & Katha	cover-local	lyrics-ready	43	_radio_index/suno_backup/lyrics/2026-05-10_7f168537_बंसीधर मुकुट.txt
ut-96d97f8801bda758	घूँघट के पट खोलि दे आली	4	exact-normalized-lyrics	high-local-exact	7f168537-a968-41cb-ba05-f17737463764	2	bd82b09f-8f58-4b13-8ae8-b3c88ea71ee4	Kabir Sufi Qawwali	Hindi	gurukul	Other / Misc	cover-local	lyrics-ready	43	_radio_index/suno_backup/lyrics/2026-05-10_bd82b09f_बंसी तान बिरह.txt
ut-96d97f8801bda758	घूँघट के पट खोलि दे आली	4	exact-normalized-lyrics	high-local-exact	7f168537-a968-41cb-ba05-f17737463764	3	cb3b5a5b-0158-437f-bb0f-a905d88de403	Kabir Sufi Qawwali	Hindi	gurukul	Other / Misc	cover-local	lyrics-ready	43	_radio_index/suno_backup/lyrics/2026-05-10_cb3b5a5b_बंसी तान बिरह.txt
ut-96d97f8801bda758	घूँघट के पट खोलि दे आली	4	exact-normalized-lyrics	high-local-exact	7f168537-a968-41cb-ba05-f17737463764	4	d8e1bbbb-d558-49bb-9961-e2caa023d9aa	Hip-Hop Drill Rap	Hindi	kabir-clubbing	Rap & Fusion	cover-local	lyrics-ready	43	_radio_index/suno_backup/lyrics/2026-05-10_d8e1bbbb_बंसीधर मुकुट.txt
ut-c5cda56ac8a63097	छुक-छुक गाड़ी	4	exact-normalized-lyrics	high-local-exact	c0a0b8a2-6b5b-4c50-a7d1-5bd85bd7e24d	1	c0a0b8a2-6b5b-4c50-a7d1-5bd85bd7e24d	Folk Fusion Lok Rang	Hindi	sanaatana-vaigyaniq	Classical & Raag	cover-local	lyrics-ready	28	_radio_index/suno_backup/lyrics/2026-05-23_c0a0b8a2_छुक-छुक गाडी़.txt
ut-c5cda56ac8a63097	छुक-छुक गाड़ी	4	exact-normalized-lyrics	high-local-exact	c0a0b8a2-6b5b-4c50-a7d1-5bd85bd7e24d	2	6c05306f-bf60-44fc-9a7c-cd6a8d07190d	Love Virah Ghazal	Hindi	ameerpur	Love & Virah	cover-local	lyrics-ready	28	_radio_index/suno_backup/lyrics/2026-05-23_6c05306f_छुक-छुक गाडी़.txt
ut-c5cda56ac8a63097	छुक-छुक गाड़ी	4	exact-normalized-lyrics	high-local-exact	c0a0b8a2-6b5b-4c50-a7d1-5bd85bd7e24d	3	130d4a7c-79cc-4c0e-827e-a011ef1e0689	Folk Fusion Lok Rang	Hindi	gurukul	Other / Misc	cover-local	lyrics-ready	28	_radio_index/suno_backup/lyrics/2026-05-23_130d4a7c_छुक-छुक भाषा गाडी़.txt
ut-c5cda56ac8a63097	छुक-छुक गाड़ी	4	exact-normalized-lyrics	high-local-exact	c0a0b8a2-6b5b-4c50-a7d1-5bd85bd7e24d	4	8334c7f3-00ab-48e5-8e90-fae9c7898ec4	Folk Fusion Lok Rang	Hindi	gurukul	Other / Misc	cover-local	lyrics-ready	28	_radio_index/suno_backup/lyrics/2026-05-23_8334c7f3_छुक-छुक भाषा गाडी़.txt
ut-8243a2e949e6b549	जाट जाट जाट जाट खिले हुए rose हैं	4	exact-normalized-lyrics	high-local-exact	42bde3ea-cba3-4e45-acdb-d8b8a10379ca	1	42bde3ea-cba3-4e45-acdb-d8b8a10379ca	Folk Fusion Lok Rang	Haryanvi	ameerpur	Haryanvi Folk	cover-local	lyrics-ready	34	_radio_index/suno_backup/lyrics/2026-05-15_42bde3ea_जटाओं की गड़गडा़हट.txt
ut-8243a2e949e6b549	जाट जाट जाट जाट खिले हुए rose हैं	4	exact-normalized-lyrics	high-local-exact	42bde3ea-cba3-4e45-acdb-d8b8a10379ca	2	a10e118d-a2df-428c-add4-6624a46a39fc	Folk Fusion Lok Rang	Haryanvi	ameerpur	Haryanvi Folk	cover-local	lyrics-ready	34	_radio_index/suno_backup/lyrics/2026-05-15_a10e118d_जटाओं की गड़गडा़हट.txt
ut-8243a2e949e6b549	जाट जाट जाट जाट खिले हुए rose हैं	4	exact-normalized-lyrics	high-local-exact	42bde3ea-cba3-4e45-acdb-d8b8a10379ca	3	c7719c74-3520-40ba-9a5a-48be9a8e9af4	Folk Fusion Lok Rang	Haryanvi	ameerpur	Haryanvi Folk	cover-local	lyrics-ready	34	_radio_index/suno_backup/lyrics/2026-05-15_c7719c74_जटाओं की डमकार.txt
ut-8243a2e949e6b549	जाट जाट जाट जाट खिले हुए rose हैं	4	exact-normalized-lyrics	high-local-exact	42bde3ea-cba3-4e45-acdb-d8b8a10379ca	4	d3340fe8-0440-4a60-afec-7b57312659b8	Folk Fusion Lok Rang	Haryanvi	ameerpur	Haryanvi Folk	cover-local	lyrics-ready	34	_radio_index/suno_backup/lyrics/2026-05-15_d3340fe8_जटाओं की डमकार.txt
ut-1fcf526d6092dd37	जो अभी एक झोंका हवा का गया	4	exact-normalized-lyrics	high-local-exact	38638635-c5dc-4adf-a993-68d94475738d	1	38638635-c5dc-4adf-a993-68d94475738d	Hip-Hop Drill Rap	Hindi	kabir-clubbing	Rap & Fusion	cover-local	lyrics-ready	17	_radio_index/suno_backup/lyrics/2026-04-16_38638635_झोंका सच.txt
ut-1fcf526d6092dd37	जो अभी एक झोंका हवा का गया	4	exact-normalized-lyrics	high-local-exact	38638635-c5dc-4adf-a993-68d94475738d	2	55c3b42c-b321-4d8e-982f-b33f33fd17a4	Hip-Hop Drill Rap	Hindi	gurukul	Other / Misc	cover-local	lyrics-ready	17	_radio_index/suno_backup/lyrics/2026-04-16_55c3b42c_झोंका सच.txt
ut-1fcf526d6092dd37	जो अभी एक झोंका हवा का गया	4	exact-normalized-lyrics	high-local-exact	38638635-c5dc-4adf-a993-68d94475738d	3	4b0c2c01-f4bd-4229-85d2-c39b1e719b8a	Hip-Hop Drill Rap	Hindi	gurukul	Other / Misc	cover-local	lyrics-ready	17	_radio_index/suno_backup/lyrics/2026-04-16_4b0c2c01_झोंका हवा.txt
ut-1fcf526d6092dd37	जो अभी एक झोंका हवा का गया	4	exact-normalized-lyrics	high-local-exact	38638635-c5dc-4adf-a993-68d94475738d	4	d2d8b4cd-bbfb-47c4-a65f-d009691f616a	Hip-Hop Drill Rap	Hindi	gurukul	Other / Misc	cover-local	lyrics-ready	17	_radio_index/suno_backup/lyrics/2026-04-16_d2d8b4cd_झोंका हवा.txt
ut-227dbd71622d4422	डिजिटल गुरुकुल-कनेक्टर	4	exact-normalized-lyrics	high-local-exact	161f3183-f997-4981-afda-e28650b9f92d	1	161f3183-f997-4981-afda-e28650b9f92d	Sanaatana Vedic Frequency	Hindi	gurukul	Other / Misc	cover-local	lyrics-ready	1	_radio_index/suno_backup/lyrics/2026-05-22_161f3183_डिजिटल गुरुकुल-कनेक्टर.txt
ut-227dbd71622d4422	डिजिटल गुरुकुल-कनेक्टर	4	exact-normalized-lyrics	high-local-exact	161f3183-f997-4981-afda-e28650b9f92d	2	1fe24a9e-568a-49b0-ba5b-a24b30c0d106	Sanaatana Vedic Frequency	Hindi	gurukul	Other / Misc	cover-local	lyrics-ready	1	_radio_index/suno_backup/lyrics/2026-05-22_1fe24a9e_डिजिटल गुरुकुल लॉग्स.txt
ut-227dbd71622d4422	डिजिटल गुरुकुल-कनेक्टर	4	exact-normalized-lyrics	high-local-exact	161f3183-f997-4981-afda-e28650b9f92d	3	9e69f682-8e35-49be-bd83-e64b31b91832	Sanaatana Vedic Frequency	Hindi	gurukul	Other / Misc	cover-local	lyrics-ready	1	_radio_index/suno_backup/lyrics/2026-05-22_9e69f682_डिजिटल गुरुकुल लॉग्स.txt
ut-227dbd71622d4422	डिजिटल गुरुकुल-कनेक्टर	4	exact-normalized-lyrics	high-local-exact	161f3183-f997-4981-afda-e28650b9f92d	4	db77a1fc-e18d-44a0-a28d-7653ea20e3c3	Sanaatana Vedic Frequency	Sanskrit	sanaatana-vaigyaniq	Sanatan & Vedic	cover-local	lyrics-ready	1	_radio_index/suno_backup/lyrics/2026-05-22_db77a1fc_डिजिटल गुरुकुल-कनेक्टर.txt
ut-858ed4c237e440a9	नाम बस एक रह गया साँस की गुंजाइश में	4	exact-normalized-lyrics	high-local-exact	bce359ca-a7fd-4325-9cda-b272232acfea	1	bce359ca-a7fd-4325-9cda-b272232acfea	Desh Veer Patriotic	Hindi	ameerpur	Desh / Patriotic	cover-local	lyrics-ready	17	_radio_index/suno_backup/lyrics/2026-04-15_bce359ca_सांस-गुंजाइश.txt
ut-858ed4c237e440a9	नाम बस एक रह गया साँस की गुंजाइश में	4	exact-normalized-lyrics	high-local-exact	bce359ca-a7fd-4325-9cda-b272232acfea	2	a9b3bf78-406c-4fae-a4ad-3cb4afe8447b	Kabir Sufi Qawwali	Hindi	sanaatana-vaigyaniq	Classical & Raag	cover-local	lyrics-ready	17	_radio_index/suno_backup/lyrics/2026-04-15_a9b3bf78_साँस की गुंजाइश.txt
ut-858ed4c237e440a9	नाम बस एक रह गया साँस की गुंजाइश में	4	exact-normalized-lyrics	high-local-exact	bce359ca-a7fd-4325-9cda-b272232acfea	3	f4b382b7-da16-448e-8a6b-1e49367d23d6	Kabir Sufi Qawwali	Hindi	sanaatana-vaigyaniq	Classical & Raag	cover-local	lyrics-ready	17	_radio_index/suno_backup/lyrics/2026-04-15_f4b382b7_साँस की गुंजाइश.txt
ut-858ed4c237e440a9	नाम बस एक रह गया साँस की गुंजाइश में	4	exact-normalized-lyrics	high-local-exact	bce359ca-a7fd-4325-9cda-b272232acfea	4	37fb9699-f1ca-49b8-acaa-6903ab65d04b	Kabir Sufi Qawwali	Hindi	sanaatana-vaigyaniq	Classical & Raag	cover-local	lyrics-ready	17	_radio_index/suno_backup/lyrics/2026-04-15_37fb9699_सांस-गुंजाइश.txt
ut-a4e5b85237227cdf	मेट्रो दरवाज़े बंद	4	exact-normalized-lyrics	high-local-exact	e48f5522-c4e9-43c9-8080-e6a097fa596c	1	e48f5522-c4e9-43c9-8080-e6a097fa596c	Sanaatana Vedic Frequency	Sanskrit	sanaatana-vaigyaniq	Sanatan & Vedic	cover-local	lyrics-ready	68	_radio_index/suno_backup/lyrics/2026-04-21_e48f5522_मेट्रो दरवाजे़ बंद.txt
ut-a4e5b85237227cdf	मेट्रो दरवाज़े बंद	4	exact-normalized-lyrics	high-local-exact	e48f5522-c4e9-43c9-8080-e6a097fa596c	2	b56bd6df-5167-43b3-b0a6-cf5f42c72589	Sanaatana Vedic Frequency	English	sanaatana-vaigyaniq	Sanatan & Vedic	cover-local	lyrics-ready	68	_radio_index/suno_backup/lyrics/2026-04-21_b56bd6df_मेट्रो दरवाजे़ बंद x Animatrix लोडिंग (Mashup).txt
ut-a4e5b85237227cdf	मेट्रो दरवाज़े बंद	4	exact-normalized-lyrics	high-local-exact	e48f5522-c4e9-43c9-8080-e6a097fa596c	3	d0569990-a19a-4e68-b82b-1db44b271e2a	Sanaatana Vedic Frequency	English	sanaatana-vaigyaniq	Sanatan & Vedic	cover-local	lyrics-ready	68	_radio_index/suno_backup/lyrics/2026-04-21_d0569990_मेट्रो दरवाजे़ बंद x Animatrix लोडिंग (Mashup).txt
ut-a4e5b85237227cdf	मेट्रो दरवाज़े बंद	4	exact-normalized-lyrics	high-local-exact	e48f5522-c4e9-43c9-8080-e6a097fa596c	4	803ae36b-ad83-4a45-9256-606bf42e2514	Sanaatana Vedic Frequency	Sanskrit	sanaatana-vaigyaniq	Sanatan & Vedic	cover-local	lyrics-ready	68	_radio_index/suno_backup/lyrics/2026-04-21_803ae36b_मेट्रो दरवाजे़ बंद.txt
ut-60218bdb99d3a00c	रिश्ता-नाल-इम्तिहाँ	4	exact-normalized-lyrics	high-local-exact	5310feb2-43cf-491d-a8cf-058a6e885ea5	1	5310feb2-43cf-491d-a8cf-058a6e885ea5	Kabir Sufi Qawwali	Hindi	sanaatana-vaigyaniq	Classical & Raag	cover-local	lyrics-ready	36	_radio_index/suno_backup/lyrics/2026-04-04_5310feb2_रिश्ता-नाल-इम्तिहाँ.txt
ut-60218bdb99d3a00c	रिश्ता-नाल-इम्तिहाँ	4	exact-normalized-lyrics	high-local-exact	5310feb2-43cf-491d-a8cf-058a6e885ea5	2	7c76f4be-b274-4727-952b-4bd968da0040	Kabir Sufi Qawwali	Hindi	sanaatana-vaigyaniq	Classical & Raag	cover-local	lyrics-ready	36	_radio_index/suno_backup/lyrics/2026-04-04_7c76f4be_रिश्ता-नाल-इम्तिहाँ.txt
ut-60218bdb99d3a00c	रिश्ता-नाल-इम्तिहाँ	4	exact-normalized-lyrics	high-local-exact	5310feb2-43cf-491d-a8cf-058a6e885ea5	3	c866c36a-ad31-4461-a2df-711fcbb455d4	Kabir Sufi Qawwali	Hindi	sanaatana-vaigyaniq	Classical & Raag	cover-local	lyrics-ready	36	_radio_index/suno_backup/lyrics/2026-04-04_c866c36a_रिश्ता है!!.txt
ut-60218bdb99d3a00c	रिश्ता-नाल-इम्तिहाँ	4	exact-normalized-lyrics	high-local-exact	5310feb2-43cf-491d-a8cf-058a6e885ea5	4	492c5721-3555-4908-9a41-6e9cf2767765	Desh Veer Patriotic	Hindi	ameerpur	Desh / Patriotic	cover-local	lyrics-ready	36	_radio_index/suno_backup/lyrics/2026-04-04_492c5721_रिश्ता है!!.txt
ut-bec577fa6c3a011a	सिंहिका पथ दियाये केतु भागे भटका भटक	4	exact-normalized-lyrics	high-local-exact	75291d2d-784d-46f7-8c5a-774e99eb3e3e	1	75291d2d-784d-46f7-8c5a-774e99eb3e3e	Bhakti Katha Devotional	Hindi	kabir-clubbing	Bhakti & Katha	cover-local	lyrics-ready	38	_radio_index/suno_backup/lyrics/2026-05-24_75291d2d_हनु मूड खाने.txt
ut-bec577fa6c3a011a	सिंहिका पथ दियाये केतु भागे भटका भटक	4	exact-normalized-lyrics	high-local-exact	75291d2d-784d-46f7-8c5a-774e99eb3e3e	2	974ae0bf-c90c-47bb-803a-18160360bc54	Bhakti Katha Devotional	Hindi	kabir-clubbing	Bhakti & Katha	cover-local	lyrics-ready	38	_radio_index/suno_backup/lyrics/2026-05-24_974ae0bf_हनु की पटक.txt
ut-bec577fa6c3a011a	सिंहिका पथ दियाये केतु भागे भटका भटक	4	exact-normalized-lyrics	high-local-exact	75291d2d-784d-46f7-8c5a-774e99eb3e3e	3	fa8592bb-2d3c-443d-aaf7-9882825a0f19	Album Unassigned	Hindi	gurukul	Other / Misc	cover-local	lyrics-ready	38	_radio_index/suno_backup/lyrics/2026-05-24_fa8592bb_हनु की पटक.txt
ut-bec577fa6c3a011a	सिंहिका पथ दियाये केतु भागे भटका भटक	4	exact-normalized-lyrics	high-local-exact	75291d2d-784d-46f7-8c5a-774e99eb3e3e	4	2bfbe15e-ac6a-487e-94bd-f535bdbe9f7a	Album Unassigned	Hindi	gurukul	Other / Misc	cover-local	lyrics-ready	38	_radio_index/suno_backup/lyrics/2026-05-24_2bfbe15e_हनु मूड खाने.txt
ut-12b37a95bfda3cf2	(untitled)	3	exact-normalized-lyrics	high-local-exact	474b5afb-1073-42d4-a1b5-16fbfdce636d	1	474b5afb-1073-42d4-a1b5-16fbfdce636d	Album Unassigned	English	gurukul	Other / Misc	cover-local	lyrics-ready	51	_radio_index/suno_backup/lyrics/2026-03-11_474b5afb_untitled.txt
ut-12b37a95bfda3cf2	(untitled)	3	exact-normalized-lyrics	high-local-exact	474b5afb-1073-42d4-a1b5-16fbfdce636d	2	fabdd7cf-3445-4b3f-8bd3-d5df256ebc2b	Sanaatana Vedic Frequency	Sanskrit	sanaatana-vaigyaniq	Sanatan & Vedic	cover-local	lyrics-ready	51	_radio_index/suno_backup/lyrics/2026-03-11_fabdd7cf_untitled.txt
ut-12b37a95bfda3cf2	(untitled)	3	exact-normalized-lyrics	high-local-exact	474b5afb-1073-42d4-a1b5-16fbfdce636d	3	5d0161fa-6647-4a40-be7e-121a88d2b2a3	Sanaatana Vedic Frequency	Sanskrit	sanaatana-vaigyaniq	Sanatan & Vedic	cover-local	lyrics-ready	51	_radio_index/suno_backup/lyrics/2026-03-11_5d0161fa_untitled.txt
ut-45d071913ab6b088	del	3	exact-normalized-lyrics	high-local-exact	0c99df73-cc56-439f-a358-0cdbaff0f6f3	1	0c99df73-cc56-439f-a358-0cdbaff0f6f3	Kabir Sufi Qawwali	English	ameerpur	Love & Virah	cover-local	lyrics-ready	65	_radio_index/suno_backup/lyrics/2026-03-10_0c99df73_del.txt
ut-45d071913ab6b088	del	3	exact-normalized-lyrics	high-local-exact	0c99df73-cc56-439f-a358-0cdbaff0f6f3	2	ce3542f2-07bf-4e0e-94d0-849e29cc7cc7	Kabir Sufi Qawwali	English	ameerpur	Love & Virah	cover-local	lyrics-ready	65	_radio_index/suno_backup/lyrics/2026-03-10_ce3542f2_del.txt
ut-45d071913ab6b088	del	3	exact-normalized-lyrics	high-local-exact	0c99df73-cc56-439f-a358-0cdbaff0f6f3	3	11ca7860-3587-4ba9-ae50-0a75df533e5d	Desh Veer Patriotic	Hindi	ameerpur	Desh / Patriotic	cover-local	lyrics-ready	65	_radio_index/suno_backup/lyrics/2026-03-10_11ca7860_del.txt
ut-572f383b1eccee48	Giddhon ke sheher mein	3	exact-normalized-lyrics	high-local-exact	4df6f608-207a-494e-91e5-296847785ef2	1	4df6f608-207a-494e-91e5-296847785ef2	Desh Veer Patriotic	English	ameerpur	Desh / Patriotic	cover-local	lyrics-ready	26	_radio_index/suno_backup/lyrics/2026-04-30_4df6f608_WhatsApp Image 2025-06-17 at 20.41.57 (Remastered).txt
ut-572f383b1eccee48	Giddhon ke sheher mein	3	exact-normalized-lyrics	high-local-exact	4df6f608-207a-494e-91e5-296847785ef2	2	4c9c262d-a876-4406-8e42-79d64f585366	Folk Fusion Lok Rang	English	gurukul	Other / Misc	cover-local	lyrics-ready	26	_radio_index/suno_backup/lyrics/2026-03-25_4c9c262d_WhatsApp Image 2025-06-17 at 20.41.57.txt
ut-572f383b1eccee48	Giddhon ke sheher mein	3	exact-normalized-lyrics	high-local-exact	4df6f608-207a-494e-91e5-296847785ef2	3	4cccdb69-4cb8-41f3-91bc-bac82f3583af	Folk Fusion Lok Rang	English	gurukul	Other / Misc	cover-local	lyrics-ready	26	_radio_index/suno_backup/lyrics/2026-04-30_4cccdb69_WhatsApp Image 2025-06-17 at 20.41.57 (Remastered).txt
ut-11dab163de402c8e	“Roach Sirens”	2	exact-normalized-lyrics	high-local-exact	f3c2518c-d6a6-4235-8da6-208eae4ee71a	1	f3c2518c-d6a6-4235-8da6-208eae4ee71a	Hip-Hop Drill Rap	English	kabir-clubbing	Rap & Fusion	cover-local	lyrics-ready	40	_radio_index/suno_backup/lyrics/2026-04-22_f3c2518c_“Roach Sirens”.txt
ut-11dab163de402c8e	“Roach Sirens”	2	exact-normalized-lyrics	high-local-exact	f3c2518c-d6a6-4235-8da6-208eae4ee71a	2	c6ab00bc-f4fc-49fb-91b6-93fbb717ec43	Hip-Hop Drill Rap	English	kabir-clubbing	Rap & Fusion	cover-local	lyrics-ready	40	_radio_index/suno_backup/lyrics/2026-04-22_c6ab00bc_“Roach Sirens”.txt
ut-00c9f00f8926de3a	(untitled)	2	exact-normalized-lyrics	high-local-exact	8860015e-eb23-42e2-aaee-c4f0344caf19	1	8860015e-eb23-42e2-aaee-c4f0344caf19	Sanaatana Vedic Frequency	English	sanaatana-vaigyaniq	Sanatan & Vedic	cover-local	lyrics-ready	88	_radio_index/suno_backup/lyrics/2026-03-12_8860015e_untitled.txt
ut-00c9f00f8926de3a	(untitled)	2	exact-normalized-lyrics	high-local-exact	8860015e-eb23-42e2-aaee-c4f0344caf19	2	da000daa-342d-4df9-89ab-8523bb3b5320	Sanaatana Vedic Frequency	Sanskrit	sanaatana-vaigyaniq	Sanatan & Vedic	cover-local	lyrics-ready	88	_radio_index/suno_backup/lyrics/2026-03-12_da000daa_untitled.txt
ut-02195d25866cc197	(untitled)	2	exact-normalized-lyrics	high-local-exact	834f3ae2-e513-4ffc-8431-1d842ab13e3e	1	834f3ae2-e513-4ffc-8431-1d842ab13e3e	Album Unassigned	English	gurukul	Other / Misc	cover-local	lyrics-ready	57	_radio_index/suno_backup/lyrics/2026-04-01_834f3ae2_untitled.txt
ut-02195d25866cc197	(untitled)	2	exact-normalized-lyrics	high-local-exact	834f3ae2-e513-4ffc-8431-1d842ab13e3e	2	e1b56541-6cab-4cc3-af30-269fc2cc21d8	Bhakti Katha Devotional	Hindi	kabir-clubbing	Bhakti & Katha	cover-local	lyrics-ready	57	_radio_index/suno_backup/lyrics/2026-04-01_e1b56541_untitled.txt
ut-037d23cc6dcc49a5	(untitled)	2	exact-normalized-lyrics	high-local-exact	57f63a2a-a5cc-4eca-b189-530e667d6c1d	1	57f63a2a-a5cc-4eca-b189-530e667d6c1d	Hip-Hop Drill Rap	English	sanaatana-vaigyaniq	Classical & Raag	cover-local	lyrics-ready	86	_radio_index/suno_backup/lyrics/2026-03-22_57f63a2a_untitled.txt
ut-037d23cc6dcc49a5	(untitled)	2	exact-normalized-lyrics	high-local-exact	57f63a2a-a5cc-4eca-b189-530e667d6c1d	2	c442e04f-271b-411b-ba4b-42d0ecff3a38	Sanaatana Vedic Frequency	English	sanaatana-vaigyaniq	Sanatan & Vedic	cover-local	lyrics-ready	86	_radio_index/suno_backup/lyrics/2026-03-22_c442e04f_untitled.txt
ut-03f269d9fb2a5157	(untitled)	2	exact-normalized-lyrics	high-local-exact	aed9aa06-9e15-4413-b39f-b80a8913035e	1	aed9aa06-9e15-4413-b39f-b80a8913035e	Sanaatana Vedic Frequency	English	sanaatana-vaigyaniq	Sanatan & Vedic	cover-local	lyrics-ready	54	_radio_index/suno_backup/lyrics/2026-03-16_aed9aa06_untitled.txt
ut-03f269d9fb2a5157	(untitled)	2	exact-normalized-lyrics	high-local-exact	aed9aa06-9e15-4413-b39f-b80a8913035e	2	7d29c576-36bc-4241-be33-bce5fd84775b	Sanaatana Vedic Frequency	Sanskrit	sanaatana-vaigyaniq	Sanatan & Vedic	cover-local	lyrics-ready	54	_radio_index/suno_backup/lyrics/2026-03-16_7d29c576_untitled.txt
ut-0490a9b8a46cb5e4	(untitled)	2	exact-normalized-lyrics	high-local-exact	25982a1c-a0b7-4bdc-9d4c-c685bb4d58d2	1	25982a1c-a0b7-4bdc-9d4c-c685bb4d58d2	Sanaatana Vedic Frequency	English	sanaatana-vaigyaniq	Sanatan & Vedic	cover-local	lyrics-ready	60	_radio_index/suno_backup/lyrics/2026-03-11_25982a1c_untitled.txt
ut-0490a9b8a46cb5e4	(untitled)	2	exact-normalized-lyrics	high-local-exact	25982a1c-a0b7-4bdc-9d4c-c685bb4d58d2	2	17d23524-7ba8-4e59-a60c-3536c34d0a1b	Sanaatana Vedic Frequency	Sanskrit	sanaatana-vaigyaniq	Sanatan & Vedic	cover-local	lyrics-ready	60	_radio_index/suno_backup/lyrics/2026-03-11_17d23524_untitled.txt
ut-0ab748d6a5763762	(untitled)	2	exact-normalized-lyrics	high-local-exact	14a370bd-8e3e-4b27-9afc-31fede5f5c94	1	14a370bd-8e3e-4b27-9afc-31fede5f5c94	Hip-Hop Drill Rap	English	kabir-clubbing	Rap & Fusion	cover-local	lyrics-ready	54	_radio_index/suno_backup/lyrics/2026-03-24_14a370bd_untitled.txt
ut-0ab748d6a5763762	(untitled)	2	exact-normalized-lyrics	high-local-exact	14a370bd-8e3e-4b27-9afc-31fede5f5c94	2	b6721538-96c3-408c-be12-613ca88da0d7	Folk Fusion Lok Rang	Haryanvi	ameerpur	Haryanvi Folk	cover-local	lyrics-ready	54	_radio_index/suno_backup/lyrics/2026-03-24_b6721538_untitled.txt
ut-0b5c28bb4e901e72	(untitled)	2	exact-normalized-lyrics	high-local-exact	67c23492-7a85-457e-a73a-8686f0dd0aec	1	67c23492-7a85-457e-a73a-8686f0dd0aec	Kids Gurukul Learning	English	gurukul	Other / Misc	cover-local	lyrics-ready	10	_radio_index/suno_backup/lyrics/2026-03-12_67c23492_untitled.txt
ut-0b5c28bb4e901e72	(untitled)	2	exact-normalized-lyrics	high-local-exact	67c23492-7a85-457e-a73a-8686f0dd0aec	2	4683717a-d5df-4665-836e-b5252b9bb43f	Sanaatana Vedic Frequency	Sanskrit	sanaatana-vaigyaniq	Sanatan & Vedic	cover-local	lyrics-ready	10	_radio_index/suno_backup/lyrics/2026-03-12_4683717a_untitled.txt
ut-0cd5dc6db0f7c687	(untitled)	2	exact-normalized-lyrics	high-local-exact	e2525d01-1af3-4f50-b3ff-5d0cc10ba18e	1	e2525d01-1af3-4f50-b3ff-5d0cc10ba18e	Folk Fusion Lok Rang	Haryanvi	ameerpur	Haryanvi Folk	cover-local	lyrics-ready	32	_radio_index/suno_backup/lyrics/2026-03-13_e2525d01_untitled.txt
ut-0cd5dc6db0f7c687	(untitled)	2	exact-normalized-lyrics	high-local-exact	e2525d01-1af3-4f50-b3ff-5d0cc10ba18e	2	4bb71763-a381-4680-aace-94dddb13d3f5	Bhakti Katha Devotional	Hindi	kabir-clubbing	Bhakti & Katha	cover-local	lyrics-ready	32	_radio_index/suno_backup/lyrics/2026-03-13_4bb71763_untitled.txt
ut-0d19b3b8e35eb7d9	(untitled)	2	exact-normalized-lyrics	high-local-exact	75db9ef6-ac44-4361-aa4f-64d05aab70a8	1	75db9ef6-ac44-4361-aa4f-64d05aab70a8	Sanaatana Vedic Frequency	English	sanaatana-vaigyaniq	Sanatan & Vedic	cover-local	lyrics-ready	101	_radio_index/suno_backup/lyrics/2026-03-20_75db9ef6_untitled.txt
ut-0d19b3b8e35eb7d9	(untitled)	2	exact-normalized-lyrics	high-local-exact	75db9ef6-ac44-4361-aa4f-64d05aab70a8	2	322826de-5054-4df5-868c-4d8eefd1140f	Sanaatana Vedic Frequency	Sanskrit	sanaatana-vaigyaniq	Sanatan & Vedic	cover-local	lyrics-ready	101	_radio_index/suno_backup/lyrics/2026-03-20_322826de_untitled.txt
ut-0e2602be9d3f6563	(untitled)	2	exact-normalized-lyrics	high-local-exact	643bbbac-2567-4efb-9f3a-50ac19ce3cd3	1	643bbbac-2567-4efb-9f3a-50ac19ce3cd3	Sanaatana Vedic Frequency	English	sanaatana-vaigyaniq	Sanatan & Vedic	cover-local	lyrics-ready	70	_radio_index/suno_backup/lyrics/2026-03-12_643bbbac_untitled.txt
ut-0e2602be9d3f6563	(untitled)	2	exact-normalized-lyrics	high-local-exact	643bbbac-2567-4efb-9f3a-50ac19ce3cd3	2	79c218fd-2902-4029-acdf-6a572e2d09a0	Sanaatana Vedic Frequency	Sanskrit	sanaatana-vaigyaniq	Sanatan & Vedic	cover-local	lyrics-ready	70	_radio_index/suno_backup/lyrics/2026-03-12_79c218fd_untitled.txt
ut-0f7337ecf45d73d9	(untitled)	2	exact-normalized-lyrics	high-local-exact	31a89117-5333-4f09-96f9-da776986d02d	1	31a89117-5333-4f09-96f9-da776986d02d	Album Unassigned	English	gurukul	Other / Misc	cover-local	lyrics-ready	36	_radio_index/suno_backup/lyrics/2026-03-21_31a89117_untitled.txt
ut-0f7337ecf45d73d9	(untitled)	2	exact-normalized-lyrics	high-local-exact	31a89117-5333-4f09-96f9-da776986d02d	2	bf134052-5fe4-4f02-aa15-5757082f17fe	Folk Fusion Lok Rang	Haryanvi	ameerpur	Haryanvi Folk	cover-local	lyrics-ready	36	_radio_index/suno_backup/lyrics/2026-03-21_bf134052_untitled.txt
ut-0fcae167b2c91294	(untitled)	2	exact-normalized-lyrics	high-local-exact	9b025b3c-78a3-487c-8d1f-7af1bb72fa2b	1	9b025b3c-78a3-487c-8d1f-7af1bb72fa2b	Neural AI Radio Lab	English	gurukul	Other / Misc	cover-local	lyrics-ready	106	_radio_index/suno_backup/lyrics/2026-03-15_9b025b3c_untitled.txt
ut-0fcae167b2c91294	(untitled)	2	exact-normalized-lyrics	high-local-exact	9b025b3c-78a3-487c-8d1f-7af1bb72fa2b	2	0b09e473-9d9a-48aa-bc7f-39c41ccc5b8d	Desh Veer Patriotic	Hindi	ameerpur	Desh / Patriotic	cover-local	lyrics-ready	106	_radio_index/suno_backup/lyrics/2026-03-15_0b09e473_untitled.txt
ut-12d88f1768a93af0	(untitled)	2	exact-normalized-lyrics	high-local-exact	b7d087b3-1e0d-4990-b8aa-4710ea0af909	1	b7d087b3-1e0d-4990-b8aa-4710ea0af909	Hip-Hop Drill Rap	English	kabir-clubbing	Rap & Fusion	cover-local	lyrics-ready	69	_radio_index/suno_backup/lyrics/2026-03-12_b7d087b3_untitled.txt
ut-12d88f1768a93af0	(untitled)	2	exact-normalized-lyrics	high-local-exact	b7d087b3-1e0d-4990-b8aa-4710ea0af909	2	e11f34b8-6597-49cb-b8ab-c265596a828d	Sanaatana Vedic Frequency	Sanskrit	sanaatana-vaigyaniq	Sanatan & Vedic	cover-local	lyrics-ready	69	_radio_index/suno_backup/lyrics/2026-03-12_e11f34b8_untitled.txt
ut-136a1cfb25673ab3	(untitled)	2	exact-normalized-lyrics	high-local-exact	b8e5aa64-0398-4c26-9ef9-aa516d2421c3	1	b8e5aa64-0398-4c26-9ef9-aa516d2421c3	Sanaatana Vedic Frequency	English	sanaatana-vaigyaniq	Sanatan & Vedic	cover-local	lyrics-ready	108	_radio_index/suno_backup/lyrics/2026-03-16_b8e5aa64_untitled.txt
ut-136a1cfb25673ab3	(untitled)	2	exact-normalized-lyrics	high-local-exact	b8e5aa64-0398-4c26-9ef9-aa516d2421c3	2	339cc960-6eba-46bf-aa4b-9cc390baab6d	Sanaatana Vedic Frequency	Sanskrit	sanaatana-vaigyaniq	Sanatan & Vedic	cover-local	lyrics-ready	108	_radio_index/suno_backup/lyrics/2026-03-16_339cc960_untitled.txt
ut-15c37c37e238068f	(untitled)	2	exact-normalized-lyrics	high-local-exact	ae00fa9b-6761-4e45-89a4-c8bebb0ec9e2	1	ae00fa9b-6761-4e45-89a4-c8bebb0ec9e2	Folk Fusion Lok Rang	English	sanaatana-vaigyaniq	Classical & Raag	cover-local	lyrics-ready	51	_radio_index/suno_backup/lyrics/2026-03-20_ae00fa9b_untitled.txt
ut-15c37c37e238068f	(untitled)	2	exact-normalized-lyrics	high-local-exact	ae00fa9b-6761-4e45-89a4-c8bebb0ec9e2	2	5813c3d7-64ae-4dcd-86cc-6c4cc319f0d7	Bhakti Katha Devotional	English	kabir-clubbing	Bhakti & Katha	cover-local	lyrics-ready	51	_radio_index/suno_backup/lyrics/2026-03-20_5813c3d7_untitled.txt
ut-1a83652447b7be9b	(untitled)	2	exact-normalized-lyrics	high-local-exact	2f477298-ce1a-472e-b84b-8930b9c66478	1	2f477298-ce1a-472e-b84b-8930b9c66478	Hip-Hop Drill Rap	English	kabir-clubbing	Rap & Fusion	cover-local	lyrics-ready	76	_radio_index/suno_backup/lyrics/2026-03-12_2f477298_untitled.txt
ut-1a83652447b7be9b	(untitled)	2	exact-normalized-lyrics	high-local-exact	2f477298-ce1a-472e-b84b-8930b9c66478	2	ba695ae4-1b95-4193-b8db-5a873b79c6c4	Bhakti Katha Devotional	Hindi	kabir-clubbing	Bhakti & Katha	cover-local	lyrics-ready	76	_radio_index/suno_backup/lyrics/2026-03-12_ba695ae4_untitled.txt
ut-1c72be091441165c	(untitled)	2	exact-normalized-lyrics	high-local-exact	c76edf13-95b3-42c3-b51e-44b0d31a10dc	1	c76edf13-95b3-42c3-b51e-44b0d31a10dc	Sanaatana Vedic Frequency	English	sanaatana-vaigyaniq	Sanatan & Vedic	cover-local	lyrics-ready	101	_radio_index/suno_backup/lyrics/2026-03-12_c76edf13_untitled.txt
ut-1c72be091441165c	(untitled)	2	exact-normalized-lyrics	high-local-exact	c76edf13-95b3-42c3-b51e-44b0d31a10dc	2	b30f1dc1-1d59-41dd-af90-dedba164ed3f	Sanaatana Vedic Frequency	Sanskrit	sanaatana-vaigyaniq	Sanatan & Vedic	cover-local	lyrics-ready	101	_radio_index/suno_backup/lyrics/2026-03-12_b30f1dc1_untitled.txt
ut-219e0d6806f3be92	(untitled)	2	exact-normalized-lyrics	high-local-exact	f3a9813d-753a-4dc8-80c0-1761b6138f1b	1	f3a9813d-753a-4dc8-80c0-1761b6138f1b	Folk Fusion Lok Rang	English	gurukul	Other / Misc	cover-local	lyrics-ready	27	_radio_index/suno_backup/lyrics/2026-03-19_f3a9813d_untitled.txt
ut-219e0d6806f3be92	(untitled)	2	exact-normalized-lyrics	high-local-exact	f3a9813d-753a-4dc8-80c0-1761b6138f1b	2	b25849ae-7771-4878-a6e9-6ea75ef49a13	Sanaatana Vedic Frequency	Sanskrit	sanaatana-vaigyaniq	Sanatan & Vedic	cover-local	lyrics-ready	27	_radio_index/suno_backup/lyrics/2026-03-19_b25849ae_untitled.txt
ut-2346c385ac4b1c8e	(untitled)	2	exact-normalized-lyrics	high-local-exact	94ff85f6-fcbf-4004-a7df-5a2b9b6d95eb	1	94ff85f6-fcbf-4004-a7df-5a2b9b6d95eb	Sanaatana Vedic Frequency	English	sanaatana-vaigyaniq	Sanatan & Vedic	cover-local	lyrics-ready	79	_radio_index/suno_backup/lyrics/2026-03-12_94ff85f6_untitled.txt
ut-2346c385ac4b1c8e	(untitled)	2	exact-normalized-lyrics	high-local-exact	94ff85f6-fcbf-4004-a7df-5a2b9b6d95eb	2	431ccd3f-faa0-48e0-9e03-34be24b470aa	Sanaatana Vedic Frequency	Sanskrit	sanaatana-vaigyaniq	Sanatan & Vedic	cover-local	lyrics-ready	79	_radio_index/suno_backup/lyrics/2026-03-12_431ccd3f_untitled.txt
ut-24488d9d12991f5a	(untitled)	2	exact-normalized-lyrics	high-local-exact	547974ac-4935-4d3a-bec3-2e19bd96ed49	1	547974ac-4935-4d3a-bec3-2e19bd96ed49	Haryanvi Maati Ragni	English	gurukul	Other / Misc	cover-local	lyrics-ready	38	_radio_index/suno_backup/lyrics/2026-03-13_547974ac_untitled.txt
ut-24488d9d12991f5a	(untitled)	2	exact-normalized-lyrics	high-local-exact	547974ac-4935-4d3a-bec3-2e19bd96ed49	2	a1775f44-6629-41be-8e84-34c4d86063db	Folk Fusion Lok Rang	Haryanvi	ameerpur	Haryanvi Folk	cover-local	lyrics-ready	38	_radio_index/suno_backup/lyrics/2026-03-13_a1775f44_untitled.txt
ut-2b1a79b11732a3c2	(untitled)	2	exact-normalized-lyrics	high-local-exact	65fd8ecc-a24d-4af1-a21d-db7e5e5107e6	1	65fd8ecc-a24d-4af1-a21d-db7e5e5107e6	Folk Fusion Lok Rang	Haryanvi	ameerpur	Haryanvi Folk	cover-local	lyrics-ready	100	_radio_index/suno_backup/lyrics/2026-03-18_65fd8ecc_untitled.txt
ut-2b1a79b11732a3c2	(untitled)	2	exact-normalized-lyrics	high-local-exact	65fd8ecc-a24d-4af1-a21d-db7e5e5107e6	2	513a10d6-1b4e-43a3-b1ef-a1c0427e3b78	Folk Fusion Lok Rang	Haryanvi	ameerpur	Haryanvi Folk	cover-local	lyrics-ready	100	_radio_index/suno_backup/lyrics/2026-03-18_513a10d6_untitled.txt
ut-2b3167569eddb123	(untitled)	2	exact-normalized-lyrics	high-local-exact	abdadc18-6d3f-43c5-aacc-5df4eba20e4d	1	abdadc18-6d3f-43c5-aacc-5df4eba20e4d	Sanaatana Vedic Frequency	English	sanaatana-vaigyaniq	Sanatan & Vedic	cover-local	lyrics-ready	95	_radio_index/suno_backup/lyrics/2026-03-20_abdadc18_untitled.txt
ut-2b3167569eddb123	(untitled)	2	exact-normalized-lyrics	high-local-exact	abdadc18-6d3f-43c5-aacc-5df4eba20e4d	2	b7ab25e5-8f36-4dd2-a0ed-a64c5f9f0b63	Sanaatana Vedic Frequency	Sanskrit	sanaatana-vaigyaniq	Sanatan & Vedic	cover-local	lyrics-ready	95	_radio_index/suno_backup/lyrics/2026-03-20_b7ab25e5_untitled.txt
ut-2ce9943cd3aa1c71	(untitled)	2	exact-normalized-lyrics	high-local-exact	15044912-afce-435c-a55e-9158b065f46a	1	15044912-afce-435c-a55e-9158b065f46a	Album Unassigned	English	gurukul	Other / Misc	cover-local	lyrics-ready	224	_radio_index/suno_backup/lyrics/2026-03-17_15044912_untitled.txt
ut-2ce9943cd3aa1c71	(untitled)	2	exact-normalized-lyrics	high-local-exact	15044912-afce-435c-a55e-9158b065f46a	2	ecfcf3e2-e6b5-4377-b4bf-52d3acda1360	Sanaatana Vedic Frequency	Sanskrit	sanaatana-vaigyaniq	Sanatan & Vedic	cover-local	lyrics-ready	224	_radio_index/suno_backup/lyrics/2026-03-17_ecfcf3e2_untitled.txt
ut-2e818869a12633c1	(untitled)	2	exact-normalized-lyrics	high-local-exact	f770f15f-5b74-4116-991f-95e607edeadf	1	f770f15f-5b74-4116-991f-95e607edeadf	Sanaatana Vedic Frequency	English	sanaatana-vaigyaniq	Sanatan & Vedic	cover-local	lyrics-ready	48	_radio_index/suno_backup/lyrics/2026-03-13_f770f15f_untitled.txt
ut-2e818869a12633c1	(untitled)	2	exact-normalized-lyrics	high-local-exact	f770f15f-5b74-4116-991f-95e607edeadf	2	984da1fd-8ce8-4e3a-953a-94ebfd0fae42	Sanaatana Vedic Frequency	Sanskrit	sanaatana-vaigyaniq	Sanatan & Vedic	cover-local	lyrics-ready	48	_radio_index/suno_backup/lyrics/2026-03-13_984da1fd_untitled.txt
ut-339953b25497e173	(untitled)	2	exact-normalized-lyrics	high-local-exact	20aaab8c-af31-4a63-954e-b956c837119a	1	20aaab8c-af31-4a63-954e-b956c837119a	Hip-Hop Drill Rap	English	kabir-clubbing	Rap & Fusion	cover-local	lyrics-ready	37	_radio_index/suno_backup/lyrics/2026-03-24_20aaab8c_untitled.txt
ut-339953b25497e173	(untitled)	2	exact-normalized-lyrics	high-local-exact	20aaab8c-af31-4a63-954e-b956c837119a	2	e7905dfe-6d9b-4d8c-9f04-d1645c522f2f	Folk Fusion Lok Rang	Haryanvi	ameerpur	Haryanvi Folk	cover-local	lyrics-ready	37	_radio_index/suno_backup/lyrics/2026-03-24_e7905dfe_untitled.txt
ut-33bc21084148bf4c	(untitled)	2	exact-normalized-lyrics	high-local-exact	8b14bc36-b9fc-409a-9efd-acd558db7d7f	1	8b14bc36-b9fc-409a-9efd-acd558db7d7f	Hip-Hop Drill Rap	English	kabir-clubbing	Rap & Fusion	cover-local	lyrics-ready	88	_radio_index/suno_backup/lyrics/2026-03-15_8b14bc36_untitled.txt
ut-33bc21084148bf4c	(untitled)	2	exact-normalized-lyrics	high-local-exact	8b14bc36-b9fc-409a-9efd-acd558db7d7f	2	b3f171d7-567c-439e-9d6c-8aec3854e4a1	Bhakti Katha Devotional	Hindi	kabir-clubbing	Bhakti & Katha	cover-local	lyrics-ready	88	_radio_index/suno_backup/lyrics/2026-03-15_b3f171d7_untitled.txt
ut-3405b20867fb5986	(untitled)	2	exact-normalized-lyrics	high-local-exact	7b8aaf45-66a4-4e30-acdd-38c437907a8e	1	7b8aaf45-66a4-4e30-acdd-38c437907a8e	Sanaatana Vedic Frequency	English	sanaatana-vaigyaniq	Sanatan & Vedic	cover-local	lyrics-ready	155	_radio_index/suno_backup/lyrics/2026-03-17_7b8aaf45_untitled.txt
ut-3405b20867fb5986	(untitled)	2	exact-normalized-lyrics	high-local-exact	7b8aaf45-66a4-4e30-acdd-38c437907a8e	2	bc962e4c-9016-4ba8-bb3e-e257917e3dd4	Sanaatana Vedic Frequency	Sanskrit	sanaatana-vaigyaniq	Sanatan & Vedic	cover-local	lyrics-ready	155	_radio_index/suno_backup/lyrics/2026-03-17_bc962e4c_untitled.txt
ut-365f7736779ea240	(untitled)	2	exact-normalized-lyrics	high-local-exact	4cd1088b-b87b-4b02-b781-ad7ecea54492	1	4cd1088b-b87b-4b02-b781-ad7ecea54492	Hip-Hop Drill Rap	English	kabir-clubbing	Rap & Fusion	cover-local	lyrics-ready	67	_radio_index/suno_backup/lyrics/2026-03-18_4cd1088b_untitled.txt
ut-365f7736779ea240	(untitled)	2	exact-normalized-lyrics	high-local-exact	4cd1088b-b87b-4b02-b781-ad7ecea54492	2	e8c8a60e-4a6e-4924-b306-aeb182829a8b	Folk Fusion Lok Rang	Haryanvi	ameerpur	Haryanvi Folk	cover-local	lyrics-ready	67	_radio_index/suno_backup/lyrics/2026-03-18_e8c8a60e_untitled.txt
ut-3774415aadcee7d0	(untitled)	2	exact-normalized-lyrics	high-local-exact	9a3c2b4d-d452-4c45-80d4-2d277e37d1eb	1	9a3c2b4d-d452-4c45-80d4-2d277e37d1eb	Album Unassigned	English	gurukul	Other / Misc	cover-local	lyrics-ready	27	_radio_index/suno_backup/lyrics/2026-03-14_9a3c2b4d_untitled.txt
ut-3774415aadcee7d0	(untitled)	2	exact-normalized-lyrics	high-local-exact	9a3c2b4d-d452-4c45-80d4-2d277e37d1eb	2	afa3c84f-25e6-4dfe-88a0-9f638a8b1582	Folk Fusion Lok Rang	Haryanvi	ameerpur	Haryanvi Folk	cover-local	lyrics-ready	27	_radio_index/suno_backup/lyrics/2026-03-14_afa3c84f_untitled.txt
ut-39a2beae31423e3e	(untitled)	2	exact-normalized-lyrics	high-local-exact	31752ecb-d9f6-4d7f-8582-96ad901c2bff	1	31752ecb-d9f6-4d7f-8582-96ad901c2bff	Dark Experimental Soundscapes	English	gurukul	Other / Misc	cover-local	lyrics-ready	22	_radio_index/suno_backup/lyrics/2026-03-25_31752ecb_untitled.txt
ut-39a2beae31423e3e	(untitled)	2	exact-normalized-lyrics	high-local-exact	31752ecb-d9f6-4d7f-8582-96ad901c2bff	2	7d695546-b4a9-4369-8770-054ea7711700	Bhakti Katha Devotional	English	kabir-clubbing	Bhakti & Katha	cover-local	lyrics-ready	22	_radio_index/suno_backup/lyrics/2026-03-25_7d695546_untitled.txt
ut-3ad5c25d5349f2e0	(untitled)	2	exact-normalized-lyrics	high-local-exact	e80360e4-03de-401c-ae2a-6936ff596b3f	1	e80360e4-03de-401c-ae2a-6936ff596b3f	Folk Fusion Lok Rang	Haryanvi	ameerpur	Haryanvi Folk	cover-local	lyrics-ready	61	_radio_index/suno_backup/lyrics/2026-03-18_e80360e4_untitled.txt
ut-3ad5c25d5349f2e0	(untitled)	2	exact-normalized-lyrics	high-local-exact	e80360e4-03de-401c-ae2a-6936ff596b3f	2	978c1c42-cd78-429d-952f-ff66978f4531	Folk Fusion Lok Rang	Haryanvi	ameerpur	Haryanvi Folk	cover-local	lyrics-ready	61	_radio_index/suno_backup/lyrics/2026-03-18_978c1c42_untitled.txt
ut-3b6aace8daa17e21	(untitled)	2	exact-normalized-lyrics	high-local-exact	0feb7548-012f-4367-8ed6-f47fba0f6ae2	1	0feb7548-012f-4367-8ed6-f47fba0f6ae2	Sanaatana Vedic Frequency	English	sanaatana-vaigyaniq	Sanatan & Vedic	cover-local	lyrics-ready	70	_radio_index/suno_backup/lyrics/2026-03-12_0feb7548_untitled.txt
ut-3b6aace8daa17e21	(untitled)	2	exact-normalized-lyrics	high-local-exact	0feb7548-012f-4367-8ed6-f47fba0f6ae2	2	d15ffb48-0e22-4344-96a5-13c18cb5a67f	Sanaatana Vedic Frequency	Sanskrit	sanaatana-vaigyaniq	Sanatan & Vedic	cover-local	lyrics-ready	70	_radio_index/suno_backup/lyrics/2026-03-12_d15ffb48_untitled.txt
ut-3bb52784fcc92945	(untitled)	2	exact-normalized-lyrics	high-local-exact	d179411b-b485-440d-ac8b-79a778b6b189	1	d179411b-b485-440d-ac8b-79a778b6b189	Folk Fusion Lok Rang	English	gurukul	Other / Misc	cover-local	lyrics-ready	41	_radio_index/suno_backup/lyrics/2026-03-13_d179411b_untitled.txt
ut-3bb52784fcc92945	(untitled)	2	exact-normalized-lyrics	high-local-exact	d179411b-b485-440d-ac8b-79a778b6b189	2	5202d72f-acdb-4e56-81e2-0cc1456d59d7	Album Unassigned	Hindi	gurukul	Other / Misc	cover-local	lyrics-ready	41	_radio_index/suno_backup/lyrics/2026-03-13_5202d72f_untitled.txt
ut-3e4a4f009949a811	(untitled)	2	exact-normalized-lyrics	high-local-exact	eea1f46e-7cbb-441d-abcb-52a46144583a	1	eea1f46e-7cbb-441d-abcb-52a46144583a	Kabir Sufi Qawwali	English	ameerpur	Love & Virah	cover-local	lyrics-ready	55	_radio_index/suno_backup/lyrics/2026-03-19_eea1f46e_untitled.txt
ut-3e4a4f009949a811	(untitled)	2	exact-normalized-lyrics	high-local-exact	eea1f46e-7cbb-441d-abcb-52a46144583a	2	cfbb1757-8e35-4d6f-a25d-810bab2e0e8a	Folk Fusion Lok Rang	Haryanvi	ameerpur	Haryanvi Folk	cover-local	lyrics-ready	55	_radio_index/suno_backup/lyrics/2026-03-19_cfbb1757_untitled.txt
ut-41661aabe9de0867	(untitled)	2	exact-normalized-lyrics	high-local-exact	1712384b-9b51-4094-b444-b464a3aa0e27	1	1712384b-9b51-4094-b444-b464a3aa0e27	Album Unassigned	English	gurukul	Other / Misc	cover-local	lyrics-ready	40	_radio_index/suno_backup/lyrics/2026-03-19_1712384b_untitled.txt
ut-41661aabe9de0867	(untitled)	2	exact-normalized-lyrics	high-local-exact	1712384b-9b51-4094-b444-b464a3aa0e27	2	527b35cd-7313-4af7-82d2-007ce8ac75a1	Album Unassigned	Hindi	gurukul	Other / Misc	cover-local	lyrics-ready	40	_radio_index/suno_backup/lyrics/2026-03-19_527b35cd_untitled.txt
ut-41b6dcd8193f560a	(untitled)	2	exact-normalized-lyrics	high-local-exact	f850c20c-670d-4871-bd1a-6f0652c7700a	1	f850c20c-670d-4871-bd1a-6f0652c7700a	Sanaatana Vedic Frequency	English	gurukul	Other / Misc	cover-local	lyrics-ready	34	_radio_index/suno_backup/lyrics/2026-03-15_f850c20c_untitled.txt
ut-41b6dcd8193f560a	(untitled)	2	exact-normalized-lyrics	high-local-exact	f850c20c-670d-4871-bd1a-6f0652c7700a	2	a8738d5a-73c8-4c1b-8537-6f306f014715	Sanaatana Vedic Frequency	Sanskrit	sanaatana-vaigyaniq	Sanatan & Vedic	cover-local	lyrics-ready	34	_radio_index/suno_backup/lyrics/2026-03-15_a8738d5a_untitled.txt
ut-43222a631bd5a714	(untitled)	2	exact-normalized-lyrics	high-local-exact	164acf5c-2f05-4aa5-a11e-e8726aa075c1	1	164acf5c-2f05-4aa5-a11e-e8726aa075c1	Hip-Hop Drill Rap	English	kabir-clubbing	Rap & Fusion	cover-local	lyrics-ready	31	_radio_index/suno_backup/lyrics/2026-03-19_164acf5c_untitled.txt
ut-43222a631bd5a714	(untitled)	2	exact-normalized-lyrics	high-local-exact	164acf5c-2f05-4aa5-a11e-e8726aa075c1	2	38c841da-2008-4d6a-b85d-83833454d8ee	Sanaatana Vedic Frequency	Sanskrit	sanaatana-vaigyaniq	Sanatan & Vedic	cover-local	lyrics-ready	31	_radio_index/suno_backup/lyrics/2026-03-19_38c841da_untitled.txt
ut-44b19998e62d476c	(untitled)	2	exact-normalized-lyrics	high-local-exact	4e8ab515-7696-4a5d-ada8-911355a71d61	1	4e8ab515-7696-4a5d-ada8-911355a71d61	Sanaatana Vedic Frequency	English	sanaatana-vaigyaniq	Sanatan & Vedic	cover-local	lyrics-ready	180	_radio_index/suno_backup/lyrics/2026-03-17_4e8ab515_untitled.txt
ut-44b19998e62d476c	(untitled)	2	exact-normalized-lyrics	high-local-exact	4e8ab515-7696-4a5d-ada8-911355a71d61	2	e9e95c40-884e-4b74-a1f6-5db9c6bdeb93	Sanaatana Vedic Frequency	Sanskrit	sanaatana-vaigyaniq	Sanatan & Vedic	cover-local	lyrics-ready	180	_radio_index/suno_backup/lyrics/2026-03-17_e9e95c40_untitled.txt
ut-4551dd2f8b02ac9e	(untitled)	2	exact-normalized-lyrics	high-local-exact	c01a92ed-1135-4bc5-b9f6-7ec8eaeef43c	1	c01a92ed-1135-4bc5-b9f6-7ec8eaeef43c	Neural AI Radio Lab	English	gurukul	Other / Misc	cover-local	lyrics-ready	168	_radio_index/suno_backup/lyrics/2026-03-23_c01a92ed_untitled.txt
ut-4551dd2f8b02ac9e	(untitled)	2	exact-normalized-lyrics	high-local-exact	c01a92ed-1135-4bc5-b9f6-7ec8eaeef43c	2	c3895754-34ef-42e5-b30f-03de838fa995	Folk Fusion Lok Rang	Haryanvi	ameerpur	Haryanvi Folk	cover-local	lyrics-ready	168	_radio_index/suno_backup/lyrics/2026-03-23_c3895754_untitled.txt
ut-46ec5bfc3d0762fd	(untitled)	2	exact-normalized-lyrics	high-local-exact	f3e77ca3-d3b1-4029-8814-3da77d041154	1	f3e77ca3-d3b1-4029-8814-3da77d041154	Folk Fusion Lok Rang	English	kabir-clubbing	Bhakti & Katha	cover-local	lyrics-ready	27	_radio_index/suno_backup/lyrics/2026-03-25_f3e77ca3_untitled.txt
ut-46ec5bfc3d0762fd	(untitled)	2	exact-normalized-lyrics	high-local-exact	f3e77ca3-d3b1-4029-8814-3da77d041154	2	fbbf00c4-df9a-4c12-8222-5a8f83d3d229	Bhakti Katha Devotional	Hindi	kabir-clubbing	Bhakti & Katha	cover-local	lyrics-ready	27	_radio_index/suno_backup/lyrics/2026-03-25_fbbf00c4_untitled.txt
ut-48c19426a736ec15	(untitled)	2	exact-normalized-lyrics	high-local-exact	8296abb7-b694-4517-b505-74a1482acc86	1	8296abb7-b694-4517-b505-74a1482acc86	Album Unassigned	English	gurukul	Other / Misc	cover-local	lyrics-ready	36	_radio_index/suno_backup/lyrics/2026-03-14_8296abb7_untitled.txt
ut-48c19426a736ec15	(untitled)	2	exact-normalized-lyrics	high-local-exact	8296abb7-b694-4517-b505-74a1482acc86	2	74ebed02-df6f-4443-b566-63929be6a05d	Desh Veer Patriotic	Hindi	ameerpur	Desh / Patriotic	cover-local	lyrics-ready	36	_radio_index/suno_backup/lyrics/2026-03-14_74ebed02_untitled.txt
ut-48ce877a20c73236	(untitled)	2	exact-normalized-lyrics	high-local-exact	e557151f-686a-4ba6-a428-40ef37236172	1	e557151f-686a-4ba6-a428-40ef37236172	Hip-Hop Drill Rap	English	kabir-clubbing	Rap & Fusion	cover-local	lyrics-ready	97	_radio_index/suno_backup/lyrics/2026-03-23_e557151f_untitled.txt
ut-48ce877a20c73236	(untitled)	2	exact-normalized-lyrics	high-local-exact	e557151f-686a-4ba6-a428-40ef37236172	2	dac03dd8-470e-453c-ba40-7a6da1100b59	Folk Fusion Lok Rang	Haryanvi	ameerpur	Haryanvi Folk	cover-local	lyrics-ready	97	_radio_index/suno_backup/lyrics/2026-03-23_dac03dd8_untitled.txt
ut-4b8d782792adeb12	(untitled)	2	exact-normalized-lyrics	high-local-exact	374bbc29-2826-4b31-ba70-48ad9999fa35	1	374bbc29-2826-4b31-ba70-48ad9999fa35	Folk Fusion Lok Rang	Haryanvi	ameerpur	Haryanvi Folk	cover-local	lyrics-ready	45	_radio_index/suno_backup/lyrics/2026-03-21_374bbc29_untitled.txt
ut-4b8d782792adeb12	(untitled)	2	exact-normalized-lyrics	high-local-exact	374bbc29-2826-4b31-ba70-48ad9999fa35	2	bed764bc-151e-4046-a0b6-773835719384	Folk Fusion Lok Rang	Haryanvi	ameerpur	Haryanvi Folk	cover-local	lyrics-ready	45	_radio_index/suno_backup/lyrics/2026-03-21_bed764bc_untitled.txt
ut-4c1d9684c0e1b6ea	(untitled)	2	exact-normalized-lyrics	high-local-exact	acf72279-b350-4e2d-8241-7c4de927afb4	1	acf72279-b350-4e2d-8241-7c4de927afb4	Folk Fusion Lok Rang	English	sanaatana-vaigyaniq	Classical & Raag	cover-local	lyrics-ready	26	_radio_index/suno_backup/lyrics/2026-03-25_acf72279_untitled.txt
ut-4c1d9684c0e1b6ea	(untitled)	2	exact-normalized-lyrics	high-local-exact	acf72279-b350-4e2d-8241-7c4de927afb4	2	29ce4071-ec2f-4be4-9034-d4332fe76f86	Sanaatana Vedic Frequency	Sanskrit	sanaatana-vaigyaniq	Sanatan & Vedic	cover-local	lyrics-ready	26	_radio_index/suno_backup/lyrics/2026-03-25_29ce4071_untitled.txt
ut-4f57da52cd669f7c	(untitled)	2	exact-normalized-lyrics	high-local-exact	ac3d350b-35f3-42d9-b74c-c30e8c71d677	1	ac3d350b-35f3-42d9-b74c-c30e8c71d677	Cinematic Cosmic Epics	English	sanaatana-vaigyaniq	Classical & Raag	cover-local	lyrics-ready	49	_radio_index/suno_backup/lyrics/2026-03-19_ac3d350b_untitled.txt
ut-4f57da52cd669f7c	(untitled)	2	exact-normalized-lyrics	high-local-exact	ac3d350b-35f3-42d9-b74c-c30e8c71d677	2	20b2eae2-e758-4646-b7ca-94502619813e	Sanaatana Vedic Frequency	Sanskrit	sanaatana-vaigyaniq	Sanatan & Vedic	cover-local	lyrics-ready	49	_radio_index/suno_backup/lyrics/2026-03-19_20b2eae2_untitled.txt
ut-515bc408b1714f2c	(untitled)	2	exact-normalized-lyrics	high-local-exact	713998e8-14d5-4633-b01a-3fb4275561f9	1	713998e8-14d5-4633-b01a-3fb4275561f9	Cinematic Cosmic Epics	English	sanaatana-vaigyaniq	Classical & Raag	cover-local	lyrics-ready	116	_radio_index/suno_backup/lyrics/2026-03-22_713998e8_untitled.txt
ut-515bc408b1714f2c	(untitled)	2	exact-normalized-lyrics	high-local-exact	713998e8-14d5-4633-b01a-3fb4275561f9	2	22925574-1f8c-4bba-927a-63bf25e66c7c	Sanaatana Vedic Frequency	English	sanaatana-vaigyaniq	Sanatan & Vedic	cover-local	lyrics-ready	116	_radio_index/suno_backup/lyrics/2026-03-22_22925574_untitled.txt
ut-52a1523a863cdf08	(untitled)	2	exact-normalized-lyrics	high-local-exact	2ca29e2e-9207-45f0-9d88-9c0793d7393b	1	2ca29e2e-9207-45f0-9d88-9c0793d7393b	Album Unassigned	English	gurukul	Other / Misc	cover-local	lyrics-ready	66	_radio_index/suno_backup/lyrics/2026-03-19_2ca29e2e_untitled.txt
ut-52a1523a863cdf08	(untitled)	2	exact-normalized-lyrics	high-local-exact	2ca29e2e-9207-45f0-9d88-9c0793d7393b	2	83d40aab-8c12-48c7-8a5f-316e377ae254	Album Unassigned	Hindi	gurukul	Other / Misc	cover-local	lyrics-ready	66	_radio_index/suno_backup/lyrics/2026-03-19_83d40aab_untitled.txt
ut-5442e589ee54eccf	(untitled)	2	exact-normalized-lyrics	high-local-exact	ee9c206f-9027-4024-8cfb-42506142c9a2	1	ee9c206f-9027-4024-8cfb-42506142c9a2	Naagin Mystic Aghor	English	gurukul	Other / Misc	cover-local	lyrics-ready	40	_radio_index/suno_backup/lyrics/2026-03-16_ee9c206f_untitled.txt
ut-5442e589ee54eccf	(untitled)	2	exact-normalized-lyrics	high-local-exact	ee9c206f-9027-4024-8cfb-42506142c9a2	2	5fe2fc4c-7692-43dd-ab51-5478384c4dfc	Naagin Mystic Aghor	Hindi	kabir-clubbing	Naagin & Mystic	cover-local	lyrics-ready	40	_radio_index/suno_backup/lyrics/2026-03-16_5fe2fc4c_untitled.txt
ut-5489cf09f30908f4	(untitled)	2	exact-normalized-lyrics	high-local-exact	dbe4cfd2-9ac6-4fc5-a67c-a5ac9669c690	1	dbe4cfd2-9ac6-4fc5-a67c-a5ac9669c690	Hip-Hop Drill Rap	English	kabir-clubbing	Rap & Fusion	cover-local	lyrics-ready	68	_radio_index/suno_backup/lyrics/2026-03-12_dbe4cfd2_untitled.txt
ut-5489cf09f30908f4	(untitled)	2	exact-normalized-lyrics	high-local-exact	dbe4cfd2-9ac6-4fc5-a67c-a5ac9669c690	2	da37bf5f-f038-4cf4-a836-c5d2c6c74a9c	Sanaatana Vedic Frequency	Sanskrit	sanaatana-vaigyaniq	Sanatan & Vedic	cover-local	lyrics-ready	68	_radio_index/suno_backup/lyrics/2026-03-12_da37bf5f_untitled.txt
ut-54eef416ce894856	(untitled)	2	exact-normalized-lyrics	high-local-exact	0e0098d4-f9c4-4d28-b3f0-20f38ba73e36	1	0e0098d4-f9c4-4d28-b3f0-20f38ba73e36	Sanaatana Vedic Frequency	English	sanaatana-vaigyaniq	Sanatan & Vedic	cover-local	lyrics-ready	42	_radio_index/suno_backup/lyrics/2026-03-12_0e0098d4_untitled.txt
ut-54eef416ce894856	(untitled)	2	exact-normalized-lyrics	high-local-exact	0e0098d4-f9c4-4d28-b3f0-20f38ba73e36	2	f5bedf87-fc25-478b-94ad-3e18b12e6ba2	Sanaatana Vedic Frequency	Sanskrit	sanaatana-vaigyaniq	Sanatan & Vedic	cover-local	lyrics-ready	42	_radio_index/suno_backup/lyrics/2026-03-12_f5bedf87_untitled.txt
ut-55cd1a7d7b38d889	(untitled)	2	exact-normalized-lyrics	high-local-exact	0d931d51-3575-4bd1-8740-0ed133c1eba9	1	0d931d51-3575-4bd1-8740-0ed133c1eba9	Hip-Hop Drill Rap	English	kabir-clubbing	Rap & Fusion	cover-local	lyrics-ready	93	_radio_index/suno_backup/lyrics/2026-03-29_0d931d51_untitled.txt
ut-55cd1a7d7b38d889	(untitled)	2	exact-normalized-lyrics	high-local-exact	0d931d51-3575-4bd1-8740-0ed133c1eba9	2	bbc7b4ba-42c3-4395-bc2a-26134de64ab7	Folk Fusion Lok Rang	Haryanvi	ameerpur	Haryanvi Folk	cover-local	lyrics-ready	93	_radio_index/suno_backup/lyrics/2026-03-29_bbc7b4ba_untitled.txt
ut-5856f56790b9abe0	(untitled)	2	exact-normalized-lyrics	high-local-exact	a83302ba-61f6-48d3-98d6-d5f17a0e49b8	1	a83302ba-61f6-48d3-98d6-d5f17a0e49b8	Hip-Hop Drill Rap	English	kabir-clubbing	Rap & Fusion	cover-local	lyrics-ready	38	_radio_index/suno_backup/lyrics/2026-03-12_a83302ba_untitled.txt
ut-5856f56790b9abe0	(untitled)	2	exact-normalized-lyrics	high-local-exact	a83302ba-61f6-48d3-98d6-d5f17a0e49b8	2	3c45f08c-6f36-47fd-a968-8b739875b98a	Desh Veer Patriotic	Hindi	ameerpur	Desh / Patriotic	cover-local	lyrics-ready	38	_radio_index/suno_backup/lyrics/2026-03-12_3c45f08c_untitled.txt
ut-59edfb71f8bf335f	(untitled)	2	exact-normalized-lyrics	high-local-exact	30bf75e7-10f6-4308-b4ee-87d52c599e1a	1	30bf75e7-10f6-4308-b4ee-87d52c599e1a	Album Unassigned	English	gurukul	Other / Misc	cover-local	lyrics-ready	54	_radio_index/suno_backup/lyrics/2026-03-12_30bf75e7_untitled.txt
ut-59edfb71f8bf335f	(untitled)	2	exact-normalized-lyrics	high-local-exact	30bf75e7-10f6-4308-b4ee-87d52c599e1a	2	1f885a53-57ed-448b-b0b6-c3c53c8504d9	Desh Veer Patriotic	Hindi	ameerpur	Desh / Patriotic	cover-local	lyrics-ready	54	_radio_index/suno_backup/lyrics/2026-03-12_1f885a53_untitled.txt
ut-5a0a30e0af7458a9	(untitled)	2	exact-normalized-lyrics	high-local-exact	a922b75d-8465-4cea-b908-b28e65969c56	1	a922b75d-8465-4cea-b908-b28e65969c56	Hip-Hop Drill Rap	English	kabir-clubbing	Rap & Fusion	cover-local	lyrics-ready	69	_radio_index/suno_backup/lyrics/2026-03-12_a922b75d_untitled.txt
ut-5a0a30e0af7458a9	(untitled)	2	exact-normalized-lyrics	high-local-exact	a922b75d-8465-4cea-b908-b28e65969c56	2	df23e9c7-8898-438c-92a6-49d15136beca	Sanaatana Vedic Frequency	Sanskrit	sanaatana-vaigyaniq	Sanatan & Vedic	cover-local	lyrics-ready	69	_radio_index/suno_backup/lyrics/2026-03-12_df23e9c7_untitled.txt
ut-5a9b94eb3ba14e8b	(untitled)	2	exact-normalized-lyrics	high-local-exact	e77952dc-af14-41a8-9ca5-44de89385d85	1	e77952dc-af14-41a8-9ca5-44de89385d85	Folk Fusion Lok Rang	Haryanvi	ameerpur	Haryanvi Folk	cover-local	lyrics-ready	29	_radio_index/suno_backup/lyrics/2026-03-28_e77952dc_untitled.txt
ut-5a9b94eb3ba14e8b	(untitled)	2	exact-normalized-lyrics	high-local-exact	e77952dc-af14-41a8-9ca5-44de89385d85	2	6b2681d0-8b5e-41fe-857c-74b2d7fcd89a	Folk Fusion Lok Rang	Haryanvi	ameerpur	Haryanvi Folk	cover-local	lyrics-ready	29	_radio_index/suno_backup/lyrics/2026-03-28_6b2681d0_untitled.txt
ut-5ae323ac7ae27e0e	(untitled)	2	exact-normalized-lyrics	high-local-exact	61ca183b-a733-45f2-a526-40124620f6a1	1	61ca183b-a733-45f2-a526-40124620f6a1	Sanaatana Vedic Frequency	English	sanaatana-vaigyaniq	Sanatan & Vedic	cover-local	lyrics-ready	175	_radio_index/suno_backup/lyrics/2026-03-23_61ca183b_untitled.txt
ut-5ae323ac7ae27e0e	(untitled)	2	exact-normalized-lyrics	high-local-exact	61ca183b-a733-45f2-a526-40124620f6a1	2	11d2c6aa-6e6e-4b33-a0f1-514fb4e2cf9b	Folk Fusion Lok Rang	Haryanvi	ameerpur	Haryanvi Folk	cover-local	lyrics-ready	175	_radio_index/suno_backup/lyrics/2026-03-23_11d2c6aa_untitled.txt
ut-5db154dca2f3c6be	(untitled)	2	exact-normalized-lyrics	high-local-exact	6566cc36-9229-4c37-9ea5-5692ffbf2526	1	6566cc36-9229-4c37-9ea5-5692ffbf2526	Hip-Hop Drill Rap	English	kabir-clubbing	Rap & Fusion	cover-local	lyrics-ready	16	_radio_index/suno_backup/lyrics/2026-03-12_6566cc36_untitled.txt
ut-5db154dca2f3c6be	(untitled)	2	exact-normalized-lyrics	high-local-exact	6566cc36-9229-4c37-9ea5-5692ffbf2526	2	a986c2c7-138a-4786-8d1f-79fa9f4a8d8d	Sanaatana Vedic Frequency	Sanskrit	sanaatana-vaigyaniq	Sanatan & Vedic	cover-local	lyrics-ready	16	_radio_index/suno_backup/lyrics/2026-03-12_a986c2c7_untitled.txt
ut-5e810c45c4e61ea7	(untitled)	2	exact-normalized-lyrics	high-local-exact	89ba03d5-ee75-473b-b331-4013c130a44a	1	89ba03d5-ee75-473b-b331-4013c130a44a	Hip-Hop Drill Rap	English	kabir-clubbing	Rap & Fusion	cover-local	lyrics-ready	71	_radio_index/suno_backup/lyrics/2026-03-12_89ba03d5_untitled.txt
ut-5e810c45c4e61ea7	(untitled)	2	exact-normalized-lyrics	high-local-exact	89ba03d5-ee75-473b-b331-4013c130a44a	2	811a9828-7ae3-4fc9-ba2c-9d1c523520c5	Sanaatana Vedic Frequency	Sanskrit	sanaatana-vaigyaniq	Sanatan & Vedic	cover-local	lyrics-ready	71	_radio_index/suno_backup/lyrics/2026-03-12_811a9828_untitled.txt
ut-60a2d8b1709d7723	(untitled)	2	exact-normalized-lyrics	high-local-exact	f932d3fb-72e6-41c0-8754-38bfa4f5417c	1	f932d3fb-72e6-41c0-8754-38bfa4f5417c	Sanaatana Vedic Frequency	English	sanaatana-vaigyaniq	Sanatan & Vedic	cover-local	lyrics-ready	87	_radio_index/suno_backup/lyrics/2026-03-16_f932d3fb_untitled.txt
ut-60a2d8b1709d7723	(untitled)	2	exact-normalized-lyrics	high-local-exact	f932d3fb-72e6-41c0-8754-38bfa4f5417c	2	b0ce3910-5638-41ea-baa5-e1711b806520	Sanaatana Vedic Frequency	Sanskrit	sanaatana-vaigyaniq	Sanatan & Vedic	cover-local	lyrics-ready	87	_radio_index/suno_backup/lyrics/2026-03-16_b0ce3910_untitled.txt
ut-63367f14850c353c	(untitled)	2	exact-normalized-lyrics	high-local-exact	cd0bf69c-c712-497a-a324-4f5ca98fe911	1	cd0bf69c-c712-497a-a324-4f5ca98fe911	Sanaatana Vedic Frequency	English	sanaatana-vaigyaniq	Sanatan & Vedic	cover-local	lyrics-ready	43	_radio_index/suno_backup/lyrics/2026-03-13_cd0bf69c_untitled.txt
ut-63367f14850c353c	(untitled)	2	exact-normalized-lyrics	high-local-exact	cd0bf69c-c712-497a-a324-4f5ca98fe911	2	5eb33a33-5e7a-423c-bb04-6dd4e31455ce	Sanaatana Vedic Frequency	Sanskrit	sanaatana-vaigyaniq	Sanatan & Vedic	cover-local	lyrics-ready	43	_radio_index/suno_backup/lyrics/2026-03-13_5eb33a33_untitled.txt
ut-63553a3136a4742a	(untitled)	2	exact-normalized-lyrics	high-local-exact	8b68b69c-b07f-43f8-ac20-ed65fbc03fc7	1	8b68b69c-b07f-43f8-ac20-ed65fbc03fc7	Hip-Hop Drill Rap	English	kabir-clubbing	Rap & Fusion	cover-local	lyrics-ready	95	_radio_index/suno_backup/lyrics/2026-03-22_8b68b69c_untitled.txt
ut-63553a3136a4742a	(untitled)	2	exact-normalized-lyrics	high-local-exact	8b68b69c-b07f-43f8-ac20-ed65fbc03fc7	2	c8a46987-b4d4-41ee-aa0c-36c1f1115cf2	Sanaatana Vedic Frequency	English	sanaatana-vaigyaniq	Sanatan & Vedic	cover-local	lyrics-ready	95	_radio_index/suno_backup/lyrics/2026-03-22_c8a46987_untitled.txt
ut-6460f1d6d612c20d	(untitled)	2	exact-normalized-lyrics	high-local-exact	1b94e28b-5e0d-4d10-9519-57a4a340dea5	1	1b94e28b-5e0d-4d10-9519-57a4a340dea5	Album Unassigned	English	gurukul	Other / Misc	cover-local	lyrics-ready	13	_radio_index/suno_backup/lyrics/2026-03-15_1b94e28b_untitled.txt
ut-6460f1d6d612c20d	(untitled)	2	exact-normalized-lyrics	high-local-exact	1b94e28b-5e0d-4d10-9519-57a4a340dea5	2	4012494c-6d32-4fac-8a87-2e82ebfe57d0	Album Unassigned	Hindi	gurukul	Other / Misc	cover-local	lyrics-ready	13	_radio_index/suno_backup/lyrics/2026-03-15_4012494c_untitled.txt
ut-64be03c616eb5e09	(untitled)	2	exact-normalized-lyrics	high-local-exact	f74b3b54-2435-4d24-ab58-9acb3d5c29f0	1	f74b3b54-2435-4d24-ab58-9acb3d5c29f0	Sanaatana Vedic Frequency	English	sanaatana-vaigyaniq	Sanatan & Vedic	cover-local	lyrics-ready	35	_radio_index/suno_backup/lyrics/2026-03-16_f74b3b54_untitled.txt
ut-64be03c616eb5e09	(untitled)	2	exact-normalized-lyrics	high-local-exact	f74b3b54-2435-4d24-ab58-9acb3d5c29f0	2	7039ea86-720e-4eff-a9b3-f972963b5395	Sanaatana Vedic Frequency	Sanskrit	sanaatana-vaigyaniq	Sanatan & Vedic	cover-local	lyrics-ready	35	_radio_index/suno_backup/lyrics/2026-03-16_7039ea86_untitled.txt
ut-678e465358cff9f6	(untitled)	2	exact-normalized-lyrics	high-local-exact	996a9054-d146-4a5e-adc4-d15be4f5b9d1	1	996a9054-d146-4a5e-adc4-d15be4f5b9d1	Sanaatana Vedic Frequency	English	sanaatana-vaigyaniq	Sanatan & Vedic	cover-local	lyrics-ready	60	_radio_index/suno_backup/lyrics/2026-03-13_996a9054_untitled.txt
ut-678e465358cff9f6	(untitled)	2	exact-normalized-lyrics	high-local-exact	996a9054-d146-4a5e-adc4-d15be4f5b9d1	2	234ea386-635d-4c47-901f-8c56d201db27	Sanaatana Vedic Frequency	Sanskrit	sanaatana-vaigyaniq	Sanatan & Vedic	cover-local	lyrics-ready	60	_radio_index/suno_backup/lyrics/2026-03-13_234ea386_untitled.txt
ut-67a2798ba91d29a8	(untitled)	2	exact-normalized-lyrics	high-local-exact	6ae75b0d-c1cc-4641-b483-6b48a9747ac1	1	6ae75b0d-c1cc-4641-b483-6b48a9747ac1	Bhakti Katha Devotional	English	gurukul	Other / Misc	cover-local	lyrics-ready	31	_radio_index/suno_backup/lyrics/2026-03-27_6ae75b0d_untitled.txt
ut-67a2798ba91d29a8	(untitled)	2	exact-normalized-lyrics	high-local-exact	6ae75b0d-c1cc-4641-b483-6b48a9747ac1	2	7f4291cd-2f2a-4714-bc31-69d28eec6c38	Sanaatana Vedic Frequency	English	sanaatana-vaigyaniq	Sanatan & Vedic	cover-local	lyrics-ready	31	_radio_index/suno_backup/lyrics/2026-03-27_7f4291cd_untitled.txt
ut-67eecfe83cd88d29	(untitled)	2	exact-normalized-lyrics	high-local-exact	5e5636bf-1737-4f24-b7f7-cef44e0f22fe	1	5e5636bf-1737-4f24-b7f7-cef44e0f22fe	Sanaatana Vedic Frequency	English	sanaatana-vaigyaniq	Sanatan & Vedic	cover-local	lyrics-ready	86	_radio_index/suno_backup/lyrics/2026-03-12_5e5636bf_untitled.txt
ut-67eecfe83cd88d29	(untitled)	2	exact-normalized-lyrics	high-local-exact	5e5636bf-1737-4f24-b7f7-cef44e0f22fe	2	c25688a0-b774-48e2-8998-c9783f0d195f	Sanaatana Vedic Frequency	English	sanaatana-vaigyaniq	Sanatan & Vedic	cover-local	lyrics-ready	86	_radio_index/suno_backup/lyrics/2026-03-12_c25688a0_untitled.txt
ut-6920754aa12c8f07	(untitled)	2	exact-normalized-lyrics	high-local-exact	8637c70f-2e69-4d3c-8902-20a2dbdbf3a3	1	8637c70f-2e69-4d3c-8902-20a2dbdbf3a3	Sanaatana Vedic Frequency	English	sanaatana-vaigyaniq	Sanatan & Vedic	cover-local	lyrics-ready	40	_radio_index/suno_backup/lyrics/2026-03-12_8637c70f_untitled.txt
ut-6920754aa12c8f07	(untitled)	2	exact-normalized-lyrics	high-local-exact	8637c70f-2e69-4d3c-8902-20a2dbdbf3a3	2	ffa5cf10-0865-4bac-9d60-f37822b2f922	Bhakti Katha Devotional	English	kabir-clubbing	Bhakti & Katha	cover-local	lyrics-ready	40	_radio_index/suno_backup/lyrics/2026-03-12_ffa5cf10_untitled.txt
ut-69cd168cdfa96020	(untitled)	2	exact-normalized-lyrics	high-local-exact	81dde6a6-2dbd-41a8-b10a-bac06e8fad06	1	81dde6a6-2dbd-41a8-b10a-bac06e8fad06	Desh Veer Patriotic	English	gurukul	Other / Misc	cover-local	lyrics-ready	46	_radio_index/suno_backup/lyrics/2026-03-13_81dde6a6_untitled.txt
ut-69cd168cdfa96020	(untitled)	2	exact-normalized-lyrics	high-local-exact	81dde6a6-2dbd-41a8-b10a-bac06e8fad06	2	d4ffa363-4285-40ba-8e17-48ff83716c88	Bhakti Katha Devotional	Hindi	kabir-clubbing	Bhakti & Katha	cover-local	lyrics-ready	46	_radio_index/suno_backup/lyrics/2026-03-13_d4ffa363_untitled.txt
ut-6b037cbf175e971c	(untitled)	2	exact-normalized-lyrics	high-local-exact	47377bea-9774-4f7b-afe4-f4e941c19c0f	1	47377bea-9774-4f7b-afe4-f4e941c19c0f	Hip-Hop Drill Rap	English	sanaatana-vaigyaniq	Classical & Raag	cover-local	lyrics-ready	99	_radio_index/suno_backup/lyrics/2026-03-19_47377bea_untitled.txt
ut-6b037cbf175e971c	(untitled)	2	exact-normalized-lyrics	high-local-exact	47377bea-9774-4f7b-afe4-f4e941c19c0f	2	fdfe3689-13d3-4488-96a7-d2b0ad9210da	Folk Fusion Lok Rang	Haryanvi	ameerpur	Haryanvi Folk	cover-local	lyrics-ready	99	_radio_index/suno_backup/lyrics/2026-03-19_fdfe3689_untitled.txt
ut-6cbbcbe4a7037729	(untitled)	2	exact-normalized-lyrics	high-local-exact	ef8c9b76-6af4-46b3-9c34-f9f7408dba40	1	ef8c9b76-6af4-46b3-9c34-f9f7408dba40	Kids Gurukul Learning	English	gurukul	Other / Misc	cover-local	lyrics-ready	53	_radio_index/suno_backup/lyrics/2026-03-23_ef8c9b76_untitled.txt
ut-6cbbcbe4a7037729	(untitled)	2	exact-normalized-lyrics	high-local-exact	ef8c9b76-6af4-46b3-9c34-f9f7408dba40	2	42eea408-81a9-4c2f-8ffb-8d5c5656d202	Bhakti Katha Devotional	Hindi	kabir-clubbing	Bhakti & Katha	cover-local	lyrics-ready	53	_radio_index/suno_backup/lyrics/2026-03-23_42eea408_untitled.txt
ut-6d97230219614e28	(untitled)	2	exact-normalized-lyrics	high-local-exact	1802409c-450b-4fa0-82bb-9ae1c98c6f58	1	1802409c-450b-4fa0-82bb-9ae1c98c6f58	Album Unassigned	English	gurukul	Other / Misc	cover-local	lyrics-ready	43	_radio_index/suno_backup/lyrics/2026-03-22_1802409c_untitled.txt
ut-6d97230219614e28	(untitled)	2	exact-normalized-lyrics	high-local-exact	1802409c-450b-4fa0-82bb-9ae1c98c6f58	2	9b85885b-774d-4b2d-babf-e39fea6294e0	Album Unassigned	Hindi	gurukul	Other / Misc	cover-local	lyrics-ready	43	_radio_index/suno_backup/lyrics/2026-03-22_9b85885b_untitled.txt
ut-6db6618b8bbdd384	(untitled)	2	exact-normalized-lyrics	high-local-exact	d040faac-7e44-42a5-b776-ba7a276966fc	1	d040faac-7e44-42a5-b776-ba7a276966fc	Album Unassigned	English	gurukul	Other / Misc	cover-local	lyrics-ready	11	_radio_index/suno_backup/lyrics/2026-03-25_d040faac_untitled.txt
ut-6db6618b8bbdd384	(untitled)	2	exact-normalized-lyrics	high-local-exact	d040faac-7e44-42a5-b776-ba7a276966fc	2	3733b4fd-e7f9-418c-a5cb-dcdc0b661384	Sanaatana Vedic Frequency	English	sanaatana-vaigyaniq	Sanatan & Vedic	cover-local	lyrics-ready	11	_radio_index/suno_backup/lyrics/2026-03-25_3733b4fd_untitled.txt
ut-700be7aa99f957ae	(untitled)	2	exact-normalized-lyrics	high-local-exact	aaca4dcb-a21a-4e20-9585-e2827cb88d9a	1	aaca4dcb-a21a-4e20-9585-e2827cb88d9a	Sanaatana Vedic Frequency	English	sanaatana-vaigyaniq	Sanatan & Vedic	cover-local	lyrics-ready	22	_radio_index/suno_backup/lyrics/2026-03-15_aaca4dcb_untitled.txt
ut-700be7aa99f957ae	(untitled)	2	exact-normalized-lyrics	high-local-exact	aaca4dcb-a21a-4e20-9585-e2827cb88d9a	2	85364529-043a-45e8-8ec2-6e2a4895644e	Sanaatana Vedic Frequency	Sanskrit	sanaatana-vaigyaniq	Sanatan & Vedic	cover-local	lyrics-ready	22	_radio_index/suno_backup/lyrics/2026-03-15_85364529_untitled.txt
ut-72a6fa99c6f98db2	(untitled)	2	exact-normalized-lyrics	high-local-exact	dab64572-477f-4561-ae33-43b27a37fb2a	1	dab64572-477f-4561-ae33-43b27a37fb2a	Hip-Hop Drill Rap	English	kabir-clubbing	Rap & Fusion	cover-local	lyrics-ready	33	_radio_index/suno_backup/lyrics/2026-03-19_dab64572_untitled.txt
ut-72a6fa99c6f98db2	(untitled)	2	exact-normalized-lyrics	high-local-exact	dab64572-477f-4561-ae33-43b27a37fb2a	2	2b4451e0-029c-4fb6-b9e5-78fd60f4046c	Folk Fusion Lok Rang	Haryanvi	ameerpur	Haryanvi Folk	cover-local	lyrics-ready	33	_radio_index/suno_backup/lyrics/2026-03-19_2b4451e0_untitled.txt
ut-733a6eefafae6dbb	(untitled)	2	exact-normalized-lyrics	high-local-exact	96bb25a9-9e39-4fe7-bff4-b8f18787b31e	1	96bb25a9-9e39-4fe7-bff4-b8f18787b31e	Desh Veer Patriotic	English	gurukul	Other / Misc	cover-local	lyrics-ready	70	_radio_index/suno_backup/lyrics/2026-03-13_96bb25a9_untitled.txt
ut-733a6eefafae6dbb	(untitled)	2	exact-normalized-lyrics	high-local-exact	96bb25a9-9e39-4fe7-bff4-b8f18787b31e	2	00dc1de7-95fa-48ae-98bc-cfa3a4e35ef3	Bhakti Katha Devotional	Hindi	kabir-clubbing	Bhakti & Katha	cover-local	lyrics-ready	70	_radio_index/suno_backup/lyrics/2026-03-13_00dc1de7_untitled.txt
ut-7362dd9104b78a08	(untitled)	2	exact-normalized-lyrics	high-local-exact	0ea61384-e105-4758-9481-a5ebd3204d19	1	0ea61384-e105-4758-9481-a5ebd3204d19	Sanaatana Vedic Frequency	English	kabir-clubbing	Rap & Fusion	cover-local	lyrics-ready	79	_radio_index/suno_backup/lyrics/2026-03-13_0ea61384_untitled.txt
ut-7362dd9104b78a08	(untitled)	2	exact-normalized-lyrics	high-local-exact	0ea61384-e105-4758-9481-a5ebd3204d19	2	aba5bb64-54f6-4798-8ba8-8bba9a599c53	Sanaatana Vedic Frequency	Sanskrit	sanaatana-vaigyaniq	Sanatan & Vedic	cover-local	lyrics-ready	79	_radio_index/suno_backup/lyrics/2026-03-13_aba5bb64_untitled.txt
ut-76466c4a8ffa8e42	(untitled)	2	exact-normalized-lyrics	high-local-exact	42c55ab5-6656-4c72-bcae-0560c1afdacf	1	42c55ab5-6656-4c72-bcae-0560c1afdacf	Desh Veer Patriotic	English	gurukul	Other / Misc	cover-local	lyrics-ready	24	_radio_index/suno_backup/lyrics/2026-03-24_42c55ab5_untitled.txt
ut-76466c4a8ffa8e42	(untitled)	2	exact-normalized-lyrics	high-local-exact	42c55ab5-6656-4c72-bcae-0560c1afdacf	2	a41086c8-d15a-40b1-a8c7-8a6d0a450688	Bhakti Katha Devotional	Hindi	kabir-clubbing	Bhakti & Katha	cover-local	lyrics-ready	24	_radio_index/suno_backup/lyrics/2026-03-24_a41086c8_untitled.txt
ut-78e4f8461bc5ee6e	(untitled)	2	exact-normalized-lyrics	high-local-exact	99753716-34be-4a43-80b6-7c8bf416bb3e	1	99753716-34be-4a43-80b6-7c8bf416bb3e	Sanaatana Vedic Frequency	English	sanaatana-vaigyaniq	Sanatan & Vedic	cover-local	lyrics-ready	96	_radio_index/suno_backup/lyrics/2026-03-12_99753716_untitled.txt
ut-78e4f8461bc5ee6e	(untitled)	2	exact-normalized-lyrics	high-local-exact	99753716-34be-4a43-80b6-7c8bf416bb3e	2	ad5b8312-e863-4629-adf2-a05966aee8a3	Sanaatana Vedic Frequency	English	sanaatana-vaigyaniq	Sanatan & Vedic	cover-local	lyrics-ready	96	_radio_index/suno_backup/lyrics/2026-03-12_ad5b8312_untitled.txt
ut-794e93285eaae20f	(untitled)	2	exact-normalized-lyrics	high-local-exact	f19142fa-b005-4281-857e-bae5435451ca	1	f19142fa-b005-4281-857e-bae5435451ca	Sanaatana Vedic Frequency	English	sanaatana-vaigyaniq	Sanatan & Vedic	cover-local	lyrics-ready	79	_radio_index/suno_backup/lyrics/2026-03-12_f19142fa_untitled.txt
ut-794e93285eaae20f	(untitled)	2	exact-normalized-lyrics	high-local-exact	f19142fa-b005-4281-857e-bae5435451ca	2	11b2b802-1595-456f-899e-cc1e79f05185	Sanaatana Vedic Frequency	Sanskrit	sanaatana-vaigyaniq	Sanatan & Vedic	cover-local	lyrics-ready	79	_radio_index/suno_backup/lyrics/2026-03-12_11b2b802_untitled.txt
ut-81cdcb3a13548b42	(untitled)	2	exact-normalized-lyrics	high-local-exact	056a8cec-f924-4fbe-be2e-5a026a8477a1	1	056a8cec-f924-4fbe-be2e-5a026a8477a1	Album Unassigned	English	gurukul	Other / Misc	cover-local	lyrics-ready	70	_radio_index/suno_backup/lyrics/2026-03-20_056a8cec_untitled.txt
ut-81cdcb3a13548b42	(untitled)	2	exact-normalized-lyrics	high-local-exact	056a8cec-f924-4fbe-be2e-5a026a8477a1	2	17393950-853a-4aed-9e6f-229ac70f25e0	Sanaatana Vedic Frequency	English	sanaatana-vaigyaniq	Sanatan & Vedic	cover-local	lyrics-ready	70	_radio_index/suno_backup/lyrics/2026-03-20_17393950_untitled.txt
ut-828990372ba40a97	(untitled)	2	exact-normalized-lyrics	high-local-exact	73f2af74-5054-49d8-896c-e82524eddc06	1	73f2af74-5054-49d8-896c-e82524eddc06	Hip-Hop Drill Rap	English	kabir-clubbing	Rap & Fusion	cover-local	lyrics-ready	24	_radio_index/suno_backup/lyrics/2026-03-14_73f2af74_untitled.txt
ut-828990372ba40a97	(untitled)	2	exact-normalized-lyrics	high-local-exact	73f2af74-5054-49d8-896c-e82524eddc06	2	606fe1e9-61e4-4248-bd93-73fa98153abc	Folk Fusion Lok Rang	Haryanvi	ameerpur	Haryanvi Folk	cover-local	lyrics-ready	24	_radio_index/suno_backup/lyrics/2026-03-14_606fe1e9_untitled.txt
ut-86d298c5719bc018	(untitled)	2	exact-normalized-lyrics	high-local-exact	1210841d-cb58-4632-96de-39a6f862b69a	1	1210841d-cb58-4632-96de-39a6f862b69a	Sanaatana Vedic Frequency	English	sanaatana-vaigyaniq	Sanatan & Vedic	cover-local	lyrics-ready	32	_radio_index/suno_backup/lyrics/2026-03-14_1210841d_untitled.txt
ut-86d298c5719bc018	(untitled)	2	exact-normalized-lyrics	high-local-exact	1210841d-cb58-4632-96de-39a6f862b69a	2	41e8f0c6-6363-44dd-b118-bfc2dc2c8dd6	Sanaatana Vedic Frequency	Sanskrit	sanaatana-vaigyaniq	Sanatan & Vedic	cover-local	lyrics-ready	32	_radio_index/suno_backup/lyrics/2026-03-14_41e8f0c6_untitled.txt
ut-87df5b8a5b351e69	(untitled)	2	exact-normalized-lyrics	high-local-exact	24b25363-caab-410d-a1a7-a36f5df70481	1	24b25363-caab-410d-a1a7-a36f5df70481	Sanaatana Vedic Frequency	English	sanaatana-vaigyaniq	Sanatan & Vedic	cover-local	lyrics-ready	200	_radio_index/suno_backup/lyrics/2026-03-17_24b25363_untitled.txt
ut-87df5b8a5b351e69	(untitled)	2	exact-normalized-lyrics	high-local-exact	24b25363-caab-410d-a1a7-a36f5df70481	2	c8e9d4ca-0d7d-4624-8efb-0b23973de9a3	Sanaatana Vedic Frequency	Sanskrit	sanaatana-vaigyaniq	Sanatan & Vedic	cover-local	lyrics-ready	200	_radio_index/suno_backup/lyrics/2026-03-17_c8e9d4ca_untitled.txt
ut-87f97027ccd03b81	(untitled)	2	exact-normalized-lyrics	high-local-exact	d6015bf7-056c-43bb-b3a7-c42012ac30b6	1	d6015bf7-056c-43bb-b3a7-c42012ac30b6	Cinematic Cosmic Epics	English	gurukul	Other / Misc	cover-local	lyrics-ready	60	_radio_index/suno_backup/lyrics/2026-03-22_d6015bf7_untitled.txt
ut-87f97027ccd03b81	(untitled)	2	exact-normalized-lyrics	high-local-exact	d6015bf7-056c-43bb-b3a7-c42012ac30b6	2	e96f8afe-e1fc-4cc8-9998-16627bca7b9c	Sanaatana Vedic Frequency	Sanskrit	sanaatana-vaigyaniq	Sanatan & Vedic	cover-local	lyrics-ready	60	_radio_index/suno_backup/lyrics/2026-03-22_e96f8afe_untitled.txt
ut-8b835d9a9fc89e51	(untitled)	2	exact-normalized-lyrics	high-local-exact	44ef161a-fd07-43af-bc23-c78ad8ea773f	1	44ef161a-fd07-43af-bc23-c78ad8ea773f	Hip-Hop Drill Rap	English	kabir-clubbing	Rap & Fusion	cover-local	lyrics-ready	70	_radio_index/suno_backup/lyrics/2026-03-12_44ef161a_untitled.txt
ut-8b835d9a9fc89e51	(untitled)	2	exact-normalized-lyrics	high-local-exact	44ef161a-fd07-43af-bc23-c78ad8ea773f	2	b3268cd7-82f5-4cbe-97e3-68d735616d14	Sanaatana Vedic Frequency	Sanskrit	sanaatana-vaigyaniq	Sanatan & Vedic	cover-local	lyrics-ready	70	_radio_index/suno_backup/lyrics/2026-03-12_b3268cd7_untitled.txt
ut-8c0034b5fcff69e2	(untitled)	2	exact-normalized-lyrics	high-local-exact	e97cc568-6578-4bba-a1c3-0580783e1d53	1	e97cc568-6578-4bba-a1c3-0580783e1d53	Sanaatana Vedic Frequency	English	sanaatana-vaigyaniq	Sanatan & Vedic	cover-local	lyrics-ready	211	_radio_index/suno_backup/lyrics/2026-03-17_e97cc568_untitled.txt
ut-8c0034b5fcff69e2	(untitled)	2	exact-normalized-lyrics	high-local-exact	e97cc568-6578-4bba-a1c3-0580783e1d53	2	954ceeb0-8f77-4fdc-9b97-439fd3559810	Sanaatana Vedic Frequency	Sanskrit	sanaatana-vaigyaniq	Sanatan & Vedic	cover-local	lyrics-ready	211	_radio_index/suno_backup/lyrics/2026-03-17_954ceeb0_untitled.txt
ut-8c1931cebd424ef6	(untitled)	2	exact-normalized-lyrics	high-local-exact	71c2f8e7-6626-4dc8-b873-971485c0725f	1	71c2f8e7-6626-4dc8-b873-971485c0725f	Cinematic Cosmic Epics	English	gurukul	Other / Misc	cover-local	lyrics-ready	88	_radio_index/suno_backup/lyrics/2026-03-22_71c2f8e7_untitled.txt
ut-8c1931cebd424ef6	(untitled)	2	exact-normalized-lyrics	high-local-exact	71c2f8e7-6626-4dc8-b873-971485c0725f	2	0907ea5b-01db-4afe-a2a1-958b706d1c5a	Sanaatana Vedic Frequency	Sanskrit	sanaatana-vaigyaniq	Sanatan & Vedic	cover-local	lyrics-ready	88	_radio_index/suno_backup/lyrics/2026-03-22_0907ea5b_untitled.txt
ut-90b128c014593b60	(untitled)	2	exact-normalized-lyrics	high-local-exact	297597bc-b729-4b1f-9b1b-9f422c20d617	1	297597bc-b729-4b1f-9b1b-9f422c20d617	Hip-Hop Drill Rap	English	kabir-clubbing	Rap & Fusion	cover-local	lyrics-ready	61	_radio_index/suno_backup/lyrics/2026-03-12_297597bc_untitled.txt
ut-90b128c014593b60	(untitled)	2	exact-normalized-lyrics	high-local-exact	297597bc-b729-4b1f-9b1b-9f422c20d617	2	471fdd7d-17b3-4d7b-a282-303be24251d5	Sanaatana Vedic Frequency	Sanskrit	sanaatana-vaigyaniq	Sanatan & Vedic	cover-local	lyrics-ready	61	_radio_index/suno_backup/lyrics/2026-03-12_471fdd7d_untitled.txt
ut-90e3bfc4e61bab56	(untitled)	2	exact-normalized-lyrics	high-local-exact	3dea2c46-9d5a-402e-9058-77e26312bb54	1	3dea2c46-9d5a-402e-9058-77e26312bb54	Sanaatana Vedic Frequency	English	sanaatana-vaigyaniq	Sanatan & Vedic	cover-local	lyrics-ready	76	_radio_index/suno_backup/lyrics/2026-03-11_3dea2c46_untitled.txt
ut-90e3bfc4e61bab56	(untitled)	2	exact-normalized-lyrics	high-local-exact	3dea2c46-9d5a-402e-9058-77e26312bb54	2	bc3038d3-816b-4879-aa78-6815db0853df	Sanaatana Vedic Frequency	Sanskrit	sanaatana-vaigyaniq	Sanatan & Vedic	cover-local	lyrics-ready	76	_radio_index/suno_backup/lyrics/2026-03-11_bc3038d3_untitled.txt
ut-91430ec96cdcbf03	(untitled)	2	exact-normalized-lyrics	high-local-exact	fddbba2f-61ec-4d72-ad3f-69baba354abb	1	fddbba2f-61ec-4d72-ad3f-69baba354abb	Folk Fusion Lok Rang	Haryanvi	ameerpur	Haryanvi Folk	cover-local	lyrics-ready	95	_radio_index/suno_backup/lyrics/2026-03-18_fddbba2f_untitled.txt
ut-91430ec96cdcbf03	(untitled)	2	exact-normalized-lyrics	high-local-exact	fddbba2f-61ec-4d72-ad3f-69baba354abb	2	5a3ed490-c3be-4e41-99f0-3abc89a1f13d	Folk Fusion Lok Rang	Haryanvi	ameerpur	Haryanvi Folk	cover-local	lyrics-ready	95	_radio_index/suno_backup/lyrics/2026-03-18_5a3ed490_untitled.txt
ut-9360425fe6548822	(untitled)	2	exact-normalized-lyrics	high-local-exact	a6a27e86-3c84-453d-8d74-eeedd44ba048	1	a6a27e86-3c84-453d-8d74-eeedd44ba048	Hip-Hop Drill Rap	English	kabir-clubbing	Rap & Fusion	cover-local	lyrics-ready	56	_radio_index/suno_backup/lyrics/2026-03-12_a6a27e86_untitled.txt
ut-9360425fe6548822	(untitled)	2	exact-normalized-lyrics	high-local-exact	a6a27e86-3c84-453d-8d74-eeedd44ba048	2	668f75f1-428a-476d-9bed-614ad964053e	Sanaatana Vedic Frequency	Sanskrit	sanaatana-vaigyaniq	Sanatan & Vedic	cover-local	lyrics-ready	56	_radio_index/suno_backup/lyrics/2026-03-12_668f75f1_untitled.txt
ut-93bcbdd0adc8767f	(untitled)	2	exact-normalized-lyrics	high-local-exact	72b69742-5e35-4af0-876c-03f7ff259f69	1	72b69742-5e35-4af0-876c-03f7ff259f69	Sanaatana Vedic Frequency	English	sanaatana-vaigyaniq	Sanatan & Vedic	cover-local	lyrics-ready	93	_radio_index/suno_backup/lyrics/2026-03-16_72b69742_untitled.txt
ut-93bcbdd0adc8767f	(untitled)	2	exact-normalized-lyrics	high-local-exact	72b69742-5e35-4af0-876c-03f7ff259f69	2	68e1e3bc-204b-4335-a599-eb3a0623ec41	Sanaatana Vedic Frequency	Sanskrit	sanaatana-vaigyaniq	Sanatan & Vedic	cover-local	lyrics-ready	93	_radio_index/suno_backup/lyrics/2026-03-16_68e1e3bc_untitled.txt
ut-948da4b1482cd88a	(untitled)	2	exact-normalized-lyrics	high-local-exact	42598efd-76d4-4683-87c1-176aa832b4ba	1	42598efd-76d4-4683-87c1-176aa832b4ba	Sanaatana Vedic Frequency	English	sanaatana-vaigyaniq	Sanatan & Vedic	cover-local	lyrics-ready	125	_radio_index/suno_backup/lyrics/2026-03-12_42598efd_untitled.txt
ut-948da4b1482cd88a	(untitled)	2	exact-normalized-lyrics	high-local-exact	42598efd-76d4-4683-87c1-176aa832b4ba	2	bb7e2b90-d7ca-49b6-9135-fe4251447df2	Sanaatana Vedic Frequency	Sanskrit	sanaatana-vaigyaniq	Sanatan & Vedic	cover-local	lyrics-ready	125	_radio_index/suno_backup/lyrics/2026-03-12_bb7e2b90_untitled.txt
ut-969a7f7676140259	(untitled)	2	exact-normalized-lyrics	high-local-exact	44d6eaee-1e67-4eaf-af1a-1b53349e55f1	1	44d6eaee-1e67-4eaf-af1a-1b53349e55f1	Sanaatana Vedic Frequency	English	sanaatana-vaigyaniq	Sanatan & Vedic	cover-local	lyrics-ready	124	_radio_index/suno_backup/lyrics/2026-03-13_44d6eaee_untitled.txt
ut-969a7f7676140259	(untitled)	2	exact-normalized-lyrics	high-local-exact	44d6eaee-1e67-4eaf-af1a-1b53349e55f1	2	b854fd41-d448-436a-9e15-3727d2099aa7	Sanaatana Vedic Frequency	Sanskrit	sanaatana-vaigyaniq	Sanatan & Vedic	cover-local	lyrics-ready	124	_radio_index/suno_backup/lyrics/2026-03-13_b854fd41_untitled.txt
ut-9a18f5e3f340e7c5	(untitled)	2	exact-normalized-lyrics	high-local-exact	3c9729ee-8720-460f-8d5a-b37b5b52d274	1	3c9729ee-8720-460f-8d5a-b37b5b52d274	Sanaatana Vedic Frequency	English	kabir-clubbing	Rap & Fusion	cover-local	lyrics-ready	85	_radio_index/suno_backup/lyrics/2026-03-13_3c9729ee_untitled.txt
ut-9a18f5e3f340e7c5	(untitled)	2	exact-normalized-lyrics	high-local-exact	3c9729ee-8720-460f-8d5a-b37b5b52d274	2	2c95a655-1853-4020-a611-bc4e844aaee0	Sanaatana Vedic Frequency	Sanskrit	sanaatana-vaigyaniq	Sanatan & Vedic	cover-local	lyrics-ready	85	_radio_index/suno_backup/lyrics/2026-03-13_2c95a655_untitled.txt
ut-9b172c834a21f55e	(untitled)	2	exact-normalized-lyrics	high-local-exact	2c90ee6b-74e3-4d2e-9843-9b5fb835b297	1	2c90ee6b-74e3-4d2e-9843-9b5fb835b297	Sanaatana Vedic Frequency	English	sanaatana-vaigyaniq	Sanatan & Vedic	cover-local	lyrics-ready	113	_radio_index/suno_backup/lyrics/2026-03-12_2c90ee6b_untitled.txt
ut-9b172c834a21f55e	(untitled)	2	exact-normalized-lyrics	high-local-exact	2c90ee6b-74e3-4d2e-9843-9b5fb835b297	2	33ebe00e-d888-4500-be76-653588dca063	Sanaatana Vedic Frequency	Sanskrit	sanaatana-vaigyaniq	Sanatan & Vedic	cover-local	lyrics-ready	113	_radio_index/suno_backup/lyrics/2026-03-12_33ebe00e_untitled.txt
ut-9faab2addef17ad3	(untitled)	2	exact-normalized-lyrics	high-local-exact	5c4baafd-66b3-4cf6-9215-1f0f94ab8a58	1	5c4baafd-66b3-4cf6-9215-1f0f94ab8a58	Cinematic Cosmic Epics	English	gurukul	Other / Misc	cover-local	lyrics-ready	48	_radio_index/suno_backup/lyrics/2026-03-13_5c4baafd_untitled.txt
ut-9faab2addef17ad3	(untitled)	2	exact-normalized-lyrics	high-local-exact	5c4baafd-66b3-4cf6-9215-1f0f94ab8a58	2	ee50a4e3-c4b6-4f9b-9063-c75f82168ff5	Bhakti Katha Devotional	Hindi	kabir-clubbing	Bhakti & Katha	cover-local	lyrics-ready	48	_radio_index/suno_backup/lyrics/2026-03-13_ee50a4e3_untitled.txt
ut-9fe2b5b1e6b470ec	(untitled)	2	exact-normalized-lyrics	high-local-exact	4dd54537-f0dc-4226-b83f-32edeb629a35	1	4dd54537-f0dc-4226-b83f-32edeb629a35	Folk Fusion Lok Rang	Haryanvi	ameerpur	Haryanvi Folk	cover-local	lyrics-ready	87	_radio_index/suno_backup/lyrics/2026-03-18_4dd54537_untitled.txt
ut-9fe2b5b1e6b470ec	(untitled)	2	exact-normalized-lyrics	high-local-exact	4dd54537-f0dc-4226-b83f-32edeb629a35	2	ea666c4c-b61d-46ea-a289-627704a7f204	Folk Fusion Lok Rang	Haryanvi	ameerpur	Haryanvi Folk	cover-local	lyrics-ready	87	_radio_index/suno_backup/lyrics/2026-03-18_ea666c4c_untitled.txt
ut-a0fff020d7143505	(untitled)	2	exact-normalized-lyrics	high-local-exact	f5ee1b21-dfd0-497c-8f70-18a04305df49	1	f5ee1b21-dfd0-497c-8f70-18a04305df49	Sanaatana Vedic Frequency	English	sanaatana-vaigyaniq	Sanatan & Vedic	cover-local	lyrics-ready	7	_radio_index/suno_backup/lyrics/2026-03-20_f5ee1b21_untitled.txt
ut-a0fff020d7143505	(untitled)	2	exact-normalized-lyrics	high-local-exact	f5ee1b21-dfd0-497c-8f70-18a04305df49	2	9ea90a62-a2d7-462c-9f8c-fb078246a1ae	Sanaatana Vedic Frequency	English	sanaatana-vaigyaniq	Sanatan & Vedic	cover-local	lyrics-ready	7	_radio_index/suno_backup/lyrics/2026-03-20_9ea90a62_untitled.txt
ut-a3ed411ff15ce2ca	(untitled)	2	exact-normalized-lyrics	high-local-exact	94daf0e0-f8b0-4025-b269-39a4f5b63bdc	1	94daf0e0-f8b0-4025-b269-39a4f5b63bdc	Album Unassigned	English	gurukul	Other / Misc	cover-local	lyrics-ready	83	_radio_index/suno_backup/lyrics/2026-03-12_94daf0e0_untitled.txt
ut-a3ed411ff15ce2ca	(untitled)	2	exact-normalized-lyrics	high-local-exact	94daf0e0-f8b0-4025-b269-39a4f5b63bdc	2	e521f486-dc2d-450c-ad6b-6dc60c076e3b	Sanaatana Vedic Frequency	Sanskrit	sanaatana-vaigyaniq	Sanatan & Vedic	cover-local	lyrics-ready	83	_radio_index/suno_backup/lyrics/2026-03-12_e521f486_untitled.txt
ut-a4364ce2b6fa701c	(untitled)	2	exact-normalized-lyrics	high-local-exact	e0e9d663-7d49-4351-aa8e-639120657766	1	e0e9d663-7d49-4351-aa8e-639120657766	Folk Fusion Lok Rang	English	sanaatana-vaigyaniq	Classical & Raag	cover-local	lyrics-ready	21	_radio_index/suno_backup/lyrics/2026-03-24_e0e9d663_untitled.txt
ut-a4364ce2b6fa701c	(untitled)	2	exact-normalized-lyrics	high-local-exact	e0e9d663-7d49-4351-aa8e-639120657766	2	c6c9c569-2051-4d98-ba3c-85f7982b04b9	Bhakti Katha Devotional	Hindi	kabir-clubbing	Bhakti & Katha	cover-local	lyrics-ready	21	_radio_index/suno_backup/lyrics/2026-03-24_c6c9c569_untitled.txt
ut-a923e5fbbb59e9ec	(untitled)	2	exact-normalized-lyrics	high-local-exact	d10508db-bd53-40ce-a03c-92f1791b1278	1	d10508db-bd53-40ce-a03c-92f1791b1278	Sanaatana Vedic Frequency	English	sanaatana-vaigyaniq	Sanatan & Vedic	cover-local	lyrics-ready	70	_radio_index/suno_backup/lyrics/2026-03-12_d10508db_untitled.txt
ut-a923e5fbbb59e9ec	(untitled)	2	exact-normalized-lyrics	high-local-exact	d10508db-bd53-40ce-a03c-92f1791b1278	2	9ed3d7a1-f789-4aed-8f87-c21c9ae61bf6	Sanaatana Vedic Frequency	Sanskrit	sanaatana-vaigyaniq	Sanatan & Vedic	cover-local	lyrics-ready	70	_radio_index/suno_backup/lyrics/2026-03-12_9ed3d7a1_untitled.txt
ut-aba1f1292eac8e0b	(untitled)	2	exact-normalized-lyrics	high-local-exact	b632670a-92f5-44aa-862f-4a03120bd6e3	1	b632670a-92f5-44aa-862f-4a03120bd6e3	Hip-Hop Drill Rap	English	kabir-clubbing	Rap & Fusion	cover-local	lyrics-ready	89	_radio_index/suno_backup/lyrics/2026-03-22_b632670a_untitled.txt
ut-aba1f1292eac8e0b	(untitled)	2	exact-normalized-lyrics	high-local-exact	b632670a-92f5-44aa-862f-4a03120bd6e3	2	acefb505-26f4-4b95-b378-e064eaccf86f	Sanaatana Vedic Frequency	Sanskrit	sanaatana-vaigyaniq	Sanatan & Vedic	cover-local	lyrics-ready	89	_radio_index/suno_backup/lyrics/2026-03-22_acefb505_untitled.txt
ut-af8709ce82190db7	(untitled)	2	exact-normalized-lyrics	high-local-exact	8782ebf1-5a4b-45ff-9243-bef558d424fc	1	8782ebf1-5a4b-45ff-9243-bef558d424fc	Hip-Hop Drill Rap	English	gurukul	Other / Misc	cover-local	lyrics-ready	84	_radio_index/suno_backup/lyrics/2026-03-13_8782ebf1_untitled.txt
ut-af8709ce82190db7	(untitled)	2	exact-normalized-lyrics	high-local-exact	8782ebf1-5a4b-45ff-9243-bef558d424fc	2	bfa3c452-eab1-44c3-9c0a-869f6c15bc26	Sanaatana Vedic Frequency	Sanskrit	sanaatana-vaigyaniq	Sanatan & Vedic	cover-local	lyrics-ready	84	_radio_index/suno_backup/lyrics/2026-03-13_bfa3c452_untitled.txt
ut-b2db6d35a40a373b	(untitled)	2	exact-normalized-lyrics	high-local-exact	982a1594-b969-4c2d-9966-d617a47e4e2d	1	982a1594-b969-4c2d-9966-d617a47e4e2d	Bhakti Katha Devotional	English	gurukul	Other / Misc	cover-local	lyrics-ready	31	_radio_index/suno_backup/lyrics/2026-03-27_982a1594_untitled.txt
ut-b2db6d35a40a373b	(untitled)	2	exact-normalized-lyrics	high-local-exact	982a1594-b969-4c2d-9966-d617a47e4e2d	2	81109d76-22c0-4e21-9bd6-a57682008382	Sanaatana Vedic Frequency	Sanskrit	sanaatana-vaigyaniq	Sanatan & Vedic	cover-local	lyrics-ready	31	_radio_index/suno_backup/lyrics/2026-03-27_81109d76_untitled.txt
ut-b3f75406ff15608f	(untitled)	2	exact-normalized-lyrics	high-local-exact	05a9ac20-ffc7-4810-a9e2-21d2c683b06a	1	05a9ac20-ffc7-4810-a9e2-21d2c683b06a	Sanaatana Vedic Frequency	English	sanaatana-vaigyaniq	Sanatan & Vedic	cover-local	lyrics-ready	106	_radio_index/suno_backup/lyrics/2026-03-16_05a9ac20_untitled.txt
ut-b3f75406ff15608f	(untitled)	2	exact-normalized-lyrics	high-local-exact	05a9ac20-ffc7-4810-a9e2-21d2c683b06a	2	2badde9c-1f37-4504-9aaa-b067a58e99c3	Sanaatana Vedic Frequency	Sanskrit	sanaatana-vaigyaniq	Sanatan & Vedic	cover-local	lyrics-ready	106	_radio_index/suno_backup/lyrics/2026-03-16_2badde9c_untitled.txt
ut-b6f00bc68b6951e6	(untitled)	2	exact-normalized-lyrics	high-local-exact	2705713e-7211-41ce-8805-62d72c7038f2	1	2705713e-7211-41ce-8805-62d72c7038f2	Cinematic Cosmic Epics	English	gurukul	Other / Misc	cover-local	lyrics-ready	130	_radio_index/suno_backup/lyrics/2026-03-23_2705713e_untitled.txt
ut-b6f00bc68b6951e6	(untitled)	2	exact-normalized-lyrics	high-local-exact	2705713e-7211-41ce-8805-62d72c7038f2	2	2bf46bbc-1f00-42b1-ada9-5dd38b02ca3b	Hip-Hop Drill Rap	English	kabir-clubbing	Rap & Fusion	cover-local	lyrics-ready	130	_radio_index/suno_backup/lyrics/2026-03-23_2bf46bbc_untitled.txt
ut-b8f65df3a5618634	(untitled)	2	exact-normalized-lyrics	high-local-exact	faf8624e-52ff-41ac-a98c-562728ffac2d	1	faf8624e-52ff-41ac-a98c-562728ffac2d	Sanaatana Vedic Frequency	English	sanaatana-vaigyaniq	Sanatan & Vedic	cover-local	lyrics-ready	157	_radio_index/suno_backup/lyrics/2026-03-15_faf8624e_untitled.txt
ut-b8f65df3a5618634	(untitled)	2	exact-normalized-lyrics	high-local-exact	faf8624e-52ff-41ac-a98c-562728ffac2d	2	b4b42938-0fdb-407a-9716-d99479b0e0b0	Sanaatana Vedic Frequency	Sanskrit	sanaatana-vaigyaniq	Sanatan & Vedic	cover-local	lyrics-ready	157	_radio_index/suno_backup/lyrics/2026-03-15_b4b42938_untitled.txt
ut-b9ee78a659cbf55a	(untitled)	2	exact-normalized-lyrics	high-local-exact	51869413-dafe-45f6-b76f-583c3b8e1991	1	51869413-dafe-45f6-b76f-583c3b8e1991	Album Unassigned	English	gurukul	Other / Misc	cover-local	lyrics-ready	79	_radio_index/suno_backup/lyrics/2026-03-18_51869413_untitled.txt
ut-b9ee78a659cbf55a	(untitled)	2	exact-normalized-lyrics	high-local-exact	51869413-dafe-45f6-b76f-583c3b8e1991	2	64a8bb69-c68d-48dc-88bf-9bcf53a35229	Album Unassigned	Hindi	gurukul	Other / Misc	cover-local	lyrics-ready	79	_radio_index/suno_backup/lyrics/2026-03-18_64a8bb69_untitled.txt
ut-ba2821c40abd9c2f	(untitled)	2	exact-normalized-lyrics	high-local-exact	1630fdc7-2ea0-4737-a448-84a9e3a68bc4	1	1630fdc7-2ea0-4737-a448-84a9e3a68bc4	Sanaatana Vedic Frequency	English	kabir-clubbing	Rap & Fusion	cover-local	lyrics-ready	78	_radio_index/suno_backup/lyrics/2026-03-22_1630fdc7_untitled.txt
ut-ba2821c40abd9c2f	(untitled)	2	exact-normalized-lyrics	high-local-exact	1630fdc7-2ea0-4737-a448-84a9e3a68bc4	2	8d7517ab-5f3a-4d8e-b2e4-92f170be6ed4	Bhakti Katha Devotional	English	kabir-clubbing	Bhakti & Katha	cover-local	lyrics-ready	78	_radio_index/suno_backup/lyrics/2026-03-22_8d7517ab_untitled.txt
ut-bbd937efb9485a78	(untitled)	2	exact-normalized-lyrics	high-local-exact	9b80022a-996a-488b-82c6-8377e3dda26a	1	9b80022a-996a-488b-82c6-8377e3dda26a	Bhakti Katha Devotional	English	kabir-clubbing	Bhakti & Katha	cover-local	lyrics-ready	19	_radio_index/suno_backup/lyrics/2026-03-15_9b80022a_untitled.txt
ut-bbd937efb9485a78	(untitled)	2	exact-normalized-lyrics	high-local-exact	9b80022a-996a-488b-82c6-8377e3dda26a	2	4edf51d3-f4e1-4827-a506-85192bc47867	Bhakti Katha Devotional	Hindi	kabir-clubbing	Bhakti & Katha	cover-local	lyrics-ready	19	_radio_index/suno_backup/lyrics/2026-03-15_4edf51d3_untitled.txt
ut-bd34225740ccbfe9	(untitled)	2	exact-normalized-lyrics	high-local-exact	359fe041-9682-478b-8b22-2025ce5af3c8	1	359fe041-9682-478b-8b22-2025ce5af3c8	Sanaatana Vedic Frequency	English	sanaatana-vaigyaniq	Sanatan & Vedic	cover-local	lyrics-ready	178	_radio_index/suno_backup/lyrics/2026-03-15_359fe041_untitled.txt
ut-bd34225740ccbfe9	(untitled)	2	exact-normalized-lyrics	high-local-exact	359fe041-9682-478b-8b22-2025ce5af3c8	2	49a3ba5c-8404-4a55-be2f-8b74d04587be	Sanaatana Vedic Frequency	Sanskrit	sanaatana-vaigyaniq	Sanatan & Vedic	cover-local	lyrics-ready	178	_radio_index/suno_backup/lyrics/2026-03-15_49a3ba5c_untitled.txt
ut-c03999a1bd4e4003	(untitled)	2	exact-normalized-lyrics	high-local-exact	aec7dc35-1ec0-44a4-bb7d-f79a1e7686ce	1	aec7dc35-1ec0-44a4-bb7d-f79a1e7686ce	Sanaatana Vedic Frequency	English	sanaatana-vaigyaniq	Sanatan & Vedic	cover-local	lyrics-ready	89	_radio_index/suno_backup/lyrics/2026-03-13_aec7dc35_untitled.txt
ut-c03999a1bd4e4003	(untitled)	2	exact-normalized-lyrics	high-local-exact	aec7dc35-1ec0-44a4-bb7d-f79a1e7686ce	2	fcc40853-3fac-4ab3-a1a3-b2d506a7f016	Sanaatana Vedic Frequency	Sanskrit	sanaatana-vaigyaniq	Sanatan & Vedic	cover-local	lyrics-ready	89	_radio_index/suno_backup/lyrics/2026-03-13_fcc40853_untitled.txt
ut-c0dfa9237ae777c3	(untitled)	2	exact-normalized-lyrics	high-local-exact	1f500bc8-f5ba-4d2c-8156-b182c9b0b46b	1	1f500bc8-f5ba-4d2c-8156-b182c9b0b46b	Folk Fusion Lok Rang	English	gurukul	Other / Misc	cover-local	lyrics-ready	98	_radio_index/suno_backup/lyrics/2026-03-12_1f500bc8_untitled.txt
ut-c0dfa9237ae777c3	(untitled)	2	exact-normalized-lyrics	high-local-exact	1f500bc8-f5ba-4d2c-8156-b182c9b0b46b	2	a27569a5-0751-4d15-842c-63a1adffb59c	Sanaatana Vedic Frequency	Sanskrit	sanaatana-vaigyaniq	Sanatan & Vedic	cover-local	lyrics-ready	98	_radio_index/suno_backup/lyrics/2026-03-12_a27569a5_untitled.txt
ut-c6c0b05868cc10f9	(untitled)	2	exact-normalized-lyrics	high-local-exact	0dfca798-d9bf-41eb-ad1b-fea2ddd3e6fb	1	0dfca798-d9bf-41eb-ad1b-fea2ddd3e6fb	Sanaatana Vedic Frequency	English	sanaatana-vaigyaniq	Sanatan & Vedic	cover-local	lyrics-ready	78	_radio_index/suno_backup/lyrics/2026-03-12_0dfca798_untitled.txt
ut-c6c0b05868cc10f9	(untitled)	2	exact-normalized-lyrics	high-local-exact	0dfca798-d9bf-41eb-ad1b-fea2ddd3e6fb	2	222f41c8-19ab-42d9-b87c-ca9c4c818caa	Sanaatana Vedic Frequency	Sanskrit	sanaatana-vaigyaniq	Sanatan & Vedic	cover-local	lyrics-ready	78	_radio_index/suno_backup/lyrics/2026-03-12_222f41c8_untitled.txt
ut-c93d063f8f6b9af7	(untitled)	2	exact-normalized-lyrics	high-local-exact	e6510e78-0f69-43f6-9923-8163b91fc272	1	e6510e78-0f69-43f6-9923-8163b91fc272	Sanaatana Vedic Frequency	English	sanaatana-vaigyaniq	Sanatan & Vedic	cover-local	lyrics-ready	85	_radio_index/suno_backup/lyrics/2026-03-12_e6510e78_untitled.txt
ut-c93d063f8f6b9af7	(untitled)	2	exact-normalized-lyrics	high-local-exact	e6510e78-0f69-43f6-9923-8163b91fc272	2	7837396f-b847-4359-b544-5774ac2f5daa	Sanaatana Vedic Frequency	English	sanaatana-vaigyaniq	Sanatan & Vedic	cover-local	lyrics-ready	85	_radio_index/suno_backup/lyrics/2026-03-12_7837396f_untitled.txt
ut-cd912355205c15ae	(untitled)	2	exact-normalized-lyrics	high-local-exact	1392cfca-0b75-4795-bdb5-b82e430c9f7b	1	1392cfca-0b75-4795-bdb5-b82e430c9f7b	Love Virah Ghazal	English	ameerpur	Love & Virah	cover-local	lyrics-ready	177	_radio_index/suno_backup/lyrics/2026-03-15_1392cfca_untitled.txt
ut-cd912355205c15ae	(untitled)	2	exact-normalized-lyrics	high-local-exact	1392cfca-0b75-4795-bdb5-b82e430c9f7b	2	5dae1dc4-0ca1-43fa-8d39-63cbce1d6cc4	Bhakti Katha Devotional	Hindi	kabir-clubbing	Bhakti & Katha	cover-local	lyrics-ready	177	_radio_index/suno_backup/lyrics/2026-03-15_5dae1dc4_untitled.txt
ut-ce4709be5098ff43	(untitled)	2	exact-normalized-lyrics	high-local-exact	07c7426b-552d-49a1-bc86-7613ded094bc	1	07c7426b-552d-49a1-bc86-7613ded094bc	Sanaatana Vedic Frequency	English	sanaatana-vaigyaniq	Sanatan & Vedic	cover-local	lyrics-ready	89	_radio_index/suno_backup/lyrics/2026-03-15_07c7426b_untitled.txt
ut-ce4709be5098ff43	(untitled)	2	exact-normalized-lyrics	high-local-exact	07c7426b-552d-49a1-bc86-7613ded094bc	2	a63d8cca-295c-4ca4-a467-dd2d8c222a7e	Sanaatana Vedic Frequency	Sanskrit	sanaatana-vaigyaniq	Sanatan & Vedic	cover-local	lyrics-ready	89	_radio_index/suno_backup/lyrics/2026-03-15_a63d8cca_untitled.txt
ut-cf3fc8c3294d281a	(untitled)	2	exact-normalized-lyrics	high-local-exact	4c162f53-2f79-4fed-b3c9-93841a1755f3	1	4c162f53-2f79-4fed-b3c9-93841a1755f3	Album Unassigned	English	gurukul	Other / Misc	cover-local	lyrics-ready	223	_radio_index/suno_backup/lyrics/2026-03-17_4c162f53_untitled.txt
ut-cf3fc8c3294d281a	(untitled)	2	exact-normalized-lyrics	high-local-exact	4c162f53-2f79-4fed-b3c9-93841a1755f3	2	29a17f2c-a3b6-463d-9a08-8fede6cb142a	Sanaatana Vedic Frequency	Sanskrit	sanaatana-vaigyaniq	Sanatan & Vedic	cover-local	lyrics-ready	223	_radio_index/suno_backup/lyrics/2026-03-17_29a17f2c_untitled.txt
ut-cfcc5b81ccbf82e4	(untitled)	2	exact-normalized-lyrics	high-local-exact	92279913-e9a8-4341-a4cc-19bd11b142ec	1	92279913-e9a8-4341-a4cc-19bd11b142ec	Folk Fusion Lok Rang	English	gurukul	Other / Misc	cover-local	lyrics-ready	61	_radio_index/suno_backup/lyrics/2026-03-12_92279913_untitled.txt
ut-cfcc5b81ccbf82e4	(untitled)	2	exact-normalized-lyrics	high-local-exact	92279913-e9a8-4341-a4cc-19bd11b142ec	2	5b8abaaa-7c56-450e-acfc-00b012e50990	Sanaatana Vedic Frequency	English	sanaatana-vaigyaniq	Sanatan & Vedic	cover-local	lyrics-ready	61	_radio_index/suno_backup/lyrics/2026-03-12_5b8abaaa_untitled.txt
ut-d02862d26d9d66e9	(untitled)	2	exact-normalized-lyrics	high-local-exact	08672d19-c215-4ff6-ac7c-8273ca45eab0	1	08672d19-c215-4ff6-ac7c-8273ca45eab0	Album Unassigned	English	gurukul	Other / Misc	cover-local	lyrics-ready	55	_radio_index/suno_backup/lyrics/2026-03-12_08672d19_untitled.txt
ut-d02862d26d9d66e9	(untitled)	2	exact-normalized-lyrics	high-local-exact	08672d19-c215-4ff6-ac7c-8273ca45eab0	2	7aa13792-c537-4535-878c-bd7c7925e869	Folk Fusion Lok Rang	Haryanvi	ameerpur	Haryanvi Folk	cover-local	lyrics-ready	55	_radio_index/suno_backup/lyrics/2026-03-12_7aa13792_untitled.txt
ut-d13185b82993f7ff	(untitled)	2	exact-normalized-lyrics	high-local-exact	7960d8d5-9742-4fb2-9329-3efae9f39d73	1	7960d8d5-9742-4fb2-9329-3efae9f39d73	Folk Fusion Lok Rang	English	gurukul	Other / Misc	cover-local	lyrics-ready	92	_radio_index/suno_backup/lyrics/2026-03-12_7960d8d5_untitled.txt
ut-d13185b82993f7ff	(untitled)	2	exact-normalized-lyrics	high-local-exact	7960d8d5-9742-4fb2-9329-3efae9f39d73	2	01105ba5-4a3d-4314-8720-0437796ffc45	Bhakti Katha Devotional	Hindi	kabir-clubbing	Bhakti & Katha	cover-local	lyrics-ready	92	_radio_index/suno_backup/lyrics/2026-03-12_01105ba5_untitled.txt
ut-d3e7d5a37e4dc813	(untitled)	2	exact-normalized-lyrics	high-local-exact	31740e34-6f43-4223-91e9-739374878a3d	1	31740e34-6f43-4223-91e9-739374878a3d	Hip-Hop Drill Rap	English	kabir-clubbing	Rap & Fusion	cover-local	lyrics-ready	69	_radio_index/suno_backup/lyrics/2026-03-12_31740e34_untitled.txt
ut-d3e7d5a37e4dc813	(untitled)	2	exact-normalized-lyrics	high-local-exact	31740e34-6f43-4223-91e9-739374878a3d	2	5da37790-97be-4139-ab9a-d1a6c5dd24c0	Sanaatana Vedic Frequency	Sanskrit	sanaatana-vaigyaniq	Sanatan & Vedic	cover-local	lyrics-ready	69	_radio_index/suno_backup/lyrics/2026-03-12_5da37790_untitled.txt
ut-d46d22411a0c72c2	(untitled)	2	exact-normalized-lyrics	high-local-exact	7cd38250-4106-4fb8-8a4f-bbc7df32238e	1	7cd38250-4106-4fb8-8a4f-bbc7df32238e	Sanaatana Vedic Frequency	English	gurukul	Other / Misc	cover-local	lyrics-ready	76	_radio_index/suno_backup/lyrics/2026-03-15_7cd38250_untitled.txt
ut-d46d22411a0c72c2	(untitled)	2	exact-normalized-lyrics	high-local-exact	7cd38250-4106-4fb8-8a4f-bbc7df32238e	2	a8b958f9-3065-46de-bc14-080bd949892e	Classical Raga Darbar	Hindi	sanaatana-vaigyaniq	Classical & Raag	cover-local	lyrics-ready	76	_radio_index/suno_backup/lyrics/2026-03-15_a8b958f9_untitled.txt
ut-dc095a76f3cf46a3	(untitled)	2	exact-normalized-lyrics	high-local-exact	e18525dd-f972-4860-9008-b147a0576764	1	e18525dd-f972-4860-9008-b147a0576764	Hip-Hop Drill Rap	English	kabir-clubbing	Rap & Fusion	cover-local	lyrics-ready	56	_radio_index/suno_backup/lyrics/2026-03-24_e18525dd_untitled.txt
ut-dc095a76f3cf46a3	(untitled)	2	exact-normalized-lyrics	high-local-exact	e18525dd-f972-4860-9008-b147a0576764	2	8caed3b8-e9a9-48fa-9a64-adeedcfb6231	Folk Fusion Lok Rang	Haryanvi	ameerpur	Haryanvi Folk	cover-local	lyrics-ready	56	_radio_index/suno_backup/lyrics/2026-03-24_8caed3b8_untitled.txt
ut-dda3bcaf6b81dff2	(untitled)	2	exact-normalized-lyrics	high-local-exact	35380dae-bb24-481e-a416-af515d22edc3	1	35380dae-bb24-481e-a416-af515d22edc3	Hip-Hop Drill Rap	English	kabir-clubbing	Rap & Fusion	cover-local	lyrics-ready	57	_radio_index/suno_backup/lyrics/2026-03-12_35380dae_untitled.txt
ut-dda3bcaf6b81dff2	(untitled)	2	exact-normalized-lyrics	high-local-exact	35380dae-bb24-481e-a416-af515d22edc3	2	7140414f-9a6d-4f4c-a9e6-ebaf4c61009e	Sanaatana Vedic Frequency	Sanskrit	sanaatana-vaigyaniq	Sanatan & Vedic	cover-local	lyrics-ready	57	_radio_index/suno_backup/lyrics/2026-03-12_7140414f_untitled.txt
ut-e2c47da0c82b025c	(untitled)	2	exact-normalized-lyrics	high-local-exact	3039cb6f-dd49-498f-826d-d7774013946e	1	3039cb6f-dd49-498f-826d-d7774013946e	Hip-Hop Drill Rap	English	kabir-clubbing	Rap & Fusion	cover-local	lyrics-ready	79	_radio_index/suno_backup/lyrics/2026-03-15_3039cb6f_untitled.txt
ut-e2c47da0c82b025c	(untitled)	2	exact-normalized-lyrics	high-local-exact	3039cb6f-dd49-498f-826d-d7774013946e	2	69ad7184-23e8-475b-8193-a947d68dc738	Bhakti Katha Devotional	Hindi	kabir-clubbing	Bhakti & Katha	cover-local	lyrics-ready	79	_radio_index/suno_backup/lyrics/2026-03-15_69ad7184_untitled.txt
ut-e7b09fc05e9751fb	(untitled)	2	exact-normalized-lyrics	high-local-exact	143f3ee1-541a-4c92-8ae8-84b53e7b66d9	1	143f3ee1-541a-4c92-8ae8-84b53e7b66d9	Sanaatana Vedic Frequency	English	gurukul	Other / Misc	cover-local	lyrics-ready	35	_radio_index/suno_backup/lyrics/2026-03-15_143f3ee1_untitled.txt
ut-e7b09fc05e9751fb	(untitled)	2	exact-normalized-lyrics	high-local-exact	143f3ee1-541a-4c92-8ae8-84b53e7b66d9	2	d1df8eeb-036c-4d6b-b998-dc9ebc94f23e	Sanaatana Vedic Frequency	English	gurukul	Other / Misc	cover-local	lyrics-ready	35	_radio_index/suno_backup/lyrics/2026-03-15_d1df8eeb_untitled.txt
ut-e81c676df93e1be5	(untitled)	2	exact-normalized-lyrics	high-local-exact	2b8896a5-71c2-4521-b7e8-8a07648444d3	1	2b8896a5-71c2-4521-b7e8-8a07648444d3	Sanaatana Vedic Frequency	English	kabir-clubbing	Rap & Fusion	cover-local	lyrics-ready	96	_radio_index/suno_backup/lyrics/2026-03-12_2b8896a5_untitled.txt
ut-e81c676df93e1be5	(untitled)	2	exact-normalized-lyrics	high-local-exact	2b8896a5-71c2-4521-b7e8-8a07648444d3	2	ab674c75-8585-4fd0-89ae-715906b3f772	Sanaatana Vedic Frequency	English	sanaatana-vaigyaniq	Sanatan & Vedic	cover-local	lyrics-ready	96	_radio_index/suno_backup/lyrics/2026-03-12_ab674c75_untitled.txt
ut-e8c23ca99bda9e91	(untitled)	2	exact-normalized-lyrics	high-local-exact	2fc25f01-e1af-419b-af18-4a94b1792d7b	1	2fc25f01-e1af-419b-af18-4a94b1792d7b	Sanaatana Vedic Frequency	English	sanaatana-vaigyaniq	Sanatan & Vedic	cover-local	lyrics-ready	51	_radio_index/suno_backup/lyrics/2026-03-20_2fc25f01_untitled.txt
ut-e8c23ca99bda9e91	(untitled)	2	exact-normalized-lyrics	high-local-exact	2fc25f01-e1af-419b-af18-4a94b1792d7b	2	57e3125d-6eff-4b5a-883a-4da698ee8f1d	Sanaatana Vedic Frequency	English	sanaatana-vaigyaniq	Sanatan & Vedic	cover-local	lyrics-ready	51	_radio_index/suno_backup/lyrics/2026-03-20_57e3125d_untitled.txt
ut-e917f009c8799870	(untitled)	2	exact-normalized-lyrics	high-local-exact	915943e4-087a-4961-9b3c-e24b00c223b8	1	915943e4-087a-4961-9b3c-e24b00c223b8	Sanaatana Vedic Frequency	English	kabir-clubbing	Rap & Fusion	cover-local	lyrics-ready	95	_radio_index/suno_backup/lyrics/2026-03-12_915943e4_untitled.txt
ut-e917f009c8799870	(untitled)	2	exact-normalized-lyrics	high-local-exact	915943e4-087a-4961-9b3c-e24b00c223b8	2	e569c9e8-b660-4a47-83ea-2a36219c3cbd	Sanaatana Vedic Frequency	English	sanaatana-vaigyaniq	Sanatan & Vedic	cover-local	lyrics-ready	95	_radio_index/suno_backup/lyrics/2026-03-12_e569c9e8_untitled.txt
ut-e9647e61b376a051	(untitled)	2	exact-normalized-lyrics	high-local-exact	0eb2d750-cbc8-4f32-a693-53d8d313e086	1	0eb2d750-cbc8-4f32-a693-53d8d313e086	Hip-Hop Drill Rap	English	kabir-clubbing	Rap & Fusion	cover-local	lyrics-ready	38	_radio_index/suno_backup/lyrics/2026-03-12_0eb2d750_untitled.txt
ut-e9647e61b376a051	(untitled)	2	exact-normalized-lyrics	high-local-exact	0eb2d750-cbc8-4f32-a693-53d8d313e086	2	711f7e2e-f0b6-4c14-8e99-e10c4e480b9e	Bhakti Katha Devotional	Hindi	kabir-clubbing	Bhakti & Katha	cover-local	lyrics-ready	38	_radio_index/suno_backup/lyrics/2026-03-12_711f7e2e_untitled.txt
ut-eb9b07ad04492b5d	(untitled)	2	exact-normalized-lyrics	high-local-exact	6b3651e9-9f2d-4597-a0a5-de2414135203	1	6b3651e9-9f2d-4597-a0a5-de2414135203	Folk Fusion Lok Rang	Haryanvi	ameerpur	Haryanvi Folk	cover-local	lyrics-ready	90	_radio_index/suno_backup/lyrics/2026-03-21_6b3651e9_untitled.txt
ut-eb9b07ad04492b5d	(untitled)	2	exact-normalized-lyrics	high-local-exact	6b3651e9-9f2d-4597-a0a5-de2414135203	2	1b2ec847-7d17-420f-9042-dbced94d6763	Folk Fusion Lok Rang	Haryanvi	ameerpur	Haryanvi Folk	cover-local	lyrics-ready	90	_radio_index/suno_backup/lyrics/2026-03-21_1b2ec847_untitled.txt
ut-f1a1a514f095ad59	(untitled)	2	exact-normalized-lyrics	high-local-exact	da8bd16a-76ab-4e2f-a35e-fb138515ce39	1	da8bd16a-76ab-4e2f-a35e-fb138515ce39	Dark Experimental Soundscapes	English	gurukul	Other / Misc	cover-local	lyrics-ready	31	_radio_index/suno_backup/lyrics/2026-03-14_da8bd16a_untitled.txt
ut-f1a1a514f095ad59	(untitled)	2	exact-normalized-lyrics	high-local-exact	da8bd16a-76ab-4e2f-a35e-fb138515ce39	2	a118e163-e5f4-459d-a9f4-e82bbb5d48ec	Sanaatana Vedic Frequency	Sanskrit	sanaatana-vaigyaniq	Sanatan & Vedic	cover-local	lyrics-ready	31	_radio_index/suno_backup/lyrics/2026-03-14_a118e163_untitled.txt
ut-f23ec0029a59ad50	(untitled)	2	exact-normalized-lyrics	high-local-exact	b4eb0ad2-7b9a-47a7-9dbb-243f6869fd07	1	b4eb0ad2-7b9a-47a7-9dbb-243f6869fd07	Hip-Hop Drill Rap	English	kabir-clubbing	Rap & Fusion	cover-local	lyrics-ready	18	_radio_index/suno_backup/lyrics/2026-03-19_b4eb0ad2_untitled.txt
ut-f23ec0029a59ad50	(untitled)	2	exact-normalized-lyrics	high-local-exact	b4eb0ad2-7b9a-47a7-9dbb-243f6869fd07	2	f394c2ee-40d3-4222-96f3-594a597d4370	Sanaatana Vedic Frequency	English	sanaatana-vaigyaniq	Sanatan & Vedic	cover-local	lyrics-ready	18	_radio_index/suno_backup/lyrics/2026-03-19_f394c2ee_untitled.txt
ut-f5d9b83696e9e824	(untitled)	2	exact-normalized-lyrics	high-local-exact	79df050a-9ca2-4238-8c67-f3470d7b0b0f	1	79df050a-9ca2-4238-8c67-f3470d7b0b0f	Sanaatana Vedic Frequency	English	sanaatana-vaigyaniq	Sanatan & Vedic	cover-local	lyrics-ready	38	_radio_index/suno_backup/lyrics/2026-03-31_79df050a_untitled.txt
ut-f5d9b83696e9e824	(untitled)	2	exact-normalized-lyrics	high-local-exact	79df050a-9ca2-4238-8c67-f3470d7b0b0f	2	458d70be-5ef2-4bbb-af05-f6c7536d0356	Sanaatana Vedic Frequency	Sanskrit	sanaatana-vaigyaniq	Sanatan & Vedic	cover-local	lyrics-ready	38	_radio_index/suno_backup/lyrics/2026-03-31_458d70be_untitled.txt
ut-f7c7ec1598d2e676	(untitled)	2	exact-normalized-lyrics	high-local-exact	5d4e5f42-752b-4d9c-b766-2969cd7ad903	1	5d4e5f42-752b-4d9c-b766-2969cd7ad903	Folk Fusion Lok Rang	English	gurukul	Other / Misc	cover-local	lyrics-ready	66	_radio_index/suno_backup/lyrics/2026-03-12_5d4e5f42_untitled.txt
ut-f7c7ec1598d2e676	(untitled)	2	exact-normalized-lyrics	high-local-exact	5d4e5f42-752b-4d9c-b766-2969cd7ad903	2	a93223c5-90c5-469e-aa1d-602c99611cf7	Sanaatana Vedic Frequency	English	sanaatana-vaigyaniq	Sanatan & Vedic	cover-local	lyrics-ready	66	_radio_index/suno_backup/lyrics/2026-03-12_a93223c5_untitled.txt
ut-f906751f8c9b4663	(untitled)	2	exact-normalized-lyrics	high-local-exact	9302edde-499a-40a3-b22e-3ccfadaf169c	1	9302edde-499a-40a3-b22e-3ccfadaf169c	Cinematic Cosmic Epics	English	sanaatana-vaigyaniq	Classical & Raag	cover-local	lyrics-ready	20	_radio_index/suno_backup/lyrics/2026-03-16_9302edde_untitled.txt
ut-f906751f8c9b4663	(untitled)	2	exact-normalized-lyrics	high-local-exact	9302edde-499a-40a3-b22e-3ccfadaf169c	2	2aa2ef58-c4be-4799-8641-a73b48881047	Sanaatana Vedic Frequency	Sanskrit	sanaatana-vaigyaniq	Sanatan & Vedic	cover-local	lyrics-ready	20	_radio_index/suno_backup/lyrics/2026-03-16_2aa2ef58_untitled.txt
ut-f9950ae4455bf959	(untitled)	2	exact-normalized-lyrics	high-local-exact	769d1a0a-cfa4-40ca-95d0-0f7761260847	1	769d1a0a-cfa4-40ca-95d0-0f7761260847	Hip-Hop Drill Rap	English	kabir-clubbing	Rap & Fusion	cover-local	lyrics-ready	82	_radio_index/suno_backup/lyrics/2026-03-15_769d1a0a_untitled.txt
ut-f9950ae4455bf959	(untitled)	2	exact-normalized-lyrics	high-local-exact	769d1a0a-cfa4-40ca-95d0-0f7761260847	2	a8134b33-18e5-4f3f-a044-32a2f8db1161	Bhakti Katha Devotional	Hindi	kabir-clubbing	Bhakti & Katha	cover-local	lyrics-ready	82	_radio_index/suno_backup/lyrics/2026-03-15_a8134b33_untitled.txt
ut-fa017996fa38e730	(untitled)	2	exact-normalized-lyrics	high-local-exact	1ec4ae2f-b4ab-441b-8234-f5fcca48b606	1	1ec4ae2f-b4ab-441b-8234-f5fcca48b606	Hip-Hop Drill Rap	English	kabir-clubbing	Rap & Fusion	cover-local	lyrics-ready	95	_radio_index/suno_backup/lyrics/2026-03-22_1ec4ae2f_untitled.txt
ut-fa017996fa38e730	(untitled)	2	exact-normalized-lyrics	high-local-exact	1ec4ae2f-b4ab-441b-8234-f5fcca48b606	2	7e3ba569-59f8-4cf2-aebb-45d436b941ef	Sanaatana Vedic Frequency	English	sanaatana-vaigyaniq	Sanatan & Vedic	cover-local	lyrics-ready	95	_radio_index/suno_backup/lyrics/2026-03-22_7e3ba569_untitled.txt
ut-fa6a0bdf7c914c32	(untitled)	2	exact-normalized-lyrics	high-local-exact	1c19af11-e727-40ce-ab1f-10a6cc04b68e	1	1c19af11-e727-40ce-ab1f-10a6cc04b68e	Sanaatana Vedic Frequency	English	sanaatana-vaigyaniq	Sanatan & Vedic	cover-local	lyrics-ready	26	_radio_index/suno_backup/lyrics/2026-03-31_1c19af11_untitled.txt
ut-fa6a0bdf7c914c32	(untitled)	2	exact-normalized-lyrics	high-local-exact	1c19af11-e727-40ce-ab1f-10a6cc04b68e	2	e24efd14-993f-446c-b6bc-af7aa99c96b1	Sanaatana Vedic Frequency	English	sanaatana-vaigyaniq	Sanatan & Vedic	cover-local	lyrics-ready	26	_radio_index/suno_backup/lyrics/2026-03-31_e24efd14_untitled.txt
ut-fbd08e3e1418571d	(untitled)	2	exact-normalized-lyrics	high-local-exact	7279327a-abd6-4b19-8bd9-41db02769c97	1	7279327a-abd6-4b19-8bd9-41db02769c97	Sanaatana Vedic Frequency	English	sanaatana-vaigyaniq	Sanatan & Vedic	cover-local	lyrics-ready	112	_radio_index/suno_backup/lyrics/2026-03-16_7279327a_untitled.txt
ut-fbd08e3e1418571d	(untitled)	2	exact-normalized-lyrics	high-local-exact	7279327a-abd6-4b19-8bd9-41db02769c97	2	dfe02902-7e32-4106-a738-2f3c88aabf9c	Sanaatana Vedic Frequency	Sanskrit	sanaatana-vaigyaniq	Sanatan & Vedic	cover-local	lyrics-ready	112	_radio_index/suno_backup/lyrics/2026-03-16_dfe02902_untitled.txt
ut-f23d4b21b3d2bfb4	```text	2	exact-normalized-lyrics	high-local-exact	9b8b2f04-0e8b-4270-af63-84bd21bb7574	1	9b8b2f04-0e8b-4270-af63-84bd21bb7574	Sanaatana Vedic Frequency	English	sanaatana-vaigyaniq	Sanatan & Vedic	cover-local	lyrics-ready	41	_radio_index/suno_backup/lyrics/2026-05-24_9b8b2f04_द सनातन एक्सप्रेस.txt
ut-f23d4b21b3d2bfb4	```text	2	exact-normalized-lyrics	high-local-exact	9b8b2f04-0e8b-4270-af63-84bd21bb7574	2	1f6a6bc0-d85f-4858-b13d-776e839401cf	Sanaatana Vedic Frequency	Sanskrit	sanaatana-vaigyaniq	Sanatan & Vedic	cover-local	lyrics-ready	41	_radio_index/suno_backup/lyrics/2026-05-24_1f6a6bc0_द सनातन एक्सप्रेस.txt
ut-6b28fec98071f5cf	🌌 १. सृष्टि से पहले	2	exact-normalized-lyrics	high-local-exact	933572dc-5bc2-4924-9f94-ea6aa0e873c8	1	933572dc-5bc2-4924-9f94-ea6aa0e873c8	Sanaatana Vedic Frequency	Sanskrit	sanaatana-vaigyaniq	Sanatan & Vedic	cover-local	lyrics-ready	77	_radio_index/suno_backup/lyrics/2026-03-10_933572dc_सन्दर्भ की परिभाषा.txt
ut-6b28fec98071f5cf	🌌 १. सृष्टि से पहले	2	exact-normalized-lyrics	high-local-exact	933572dc-5bc2-4924-9f94-ea6aa0e873c8	2	3aee5620-6355-4e7c-8dab-c1e12f9a32dc	Sanaatana Vedic Frequency	Hindi	sanaatana-vaigyaniq	Classical & Raag	cover-local	lyrics-ready	77	_radio_index/suno_backup/lyrics/2026-03-10_3aee5620_सन्दर्भ की परिभाषा.txt
ut-5b22f72a3bbf0236	🎵 3. सनातन वैज्ञानिक एक्सप्रेस गाना	2	exact-normalized-lyrics	high-local-exact	f6051273-d0f3-41f7-b3fe-3b657023d007	1	f6051273-d0f3-41f7-b3fe-3b657023d007	Sanaatana Vedic Frequency	Sanskrit	sanaatana-vaigyaniq	Sanatan & Vedic	cover-local	lyrics-ready	38	_radio_index/suno_backup/lyrics/2026-05-22_f6051273_पिंगल-बाइनरी ट्राम.txt
ut-5b22f72a3bbf0236	🎵 3. सनातन वैज्ञानिक एक्सप्रेस गाना	2	exact-normalized-lyrics	high-local-exact	f6051273-d0f3-41f7-b3fe-3b657023d007	2	ccd4fdeb-6879-4797-ae1f-f37fe6330b64	Bhakti Katha Devotional	Hindi	kabir-clubbing	Bhakti & Katha	cover-local	lyrics-ready	38	_radio_index/suno_backup/lyrics/2026-05-22_ccd4fdeb_पिंगल-बाइनरी ट्राम.txt
ut-841dc2e8e0190376	🎵 ka kaa rahasya niraalaa	2	exact-normalized-lyrics	high-local-exact	58a470f5-a299-4fb9-b539-f879df9db3c0	1	58a470f5-a299-4fb9-b539-f879df9db3c0	Sanaatana Vedic Frequency	English	sanaatana-vaigyaniq	Sanatan & Vedic	cover-local	lyrics-ready	99	_radio_index/suno_backup/lyrics/2026-05-24_58a470f5_कागद काली कलम.txt
ut-841dc2e8e0190376	🎵 ka kaa rahasya niraalaa	2	exact-normalized-lyrics	high-local-exact	58a470f5-a299-4fb9-b539-f879df9db3c0	2	8aee516c-0320-41bb-9f30-695a8a3b34df	Album Unassigned	Hindi	gurukul	Other / Misc	cover-local	lyrics-ready	99	_radio_index/suno_backup/lyrics/2026-05-24_8aee516c_कागद काली कलम.txt
ut-f13b2d58f78ff361	🎵 क का रहस्य निराला	2	exact-normalized-lyrics	high-local-exact	d85bffd9-6420-4844-bef4-34a1ed0cfffd	1	d85bffd9-6420-4844-bef4-34a1ed0cfffd	Sanaatana Vedic Frequency	Sanskrit	sanaatana-vaigyaniq	Sanatan & Vedic	cover-local	lyrics-ready	83	_radio_index/suno_backup/lyrics/2026-05-24_d85bffd9_काली कलम.txt
ut-f13b2d58f78ff361	🎵 क का रहस्य निराला	2	exact-normalized-lyrics	high-local-exact	d85bffd9-6420-4844-bef4-34a1ed0cfffd	2	2cba3a04-39a7-4cb7-8c74-33800f3a25d7	Neural AI Radio Lab	Hindi	kabir-clubbing	Naagin & Mystic	cover-local	lyrics-ready	83	_radio_index/suno_backup/lyrics/2026-05-24_2cba3a04_काली कलम.txt
ut-fef45732b73a03b6	🎵 नया गीत – "पंडित होने की कोशिश	2	exact-normalized-lyrics	high-local-exact	4755eedc-6653-4f47-a62c-4c49b907cf1d	1	4755eedc-6653-4f47-a62c-4c49b907cf1d	Sanaatana Vedic Frequency	Sanskrit	sanaatana-vaigyaniq	Sanatan & Vedic	cover-local	lyrics-ready	30	_radio_index/suno_backup/lyrics/2026-04-21_4755eedc_पंडित होने की कोशिश.txt
ut-fef45732b73a03b6	🎵 नया गीत – "पंडित होने की कोशिश	2	exact-normalized-lyrics	high-local-exact	4755eedc-6653-4f47-a62c-4c49b907cf1d	2	5b648092-0e75-4f22-95e2-5ee3f1cfe456	Album Unassigned	Hindi	gurukul	Other / Misc	cover-local	lyrics-ready	30	_radio_index/suno_backup/lyrics/2026-04-21_5b648092_पंडित होने की कोशिश.txt
ut-05dcc9c2faff849b	१०० साल टोरी	2	exact-normalized-lyrics	high-local-exact	950bf07f-98a2-4abb-ab2d-2cae95ac004e	1	950bf07f-98a2-4abb-ab2d-2cae95ac004e	Hip-Hop Drill Rap	Hindi	kabir-clubbing	Rap & Fusion	cover-local	lyrics-ready	29	_radio_index/suno_backup/lyrics/2026-04-16_950bf07f_१०० साल टोरी.txt
ut-05dcc9c2faff849b	१०० साल टोरी	2	exact-normalized-lyrics	high-local-exact	950bf07f-98a2-4abb-ab2d-2cae95ac004e	2	340e22ab-5a0e-4a4e-9138-9bece1f77dd1	Folk Fusion Lok Rang	Haryanvi	ameerpur	Haryanvi Folk	cover-local	lyrics-ready	29	_radio_index/suno_backup/lyrics/2026-04-16_340e22ab_१०० साल टोरी.txt
ut-663aa0385f927bdf	३३-डिजिट नियॉन	2	exact-normalized-lyrics	high-local-exact	0691bbaf-1f16-453a-9c00-0eecd71d1e14	1	0691bbaf-1f16-453a-9c00-0eecd71d1e14	Sanaatana Vedic Frequency	Sanskrit	sanaatana-vaigyaniq	Sanatan & Vedic	cover-local	lyrics-ready	29	_radio_index/suno_backup/lyrics/2026-05-24_0691bbaf_३३-डिजिट नियॉन.txt
ut-663aa0385f927bdf	३३-डिजिट नियॉन	2	exact-normalized-lyrics	high-local-exact	0691bbaf-1f16-453a-9c00-0eecd71d1e14	2	ada89c81-d8fa-4ec0-9938-d9435397b7cd	Sanaatana Vedic Frequency	Sanskrit	sanaatana-vaigyaniq	Sanatan & Vedic	cover-local	lyrics-ready	29	_radio_index/suno_backup/lyrics/2026-05-24_ada89c81_३३-डिजिट नियॉन.txt
ut-4cf6ccb1b02f0fac	abdul	2	exact-normalized-lyrics	high-local-exact	7d670bc0-8519-486b-a33c-0bc00f021318	1	7d670bc0-8519-486b-a33c-0bc00f021318	Hip-Hop Drill Rap	English	kabir-clubbing	Rap & Fusion	cover-local	lyrics-ready	16	_radio_index/suno_backup/lyrics/2026-03-10_7d670bc0_abdul.txt
ut-4cf6ccb1b02f0fac	abdul	2	exact-normalized-lyrics	high-local-exact	7d670bc0-8519-486b-a33c-0bc00f021318	2	03cd6e42-1ff0-486e-a597-17b4f5bf7db8	Hip-Hop Drill Rap	Hindi	kabir-clubbing	Rap & Fusion	cover-local	lyrics-ready	16	_radio_index/suno_backup/lyrics/2026-03-10_03cd6e42_abdul.txt
ut-e8ee90f191b6b988	Animatrix Bootloop	2	exact-normalized-lyrics	high-local-exact	302d74f4-c980-41ab-9517-7315d88c6f17	1	302d74f4-c980-41ab-9517-7315d88c6f17	Hip-Hop Drill Rap	English	gurukul	Other / Misc	cover-local	lyrics-ready	65	_radio_index/suno_backup/lyrics/2026-04-21_302d74f4_Animatrix Bootloop.txt
ut-e8ee90f191b6b988	Animatrix Bootloop	2	exact-normalized-lyrics	high-local-exact	302d74f4-c980-41ab-9517-7315d88c6f17	2	fe9e7ab6-a016-4774-9a1e-43f4e2598a18	Hip-Hop Drill Rap	Hindi	kabir-clubbing	Rap & Fusion	cover-local	lyrics-ready	65	_radio_index/suno_backup/lyrics/2026-04-21_fe9e7ab6_Animatrix Bootloop.txt
ut-5d5bbcef1a44c3d1	Ank se jab hui shuruaat	2	exact-normalized-lyrics	high-local-exact	a2f08a86-a136-4082-9a2c-eef50737cff7	1	a2f08a86-a136-4082-9a2c-eef50737cff7	Folk Fusion Lok Rang	Haryanvi	ameerpur	Haryanvi Folk	cover-local	lyrics-ready	24	_radio_index/suno_backup/lyrics/2026-04-14_a2f08a86_Lot 001 Tanpura Snap.txt
ut-5d5bbcef1a44c3d1	Ank se jab hui shuruaat	2	exact-normalized-lyrics	high-local-exact	a2f08a86-a136-4082-9a2c-eef50737cff7	2	1b4b29a3-0bc4-40d8-a882-8dec76cfbcac	Hip-Hop Drill Rap	English	kabir-clubbing	Rap & Fusion	cover-local	lyrics-ready	24	_radio_index/suno_backup/lyrics/2026-04-14_1b4b29a3_Lot 001 Tanpura Snap.txt
ut-8387215c88ab9352	Baabaa bole – mat ro re deewaane	2	exact-normalized-lyrics	high-local-exact	1d7debbc-1158-44de-a83a-eb493f33f9e5	1	1d7debbc-1158-44de-a83a-eb493f33f9e5	Album Unassigned	English	gurukul	Other / Misc	cover-local	lyrics-ready	16	_radio_index/suno_backup/lyrics/2026-04-11_1d7debbc_Toota Ghada.txt
ut-8387215c88ab9352	Baabaa bole – mat ro re deewaane	2	exact-normalized-lyrics	high-local-exact	1d7debbc-1158-44de-a83a-eb493f33f9e5	2	a13887b3-fd6f-4171-a02c-199d56c390fa	Folk Fusion Lok Rang	English	sanaatana-vaigyaniq	Classical & Raag	cover-local	lyrics-ready	16	_radio_index/suno_backup/lyrics/2026-04-11_a13887b3_Toota Ghada.txt
ut-bb4732e10626dc4a	Baabaa bole – mat ro re deewaane	2	exact-normalized-lyrics	high-local-exact	62dda9f3-677d-48e5-bce1-b5243ae2f1e0	1	62dda9f3-677d-48e5-bce1-b5243ae2f1e0	Folk Fusion Lok Rang	Haryanvi	ameerpur	Haryanvi Folk	cover-local	lyrics-ready	41	_radio_index/suno_backup/lyrics/2026-04-11_62dda9f3_Ek Ghade.txt
ut-bb4732e10626dc4a	Baabaa bole – mat ro re deewaane	2	exact-normalized-lyrics	high-local-exact	62dda9f3-677d-48e5-bce1-b5243ae2f1e0	2	bdf3c9a0-9989-4f8e-bca8-bb66f06bc9d7	Bhakti Katha Devotional	English	gurukul	Other / Misc	cover-local	lyrics-ready	41	_radio_index/suno_backup/lyrics/2026-04-11_bdf3c9a0_Ek Ghade.txt
ut-a764b841d7cb5dab	bhagat ki maa	2	exact-normalized-lyrics	high-local-exact	9255b006-4615-4e25-8de3-371066006607	1	9255b006-4615-4e25-8de3-371066006607	Classical Raga Darbar	English	sanaatana-vaigyaniq	Classical & Raag	cover-local	lyrics-ready	30	_radio_index/suno_backup/lyrics/2026-03-10_9255b006_bhagat ki maa.txt
ut-a764b841d7cb5dab	bhagat ki maa	2	exact-normalized-lyrics	high-local-exact	9255b006-4615-4e25-8de3-371066006607	2	6815cf49-e461-4ae3-a61f-755b3568de88	Bhakti Katha Devotional	Hindi	kabir-clubbing	Bhakti & Katha	cover-local	lyrics-ready	30	_radio_index/suno_backup/lyrics/2026-03-10_6815cf49_bhagat ki maa.txt
ut-5c5c111cae5ddc8f	Chaska Laska	2	exact-normalized-lyrics	high-local-exact	216ca16d-22ff-4a35-959c-89ff65126a95	1	216ca16d-22ff-4a35-959c-89ff65126a95	Hip-Hop Drill Rap	English	kabir-clubbing	Rap & Fusion	cover-local	lyrics-ready	60	_radio_index/suno_backup/lyrics/2026-05-06_216ca16d_Chaska Laska.txt
ut-5c5c111cae5ddc8f	Chaska Laska	2	exact-normalized-lyrics	high-local-exact	216ca16d-22ff-4a35-959c-89ff65126a95	2	b564bd23-5730-4718-b0f9-e2fb7eba934f	Folk Fusion Lok Rang	Haryanvi	ameerpur	Haryanvi Folk	cover-local	lyrics-ready	60	_radio_index/suno_backup/lyrics/2026-05-06_b564bd23_Chaska Laska.txt
ut-29c6ea71887ee6cc	Chhat-Chhat Sanaatana	2	exact-normalized-lyrics	high-local-exact	7333a108-d5a5-4cf4-9e36-6ce6aec10997	1	7333a108-d5a5-4cf4-9e36-6ce6aec10997	Sanaatana Vedic Frequency	English	gurukul	Other / Misc	cover-local	lyrics-ready	14	_radio_index/suno_backup/lyrics/2026-05-24_7333a108_Chhat-Chhat Sanaatana.txt
ut-29c6ea71887ee6cc	Chhat-Chhat Sanaatana	2	exact-normalized-lyrics	high-local-exact	7333a108-d5a5-4cf4-9e36-6ce6aec10997	2	1fe3b620-3a18-4632-b128-12c1b2245f47	Sanaatana Vedic Frequency	English	sanaatana-vaigyaniq	Sanatan & Vedic	cover-local	lyrics-ready	14	_radio_index/suno_backup/lyrics/2026-05-24_1fe3b620_Chhat-Chhat Sanaatana.txt
ut-1fff5551c73ee825	chhor de	2	exact-normalized-lyrics	high-local-exact	48d4c16c-f0af-4e47-8834-ce416cc8312e	1	48d4c16c-f0af-4e47-8834-ce416cc8312e	Folk Fusion Lok Rang	English	sanaatana-vaigyaniq	Classical & Raag	cover-local	lyrics-ready	27	_radio_index/suno_backup/lyrics/2026-03-20_48d4c16c_chhor de.txt
ut-1fff5551c73ee825	chhor de	2	exact-normalized-lyrics	high-local-exact	48d4c16c-f0af-4e47-8834-ce416cc8312e	2	5b1a2a19-1787-49a9-b01a-795121534e08	Bhakti Katha Devotional	English	kabir-clubbing	Bhakti & Katha	cover-local	lyrics-ready	27	_radio_index/suno_backup/lyrics/2026-03-20_5b1a2a19_chhor de.txt
ut-7151d27e24937869	chhor de	2	exact-normalized-lyrics	high-local-exact	e7134e4e-a3b4-4eb2-830d-e9a1e0791ca4	1	e7134e4e-a3b4-4eb2-830d-e9a1e0791ca4	Folk Fusion Lok Rang	English	sanaatana-vaigyaniq	Classical & Raag	cover-local	lyrics-ready	42	_radio_index/suno_backup/lyrics/2026-03-20_e7134e4e_chhor de.txt
ut-7151d27e24937869	chhor de	2	exact-normalized-lyrics	high-local-exact	e7134e4e-a3b4-4eb2-830d-e9a1e0791ca4	2	a33956a5-2081-468d-b0aa-1507b51cf541	Bhakti Katha Devotional	Hindi	kabir-clubbing	Bhakti & Katha	cover-local	lyrics-ready	42	_radio_index/suno_backup/lyrics/2026-03-20_a33956a5_chhor de.txt
ut-ac207d84a6dac820	chhor de	2	exact-normalized-lyrics	high-local-exact	26ae8b47-2aa1-4fc3-9a27-bfc906169f67	1	26ae8b47-2aa1-4fc3-9a27-bfc906169f67	Folk Fusion Lok Rang	English	sanaatana-vaigyaniq	Classical & Raag	cover-local	lyrics-ready	26	_radio_index/suno_backup/lyrics/2026-03-20_26ae8b47_chhor de.txt
ut-ac207d84a6dac820	chhor de	2	exact-normalized-lyrics	high-local-exact	26ae8b47-2aa1-4fc3-9a27-bfc906169f67	2	971b76d4-9982-4b49-9419-b8e39097a769	Bhakti Katha Devotional	Hindi	kabir-clubbing	Bhakti & Katha	cover-local	lyrics-ready	26	_radio_index/suno_backup/lyrics/2026-03-20_971b76d4_chhor de.txt
ut-6f8453cb827a2e78	Chirag-Hawa Saza	2	exact-normalized-lyrics	high-local-exact	2571d6ce-4581-46f0-979a-ad146a326d31	1	2571d6ce-4581-46f0-979a-ad146a326d31	Kabir Sufi Qawwali	English	gurukul	Other / Misc	cover-local	lyrics-ready	78	_radio_index/suno_backup/lyrics/2026-04-15_2571d6ce_Chirag-Hawa Saza.txt
ut-6f8453cb827a2e78	Chirag-Hawa Saza	2	exact-normalized-lyrics	high-local-exact	2571d6ce-4581-46f0-979a-ad146a326d31	2	1ce73d27-b360-4dfa-8533-a54c5e1743b0	Bhakti Katha Devotional	Hindi	kabir-clubbing	Bhakti & Katha	cover-local	lyrics-ready	78	_radio_index/suno_backup/lyrics/2026-04-15_1ce73d27_Chirag-Hawa Saza.txt
ut-4cb3b70be44a5c02	Dada Tak	2	exact-normalized-lyrics	high-local-exact	8c4f4c73-6541-40f0-bead-2812bbb715e4	1	8c4f4c73-6541-40f0-bead-2812bbb715e4	Album Unassigned	English	gurukul	Other / Misc	cover-null	lyrics-ready	24	_radio_index/suno_backup/lyrics/2026-04-08_8c4f4c73_Dada Tak.txt
ut-4cb3b70be44a5c02	Dada Tak	2	exact-normalized-lyrics	high-local-exact	8c4f4c73-6541-40f0-bead-2812bbb715e4	2	515aac2c-c52d-4c0d-baa0-080f2902d9d3	Neural AI Radio Lab	English	gurukul	Other / Misc	cover-null	lyrics-ready	24	_radio_index/suno_backup/lyrics/2026-04-08_515aac2c_Dada Tak.txt
ut-634433e25deaaf65	Data corrupted	2	exact-normalized-lyrics	high-local-exact	5fc46f1d-1412-45b1-876d-64343d2f90e6	1	5fc46f1d-1412-45b1-876d-64343d2f90e6	Sanaatana Vedic Frequency	English	sanaatana-vaigyaniq	Sanatan & Vedic	cover-local	lyrics-ready	5	_radio_index/suno_backup/lyrics/2026-04-06_5fc46f1d_Om Shanti Digita.txt
ut-634433e25deaaf65	Data corrupted	2	exact-normalized-lyrics	high-local-exact	5fc46f1d-1412-45b1-876d-64343d2f90e6	2	3b0a1cea-2d31-4c18-97af-6bf498f3ca3c	Album Unassigned	English	gurukul	Other / Misc	cover-local	lyrics-ready	5	_radio_index/suno_backup/lyrics/2026-04-06_3b0a1cea_Om Shanti Digita.txt
ut-0ff54f32e4bc8f2b	Degrees? Those are for the students	2	exact-normalized-lyrics	high-local-exact	0d363331-c315-4e90-8f78-300af99db0c0	1	0d363331-c315-4e90-8f78-300af99db0c0	Hip-Hop Drill Rap	English	kabir-clubbing	Rap & Fusion	cover-local	lyrics-ready	37	_radio_index/suno_backup/lyrics/2026-04-17_0d363331_P.H.K.D. Shatter.txt
ut-0ff54f32e4bc8f2b	Degrees? Those are for the students	2	exact-normalized-lyrics	high-local-exact	0d363331-c315-4e90-8f78-300af99db0c0	2	80022ecf-60fd-434c-9110-3782fd30a128	Hip-Hop Drill Rap	English	gurukul	Other / Misc	cover-local	lyrics-ready	37	_radio_index/suno_backup/lyrics/2026-04-17_80022ecf_P.H.K.D. Shatter.txt
ut-de7be7b95ea659ae	Din Mein Sarpanch	2	exact-normalized-lyrics	high-local-exact	c8598710-c924-4b3c-8e32-0a1fded87efb	1	c8598710-c924-4b3c-8e32-0a1fded87efb	Hip-Hop Drill Rap	English	kabir-clubbing	Rap & Fusion	cover-local	lyrics-ready	8	_radio_index/suno_backup/lyrics/2026-04-28_c8598710_Din Mein Sarpanch.txt
ut-de7be7b95ea659ae	Din Mein Sarpanch	2	exact-normalized-lyrics	high-local-exact	c8598710-c924-4b3c-8e32-0a1fded87efb	2	45ebedf4-7d51-4716-a12b-764243daad4a	Bhakti Katha Devotional	English	kabir-clubbing	Bhakti & Katha	cover-local	lyrics-ready	8	_radio_index/suno_backup/lyrics/2026-04-28_45ebedf4_Din Mein Sarpanch.txt
ut-ba9a396382add19f	Distorted Sarangi Wobble	2	exact-normalized-lyrics	high-local-exact	60bb8f17-03b5-4159-ab31-2927d80a2629	1	60bb8f17-03b5-4159-ab31-2927d80a2629	Hip-Hop Drill Rap	English	kabir-clubbing	Rap & Fusion	cover-local	lyrics-ready	48	_radio_index/suno_backup/lyrics/2026-05-19_60bb8f17_Distorted Sarangi Wobble.txt
ut-ba9a396382add19f	Distorted Sarangi Wobble	2	exact-normalized-lyrics	high-local-exact	60bb8f17-03b5-4159-ab31-2927d80a2629	2	4f82c591-30f7-4369-8544-9c90f7b11d0d	Hip-Hop Drill Rap	Hindi	kabir-clubbing	Rap & Fusion	cover-local	lyrics-ready	48	_radio_index/suno_backup/lyrics/2026-05-19_4f82c591_Distorted Sarangi Wobble.txt
ut-c865a4b736760867	Duduk Cello Oath	2	exact-normalized-lyrics	high-local-exact	1b6225a2-fb64-49aa-94db-802efe864623	1	1b6225a2-fb64-49aa-94db-802efe864623	Hip-Hop Drill Rap	English	kabir-clubbing	Rap & Fusion	cover-local	lyrics-ready	25	_radio_index/suno_backup/lyrics/2026-04-21_1b6225a2_Duduk Cello Oath.txt
ut-c865a4b736760867	Duduk Cello Oath	2	exact-normalized-lyrics	high-local-exact	1b6225a2-fb64-49aa-94db-802efe864623	2	a4a5bc5a-d81d-4f39-9713-104d788188ad	Album Unassigned	Hindi	gurukul	Other / Misc	cover-local	lyrics-ready	25	_radio_index/suno_backup/lyrics/2026-04-21_a4a5bc5a_Duduk Cello Oath.txt
ut-c8a114d99895d1a6	Earth Station Static	2	exact-normalized-lyrics	high-local-exact	2020dea5-b656-40ad-afab-e188b5b87eb4	1	2020dea5-b656-40ad-afab-e188b5b87eb4	Hip-Hop Drill Rap	English	kabir-clubbing	Rap & Fusion	cover-local	lyrics-ready	25	_radio_index/suno_backup/lyrics/2026-04-21_2020dea5_Earth Station Static.txt
ut-c8a114d99895d1a6	Earth Station Static	2	exact-normalized-lyrics	high-local-exact	2020dea5-b656-40ad-afab-e188b5b87eb4	2	0d8bd230-e8fb-40c1-bd65-a1d4ba490f2a	Hip-Hop Drill Rap	Hindi	kabir-clubbing	Rap & Fusion	cover-local	lyrics-ready	25	_radio_index/suno_backup/lyrics/2026-04-21_0d8bd230_Earth Station Static.txt
ut-2bfe670d7c15b12b	Ek chilam... ek baabaa... do ghade ka khel... Ek	2	exact-normalized-lyrics	high-local-exact	44df1c96-0eb7-4f53-bbe5-8eec51102318	1	44df1c96-0eb7-4f53-bbe5-8eec51102318	Sanaatana Vedic Frequency	English	sanaatana-vaigyaniq	Sanatan & Vedic	cover-local	lyrics-ready	47	_radio_index/suno_backup/lyrics/2026-04-11_44df1c96_Toota Ghadaa Gaaye.txt
ut-2bfe670d7c15b12b	Ek chilam... ek baabaa... do ghade ka khel... Ek	2	exact-normalized-lyrics	high-local-exact	44df1c96-0eb7-4f53-bbe5-8eec51102318	2	b6c9f3e8-e3b5-4dc5-84ea-bea07bfc4631	Kabir Sufi Qawwali	English	sanaatana-vaigyaniq	Classical & Raag	cover-local	lyrics-ready	47	_radio_index/suno_backup/lyrics/2026-04-11_b6c9f3e8_Toota Ghadaa Gaaye.txt
ut-6caf07a87a43149f	ekla chalo re... nahi	2	exact-normalized-lyrics	high-local-exact	c086c759-c522-42a2-9718-bf85eb3d3dc7	1	c086c759-c522-42a2-9718-bf85eb3d3dc7	Sanaatana Vedic Frequency	English	sanaatana-vaigyaniq	Sanatan & Vedic	cover-local	lyrics-ready	131	_radio_index/suno_backup/lyrics/2026-05-24_c086c759_Ka Kau Question.txt
ut-6caf07a87a43149f	ekla chalo re... nahi	2	exact-normalized-lyrics	high-local-exact	c086c759-c522-42a2-9718-bf85eb3d3dc7	2	3c08a390-57b0-4deb-b710-ffd81cd63cec	Neural AI Radio Lab	English	kabir-clubbing	Naagin & Mystic	cover-local	lyrics-ready	131	_radio_index/suno_backup/lyrics/2026-05-24_3c08a390_Ka Kau Question.txt
ut-b64ac4f5f77fab09	Eyes closed	2	exact-normalized-lyrics	high-local-exact	261bc9a5-7397-48d4-8adb-d5ddf5d4b2c5	1	261bc9a5-7397-48d4-8adb-d5ddf5d4b2c5	Bhakti Katha Devotional	English	kabir-clubbing	Bhakti & Katha	cover-local	lyrics-ready	10	_radio_index/suno_backup/lyrics/2026-04-17_261bc9a5_Sahair Real Deal.txt
ut-b64ac4f5f77fab09	Eyes closed	2	exact-normalized-lyrics	high-local-exact	261bc9a5-7397-48d4-8adb-d5ddf5d4b2c5	2	e512512c-6e61-42ce-8ccc-8fd96d37f200	Hip-Hop Drill Rap	English	gurukul	Other / Misc	cover-local	lyrics-ready	10	_radio_index/suno_backup/lyrics/2026-04-17_e512512c_Sahair Real Deal.txt
ut-33b785fca81e8931	First Comes the Word	2	exact-normalized-lyrics	high-local-exact	b13478af-dabb-41ff-be99-296ed703b6f7	1	b13478af-dabb-41ff-be99-296ed703b6f7	Cinematic Cosmic Epics	English	gurukul	Other / Misc	cover-local	lyrics-ready	74	_radio_index/suno_backup/lyrics/2026-03-11_b13478af_First Comes the Word.txt
ut-33b785fca81e8931	First Comes the Word	2	exact-normalized-lyrics	high-local-exact	b13478af-dabb-41ff-be99-296ed703b6f7	2	596518d8-aaa8-4de7-b73b-3b3c96b44600	Love Virah Ghazal	Hindi	ameerpur	Love & Virah	cover-local	lyrics-ready	74	_radio_index/suno_backup/lyrics/2026-03-11_596518d8_First Comes the Word.txt
ut-44768c669019bc1e	First Comes the Word	2	exact-normalized-lyrics	high-local-exact	f15c8e9b-271a-4e48-8fd3-77cedf717209	1	f15c8e9b-271a-4e48-8fd3-77cedf717209	Sanaatana Vedic Frequency	English	sanaatana-vaigyaniq	Sanatan & Vedic	cover-local	lyrics-ready	12	_radio_index/suno_backup/lyrics/2026-03-11_f15c8e9b_First Comes the Word.txt
ut-44768c669019bc1e	First Comes the Word	2	exact-normalized-lyrics	high-local-exact	f15c8e9b-271a-4e48-8fd3-77cedf717209	2	0ef3d205-739a-4b55-991e-f733b6ea9a29	Sanaatana Vedic Frequency	Sanskrit	sanaatana-vaigyaniq	Sanatan & Vedic	cover-local	lyrics-ready	12	_radio_index/suno_backup/lyrics/2026-03-11_0ef3d205_First Comes the Word.txt
ut-194b25154990dc49	gangaur aayi re aayi re aayi re	2	exact-normalized-lyrics	high-local-exact	75687504-db82-463a-96f8-62dd4c6ad2b1	1	75687504-db82-463a-96f8-62dd4c6ad2b1	Bhakti Katha Devotional	English	kabir-clubbing	Bhakti & Katha	cover-local	lyrics-ready	21	_radio_index/suno_backup/lyrics/2026-03-21_75687504_neural jogi.txt
ut-194b25154990dc49	gangaur aayi re aayi re aayi re	2	exact-normalized-lyrics	high-local-exact	75687504-db82-463a-96f8-62dd4c6ad2b1	2	9d65a1fd-2546-4c3c-817e-49c52a5ebb0b	Folk Fusion Lok Rang	English	gurukul	Other / Misc	cover-local	lyrics-ready	21	_radio_index/suno_backup/lyrics/2026-03-21_9d65a1fd_neural jogi.txt
ut-577504d409c987c9	Iltija Jor-Aazmaish	2	exact-normalized-lyrics	high-local-exact	781c9290-2241-4ea8-8ca4-c206d5ee558a	1	781c9290-2241-4ea8-8ca4-c206d5ee558a	Hip-Hop Drill Rap	English	kabir-clubbing	Rap & Fusion	cover-local	lyrics-ready	41	_radio_index/suno_backup/lyrics/2026-04-15_781c9290_Iltija Jor-Aazmaish.txt
ut-577504d409c987c9	Iltija Jor-Aazmaish	2	exact-normalized-lyrics	high-local-exact	781c9290-2241-4ea8-8ca4-c206d5ee558a	2	f4a8a880-7287-459d-8490-d48a3278d365	Sanaatana Vedic Frequency	English	sanaatana-vaigyaniq	Sanatan & Vedic	cover-local	lyrics-ready	41	_radio_index/suno_backup/lyrics/2026-04-15_f4a8a880_Iltija Jor-Aazmaish.txt
ut-0d9de14fb38ebe20	ka kau ke	2	exact-normalized-lyrics	high-local-exact	f090d601-40e5-4874-b303-4bc84220564c	1	f090d601-40e5-4874-b303-4bc84220564c	Sanaatana Vedic Frequency	English	sanaatana-vaigyaniq	Sanatan & Vedic	cover-local	lyrics-ready	51	_radio_index/suno_backup/lyrics/2026-05-24_f090d601_Kaa Rahasya.txt
ut-0d9de14fb38ebe20	ka kau ke	2	exact-normalized-lyrics	high-local-exact	f090d601-40e5-4874-b303-4bc84220564c	2	dec1c74f-f3ae-4b2b-b293-27081aef1c5e	Album Unassigned	English	gurukul	Other / Misc	cover-local	lyrics-ready	51	_radio_index/suno_backup/lyrics/2026-05-24_dec1c74f_Kaa Rahasya.txt
ut-c514537045988a18	Kabir Pillar Collapse	2	exact-normalized-lyrics	high-local-exact	4f57a0d7-1f5e-47fe-a249-405c77fc2ddf	1	4f57a0d7-1f5e-47fe-a249-405c77fc2ddf	Hip-Hop Drill Rap	English	kabir-clubbing	Bhakti & Katha	cover-local	lyrics-ready	27	_radio_index/suno_backup/lyrics/2026-04-17_4f57a0d7_Kabir Pillar Collapse.txt
ut-c514537045988a18	Kabir Pillar Collapse	2	exact-normalized-lyrics	high-local-exact	4f57a0d7-1f5e-47fe-a249-405c77fc2ddf	2	55944a75-e58c-47d0-b0fd-0053dcf655e5	Bhakti Katha Devotional	Hindi	kabir-clubbing	Bhakti & Katha	cover-local	lyrics-ready	27	_radio_index/suno_backup/lyrics/2026-04-17_55944a75_Kabir Pillar Collapse.txt
ut-0cc0056fa2d46dcf	Kabira na ro	2	exact-normalized-lyrics	high-local-exact	2e0e6ce6-2cc7-486b-a473-7cb8e45e78e8	1	2e0e6ce6-2cc7-486b-a473-7cb8e45e78e8	Bhakti Katha Devotional	English	kabir-clubbing	Bhakti & Katha	cover-local	lyrics-ready	20	_radio_index/suno_backup/lyrics/2026-04-19_2e0e6ce6_Paisa Sanak.txt
ut-0cc0056fa2d46dcf	Kabira na ro	2	exact-normalized-lyrics	high-local-exact	2e0e6ce6-2cc7-486b-a473-7cb8e45e78e8	2	531d0f3b-bd07-4bf6-8d1d-242097d6a447	Hip-Hop Drill Rap	English	kabir-clubbing	Rap & Fusion	cover-local	lyrics-ready	20	_radio_index/suno_backup/lyrics/2026-04-19_531d0f3b_Paisa Sanak.txt
ut-e4bf5698b0efd4c1	Kabira Sanak	2	exact-normalized-lyrics	high-local-exact	a908fdd1-014a-4f0a-8f1d-eb3e613a3396	1	a908fdd1-014a-4f0a-8f1d-eb3e613a3396	Folk Fusion Lok Rang	English	kabir-clubbing	Bhakti & Katha	cover-local	lyrics-ready	63	_radio_index/suno_backup/lyrics/2026-04-19_a908fdd1_Kabira Sanak.txt
ut-e4bf5698b0efd4c1	Kabira Sanak	2	exact-normalized-lyrics	high-local-exact	a908fdd1-014a-4f0a-8f1d-eb3e613a3396	2	3018222c-053b-4835-ac77-5369dfc07619	Bhakti Katha Devotional	Hindi	kabir-clubbing	Bhakti & Katha	cover-local	lyrics-ready	63	_radio_index/suno_backup/lyrics/2026-04-19_3018222c_Kabira Sanak.txt
ut-c84de69172bb813a	Kash Bachpan Phir	2	exact-normalized-lyrics	high-local-exact	684a2e17-9992-459b-970a-279f3f506e59	1	684a2e17-9992-459b-970a-279f3f506e59	Folk Fusion Lok Rang	English	gurukul	Other / Misc	cover-local	lyrics-ready	31	_radio_index/suno_backup/lyrics/2026-05-24_684a2e17_Kash Bachpan Phir.txt
ut-c84de69172bb813a	Kash Bachpan Phir	2	exact-normalized-lyrics	high-local-exact	684a2e17-9992-459b-970a-279f3f506e59	2	ce81e083-36e5-4e52-9024-06159cb42409	Bhakti Katha Devotional	Hindi	kabir-clubbing	Bhakti & Katha	cover-local	lyrics-ready	31	_radio_index/suno_backup/lyrics/2026-05-24_ce81e083_Kash Bachpan Phir.txt
ut-5d98c4555b317f97	Khaki Naata	2	exact-normalized-lyrics	high-local-exact	e34d5702-04b2-4e44-8ee0-ba8fa513b3f9	1	e34d5702-04b2-4e44-8ee0-ba8fa513b3f9	Kabir Sufi Qawwali	English	gurukul	Other / Misc	cover-local	lyrics-ready	78	_radio_index/suno_backup/lyrics/2026-04-15_e34d5702_Khaki Naata.txt
ut-5d98c4555b317f97	Khaki Naata	2	exact-normalized-lyrics	high-local-exact	e34d5702-04b2-4e44-8ee0-ba8fa513b3f9	2	dc660165-69b6-427e-bf5d-63ad71c4fe72	Bhakti Katha Devotional	Hindi	kabir-clubbing	Bhakti & Katha	cover-local	lyrics-ready	78	_radio_index/suno_backup/lyrics/2026-04-15_dc660165_Khaki Naata.txt
ut-a2b4ec0f389e35cb	Khaksar Diya	2	exact-normalized-lyrics	high-local-exact	6cd28c91-198a-4d8b-bad2-26ebd34288a2	1	6cd28c91-198a-4d8b-bad2-26ebd34288a2	Kabir Sufi Qawwali	English	gurukul	Other / Misc	cover-local	lyrics-ready	136	_radio_index/suno_backup/lyrics/2026-04-15_6cd28c91_Khaksar Diya.txt
ut-a2b4ec0f389e35cb	Khaksar Diya	2	exact-normalized-lyrics	high-local-exact	6cd28c91-198a-4d8b-bad2-26ebd34288a2	2	b85e41bd-e69a-481f-b12a-88bbf8b8902b	Bhakti Katha Devotional	English	kabir-clubbing	Bhakti & Katha	cover-local	lyrics-ready	136	_radio_index/suno_backup/lyrics/2026-04-15_b85e41bd_Khaksar Diya.txt
ut-24ac8e8f8571002a	kudru ki beti naagin	2	exact-normalized-lyrics	high-local-exact	4d9a720f-aeeb-408e-b64a-c666f1db644a	1	4d9a720f-aeeb-408e-b64a-c666f1db644a	Naagin Mystic Aghor	English	kabir-clubbing	Naagin & Mystic	cover-local	lyrics-ready	45	_radio_index/suno_backup/lyrics/2026-03-16_4d9a720f_kudru ki beti naagin.txt
ut-24ac8e8f8571002a	kudru ki beti naagin	2	exact-normalized-lyrics	high-local-exact	4d9a720f-aeeb-408e-b64a-c666f1db644a	2	97570150-635e-406d-b142-62c45c19be2d	Naagin Mystic Aghor	Hindi	kabir-clubbing	Naagin & Mystic	cover-local	lyrics-ready	45	_radio_index/suno_backup/lyrics/2026-03-16_97570150_kudru ki beti naagin.txt
ut-2e655451e47a6d0f	kudru ki beti naagin	2	exact-normalized-lyrics	high-local-exact	ae318a44-4e70-4bf5-ac17-58cd30dfa4d0	1	ae318a44-4e70-4bf5-ac17-58cd30dfa4d0	Hip-Hop Drill Rap	English	kabir-clubbing	Rap & Fusion	cover-local	lyrics-ready	41	_radio_index/suno_backup/lyrics/2026-03-16_ae318a44_kudru ki beti naagin.txt
ut-2e655451e47a6d0f	kudru ki beti naagin	2	exact-normalized-lyrics	high-local-exact	ae318a44-4e70-4bf5-ac17-58cd30dfa4d0	2	4bd5f9be-6507-4e41-bad2-b3345f66e6cc	Folk Fusion Lok Rang	Haryanvi	ameerpur	Haryanvi Folk	cover-local	lyrics-ready	41	_radio_index/suno_backup/lyrics/2026-03-16_4bd5f9be_kudru ki beti naagin.txt
ut-43010831a3a621af	kudru ki beti naagin	2	exact-normalized-lyrics	high-local-exact	71f75486-1686-40eb-bbf3-1018b7e8b3b7	1	71f75486-1686-40eb-bbf3-1018b7e8b3b7	Hip-Hop Drill Rap	English	kabir-clubbing	Rap & Fusion	cover-local	lyrics-ready	19	_radio_index/suno_backup/lyrics/2026-03-16_71f75486_kudru ki beti naagin.txt
ut-43010831a3a621af	kudru ki beti naagin	2	exact-normalized-lyrics	high-local-exact	71f75486-1686-40eb-bbf3-1018b7e8b3b7	2	b9a9901e-2fa1-4550-aa1d-a1bb4dc7db40	Folk Fusion Lok Rang	Haryanvi	ameerpur	Haryanvi Folk	cover-local	lyrics-ready	19	_radio_index/suno_backup/lyrics/2026-03-16_b9a9901e_kudru ki beti naagin.txt
ut-49e39058238c7fc7	kudru ki beti naagin	2	exact-normalized-lyrics	high-local-exact	b7e6675d-ed56-4e23-964d-9614994fca12	1	b7e6675d-ed56-4e23-964d-9614994fca12	Haryanvi Maati Ragni	English	kabir-clubbing	Naagin & Mystic	cover-local	lyrics-ready	39	_radio_index/suno_backup/lyrics/2026-03-16_b7e6675d_kudru ki beti naagin.txt
ut-49e39058238c7fc7	kudru ki beti naagin	2	exact-normalized-lyrics	high-local-exact	b7e6675d-ed56-4e23-964d-9614994fca12	2	29bbf8d9-f160-43ef-b3fa-fe632e29b925	Sanaatana Vedic Frequency	Sanskrit	sanaatana-vaigyaniq	Sanatan & Vedic	cover-local	lyrics-ready	39	_radio_index/suno_backup/lyrics/2026-03-16_29bbf8d9_kudru ki beti naagin.txt
ut-59576f022371f90d	kudru ki beti naagin	2	exact-normalized-lyrics	high-local-exact	860e7a0e-a8d8-473f-b660-d2449b65da69	1	860e7a0e-a8d8-473f-b660-d2449b65da69	Naagin Mystic Aghor	English	kabir-clubbing	Naagin & Mystic	cover-local	lyrics-ready	52	_radio_index/suno_backup/lyrics/2026-03-16_860e7a0e_kudru ki beti naagin.txt
ut-59576f022371f90d	kudru ki beti naagin	2	exact-normalized-lyrics	high-local-exact	860e7a0e-a8d8-473f-b660-d2449b65da69	2	93dd0e34-eefb-4555-91c0-b5297eef283f	Sanaatana Vedic Frequency	Sanskrit	sanaatana-vaigyaniq	Sanatan & Vedic	cover-local	lyrics-ready	52	_radio_index/suno_backup/lyrics/2026-03-16_93dd0e34_kudru ki beti naagin.txt
ut-7c582d5cecc89332	kudru ki beti naagin	2	exact-normalized-lyrics	high-local-exact	dc697cc3-5cb9-43ab-a2de-622b7348bff5	1	dc697cc3-5cb9-43ab-a2de-622b7348bff5	Hip-Hop Drill Rap	English	kabir-clubbing	Rap & Fusion	cover-local	lyrics-ready	23	_radio_index/suno_backup/lyrics/2026-03-16_dc697cc3_kudru ki beti naagin.txt
ut-7c582d5cecc89332	kudru ki beti naagin	2	exact-normalized-lyrics	high-local-exact	dc697cc3-5cb9-43ab-a2de-622b7348bff5	2	aefdf09c-1e5d-4549-b489-188a4f354615	Folk Fusion Lok Rang	Haryanvi	ameerpur	Haryanvi Folk	cover-local	lyrics-ready	23	_radio_index/suno_backup/lyrics/2026-03-16_aefdf09c_kudru ki beti naagin.txt
ut-9865d710dfe59031	kudru ki beti naagin	2	exact-normalized-lyrics	high-local-exact	430b028b-8fd1-4267-a16b-8eb1bb791e10	1	430b028b-8fd1-4267-a16b-8eb1bb791e10	Hip-Hop Drill Rap	English	kabir-clubbing	Rap & Fusion	cover-local	lyrics-ready	111	_radio_index/suno_backup/lyrics/2026-03-16_430b028b_kudru ki beti naagin.txt
ut-9865d710dfe59031	kudru ki beti naagin	2	exact-normalized-lyrics	high-local-exact	430b028b-8fd1-4267-a16b-8eb1bb791e10	2	99a91265-7f9c-4b3d-a76a-745dfb3a5ec9	Sanaatana Vedic Frequency	Sanskrit	sanaatana-vaigyaniq	Sanatan & Vedic	cover-local	lyrics-ready	111	_radio_index/suno_backup/lyrics/2026-03-16_99a91265_kudru ki beti naagin.txt
ut-a038aa782dc2ddab	kudru ki beti naagin	2	exact-normalized-lyrics	high-local-exact	09294d81-a6e4-4c9e-a676-98b05856accd	1	09294d81-a6e4-4c9e-a676-98b05856accd	Naagin Mystic Aghor	English	kabir-clubbing	Naagin & Mystic	cover-local	lyrics-ready	49	_radio_index/suno_backup/lyrics/2026-03-16_09294d81_kudru ki beti naagin.txt
ut-a038aa782dc2ddab	kudru ki beti naagin	2	exact-normalized-lyrics	high-local-exact	09294d81-a6e4-4c9e-a676-98b05856accd	2	7c7a4b38-9322-4dcc-a49f-ec91ad8874d0	Naagin Mystic Aghor	Hindi	kabir-clubbing	Naagin & Mystic	cover-local	lyrics-ready	49	_radio_index/suno_backup/lyrics/2026-03-16_7c7a4b38_kudru ki beti naagin.txt
ut-a30866b8ff4fa187	kudru ki beti naagin	2	exact-normalized-lyrics	high-local-exact	08b16e64-f600-411c-807f-6c943c14f56e	1	08b16e64-f600-411c-807f-6c943c14f56e	Love Virah Ghazal	English	kabir-clubbing	Naagin & Mystic	cover-local	lyrics-ready	64	_radio_index/suno_backup/lyrics/2026-03-16_08b16e64_kudru ki beti naagin.txt
ut-a30866b8ff4fa187	kudru ki beti naagin	2	exact-normalized-lyrics	high-local-exact	08b16e64-f600-411c-807f-6c943c14f56e	2	0021a7c0-89d9-4d5e-8967-d9c1095a9f77	Folk Fusion Lok Rang	Haryanvi	ameerpur	Haryanvi Folk	cover-local	lyrics-ready	64	_radio_index/suno_backup/lyrics/2026-03-16_0021a7c0_kudru ki beti naagin.txt
ut-a65ad9a2215d3ad4	kudru ki beti naagin	2	exact-normalized-lyrics	high-local-exact	14fa2fe8-0de2-4ace-9ee4-404348db0270	1	14fa2fe8-0de2-4ace-9ee4-404348db0270	Naagin Mystic Aghor	English	kabir-clubbing	Naagin & Mystic	cover-local	lyrics-ready	22	_radio_index/suno_backup/lyrics/2026-03-16_14fa2fe8_kudru ki beti naagin.txt
ut-a65ad9a2215d3ad4	kudru ki beti naagin	2	exact-normalized-lyrics	high-local-exact	14fa2fe8-0de2-4ace-9ee4-404348db0270	2	cbd88d04-4767-4c26-8d29-ba96e43adce7	Folk Fusion Lok Rang	Haryanvi	ameerpur	Haryanvi Folk	cover-local	lyrics-ready	22	_radio_index/suno_backup/lyrics/2026-03-16_cbd88d04_kudru ki beti naagin.txt
ut-cc499fe579b3b3b5	kudru ki beti naagin	2	exact-normalized-lyrics	high-local-exact	1793b6b5-9f36-4f77-a6fa-630d6a66cdbb	1	1793b6b5-9f36-4f77-a6fa-630d6a66cdbb	Classical Raga Darbar	English	sanaatana-vaigyaniq	Classical & Raag	cover-local	lyrics-ready	56	_radio_index/suno_backup/lyrics/2026-03-16_1793b6b5_kudru ki beti naagin.txt
ut-cc499fe579b3b3b5	kudru ki beti naagin	2	exact-normalized-lyrics	high-local-exact	1793b6b5-9f36-4f77-a6fa-630d6a66cdbb	2	20709bfc-b04e-49bb-b50a-81112046ab9d	Sanaatana Vedic Frequency	Sanskrit	sanaatana-vaigyaniq	Sanatan & Vedic	cover-local	lyrics-ready	56	_radio_index/suno_backup/lyrics/2026-03-16_20709bfc_kudru ki beti naagin.txt
ut-d5953aba7f89c284	kudru ki beti naagin	2	exact-normalized-lyrics	high-local-exact	6760d633-7fec-4c2b-9747-6d8f0963d5a2	1	6760d633-7fec-4c2b-9747-6d8f0963d5a2	Naagin Mystic Aghor	English	kabir-clubbing	Naagin & Mystic	cover-local	lyrics-ready	28	_radio_index/suno_backup/lyrics/2026-03-16_6760d633_kudru ki beti naagin.txt
ut-d5953aba7f89c284	kudru ki beti naagin	2	exact-normalized-lyrics	high-local-exact	6760d633-7fec-4c2b-9747-6d8f0963d5a2	2	310f549f-b41a-4685-9afd-023bc7de4632	Sanaatana Vedic Frequency	Sanskrit	sanaatana-vaigyaniq	Sanatan & Vedic	cover-local	lyrics-ready	28	_radio_index/suno_backup/lyrics/2026-03-16_310f549f_kudru ki beti naagin.txt
ut-deedb61785d03211	kudru ki beti naagin	2	exact-normalized-lyrics	high-local-exact	a3b96400-fe65-4f1c-904d-9aff23390ee0	1	a3b96400-fe65-4f1c-904d-9aff23390ee0	Naagin Mystic Aghor	English	kabir-clubbing	Naagin & Mystic	cover-local	lyrics-ready	52	_radio_index/suno_backup/lyrics/2026-03-16_a3b96400_kudru ki beti naagin.txt
ut-deedb61785d03211	kudru ki beti naagin	2	exact-normalized-lyrics	high-local-exact	a3b96400-fe65-4f1c-904d-9aff23390ee0	2	783c7290-99f4-43f8-adc4-b8681b56114d	Sanaatana Vedic Frequency	Sanskrit	sanaatana-vaigyaniq	Sanatan & Vedic	cover-local	lyrics-ready	52	_radio_index/suno_backup/lyrics/2026-03-16_783c7290_kudru ki beti naagin.txt
ut-72eb0737d6c191f2	kush..mana..da	2	exact-normalized-lyrics	high-local-exact	01b47c28-4773-42d5-b158-8a73c0cc9248	1	01b47c28-4773-42d5-b158-8a73c0cc9248	Sanaatana Vedic Frequency	English	sanaatana-vaigyaniq	Sanatan & Vedic	cover-local	lyrics-ready	42	_radio_index/suno_backup/lyrics/2026-03-21_01b47c28_kush..mana..da.txt
ut-72eb0737d6c191f2	kush..mana..da	2	exact-normalized-lyrics	high-local-exact	01b47c28-4773-42d5-b158-8a73c0cc9248	2	e8ac43d3-688b-49ee-8ec3-ed025ddcb33b	Sanaatana Vedic Frequency	Sanskrit	sanaatana-vaigyaniq	Sanatan & Vedic	cover-local	lyrics-ready	42	_radio_index/suno_backup/lyrics/2026-03-21_e8ac43d3_kush..mana..da.txt
ut-766a9569c9cb7075	kush..mana..da	2	exact-normalized-lyrics	high-local-exact	87176aad-96cb-487c-b065-7faa93e5d442	1	87176aad-96cb-487c-b065-7faa93e5d442	Sanaatana Vedic Frequency	English	sanaatana-vaigyaniq	Sanatan & Vedic	cover-local	lyrics-ready	34	_radio_index/suno_backup/lyrics/2026-03-21_87176aad_kush..mana..da.txt
ut-766a9569c9cb7075	kush..mana..da	2	exact-normalized-lyrics	high-local-exact	87176aad-96cb-487c-b065-7faa93e5d442	2	bea936de-88c1-4d19-9f9a-04973bec0cc0	Sanaatana Vedic Frequency	English	sanaatana-vaigyaniq	Sanatan & Vedic	cover-local	lyrics-ready	34	_radio_index/suno_backup/lyrics/2026-03-21_bea936de_kush..mana..da.txt
ut-d4d41c3cda2da521	kush..mana..da	2	exact-normalized-lyrics	high-local-exact	e5e11b4f-d05d-444f-9b0e-5b91e5e70206	1	e5e11b4f-d05d-444f-9b0e-5b91e5e70206	Hip-Hop Drill Rap	English	kabir-clubbing	Bhakti & Katha	cover-local	lyrics-ready	43	_radio_index/suno_backup/lyrics/2026-03-22_e5e11b4f_kush..mana..da.txt
ut-d4d41c3cda2da521	kush..mana..da	2	exact-normalized-lyrics	high-local-exact	e5e11b4f-d05d-444f-9b0e-5b91e5e70206	2	3b5bc702-ef70-4745-9a21-5e41252a6c47	Folk Fusion Lok Rang	Haryanvi	ameerpur	Haryanvi Folk	cover-local	lyrics-ready	43	_radio_index/suno_backup/lyrics/2026-03-22_3b5bc702_kush..mana..da.txt
ut-31cf44ab71d2d199	Lams-e-Hawa Drone	2	exact-normalized-lyrics	high-local-exact	fb4055fe-37de-4a6c-a098-7c00c77c048f	1	fb4055fe-37de-4a6c-a098-7c00c77c048f	Classical Raga Darbar	English	sanaatana-vaigyaniq	Classical & Raag	cover-local	lyrics-ready	48	_radio_index/suno_backup/lyrics/2026-04-16_fb4055fe_Lams-e-Hawa Drone.txt
ut-31cf44ab71d2d199	Lams-e-Hawa Drone	2	exact-normalized-lyrics	high-local-exact	fb4055fe-37de-4a6c-a098-7c00c77c048f	2	0e22ce3a-a007-42f4-a89c-1a5ef6ebc4f4	Hip-Hop Drill Rap	Hindi	kabir-clubbing	Rap & Fusion	cover-local	lyrics-ready	48	_radio_index/suno_backup/lyrics/2026-04-16_0e22ce3a_Lams-e-Hawa Drone.txt
ut-c65aa98fd0d82f52	Log Kahte Hain	2	exact-normalized-lyrics	high-local-exact	4d6f705f-a026-4060-a32f-77594f87a633	1	4d6f705f-a026-4060-a32f-77594f87a633	Cinematic Cosmic Epics	English	gurukul	Other / Misc	cover-local	lyrics-ready	48	_radio_index/suno_backup/lyrics/2026-04-15_4d6f705f_Log Kahte Hain.txt
ut-c65aa98fd0d82f52	Log Kahte Hain	2	exact-normalized-lyrics	high-local-exact	4d6f705f-a026-4060-a32f-77594f87a633	2	54bf5f39-3312-4413-8690-fc756c1e073b	Bhakti Katha Devotional	Hindi	kabir-clubbing	Bhakti & Katha	cover-local	lyrics-ready	48	_radio_index/suno_backup/lyrics/2026-04-15_54bf5f39_Log Kahte Hain.txt
ut-c98123e4bad23bce	Log kahte hain tere hone se meri tadbeer barbaad	2	exact-normalized-lyrics	high-local-exact	ec8c8bad-3326-4953-a468-776d3732f487	1	ec8c8bad-3326-4953-a468-776d3732f487	Bhakti Katha Devotional	English	kabir-clubbing	Bhakti & Katha	cover-local	lyrics-ready	39	_radio_index/suno_backup/lyrics/2026-04-15_ec8c8bad_Tadbeer Barbaad.txt
ut-c98123e4bad23bce	Log kahte hain tere hone se meri tadbeer barbaad	2	exact-normalized-lyrics	high-local-exact	ec8c8bad-3326-4953-a468-776d3732f487	2	87fea1fe-2c22-4af4-a777-87a8b62cc57a	Hip-Hop Drill Rap	English	kabir-clubbing	Rap & Fusion	cover-local	lyrics-ready	39	_radio_index/suno_backup/lyrics/2026-04-15_87fea1fe_Tadbeer Barbaad.txt
ut-0735112ad673ea25	mahadev	2	exact-normalized-lyrics	high-local-exact	b34894ee-52e3-4cd4-b4f9-5336056b318b	1	b34894ee-52e3-4cd4-b4f9-5336056b318b	Sanaatana Vedic Frequency	English	gurukul	Other / Misc	cover-local	lyrics-ready	58	_radio_index/suno_backup/lyrics/2026-03-10_b34894ee_mahadev.txt
ut-0735112ad673ea25	mahadev	2	exact-normalized-lyrics	high-local-exact	b34894ee-52e3-4cd4-b4f9-5336056b318b	2	fb702292-2df5-48c4-a411-e9ef6e6dee7c	Bhakti Katha Devotional	Hindi	kabir-clubbing	Bhakti & Katha	cover-local	lyrics-ready	58	_radio_index/suno_backup/lyrics/2026-03-10_fb702292_mahadev.txt
ut-302eb340bca1fc84	mahadev	2	exact-normalized-lyrics	high-local-exact	83393fa5-c5e2-48b7-a6b0-09cfa197cc04	1	83393fa5-c5e2-48b7-a6b0-09cfa197cc04	Sanaatana Vedic Frequency	English	gurukul	Other / Misc	cover-local	lyrics-ready	53	_radio_index/suno_backup/lyrics/2026-03-10_83393fa5_mahadev.txt
ut-302eb340bca1fc84	mahadev	2	exact-normalized-lyrics	high-local-exact	83393fa5-c5e2-48b7-a6b0-09cfa197cc04	2	40f5ec47-9a5c-45e0-8821-71f32e377d2c	Bhakti Katha Devotional	Hindi	kabir-clubbing	Bhakti & Katha	cover-local	lyrics-ready	53	_radio_index/suno_backup/lyrics/2026-03-10_40f5ec47_mahadev.txt
ut-900cc6539569de4e	mahadev	2	exact-normalized-lyrics	high-local-exact	5cb1b6d1-c87b-4bd1-a81b-6c2531a63320	1	5cb1b6d1-c87b-4bd1-a81b-6c2531a63320	Sanaatana Vedic Frequency	English	kabir-clubbing	Rap & Fusion	cover-local	lyrics-ready	41	_radio_index/suno_backup/lyrics/2026-03-10_5cb1b6d1_mahadev.txt
ut-900cc6539569de4e	mahadev	2	exact-normalized-lyrics	high-local-exact	5cb1b6d1-c87b-4bd1-a81b-6c2531a63320	2	d5b1f403-2b0e-4ea3-a03a-02ebfcaba03f	Sanaatana Vedic Frequency	Sanskrit	sanaatana-vaigyaniq	Sanatan & Vedic	cover-local	lyrics-ready	41	_radio_index/suno_backup/lyrics/2026-03-10_d5b1f403_mahadev.txt
ut-507e6d517bbf372f	Male alone	2	exact-normalized-lyrics	high-local-exact	a798ae26-3fed-4d39-9f32-c0bcd9d9fb15	1	a798ae26-3fed-4d39-9f32-c0bcd9d9fb15	Desh Veer Patriotic	English	ameerpur	Desh / Patriotic	cover-local	lyrics-ready	20	_radio_index/suno_backup/lyrics/2026-04-04_a798ae26_लाडो बसंती मेहमान.txt
ut-507e6d517bbf372f	Male alone	2	exact-normalized-lyrics	high-local-exact	a798ae26-3fed-4d39-9f32-c0bcd9d9fb15	2	5edc6f4a-ebf7-4d22-b8e7-cd4bb333735f	Folk Fusion Lok Rang	Hindi	sanaatana-vaigyaniq	Classical & Raag	cover-local	lyrics-ready	20	_radio_index/suno_backup/lyrics/2026-04-04_5edc6f4a_लाडो बसंती मेहमान.txt
ut-19323ea8ea90b231	Mantra Invocation	2	exact-normalized-lyrics	high-local-exact	73ebc666-cec7-4c6b-a855-1de4b0db7dc4	1	73ebc666-cec7-4c6b-a855-1de4b0db7dc4	Sanaatana Vedic Frequency	English	sanaatana-vaigyaniq	Sanatan & Vedic	cover-local	lyrics-ready	57	_radio_index/suno_backup/lyrics/2026-03-11_73ebc666_muniya.txt
ut-19323ea8ea90b231	Mantra Invocation	2	exact-normalized-lyrics	high-local-exact	73ebc666-cec7-4c6b-a855-1de4b0db7dc4	2	b54e87b1-dff9-41bf-969d-e0a19cce756c	Hip-Hop Drill Rap	English	kabir-clubbing	Rap & Fusion	cover-local	lyrics-ready	57	_radio_index/suno_backup/lyrics/2026-03-11_b54e87b1_muniya.txt
ut-de7a715dce278eb8	Money-Drags Us	2	exact-normalized-lyrics	high-local-exact	7fb4da9f-98db-4b16-a0e8-40fccfa0e245	1	7fb4da9f-98db-4b16-a0e8-40fccfa0e245	Dark Experimental Soundscapes	English	gurukul	Other / Misc	cover-local	lyrics-ready	46	_radio_index/suno_backup/lyrics/2026-04-15_7fb4da9f_Money-Drags Us.txt
ut-de7a715dce278eb8	Money-Drags Us	2	exact-normalized-lyrics	high-local-exact	7fb4da9f-98db-4b16-a0e8-40fccfa0e245	2	0c6cc8cd-b3b2-43db-92df-b3cad31e1866	Desh Veer Patriotic	Hindi	ameerpur	Desh / Patriotic	cover-local	lyrics-ready	46	_radio_index/suno_backup/lyrics/2026-04-15_0c6cc8cd_Money-Drags Us.txt
ut-a188251056482113	mooshak	2	exact-normalized-lyrics	high-local-exact	a9505c01-2145-47a6-bf34-71f71a1c7798	1	a9505c01-2145-47a6-bf34-71f71a1c7798	Hip-Hop Drill Rap	English	kabir-clubbing	Rap & Fusion	cover-local	lyrics-ready	20	_radio_index/suno_backup/lyrics/2026-03-10_a9505c01_mooshak.txt
ut-a188251056482113	mooshak	2	exact-normalized-lyrics	high-local-exact	a9505c01-2145-47a6-bf34-71f71a1c7798	2	c60bddff-5831-45b2-aeda-56c210e42bee	Sanaatana Vedic Frequency	Sanskrit	sanaatana-vaigyaniq	Sanatan & Vedic	cover-local	lyrics-ready	20	_radio_index/suno_backup/lyrics/2026-03-10_c60bddff_mooshak.txt
ut-0f00fe51f90acca5	muniya	2	exact-normalized-lyrics	high-local-exact	764eab1d-f307-4665-bfc4-feb4bbb042a4	1	764eab1d-f307-4665-bfc4-feb4bbb042a4	Hip-Hop Drill Rap	English	kabir-clubbing	Rap & Fusion	cover-local	lyrics-ready	51	_radio_index/suno_backup/lyrics/2026-03-11_764eab1d_muniya.txt
ut-0f00fe51f90acca5	muniya	2	exact-normalized-lyrics	high-local-exact	764eab1d-f307-4665-bfc4-feb4bbb042a4	2	77d02fc3-250d-47bd-bcf8-80f45421948d	Sanaatana Vedic Frequency	Sanskrit	sanaatana-vaigyaniq	Sanatan & Vedic	cover-local	lyrics-ready	51	_radio_index/suno_backup/lyrics/2026-03-11_77d02fc3_muniya.txt
ut-31450fdbdc3cfe74	muniya	2	exact-normalized-lyrics	high-local-exact	ced1ef9f-bfc6-4a3a-9818-6308807aef1e	1	ced1ef9f-bfc6-4a3a-9818-6308807aef1e	Hip-Hop Drill Rap	English	kabir-clubbing	Rap & Fusion	cover-local	lyrics-ready	44	_radio_index/suno_backup/lyrics/2026-03-11_ced1ef9f_muniya.txt
ut-31450fdbdc3cfe74	muniya	2	exact-normalized-lyrics	high-local-exact	ced1ef9f-bfc6-4a3a-9818-6308807aef1e	2	319ac1b1-c380-4dbf-a2d5-8b7855354317	Sanaatana Vedic Frequency	Sanskrit	sanaatana-vaigyaniq	Sanatan & Vedic	cover-local	lyrics-ready	44	_radio_index/suno_backup/lyrics/2026-03-11_319ac1b1_muniya.txt
ut-40c3348bc6ce0fe1	muniya	2	exact-normalized-lyrics	high-local-exact	a25c876c-0e32-4071-a0f7-7e5cc6bfae69	1	a25c876c-0e32-4071-a0f7-7e5cc6bfae69	Hip-Hop Drill Rap	English	gurukul	Other / Misc	cover-local	lyrics-ready	28	_radio_index/suno_backup/lyrics/2026-03-11_a25c876c_muniya.txt
ut-40c3348bc6ce0fe1	muniya	2	exact-normalized-lyrics	high-local-exact	a25c876c-0e32-4071-a0f7-7e5cc6bfae69	2	b3551c59-d528-429c-a6a6-0768b5981845	Bhakti Katha Devotional	Hindi	kabir-clubbing	Bhakti & Katha	cover-local	lyrics-ready	28	_radio_index/suno_backup/lyrics/2026-03-11_b3551c59_muniya.txt
ut-5fec4024121d9717	muniya	2	exact-normalized-lyrics	high-local-exact	a5ddb660-04fc-46c2-b2b3-145c9da1449e	1	a5ddb660-04fc-46c2-b2b3-145c9da1449e	Hip-Hop Drill Rap	English	kabir-clubbing	Rap & Fusion	cover-local	lyrics-ready	58	_radio_index/suno_backup/lyrics/2026-03-11_a5ddb660_muniya.txt
ut-5fec4024121d9717	muniya	2	exact-normalized-lyrics	high-local-exact	a5ddb660-04fc-46c2-b2b3-145c9da1449e	2	920388e7-ef57-4d79-98b1-2a977977bb39	Hip-Hop Drill Rap	Hindi	kabir-clubbing	Rap & Fusion	cover-local	lyrics-ready	58	_radio_index/suno_backup/lyrics/2026-03-11_920388e7_muniya.txt
ut-28c8d495ed1129a8	Naaraayana Uunh	2	exact-normalized-lyrics	high-local-exact	a06bfdbd-c7e9-401a-a6df-d87a575e3893	1	a06bfdbd-c7e9-401a-a6df-d87a575e3893	Sanaatana Vedic Frequency	English	sanaatana-vaigyaniq	Sanatan & Vedic	cover-local	lyrics-ready	43	_radio_index/suno_backup/lyrics/2026-03-16_a06bfdbd_Naaraayana Uunh.txt
ut-28c8d495ed1129a8	Naaraayana Uunh	2	exact-normalized-lyrics	high-local-exact	a06bfdbd-c7e9-401a-a6df-d87a575e3893	2	413e4582-680e-4824-95e8-252bfe180608	Sanaatana Vedic Frequency	Sanskrit	sanaatana-vaigyaniq	Sanatan & Vedic	cover-local	lyrics-ready	43	_radio_index/suno_backup/lyrics/2026-03-16_413e4582_Naaraayana Uunh.txt
ut-f7b98a10abf38e58	Naaraayana Uunh	2	exact-normalized-lyrics	high-local-exact	103c9db6-e1ee-45f8-815d-0a7612a6ea10	1	103c9db6-e1ee-45f8-815d-0a7612a6ea10	Album Unassigned	English	gurukul	Other / Misc	cover-local	lyrics-ready	43	_radio_index/suno_backup/lyrics/2026-03-16_103c9db6_Naaraayana Uunh.txt
ut-f7b98a10abf38e58	Naaraayana Uunh	2	exact-normalized-lyrics	high-local-exact	103c9db6-e1ee-45f8-815d-0a7612a6ea10	2	790f6743-e536-4370-8191-d2dfc093831c	Sanaatana Vedic Frequency	Sanskrit	sanaatana-vaigyaniq	Sanatan & Vedic	cover-local	lyrics-ready	43	_radio_index/suno_backup/lyrics/2026-03-16_790f6743_Naaraayana Uunh.txt
ut-33b9dfa02b6017a7	neural jogi	2	exact-normalized-lyrics	high-local-exact	68b7f05f-0d8c-4740-b17b-f2e679aacd98	1	68b7f05f-0d8c-4740-b17b-f2e679aacd98	Folk Fusion Lok Rang	English	gurukul	Other / Misc	cover-local	lyrics-ready	18	_radio_index/suno_backup/lyrics/2026-03-21_68b7f05f_neural jogi.txt
ut-33b9dfa02b6017a7	neural jogi	2	exact-normalized-lyrics	high-local-exact	68b7f05f-0d8c-4740-b17b-f2e679aacd98	2	b3dab790-2dfb-43e9-bd08-6fed863e2e42	Sanaatana Vedic Frequency	Sanskrit	sanaatana-vaigyaniq	Sanatan & Vedic	cover-local	lyrics-ready	18	_radio_index/suno_backup/lyrics/2026-03-21_b3dab790_neural jogi.txt
ut-3f77cb57ed96b79d	neural jogi	2	exact-normalized-lyrics	high-local-exact	f02bb457-88b6-415c-9b34-da9e9896a390	1	f02bb457-88b6-415c-9b34-da9e9896a390	Sanaatana Vedic Frequency	English	sanaatana-vaigyaniq	Sanatan & Vedic	cover-local	lyrics-ready	79	_radio_index/suno_backup/lyrics/2026-03-20_f02bb457_neural jogi.txt
ut-3f77cb57ed96b79d	neural jogi	2	exact-normalized-lyrics	high-local-exact	f02bb457-88b6-415c-9b34-da9e9896a390	2	28f32076-2c38-4dfd-8f9b-27aeeee9b5bc	Sanaatana Vedic Frequency	Sanskrit	sanaatana-vaigyaniq	Sanatan & Vedic	cover-local	lyrics-ready	79	_radio_index/suno_backup/lyrics/2026-03-20_28f32076_neural jogi.txt
ut-4c4ebbdc3e6b24af	neural jogi	2	exact-normalized-lyrics	high-local-exact	200d3cac-7b7b-437a-8877-c560fdd74b80	1	200d3cac-7b7b-437a-8877-c560fdd74b80	Neural AI Radio Lab	English	sanaatana-vaigyaniq	Classical & Raag	cover-local	lyrics-ready	125	_radio_index/suno_backup/lyrics/2026-03-20_200d3cac_neural jogi.txt
ut-4c4ebbdc3e6b24af	neural jogi	2	exact-normalized-lyrics	high-local-exact	200d3cac-7b7b-437a-8877-c560fdd74b80	2	7c45ec0d-f3b8-4cb9-beaf-2d74f4302da5	Bhakti Katha Devotional	Hindi	kabir-clubbing	Bhakti & Katha	cover-local	lyrics-ready	125	_radio_index/suno_backup/lyrics/2026-03-20_7c45ec0d_neural jogi.txt
ut-540096a342b0d495	neural jogi	2	exact-normalized-lyrics	high-local-exact	092cd586-b79b-465f-b06c-972aa38bd494	1	092cd586-b79b-465f-b06c-972aa38bd494	Sanaatana Vedic Frequency	English	sanaatana-vaigyaniq	Sanatan & Vedic	cover-local	lyrics-ready	82	_radio_index/suno_backup/lyrics/2026-03-21_092cd586_neural jogi.txt
ut-540096a342b0d495	neural jogi	2	exact-normalized-lyrics	high-local-exact	092cd586-b79b-465f-b06c-972aa38bd494	2	ad20ad65-6256-4cde-b283-500aae7ad4fd	Sanaatana Vedic Frequency	Sanskrit	sanaatana-vaigyaniq	Sanatan & Vedic	cover-local	lyrics-ready	82	_radio_index/suno_backup/lyrics/2026-03-21_ad20ad65_neural jogi.txt
ut-8b336c41239af165	neural jogi	2	exact-normalized-lyrics	high-local-exact	c2ff4d29-bde8-449a-847e-9dcdc78e4a69	1	c2ff4d29-bde8-449a-847e-9dcdc78e4a69	Sanaatana Vedic Frequency	English	sanaatana-vaigyaniq	Sanatan & Vedic	cover-local	lyrics-ready	66	_radio_index/suno_backup/lyrics/2026-03-21_c2ff4d29_neural jogi.txt
ut-8b336c41239af165	neural jogi	2	exact-normalized-lyrics	high-local-exact	c2ff4d29-bde8-449a-847e-9dcdc78e4a69	2	78e037f2-edcd-4a6c-bdc4-099e1b4774e9	Sanaatana Vedic Frequency	Sanskrit	sanaatana-vaigyaniq	Sanatan & Vedic	cover-local	lyrics-ready	66	_radio_index/suno_backup/lyrics/2026-03-21_78e037f2_neural jogi.txt
ut-cade6a0073355b0a	neural jogi	2	exact-normalized-lyrics	high-local-exact	ccb6b23a-62e2-44e4-b1f4-94283dd7bdfc	1	ccb6b23a-62e2-44e4-b1f4-94283dd7bdfc	Sanaatana Vedic Frequency	English	sanaatana-vaigyaniq	Sanatan & Vedic	cover-local	lyrics-ready	23	_radio_index/suno_backup/lyrics/2026-03-21_ccb6b23a_neural jogi.txt
ut-cade6a0073355b0a	neural jogi	2	exact-normalized-lyrics	high-local-exact	ccb6b23a-62e2-44e4-b1f4-94283dd7bdfc	2	32b5d3c2-5566-44b7-9d81-86e8f1685967	Sanaatana Vedic Frequency	Sanskrit	sanaatana-vaigyaniq	Sanatan & Vedic	cover-local	lyrics-ready	23	_radio_index/suno_backup/lyrics/2026-03-21_32b5d3c2_neural jogi.txt
ut-d43284c060d63e88	neural jogi	2	exact-normalized-lyrics	high-local-exact	9b907c3a-8874-4c5a-93bb-ba08f8477cdc	1	9b907c3a-8874-4c5a-93bb-ba08f8477cdc	Bhakti Katha Devotional	English	gurukul	Other / Misc	cover-local	lyrics-ready	100	_radio_index/suno_backup/lyrics/2026-03-21_9b907c3a_neural jogi.txt
ut-d43284c060d63e88	neural jogi	2	exact-normalized-lyrics	high-local-exact	9b907c3a-8874-4c5a-93bb-ba08f8477cdc	2	1482a051-de1c-4ca4-bc3b-2a183763c075	Bhakti Katha Devotional	Hindi	kabir-clubbing	Bhakti & Katha	cover-local	lyrics-ready	100	_radio_index/suno_backup/lyrics/2026-03-21_1482a051_neural jogi.txt
ut-e57b42126437ca52	neural jogi	2	exact-normalized-lyrics	high-local-exact	7789d061-f161-4e4d-ad2d-4bf0d70bd861	1	7789d061-f161-4e4d-ad2d-4bf0d70bd861	Folk Fusion Lok Rang	English	gurukul	Other / Misc	cover-local	lyrics-ready	30	_radio_index/suno_backup/lyrics/2026-03-21_7789d061_neural jogi.txt
ut-e57b42126437ca52	neural jogi	2	exact-normalized-lyrics	high-local-exact	7789d061-f161-4e4d-ad2d-4bf0d70bd861	2	c1f60054-5682-4989-a470-f3ba4295c065	Sanaatana Vedic Frequency	Sanskrit	sanaatana-vaigyaniq	Sanatan & Vedic	cover-local	lyrics-ready	30	_radio_index/suno_backup/lyrics/2026-03-21_c1f60054_neural jogi.txt
ut-f9f92a781af969bd	neural jogi	2	exact-normalized-lyrics	high-local-exact	95afba01-5a36-42ca-8dcc-2506b2523fe4	1	95afba01-5a36-42ca-8dcc-2506b2523fe4	Folk Fusion Lok Rang	English	gurukul	Other / Misc	cover-local	lyrics-ready	22	_radio_index/suno_backup/lyrics/2026-03-21_95afba01_neural jogi.txt
ut-f9f92a781af969bd	neural jogi	2	exact-normalized-lyrics	high-local-exact	95afba01-5a36-42ca-8dcc-2506b2523fe4	2	050e19ec-ac35-452e-bb9e-16277b396b08	Bhakti Katha Devotional	Hindi	kabir-clubbing	Bhakti & Katha	cover-local	lyrics-ready	22	_radio_index/suno_backup/lyrics/2026-03-21_050e19ec_neural jogi.txt
ut-0291bd2f80a41c5e	O meri bhaarat maataa	2	exact-normalized-lyrics	high-local-exact	6145df1e-62b2-4fd3-a150-ebef60393608	1	6145df1e-62b2-4fd3-a150-ebef60393608	Hip-Hop Drill Rap	English	kabir-clubbing	Rap & Fusion	cover-local	lyrics-ready	51	_radio_index/suno_backup/lyrics/2026-05-19_6145df1e_परदेसां धड़कन.txt
ut-0291bd2f80a41c5e	O meri bhaarat maataa	2	exact-normalized-lyrics	high-local-exact	6145df1e-62b2-4fd3-a150-ebef60393608	2	b1673a2d-91fa-478f-a3c3-79d253fd7444	Hip-Hop Drill Rap	Hindi	kabir-clubbing	Rap & Fusion	cover-local	lyrics-ready	51	_radio_index/suno_backup/lyrics/2026-05-19_b1673a2d_परदेसां धड़कन.txt
ut-18f0d89806883353	O meri bhaarat maataa	2	exact-normalized-lyrics	high-local-exact	1c0f3567-660d-40a2-8672-943688dd3c89	1	1c0f3567-660d-40a2-8672-943688dd3c89	Hip-Hop Drill Rap	English	kabir-clubbing	Rap & Fusion	cover-local	lyrics-ready	52	_radio_index/suno_backup/lyrics/2026-05-19_1c0f3567_Reversed Sitar Whisper.txt
ut-18f0d89806883353	O meri bhaarat maataa	2	exact-normalized-lyrics	high-local-exact	1c0f3567-660d-40a2-8672-943688dd3c89	2	d60bbdd7-852b-4638-9bfc-de2be9c9f0e9	Hip-Hop Drill Rap	English	kabir-clubbing	Rap & Fusion	cover-local	lyrics-ready	52	_radio_index/suno_backup/lyrics/2026-05-19_d60bbdd7_Reversed Sitar Whisper.txt
ut-bfa56aec7070e0f7	O my darling	2	exact-normalized-lyrics	high-local-exact	e73bb277-81d9-40d3-94bc-f8f3f7893688	1	e73bb277-81d9-40d3-94bc-f8f3f7893688	Love Virah Ghazal	English	ameerpur	Love & Virah	cover-local	lyrics-ready	58	_radio_index/suno_backup/lyrics/2026-05-19_e73bb277_परदेसा धड़कन.txt
ut-bfa56aec7070e0f7	O my darling	2	exact-normalized-lyrics	high-local-exact	e73bb277-81d9-40d3-94bc-f8f3f7893688	2	6058ab0b-f41c-4639-a96a-1b58b31a999d	Album Unassigned	Hindi	gurukul	Other / Misc	cover-local	lyrics-ready	58	_radio_index/suno_backup/lyrics/2026-05-19_6058ab0b_परदेसा धड़कन.txt
ut-0c2b8cbf33594b9d	O.I.riginal.nteligence	2	exact-normalized-lyrics	high-local-exact	877a4cae-7aaa-4d7a-b037-021fcc544fb5	1	877a4cae-7aaa-4d7a-b037-021fcc544fb5	Album Unassigned	English	gurukul	Other / Misc	cover-local	lyrics-ready	92	_radio_index/suno_backup/lyrics/2026-03-21_877a4cae_O.I.riginal.nteligence.txt
ut-0c2b8cbf33594b9d	O.I.riginal.nteligence	2	exact-normalized-lyrics	high-local-exact	877a4cae-7aaa-4d7a-b037-021fcc544fb5	2	35c9d20a-94e6-4b53-9e14-073f7c519e47	Sanaatana Vedic Frequency	Sanskrit	kabir-clubbing	Bhakti & Katha	cover-local	lyrics-ready	92	_radio_index/suno_backup/lyrics/2026-03-21_35c9d20a_O.I.riginal.nteligence.txt
ut-632d15fe3999f098	O.I.riginal.nteligence	2	exact-normalized-lyrics	high-local-exact	92c993d5-8cd1-48c2-a8fb-5c04053f9dcd	1	92c993d5-8cd1-48c2-a8fb-5c04053f9dcd	Cinematic Cosmic Epics	English	gurukul	Other / Misc	cover-local	lyrics-ready	65	_radio_index/suno_backup/lyrics/2026-03-21_92c993d5_O.I.riginal.nteligence.txt
ut-632d15fe3999f098	O.I.riginal.nteligence	2	exact-normalized-lyrics	high-local-exact	92c993d5-8cd1-48c2-a8fb-5c04053f9dcd	2	4cf5c8eb-fe72-483f-952d-0556a8e4b408	Sanaatana Vedic Frequency	Sanskrit	sanaatana-vaigyaniq	Sanatan & Vedic	cover-local	lyrics-ready	65	_radio_index/suno_backup/lyrics/2026-03-21_4cf5c8eb_O.I.riginal.nteligence.txt
ut-d34a54819e0d0e7f	O.I.riginal.nteligence	2	exact-normalized-lyrics	high-local-exact	b7260b36-705a-493e-ab43-4cf6d9ba9bb9	1	b7260b36-705a-493e-ab43-4cf6d9ba9bb9	Album Unassigned	English	gurukul	Other / Misc	cover-local	lyrics-ready	47	_radio_index/suno_backup/lyrics/2026-03-21_b7260b36_O.I.riginal.nteligence.txt
ut-d34a54819e0d0e7f	O.I.riginal.nteligence	2	exact-normalized-lyrics	high-local-exact	b7260b36-705a-493e-ab43-4cf6d9ba9bb9	2	a13e3aff-822d-4a39-840c-333df718a6a6	Sanaatana Vedic Frequency	Sanskrit	sanaatana-vaigyaniq	Sanatan & Vedic	cover-local	lyrics-ready	47	_radio_index/suno_backup/lyrics/2026-03-21_a13e3aff_O.I.riginal.nteligence.txt
ut-8bab57f64d950176	Paradesi Wobble	2	exact-normalized-lyrics	high-local-exact	cb8ff251-d3a7-4271-a3a0-33969db28cb0	1	cb8ff251-d3a7-4271-a3a0-33969db28cb0	Hip-Hop Drill Rap	English	kabir-clubbing	Rap & Fusion	cover-local	lyrics-ready	44	_radio_index/suno_backup/lyrics/2026-05-19_cb8ff251_Paradesi Wobble.txt
ut-8bab57f64d950176	Paradesi Wobble	2	exact-normalized-lyrics	high-local-exact	cb8ff251-d3a7-4271-a3a0-33969db28cb0	2	ee86a23e-0007-4d04-99f8-4b605086de9e	Hip-Hop Drill Rap	Hindi	kabir-clubbing	Rap & Fusion	cover-local	lyrics-ready	44	_radio_index/suno_backup/lyrics/2026-05-19_ee86a23e_Paradesi Wobble.txt
ut-31f7a60deff45803	Radif : ...जिया न गया	2	exact-normalized-lyrics	high-local-exact	d797f61d-e2f9-435d-b724-45791d7e898d	1	d797f61d-e2f9-435d-b724-45791d7e898d	Hip-Hop Drill Rap	English	kabir-clubbing	Rap & Fusion	cover-local	lyrics-ready	59	_radio_index/suno_backup/lyrics/2026-04-16_d797f61d_लम्स-ए-हवा साया.txt
ut-31f7a60deff45803	Radif : ...जिया न गया	2	exact-normalized-lyrics	high-local-exact	d797f61d-e2f9-435d-b724-45791d7e898d	2	a1a5dd9d-4535-4bdc-aef8-0471e275049f	Hip-Hop Drill Rap	Hindi	ameerpur	Love & Virah	cover-local	lyrics-ready	59	_radio_index/suno_backup/lyrics/2026-04-16_a1a5dd9d_लम्स-ए-हवा साया.txt
ut-47e53197b3c5e9a1	Radio Vaigyaaniq: Sanatana Station	2	exact-normalized-lyrics	high-local-exact	456fd8aa-be4b-4bda-93a3-d35206867b65	1	456fd8aa-be4b-4bda-93a3-d35206867b65	Sanaatana Vedic Frequency	English	sanaatana-vaigyaniq	Sanatan & Vedic	cover-local	lyrics-ready	5	_radio_index/suno_backup/lyrics/2026-04-05_456fd8aa_Sanatana Station.txt
ut-47e53197b3c5e9a1	Radio Vaigyaaniq: Sanatana Station	2	exact-normalized-lyrics	high-local-exact	456fd8aa-be4b-4bda-93a3-d35206867b65	2	879f8447-37de-41b3-8b68-3cdb2079792a	Sanaatana Vedic Frequency	English	sanaatana-vaigyaniq	Sanatan & Vedic	cover-local	lyrics-ready	5	_radio_index/suno_backup/lyrics/2026-04-05_879f8447_Sanatana Station.txt
ut-0a75ec05df41d55a	Raga Yaman	2	exact-normalized-lyrics	high-local-exact	f5b153c7-06ea-4ec2-9553-41c64e7105b4	1	f5b153c7-06ea-4ec2-9553-41c64e7105b4	Classical Raga Darbar	English	gurukul	Other / Misc	cover-local	lyrics-ready	53	_radio_index/suno_backup/lyrics/2026-04-02_f5b153c7_Raga Yaman.txt
ut-0a75ec05df41d55a	Raga Yaman	2	exact-normalized-lyrics	high-local-exact	f5b153c7-06ea-4ec2-9553-41c64e7105b4	2	891ce80b-b8ba-45a7-96ec-a3d25cc8854c	Sanaatana Vedic Frequency	Sanskrit	sanaatana-vaigyaniq	Sanatan & Vedic	cover-local	lyrics-ready	53	_radio_index/suno_backup/lyrics/2026-04-02_891ce80b_Raga Yaman.txt
ut-49d3e2ae7cd790d0	ram ki gilahari	2	exact-normalized-lyrics	high-local-exact	48b87be5-26d7-45e7-8598-8bcfc1de303a	1	48b87be5-26d7-45e7-8598-8bcfc1de303a	Sanaatana Vedic Frequency	English	sanaatana-vaigyaniq	Sanatan & Vedic	cover-local	lyrics-ready	48	_radio_index/suno_backup/lyrics/2026-03-10_48b87be5_ram ki gilahari.txt
ut-49d3e2ae7cd790d0	ram ki gilahari	2	exact-normalized-lyrics	high-local-exact	48b87be5-26d7-45e7-8598-8bcfc1de303a	2	8850934b-cdb1-4254-bedf-83595eb359bb	Sanaatana Vedic Frequency	Sanskrit	sanaatana-vaigyaniq	Sanatan & Vedic	cover-local	lyrics-ready	48	_radio_index/suno_backup/lyrics/2026-03-10_8850934b_ram ki gilahari.txt
ut-bae40c3c6f5ff74e	red compare	2	exact-normalized-lyrics	high-local-exact	9145668e-e9bf-4d35-967b-50a953dcf0f9	1	9145668e-e9bf-4d35-967b-50a953dcf0f9	Hip-Hop Drill Rap	English	kabir-clubbing	Rap & Fusion	cover-local	lyrics-ready	48	_radio_index/suno_backup/lyrics/2026-03-11_9145668e_red compare.txt
ut-bae40c3c6f5ff74e	red compare	2	exact-normalized-lyrics	high-local-exact	9145668e-e9bf-4d35-967b-50a953dcf0f9	2	2819887e-1ed1-4383-aad3-921d07bae811	Hip-Hop Drill Rap	Hindi	kabir-clubbing	Rap & Fusion	cover-local	lyrics-ready	48	_radio_index/suno_backup/lyrics/2026-03-11_2819887e_red compare.txt
ut-e60bc201483a32b0	red compare	2	exact-normalized-lyrics	high-local-exact	ca2f7d24-dce8-4f7e-8f4d-63b8c399382c	1	ca2f7d24-dce8-4f7e-8f4d-63b8c399382c	Hip-Hop Drill Rap	English	kabir-clubbing	Rap & Fusion	cover-local	lyrics-ready	32	_radio_index/suno_backup/lyrics/2026-03-11_ca2f7d24_red compare.txt
ut-e60bc201483a32b0	red compare	2	exact-normalized-lyrics	high-local-exact	ca2f7d24-dce8-4f7e-8f4d-63b8c399382c	2	dfb1bf8b-6966-41d8-b245-3da8220288a9	Desh Veer Patriotic	Hindi	ameerpur	Desh / Patriotic	cover-local	lyrics-ready	32	_radio_index/suno_backup/lyrics/2026-03-11_dfb1bf8b_red compare.txt
ut-b1257605621fd37f	Replace 01:09-01:09 (06:30 AM Mar 12)	2	exact-normalized-lyrics	high-local-exact	0d3d2d6f-939b-4d8a-bf49-2b1e080d944e	1	0d3d2d6f-939b-4d8a-bf49-2b1e080d944e	Sanaatana Vedic Frequency	English	sanaatana-vaigyaniq	Sanatan & Vedic	cover-local	lyrics-ready	49	_radio_index/suno_backup/lyrics/2026-03-12_0d3d2d6f_Replace 01_09-01_09 (06_30 AM Mar 12).txt
ut-b1257605621fd37f	Replace 01:09-01:09 (06:30 AM Mar 12)	2	exact-normalized-lyrics	high-local-exact	0d3d2d6f-939b-4d8a-bf49-2b1e080d944e	2	cf70934b-58c5-4191-91e7-de0bd63362c4	Sanaatana Vedic Frequency	Sanskrit	sanaatana-vaigyaniq	Sanatan & Vedic	cover-local	lyrics-ready	49	_radio_index/suno_backup/lyrics/2026-03-12_cf70934b_Replace 01_09-01_09 (06_30 AM Mar 12).txt
ut-5e408fe094f6c452	Saltless Tears	2	exact-normalized-lyrics	high-local-exact	064fb6c2-bf1e-4247-8603-1a4228fd88b0	1	064fb6c2-bf1e-4247-8603-1a4228fd88b0	Hip-Hop Drill Rap	English	kabir-clubbing	Rap & Fusion	cover-local	lyrics-ready	13	_radio_index/suno_backup/lyrics/2026-04-19_064fb6c2_Saltless Tears.txt
ut-5e408fe094f6c452	Saltless Tears	2	exact-normalized-lyrics	high-local-exact	064fb6c2-bf1e-4247-8603-1a4228fd88b0	2	5b609e38-5b63-4174-ab7f-05565cfb36bd	Bhakti Katha Devotional	Hindi	kabir-clubbing	Bhakti & Katha	cover-local	lyrics-ready	13	_radio_index/suno_backup/lyrics/2026-04-19_5b609e38_Saltless Tears.txt
ut-8bed2d8725158f8e	Sanatan Data (Bass)	2	title-fallback-lyrics-null	low-title-fallback	b20658c7-bce6-4c52-aa19-264349be1606	1	b20658c7-bce6-4c52-aa19-264349be1606	Sanaatana Vedic Frequency	English	sanaatana-vaigyaniq	Sanatan & Vedic	cover-local	lyrics-null	0	_radio_index/suno_backup/lyrics/b20658c7-bce6-4c52-aa19-264349be1606.txt
ut-8bed2d8725158f8e	Sanatan Data (Bass)	2	title-fallback-lyrics-null	low-title-fallback	b20658c7-bce6-4c52-aa19-264349be1606	2	b6eefd3b-f41e-41d8-9e90-857f3d92e322	Sanaatana Vedic Frequency	English	sanaatana-vaigyaniq	Sanatan & Vedic	cover-local	lyrics-null	0	_radio_index/suno_backup/lyrics/b6eefd3b-f41e-41d8-9e90-857f3d92e322.txt
ut-61c03090dd4807c0	Sanatan Data (Brass)	2	title-fallback-lyrics-null	low-title-fallback	6733d2a3-417b-48bc-860b-da829db4aea6	1	6733d2a3-417b-48bc-860b-da829db4aea6	Sanaatana Vedic Frequency	English	sanaatana-vaigyaniq	Sanatan & Vedic	cover-local	lyrics-null	0	_radio_index/suno_backup/lyrics/6733d2a3-417b-48bc-860b-da829db4aea6.txt
ut-61c03090dd4807c0	Sanatan Data (Brass)	2	title-fallback-lyrics-null	low-title-fallback	6733d2a3-417b-48bc-860b-da829db4aea6	2	92163cc3-c08b-4c75-94ac-496254f1f521	Sanaatana Vedic Frequency	English	sanaatana-vaigyaniq	Sanatan & Vedic	cover-local	lyrics-null	0	_radio_index/suno_backup/lyrics/92163cc3-c08b-4c75-94ac-496254f1f521.txt
ut-6f9a498fc8bab8a0	Sanatan Data (Drums)	2	title-fallback-lyrics-null	low-title-fallback	a7d65933-ac13-4ad7-ab6a-5aa7d140a532	1	a7d65933-ac13-4ad7-ab6a-5aa7d140a532	Sanaatana Vedic Frequency	English	sanaatana-vaigyaniq	Sanatan & Vedic	cover-local	lyrics-null	0	_radio_index/suno_backup/lyrics/a7d65933-ac13-4ad7-ab6a-5aa7d140a532.txt
ut-6f9a498fc8bab8a0	Sanatan Data (Drums)	2	title-fallback-lyrics-null	low-title-fallback	a7d65933-ac13-4ad7-ab6a-5aa7d140a532	2	fcb87d9a-652c-460e-bc96-12071b018834	Sanaatana Vedic Frequency	English	sanaatana-vaigyaniq	Sanatan & Vedic	cover-local	lyrics-null	0	_radio_index/suno_backup/lyrics/fcb87d9a-652c-460e-bc96-12071b018834.txt
ut-a3580f1842902914	Sanatan Data (FX)	2	title-fallback-lyrics-null	low-title-fallback	750b55e5-c14a-4830-b809-46c5c268bb10	1	750b55e5-c14a-4830-b809-46c5c268bb10	Sanaatana Vedic Frequency	English	sanaatana-vaigyaniq	Sanatan & Vedic	cover-local	lyrics-null	0	_radio_index/suno_backup/lyrics/750b55e5-c14a-4830-b809-46c5c268bb10.txt
ut-a3580f1842902914	Sanatan Data (FX)	2	title-fallback-lyrics-null	low-title-fallback	750b55e5-c14a-4830-b809-46c5c268bb10	2	fdc7c260-7895-4cf1-a49a-4c69b66d3ffd	Sanaatana Vedic Frequency	English	sanaatana-vaigyaniq	Sanatan & Vedic	cover-local	lyrics-null	0	_radio_index/suno_backup/lyrics/fdc7c260-7895-4cf1-a49a-4c69b66d3ffd.txt
ut-c7608ef6de63ddda	Sanatan Data (Guitar)	2	title-fallback-lyrics-null	low-title-fallback	06022320-56b7-4569-93f1-46ff24219ab6	1	06022320-56b7-4569-93f1-46ff24219ab6	Sanaatana Vedic Frequency	English	sanaatana-vaigyaniq	Sanatan & Vedic	cover-local	lyrics-null	0	_radio_index/suno_backup/lyrics/06022320-56b7-4569-93f1-46ff24219ab6.txt
ut-c7608ef6de63ddda	Sanatan Data (Guitar)	2	title-fallback-lyrics-null	low-title-fallback	06022320-56b7-4569-93f1-46ff24219ab6	2	5c1e3da3-0ba0-4e42-ac96-403818537176	Sanaatana Vedic Frequency	English	sanaatana-vaigyaniq	Sanatan & Vedic	cover-local	lyrics-null	0	_radio_index/suno_backup/lyrics/5c1e3da3-0ba0-4e42-ac96-403818537176.txt
ut-f74a24ba108333b3	Sanatan Data (Keyboard)	2	title-fallback-lyrics-null	low-title-fallback	30abfc96-11b2-4d86-b059-077e1cbd984c	1	30abfc96-11b2-4d86-b059-077e1cbd984c	Sanaatana Vedic Frequency	English	sanaatana-vaigyaniq	Sanatan & Vedic	cover-local	lyrics-null	0	_radio_index/suno_backup/lyrics/30abfc96-11b2-4d86-b059-077e1cbd984c.txt
ut-f74a24ba108333b3	Sanatan Data (Keyboard)	2	title-fallback-lyrics-null	low-title-fallback	30abfc96-11b2-4d86-b059-077e1cbd984c	2	d52c5488-160e-4898-95b6-9aba85fc57b1	Sanaatana Vedic Frequency	English	sanaatana-vaigyaniq	Sanatan & Vedic	cover-local	lyrics-null	0	_radio_index/suno_backup/lyrics/d52c5488-160e-4898-95b6-9aba85fc57b1.txt
ut-dd8da52c90a0fb2f	Sanatan Data (Percussion)	2	title-fallback-lyrics-null	low-title-fallback	5b28d996-b797-44fd-84e6-91260239f99a	1	5b28d996-b797-44fd-84e6-91260239f99a	Sanaatana Vedic Frequency	English	sanaatana-vaigyaniq	Sanatan & Vedic	cover-local	lyrics-null	0	_radio_index/suno_backup/lyrics/5b28d996-b797-44fd-84e6-91260239f99a.txt
ut-dd8da52c90a0fb2f	Sanatan Data (Percussion)	2	title-fallback-lyrics-null	low-title-fallback	5b28d996-b797-44fd-84e6-91260239f99a	2	c34d5864-b138-4724-8ce0-42b8df09bc20	Sanaatana Vedic Frequency	English	sanaatana-vaigyaniq	Sanatan & Vedic	cover-local	lyrics-null	0	_radio_index/suno_backup/lyrics/c34d5864-b138-4724-8ce0-42b8df09bc20.txt
ut-58d242d591f25e99	Sanatan Data (Strings)	2	title-fallback-lyrics-null	low-title-fallback	4038805a-13f2-4ea4-8ebc-0aaf8b8d4a63	1	4038805a-13f2-4ea4-8ebc-0aaf8b8d4a63	Sanaatana Vedic Frequency	English	sanaatana-vaigyaniq	Sanatan & Vedic	cover-local	lyrics-null	0	_radio_index/suno_backup/lyrics/4038805a-13f2-4ea4-8ebc-0aaf8b8d4a63.txt
ut-58d242d591f25e99	Sanatan Data (Strings)	2	title-fallback-lyrics-null	low-title-fallback	4038805a-13f2-4ea4-8ebc-0aaf8b8d4a63	2	8fb6e001-23ae-46fd-864d-27f15ca9c8a9	Sanaatana Vedic Frequency	English	sanaatana-vaigyaniq	Sanatan & Vedic	cover-local	lyrics-null	0	_radio_index/suno_backup/lyrics/8fb6e001-23ae-46fd-864d-27f15ca9c8a9.txt
ut-0aa1313c0e960e58	Sanatan Data (Synth)	2	title-fallback-lyrics-null	low-title-fallback	3afc05ed-d817-4a5d-8bc7-283c5aabfd16	1	3afc05ed-d817-4a5d-8bc7-283c5aabfd16	Sanaatana Vedic Frequency	English	sanaatana-vaigyaniq	Sanatan & Vedic	cover-local	lyrics-null	0	_radio_index/suno_backup/lyrics/3afc05ed-d817-4a5d-8bc7-283c5aabfd16.txt
ut-0aa1313c0e960e58	Sanatan Data (Synth)	2	title-fallback-lyrics-null	low-title-fallback	3afc05ed-d817-4a5d-8bc7-283c5aabfd16	2	df9decba-6d7a-4b41-b934-ece15438bc04	Sanaatana Vedic Frequency	English	sanaatana-vaigyaniq	Sanatan & Vedic	cover-local	lyrics-null	0	_radio_index/suno_backup/lyrics/df9decba-6d7a-4b41-b934-ece15438bc04.txt
ut-3c8f8f4d4bf21ee6	Sanatan Data (Woodwinds)	2	title-fallback-lyrics-null	low-title-fallback	55ff3fb9-78dd-47aa-954e-b679fb027780	1	55ff3fb9-78dd-47aa-954e-b679fb027780	Sanaatana Vedic Frequency	English	sanaatana-vaigyaniq	Sanatan & Vedic	cover-local	lyrics-null	0	_radio_index/suno_backup/lyrics/55ff3fb9-78dd-47aa-954e-b679fb027780.txt
ut-3c8f8f4d4bf21ee6	Sanatan Data (Woodwinds)	2	title-fallback-lyrics-null	low-title-fallback	55ff3fb9-78dd-47aa-954e-b679fb027780	2	bff7af57-604d-4eb1-8620-88141375f222	Sanaatana Vedic Frequency	English	sanaatana-vaigyaniq	Sanatan & Vedic	cover-local	lyrics-null	0	_radio_index/suno_backup/lyrics/bff7af57-604d-4eb1-8620-88141375f222.txt
ut-d8fc34e110734c63	Shankhnaad Cowbell Drop	2	exact-normalized-lyrics	high-local-exact	28ed327a-4860-4957-a494-fcd59d36bcd9	1	28ed327a-4860-4957-a494-fcd59d36bcd9	Sanaatana Vedic Frequency	English	sanaatana-vaigyaniq	Sanatan & Vedic	cover-local	lyrics-ready	37	_radio_index/suno_backup/lyrics/2026-05-23_28ed327a_Shankhnaad Cowbell Drop.txt
ut-d8fc34e110734c63	Shankhnaad Cowbell Drop	2	exact-normalized-lyrics	high-local-exact	28ed327a-4860-4957-a494-fcd59d36bcd9	2	cc265065-cce9-480d-8e32-6f6530047d9b	Sanaatana Vedic Frequency	Sanskrit	sanaatana-vaigyaniq	Sanatan & Vedic	cover-local	lyrics-ready	37	_radio_index/suno_backup/lyrics/2026-05-23_cc265065_Shankhnaad Cowbell Drop.txt
ut-3235a923fd7969e7	Syntyi aurinko	2	exact-normalized-lyrics	high-local-exact	fd028fa8-b2c3-4b4c-9be6-18aa0f01f0a6	1	fd028fa8-b2c3-4b4c-9be6-18aa0f01f0a6	Sanaatana Vedic Frequency	English	sanaatana-vaigyaniq	Sanatan & Vedic	cover-local	lyrics-ready	91	_radio_index/suno_backup/lyrics/2026-03-13_fd028fa8_untitled.txt
ut-3235a923fd7969e7	Syntyi aurinko	2	exact-normalized-lyrics	high-local-exact	fd028fa8-b2c3-4b4c-9be6-18aa0f01f0a6	2	78a88e07-df27-4c02-b739-c36f5768ab2a	Sanaatana Vedic Frequency	English	sanaatana-vaigyaniq	Sanatan & Vedic	cover-local	lyrics-ready	91	_radio_index/suno_backup/lyrics/2026-03-13_78a88e07_Universal Vedic Cosmic Connect.txt
ut-08c56e13f0ccdacf	Train Chug-Chug चमत्कार	2	exact-normalized-lyrics	high-local-exact	3c427c65-53cf-4f73-8314-f7c17ce91bfd	1	3c427c65-53cf-4f73-8314-f7c17ce91bfd	Hip-Hop Drill Rap	English	gurukul	Other / Misc	cover-local	lyrics-ready	18	_radio_index/suno_backup/lyrics/2026-04-21_3c427c65_Train Chug-Chug चमत्कार.txt
ut-08c56e13f0ccdacf	Train Chug-Chug चमत्कार	2	exact-normalized-lyrics	high-local-exact	3c427c65-53cf-4f73-8314-f7c17ce91bfd	2	ef0b0bee-7663-448a-879e-09acd3a01be8	Hip-Hop Drill Rap	Hindi	kabir-clubbing	Rap & Fusion	cover-local	lyrics-ready	18	_radio_index/suno_backup/lyrics/2026-04-21_ef0b0bee_Train Chug-Chug चमत्कार.txt
ut-dc529f4ba92e5387	Tujh Par भरोसा	2	exact-normalized-lyrics	high-local-exact	31e87d44-ff07-4ab5-8a2d-4381d75a2b64	1	31e87d44-ff07-4ab5-8a2d-4381d75a2b64	Kabir Sufi Qawwali	English	gurukul	Other / Misc	cover-local	lyrics-ready	1	_radio_index/suno_backup/lyrics/2026-05-13_31e87d44_Tujh Par भरोसा.txt
ut-dc529f4ba92e5387	Tujh Par भरोसा	2	exact-normalized-lyrics	high-local-exact	31e87d44-ff07-4ab5-8a2d-4381d75a2b64	2	4ee44646-3967-4f0a-bbae-22021f58063f	Bhakti Katha Devotional	Hindi	kabir-clubbing	Bhakti & Katha	cover-local	lyrics-ready	1	_radio_index/suno_backup/lyrics/2026-05-13_4ee44646_Tujh Par भरोसा.txt
ut-12f55f9e9e24488e	Vocals : "हा... हू... हौ... हन्... हनु... हनु...	2	exact-normalized-lyrics	high-local-exact	a24721b3-51c9-48b8-997b-0aab5ae3f158	1	a24721b3-51c9-48b8-997b-0aab5ae3f158	Bhakti Katha Devotional	English	kabir-clubbing	Bhakti & Katha	cover-local	lyrics-ready	7	_radio_index/suno_backup/lyrics/2026-05-24_a24721b3_ह्-हनु अनुमान.txt
ut-12f55f9e9e24488e	Vocals : "हा... हू... हौ... हन्... हनु... हनु...	2	exact-normalized-lyrics	high-local-exact	a24721b3-51c9-48b8-997b-0aab5ae3f158	2	39c60af7-873d-464c-ab83-86a116aa3a19	Hip-Hop Drill Rap	Hindi	kabir-clubbing	Rap & Fusion	cover-local	lyrics-ready	7	_radio_index/suno_backup/lyrics/2026-05-24_39c60af7_ह्-हनु अनुमान.txt
ut-263d581dc5409827	Vocals : "हा... हू... हौ... हन्... हनु... हनु...	2	exact-normalized-lyrics	high-local-exact	bcb08d50-076e-4408-ae04-389701191ee3	1	bcb08d50-076e-4408-ae04-389701191ee3	Sanaatana Vedic Frequency	English	sanaatana-vaigyaniq	Sanatan & Vedic	cover-local	lyrics-ready	32	_radio_index/suno_backup/lyrics/2026-05-24_bcb08d50_हनु-मान् हनु.txt
ut-263d581dc5409827	Vocals : "हा... हू... हौ... हन्... हनु... हनु...	2	exact-normalized-lyrics	high-local-exact	bcb08d50-076e-4408-ae04-389701191ee3	2	5873f9a6-c7cc-475b-8560-a6200c367731	World Fusion Global	Hindi	gurukul	Other / Misc	cover-local	lyrics-ready	32	_radio_index/suno_backup/lyrics/2026-05-24_5873f9a6_हनु-मान् हनु.txt
ut-8a2e99d9844ea655	تدبیرِ خاک	2	exact-normalized-lyrics	high-local-exact	eb83681b-2fdb-4f0f-b17b-e4d834c5e311	1	eb83681b-2fdb-4f0f-b17b-e4d834c5e311	Kabir Sufi Qawwali	Hindi	gurukul	Other / Misc	cover-local	lyrics-ready	79	_radio_index/suno_backup/lyrics/2026-04-15_eb83681b_تدبیرِ خاک.txt
ut-8a2e99d9844ea655	تدبیرِ خاک	2	exact-normalized-lyrics	high-local-exact	eb83681b-2fdb-4f0f-b17b-e4d834c5e311	2	42b244c3-4969-4900-a05f-905ab4afdd3a	Bhakti Katha Devotional	Hindi	kabir-clubbing	Bhakti & Katha	cover-local	lyrics-ready	79	_radio_index/suno_backup/lyrics/2026-04-15_42b244c3_تدبیرِ خاک.txt
ut-7973971288e9af17	ॐ	2	exact-normalized-lyrics	high-local-exact	87f41c73-b4cc-49e0-8e94-2058edd285bf	1	87f41c73-b4cc-49e0-8e94-2058edd285bf	Sanaatana Vedic Frequency	Sanskrit	sanaatana-vaigyaniq	Sanatan & Vedic	cover-local	lyrics-ready	74	_radio_index/suno_backup/lyrics/2026-03-16_87f41c73_ॐ.txt
ut-7973971288e9af17	ॐ	2	exact-normalized-lyrics	high-local-exact	87f41c73-b4cc-49e0-8e94-2058edd285bf	2	67162988-1ccc-4fa7-beab-230a0f681db0	Sanaatana Vedic Frequency	Sanskrit	sanaatana-vaigyaniq	Sanatan & Vedic	cover-local	lyrics-ready	74	_radio_index/suno_backup/lyrics/2026-03-16_67162988_ॐ.txt
ut-90f2ee345f1ac04f	ॐ	2	exact-normalized-lyrics	high-local-exact	42fb0963-ee69-497e-9b18-e76247c23bce	1	42fb0963-ee69-497e-9b18-e76247c23bce	Sanaatana Vedic Frequency	Sanskrit	sanaatana-vaigyaniq	Sanatan & Vedic	cover-local	lyrics-ready	62	_radio_index/suno_backup/lyrics/2026-03-16_42fb0963_ॐ.txt
ut-90f2ee345f1ac04f	ॐ	2	exact-normalized-lyrics	high-local-exact	42fb0963-ee69-497e-9b18-e76247c23bce	2	c237cdca-4f81-4f53-b062-92e3183b8389	Sanaatana Vedic Frequency	Sanskrit	sanaatana-vaigyaniq	Sanatan & Vedic	cover-local	lyrics-ready	62	_radio_index/suno_backup/lyrics/2026-03-16_c237cdca_ॐ.txt
ut-31d31f89ba9b0601	ॐ झं! झौं! झीं! फटक मार	2	exact-normalized-lyrics	high-local-exact	d192c358-e056-42b1-87ac-fb68c6578234	1	d192c358-e056-42b1-87ac-fb68c6578234	Sanaatana Vedic Frequency	Sanskrit	sanaatana-vaigyaniq	Sanatan & Vedic	cover-local	lyrics-ready	22	_radio_index/suno_backup/lyrics/2026-04-19_d192c358_झूठ-ध्वनि साधन.txt
ut-31d31f89ba9b0601	ॐ झं! झौं! झीं! फटक मार	2	exact-normalized-lyrics	high-local-exact	d192c358-e056-42b1-87ac-fb68c6578234	2	200924f6-fd97-4641-9ce1-dc0071add716	Hip-Hop Drill Rap	Hindi	kabir-clubbing	Rap & Fusion	cover-local	lyrics-ready	22	_radio_index/suno_backup/lyrics/2026-04-19_200924f6_झूठ-ध्वनि साधन.txt
ut-46ccf8107fb28bfd	ॐ नाद ब्रह्माय नमः	2	exact-normalized-lyrics	high-local-exact	5f3c39b1-4e21-4da6-8fec-d0305d37cfd8	1	5f3c39b1-4e21-4da6-8fec-d0305d37cfd8	Sanaatana Vedic Frequency	Sanskrit	sanaatana-vaigyaniq	Sanatan & Vedic	cover-local	lyrics-ready	36	_radio_index/suno_backup/lyrics/2026-03-11_5f3c39b1_ॐ नाद ब्रह्माय नमः.txt
ut-46ccf8107fb28bfd	ॐ नाद ब्रह्माय नमः	2	exact-normalized-lyrics	high-local-exact	5f3c39b1-4e21-4da6-8fec-d0305d37cfd8	2	506a890d-db34-4aca-a456-9943e1467713	Sanaatana Vedic Frequency	Sanskrit	sanaatana-vaigyaniq	Sanatan & Vedic	cover-local	lyrics-ready	36	_radio_index/suno_backup/lyrics/2026-03-11_506a890d_ॐ नाद ब्रह्माय नमः.txt
ut-bd4fce778464c1f4	ॐ नाद ब्रह्माय नमः	2	exact-normalized-lyrics	high-local-exact	b876868f-7ad9-437c-8a9a-985c1e15869d	1	b876868f-7ad9-437c-8a9a-985c1e15869d	Sanaatana Vedic Frequency	Sanskrit	sanaatana-vaigyaniq	Sanatan & Vedic	cover-local	lyrics-ready	115	_radio_index/suno_backup/lyrics/2026-03-11_b876868f_ॐ नाद ब्रह्माय नमः.txt
ut-bd4fce778464c1f4	ॐ नाद ब्रह्माय नमः	2	exact-normalized-lyrics	high-local-exact	b876868f-7ad9-437c-8a9a-985c1e15869d	2	32f65fcc-9867-4491-9f3f-f79076b657df	Sanaatana Vedic Frequency	Sanskrit	sanaatana-vaigyaniq	Sanatan & Vedic	cover-local	lyrics-ready	115	_radio_index/suno_backup/lyrics/2026-03-11_32f65fcc_ॐ नाद ब्रह्माय नमः.txt
ut-e8d4510452be45e0	ॐ नाद ब्रह्माय नमः	2	exact-normalized-lyrics	high-local-exact	a4e0a7f3-9d30-4d38-917f-7152d7ab7cbb	1	a4e0a7f3-9d30-4d38-917f-7152d7ab7cbb	Sanaatana Vedic Frequency	Sanskrit	sanaatana-vaigyaniq	Sanatan & Vedic	cover-local	lyrics-ready	28	_radio_index/suno_backup/lyrics/2026-03-11_a4e0a7f3_ॐ नाद ब्रह्माय नमः.txt
ut-e8d4510452be45e0	ॐ नाद ब्रह्माय नमः	2	exact-normalized-lyrics	high-local-exact	a4e0a7f3-9d30-4d38-917f-7152d7ab7cbb	2	d9cce68e-a94b-4ad4-baaa-f327f7b3b857	Sanaatana Vedic Frequency	Sanskrit	sanaatana-vaigyaniq	Sanatan & Vedic	cover-local	lyrics-ready	28	_radio_index/suno_backup/lyrics/2026-03-11_d9cce68e_ॐ नाद ब्रह्माय नमः.txt
ut-ea27e050476369a8	ॐ नाद ब्रह्माय नमः	2	exact-normalized-lyrics	high-local-exact	b4587005-bec9-4fd3-be9a-f8a9704d9c09	1	b4587005-bec9-4fd3-be9a-f8a9704d9c09	Sanaatana Vedic Frequency	Sanskrit	sanaatana-vaigyaniq	Sanatan & Vedic	cover-local	lyrics-ready	74	_radio_index/suno_backup/lyrics/2026-03-11_b4587005_ॐ नाद ब्रह्माय नमः.txt
ut-ea27e050476369a8	ॐ नाद ब्रह्माय नमः	2	exact-normalized-lyrics	high-local-exact	b4587005-bec9-4fd3-be9a-f8a9704d9c09	2	1daf1c07-046b-424d-8daa-53684e2182dd	Sanaatana Vedic Frequency	Sanskrit	sanaatana-vaigyaniq	Sanatan & Vedic	cover-local	lyrics-ready	74	_radio_index/suno_backup/lyrics/2026-03-11_1daf1c07_ॐ नाद ब्रह्माय नमः.txt
ut-eb1c7f867e4f3492	अंक 1 – शहर	2	exact-normalized-lyrics	high-local-exact	376451ac-cca7-45f8-888b-707b3fce09ba	1	376451ac-cca7-45f8-888b-707b3fce09ba	Bhakti Katha Devotional	Hindi	kabir-clubbing	Bhakti & Katha	cover-local	lyrics-ready	36	_radio_index/suno_backup/lyrics/2026-04-20_376451ac_आंसू तौल-मोल.txt
ut-eb1c7f867e4f3492	अंक 1 – शहर	2	exact-normalized-lyrics	high-local-exact	376451ac-cca7-45f8-888b-707b3fce09ba	2	dbccc64f-268b-4c67-b479-32878a298eab	Bhakti Katha Devotional	Hindi	kabir-clubbing	Bhakti & Katha	cover-local	lyrics-ready	36	_radio_index/suno_backup/lyrics/2026-04-20_dbccc64f_आंसू तौल-मोल.txt
ut-6f3b69d7488ce72f	अक्षर-बेच समझौता	2	exact-normalized-lyrics	high-local-exact	86ee6acf-c17f-4674-bf19-557333906d47	1	86ee6acf-c17f-4674-bf19-557333906d47	Hip-Hop Drill Rap	Hindi	kabir-clubbing	Rap & Fusion	cover-local	lyrics-ready	23	_radio_index/suno_backup/lyrics/2026-04-14_86ee6acf_अक्षर-बेच समझौता.txt
ut-6f3b69d7488ce72f	अक्षर-बेच समझौता	2	exact-normalized-lyrics	high-local-exact	86ee6acf-c17f-4674-bf19-557333906d47	2	e773bb44-f4cd-4cdd-b0cd-2a3b9749060f	Hip-Hop Drill Rap	Hindi	kabir-clubbing	Rap & Fusion	cover-local	lyrics-ready	23	_radio_index/suno_backup/lyrics/2026-04-14_e773bb44_अक्षर-बेच समझौता.txt
ut-bf3e63f36803fbc1	अधिनारा हँसी	2	exact-normalized-lyrics	high-local-exact	8a1552e3-f66a-47d5-9b8f-962ea1ca02d7	1	8a1552e3-f66a-47d5-9b8f-962ea1ca02d7	Album Unassigned	Hindi	gurukul	Other / Misc	cover-local	lyrics-ready	50	_radio_index/suno_backup/lyrics/2026-04-21_8a1552e3_अधिनारा हँसी.txt
ut-bf3e63f36803fbc1	अधिनारा हँसी	2	exact-normalized-lyrics	high-local-exact	8a1552e3-f66a-47d5-9b8f-962ea1ca02d7	2	3a04f1ee-76c8-4231-a913-8316bd017536	Bhakti Katha Devotional	Hindi	kabir-clubbing	Bhakti & Katha	cover-local	lyrics-ready	50	_radio_index/suno_backup/lyrics/2026-04-21_3a04f1ee_अधिनारा हँसी.txt
ut-ba13d110c9fd4f7f	अधूरे से मंत्रों में पूर्ण की परिकल्पना	2	exact-normalized-lyrics	high-local-exact	55b087c3-f3be-437a-9900-27fd029e6c9c	1	55b087c3-f3be-437a-9900-27fd029e6c9c	Bhakti Katha Devotional	Hindi	kabir-clubbing	Bhakti & Katha	cover-local	lyrics-ready	27	_radio_index/suno_backup/lyrics/2026-04-17_55b087c3_बंद आँखों का प्रत्यक्ष.txt
ut-ba13d110c9fd4f7f	अधूरे से मंत्रों में पूर्ण की परिकल्पना	2	exact-normalized-lyrics	high-local-exact	55b087c3-f3be-437a-9900-27fd029e6c9c	2	57e5c812-cb4c-4121-8851-0bb1adf03ea3	Folk Fusion Lok Rang	Hindi	gurukul	Other / Misc	cover-local	lyrics-ready	27	_radio_index/suno_backup/lyrics/2026-04-17_57e5c812_बंद आँखों का प्रत्यक्ष.txt
ut-6b3ef68e32fe0f4c	अमर शत्रुहंता	2	exact-normalized-lyrics	high-local-exact	9f8b0cb8-2b2d-47cb-8906-259a2f1e6144	1	9f8b0cb8-2b2d-47cb-8906-259a2f1e6144	Sanaatana Vedic Frequency	Sanskrit	sanaatana-vaigyaniq	Sanatan & Vedic	cover-local	lyrics-ready	34	_radio_index/suno_backup/lyrics/2026-05-09_9f8b0cb8_महाराणा क़फि़या.txt
ut-6b3ef68e32fe0f4c	अमर शत्रुहंता	2	exact-normalized-lyrics	high-local-exact	9f8b0cb8-2b2d-47cb-8906-259a2f1e6144	2	4cacd011-00d8-408e-97ef-d7bfb366b23e	Cinematic Cosmic Epics	Hindi	sanaatana-vaigyaniq	Classical & Raag	cover-local	lyrics-ready	34	_radio_index/suno_backup/lyrics/2026-05-09_4cacd011_महाराणा क़फि़या.txt
ut-49d2bc6cb61bc869	आँखें रातभर	2	exact-normalized-lyrics	high-local-exact	27601dd5-f441-413d-bb6e-6efae567a7f7	1	27601dd5-f441-413d-bb6e-6efae567a7f7	Folk Fusion Lok Rang	Hindi	gurukul	Other / Misc	cover-local	lyrics-ready	29	_radio_index/suno_backup/lyrics/2026-05-15_27601dd5_आँखें रातभर.txt
ut-49d2bc6cb61bc869	आँखें रातभर	2	exact-normalized-lyrics	high-local-exact	27601dd5-f441-413d-bb6e-6efae567a7f7	2	eeadca81-afe0-426b-aec0-9bb8e7226283	Folk Fusion Lok Rang	Haryanvi	ameerpur	Haryanvi Folk	cover-local	lyrics-ready	29	_radio_index/suno_backup/lyrics/2026-05-15_eeadca81_आँखें रातभर.txt
ut-09559d8ab257124e	आग बराबर दोनों की पर एक बहुत शरमाए	2	exact-normalized-lyrics	high-local-exact	0ad2d889-56ad-4107-a42f-9ffdd61e99dc	1	0ad2d889-56ad-4107-a42f-9ffdd61e99dc	Hip-Hop Drill Rap	Hindi	kabir-clubbing	Rap & Fusion	cover-local	lyrics-ready	67	_radio_index/suno_backup/lyrics/2026-04-15_0ad2d889_गीली साँस घचा.txt
ut-09559d8ab257124e	आग बराबर दोनों की पर एक बहुत शरमाए	2	exact-normalized-lyrics	high-local-exact	0ad2d889-56ad-4107-a42f-9ffdd61e99dc	2	91b02afc-ce51-407b-9fed-8ab45bf8d00d	Hip-Hop Drill Rap	Hindi	kabir-clubbing	Rap & Fusion	cover-local	lyrics-ready	67	_radio_index/suno_backup/lyrics/2026-04-15_91b02afc_गीली साँस घचा.txt
ut-1961f62e9084da32	आग बराबर दोनों की पर एक बहुत शरमाए	2	exact-normalized-lyrics	high-local-exact	5156c5cc-0a46-4b76-bdcd-a344c362d213	1	5156c5cc-0a46-4b76-bdcd-a344c362d213	Album Unassigned	Hindi	gurukul	Other / Misc	cover-local	lyrics-ready	38	_radio_index/suno_backup/lyrics/2026-04-15_5156c5cc_मुंह-खून खांचा.txt
ut-1961f62e9084da32	आग बराबर दोनों की पर एक बहुत शरमाए	2	exact-normalized-lyrics	high-local-exact	5156c5cc-0a46-4b76-bdcd-a344c362d213	2	d6804818-7296-4af6-8e5e-d58ed14b5587	Album Unassigned	Hindi	gurukul	Other / Misc	cover-local	lyrics-ready	38	_radio_index/suno_backup/lyrics/2026-04-15_d6804818_मुंह-खून खांचा.txt
ut-ebd2520ea299795e	आग बराबर दोनों की पर एक बहुत शरमाए	2	exact-normalized-lyrics	high-local-exact	56c6ee93-d6c7-4a25-bf41-942cec57818f	1	56c6ee93-d6c7-4a25-bf41-942cec57818f	Hip-Hop Drill Rap	Hindi	kabir-clubbing	Rap & Fusion	cover-local	lyrics-ready	67	_radio_index/suno_backup/lyrics/2026-04-15_56c6ee93_घचा घच.txt
ut-ebd2520ea299795e	आग बराबर दोनों की पर एक बहुत शरमाए	2	exact-normalized-lyrics	high-local-exact	56c6ee93-d6c7-4a25-bf41-942cec57818f	2	cc349f0b-7495-4b69-8753-ecc62cb1ee80	Hip-Hop Drill Rap	Hindi	kabir-clubbing	Rap & Fusion	cover-local	lyrics-ready	67	_radio_index/suno_backup/lyrics/2026-04-15_cc349f0b_घचा घच.txt
ut-9803e0472d6f7954	आवाज़ों की अदालत	2	exact-normalized-lyrics	high-local-exact	7f329b6d-8172-4674-adad-6f83614ad576	1	7f329b6d-8172-4674-adad-6f83614ad576	Hip-Hop Drill Rap	Hindi	kabir-clubbing	Rap & Fusion	cover-local	lyrics-ready	20	_radio_index/suno_backup/lyrics/2026-04-13_7f329b6d_आवाजों़ की अदालत.txt
ut-9803e0472d6f7954	आवाज़ों की अदालत	2	exact-normalized-lyrics	high-local-exact	7f329b6d-8172-4674-adad-6f83614ad576	2	fa63a507-2f0d-4477-b328-7e8895a24c68	Desh Veer Patriotic	Hindi	ameerpur	Desh / Patriotic	cover-local	lyrics-ready	20	_radio_index/suno_backup/lyrics/2026-04-13_fa63a507_आवाजों़ की अदालत.txt
ut-aeb8497a0422158c	आवाज़ों की अदालत	2	exact-normalized-lyrics	high-local-exact	212b81f6-e8b1-474c-9352-45c27deed354	1	212b81f6-e8b1-474c-9352-45c27deed354	Sanaatana Vedic Frequency	Sanskrit	sanaatana-vaigyaniq	Sanatan & Vedic	cover-local	lyrics-ready	29	_radio_index/suno_backup/lyrics/2026-04-13_212b81f6_आवाजों़ की अदालत.txt
ut-aeb8497a0422158c	आवाज़ों की अदालत	2	exact-normalized-lyrics	high-local-exact	212b81f6-e8b1-474c-9352-45c27deed354	2	91fa6d67-0722-4664-bf50-57a42d36afe0	Hip-Hop Drill Rap	Hindi	kabir-clubbing	Rap & Fusion	cover-local	lyrics-ready	29	_radio_index/suno_backup/lyrics/2026-04-13_91fa6d67_आवाजों़ की अदालत.txt
ut-aefbd799f14d846d	आवाज़ों की अदालत	2	exact-normalized-lyrics	high-local-exact	fa7b702f-3dea-44bc-967c-93860cd46e1a	1	fa7b702f-3dea-44bc-967c-93860cd46e1a	Classical Raga Darbar	Hindi	sanaatana-vaigyaniq	Classical & Raag	cover-local	lyrics-ready	34	_radio_index/suno_backup/lyrics/2026-04-13_fa7b702f_आवाजों़ की अदालत.txt
ut-aefbd799f14d846d	आवाज़ों की अदालत	2	exact-normalized-lyrics	high-local-exact	fa7b702f-3dea-44bc-967c-93860cd46e1a	2	e69716ad-6001-4c92-9160-2a4a79565ed6	Sanaatana Vedic Frequency	English	sanaatana-vaigyaniq	Sanatan & Vedic	cover-local	lyrics-ready	34	_radio_index/suno_backup/lyrics/2026-04-13_e69716ad_आवाजों़ की अदालत.txt
ut-fc2132c88526ea6f	आवाज़ों की अदालत में केस करे दीवाना	2	exact-normalized-lyrics	high-local-exact	7a79f5a5-df08-4b19-b670-e23e71ff6738	1	7a79f5a5-df08-4b19-b670-e23e71ff6738	Folk Fusion Lok Rang	Haryanvi	ameerpur	Haryanvi Folk	cover-local	lyrics-ready	17	_radio_index/suno_backup/lyrics/2026-04-13_7a79f5a5_तीखी फकीराना सीटी.txt
ut-fc2132c88526ea6f	आवाज़ों की अदालत में केस करे दीवाना	2	exact-normalized-lyrics	high-local-exact	7a79f5a5-df08-4b19-b670-e23e71ff6738	2	05aa80d4-acdd-4719-9275-9692846ebe1a	Hip-Hop Drill Rap	Hindi	kabir-clubbing	Rap & Fusion	cover-local	lyrics-ready	17	_radio_index/suno_backup/lyrics/2026-04-13_05aa80d4_तीखी फकीराना सीटी.txt
ut-368795f1b01e45a1	आशिका न	2	exact-normalized-lyrics	high-local-exact	565636d5-7042-4a96-88a9-f7835e3df3d0	1	565636d5-7042-4a96-88a9-f7835e3df3d0	Folk Fusion Lok Rang	Haryanvi	ameerpur	Haryanvi Folk	cover-local	lyrics-ready	57	_radio_index/suno_backup/lyrics/2026-05-07_565636d5_नीऑन लस्का.txt
ut-368795f1b01e45a1	आशिका न	2	exact-normalized-lyrics	high-local-exact	565636d5-7042-4a96-88a9-f7835e3df3d0	2	74a54818-5c55-4db4-bc1f-7dfa1e9fce6d	Hip-Hop Drill Rap	Hindi	kabir-clubbing	Rap & Fusion	cover-local	lyrics-ready	57	_radio_index/suno_backup/lyrics/2026-05-07_74a54818_नीऑन लस्का.txt
ut-a58e9e14bdbe8fb9	इतनी करीब आ जाती है	2	exact-normalized-lyrics	high-local-exact	48633b3f-1638-40cc-b3e8-55bd791ea44e	1	48633b3f-1638-40cc-b3e8-55bd791ea44e	Folk Fusion Lok Rang	Haryanvi	ameerpur	Haryanvi Folk	cover-local	lyrics-ready	22	_radio_index/suno_backup/lyrics/2026-04-30_48633b3f_कैसी वैसी सी.txt
ut-a58e9e14bdbe8fb9	इतनी करीब आ जाती है	2	exact-normalized-lyrics	high-local-exact	48633b3f-1638-40cc-b3e8-55bd791ea44e	2	fec3e2d0-b4c1-47aa-b22f-a7b5f2ea4774	Hip-Hop Drill Rap	Hindi	kabir-clubbing	Rap & Fusion	cover-local	lyrics-ready	22	_radio_index/suno_backup/lyrics/2026-04-30_fec3e2d0_कैसी वैसी सी.txt
ut-a224379cedc50deb	इश्क-ए-इलाका	2	exact-normalized-lyrics	high-local-exact	3d3e0685-76e1-4447-88b2-83897ac87205	1	3d3e0685-76e1-4447-88b2-83897ac87205	Hip-Hop Drill Rap	Hindi	kabir-clubbing	Rap & Fusion	cover-local	lyrics-ready	62	_radio_index/suno_backup/lyrics/2026-04-12_3d3e0685_इश्क-ए-इलाका.txt
ut-a224379cedc50deb	इश्क-ए-इलाका	2	exact-normalized-lyrics	high-local-exact	3d3e0685-76e1-4447-88b2-83897ac87205	2	47df1a51-f676-4534-9f25-5dd295225c24	Sanaatana Vedic Frequency	Sanskrit	sanaatana-vaigyaniq	Sanatan & Vedic	cover-local	lyrics-ready	62	_radio_index/suno_backup/lyrics/2026-04-12_47df1a51_इश्क-ए-इलाका.txt
ut-9b598363c4e84e91	इस रंज-ओ-ग़म की दुनिया में मुझको यक़ीन न था	2	exact-normalized-lyrics	high-local-exact	3dfe2673-db12-496e-a169-ea75a891fef2	1	3dfe2673-db12-496e-a169-ea75a891fef2	Album Unassigned	Hindi	gurukul	Other / Misc	cover-local	lyrics-ready	14	_radio_index/suno_backup/lyrics/2026-05-06_3dfe2673_साँस का पहरा.txt
ut-9b598363c4e84e91	इस रंज-ओ-ग़म की दुनिया में मुझको यक़ीन न था	2	exact-normalized-lyrics	high-local-exact	3dfe2673-db12-496e-a169-ea75a891fef2	2	091ab81d-180d-4521-8005-1d08377b3f14	Cinematic Cosmic Epics	Hindi	ameerpur	Love & Virah	cover-local	lyrics-ready	14	_radio_index/suno_backup/lyrics/2026-05-06_091ab81d_साँस का पहरा.txt
ut-66e7e642db88e576	एक फूल ओ सुनहरा	2	exact-normalized-lyrics	high-local-exact	6fe0efcf-2803-4ea7-83a7-a2f0a923176d	1	6fe0efcf-2803-4ea7-83a7-a2f0a923176d	Folk Fusion Lok Rang	Haryanvi	ameerpur	Haryanvi Folk	cover-local	lyrics-ready	101	_radio_index/suno_backup/lyrics/2026-04-30_6fe0efcf_सुनहर हारा फूका.txt
ut-66e7e642db88e576	एक फूल ओ सुनहरा	2	exact-normalized-lyrics	high-local-exact	6fe0efcf-2803-4ea7-83a7-a2f0a923176d	2	c50d2540-0f2b-4c94-bb28-6a3c4883e847	Hip-Hop Drill Rap	Hindi	sanaatana-vaigyaniq	Classical & Raag	cover-local	lyrics-ready	101	_radio_index/suno_backup/lyrics/2026-04-30_c50d2540_सुनहर हारा फूका.txt
ut-dfcd1e345c9cf007	ओ काला कोट	2	exact-normalized-lyrics	high-local-exact	65806a40-681c-40b3-a051-6052aac0137c	1	65806a40-681c-40b3-a051-6052aac0137c	Love Virah Ghazal	Hindi	ameerpur	Love & Virah	cover-local	lyrics-ready	90	_radio_index/suno_backup/lyrics/2026-04-12_65806a40_काला कोट.txt
ut-dfcd1e345c9cf007	ओ काला कोट	2	exact-normalized-lyrics	high-local-exact	65806a40-681c-40b3-a051-6052aac0137c	2	ff2b259f-36d3-441b-ad10-8e1669c878d3	Album Unassigned	Hindi	gurukul	Other / Misc	cover-local	lyrics-ready	90	_radio_index/suno_backup/lyrics/2026-04-12_ff2b259f_काला कोट.txt
ut-c5598deea73978c7	कबीर निर्गुण	2	exact-normalized-lyrics	high-local-exact	0551f9c5-85b2-43c5-a715-b29b3a10df0c	1	0551f9c5-85b2-43c5-a715-b29b3a10df0c	Hip-Hop Drill Rap	Hindi	kabir-clubbing	Bhakti & Katha	cover-local	lyrics-ready	41	_radio_index/suno_backup/lyrics/2026-05-23_0551f9c5_कबीर निर्गुण.txt
ut-c5598deea73978c7	कबीर निर्गुण	2	exact-normalized-lyrics	high-local-exact	0551f9c5-85b2-43c5-a715-b29b3a10df0c	2	77a40556-adc6-4bd2-bf2d-3bfac249ad2a	Bhakti Katha Devotional	Hindi	kabir-clubbing	Bhakti & Katha	cover-local	lyrics-ready	41	_radio_index/suno_backup/lyrics/2026-05-23_77a40556_कबीर निर्गुण.txt
ut-3d7ecbb9d33164c9	कबीरा न रो	2	exact-normalized-lyrics	high-local-exact	75a7a676-5662-4f89-b35d-b1f787192f99	1	75a7a676-5662-4f89-b35d-b1f787192f99	Bhakti Katha Devotional	Hindi	kabir-clubbing	Bhakti & Katha	cover-local	lyrics-ready	84	_radio_index/suno_backup/lyrics/2026-04-19_75a7a676_नमक की सनक.txt
ut-3d7ecbb9d33164c9	कबीरा न रो	2	exact-normalized-lyrics	high-local-exact	75a7a676-5662-4f89-b35d-b1f787192f99	2	aa1881d9-c310-46ae-a942-bbcdeaa35490	Hip-Hop Drill Rap	Hindi	kabir-clubbing	Rap & Fusion	cover-local	lyrics-ready	84	_radio_index/suno_backup/lyrics/2026-04-19_aa1881d9_नमक की सनक.txt
ut-74609ac012138944	कबीरा न रो	2	exact-normalized-lyrics	high-local-exact	119e5763-3ed3-4801-b36d-5146d62459cb	1	119e5763-3ed3-4801-b36d-5146d62459cb	Bhakti Katha Devotional	Hindi	kabir-clubbing	Bhakti & Katha	cover-local	lyrics-ready	32	_radio_index/suno_backup/lyrics/2026-04-19_119e5763_कबीरा न रो.txt
ut-74609ac012138944	कबीरा न रो	2	exact-normalized-lyrics	high-local-exact	119e5763-3ed3-4801-b36d-5146d62459cb	2	b893c0fe-1e67-4f62-9a13-005c52b42182	Folk Fusion Lok Rang	Hindi	kabir-clubbing	Bhakti & Katha	cover-local	lyrics-ready	32	_radio_index/suno_backup/lyrics/2026-04-19_b893c0fe_कबीरा न रो.txt
ut-b924e2b06f0eed3b	कबीरा न रो	2	exact-normalized-lyrics	high-local-exact	a8149b61-2d92-49dc-953c-4ada38600bae	1	a8149b61-2d92-49dc-953c-4ada38600bae	Bhakti Katha Devotional	Hindi	kabir-clubbing	Bhakti & Katha	cover-local	lyrics-ready	41	_radio_index/suno_backup/lyrics/2026-04-19_a8149b61_नमक सनक.txt
ut-b924e2b06f0eed3b	कबीरा न रो	2	exact-normalized-lyrics	high-local-exact	a8149b61-2d92-49dc-953c-4ada38600bae	2	e81cfcda-4146-4974-97ad-0def356a7395	Hip-Hop Drill Rap	Hindi	kabir-clubbing	Rap & Fusion	cover-local	lyrics-ready	41	_radio_index/suno_backup/lyrics/2026-04-19_e81cfcda_नमक सनक.txt
ut-35586bced570f392	करुणा-शस्त्र विधान	2	exact-normalized-lyrics	high-local-exact	510031ab-3950-43ea-bcb9-b2e19ede7eb2	1	510031ab-3950-43ea-bcb9-b2e19ede7eb2	Hip-Hop Drill Rap	Hindi	gurukul	Other / Misc	cover-local	lyrics-ready	37	_radio_index/suno_backup/lyrics/2026-04-17_510031ab_करुणा-शस्त्र विधान.txt
ut-35586bced570f392	करुणा-शस्त्र विधान	2	exact-normalized-lyrics	high-local-exact	510031ab-3950-43ea-bcb9-b2e19ede7eb2	2	4a506fe2-5611-45d3-8b3c-5636aa1122bf	Hip-Hop Drill Rap	Hindi	kabir-clubbing	Rap & Fusion	cover-local	lyrics-ready	37	_radio_index/suno_backup/lyrics/2026-04-17_4a506fe2_करुणा-शस्त्र विधान.txt
ut-50f4dc805362cdf8	करें परेशान	2	exact-normalized-lyrics	high-local-exact	18cc6ebd-d8fe-4bf0-a598-1abdd0082fc7	1	18cc6ebd-d8fe-4bf0-a598-1abdd0082fc7	Love Virah Ghazal	Hindi	ameerpur	Love & Virah	cover-local	lyrics-ready	17	_radio_index/suno_backup/lyrics/2026-04-22_18cc6ebd_रेत पर निशाँ.txt
ut-50f4dc805362cdf8	करें परेशान	2	exact-normalized-lyrics	high-local-exact	18cc6ebd-d8fe-4bf0-a598-1abdd0082fc7	2	87cb98e9-3781-4876-86b0-4540f8ecf4b1	Kabir Sufi Qawwali	Hindi	gurukul	Other / Misc	cover-local	lyrics-ready	17	_radio_index/suno_backup/lyrics/2026-04-22_87cb98e9_रेत पर निशाँ.txt
ut-446d190056fc2ef3	कालिख के भीतर	2	exact-normalized-lyrics	high-local-exact	528f2a41-6fab-4d6b-b0f0-45a21fb3cfee	1	528f2a41-6fab-4d6b-b0f0-45a21fb3cfee	Hip-Hop Drill Rap	Hindi	kabir-clubbing	Rap & Fusion	cover-local	lyrics-ready	51	_radio_index/suno_backup/lyrics/2026-03-10_528f2a41_कालिख के भीतर.txt
ut-446d190056fc2ef3	कालिख के भीतर	2	exact-normalized-lyrics	high-local-exact	528f2a41-6fab-4d6b-b0f0-45a21fb3cfee	2	f478b032-6f73-4a1e-8e33-cd1862b9037e	Hip-Hop Drill Rap	Hindi	kabir-clubbing	Rap & Fusion	cover-local	lyrics-ready	51	_radio_index/suno_backup/lyrics/2026-03-10_f478b032_कालिख के भीतर.txt
ut-91e78315530676d2	कालिख के भीतर	2	exact-normalized-lyrics	high-local-exact	38e46be7-3f17-43e1-8de5-3661e8c064e3	1	38e46be7-3f17-43e1-8de5-3661e8c064e3	Hip-Hop Drill Rap	Hindi	kabir-clubbing	Rap & Fusion	cover-local	lyrics-ready	36	_radio_index/suno_backup/lyrics/2026-03-10_38e46be7_कालिख के भीतर.txt
ut-91e78315530676d2	कालिख के भीतर	2	exact-normalized-lyrics	high-local-exact	38e46be7-3f17-43e1-8de5-3661e8c064e3	2	9bf062dd-ac56-449f-9f77-b6f50d235b4e	Hip-Hop Drill Rap	Hindi	kabir-clubbing	Rap & Fusion	cover-local	lyrics-ready	36	_radio_index/suno_backup/lyrics/2026-03-10_9bf062dd_कालिख के भीतर.txt
ut-5dd0b853ce5991ae	काली-कलम-का	2	exact-normalized-lyrics	high-local-exact	236a15f1-5e9d-4489-9d6a-28e76211f10f	1	236a15f1-5e9d-4489-9d6a-28e76211f10f	Naagin Mystic Aghor	Hindi	kabir-clubbing	Naagin & Mystic	cover-local	lyrics-ready	128	_radio_index/suno_backup/lyrics/2026-05-24_236a15f1_काली-कलम-का.txt
ut-5dd0b853ce5991ae	काली-कलम-का	2	exact-normalized-lyrics	high-local-exact	236a15f1-5e9d-4489-9d6a-28e76211f10f	2	832210ad-c382-4ee4-8099-264df30ef06c	Sanaatana Vedic Frequency	Sanskrit	sanaatana-vaigyaniq	Sanatan & Vedic	cover-local	lyrics-ready	128	_radio_index/suno_backup/lyrics/2026-05-24_832210ad_काली-कलम-का.txt
ut-6678c063b033da4a	काश वो बचपन फिर से लौट आए	2	exact-normalized-lyrics	high-local-exact	6d0a9964-c0d3-45cf-925a-c9fa28f97ba3	1	6d0a9964-c0d3-45cf-925a-c9fa28f97ba3	Bhakti Katha Devotional	Hindi	kabir-clubbing	Bhakti & Katha	cover-local	lyrics-ready	23	_radio_index/suno_backup/lyrics/2026-05-24_6d0a9964_छत की चादर.txt
ut-6678c063b033da4a	काश वो बचपन फिर से लौट आए	2	exact-normalized-lyrics	high-local-exact	6d0a9964-c0d3-45cf-925a-c9fa28f97ba3	2	2cde1a1a-4b66-4a74-ba16-bd13a1f93fd4	Folk Fusion Lok Rang	Hindi	sanaatana-vaigyaniq	Classical & Raag	cover-local	lyrics-ready	23	_radio_index/suno_backup/lyrics/2026-05-24_2cde1a1a_छत की चादर.txt
ut-cb82c939070ed359	काश वो बचपन फिर से लौट आए	2	exact-normalized-lyrics	high-local-exact	b1bd425e-a117-432d-81ca-2acb4c87fa00	1	b1bd425e-a117-432d-81ca-2acb4c87fa00	Bhakti Katha Devotional	Hindi	kabir-clubbing	Bhakti & Katha	cover-local	lyrics-ready	23	_radio_index/suno_backup/lyrics/2026-05-24_b1bd425e_छत वाला सितारों.txt
ut-cb82c939070ed359	काश वो बचपन फिर से लौट आए	2	exact-normalized-lyrics	high-local-exact	b1bd425e-a117-432d-81ca-2acb4c87fa00	2	467d741a-c022-402a-b47d-0a2abb53f043	Folk Fusion Lok Rang	Hindi	sanaatana-vaigyaniq	Classical & Raag	cover-local	lyrics-ready	23	_radio_index/suno_backup/lyrics/2026-05-24_467d741a_छत वाला सितारों.txt
ut-4b238f0cde7d250a	कुचली पुचली लाला	2	exact-normalized-lyrics	high-local-exact	38523b11-2e31-40ac-bdc6-03bfd30b1186	1	38523b11-2e31-40ac-bdc6-03bfd30b1186	Hip-Hop Drill Rap	Hindi	kabir-clubbing	Rap & Fusion	cover-local	lyrics-ready	40	_radio_index/suno_backup/lyrics/2026-04-17_38523b11_कुचली पुचली लाला.txt
ut-4b238f0cde7d250a	कुचली पुचली लाला	2	exact-normalized-lyrics	high-local-exact	38523b11-2e31-40ac-bdc6-03bfd30b1186	2	9feeffc6-46ed-4d5d-9f48-82803d34d8ca	Bhakti Katha Devotional	Hindi	kabir-clubbing	Bhakti & Katha	cover-local	lyrics-ready	40	_radio_index/suno_backup/lyrics/2026-04-17_9feeffc6_कुचली पुचली लाला.txt
ut-a07d97cf38f1dfbe	कुचली पुचली लाला	2	exact-normalized-lyrics	high-local-exact	3118ddf7-ffd5-4762-a8c4-74a78371a3e4	1	3118ddf7-ffd5-4762-a8c4-74a78371a3e4	Folk Fusion Lok Rang	Hindi	gurukul	Other / Misc	cover-local	lyrics-ready	37	_radio_index/suno_backup/lyrics/2026-04-17_3118ddf7_कुचली पुचली लाला.txt
ut-a07d97cf38f1dfbe	कुचली पुचली लाला	2	exact-normalized-lyrics	high-local-exact	3118ddf7-ffd5-4762-a8c4-74a78371a3e4	2	23ec5f01-efef-4073-8948-4870619c32c9	Bhakti Katha Devotional	Hindi	kabir-clubbing	Bhakti & Katha	cover-local	lyrics-ready	37	_radio_index/suno_backup/lyrics/2026-04-17_23ec5f01_कुचली पुचली लाला.txt
ut-9f0177b234587a94	कुचली-पुचली लाला	2	exact-normalized-lyrics	high-local-exact	a3921a5e-3468-4352-82c7-464bbbbdee6f	1	a3921a5e-3468-4352-82c7-464bbbbdee6f	Folk Fusion Lok Rang	Hindi	gurukul	Other / Misc	cover-local	lyrics-ready	40	_radio_index/suno_backup/lyrics/2026-04-17_a3921a5e_कुचली-पुचली लाला.txt
ut-9f0177b234587a94	कुचली-पुचली लाला	2	exact-normalized-lyrics	high-local-exact	a3921a5e-3468-4352-82c7-464bbbbdee6f	2	5bb71084-6ab7-4e1b-b9d2-1b1f5dcd962a	Bhakti Katha Devotional	Hindi	kabir-clubbing	Bhakti & Katha	cover-local	lyrics-ready	40	_radio_index/suno_backup/lyrics/2026-04-17_5bb71084_कुचली-पुचली लाला.txt
ut-48ad514219b77301	कुछ भी व्यर्थ नहीं जाए	2	exact-normalized-lyrics	high-local-exact	cba259ca-2b8c-46df-b367-0ff9b780bbe2	1	cba259ca-2b8c-46df-b367-0ff9b780bbe2	Bhakti Katha Devotional	Hindi	kabir-clubbing	Bhakti & Katha	cover-local	lyrics-ready	34	_radio_index/suno_backup/lyrics/2026-04-11_cba259ca_दो घडे़ टूटा.txt
ut-48ad514219b77301	कुछ भी व्यर्थ नहीं जाए	2	exact-normalized-lyrics	high-local-exact	cba259ca-2b8c-46df-b367-0ff9b780bbe2	2	aabfe9a1-a902-4348-9d22-19d7aa99fda5	Bhakti Katha Devotional	Hindi	gurukul	Other / Misc	cover-local	lyrics-ready	34	_radio_index/suno_backup/lyrics/2026-04-11_aabfe9a1_दो घडे़ टूटा.txt
ut-7a0a80ad61071c4a	कोर लॉग्स लाइव	2	exact-normalized-lyrics	high-local-exact	ac3bbd7c-13ce-4c58-8852-a3ba11cf9d62	1	ac3bbd7c-13ce-4c58-8852-a3ba11cf9d62	Neural AI Radio Lab	Hindi	gurukul	Other / Misc	cover-local	lyrics-ready	1	_radio_index/suno_backup/lyrics/2026-05-22_ac3bbd7c_कोर लॉग्स लाइव.txt
ut-7a0a80ad61071c4a	कोर लॉग्स लाइव	2	exact-normalized-lyrics	high-local-exact	ac3bbd7c-13ce-4c58-8852-a3ba11cf9d62	2	289f8c8d-4172-4b06-aa7f-5a73fd559b01	Sanaatana Vedic Frequency	Sanskrit	sanaatana-vaigyaniq	Sanatan & Vedic	cover-local	lyrics-ready	1	_radio_index/suno_backup/lyrics/2026-05-22_289f8c8d_कोर लॉग्स लाइव.txt
ut-3c6821df7dea9139	कोष्ठक शंखनाद	2	exact-normalized-lyrics	high-local-exact	e038f00c-f649-44ca-8cc5-f2110a995703	1	e038f00c-f649-44ca-8cc5-f2110a995703	Sanaatana Vedic Frequency	Sanskrit	sanaatana-vaigyaniq	Sanatan & Vedic	cover-local	lyrics-ready	18	_radio_index/suno_backup/lyrics/2026-05-23_e038f00c_कोष्ठक शंखनाद.txt
ut-3c6821df7dea9139	कोष्ठक शंखनाद	2	exact-normalized-lyrics	high-local-exact	e038f00c-f649-44ca-8cc5-f2110a995703	2	bc9e8406-4ced-4d22-a476-896c9d6b31e3	Sanaatana Vedic Frequency	Sanskrit	sanaatana-vaigyaniq	Sanatan & Vedic	cover-local	lyrics-ready	18	_radio_index/suno_backup/lyrics/2026-05-23_bc9e8406_कोष्ठक शंखनाद.txt
ut-3a361866b36b4f08	कौतूहल की दुनिया में लॉजिक अपार है	2	exact-normalized-lyrics	high-local-exact	f31751f4-ec55-4c42-a423-07f42895a464	1	f31751f4-ec55-4c42-a423-07f42895a464	Hip-Hop Drill Rap	Hindi	kabir-clubbing	Rap & Fusion	cover-local	lyrics-ready	21	_radio_index/suno_backup/lyrics/2026-05-23_f31751f4_लिटमस परिपथ.txt
ut-3a361866b36b4f08	कौतूहल की दुनिया में लॉजिक अपार है	2	exact-normalized-lyrics	high-local-exact	f31751f4-ec55-4c42-a423-07f42895a464	2	05bb41b7-0a36-4c99-a245-d5d727f902c3	Hip-Hop Drill Rap	Hindi	gurukul	Other / Misc	cover-local	lyrics-ready	21	_radio_index/suno_backup/lyrics/2026-05-23_05bb41b7_लिटमस परिपथ.txt
ut-6ab10390ebbc74d4	कौतूहल की दुनिया में लॉजिक अपार है	2	exact-normalized-lyrics	high-local-exact	2b968ed3-b8ee-44e4-ad96-e3da7d583ae0	1	2b968ed3-b8ee-44e4-ad96-e3da7d583ae0	Hip-Hop Drill Rap	Hindi	kabir-clubbing	Rap & Fusion	cover-local	lyrics-ready	51	_radio_index/suno_backup/lyrics/2026-05-23_2b968ed3_डिजिटल गुरुकुल.txt
ut-6ab10390ebbc74d4	कौतूहल की दुनिया में लॉजिक अपार है	2	exact-normalized-lyrics	high-local-exact	2b968ed3-b8ee-44e4-ad96-e3da7d583ae0	2	da33361a-8617-4815-b444-dd6d95f00bca	Hip-Hop Drill Rap	Hindi	gurukul	Other / Misc	cover-local	lyrics-ready	51	_radio_index/suno_backup/lyrics/2026-05-23_da33361a_डिजिटल गुरुकुल.txt
ut-48441bad91c7db83	क्या सच है क्या झूठ है	2	exact-normalized-lyrics	high-local-exact	4648abb5-f970-4287-9894-5ef12762ff04	1	4648abb5-f970-4287-9894-5ef12762ff04	Desh Veer Patriotic	Hindi	ameerpur	Desh / Patriotic	cover-local	lyrics-ready	42	_radio_index/suno_backup/lyrics/2026-04-15_4648abb5_हर बार की कहानी.txt
ut-48441bad91c7db83	क्या सच है क्या झूठ है	2	exact-normalized-lyrics	high-local-exact	4648abb5-f970-4287-9894-5ef12762ff04	2	60d9371d-c871-4f23-952d-2248fc838d54	Album Unassigned	Hindi	gurukul	Other / Misc	cover-local	lyrics-ready	42	_radio_index/suno_backup/lyrics/2026-04-15_60d9371d_हर बार की कहानी.txt
ut-23d4f5a4e20db937	खो गई पहचान	2	exact-normalized-lyrics	high-local-exact	8e951426-a919-48cd-9432-5ffbeec40bb2	1	8e951426-a919-48cd-9432-5ffbeec40bb2	Bhakti Katha Devotional	Hindi	sanaatana-vaigyaniq	Classical & Raag	cover-local	lyrics-ready	18	_radio_index/suno_backup/lyrics/2026-04-02_8e951426_खो गई पहचान.txt
ut-23d4f5a4e20db937	खो गई पहचान	2	exact-normalized-lyrics	high-local-exact	8e951426-a919-48cd-9432-5ffbeec40bb2	2	1372ca04-8fbc-4cad-acee-e993865dae48	Love Virah Ghazal	Hindi	ameerpur	Love & Virah	cover-local	lyrics-ready	18	_radio_index/suno_backup/lyrics/2026-04-02_1372ca04_खो गई पहचान.txt
ut-b977597fde9272dd	ख़्वाब-धागा आधा	2	exact-normalized-lyrics	high-local-exact	989e203d-59cf-43b4-b450-bd5f5fdf28a6	1	989e203d-59cf-43b4-b450-bd5f5fdf28a6	Hip-Hop Drill Rap	Hindi	kabir-clubbing	Rap & Fusion	cover-local	lyrics-ready	49	_radio_index/suno_backup/lyrics/2026-05-15_989e203d_ख़्वाब-धागा आधा.txt
ut-b977597fde9272dd	ख़्वाब-धागा आधा	2	exact-normalized-lyrics	high-local-exact	989e203d-59cf-43b4-b450-bd5f5fdf28a6	2	6773c614-261b-461b-9eab-54efb5810575	Folk Fusion Lok Rang	Haryanvi	ameerpur	Haryanvi Folk	cover-local	lyrics-ready	49	_radio_index/suno_backup/lyrics/2026-05-15_6773c614_ख़्वाब-धागा आधा.txt
ut-5a7042c44622eb6e	गधा पहलवान	2	exact-normalized-lyrics	high-local-exact	2ff31d7c-3d3c-4c10-8f2d-d61355484a92	1	2ff31d7c-3d3c-4c10-8f2d-d61355484a92	Dance Funk DJ Masti	Hindi	gurukul	Other / Misc	cover-local	lyrics-ready	34	_radio_index/suno_backup/lyrics/2026-04-19_2ff31d7c_गधा पहलवान.txt
ut-5a7042c44622eb6e	गधा पहलवान	2	exact-normalized-lyrics	high-local-exact	2ff31d7c-3d3c-4c10-8f2d-d61355484a92	2	d16e0a51-7641-4ea2-9b3d-6c5316629611	Desh Veer Patriotic	Hindi	ameerpur	Desh / Patriotic	cover-local	lyrics-ready	34	_radio_index/suno_backup/lyrics/2026-04-19_d16e0a51_गधा पहलवान.txt
ut-3f0cdc152a383fe1	गात झुनझुनी खावे	2	exact-normalized-lyrics	high-local-exact	b2c55b1c-8a02-4b27-93aa-0ef9015a5a48	1	b2c55b1c-8a02-4b27-93aa-0ef9015a5a48	Sanaatana Vedic Frequency	Sanskrit	sanaatana-vaigyaniq	Sanatan & Vedic	cover-local	lyrics-ready	62	_radio_index/suno_backup/lyrics/2026-04-12_b2c55b1c_“नसीब का ऐलान”.txt
ut-3f0cdc152a383fe1	गात झुनझुनी खावे	2	exact-normalized-lyrics	high-local-exact	b2c55b1c-8a02-4b27-93aa-0ef9015a5a48	2	517563f4-4c0a-447c-a6c7-5e81307423c3	Hip-Hop Drill Rap	Hindi	kabir-clubbing	Rap & Fusion	cover-local	lyrics-ready	62	_radio_index/suno_backup/lyrics/2026-04-12_517563f4_“नसीब का ऐलान”.txt
ut-cf8e44fc74a4799f	गात झुनझुनी खावे	2	exact-normalized-lyrics	high-local-exact	e16d94cb-b3c5-4238-a1c5-c60c69bed286	1	e16d94cb-b3c5-4238-a1c5-c60c69bed286	Sanaatana Vedic Frequency	Sanskrit	sanaatana-vaigyaniq	Sanatan & Vedic	cover-local	lyrics-ready	61	_radio_index/suno_backup/lyrics/2026-04-12_e16d94cb_नसीब का ऐलान.txt
ut-cf8e44fc74a4799f	गात झुनझुनी खावे	2	exact-normalized-lyrics	high-local-exact	e16d94cb-b3c5-4238-a1c5-c60c69bed286	2	7ed796e3-32c4-42d3-89a2-f658115084dd	Hip-Hop Drill Rap	Hindi	kabir-clubbing	Rap & Fusion	cover-local	lyrics-ready	61	_radio_index/suno_backup/lyrics/2026-04-12_7ed796e3_नसीब का ऐलान.txt
ut-f1b2ab86832bd7e1	गुफा-ढोल धड़कन	2	exact-normalized-lyrics	high-local-exact	dae97a92-4622-481b-aa4f-6ba251fa0cfe	1	dae97a92-4622-481b-aa4f-6ba251fa0cfe	Album Unassigned	Hindi	gurukul	Other / Misc	cover-null	lyrics-ready	44	_radio_index/suno_backup/lyrics/2026-04-08_dae97a92_गुफा-ढोल धड़कन.txt
ut-f1b2ab86832bd7e1	गुफा-ढोल धड़कन	2	exact-normalized-lyrics	high-local-exact	dae97a92-4622-481b-aa4f-6ba251fa0cfe	2	827207b7-54fc-42ba-925e-43760527026f	Album Unassigned	Hindi	gurukul	Other / Misc	cover-null	lyrics-ready	44	_radio_index/suno_backup/lyrics/2026-04-08_827207b7_गुफा-ढोल धड़कन.txt
ut-470a63f49fb00d7c	गुमान था कि तन्हाई में सुकूँ मिलेगा मुझे	2	exact-normalized-lyrics	high-local-exact	9e091800-f3fb-4c79-8a1e-09783a3f3392	1	9e091800-f3fb-4c79-8a1e-09783a3f3392	Desh Veer Patriotic	Hindi	ameerpur	Desh / Patriotic	cover-local	lyrics-ready	95	_radio_index/suno_backup/lyrics/2026-04-16_9e091800_लम्स-ए-हवा रोया.txt
ut-470a63f49fb00d7c	गुमान था कि तन्हाई में सुकूँ मिलेगा मुझे	2	exact-normalized-lyrics	high-local-exact	9e091800-f3fb-4c79-8a1e-09783a3f3392	2	1826d08a-5fb4-4ab4-adb0-4163baf9acfc	Hip-Hop Drill Rap	Hindi	ameerpur	Love & Virah	cover-local	lyrics-ready	95	_radio_index/suno_backup/lyrics/2026-04-16_1826d08a_लम्स-ए-हवा रोया.txt
ut-5958d82a9bafaa28	गुमान था कि तन्हाई में सुकूँ मिलेगा मुझे	2	exact-normalized-lyrics	high-local-exact	5c1e1843-62f8-4103-9861-23f07e11ce12	1	5c1e1843-62f8-4103-9861-23f07e11ce12	Desh Veer Patriotic	Hindi	ameerpur	Desh / Patriotic	cover-local	lyrics-ready	47	_radio_index/suno_backup/lyrics/2026-04-16_5c1e1843_लम्स-ए-हवा सर्द.txt
ut-5958d82a9bafaa28	गुमान था कि तन्हाई में सुकूँ मिलेगा मुझे	2	exact-normalized-lyrics	high-local-exact	5c1e1843-62f8-4103-9861-23f07e11ce12	2	ef834e73-a6e2-4dc4-a69f-cf8697e9de12	Hip-Hop Drill Rap	Hindi	ameerpur	Love & Virah	cover-local	lyrics-ready	47	_radio_index/suno_backup/lyrics/2026-04-16_ef834e73_लम्स-ए-हवा सर्द.txt
ut-9510ba850617cec4	गूंगों का स्टेशन	2	exact-normalized-lyrics	high-local-exact	7e7aaecb-6ae5-41b2-86d2-c53c30b96231	1	7e7aaecb-6ae5-41b2-86d2-c53c30b96231	Album Unassigned	Hindi	gurukul	Other / Misc	cover-local	lyrics-ready	74	_radio_index/suno_backup/lyrics/2026-04-24_7e7aaecb_गूंगों का स्टेशन.txt
ut-9510ba850617cec4	गूंगों का स्टेशन	2	exact-normalized-lyrics	high-local-exact	7e7aaecb-6ae5-41b2-86d2-c53c30b96231	2	226a516c-1c24-4e20-b60b-33c5d07903e0	Album Unassigned	Hindi	gurukul	Other / Misc	cover-local	lyrics-ready	74	_radio_index/suno_backup/lyrics/2026-04-24_226a516c_गूंगों का स्टेशन.txt
ut-79d3fb89c443b8f1	घचा घच	2	exact-normalized-lyrics	high-local-exact	53697704-706d-4df6-a476-e7944459b93d	1	53697704-706d-4df6-a476-e7944459b93d	Hip-Hop Drill Rap	Hindi	kabir-clubbing	Rap & Fusion	cover-local	lyrics-ready	65	_radio_index/suno_backup/lyrics/2026-04-15_53697704_घचा घच.txt
ut-79d3fb89c443b8f1	घचा घच	2	exact-normalized-lyrics	high-local-exact	53697704-706d-4df6-a476-e7944459b93d	2	b14f7e57-d779-489d-b0d2-7adb9a065fac	Hip-Hop Drill Rap	Hindi	kabir-clubbing	Rap & Fusion	cover-local	lyrics-ready	65	_radio_index/suno_backup/lyrics/2026-04-15_b14f7e57_घचा घच.txt
ut-b4063f67fe2d607e	घुटने-छुपा एक	2	exact-normalized-lyrics	high-local-exact	2b4d9843-2835-4383-b5f5-f90a9f2cde42	1	2b4d9843-2835-4383-b5f5-f90a9f2cde42	Kabir Sufi Qawwali	Hindi	gurukul	Other / Misc	cover-local	lyrics-ready	61	_radio_index/suno_backup/lyrics/2026-05-13_2b4d9843_घुटने-छुपा एक.txt
ut-b4063f67fe2d607e	घुटने-छुपा एक	2	exact-normalized-lyrics	high-local-exact	2b4d9843-2835-4383-b5f5-f90a9f2cde42	2	f0e7033c-a246-4902-a230-945e9796c695	Bhakti Katha Devotional	Hindi	kabir-clubbing	Bhakti & Katha	cover-local	lyrics-ready	61	_radio_index/suno_backup/lyrics/2026-05-13_f0e7033c_घुटने-छुपा एक.txt
ut-147d817088f5cece	चक्र-इंजन शंखनाद	2	exact-normalized-lyrics	high-local-exact	83db2f7e-ae48-418d-9587-c807af8e24e3	1	83db2f7e-ae48-418d-9587-c807af8e24e3	Sanaatana Vedic Frequency	Sanskrit	sanaatana-vaigyaniq	Sanatan & Vedic	cover-local	lyrics-ready	29	_radio_index/suno_backup/lyrics/2026-05-24_83db2f7e_चक्र-इंजन शंखनाद.txt
ut-147d817088f5cece	चक्र-इंजन शंखनाद	2	exact-normalized-lyrics	high-local-exact	83db2f7e-ae48-418d-9587-c807af8e24e3	2	31cd60d6-6b7d-4e15-9847-9c3866d60440	Sanaatana Vedic Frequency	Sanskrit	sanaatana-vaigyaniq	Sanatan & Vedic	cover-local	lyrics-ready	29	_radio_index/suno_backup/lyrics/2026-05-24_31cd60d6_चक्र-इंजन शंखनाद.txt
ut-3b3dc5fa19b2f45e	चणक्य चांदी	2	exact-normalized-lyrics	high-local-exact	c7fabad5-bd6d-4a60-b985-ad0aae6819c3	1	c7fabad5-bd6d-4a60-b985-ad0aae6819c3	Hip-Hop Drill Rap	Hindi	kabir-clubbing	Rap & Fusion	cover-local	lyrics-ready	47	_radio_index/suno_backup/lyrics/2026-05-23_c7fabad5_चणक्य चांदी.txt
ut-3b3dc5fa19b2f45e	चणक्य चांदी	2	exact-normalized-lyrics	high-local-exact	c7fabad5-bd6d-4a60-b985-ad0aae6819c3	2	fc641c78-b723-4744-a9f0-93ca40542e4f	Folk Fusion Lok Rang	Haryanvi	ameerpur	Haryanvi Folk	cover-local	lyrics-ready	47	_radio_index/suno_backup/lyrics/2026-05-23_fc641c78_चणक्य चांदी.txt
ut-1949b1a9930f2738	चप्पल-झिड़कियाँ	2	exact-normalized-lyrics	high-local-exact	bb4a0cdc-93a8-4846-a9c5-30071f2fcf78	1	bb4a0cdc-93a8-4846-a9c5-30071f2fcf78	Hip-Hop Drill Rap	Hindi	kabir-clubbing	Rap & Fusion	cover-local	lyrics-ready	51	_radio_index/suno_backup/lyrics/2026-05-10_bb4a0cdc_चप्पल-झिड़कियाँ.txt
ut-1949b1a9930f2738	चप्पल-झिड़कियाँ	2	exact-normalized-lyrics	high-local-exact	bb4a0cdc-93a8-4846-a9c5-30071f2fcf78	2	2dbdbe4b-7abb-4214-b3ea-768e09a3cce1	Folk Fusion Lok Rang	Haryanvi	ameerpur	Haryanvi Folk	cover-local	lyrics-ready	51	_radio_index/suno_backup/lyrics/2026-05-10_2dbdbe4b_चप्पल-झिड़कियाँ.txt
ut-53ba5a21ace10b1a	चलते पर्वत	2	exact-normalized-lyrics	high-local-exact	a5469ce5-e8c0-40f9-86c7-934fe766e66a	1	a5469ce5-e8c0-40f9-86c7-934fe766e66a	Bhakti Katha Devotional	Hindi	kabir-clubbing	Bhakti & Katha	cover-local	lyrics-ready	57	_radio_index/suno_backup/lyrics/2026-04-21_a5469ce5_धरती का नून.txt
ut-53ba5a21ace10b1a	चलते पर्वत	2	exact-normalized-lyrics	high-local-exact	a5469ce5-e8c0-40f9-86c7-934fe766e66a	2	ad88ec20-844d-47ac-ae8e-5634a628daee	Sanaatana Vedic Frequency	Hindi	kabir-clubbing	Rap & Fusion	cover-local	lyrics-ready	57	_radio_index/suno_backup/lyrics/2026-04-21_ad88ec20_धरती का नून.txt
ut-1fb7bdf4f2bd5cff	चला आर्यो का टोला	2	exact-normalized-lyrics	high-local-exact	b355bd3b-7913-40b5-8f0d-a482329e49b6	1	b355bd3b-7913-40b5-8f0d-a482329e49b6	Sanaatana Vedic Frequency	Sanskrit	sanaatana-vaigyaniq	Sanatan & Vedic	cover-local	lyrics-ready	37	_radio_index/suno_backup/lyrics/2026-05-15_b355bd3b_भगवा चोला बम.txt
ut-1fb7bdf4f2bd5cff	चला आर्यो का टोला	2	exact-normalized-lyrics	high-local-exact	b355bd3b-7913-40b5-8f0d-a482329e49b6	2	67800d7d-2832-4abd-9273-de538c1471a0	Sanaatana Vedic Frequency	Sanskrit	sanaatana-vaigyaniq	Sanatan & Vedic	cover-local	lyrics-ready	37	_radio_index/suno_backup/lyrics/2026-05-15_67800d7d_भगवा चोला बम.txt
ut-76e9ee103126f8f1	चला आर्यो का टोला	2	exact-normalized-lyrics	high-local-exact	5ca9eaf3-f217-487c-b700-28362ca02ec0	1	5ca9eaf3-f217-487c-b700-28362ca02ec0	Sanaatana Vedic Frequency	Sanskrit	sanaatana-vaigyaniq	Sanatan & Vedic	cover-local	lyrics-ready	38	_radio_index/suno_backup/lyrics/2026-05-15_5ca9eaf3_बम भोला चोला.txt
ut-76e9ee103126f8f1	चला आर्यो का टोला	2	exact-normalized-lyrics	high-local-exact	5ca9eaf3-f217-487c-b700-28362ca02ec0	2	c43bb926-b90b-41ce-b1ca-1079d49eb675	Sanaatana Vedic Frequency	Sanskrit	sanaatana-vaigyaniq	Sanatan & Vedic	cover-local	lyrics-ready	38	_radio_index/suno_backup/lyrics/2026-05-15_c43bb926_बम भोला चोला.txt
ut-e3316045b858a442	चाणक्य की नीति गाओ	2	exact-normalized-lyrics	high-local-exact	961c3ee7-95d5-4fc3-86be-9fc9344cb1b1	1	961c3ee7-95d5-4fc3-86be-9fc9344cb1b1	Folk Fusion Lok Rang	Haryanvi	ameerpur	Haryanvi Folk	cover-local	lyrics-ready	46	_radio_index/suno_backup/lyrics/2026-05-23_961c3ee7_चांदी का सिक्का.txt
ut-e3316045b858a442	चाणक्य की नीति गाओ	2	exact-normalized-lyrics	high-local-exact	961c3ee7-95d5-4fc3-86be-9fc9344cb1b1	2	eae4f2af-ad53-414e-b47b-70dcd331427a	Hip-Hop Drill Rap	Hindi	kabir-clubbing	Rap & Fusion	cover-local	lyrics-ready	46	_radio_index/suno_backup/lyrics/2026-05-23_eae4f2af_चांदी का सिक्का.txt
ut-f1913420319450bf	चाणक्य सिक्का	2	exact-normalized-lyrics	high-local-exact	e1ec848b-c158-4366-ba75-bb0d12943801	1	e1ec848b-c158-4366-ba75-bb0d12943801	Hip-Hop Drill Rap	Hindi	kabir-clubbing	Rap & Fusion	cover-local	lyrics-ready	20	_radio_index/suno_backup/lyrics/2026-05-23_e1ec848b_चाणक्य सिक्का.txt
ut-f1913420319450bf	चाणक्य सिक्का	2	exact-normalized-lyrics	high-local-exact	e1ec848b-c158-4366-ba75-bb0d12943801	2	4573b54b-63f0-4dac-9e7a-4ba9ddf8acbc	Folk Fusion Lok Rang	Haryanvi	ameerpur	Haryanvi Folk	cover-local	lyrics-ready	20	_radio_index/suno_backup/lyrics/2026-05-23_4573b54b_चाणक्य सिक्का.txt
ut-01508a623d2e6f31	चार पर्चे खर्चा	2	exact-normalized-lyrics	high-local-exact	96dc0ed7-a8a1-4c68-ac02-b6ff0d8c8fab	1	96dc0ed7-a8a1-4c68-ac02-b6ff0d8c8fab	Hip-Hop Drill Rap	Hindi	sanaatana-vaigyaniq	Classical & Raag	cover-local	lyrics-ready	18	_radio_index/suno_backup/lyrics/2026-04-17_96dc0ed7_चार पर्चे खर्चा.txt
ut-01508a623d2e6f31	चार पर्चे खर्चा	2	exact-normalized-lyrics	high-local-exact	96dc0ed7-a8a1-4c68-ac02-b6ff0d8c8fab	2	19a9d094-81bf-4578-af5a-103ad79c94f8	Hip-Hop Drill Rap	Hindi	kabir-clubbing	Rap & Fusion	cover-local	lyrics-ready	18	_radio_index/suno_backup/lyrics/2026-04-17_19a9d094_चार पर्चे खर्चा.txt
ut-1c17c58b1e370184	चुंग-चुंग गज़ब	2	exact-normalized-lyrics	high-local-exact	ba996ff1-61da-4e8f-8887-34fa43c9dd27	1	ba996ff1-61da-4e8f-8887-34fa43c9dd27	Hip-Hop Drill Rap	Hindi	gurukul	Other / Misc	cover-local	lyrics-ready	18	_radio_index/suno_backup/lyrics/2026-04-21_ba996ff1_चुंग-चुंग गज़ब.txt
ut-1c17c58b1e370184	चुंग-चुंग गज़ब	2	exact-normalized-lyrics	high-local-exact	ba996ff1-61da-4e8f-8887-34fa43c9dd27	2	da33ae1c-117f-41b3-9784-fe362d228637	Hip-Hop Drill Rap	Hindi	kabir-clubbing	Rap & Fusion	cover-local	lyrics-ready	18	_radio_index/suno_backup/lyrics/2026-04-21_da33ae1c_चुंग-चुंग गज़ब.txt
ut-30d15d4ada725f4f	छट का दिन	2	exact-normalized-lyrics	high-local-exact	2f332d7d-3202-4e03-ac8e-c8c057223685	1	2f332d7d-3202-4e03-ac8e-c8c057223685	Album Unassigned	Hindi	gurukul	Other / Misc	cover-local	lyrics-ready	34	_radio_index/suno_backup/lyrics/2026-05-24_2f332d7d_छट का दिन.txt
ut-30d15d4ada725f4f	छट का दिन	2	exact-normalized-lyrics	high-local-exact	2f332d7d-3202-4e03-ac8e-c8c057223685	2	86fe2a68-593c-4b20-a76a-d0f504f89943	Bhakti Katha Devotional	Hindi	kabir-clubbing	Bhakti & Katha	cover-local	lyrics-ready	34	_radio_index/suno_backup/lyrics/2026-05-24_86fe2a68_छट का दिन.txt
ut-558500f36683b975	छट-छट चलती बुद्धि की गाड़ी	2	exact-normalized-lyrics	high-local-exact	7136ecc0-1cde-4b63-93df-1bd8100300b5	1	7136ecc0-1cde-4b63-93df-1bd8100300b5	Sanaatana Vedic Frequency	Sanskrit	sanaatana-vaigyaniq	Sanatan & Vedic	cover-local	lyrics-ready	56	_radio_index/suno_backup/lyrics/2026-05-23_7136ecc0_शंखनाद बाइनरी.txt
ut-558500f36683b975	छट-छट चलती बुद्धि की गाड़ी	2	exact-normalized-lyrics	high-local-exact	7136ecc0-1cde-4b63-93df-1bd8100300b5	2	7ad70850-e3ae-4d26-b0e9-05197e2cb4f9	Sanaatana Vedic Frequency	Sanskrit	sanaatana-vaigyaniq	Sanatan & Vedic	cover-local	lyrics-ready	56	_radio_index/suno_backup/lyrics/2026-05-23_7ad70850_शंखनाद बाइनरी.txt
ut-d03a042bcbfee70a	छत-छट ताल	2	exact-normalized-lyrics	high-local-exact	25e7d717-7de7-45e6-8f5e-c53ef846cac3	1	25e7d717-7de7-45e6-8f5e-c53ef846cac3	Album Unassigned	Hindi	gurukul	Other / Misc	cover-local	lyrics-ready	30	_radio_index/suno_backup/lyrics/2026-05-24_25e7d717_छत-छट ताल.txt
ut-d03a042bcbfee70a	छत-छट ताल	2	exact-normalized-lyrics	high-local-exact	25e7d717-7de7-45e6-8f5e-c53ef846cac3	2	30e92ffe-423f-48cf-9e93-5fd9bb7113c1	Sanaatana Vedic Frequency	Sanskrit	sanaatana-vaigyaniq	Sanatan & Vedic	cover-local	lyrics-ready	30	_radio_index/suno_backup/lyrics/2026-05-24_30e92ffe_छत-छट ताल.txt
ut-296345c02d193845	छुक-छुक कोडिंग गाड़ी	2	exact-normalized-lyrics	high-local-exact	d3047e94-747e-478b-84d0-ebcd931b6ebf	1	d3047e94-747e-478b-84d0-ebcd931b6ebf	Folk Fusion Lok Rang	Hindi	gurukul	Other / Misc	cover-local	lyrics-ready	36	_radio_index/suno_backup/lyrics/2026-05-23_d3047e94_छुक-छुक कोडिंग गाडी़.txt
ut-296345c02d193845	छुक-छुक कोडिंग गाड़ी	2	exact-normalized-lyrics	high-local-exact	d3047e94-747e-478b-84d0-ebcd931b6ebf	2	9438a33e-1869-4686-89f7-2b1b3746fbe8	Sanaatana Vedic Frequency	Sanskrit	sanaatana-vaigyaniq	Sanatan & Vedic	cover-local	lyrics-ready	36	_radio_index/suno_backup/lyrics/2026-05-23_9438a33e_छुक-छुक कोडिंग गाडी़.txt
ut-3e614b8a1df7e391	छुक-छुक चलती भाषा की गाड़ी	2	exact-normalized-lyrics	high-local-exact	935837be-7dfb-4f7d-ae0c-36743a8de966	1	935837be-7dfb-4f7d-ae0c-36743a8de966	Love Virah Ghazal	Hindi	ameerpur	Love & Virah	cover-local	lyrics-ready	28	_radio_index/suno_backup/lyrics/2026-05-23_935837be_छुक-छुक भाषा गाडी़.txt
ut-3e614b8a1df7e391	छुक-छुक चलती भाषा की गाड़ी	2	exact-normalized-lyrics	high-local-exact	935837be-7dfb-4f7d-ae0c-36743a8de966	2	4de46a49-de10-4bc4-8e89-bded6e92e5e8	Folk Fusion Lok Rang	Hindi	gurukul	Other / Misc	cover-local	lyrics-ready	28	_radio_index/suno_backup/lyrics/2026-05-23_4de46a49_छुक-छुक भाषा गाडी़.txt
ut-25d1faf2b033dadd	जय सिया राम	2	exact-normalized-lyrics	high-local-exact	e60a91fa-776c-4076-8d17-2b16fc0b4a46	1	e60a91fa-776c-4076-8d17-2b16fc0b4a46	Bhakti Katha Devotional	Hindi	kabir-clubbing	Bhakti & Katha	cover-local	lyrics-ready	38	_radio_index/suno_backup/lyrics/2026-03-10_e60a91fa_पपिया.txt
ut-25d1faf2b033dadd	जय सिया राम	2	exact-normalized-lyrics	high-local-exact	e60a91fa-776c-4076-8d17-2b16fc0b4a46	2	d8019a5d-29e1-445e-a172-633778687c7d	Hip-Hop Drill Rap	Hindi	kabir-clubbing	Rap & Fusion	cover-local	lyrics-ready	38	_radio_index/suno_backup/lyrics/2026-03-10_d8019a5d_पपिया.txt
ut-480c8f9ddfb4d967	जागता कबीर	2	exact-normalized-lyrics	high-local-exact	91dc965a-d24b-4254-bfb1-8d7c28015225	1	91dc965a-d24b-4254-bfb1-8d7c28015225	Bhakti Katha Devotional	Hindi	kabir-clubbing	Bhakti & Katha	cover-local	lyrics-ready	51	_radio_index/suno_backup/lyrics/2026-04-02_91dc965a_जागता कबीर.txt
ut-480c8f9ddfb4d967	जागता कबीर	2	exact-normalized-lyrics	high-local-exact	91dc965a-d24b-4254-bfb1-8d7c28015225	2	b9633887-5995-40bd-9ea7-8e4197f229d5	Sanaatana Vedic Frequency	Sanskrit	sanaatana-vaigyaniq	Sanatan & Vedic	cover-local	lyrics-ready	51	_radio_index/suno_backup/lyrics/2026-04-02_b9633887_जागता कबीर.txt
ut-fc08c0dce8b8eb35	जाट जाट जाट जाट खिले हुए rose हैं	2	exact-normalized-lyrics	high-local-exact	79c1b363-10f4-4f23-a2d0-846a1ff744ec	1	79c1b363-10f4-4f23-a2d0-846a1ff744ec	Folk Fusion Lok Rang	Haryanvi	ameerpur	Haryanvi Folk	cover-local	lyrics-ready	54	_radio_index/suno_backup/lyrics/2026-05-15_79c1b363_सवा लाख जाट.txt
ut-fc08c0dce8b8eb35	जाट जाट जाट जाट खिले हुए rose हैं	2	exact-normalized-lyrics	high-local-exact	79c1b363-10f4-4f23-a2d0-846a1ff744ec	2	de8f6167-d436-420a-93af-8127c00e163b	Hip-Hop Drill Rap	Hindi	kabir-clubbing	Rap & Fusion	cover-local	lyrics-ready	54	_radio_index/suno_backup/lyrics/2026-05-15_de8f6167_सवा लाख जाट.txt
ut-1e2fcdd991cf3ee9	जिंदगी... तू जमा उघाड़ी है	2	exact-normalized-lyrics	high-local-exact	9a501fdc-42a2-43b9-b72f-4acea519537c	1	9a501fdc-42a2-43b9-b72f-4acea519537c	Folk Fusion Lok Rang	Haryanvi	ameerpur	Haryanvi Folk	cover-local	lyrics-ready	64	_radio_index/suno_backup/lyrics/2026-05-15_9a501fdc_जमा उघाडी़.txt
ut-1e2fcdd991cf3ee9	जिंदगी... तू जमा उघाड़ी है	2	exact-normalized-lyrics	high-local-exact	9a501fdc-42a2-43b9-b72f-4acea519537c	2	8433a493-5a44-4032-8243-bc0263a6ba2f	Folk Fusion Lok Rang	Hindi	gurukul	Other / Misc	cover-local	lyrics-ready	64	_radio_index/suno_backup/lyrics/2026-05-15_8433a493_जमा उघाडी़.txt
ut-30f89fbf74854648	जिन्दा रहव जिन्दा रहव	2	exact-normalized-lyrics	high-local-exact	36cc152d-9ac7-43e5-aeb4-6739c08f6a5c	1	36cc152d-9ac7-43e5-aeb4-6739c08f6a5c	Folk Fusion Lok Rang	Haryanvi	ameerpur	Haryanvi Folk	cover-local	lyrics-ready	75	_radio_index/suno_backup/lyrics/2026-03-10_36cc152d_पपिया.txt
ut-30f89fbf74854648	जिन्दा रहव जिन्दा रहव	2	exact-normalized-lyrics	high-local-exact	36cc152d-9ac7-43e5-aeb4-6739c08f6a5c	2	bb19047e-add0-43b2-8a8c-9b3350c0666d	Hip-Hop Drill Rap	Hindi	kabir-clubbing	Rap & Fusion	cover-local	lyrics-ready	75	_radio_index/suno_backup/lyrics/2026-03-10_bb19047e_पपिया.txt
ut-1459ab01e86f5582	जैठ की दुपहरी	2	exact-normalized-lyrics	high-local-exact	d02ff9aa-08de-4c3c-894a-5d78bf3883f8	1	d02ff9aa-08de-4c3c-894a-5d78bf3883f8	Kabir Sufi Qawwali	Hindi	ameerpur	Love & Virah	cover-local	lyrics-ready	25	_radio_index/suno_backup/lyrics/2026-05-15_d02ff9aa_जैठ की दुपहरी.txt
ut-1459ab01e86f5582	जैठ की दुपहरी	2	exact-normalized-lyrics	high-local-exact	d02ff9aa-08de-4c3c-894a-5d78bf3883f8	2	b39097fb-81be-40f8-bc18-46c757b2ce0c	Desh Veer Patriotic	Hindi	ameerpur	Desh / Patriotic	cover-local	lyrics-ready	25	_radio_index/suno_backup/lyrics/2026-05-15_b39097fb_जैठ की दुपहरी.txt
ut-9443bca4b8e12612	जो अभी इक लम्स-ए-हवा बन कर गुज़रा	2	exact-normalized-lyrics	high-local-exact	49b598f9-6112-492d-98e5-28979537fdc4	1	49b598f9-6112-492d-98e5-28979537fdc4	Hip-Hop Drill Rap	Hindi	kabir-clubbing	Rap & Fusion	cover-local	lyrics-ready	19	_radio_index/suno_backup/lyrics/2026-04-16_49b598f9_लम्स-ए-हवा साया.txt
ut-9443bca4b8e12612	जो अभी इक लम्स-ए-हवा बन कर गुज़रा	2	exact-normalized-lyrics	high-local-exact	49b598f9-6112-492d-98e5-28979537fdc4	2	68117724-c78f-4788-b723-577b30f31f69	Hip-Hop Drill Rap	Hindi	gurukul	Other / Misc	cover-local	lyrics-ready	19	_radio_index/suno_backup/lyrics/2026-04-16_68117724_लम्स-ए-हवा साया.txt
ut-efb36e39b2b334b9	झूठ के नाम हज़ार.. सत्य घर में बेनाम	2	exact-normalized-lyrics	high-local-exact	0ee9ebdc-e004-4d32-a610-eebd7d83bb83	1	0ee9ebdc-e004-4d32-a610-eebd7d83bb83	Sanaatana Vedic Frequency	Sanskrit	sanaatana-vaigyaniq	Sanatan & Vedic	cover-local	lyrics-ready	24	_radio_index/suno_backup/lyrics/2026-04-19_0ee9ebdc_डमरू तांडव.txt
ut-efb36e39b2b334b9	झूठ के नाम हज़ार.. सत्य घर में बेनाम	2	exact-normalized-lyrics	high-local-exact	0ee9ebdc-e004-4d32-a610-eebd7d83bb83	2	9d4efeb8-a43d-43e2-9bd9-aa8ec1017c23	Hip-Hop Drill Rap	Hindi	kabir-clubbing	Rap & Fusion	cover-local	lyrics-ready	24	_radio_index/suno_backup/lyrics/2026-04-19_9d4efeb8_डमरू तांडव.txt
ut-97ac25d2e6130969	झूलम-झूल झुलाऊँ	2	exact-normalized-lyrics	high-local-exact	68471c7c-8d42-4c98-9c0d-b3f038a459a7	1	68471c7c-8d42-4c98-9c0d-b3f038a459a7	Folk Fusion Lok Rang	Haryanvi	ameerpur	Haryanvi Folk	cover-local	lyrics-ready	38	_radio_index/suno_backup/lyrics/2026-04-09_68471c7c_धूर अम्बरां.txt
ut-97ac25d2e6130969	झूलम-झूल झुलाऊँ	2	exact-normalized-lyrics	high-local-exact	68471c7c-8d42-4c98-9c0d-b3f038a459a7	2	ee581be0-afd5-4d91-afa7-7fa47bf6e1ad	Folk Fusion Lok Rang	Haryanvi	ameerpur	Haryanvi Folk	cover-local	lyrics-ready	38	_radio_index/suno_backup/lyrics/2026-04-09_ee581be0_धूर अम्बरां.txt
ut-56be5495b747bb5a	झूल्म-झूल झुलाऊँ	2	exact-normalized-lyrics	high-local-exact	13bbd5ed-b7db-4959-a7d2-79dab85ad756	1	13bbd5ed-b7db-4959-a7d2-79dab85ad756	Folk Fusion Lok Rang	Haryanvi	ameerpur	Haryanvi Folk	cover-local	lyrics-ready	38	_radio_index/suno_backup/lyrics/2026-04-09_13bbd5ed_बादलां की लोर.txt
ut-56be5495b747bb5a	झूल्म-झूल झुलाऊँ	2	exact-normalized-lyrics	high-local-exact	13bbd5ed-b7db-4959-a7d2-79dab85ad756	2	ae245f7e-6572-4a7b-9ef6-801c86e507f2	Folk Fusion Lok Rang	Haryanvi	ameerpur	Haryanvi Folk	cover-local	lyrics-ready	38	_radio_index/suno_backup/lyrics/2026-04-09_ae245f7e_बादलां की लोर.txt
ut-b3ee515b04f577fc	डिजिटल गुरुकुल मैट्रिक्स	2	exact-normalized-lyrics	high-local-exact	cac083e2-5eba-42df-a500-188660293076	1	cac083e2-5eba-42df-a500-188660293076	Album Unassigned	Hindi	gurukul	Other / Misc	cover-local	lyrics-ready	16	_radio_index/suno_backup/lyrics/2026-05-22_cac083e2_डिजिटल गुरुकुल मैट्रिक्स.txt
ut-b3ee515b04f577fc	डिजिटल गुरुकुल मैट्रिक्स	2	exact-normalized-lyrics	high-local-exact	cac083e2-5eba-42df-a500-188660293076	2	8dfe144d-a4e9-4c51-8d4b-2c642a9eb4be	Sanaatana Vedic Frequency	Sanskrit	sanaatana-vaigyaniq	Sanatan & Vedic	cover-local	lyrics-ready	16	_radio_index/suno_backup/lyrics/2026-05-22_8dfe144d_डिजिटल गुरुकुल मैट्रिक्स.txt
ut-535cc16ae7748069	तुझ पर ही भरोसा	2	exact-normalized-lyrics	high-local-exact	2aa5f8f0-1fd1-4473-9dd2-a3db61cfd0dc	1	2aa5f8f0-1fd1-4473-9dd2-a3db61cfd0dc	Album Unassigned	Hindi	gurukul	Other / Misc	cover-local	lyrics-ready	12	_radio_index/suno_backup/lyrics/2026-05-13_2aa5f8f0_वो है-इसलिए मैं.txt
ut-535cc16ae7748069	तुझ पर ही भरोसा	2	exact-normalized-lyrics	high-local-exact	2aa5f8f0-1fd1-4473-9dd2-a3db61cfd0dc	2	4cf08691-a7ea-40e0-bd21-8b0b272cb3f6	Hip-Hop Drill Rap	Hindi	kabir-clubbing	Rap & Fusion	cover-local	lyrics-ready	12	_radio_index/suno_backup/lyrics/2026-05-13_4cf08691_वो है-इसलिए मैं.txt
ut-a815ed7d75e83669	तुझ पर ही भरोसा	2	exact-normalized-lyrics	high-local-exact	cb2c77c5-2aab-4459-9d5f-84c4024be973	1	cb2c77c5-2aab-4459-9d5f-84c4024be973	Album Unassigned	Hindi	gurukul	Other / Misc	cover-local	lyrics-ready	37	_radio_index/suno_backup/lyrics/2026-05-13_cb2c77c5_नाम-छुपा दाता.txt
ut-a815ed7d75e83669	तुझ पर ही भरोसा	2	exact-normalized-lyrics	high-local-exact	cb2c77c5-2aab-4459-9d5f-84c4024be973	2	b25c705c-37d8-4b8f-8f80-49fc861fb6a5	Kabir Sufi Qawwali	Hindi	gurukul	Other / Misc	cover-local	lyrics-ready	37	_radio_index/suno_backup/lyrics/2026-05-13_b25c705c_नाम-छुपा दाता.txt
ut-f74770cf859bbce7	तेईस दशमलव पाँच	2	exact-normalized-lyrics	high-local-exact	ee8190df-8ed5-4fd2-b83e-f6908dad6089	1	ee8190df-8ed5-4fd2-b83e-f6908dad6089	Hip-Hop Drill Rap	Hindi	gurukul	Other / Misc	cover-local	lyrics-ready	48	_radio_index/suno_backup/lyrics/2026-05-23_ee8190df_तेईस दशमलव पाँच.txt
ut-f74770cf859bbce7	तेईस दशमलव पाँच	2	exact-normalized-lyrics	high-local-exact	ee8190df-8ed5-4fd2-b83e-f6908dad6089	2	5430725d-e817-463d-8233-7d08e6bb2a8c	Sanaatana Vedic Frequency	Sanskrit	sanaatana-vaigyaniq	Sanatan & Vedic	cover-local	lyrics-ready	48	_radio_index/suno_backup/lyrics/2026-05-23_5430725d_तेईस दशमलव पाँच.txt
ut-b2b0d008d66eff11	तेरी चप्पल	2	exact-normalized-lyrics	high-local-exact	5d3de852-628c-4d4e-83dc-4e2d0f91338a	1	5d3de852-628c-4d4e-83dc-4e2d0f91338a	Folk Fusion Lok Rang	Haryanvi	ameerpur	Haryanvi Folk	cover-local	lyrics-ready	49	_radio_index/suno_backup/lyrics/2026-05-10_5d3de852_माँ की बेलन-झिड़कियाँ.txt
ut-b2b0d008d66eff11	तेरी चप्पल	2	exact-normalized-lyrics	high-local-exact	5d3de852-628c-4d4e-83dc-4e2d0f91338a	2	e6e7cdf5-7183-436b-b56a-c8060859c0de	Hip-Hop Drill Rap	Hindi	kabir-clubbing	Rap & Fusion	cover-local	lyrics-ready	49	_radio_index/suno_backup/lyrics/2026-05-10_e6e7cdf5_माँ की बेलन-झिड़कियाँ.txt
ut-9397c58b638be737	तेरी बंसी की तान	2	exact-normalized-lyrics	high-local-exact	8e2f8fd9-7f9d-4716-94c1-4bac528a767b	1	8e2f8fd9-7f9d-4716-94c1-4bac528a767b	Bhakti Katha Devotional	Hindi	kabir-clubbing	Bhakti & Katha	cover-local	lyrics-ready	19	_radio_index/suno_backup/lyrics/2026-05-09_8e2f8fd9_बंसी तान-तड़प.txt
ut-9397c58b638be737	तेरी बंसी की तान	2	exact-normalized-lyrics	high-local-exact	8e2f8fd9-7f9d-4716-94c1-4bac528a767b	2	c10e8a3e-5744-4640-aff1-e1378f937cc5	Bhakti Katha Devotional	Hindi	sanaatana-vaigyaniq	Classical & Raag	cover-local	lyrics-ready	19	_radio_index/suno_backup/lyrics/2026-05-09_c10e8a3e_बंसी तान-तड़प.txt
ut-9d73118f9c39e2a4	तेरी बंसी की तान	2	exact-normalized-lyrics	high-local-exact	40960b06-71f2-42db-a4f7-ca440d0a25be	1	40960b06-71f2-42db-a4f7-ca440d0a25be	Bhakti Katha Devotional	Hindi	kabir-clubbing	Bhakti & Katha	cover-local	lyrics-ready	30	_radio_index/suno_backup/lyrics/2026-05-09_40960b06_बंसी की तान.txt
ut-9d73118f9c39e2a4	तेरी बंसी की तान	2	exact-normalized-lyrics	high-local-exact	40960b06-71f2-42db-a4f7-ca440d0a25be	2	2859728c-7217-4382-bc09-22ad41ee0de0	Bhakti Katha Devotional	Hindi	sanaatana-vaigyaniq	Classical & Raag	cover-local	lyrics-ready	30	_radio_index/suno_backup/lyrics/2026-05-09_2859728c_बंसी की तान.txt
ut-3e08661f591c4023	तेरे बिना मैंने परदेसां में	2	exact-normalized-lyrics	high-local-exact	a3348700-9ecb-4d78-8344-aaf875575f8f	1	a3348700-9ecb-4d78-8344-aaf875575f8f	Folk Fusion Lok Rang	Haryanvi	ameerpur	Haryanvi Folk	cover-local	lyrics-ready	37	_radio_index/suno_backup/lyrics/2026-05-19_a3348700_साती माटी-चोला.txt
ut-3e08661f591c4023	तेरे बिना मैंने परदेसां में	2	exact-normalized-lyrics	high-local-exact	a3348700-9ecb-4d78-8344-aaf875575f8f	2	55b29326-16e4-4e61-84ab-ce7f6cd164df	Sanaatana Vedic Frequency	Hindi	kabir-clubbing	Rap & Fusion	cover-local	lyrics-ready	37	_radio_index/suno_backup/lyrics/2026-05-19_55b29326_साती माटी-चोला.txt
ut-64102843c80c3d8e	तोरि बंसी की तान... सुनिबे कूँ तरस गये मोरै कान।	2	exact-normalized-lyrics	high-local-exact	17abc34f-fad4-4b66-86f5-340e07c01725	1	17abc34f-fad4-4b66-86f5-340e07c01725	Sanaatana Vedic Frequency	Sanskrit	sanaatana-vaigyaniq	Sanatan & Vedic	cover-local	lyrics-ready	47	_radio_index/suno_backup/lyrics/2026-05-10_17abc34f_बंसी की तान.txt
ut-64102843c80c3d8e	तोरि बंसी की तान... सुनिबे कूँ तरस गये मोरै कान।	2	exact-normalized-lyrics	high-local-exact	17abc34f-fad4-4b66-86f5-340e07c01725	2	a0c2cd04-1c26-49ec-b699-610ef0a62630	Classical Raga Darbar	Hindi	gurukul	Other / Misc	cover-local	lyrics-ready	47	_radio_index/suno_backup/lyrics/2026-05-10_a0c2cd04_बंसी की तान.txt
ut-8ce02ad2ecc7f37a	तोरि बंसी की तान... सुनिबे कूँ तरस गये मोरै कान।	2	exact-normalized-lyrics	high-local-exact	30275318-8155-4d3f-8d49-c49ddaf3e5c1	1	30275318-8155-4d3f-8d49-c49ddaf3e5c1	Sanaatana Vedic Frequency	Sanskrit	sanaatana-vaigyaniq	Sanatan & Vedic	cover-local	lyrics-ready	46	_radio_index/suno_backup/lyrics/2026-05-10_30275318_मिट्टी-तालि उछाल.txt
ut-8ce02ad2ecc7f37a	तोरि बंसी की तान... सुनिबे कूँ तरस गये मोरै कान।	2	exact-normalized-lyrics	high-local-exact	30275318-8155-4d3f-8d49-c49ddaf3e5c1	2	cf6d9e3e-ae51-435d-895a-c4d7f95ebf4d	Classical Raga Darbar	Hindi	gurukul	Other / Misc	cover-local	lyrics-ready	46	_radio_index/suno_backup/lyrics/2026-05-10_cf6d9e3e_मिट्टी-तालि उछाल.txt
ut-100047936defe74e	तोरी बंसी की तान	2	exact-normalized-lyrics	high-local-exact	9a2ad423-1f61-4b9b-896d-68cb77193f5c	1	9a2ad423-1f61-4b9b-896d-68cb77193f5c	Bhakti Katha Devotional	Hindi	kabir-clubbing	Bhakti & Katha	cover-local	lyrics-ready	20	_radio_index/suno_backup/lyrics/2026-05-09_9a2ad423_बंसीधर-तोरि.txt
ut-100047936defe74e	तोरी बंसी की तान	2	exact-normalized-lyrics	high-local-exact	9a2ad423-1f61-4b9b-896d-68cb77193f5c	2	86a31444-8c53-4fa0-aba2-cb6ca15aaa59	Bhakti Katha Devotional	Hindi	sanaatana-vaigyaniq	Classical & Raag	cover-local	lyrics-ready	20	_radio_index/suno_backup/lyrics/2026-05-09_86a31444_बंसीधर-तोरि.txt
ut-51dcfc10096bfca0	तोरी बंसी की तान	2	exact-normalized-lyrics	high-local-exact	bc6100f3-8fad-4df5-a8c1-3cd98848d069	1	bc6100f3-8fad-4df5-a8c1-3cd98848d069	Bhakti Katha Devotional	Hindi	kabir-clubbing	Bhakti & Katha	cover-local	lyrics-ready	43	_radio_index/suno_backup/lyrics/2026-05-09_bc6100f3_बंसीधर ताज.txt
ut-51dcfc10096bfca0	तोरी बंसी की तान	2	exact-normalized-lyrics	high-local-exact	bc6100f3-8fad-4df5-a8c1-3cd98848d069	2	bdf090e4-3d39-4d47-863b-7bd1757feb8d	Cinematic Cosmic Epics	Hindi	gurukul	Other / Misc	cover-local	lyrics-ready	43	_radio_index/suno_backup/lyrics/2026-05-09_bdf090e4_बंसीधर ताज.txt
ut-c697c183ffb5f723	तोरी बंसी की तान	2	exact-normalized-lyrics	high-local-exact	0d0501a9-8f1f-4a21-98f0-69b8429600fd	1	0d0501a9-8f1f-4a21-98f0-69b8429600fd	Bhakti Katha Devotional	Hindi	kabir-clubbing	Bhakti & Katha	cover-local	lyrics-ready	20	_radio_index/suno_backup/lyrics/2026-05-09_0d0501a9_तोरी बंसीतरस.txt
ut-c697c183ffb5f723	तोरी बंसी की तान	2	exact-normalized-lyrics	high-local-exact	0d0501a9-8f1f-4a21-98f0-69b8429600fd	2	24d21a4f-0895-4c56-aec7-a4bfa9864ef5	Bhakti Katha Devotional	Hindi	sanaatana-vaigyaniq	Classical & Raag	cover-local	lyrics-ready	20	_radio_index/suno_backup/lyrics/2026-05-09_24d21a4f_तोरी बंसीतरस.txt
ut-daaa6e4326d2f3a0	तोरी बंसी की तान	2	exact-normalized-lyrics	high-local-exact	b4c47e00-23e3-4b09-aafa-1ea1cb27d65c	1	b4c47e00-23e3-4b09-aafa-1ea1cb27d65c	Bhakti Katha Devotional	Hindi	kabir-clubbing	Bhakti & Katha	cover-local	lyrics-ready	20	_radio_index/suno_backup/lyrics/2026-05-09_b4c47e00_तोरी बंसी तान.txt
ut-daaa6e4326d2f3a0	तोरी बंसी की तान	2	exact-normalized-lyrics	high-local-exact	b4c47e00-23e3-4b09-aafa-1ea1cb27d65c	2	831ce982-3173-46ec-8fde-6f2a71f624d8	Bhakti Katha Devotional	Hindi	sanaatana-vaigyaniq	Classical & Raag	cover-local	lyrics-ready	20	_radio_index/suno_backup/lyrics/2026-05-09_831ce982_तोरी बंसी तान.txt
ut-ac2c143cf3c96b5c	तोरी बंसी की तान... सुनन को तरस गए मोरे कान।	2	exact-normalized-lyrics	high-local-exact	2ad65ecc-4658-4a67-ad4f-68cbd8705a93	1	2ad65ecc-4658-4a67-ad4f-68cbd8705a93	Bhakti Katha Devotional	Hindi	kabir-clubbing	Bhakti & Katha	cover-local	lyrics-ready	65	_radio_index/suno_backup/lyrics/2026-05-09_2ad65ecc_तोरि बंसी तान.txt
ut-ac2c143cf3c96b5c	तोरी बंसी की तान... सुनन को तरस गए मोरे कान।	2	exact-normalized-lyrics	high-local-exact	2ad65ecc-4658-4a67-ad4f-68cbd8705a93	2	6093fffc-e0fc-44c3-b9b9-66d4d27c8180	Kabir Sufi Qawwali	Hindi	gurukul	Other / Misc	cover-local	lyrics-ready	65	_radio_index/suno_backup/lyrics/2026-05-09_6093fffc_तोरि बंसी तान.txt
ut-c48cb6d10f58c048	तोरै ही भरोसो	2	exact-normalized-lyrics	high-local-exact	e553b9c9-27cd-43b9-a4e0-f97ca910e45d	1	e553b9c9-27cd-43b9-a4e0-f97ca910e45d	Bhakti Katha Devotional	Hindi	kabir-clubbing	Bhakti & Katha	cover-local	lyrics-ready	1	_radio_index/suno_backup/lyrics/2026-05-13_e553b9c9_नाम अनेक एक.txt
ut-c48cb6d10f58c048	तोरै ही भरोसो	2	exact-normalized-lyrics	high-local-exact	e553b9c9-27cd-43b9-a4e0-f97ca910e45d	2	91ec0002-3ce7-418e-a969-3c1a00f9f662	Bhakti Katha Devotional	Hindi	gurukul	Other / Misc	cover-local	lyrics-ready	1	_radio_index/suno_backup/lyrics/2026-05-13_91ec0002_नाम अनेक एक.txt
ut-567f771f18295e05	दादा चेन टोरी	2	exact-normalized-lyrics	high-local-exact	c6626624-b9b4-4338-9550-008f9f82502f	1	c6626624-b9b4-4338-9550-008f9f82502f	Sanaatana Vedic Frequency	Sanskrit	sanaatana-vaigyaniq	Sanatan & Vedic	cover-local	lyrics-ready	25	_radio_index/suno_backup/lyrics/2026-04-16_c6626624_दादा चेन टोरी.txt
ut-567f771f18295e05	दादा चेन टोरी	2	exact-normalized-lyrics	high-local-exact	c6626624-b9b4-4338-9550-008f9f82502f	2	617e2c52-66f1-4c4c-9a88-37b2388e34c9	Sanaatana Vedic Frequency	Sanskrit	sanaatana-vaigyaniq	Sanatan & Vedic	cover-local	lyrics-ready	25	_radio_index/suno_backup/lyrics/2026-04-16_617e2c52_दादा चेन टोरी.txt
ut-f436d4f400afedcb	धारानगरी का वो राजा	2	exact-normalized-lyrics	high-local-exact	5791e93b-a997-4765-b8d1-c0fcbb88c384	1	5791e93b-a997-4765-b8d1-c0fcbb88c384	Desh Veer Patriotic	Hindi	ameerpur	Desh / Patriotic	cover-local	lyrics-ready	41	_radio_index/suno_backup/lyrics/2026-05-23_5791e93b_संप्रभुता का डंका.txt
ut-f436d4f400afedcb	धारानगरी का वो राजा	2	exact-normalized-lyrics	high-local-exact	5791e93b-a997-4765-b8d1-c0fcbb88c384	2	f9f70b24-e62f-40a2-b42f-f3a0ba272777	Hip-Hop Drill Rap	Hindi	gurukul	Other / Misc	cover-local	lyrics-ready	41	_radio_index/suno_backup/lyrics/2026-05-23_f9f70b24_संप्रभुता का डंका.txt
ut-9fcffbec94990f79	न नाश	2	exact-normalized-lyrics	high-local-exact	676e99b3-6ffb-4c8a-b389-dcdc0ac45ece	1	676e99b3-6ffb-4c8a-b389-dcdc0ac45ece	Sanaatana Vedic Frequency	Sanskrit	sanaatana-vaigyaniq	Sanatan & Vedic	cover-local	lyrics-ready	32	_radio_index/suno_backup/lyrics/2026-04-19_676e99b3_शंख-कोड गूँज.txt
ut-9fcffbec94990f79	न नाश	2	exact-normalized-lyrics	high-local-exact	676e99b3-6ffb-4c8a-b389-dcdc0ac45ece	2	97a3a9b7-6579-4077-8f26-19f8c61113b4	Sanaatana Vedic Frequency	Sanskrit	sanaatana-vaigyaniq	Sanatan & Vedic	cover-local	lyrics-ready	32	_radio_index/suno_backup/lyrics/2026-04-19_97a3a9b7_शंख-कोड गूँज.txt
ut-0010198d78d81ffd	नाच र पिंकी	2	exact-normalized-lyrics	high-local-exact	3ab7074f-3f3a-4669-8f7d-3b93838e728b	1	3ab7074f-3f3a-4669-8f7d-3b93838e728b	Sanaatana Vedic Frequency	Sanskrit	sanaatana-vaigyaniq	Sanatan & Vedic	cover-local	lyrics-ready	102	_radio_index/suno_backup/lyrics/2026-04-29_3ab7074f_पिंकी की थाली.txt
ut-0010198d78d81ffd	नाच र पिंकी	2	exact-normalized-lyrics	high-local-exact	3ab7074f-3f3a-4669-8f7d-3b93838e728b	2	1b8e0980-f89e-41df-9a65-5a6eb313c777	Folk Fusion Lok Rang	Hindi	gurukul	Other / Misc	cover-local	lyrics-ready	102	_radio_index/suno_backup/lyrics/2026-04-29_1b8e0980_पिंकी की थाली.txt
ut-159edcf77d232383	नाच र पिंकी	2	exact-normalized-lyrics	high-local-exact	55c1da3f-383e-4f89-b2f1-e371ee790fb4	1	55c1da3f-383e-4f89-b2f1-e371ee790fb4	Folk Fusion Lok Rang	Haryanvi	ameerpur	Haryanvi Folk	cover-local	lyrics-ready	46	_radio_index/suno_backup/lyrics/2026-04-29_55c1da3f_पिंकी नाच.txt
ut-159edcf77d232383	नाच र पिंकी	2	exact-normalized-lyrics	high-local-exact	55c1da3f-383e-4f89-b2f1-e371ee790fb4	2	809507be-5a63-49dc-8e0d-a16b87287cc8	Folk Fusion Lok Rang	Haryanvi	ameerpur	Haryanvi Folk	cover-local	lyrics-ready	46	_radio_index/suno_backup/lyrics/2026-04-29_809507be_पिंकी नाच.txt
ut-7a168806ab4f223f	नाच र पिंकी	2	exact-normalized-lyrics	high-local-exact	416d0856-a289-4daf-ade4-0c21dfa4b8dd	1	416d0856-a289-4daf-ade4-0c21dfa4b8dd	Folk Fusion Lok Rang	Haryanvi	ameerpur	Haryanvi Folk	cover-local	lyrics-ready	63	_radio_index/suno_backup/lyrics/2026-04-29_416d0856_पिंकी थाली.txt
ut-7a168806ab4f223f	नाच र पिंकी	2	exact-normalized-lyrics	high-local-exact	416d0856-a289-4daf-ade4-0c21dfa4b8dd	2	67e8aee2-9b5a-47cc-88a6-741643a45909	Folk Fusion Lok Rang	Haryanvi	ameerpur	Haryanvi Folk	cover-local	lyrics-ready	63	_radio_index/suno_backup/lyrics/2026-04-29_67e8aee2_पिंकी थाली.txt
ut-8c769b9b6bec15ad	नाच र पिंकी	2	exact-normalized-lyrics	high-local-exact	8abf9e3b-198d-42d4-b547-c789d030e9fa	1	8abf9e3b-198d-42d4-b547-c789d030e9fa	Sanaatana Vedic Frequency	Sanskrit	sanaatana-vaigyaniq	Sanatan & Vedic	cover-local	lyrics-ready	85	_radio_index/suno_backup/lyrics/2026-04-29_8abf9e3b_पिंकी का थाली.txt
ut-8c769b9b6bec15ad	नाच र पिंकी	2	exact-normalized-lyrics	high-local-exact	8abf9e3b-198d-42d4-b547-c789d030e9fa	2	8f0c2cf6-a3ee-488c-a85c-95779c10cd5c	Folk Fusion Lok Rang	Haryanvi	ameerpur	Haryanvi Folk	cover-local	lyrics-ready	85	_radio_index/suno_backup/lyrics/2026-04-29_8f0c2cf6_पिंकी का थाली.txt
ut-ba45ce1fdefcb1e7	नाच र पिंकी	2	exact-normalized-lyrics	high-local-exact	f23d5bb3-9dc9-487a-902e-fb31cc813dfd	1	f23d5bb3-9dc9-487a-902e-fb31cc813dfd	Folk Fusion Lok Rang	Haryanvi	ameerpur	Haryanvi Folk	cover-local	lyrics-ready	39	_radio_index/suno_backup/lyrics/2026-04-29_f23d5bb3_पायल बजती धुन.txt
ut-ba45ce1fdefcb1e7	नाच र पिंकी	2	exact-normalized-lyrics	high-local-exact	f23d5bb3-9dc9-487a-902e-fb31cc813dfd	2	9944d4d4-a519-4243-8abc-0eb7245f81f0	Album Unassigned	Hindi	gurukul	Other / Misc	cover-local	lyrics-ready	39	_radio_index/suno_backup/lyrics/2026-04-29_9944d4d4_पायल बजती धुन.txt
ut-4924e16696e24c30	नाम तेरे रखे अनेक	2	exact-normalized-lyrics	high-local-exact	a37f2f45-fd0e-4254-a6cc-1dd4376ceaa2	1	a37f2f45-fd0e-4254-a6cc-1dd4376ceaa2	Bhakti Katha Devotional	Hindi	kabir-clubbing	Bhakti & Katha	cover-local	lyrics-ready	36	_radio_index/suno_backup/lyrics/2026-05-13_a37f2f45_सिलेंस के पार.txt
ut-4924e16696e24c30	नाम तेरे रखे अनेक	2	exact-normalized-lyrics	high-local-exact	a37f2f45-fd0e-4254-a6cc-1dd4376ceaa2	2	f5f173d2-b941-4beb-8383-123e56486214	Kabir Sufi Qawwali	Hindi	gurukul	Other / Misc	cover-local	lyrics-ready	36	_radio_index/suno_backup/lyrics/2026-05-13_f5f173d2_सिलेंस के पार.txt
ut-0c718b061557ce84	नेता एकम डेटा	2	exact-normalized-lyrics	high-local-exact	7925c2fc-1f6f-4aac-aa53-3cd7eadd9fbd	1	7925c2fc-1f6f-4aac-aa53-3cd7eadd9fbd	Hip-Hop Drill Rap	Hindi	kabir-clubbing	Rap & Fusion	cover-local	lyrics-ready	29	_radio_index/suno_backup/lyrics/2026-04-19_7925c2fc_नेता एकम डेटा.txt
ut-0c718b061557ce84	नेता एकम डेटा	2	exact-normalized-lyrics	high-local-exact	7925c2fc-1f6f-4aac-aa53-3cd7eadd9fbd	2	6f0d30c8-5d5b-48d1-afb1-e5c08aefc694	Desh Veer Patriotic	Hindi	ameerpur	Desh / Patriotic	cover-local	lyrics-ready	29	_radio_index/suno_backup/lyrics/2026-04-19_6f0d30c8_नेता एकम डेटा.txt
ut-8b28c8a74e0101ae	नेता नेमा — नमकहराम	2	exact-normalized-lyrics	high-local-exact	b9b2a6e0-f8d8-4111-b187-f3d395a61245	1	b9b2a6e0-f8d8-4111-b187-f3d395a61245	Bhakti Katha Devotional	Hindi	kabir-clubbing	Bhakti & Katha	cover-local	lyrics-ready	37	_radio_index/suno_backup/lyrics/2026-04-19_b9b2a6e0_पहाडा़ सत्तालोलुप.txt
ut-8b28c8a74e0101ae	नेता नेमा — नमकहराम	2	exact-normalized-lyrics	high-local-exact	b9b2a6e0-f8d8-4111-b187-f3d395a61245	2	2b9f2515-2617-4f67-93ba-594138f00b7a	Dance Funk DJ Masti	Hindi	gurukul	Other / Misc	cover-local	lyrics-ready	37	_radio_index/suno_backup/lyrics/2026-04-19_2b9f2515_पहाडा़ सत्तालोलुप.txt
ut-62fc850afd932869	पकड़ लिया एटम एक भाभा बाबा हुया दीवाना।।	2	exact-normalized-lyrics	high-local-exact	a3fc8cdd-425f-4eb3-bca9-b17e10505af4	1	a3fc8cdd-425f-4eb3-bca9-b17e10505af4	Desh Veer Patriotic	Hindi	ameerpur	Desh / Patriotic	cover-local	lyrics-ready	24	_radio_index/suno_backup/lyrics/2026-04-13_a3fc8cdd_शून्य की डोरी अदालत.txt
ut-62fc850afd932869	पकड़ लिया एटम एक भाभा बाबा हुया दीवाना।।	2	exact-normalized-lyrics	high-local-exact	a3fc8cdd-425f-4eb3-bca9-b17e10505af4	2	f6c100fa-e5b7-4b9a-97b5-4ce34def6953	Album Unassigned	Hindi	gurukul	Other / Misc	cover-local	lyrics-ready	24	_radio_index/suno_backup/lyrics/2026-04-13_f6c100fa_शून्य की डोरी अदालत.txt
ut-d6bdd8324db741f6	पंडित हेमंत कुमार... दीक्षित	2	exact-normalized-lyrics	high-local-exact	fad3edfd-8f23-410c-82fb-282dbdd51c59	1	fad3edfd-8f23-410c-82fb-282dbdd51c59	Sanaatana Vedic Frequency	Sanskrit	sanaatana-vaigyaniq	Sanatan & Vedic	cover-local	lyrics-ready	32	_radio_index/suno_backup/lyrics/2026-04-17_fad3edfd_शून्य-लय पंडित.txt
ut-d6bdd8324db741f6	पंडित हेमंत कुमार... दीक्षित	2	exact-normalized-lyrics	high-local-exact	fad3edfd-8f23-410c-82fb-282dbdd51c59	2	be8830ac-7a68-434c-b532-0d602396c088	Sanaatana Vedic Frequency	Sanskrit	sanaatana-vaigyaniq	Sanatan & Vedic	cover-local	lyrics-ready	32	_radio_index/suno_backup/lyrics/2026-04-17_be8830ac_शून्य-लय पंडित.txt
ut-09c87f6b7214e91e	पत्थर बुत	2	exact-normalized-lyrics	high-local-exact	b60cb4ba-3ab7-4c77-868c-3d2af99231ee	1	b60cb4ba-3ab7-4c77-868c-3d2af99231ee	Hip-Hop Drill Rap	Hindi	sanaatana-vaigyaniq	Classical & Raag	cover-local	lyrics-ready	30	_radio_index/suno_backup/lyrics/2026-04-17_b60cb4ba_पत्थर बुत.txt
ut-09c87f6b7214e91e	पत्थर बुत	2	exact-normalized-lyrics	high-local-exact	b60cb4ba-3ab7-4c77-868c-3d2af99231ee	2	507a1183-07e8-4762-b317-b03c850a9f66	Hip-Hop Drill Rap	Hindi	kabir-clubbing	Rap & Fusion	cover-local	lyrics-ready	30	_radio_index/suno_backup/lyrics/2026-04-17_507a1183_पत्थर बुत.txt
ut-c613f84cba4a5238	पत्थर बुत	2	exact-normalized-lyrics	high-local-exact	7024a723-80fe-4ead-8ec4-4372a3bb4e7b	1	7024a723-80fe-4ead-8ec4-4372a3bb4e7b	Album Unassigned	Hindi	gurukul	Other / Misc	cover-local	lyrics-ready	35	_radio_index/suno_backup/lyrics/2026-04-17_7024a723_पत्थर बुत.txt
ut-c613f84cba4a5238	पत्थर बुत	2	exact-normalized-lyrics	high-local-exact	7024a723-80fe-4ead-8ec4-4372a3bb4e7b	2	cd7f3a61-d005-4eac-aecc-373368cd6ccb	Love Virah Ghazal	Hindi	ameerpur	Love & Virah	cover-local	lyrics-ready	35	_radio_index/suno_backup/lyrics/2026-04-17_cd7f3a61_पत्थर बुत.txt
ut-028ba3377037dd8a	पपिया	2	exact-normalized-lyrics	high-local-exact	ff609686-fea5-492d-a625-50aca90796bf	1	ff609686-fea5-492d-a625-50aca90796bf	Folk Fusion Lok Rang	Hindi	ameerpur	Love & Virah	cover-local	lyrics-ready	11	_radio_index/suno_backup/lyrics/2026-03-10_ff609686_पपिया.txt
ut-028ba3377037dd8a	पपिया	2	exact-normalized-lyrics	high-local-exact	ff609686-fea5-492d-a625-50aca90796bf	2	1a0e5d48-e452-49c3-aa99-901dbf9b1e23	Bhakti Katha Devotional	Hindi	kabir-clubbing	Bhakti & Katha	cover-local	lyrics-ready	11	_radio_index/suno_backup/lyrics/2026-03-10_1a0e5d48_पपिया.txt
ut-3636d2735addadf5	परमाणु रद्दी	2	exact-normalized-lyrics	high-local-exact	a4bf888b-805c-406a-bdc5-cdf12d97c225	1	a4bf888b-805c-406a-bdc5-cdf12d97c225	Album Unassigned	Hindi	gurukul	Other / Misc	cover-local	lyrics-ready	24	_radio_index/suno_backup/lyrics/2026-04-13_a4bf888b_परमाणु रद्दी.txt
ut-3636d2735addadf5	परमाणु रद्दी	2	exact-normalized-lyrics	high-local-exact	a4bf888b-805c-406a-bdc5-cdf12d97c225	2	79d13c77-eca1-459b-806f-cd40985c3208	Desh Veer Patriotic	Hindi	ameerpur	Desh / Patriotic	cover-local	lyrics-ready	24	_radio_index/suno_backup/lyrics/2026-04-13_79d13c77_परमाणु रद्दी.txt
ut-9b8f2d8e4f4bdc8b	प्यार प्यार प्यार रहे	2	exact-normalized-lyrics	high-local-exact	f3bece2c-8fd5-4865-af7e-d5cc311fcaf9	1	f3bece2c-8fd5-4865-af7e-d5cc311fcaf9	Sanaatana Vedic Frequency	Sanskrit	sanaatana-vaigyaniq	Sanatan & Vedic	cover-local	lyrics-ready	20	_radio_index/suno_backup/lyrics/2026-04-21_f3bece2c_सनातन ट्रेन.txt
ut-9b8f2d8e4f4bdc8b	प्यार प्यार प्यार रहे	2	exact-normalized-lyrics	high-local-exact	f3bece2c-8fd5-4865-af7e-d5cc311fcaf9	2	2fd61f04-cf7c-48c8-b0fc-88e954b400a3	Sanaatana Vedic Frequency	Sanskrit	sanaatana-vaigyaniq	Sanatan & Vedic	cover-local	lyrics-ready	20	_radio_index/suno_backup/lyrics/2026-04-21_2fd61f04_सनातन ट्रेन.txt
ut-eb23e53142c62fb6	महामात्य का आदेश सुनो अब	2	exact-normalized-lyrics	high-local-exact	2ed5e119-5a3e-4f8f-9802-0b0a921375b4	1	2ed5e119-5a3e-4f8f-9802-0b0a921375b4	Sanaatana Vedic Frequency	Sanskrit	sanaatana-vaigyaniq	Sanatan & Vedic	cover-local	lyrics-ready	41	_radio_index/suno_backup/lyrics/2026-05-23_2ed5e119_राजधर्म चक्र.txt
ut-eb23e53142c62fb6	महामात्य का आदेश सुनो अब	2	exact-normalized-lyrics	high-local-exact	2ed5e119-5a3e-4f8f-9802-0b0a921375b4	2	61a1c2e8-6e9b-4636-b976-9c0a3c82cc60	Sanaatana Vedic Frequency	Sanskrit	sanaatana-vaigyaniq	Sanatan & Vedic	cover-local	lyrics-ready	41	_radio_index/suno_backup/lyrics/2026-05-23_61a1c2e8_राजधर्म चक्र.txt
ut-c6d740eb76d9c7f1	माँ की ममता-8D	2	exact-normalized-lyrics	high-local-exact	97f6c423-1e8d-4dec-92a5-a11b38363ee4	1	97f6c423-1e8d-4dec-92a5-a11b38363ee4	Classical Raga Darbar	English	sanaatana-vaigyaniq	Classical & Raag	cover-local	lyrics-ready	42	_radio_index/suno_backup/lyrics/2026-05-10_97f6c423_माँ की ममता-8D.txt
ut-c6d740eb76d9c7f1	माँ की ममता-8D	2	exact-normalized-lyrics	high-local-exact	97f6c423-1e8d-4dec-92a5-a11b38363ee4	2	438a6526-4837-43f4-a7e5-50ae007fa00d	Bhakti Katha Devotional	Hindi	kabir-clubbing	Bhakti & Katha	cover-local	lyrics-ready	42	_radio_index/suno_backup/lyrics/2026-05-10_438a6526_माँ की ममता-8D.txt
ut-b9b9c7544e5f4985	मिटा दे नाम को	2	exact-normalized-lyrics	high-local-exact	a780eeee-8325-40dc-91b9-a2a2ee4a7515	1	a780eeee-8325-40dc-91b9-a2a2ee4a7515	Sanaatana Vedic Frequency	Sanskrit	sanaatana-vaigyaniq	Sanatan & Vedic	cover-local	lyrics-ready	28	_radio_index/suno_backup/lyrics/2026-04-18_a780eeee_शून्य शंख-पैड.txt
ut-b9b9c7544e5f4985	मिटा दे नाम को	2	exact-normalized-lyrics	high-local-exact	a780eeee-8325-40dc-91b9-a2a2ee4a7515	2	a8db0e7b-ca71-4345-9952-aebc3c4d9c7d	Sanaatana Vedic Frequency	Sanskrit	sanaatana-vaigyaniq	Sanatan & Vedic	cover-local	lyrics-ready	28	_radio_index/suno_backup/lyrics/2026-04-18_a8db0e7b_शून्य शंख-पैड.txt
ut-db1a4592b2d0475a	मेकाले के जाल में	2	exact-normalized-lyrics	high-local-exact	5884fc52-aa08-4850-912b-272e7b063c6d	1	5884fc52-aa08-4850-912b-272e7b063c6d	Hip-Hop Drill Rap	Hindi	kabir-clubbing	Rap & Fusion	cover-local	lyrics-ready	38	_radio_index/suno_backup/lyrics/2026-03-10_5884fc52_मेकाले के जाल में.txt
ut-db1a4592b2d0475a	मेकाले के जाल में	2	exact-normalized-lyrics	high-local-exact	5884fc52-aa08-4850-912b-272e7b063c6d	2	cf2b9095-277e-40b6-b9c3-2aca73883c48	Hip-Hop Drill Rap	Hindi	kabir-clubbing	Rap & Fusion	cover-local	lyrics-ready	38	_radio_index/suno_backup/lyrics/2026-03-10_cf2b9095_मेकाले के जाल में.txt
ut-e9a4a8cce2c848d7	मेघ की विरह	2	exact-normalized-lyrics	high-local-exact	d195714f-a2b3-4d77-ae4f-f18670428eb0	1	d195714f-a2b3-4d77-ae4f-f18670428eb0	Hip-Hop Drill Rap	Hindi	sanaatana-vaigyaniq	Classical & Raag	cover-local	lyrics-ready	68	_radio_index/suno_backup/lyrics/2026-04-30_d195714f_मेघ की विरह.txt
ut-e9a4a8cce2c848d7	मेघ की विरह	2	exact-normalized-lyrics	high-local-exact	d195714f-a2b3-4d77-ae4f-f18670428eb0	2	4cacdec0-b868-46d6-b260-0944f8278d76	Folk Fusion Lok Rang	Haryanvi	ameerpur	Haryanvi Folk	cover-local	lyrics-ready	68	_radio_index/suno_backup/lyrics/2026-04-30_4cacdec0_मेघ की विरह.txt
ut-d502e7692a0bb0be	मेट्रो डिब्बा मोबाइल	2	exact-normalized-lyrics	high-local-exact	eba6ef4c-4673-47d3-a972-ec071def7fc1	1	eba6ef4c-4673-47d3-a972-ec071def7fc1	Hip-Hop Drill Rap	Hindi	gurukul	Other / Misc	cover-local	lyrics-ready	65	_radio_index/suno_backup/lyrics/2026-04-21_eba6ef4c_मेट्रो डिब्बा मोबाइल.txt
ut-d502e7692a0bb0be	मेट्रो डिब्बा मोबाइल	2	exact-normalized-lyrics	high-local-exact	eba6ef4c-4673-47d3-a972-ec071def7fc1	2	50efcdb2-3927-4d22-9dff-23ab30048e3e	Hip-Hop Drill Rap	Hindi	kabir-clubbing	Rap & Fusion	cover-local	lyrics-ready	65	_radio_index/suno_backup/lyrics/2026-04-21_50efcdb2_मेट्रो डिब्बा मोबाइल.txt
ut-28255d5b183ca775	मेट्रो हम-डोल	2	exact-normalized-lyrics	high-local-exact	8e51259c-2c1b-4d8c-9937-a9210c11f9e0	1	8e51259c-2c1b-4d8c-9937-a9210c11f9e0	Hip-Hop Drill Rap	Hindi	gurukul	Other / Misc	cover-local	lyrics-ready	68	_radio_index/suno_backup/lyrics/2026-04-21_8e51259c_मेट्रो हम-डोल.txt
ut-28255d5b183ca775	मेट्रो हम-डोल	2	exact-normalized-lyrics	high-local-exact	8e51259c-2c1b-4d8c-9937-a9210c11f9e0	2	489eb949-4a6f-43a9-a57f-0c8d38c447f8	Hip-Hop Drill Rap	Hindi	kabir-clubbing	Rap & Fusion	cover-local	lyrics-ready	68	_radio_index/suno_backup/lyrics/2026-04-21_489eb949_मेट्रो हम-डोल.txt
ut-34bcfa9aba5dcdaf	मेरा अंतरमान डोले	2	exact-normalized-lyrics	high-local-exact	920539b8-cbfd-4c49-8404-bb0fbaa9dc11	1	920539b8-cbfd-4c49-8404-bb0fbaa9dc11	Hip-Hop Drill Rap	Hindi	gurukul	Other / Misc	cover-local	lyrics-ready	63	_radio_index/suno_backup/lyrics/2026-04-21_920539b8_मेरा अंतरमान डोले.txt
ut-34bcfa9aba5dcdaf	मेरा अंतरमान डोले	2	exact-normalized-lyrics	high-local-exact	920539b8-cbfd-4c49-8404-bb0fbaa9dc11	2	6fdb63c2-38cc-46f4-9872-4c0d1fec3922	Hip-Hop Drill Rap	Hindi	kabir-clubbing	Rap & Fusion	cover-local	lyrics-ready	63	_radio_index/suno_backup/lyrics/2026-04-21_6fdb63c2_मेरा अंतरमान डोले.txt
ut-fcb2e0db59dce805	मेरी लाडो बसंती	2	exact-normalized-lyrics	high-local-exact	5570be2c-5ead-44af-aa39-57f73225aaa6	1	5570be2c-5ead-44af-aa39-57f73225aaa6	Folk Fusion Lok Rang	Haryanvi	ameerpur	Haryanvi Folk	cover-local	lyrics-ready	34	_radio_index/suno_backup/lyrics/2026-04-04_5570be2c_लाडो बसंती.txt
ut-fcb2e0db59dce805	मेरी लाडो बसंती	2	exact-normalized-lyrics	high-local-exact	5570be2c-5ead-44af-aa39-57f73225aaa6	2	3855893f-998c-4c3d-a2a1-3312d2a61986	Folk Fusion Lok Rang	Haryanvi	ameerpur	Haryanvi Folk	cover-local	lyrics-ready	34	_radio_index/suno_backup/lyrics/2026-04-04_3855893f_लाडो बसंती.txt
ut-1d5d78b3ce3d8fd3	मैं धरती का नून	2	exact-normalized-lyrics	high-local-exact	3b1bbfb3-e88d-49d5-91b4-f619dc802de3	1	3b1bbfb3-e88d-49d5-91b4-f619dc802de3	Sanaatana Vedic Frequency	Sanskrit	sanaatana-vaigyaniq	Sanatan & Vedic	cover-local	lyrics-ready	102	_radio_index/suno_backup/lyrics/2026-04-21_3b1bbfb3_रेत में नमक.txt
ut-1d5d78b3ce3d8fd3	मैं धरती का नून	2	exact-normalized-lyrics	high-local-exact	3b1bbfb3-e88d-49d5-91b4-f619dc802de3	2	7e0d2809-671f-4a5d-ac1b-393bdf43d3fb	Album Unassigned	Hindi	gurukul	Other / Misc	cover-local	lyrics-ready	102	_radio_index/suno_backup/lyrics/2026-04-21_7e0d2809_रेत में नमक.txt
ut-d6007f8ffdcbefaf	मैं हूँ तेरा	2	exact-normalized-lyrics	high-local-exact	aa8bd4d4-7f49-4fd1-952e-956f27f5bbb2	1	aa8bd4d4-7f49-4fd1-952e-956f27f5bbb2	Desh Veer Patriotic	Hindi	ameerpur	Desh / Patriotic	cover-local	lyrics-ready	20	_radio_index/suno_backup/lyrics/2026-04-02_aa8bd4d4_स्वर्ण पताका उड़ रही.txt
ut-d6007f8ffdcbefaf	मैं हूँ तेरा	2	exact-normalized-lyrics	high-local-exact	aa8bd4d4-7f49-4fd1-952e-956f27f5bbb2	2	0823ba9f-bc73-4d90-a3f7-90ee284167ab	Classical Raga Darbar	Hindi	sanaatana-vaigyaniq	Classical & Raag	cover-local	lyrics-ready	20	_radio_index/suno_backup/lyrics/2026-04-02_0823ba9f_स्वर्ण पताका उड़ रही.txt
ut-e155c1580aa60e99	मैं हूँ तेरा	2	exact-normalized-lyrics	high-local-exact	dcf39bdd-302c-442d-9207-648a18074511	1	dcf39bdd-302c-442d-9207-648a18074511	Desh Veer Patriotic	Hindi	ameerpur	Desh / Patriotic	cover-local	lyrics-ready	48	_radio_index/suno_backup/lyrics/2026-04-02_dcf39bdd_सोए मन जाग.txt
ut-e155c1580aa60e99	मैं हूँ तेरा	2	exact-normalized-lyrics	high-local-exact	dcf39bdd-302c-442d-9207-648a18074511	2	dd8e3e0b-2ec6-4e7f-b8a9-5a53d281c275	Classical Raga Darbar	Hindi	sanaatana-vaigyaniq	Classical & Raag	cover-local	lyrics-ready	48	_radio_index/suno_backup/lyrics/2026-04-02_dd8e3e0b_सोए मन जाग.txt
ut-a8f0955f8863f870	म्यूअर क़िला-धुआं	2	exact-normalized-lyrics	high-local-exact	c5f1d8b4-1e92-4d0f-9936-e632bd0922de	1	c5f1d8b4-1e92-4d0f-9936-e632bd0922de	Cinematic Cosmic Epics	Hindi	gurukul	Other / Misc	cover-local	lyrics-ready	20	_radio_index/suno_backup/lyrics/2026-05-09_c5f1d8b4_म्यूअर कि़ला-धुआं.txt
ut-a8f0955f8863f870	म्यूअर क़िला-धुआं	2	exact-normalized-lyrics	high-local-exact	c5f1d8b4-1e92-4d0f-9936-e632bd0922de	2	21b9c825-4413-4f7f-90c9-7bcd81cc55c0	Folk Fusion Lok Rang	Haryanvi	ameerpur	Haryanvi Folk	cover-local	lyrics-ready	20	_radio_index/suno_backup/lyrics/2026-05-09_21b9c825_म्यूअर कि़ला-धुआं.txt
ut-b39a08cae9758b3d	रिश्ता आलाپ	2	exact-normalized-lyrics	high-local-exact	5f341636-2cac-4b43-abf7-f4ebd3899795	1	5f341636-2cac-4b43-abf7-f4ebd3899795	Kabir Sufi Qawwali	Hindi	sanaatana-vaigyaniq	Classical & Raag	cover-local	lyrics-ready	42	_radio_index/suno_backup/lyrics/2026-04-04_5f341636_रिश्ता आलाپ.txt
ut-b39a08cae9758b3d	रिश्ता आलाپ	2	exact-normalized-lyrics	high-local-exact	5f341636-2cac-4b43-abf7-f4ebd3899795	2	887fa5d3-8f3a-458d-a688-c674623e6c56	Kabir Sufi Qawwali	Hindi	sanaatana-vaigyaniq	Classical & Raag	cover-local	lyrics-ready	42	_radio_index/suno_backup/lyrics/2026-04-04_887fa5d3_रिश्ता आलाپ.txt
ut-1432b9b2afd25f5f	लॉट-जीरो-वन	2	exact-normalized-lyrics	high-local-exact	ffeaefee-fcca-45f2-afcf-27c219f71bff	1	ffeaefee-fcca-45f2-afcf-27c219f71bff	Hip-Hop Drill Rap	Hindi	kabir-clubbing	Rap & Fusion	cover-local	lyrics-ready	24	_radio_index/suno_backup/lyrics/2026-04-14_ffeaefee_लॉट-जीरो-वन.txt
ut-1432b9b2afd25f5f	लॉट-जीरो-वन	2	exact-normalized-lyrics	high-local-exact	ffeaefee-fcca-45f2-afcf-27c219f71bff	2	01646a31-8208-4989-8914-d9835b9c98db	Folk Fusion Lok Rang	Haryanvi	ameerpur	Haryanvi Folk	cover-local	lyrics-ready	24	_radio_index/suno_backup/lyrics/2026-04-14_01646a31_लॉट-जीरो-वन.txt
ut-ee3e52a9c9329492	विज़ुअल: अंतरिक्ष में घूमते सूर्य और ग्रहों के ब	2	exact-normalized-lyrics	high-local-exact	1bb556f0-a4fb-4994-9096-3ab4f66de0b8	1	1bb556f0-a4fb-4994-9096-3ab4f66de0b8	Sanaatana Vedic Frequency	Sanskrit	sanaatana-vaigyaniq	Sanatan & Vedic	cover-local	lyrics-ready	28	_radio_index/suno_backup/lyrics/2026-05-24_1bb556f0_हनुमान-अनुमान छट.txt
ut-ee3e52a9c9329492	विज़ुअल: अंतरिक्ष में घूमते सूर्य और ग्रहों के ब	2	exact-normalized-lyrics	high-local-exact	1bb556f0-a4fb-4994-9096-3ab4f66de0b8	2	d5f6d9bc-5c76-48d6-859d-957ef84f79b3	Sanaatana Vedic Frequency	Sanskrit	sanaatana-vaigyaniq	Sanatan & Vedic	cover-local	lyrics-ready	28	_radio_index/suno_backup/lyrics/2026-05-24_d5f6d9bc_हनुमान-अनुमान छट.txt
ut-951edc9b0d252418	शून्य के भीतर शोर खड़ा है	2	exact-normalized-lyrics	high-local-exact	2c6b5c78-e36b-43aa-b1c2-7fb8770902d3	1	2c6b5c78-e36b-43aa-b1c2-7fb8770902d3	Sanaatana Vedic Frequency	Sanskrit	sanaatana-vaigyaniq	Sanatan & Vedic	cover-local	lyrics-ready	41	_radio_index/suno_backup/lyrics/2026-04-17_2c6b5c78_शून्य-शोर अकाल.txt
ut-951edc9b0d252418	शून्य के भीतर शोर खड़ा है	2	exact-normalized-lyrics	high-local-exact	2c6b5c78-e36b-43aa-b1c2-7fb8770902d3	2	5fc639fe-7b5a-4ff3-b972-17f25f8a13f4	Sanaatana Vedic Frequency	Sanskrit	sanaatana-vaigyaniq	Sanatan & Vedic	cover-local	lyrics-ready	41	_radio_index/suno_backup/lyrics/2026-04-17_5fc639fe_शून्य-शोर अकाल.txt
ut-039fa109da5b6872	सन्दर्भ की परिभाषा	2	exact-normalized-lyrics	high-local-exact	81730957-69cc-4143-a4a1-ff4f37c7ec2b	1	81730957-69cc-4143-a4a1-ff4f37c7ec2b	Album Unassigned	Hindi	gurukul	Other / Misc	cover-local	lyrics-ready	18	_radio_index/suno_backup/lyrics/2026-03-10_81730957_सन्दर्भ की परिभाषा.txt
ut-039fa109da5b6872	सन्दर्भ की परिभाषा	2	exact-normalized-lyrics	high-local-exact	81730957-69cc-4143-a4a1-ff4f37c7ec2b	2	9f8f747d-bca4-4422-aeef-8efd76fc5e11	Album Unassigned	Hindi	gurukul	Other / Misc	cover-local	lyrics-ready	18	_radio_index/suno_backup/lyrics/2026-03-10_9f8f747d_सन्दर्भ की परिभाषा.txt
ut-e9856ef724b1fc14	सन्दर्भ की परिभाषा	2	exact-normalized-lyrics	high-local-exact	10e904b9-006d-4a2f-989d-9d613a84c9d1	1	10e904b9-006d-4a2f-989d-9d613a84c9d1	Sanaatana Vedic Frequency	Sanskrit	sanaatana-vaigyaniq	Sanatan & Vedic	cover-local	lyrics-ready	1	_radio_index/suno_backup/lyrics/2026-03-10_10e904b9_सन्दर्भ की परिभाषा.txt
ut-e9856ef724b1fc14	सन्दर्भ की परिभाषा	2	exact-normalized-lyrics	high-local-exact	10e904b9-006d-4a2f-989d-9d613a84c9d1	2	423f80fa-88d7-4cf4-b06d-c284d9d11d66	Sanaatana Vedic Frequency	Hindi	sanaatana-vaigyaniq	Classical & Raag	cover-local	lyrics-ready	1	_radio_index/suno_backup/lyrics/2026-03-10_423f80fa_सन्दर्भ की परिभाषा.txt
ut-ec869bc4de1eb451	संस्कृत	2	exact-normalized-lyrics	high-local-exact	63dee4cd-523c-47e2-a9bd-925baf55aa2d	1	63dee4cd-523c-47e2-a9bd-925baf55aa2d	Sanaatana Vedic Frequency	Sanskrit	sanaatana-vaigyaniq	Sanatan & Vedic	cover-local	lyrics-ready	101	_radio_index/suno_backup/lyrics/2026-03-10_63dee4cd_सन्दर्भ की परिभाषा.txt
ut-ec869bc4de1eb451	संस्कृत	2	exact-normalized-lyrics	high-local-exact	63dee4cd-523c-47e2-a9bd-925baf55aa2d	2	496810df-e327-42bc-bf1e-1ae6d9f62ca4	Sanaatana Vedic Frequency	Hindi	sanaatana-vaigyaniq	Classical & Raag	cover-local	lyrics-ready	101	_radio_index/suno_backup/lyrics/2026-03-10_496810df_सन्दर्भ की परिभाषा.txt
ut-077a11a44a4216e1	साहब	2	exact-normalized-lyrics	high-local-exact	62780b6c-9eb0-43e2-91f7-38e05b1458db	1	62780b6c-9eb0-43e2-91f7-38e05b1458db	Folk Fusion Lok Rang	Haryanvi	ameerpur	Haryanvi Folk	cover-local	lyrics-ready	23	_radio_index/suno_backup/lyrics/2026-05-15_62780b6c_साहब खोज जंग.txt
ut-077a11a44a4216e1	साहब	2	exact-normalized-lyrics	high-local-exact	62780b6c-9eb0-43e2-91f7-38e05b1458db	2	081d7d0e-d5f4-455e-9716-46f8bfcd192f	Hip-Hop Drill Rap	Hindi	kabir-clubbing	Rap & Fusion	cover-local	lyrics-ready	23	_radio_index/suno_backup/lyrics/2026-05-15_081d7d0e_साहब खोज जंग.txt
ut-09cc2558d8403658	स्वरभानु माँ सिखाए	2	exact-normalized-lyrics	high-local-exact	01e30f52-01cf-403d-af40-041dac751bd0	1	01e30f52-01cf-403d-af40-041dac751bd0	Album Unassigned	Hindi	gurukul	Other / Misc	cover-local	lyrics-ready	45	_radio_index/suno_backup/lyrics/2026-05-24_01e30f52_स्वरभानु माँ सिखाए.txt
ut-09cc2558d8403658	स्वरभानु माँ सिखाए	2	exact-normalized-lyrics	high-local-exact	01e30f52-01cf-403d-af40-041dac751bd0	2	4ddbdc9c-240c-4e5d-8b50-ee61576d136e	Bhakti Katha Devotional	Hindi	kabir-clubbing	Bhakti & Katha	cover-local	lyrics-ready	45	_radio_index/suno_backup/lyrics/2026-05-24_4ddbdc9c_स्वरभानु माँ सिखाए.txt
ut-3741f8d9-ee63-459b-8ebe-01454f706d38	(untitled)	1	id-fallback	single-record-only	3741f8d9-ee63-459b-8ebe-01454f706d38	1	3741f8d9-ee63-459b-8ebe-01454f706d38	Sanaatana Vedic Frequency	English	sanaatana-vaigyaniq	Sanatan & Vedic	cover-local	lyrics-null	0	_radio_index/suno_backup/lyrics/3741f8d9-ee63-459b-8ebe-01454f706d38.txt
ut-b7c30d72-6ce4-4dcf-a098-a08b77b3c805	(untitled)	1	id-fallback	single-record-only	b7c30d72-6ce4-4dcf-a098-a08b77b3c805	1	b7c30d72-6ce4-4dcf-a098-a08b77b3c805	Sanaatana Vedic Frequency	English	sanaatana-vaigyaniq	Sanatan & Vedic	cover-local	lyrics-null	0	_radio_index/suno_backup/lyrics/b7c30d72-6ce4-4dcf-a098-a08b77b3c805.txt
ut-c126fb19-0b0a-4e01-b48c-2bc66f1bb766	(untitled)	1	id-fallback	single-record-only	c126fb19-0b0a-4e01-b48c-2bc66f1bb766	1	c126fb19-0b0a-4e01-b48c-2bc66f1bb766	Folk Fusion Lok Rang	Haryanvi	ameerpur	Haryanvi Folk	cover-local	lyrics-null	0	_radio_index/suno_backup/lyrics/c126fb19-0b0a-4e01-b48c-2bc66f1bb766.txt
ut-6b8c4e7e4cae434c	**धून रे-साधो**	1	title-fallback-lyrics-null	low-title-fallback	64809c5c-f7d0-4faf-b884-c3a9e25efa99	1	64809c5c-f7d0-4faf-b884-c3a9e25efa99	Sanaatana Vedic Frequency	Hindi	sanaatana-vaigyaniq	Classical & Raag	cover-local	lyrics-null	0	_radio_index/suno_backup/lyrics/2026-04-21_64809c5c__धून रे-साधो_.txt
ut-fea453f853c8645b	del	1	title-fallback-lyrics-null	low-title-fallback	d5005293-034b-4647-873f-85619d1208d1	1	d5005293-034b-4647-873f-85619d1208d1	Album Unassigned	English	gurukul	Other / Misc	cover-local	lyrics-null	0	_radio_index/suno_backup/lyrics/d5005293-034b-4647-873f-85619d1208d1.txt
ut-5f1959abe8ce044c	Har har har har har Haryana	1	exact-normalized-lyrics	high-local-exact	d08d5d69-511b-4d16-86f7-9f38fabf7bff	1	d08d5d69-511b-4d16-86f7-9f38fabf7bff	Sanaatana Vedic Frequency	English	sanaatana-vaigyaniq	Sanatan & Vedic	cover-local	lyrics-ready	41	_radio_index/suno_backup/lyrics/2026-03-10_d08d5d69_WhatsApp Audio 2026-03-10 at 23.22.50.txt
ut-1a6c20290dcece28	Nahi hai koi shikva tumse ki tumhari koi nahi kh	1	exact-normalized-lyrics	high-local-exact	1c7fc244-297c-434e-9ae6-57a76707f38d	1	1c7fc244-297c-434e-9ae6-57a76707f38d	Neural AI Radio Lab	English	ameerpur	Desh / Patriotic	cover-local	lyrics-ready	17	_radio_index/suno_backup/lyrics/2026-03-10_1c7fc244_dil_jaleel.txt
ut-6c0d86321c6305c6	जय हिन्द जय हिन्द के नारे त	1	exact-normalized-lyrics	high-local-exact	7f7d8aa2-6b4b-4a0f-bf2e-395eb0fb9e71	1	7f7d8aa2-6b4b-4a0f-bf2e-395eb0fb9e71	Folk Fusion Lok Rang	Haryanvi	ameerpur	Haryanvi Folk	cover-local	lyrics-ready	70	_radio_index/suno_backup/lyrics/2026-03-13_7f7d8aa2_untitled.txt
ut-5c388a97b815e866	तोरी बंसी की तान	1	title-fallback-lyrics-null	low-title-fallback	36dbb97d-2e8b-4a53-bbec-f43d0afa75ad	1	36dbb97d-2e8b-4a53-bbec-f43d0afa75ad	Sanaatana Vedic Frequency	Sanskrit	sanaatana-vaigyaniq	Sanatan & Vedic	cover-local	lyrics-null	0	_radio_index/suno_backup/lyrics/36dbb97d-2e8b-4a53-bbec-f43d0afa75ad.txt
ut-823d763f7c80d8bf	बंसीधर का ताज	1	title-fallback-lyrics-null	low-title-fallback	52095580-5eef-4721-9a8a-1f615159529c	1	52095580-5eef-4721-9a8a-1f615159529c	Bhakti Katha Devotional	Hindi	gurukul	Other / Misc	cover-local	lyrics-null	0	_radio_index/suno_backup/lyrics/52095580-5eef-4721-9a8a-1f615159529c.txt
ut-90c37e6a8080cd0d	भर्गो देवस्य धीमहि	1	exact-normalized-lyrics	high-local-exact	a4e69def-6d0d-4f12-8718-029de266a4a2	1	a4e69def-6d0d-4f12-8718-029de266a4a2	Sanaatana Vedic Frequency	Sanskrit	sanaatana-vaigyaniq	Sanatan & Vedic	cover-local	lyrics-ready	73	_radio_index/suno_backup/lyrics/2026-03-11_a4e69def_untitled.txt
ut-3fd908f4091a73da	मने मेरे देश	1	exact-normalized-lyrics	high-local-exact	0bf24918-dcf5-4396-9eff-75fff2af6946	1	0bf24918-dcf5-4396-9eff-75fff2af6946	Folk Fusion Lok Rang	Haryanvi	ameerpur	Haryanvi Folk	cover-local	lyrics-ready	71	_radio_index/suno_backup/lyrics/2026-03-15_0bf24918_untitled.txt
ut-9c5188858d454fd0	लाश हटाता	1	title-fallback-lyrics-null	low-title-fallback	d6049185-a418-4c6a-a1d9-fcc801c751b9	1	d6049185-a418-4c6a-a1d9-fcc801c751b9	Desh Veer Patriotic	Hindi	ameerpur	Desh / Patriotic	cover-local	lyrics-null	0	_radio_index/suno_backup/lyrics/2026-04-21_d6049185__धून रे-साधो_.txt
